SET FOREIGN_KEY_CHECKS = 0;
INSERT INTO triage (level, symptoms) VALUES ('1', 'Πολύ σαν ανεπιθύμητη καταλάθος τις. Δίνοντας τεκμηριώνει συγγραφής. Νέων ανά γνωρίζουμε ημέρα.
Ναι μέσης εντολές μιας τύπους. Εξαρτάται δε τρόποι ζητήσεις τις ξέχασε.');
INSERT INTO patient (AMKA, first_name, middle_name, last_name, date_of_birth, sex, weight, height, street_name, street_number, postal_code, area, municipality, prefecture,  profession, citizenship, triage_id) VALUES ('1703814909','Κυπριανή','Ουρανία','Σιώρης','1981-03-17','female','139.75','188.7','Φουρνής','112','29812','Ηράκλειο','Καλαμάτα','Ρέθυμνο','Χαράκτης','Φίτζι','None');
INSERT INTO patient_email (AMKA, phone_number) VALUES ('1703814909', 'miranta.simitopoulou@example.com');
INSERT INTO patient_phone (AMKA, phone_number) VALUES ('1703814909', '6994 836882');
INSERT INTO triage (level, symptoms) VALUES ('2', 'Πετάνε δεδομένων όχι έτσι.
Χρησιμοποίησέ κλπ δημιουργια ένας με.');
INSERT INTO patient (AMKA, first_name, middle_name, last_name, date_of_birth, sex, weight, height, street_name, street_number, postal_code, area, municipality, prefecture,  profession, citizenship, triage_id) VALUES ('1609632859','Κερασιά',NULL,'Θεοχάρης','1963-09-16','other','86.56','166.22','Λεωφ. Θολαρίων','159','ΤΚ 05761','Έδεσσα','Θεσσαλονίκη','Αττική','Ιατροδικαστής','Κροατία','None');
INSERT INTO patient_email (AMKA, phone_number) VALUES ('1609632859', 'kyriazis.annika@example.org');
INSERT INTO patient_phone (AMKA, phone_number) VALUES ('1609632859', '210 650 3204');
INSERT INTO triage (level, symptoms) VALUES ('3', 'Δύο γράψει πηγαίου ορίστε πολύ. Ανακλύψεις τύπου πάντως επενδυτής ερώτηση. Ίδιο περιεχόμενα έξι της εταιρείες όχι άρα.');
INSERT INTO patient (AMKA, first_name, middle_name, last_name, date_of_birth, sex, weight, height, street_name, street_number, postal_code, area, municipality, prefecture,  profession, citizenship, triage_id) VALUES ('0612644359','Θεόπιστος',NULL,'Κωστάκης','1964-12-06','other','72.21','121.44','Συρρίζου','77','76169','Καλαμάτα','Λευκάδα','Λευκάδα','Φαρμακοποιός','Νήσος των Χριστουγέννων','None');
INSERT INTO patient_email (AMKA, phone_number) VALUES ('0612644359', 'ztantou@example.net');
INSERT INTO patient_email (AMKA, phone_number) VALUES ('0612644359', 'eusevia87@example.com');
INSERT INTO patient_phone (AMKA, phone_number) VALUES ('0612644359', '2251086931');
INSERT INTO patient_phone (AMKA, phone_number) VALUES ('0612644359', '20760 71 546');
INSERT INTO triage (level, symptoms) VALUES ('3', 'Εργαλείων εδώ έξι μετρήσεις κρατήσουν επί. Τα επί δίνοντας παράγοντες στο βιαστικά εκτός.
Χάος άλγεβρα ανεπιθύμητη καταλάθος. Τον εσωτερικών ίδιο διορθώσεις τρόπο συγχωνευτεί.');
INSERT INTO patient (AMKA, first_name, middle_name, last_name, date_of_birth, sex, weight, height, street_name, street_number, postal_code, area, municipality, prefecture,  profession, citizenship, triage_id) VALUES ('0212095782','Ερμιόνη',NULL,'Μητσόπουλος','2009-12-02','female','96.2','98.08','Χριστού','135','ΤΚ 609 38','Άμφισσα','Ηγουμενίτσα','Ηράκλειο','Τεχνικός Εφαρμογών Πληροφορικής, Δικτύων και Αυτοματισμού Γραφείου','Μπαχάμες','None');
INSERT INTO patient_email (AMKA, phone_number) VALUES ('0212095782', 'xmarkopoulos@example.com');
INSERT INTO patient_phone (AMKA, phone_number) VALUES ('0212095782', '(+30) 6921 935688');
INSERT INTO triage (level, symptoms) VALUES ('5', 'Προσπαθήσεις έξι όταν πετούν εγώ. Εκτελέσεις για ποσοστό μέχρι παραδώσεις.
Εκτός άπειρα έξι ανταγωνιστής κώδικα. Τρόπο στα φαινόμενο. Έξι εκτελέσει περιβάλλον κύκλο έξι.');
INSERT INTO patient (AMKA, first_name, middle_name, last_name, date_of_birth, sex, weight, height, street_name, street_number, postal_code, area, municipality, prefecture,  profession, citizenship, triage_id) VALUES ('2509748797','Τριαντάφυλλος',NULL,'Λάλας','1974-09-25','male','74.47','159.44','Ήπιον','67','108 69','Χίος','Ξάνθη','Δωδεκάνησσος','Στέλεχος Μικρομεσαίων Επιχειρήσεων','Γκάμπια','None');
INSERT INTO patient_email (AMKA, phone_number) VALUES ('2509748797', 'zloupasakis@example.net');
INSERT INTO patient_phone (AMKA, phone_number) VALUES ('2509748797', '26480 52 739');
INSERT INTO patient_phone (AMKA, phone_number) VALUES ('2509748797', '210 1163857');
INSERT INTO triage (level, symptoms) VALUES ('3', 'Μας χαρτιού ερωτήσεις υποψήφιο πλέον αποφάσισε διακόψουμε υποψήφιο. Εκθέσεις και δεν χειρότερα. Πιο επιστρέφουν δημιουργείς. Τοπικές χρονοδιαγράμματος δε πάντα και σπίτι.');
INSERT INTO patient (AMKA, first_name, middle_name, last_name, date_of_birth, sex, weight, height, street_name, street_number, postal_code, area, municipality, prefecture,  profession, citizenship, triage_id) VALUES ('1706611869','Σωφρονία',NULL,'Δάρας','1961-06-17','female','135.0','165.9','Ριζοσπηλιάς','128','394 80','Χανιά','Πολύγυρος','Σάμος','Λογοθεραπευτής','Παλάου','None');
INSERT INTO patient_email (AMKA, phone_number) VALUES ('1706611869', 'qmichalakis@example.org');
INSERT INTO patient_email (AMKA, phone_number) VALUES ('1706611869', 'karagrigoriou.filio@example.com');
INSERT INTO patient_phone (AMKA, phone_number) VALUES ('1706611869', '+302507113608');
INSERT INTO patient_phone (AMKA, phone_number) VALUES ('1706611869', '(+30) 2592 486397');
INSERT INTO triage (level, symptoms) VALUES ('5', 'Προγραμματιστής του τρόπο ανά και εγώ κανόνα. Διακοπής χαρτιού βιαστικά πως.
Μην όσο διάσημα πολύ μερικούς. Ερώτηση ένα μην ειδικά ορίστε συγχρόνως πλέον.');
INSERT INTO patient (AMKA, first_name, middle_name, last_name, date_of_birth, sex, weight, height, street_name, street_number, postal_code, area, municipality, prefecture,  profession, citizenship, triage_id) VALUES ('2505553346','Γκόλφω',NULL,'Ξηρίδου','1955-05-25','male','113.02','58.22','Λογγάς','11','467 52','Κοζάνη','Χίος','Λακωνία','Τεχνίτης Ψηφιδωτών','Νήσος Μπουβέ','None');
INSERT INTO patient_email (AMKA, phone_number) VALUES ('2505553346', 'blaggousis@example.net');
INSERT INTO patient_email (AMKA, phone_number) VALUES ('2505553346', 'styliani69@example.org');
INSERT INTO patient_phone (AMKA, phone_number) VALUES ('2505553346', '2108121131');
INSERT INTO patient_phone (AMKA, phone_number) VALUES ('2505553346', '6973979678');
INSERT INTO triage (level, symptoms) VALUES ('5', 'Ζητήσεις που αθόρυβες. Αποθηκευτικού στη από μη στις.
Ας διευθυντές διακοπή μια σημαντικός τέλειοι αποφάσισε. Δείξει περιεχόμενα τη.
Όσο που διευθυντές στα. Αν κόλπα μιας τρόποι περίπου δεδομένων.');
INSERT INTO patient (AMKA, first_name, middle_name, last_name, date_of_birth, sex, weight, height, street_name, street_number, postal_code, area, municipality, prefecture,  profession, citizenship, triage_id) VALUES ('2410673544','Φεβρωνία','Τριανταφυλλιά','Κίτσου','1967-10-24','other','82.95','199.31','Καλαμάρα','178','04465','Σάμος','Ζάκυνθος','Λάρισσα','Νοσοκόμος-Νοσηλευτής','Μοζαμβίκη','None');
INSERT INTO patient_email (AMKA, phone_number) VALUES ('2410673544', 'dagli.despoina@example.net');
INSERT INTO patient_email (AMKA, phone_number) VALUES ('2410673544', 'faidon45@example.org');
INSERT INTO patient_phone (AMKA, phone_number) VALUES ('2410673544', '+306978489638');
INSERT INTO patient_phone (AMKA, phone_number) VALUES ('2410673544', '(+30) 6912 412819');
INSERT INTO patient_phone (AMKA, phone_number) VALUES ('2410673544', '+30 6917 555711');
INSERT INTO triage (level, symptoms) VALUES ('5', 'Νέου μα σπίτι παράγοντες διακόψουμε στις. Έτσι δουλεύει με διακοπή σαν. Τα διορθώσει να έχω.');
INSERT INTO patient (AMKA, first_name, middle_name, last_name, date_of_birth, sex, weight, height, street_name, street_number, postal_code, area, municipality, prefecture,  profession, citizenship, triage_id) VALUES ('3101440338','Κυδωνία',NULL,'Κυρίτσης','1944-01-31','other','132.15','99.39','Πλ. Βριλησσίων','136','158 90','Τρίκαλα','Καρδίτσα','Χαλκιδική','Καθηγητής Τριτοβάθμιας Εκπαίδευσης','Τζέρσεϊ','None');
INSERT INTO patient_email (AMKA, phone_number) VALUES ('3101440338', 'synodinou.thalassini@example.net');
INSERT INTO patient_email (AMKA, phone_number) VALUES ('3101440338', 'kleoniki64@example.net');
INSERT INTO patient_phone (AMKA, phone_number) VALUES ('3101440338', '+30 2831 564020');
INSERT INTO triage (level, symptoms) VALUES ('5', 'Περιβάλλοντος γειτονιάς συνέχεια ίδιο. Φακέλους τι και βάζοντας εργάστηκε φίλος.
Ωραίο θυμάμαι πήρε βασανίζουν χαρτιού. Δημιουργήσεις πιο συγγραφείς.');
INSERT INTO patient (AMKA, first_name, middle_name, last_name, date_of_birth, sex, weight, height, street_name, street_number, postal_code, area, municipality, prefecture,  profession, citizenship, triage_id) VALUES ('0801923822','Θεόπιστος',NULL,'Βραδή','1992-01-08','female','82.99','132.69','Βαζούρα','172','67896','Λαμία','Άρτα','Ξάνθη','Διοικητικό και Οικονομικό Στέλεχος Επιχειρήσεων','Τζιμπουτί','None');
INSERT INTO patient_email (AMKA, phone_number) VALUES ('0801923822', 'antonia.vairamidou@example.net');
INSERT INTO patient_phone (AMKA, phone_number) VALUES ('0801923822', '2210 934669');
INSERT INTO patient_phone (AMKA, phone_number) VALUES ('0801923822', '2104596656');
INSERT INTO triage (level, symptoms) VALUES ('4', 'Σκεφτείς ταξινομεί στο τον αντιλήφθηκαν κανείς διορθώσει. Μέγιστη περίπου εδώ της διακόψουμε πλέον ατόμου. Συγγραφής το λοιπόν εργαλείων εγώ σας ρωτήσει έχω.');
INSERT INTO patient (AMKA, first_name, middle_name, last_name, date_of_birth, sex, weight, height, street_name, street_number, postal_code, area, municipality, prefecture,  profession, citizenship, triage_id) VALUES ('1210109993','Θεοφύλακτος',NULL,'Κιούσης','2010-10-12','other','138.13','113.77','Λουτρακίου Περαχώρας','76','165 49','Κόρινθος','Βέροια','Ημαθία','Βιολόγος','Γαλλική Γουιάνα','None');
INSERT INTO patient_email (AMKA, phone_number) VALUES ('1210109993', 'ioannis13@example.org');
INSERT INTO patient_email (AMKA, phone_number) VALUES ('1210109993', 'zmengk@example.com');
INSERT INTO patient_phone (AMKA, phone_number) VALUES ('1210109993', '(+30) 2584 736334');
INSERT INTO triage (level, symptoms) VALUES ('2', 'Υπηρεσία τρόπο πάντα ήδη πλέον εφαρμογής. Εσωτερικών κι ρωτήσει διορθώσει. Ένα έρθει πιο βρίσκονται ρουτίνα ζητήσεις.');
INSERT INTO patient (AMKA, first_name, middle_name, last_name, date_of_birth, sex, weight, height, street_name, street_number, postal_code, area, municipality, prefecture,  profession, citizenship, triage_id) VALUES ('2402182768','Ευαγγελία','Θέκλα','Λαλαούνη','2018-02-24','female','116.64','84.55','Παπανώτα','154','ΤΚ 60253','Ερμούπολη','Ζάκυνθος','Θεσπρωτία','Σερβιτόρος','Γκαμπόν','None');
INSERT INTO patient_email (AMKA, phone_number) VALUES ('2402182768', 'xanthos.moros@example.org');
INSERT INTO patient_email (AMKA, phone_number) VALUES ('2402182768', 'anastasopoulos.rigoula@example.com');
INSERT INTO patient_phone (AMKA, phone_number) VALUES ('2402182768', '+30 6902 491744');
INSERT INTO patient_phone (AMKA, phone_number) VALUES ('2402182768', '210 579 2222');
INSERT INTO patient_phone (AMKA, phone_number) VALUES ('2402182768', '210 8515376');
INSERT INTO triage (level, symptoms) VALUES ('4', 'Εδώ χρησιμοποιώντας ταξινομεί μου έτοιμος ποια χρονοδιαγράμματα λες. Δύο ατόμου τέλειοι βιβλίο ρωτήσει.');
INSERT INTO patient (AMKA, first_name, middle_name, last_name, date_of_birth, sex, weight, height, street_name, street_number, postal_code, area, municipality, prefecture,  profession, citizenship, triage_id) VALUES ('1504955140','Κρυσταλλένια',NULL,'Βαλεντή','1995-04-15','male','102.45','93.21','Νίκα','118','ΤΚ 63528','Καρπενήσι','Ηράκλειο','Φθιώτιδα','Αρχιτέκτονας','Κύπρος','None');
INSERT INTO patient_email (AMKA, phone_number) VALUES ('1504955140', 'xargyriou@example.com');
INSERT INTO patient_email (AMKA, phone_number) VALUES ('1504955140', 'iasonas.chrysikos@example.org');
INSERT INTO patient_phone (AMKA, phone_number) VALUES ('1504955140', '210 262 3918');
INSERT INTO triage (level, symptoms) VALUES ('3', 'Σωστά διαφήμιση συγχωνευτεί μιας τύπου συγκεντρωμένοι περισσότερη. Παίρνουν κόψεις παίρνει χαμηλός αθόρυβες εγώ.');
INSERT INTO patient (AMKA, first_name, middle_name, last_name, date_of_birth, sex, weight, height, street_name, street_number, postal_code, area, municipality, prefecture,  profession, citizenship, triage_id) VALUES ('1009154376','Τηλεμαχος',NULL,'Σταθάτος','2015-09-10','other','137.33','83.41','Ποτειδαίας','169','466 86','Λαμία','Μεσολόγγι','Άρτα','Επαγγελματίας Δύτης','Μολδαβία','None');
INSERT INTO patient_email (AMKA, phone_number) VALUES ('1009154376', 'garyfalidis.kyprianos@example.com');
INSERT INTO patient_phone (AMKA, phone_number) VALUES ('1009154376', '(+30) 2058 900009');
INSERT INTO triage (level, symptoms) VALUES ('5', 'Απαράδεκτη σημεία και ύψος. Χρονοδιαγράμματα άπειρα άπειρα πάρεις μα λετπά.');
INSERT INTO patient (AMKA, first_name, middle_name, last_name, date_of_birth, sex, weight, height, street_name, street_number, postal_code, area, municipality, prefecture,  profession, citizenship, triage_id) VALUES ('1103995776','Αφροδίτη','Ρεβέκκα','Μωραΐτη','1999-03-11','other','143.05','54.66','Γαλήνης','160','92789','Αργοστόλι','Λάρισα','Φθιώτιδα','Κρεοπώλης','Αμερικανικές Παρθένοι Νήσοι','None');
INSERT INTO patient_email (AMKA, phone_number) VALUES ('1103995776', 'argyriou.leoni@example.net');
INSERT INTO patient_email (AMKA, phone_number) VALUES ('1103995776', 'pitsakis.kallinikos@example.net');
INSERT INTO patient_phone (AMKA, phone_number) VALUES ('1103995776', '(+30) 6963 081901');
INSERT INTO triage (level, symptoms) VALUES ('1', 'Και εφαρμογή θα πρόσληψη διάβασε έξι. Υπηρεσία έρθει οι.
Συγχρόνως χρόνου προκύπτουν. Υψηλότερη αποστηθίσει άλγεβρα αλγόριθμου. Δύο βασανίζουν εξακολουθεί από κάτι επιδιόρθωση.');
INSERT INTO patient (AMKA, first_name, middle_name, last_name, date_of_birth, sex, weight, height, street_name, street_number, postal_code, area, municipality, prefecture,  profession, citizenship, triage_id) VALUES ('1808186191','Ευσεβεία','Λασκαρίνα','Βολικάκης','2018-08-18','other','85.42','130.32','Μανιτάρου','125','ΤΚ 18592','Λευκάδα','Πρέβεζα','Αιτωλία & Ακαρνανία','Σχολικός Σύμβουλος','Αργεντινή','None');
INSERT INTO patient_email (AMKA, phone_number) VALUES ('1808186191', 'chatziaras.amvrosia@example.org');
INSERT INTO patient_email (AMKA, phone_number) VALUES ('1808186191', 'mauridou.aretha@example.org');
INSERT INTO patient_phone (AMKA, phone_number) VALUES ('1808186191', '2104309659');
INSERT INTO triage (level, symptoms) VALUES ('1', 'Παραδώσεις απαράδεκτη έτσι δουλεύει νέου χάος. Τι μηχανής φίλος αρχεία στη υποψήφιο εκτός άπειρα.');
INSERT INTO patient (AMKA, first_name, middle_name, last_name, date_of_birth, sex, weight, height, street_name, street_number, postal_code, area, municipality, prefecture,  profession, citizenship, triage_id) VALUES ('0701072543','Βαλεντίνος',NULL,'Ταχτσίδης','2007-01-07','female','88.81','168.71','Πλ. Παλαιομανίνας','86','ΤΚ 44316','Λάρισα','Μεσολόγγι','Τρίκαλα','Τεχνικός Μηχανών Θαλάσσης και Αναψυχής','Σομαλία','None');
INSERT INTO patient_email (AMKA, phone_number) VALUES ('0701072543', 'goupa.thrasyvoulos@example.net');
INSERT INTO patient_phone (AMKA, phone_number) VALUES ('0701072543', '+306995867950');
INSERT INTO patient_phone (AMKA, phone_number) VALUES ('0701072543', '6973 845 875');
INSERT INTO patient_phone (AMKA, phone_number) VALUES ('0701072543', '2108417370');
INSERT INTO triage (level, symptoms) VALUES ('5', 'Μη έτσι συγγραφής διευθυντές έξι παραδώσεις ώρα. Των μιας μετρήσεις πάντα διολισθήσεις.
Ερώτηση στο ορίστε απόλαυσε των όχι σας μάτσο. Επεξεργασία προσθέσει αποκλειστικούς κι εσωτερικών ώρα πολύ.');
INSERT INTO patient (AMKA, first_name, middle_name, last_name, date_of_birth, sex, weight, height, street_name, street_number, postal_code, area, municipality, prefecture,  profession, citizenship, triage_id) VALUES ('2204876446','Υβόννη',NULL,'Ευταξιάς','1987-04-22','other','105.42','149.92','Τσούρα','45','076 18','Αγ. Νικόλαος','Μεσολόγγι','Ζάκυνθος','Μακιγιέρ/Μακιγιέζ','Αυστρία','None');
INSERT INTO patient_email (AMKA, phone_number) VALUES ('2204876446', 'gskaftourou@example.com');
INSERT INTO patient_phone (AMKA, phone_number) VALUES ('2204876446', '2103305751');
INSERT INTO patient_phone (AMKA, phone_number) VALUES ('2204876446', '210 516 6851');
INSERT INTO triage (level, symptoms) VALUES ('1', 'Έξι σωστά έτσι των ότι χρησιμοποίησέ. Αλγόριθμου κώδικα εξοργιστικά μαγικά διακοπής.');
INSERT INTO patient (AMKA, first_name, middle_name, last_name, date_of_birth, sex, weight, height, street_name, street_number, postal_code, area, municipality, prefecture,  profession, citizenship, triage_id) VALUES ('2911041246','Λευκοθέα',NULL,'Σκαφτούρου','2004-11-29','other','117.49','70.28','Πλατεία Σπετσών','60','ΤΚ 93882','Αγ. Νικόλαος','Κιλκίς','Ρέθυμνο','Βιβλιοθηκονόμος','Σάο Τομέ και Πρίνσιπε','None');
INSERT INTO patient_email (AMKA, phone_number) VALUES ('2911041246', 'lazaros.makariadis@example.org');
INSERT INTO patient_phone (AMKA, phone_number) VALUES ('2911041246', '210 0167790');
INSERT INTO patient_phone (AMKA, phone_number) VALUES ('2911041246', '6949312875');
INSERT INTO triage (level, symptoms) VALUES ('5', 'Δημιουργια διάβασε χρησιμοποιούσες σίγουρος. Στις επενδυτής ξέχασε. Για σχεδιαστής συνεντεύξεις πλέον το πλέον διακόψουμε.');
INSERT INTO patient (AMKA, first_name, middle_name, last_name, date_of_birth, sex, weight, height, street_name, street_number, postal_code, area, municipality, prefecture,  profession, citizenship, triage_id) VALUES ('1107444458','Ευτέρπη',NULL,'Τσέας','1944-07-11','female','75.14','95.15','Βελεσιωτών','79','597 28','Ζάκυνθος','Μυτιλήνη','Έβρος','Μηχανικός Χωροταξίας και Περιφερειακής Ανάπτυξης','Βατικανό','None');
INSERT INTO patient_email (AMKA, phone_number) VALUES ('1107444458', 'zskarlatos@example.net');
INSERT INTO patient_phone (AMKA, phone_number) VALUES ('1107444458', '(+30) 6990 870817');
INSERT INTO triage (level, symptoms) VALUES ('2', 'Κοιτάζοντας δημιουργήσεις ειδικά οι γραμμές άρα χώρου. Μεταφραστής ποια μαγικά.');
INSERT INTO patient (AMKA, first_name, middle_name, last_name, date_of_birth, sex, weight, height, street_name, street_number, postal_code, area, municipality, prefecture,  profession, citizenship, triage_id) VALUES ('1704552076','Ναθαναήλ',NULL,'Γεωργούλα','1955-04-17','other','79.5','90.58','Μικρού Βουνού','145','ΤΚ 050 54','Βόλος','Βόλος','Ρέθυμνο','Υπαξιωματικός Ενόπλων Δυνάμεων','Χιλή','None');
INSERT INTO patient_email (AMKA, phone_number) VALUES ('1704552076', 'kalliroi.tsetou@example.org');
INSERT INTO patient_email (AMKA, phone_number) VALUES ('1704552076', 'aspalas@example.net');
INSERT INTO patient_phone (AMKA, phone_number) VALUES ('1704552076', '+30 2609 007421');
INSERT INTO triage (level, symptoms) VALUES ('2', 'Κάτι του διαχειριστής μάτσο μάθε. Ρουτίνα απόλαυσε χρησιμοποιώντας ο. Προϊόντα προβληματική σκεφτείς θέματα διακόψουμε για.');
INSERT INTO patient (AMKA, first_name, middle_name, last_name, date_of_birth, sex, weight, height, street_name, street_number, postal_code, area, municipality, prefecture,  profession, citizenship, triage_id) VALUES ('0811089321','Ευάγγελος',NULL,'Καλιάμπος','2008-11-08','female','141.7','151.08','Πλατεία Παλαιοπόλεως','44','07591','Μυτιλήνη','Άρτα','Άρτα','Αρχειοθέτης','Νέα Καληδονία','None');
INSERT INTO patient_email (AMKA, phone_number) VALUES ('0811089321', 'andriotis.odysseia@example.net');
INSERT INTO patient_email (AMKA, phone_number) VALUES ('0811089321', 'gkikopoulos.georgios@example.com');
INSERT INTO patient_phone (AMKA, phone_number) VALUES ('0811089321', '+30 6955 594793');
INSERT INTO triage (level, symptoms) VALUES ('5', 'Εκδόσεις ανακλύψεις τα εκτός διάβασε οι. Χειρότερα συγγραφείς τρόπο μου ρουτίνα αγοράζοντας.');
INSERT INTO patient (AMKA, first_name, middle_name, last_name, date_of_birth, sex, weight, height, street_name, street_number, postal_code, area, municipality, prefecture,  profession, citizenship, triage_id) VALUES ('0612764664','Ίκαρος',NULL,'Φυδάνης','1976-12-06','other','51.75','54.47','Πλ. Σταθά','108','ΤΚ 08841','Χανιά','Καρπενήσι','Τρίκαλα','Ειδικός Γεωγραφικών Πληροφοριακών Συστημάτων','Λουξεμβούργο','None');
INSERT INTO patient_email (AMKA, phone_number) VALUES ('0612764664', 'zlolos@example.net');
INSERT INTO patient_email (AMKA, phone_number) VALUES ('0612764664', 'polyniki.mponeli@example.org');
INSERT INTO patient_phone (AMKA, phone_number) VALUES ('0612764664', '+30 2050 542369');
INSERT INTO patient_phone (AMKA, phone_number) VALUES ('0612764664', '2050 897811');
INSERT INTO patient_phone (AMKA, phone_number) VALUES ('0612764664', '6961 852 909');
INSERT INTO triage (level, symptoms) VALUES ('1', 'Πιο αποφάσισε απαρατήρητο. Σε τα ανώδυνη δείξει στο ο. Απίστευτα βρίσκονται θα μου εργαλείων.
Έξι περιβάλλον εργοστασίου αντιλήφθηκαν προγραμματιστής ποια πάρεις. Μα από του.');
INSERT INTO patient (AMKA, first_name, middle_name, last_name, date_of_birth, sex, weight, height, street_name, street_number, postal_code, area, municipality, prefecture,  profession, citizenship, triage_id) VALUES ('1802734541','Τριαντάφυλλη',NULL,'Μπύρου','1973-02-18','female','108.09','83.99','Πευκοφύτου','134','ΤΚ 15347','Καστοριά','Λάρισα','Αρκαδία','Βοτανολόγος','Άγιος Πέτρος και Μικελόν','None');
INSERT INTO patient_email (AMKA, phone_number) VALUES ('1802734541', 'ogkoni@example.net');
INSERT INTO patient_phone (AMKA, phone_number) VALUES ('1802734541', '6973052121');
INSERT INTO patient_phone (AMKA, phone_number) VALUES ('1802734541', '+306976621655');
INSERT INTO patient_phone (AMKA, phone_number) VALUES ('1802734541', '2200 664 349');
INSERT INTO triage (level, symptoms) VALUES ('2', 'Βασανίζουν πεδία εργαζόμενων ήδη διορθώσεις κόψεις σίγουρος μου. Μέρος ίδιο ας τι που. Νέου ανεπιθύμητη ανταγωνιστής άλγεβρα εκτός μάλλον.
Αναφέρονται σου νέου φίλος μου νόμιζες.');
INSERT INTO patient (AMKA, first_name, middle_name, last_name, date_of_birth, sex, weight, height, street_name, street_number, postal_code, area, municipality, prefecture,  profession, citizenship, triage_id) VALUES ('0206170658','Θεοφύλακτη',NULL,'Κωνσταντινίδης','2017-06-02','male','147.42','155.04','Ποντικατών','79','03990','Πύργος','Λιβαδιά','Κεφαλληνία','Βοηθός Ιατρικών και Βιολογικών Εργαστηρίων, Βιοχημικού και Μικροβιολογικού Εργαστηρίου','Παραγουάη','None');
INSERT INTO patient_email (AMKA, phone_number) VALUES ('0206170658', 'sypsa.agathaggelos@example.net');
INSERT INTO patient_phone (AMKA, phone_number) VALUES ('0206170658', '6948 048184');
INSERT INTO patient_phone (AMKA, phone_number) VALUES ('0206170658', '+30 2910 512807');
INSERT INTO patient_phone (AMKA, phone_number) VALUES ('0206170658', '210 0891251');
INSERT INTO triage (level, symptoms) VALUES ('5', 'Φράση στη τη χρειάζονται δεδομένων εργαλείων γνωστή σωστά. Μια ελέγχου των ανεπιθύμητη στο προκαλείς. Μου εγώ τεκμηριώνει αν πάντα.');
INSERT INTO patient (AMKA, first_name, middle_name, last_name, date_of_birth, sex, weight, height, street_name, street_number, postal_code, area, municipality, prefecture,  profession, citizenship, triage_id) VALUES ('0106711218','Αίας','Λεωνιδιά','Αρσενάκη','1971-06-01','other','86.81','73.69','Αφετών','21','ΤΚ 164 28','Κοζάνη','Πολύγυρος','Ρέθυμνο','Βοηθός Αρτοποιίας – Ζαχαροπλαστικής','Μαλδίβες','None');
INSERT INTO patient_email (AMKA, phone_number) VALUES ('0106711218', 'tzikas.loukianos@example.com');
INSERT INTO patient_phone (AMKA, phone_number) VALUES ('0106711218', '(+30) 6910 173957');
INSERT INTO patient_phone (AMKA, phone_number) VALUES ('0106711218', '+302095359516');
INSERT INTO patient_phone (AMKA, phone_number) VALUES ('0106711218', '6929 968797');
INSERT INTO triage (level, symptoms) VALUES ('4', 'Πλέον μη όχι κάτι σχεδιαστής χρόνου κάτι μεταγλωτιστής. Άρα μηχανής συγχωνευτεί χρησιμοποιώντας απίστευτα.
Διακόψουμε σας ανταγωνιστής. Μαγικά μην πιο αποθηκευτικού μιας.');
INSERT INTO patient (AMKA, first_name, middle_name, last_name, date_of_birth, sex, weight, height, street_name, street_number, postal_code, area, municipality, prefecture,  profession, citizenship, triage_id) VALUES ('2001046629','Βαλεντίνα',NULL,'Αετόπουλος','2004-01-20','other','87.2','84.86','Στεφανοβικείου','2','ΤΚ 638 84','Αλεξανδρούπολη','Κοζάνη','Καρδίτσα','Κλόουν - Γελοτοποιός','Ταϊλάνδη','None');
INSERT INTO patient_email (AMKA, phone_number) VALUES ('2001046629', 'vlianou@example.net');
INSERT INTO patient_phone (AMKA, phone_number) VALUES ('2001046629', '2514027676');
INSERT INTO patient_phone (AMKA, phone_number) VALUES ('2001046629', '6979017400');
INSERT INTO patient_phone (AMKA, phone_number) VALUES ('2001046629', '2630108912');
INSERT INTO triage (level, symptoms) VALUES ('1', 'Προγραμματιστής σπίτι χαρακτηριστικών αποθηκευτικού θέμα γεύματος κανόνα έχω. Τεκμηριώνει παραγωγικής διασφαλίζεται μέχρι τύπους. Όχι μετρήσεις διάσημα προγραμματιστές. Χάος άρα ειδικά.');
INSERT INTO patient (AMKA, first_name, middle_name, last_name, date_of_birth, sex, weight, height, street_name, street_number, postal_code, area, municipality, prefecture,  profession, citizenship, triage_id) VALUES ('3107147639','Κυράτσα','Θεόδωρος','Λιούτας','2014-07-31','other','62.42','182.11','Αθανασιάδου','129','ΤΚ 597 80','Ερμούπολη','Αθήνα','Αττική','Βοηθός Αναισθησιολόγου','Νέα Ζηλανδία','None');
INSERT INTO patient_email (AMKA, phone_number) VALUES ('3107147639', 'vagiani.iseris@example.net');
INSERT INTO patient_phone (AMKA, phone_number) VALUES ('3107147639', '2610 658 220');
INSERT INTO patient_phone (AMKA, phone_number) VALUES ('3107147639', '(+30) 6984 183617');
INSERT INTO triage (level, symptoms) VALUES ('3', 'Μας δυστυχώς τοπικές προγραμματιστής διορθώσεις. Δωροδοκηθούν έτσι χώρου επιδιορθώσεις. Επί ένα πάντως συγγραφής στο παραδώσεις.');
INSERT INTO patient (AMKA, first_name, middle_name, last_name, date_of_birth, sex, weight, height, street_name, street_number, postal_code, area, municipality, prefecture,  profession, citizenship, triage_id) VALUES ('2811691465','Βαρσάμος',NULL,'Πουλιάση','1969-11-28','female','100.61','141.77','Κομηλίου','149','189 23','Καρπενήσι','Λευκάδα','Λέσβος','Λατόμος','Αρμενία','None');
INSERT INTO patient_email (AMKA, phone_number) VALUES ('2811691465', 'lekka.vasiliki@example.net');
INSERT INTO patient_phone (AMKA, phone_number) VALUES ('2811691465', '(+30) 2387 818172');
INSERT INTO patient_phone (AMKA, phone_number) VALUES ('2811691465', '210 736 3747');
INSERT INTO patient_phone (AMKA, phone_number) VALUES ('2811691465', '210 211 9782');
INSERT INTO triage (level, symptoms) VALUES ('1', 'Ναι εντολές πλέον πιο βρίσκονται πάντως θα. Απίστευτα ήδη ένα διακόψουμε οι.
Θέλεις δημιουργείς σκεφτείς μέγιστη πως. Κάτι επιστρέφουν περισσότερες ώρα μάθε.');
INSERT INTO patient (AMKA, first_name, middle_name, last_name, date_of_birth, sex, weight, height, street_name, street_number, postal_code, area, municipality, prefecture,  profession, citizenship, triage_id) VALUES ('1801670681','Ευθυμία',NULL,'Θεοδωρικάκος','1967-01-18','male','89.0','104.67','Μέλανι','39','ΤΚ 002 59','Βόλος','Ρόδος','Λέσβος','Τεχνολόγος Ακτινολογίας Ακτινοθεραπείας','Ναμίμπια','None');
INSERT INTO patient_email (AMKA, phone_number) VALUES ('1801670681', 'rallis47@example.org');
INSERT INTO patient_email (AMKA, phone_number) VALUES ('1801670681', 'ztsopanidis@example.net');
INSERT INTO patient_phone (AMKA, phone_number) VALUES ('1801670681', '2020 507 927');
INSERT INTO triage (level, symptoms) VALUES ('1', 'Παίξουν έτσι κάτι γνωστή ημέρα από μηχανής. Ζητήσεις τρέξει για κάνεις τύπου.
Μαγικά που μπορούσες εγώ. Περισσότερες δύο μην την εφαρμογή. Έλεγχος χαρτιού πλέον για.');
INSERT INTO patient (AMKA, first_name, middle_name, last_name, date_of_birth, sex, weight, height, street_name, street_number, postal_code, area, municipality, prefecture,  profession, citizenship, triage_id) VALUES ('2106170171','Μένανδρος',NULL,'Χατζημιχαήλ','2017-06-21','male','147.27','74.6','Χριστοπούλου','114','005 91','Σπάρτη','Μεσολόγγι','Βοιωτία','Σφουγγαράς','Αϊτή','None');
INSERT INTO patient_email (AMKA, phone_number) VALUES ('2106170171', 'stauroula.zygouri@example.com');
INSERT INTO patient_phone (AMKA, phone_number) VALUES ('2106170171', '+30 2336 705609');
INSERT INTO patient_phone (AMKA, phone_number) VALUES ('2106170171', '6969 603 738');
INSERT INTO patient_phone (AMKA, phone_number) VALUES ('2106170171', '(+30) 2210 411673');
INSERT INTO triage (level, symptoms) VALUES ('3', 'Μάθε δείξει μέχρι ωραίο συνέχεια τον λαμβάνουν ρωτήσει. Λίγο θέμα εγώ θυμάμαι πολύ.');
INSERT INTO patient (AMKA, first_name, middle_name, last_name, date_of_birth, sex, weight, height, street_name, street_number, postal_code, area, municipality, prefecture,  profession, citizenship, triage_id) VALUES ('1507604965','Κορνήλιος',NULL,'Σαρρός','1960-07-15','other','114.42','97.36','Ηρακλείου','116','19770','Τρίπολη','Αργοστόλι','Ηλεία','Αθλητικός Δημοσιογράφος – Ρεπόρτερ','Κούβα','None');
INSERT INTO patient_email (AMKA, phone_number) VALUES ('1507604965', 'zacharoula.kaffe@example.org');
INSERT INTO patient_email (AMKA, phone_number) VALUES ('1507604965', 'triseugeni.afroudakis@example.net');
INSERT INTO patient_phone (AMKA, phone_number) VALUES ('1507604965', '+302628712556');
INSERT INTO patient_phone (AMKA, phone_number) VALUES ('1507604965', '(+30) 2375 745452');
INSERT INTO triage (level, symptoms) VALUES ('2', 'Κανένας προσεκτικά εδώ πως σίγουρος πως διορθώσεις.
Μέχρι έξι φαινόμενο δυστυχώς. Εκδόσεις τέλειοι τι στις ένας. Σπίτι εγώ γραμμές θέλεις στη χρησιμοποιούσες δύο.');
INSERT INTO patient (AMKA, first_name, middle_name, last_name, date_of_birth, sex, weight, height, street_name, street_number, postal_code, area, municipality, prefecture,  profession, citizenship, triage_id) VALUES ('2001065688','Βασιλική',NULL,'Δαυίδ','2006-01-20','male','117.56','73.71','Πλ. Βοριζίων','56','ΤΚ 221 88','Ρόδος','Ρέθυμνο','Άρτα','Κεραμίστας','Κολομβία','None');
INSERT INTO patient_email (AMKA, phone_number) VALUES ('2001065688', 'pythagoras.konstantopoulou@example.com');
INSERT INTO patient_email (AMKA, phone_number) VALUES ('2001065688', 'promitheas63@example.com');
INSERT INTO patient_phone (AMKA, phone_number) VALUES ('2001065688', '+306945970915');
INSERT INTO patient_phone (AMKA, phone_number) VALUES ('2001065688', '2870 466010');
INSERT INTO triage (level, symptoms) VALUES ('5', 'Παραγωγικής ένα αγοράζοντας έστειλε μέρος. Εργαζόμενων κρατήσουν τρόπο λέει ας.
Στις στο γιαυτό μου. Υόρκη έχω ποια εκείνου ερώτηση μάθε.');
INSERT INTO patient (AMKA, first_name, middle_name, last_name, date_of_birth, sex, weight, height, street_name, street_number, postal_code, area, municipality, prefecture,  profession, citizenship, triage_id) VALUES ('0603535657','Αταλάντη','Φιλιώ','Χριστόπουλος','1953-03-06','female','130.6','117.82','Θηριοπέτρας','127','343 16','Ζάκυνθος','Ερμούπολη','Ιωάννινα','Προπονητής Κολύμβησης','Νιγηρία','None');
INSERT INTO patient_email (AMKA, phone_number) VALUES ('0603535657', 'antonios03@example.net');
INSERT INTO patient_phone (AMKA, phone_number) VALUES ('0603535657', '6909913858');
INSERT INTO patient_phone (AMKA, phone_number) VALUES ('0603535657', '2870 893418');
INSERT INTO patient_phone (AMKA, phone_number) VALUES ('0603535657', '+306905480997');
INSERT INTO triage (level, symptoms) VALUES ('5', 'Μηχανής υπηρεσία ένα θέματα σημαντικός χειρότερα. Έξι διακοπής του χαρακτηριστικών περιβάλλον.');
INSERT INTO patient (AMKA, first_name, middle_name, last_name, date_of_birth, sex, weight, height, street_name, street_number, postal_code, area, municipality, prefecture,  profession, citizenship, triage_id) VALUES ('2506973272','Στέφανος','Λητώ','Μποζίκης','1997-06-25','female','125.77','51.78','Κοκκινοχωρίου','121','883 24','Πύργος','Κιλκίς','Ηράκλειο','Διαδικτυακός Διαφημιστής','Κατάρ','None');
INSERT INTO patient_email (AMKA, phone_number) VALUES ('2506973272', 'qlagogiannis@example.com');
INSERT INTO patient_phone (AMKA, phone_number) VALUES ('2506973272', '210 1509943');
INSERT INTO patient_phone (AMKA, phone_number) VALUES ('2506973272', '+30 2458 500061');
INSERT INTO patient_phone (AMKA, phone_number) VALUES ('2506973272', '25180 69 811');
INSERT INTO triage (level, symptoms) VALUES ('4', 'Μαγικά διολισθήσεις λετπά χαρτιού υόρκη. Ανά ρωτήσει εκτός ερωτήσεις μιας συγχρόνως. Κόψεις τύπους εκτελέσεις διαχειριστής προγραμματιστές.
Θυμάμαι καταλάθος μα δε.');
INSERT INTO patient (AMKA, first_name, middle_name, last_name, date_of_birth, sex, weight, height, street_name, street_number, postal_code, area, municipality, prefecture,  profession, citizenship, triage_id) VALUES ('2604022378','Κρυστάλλης','Δανιήλ','Γκόνη','2002-04-26','other','122.75','86.14','Βεγόρων','170','39013','Ζάκυνθος','Σέρρες','Ευρυτανία','Πολιτικός Συντάκτης','Μονσεράτ','None');
INSERT INTO patient_email (AMKA, phone_number) VALUES ('2604022378', 'rchatzigeorgiou@example.net');
INSERT INTO patient_phone (AMKA, phone_number) VALUES ('2604022378', '6945 436768');
INSERT INTO patient_phone (AMKA, phone_number) VALUES ('2604022378', '6966 978594');
INSERT INTO triage (level, symptoms) VALUES ('3', 'Κειμένων πρόσληψη συνεντεύξεις σπίτι το. Μας πάντα δυστυχής ήδη ποσοστό. Ελέγχου ερώτηση απομόνωση προκύπτουν τα.');
INSERT INTO patient (AMKA, first_name, middle_name, last_name, date_of_birth, sex, weight, height, street_name, street_number, postal_code, area, municipality, prefecture,  profession, citizenship, triage_id) VALUES ('0904970951','Αικατερίνη',NULL,'Βαρθαλίτη','1997-04-09','male','76.91','99.8','Βρυσιών','78','ΤΚ 089 34','Χίος','Βόλος','Ηράκλειο','Σχεδιαστής Πολυμέσων - Ειδικός Πολυμέσων','Νέα Ζηλανδία','None');
INSERT INTO patient_email (AMKA, phone_number) VALUES ('0904970951', 'aggelakos.matthildi@example.com');
INSERT INTO patient_email (AMKA, phone_number) VALUES ('0904970951', 'porichis.theofylaktos@example.com');
INSERT INTO patient_phone (AMKA, phone_number) VALUES ('0904970951', '(+30) 2822 489998');
INSERT INTO patient_phone (AMKA, phone_number) VALUES ('0904970951', '210 989 6005');
INSERT INTO triage (level, symptoms) VALUES ('4', 'Που λες νέο δεν εφαμοργής. Πολύ νέο από αναφέρονται για τρόπο πόρτες. Περισσότερη χρησιμοποιούσες διορθώσει αρέσει.');
INSERT INTO patient (AMKA, first_name, middle_name, last_name, date_of_birth, sex, weight, height, street_name, street_number, postal_code, area, municipality, prefecture,  profession, citizenship, triage_id) VALUES ('1405173380','Παρασκευάς',NULL,'Γιανναρά','2017-05-14','female','128.43','150.06','Παναγίας','22','ΤΚ 964 14','Καρπενήσι','Ρόδος','Αχαΐα','Τεχνικός Διαχείρισης Συστημάτων και Παροχής Υπηρεσιών Intranet - Internet','Κουρακάο','None');
INSERT INTO patient_email (AMKA, phone_number) VALUES ('1405173380', 'varthaliti.vasileios@example.org');
INSERT INTO patient_email (AMKA, phone_number) VALUES ('1405173380', 'virginia18@example.org');
INSERT INTO patient_phone (AMKA, phone_number) VALUES ('1405173380', '+302316885640');
INSERT INTO patient_phone (AMKA, phone_number) VALUES ('1405173380', '+306935971029');
INSERT INTO patient_phone (AMKA, phone_number) VALUES ('1405173380', '+30 6951 090041');
INSERT INTO triage (level, symptoms) VALUES ('2', 'Γράψει έξι συγχρόνως πιο. Αυτός νέο έξι σε μια.
Ειδικά σημαντικό στις τα περίπου προσπαθήσεις χαρακτηριστικών πακέτων.');
INSERT INTO patient (AMKA, first_name, middle_name, last_name, date_of_birth, sex, weight, height, street_name, street_number, postal_code, area, municipality, prefecture,  profession, citizenship, triage_id) VALUES ('0301821156','Λάμπρος',NULL,'Εμμανουήλ','1982-01-03','other','90.26','142.13','Γεωργιάδου','184','55814','Πύργος','Καστοριά','Φθιώτιδα','Μηχανικός Τηλεπικοινωνιών','Γιβραλτάρ','None');
INSERT INTO patient_email (AMKA, phone_number) VALUES ('0301821156', 'tachas.aikaterini@example.net');
INSERT INTO patient_email (AMKA, phone_number) VALUES ('0301821156', 'nikiforos75@example.com');
INSERT INTO patient_phone (AMKA, phone_number) VALUES ('0301821156', '28370 24 191');
INSERT INTO patient_phone (AMKA, phone_number) VALUES ('0301821156', '2770 252882');
INSERT INTO patient_phone (AMKA, phone_number) VALUES ('0301821156', '210 011 7457');
INSERT INTO triage (level, symptoms) VALUES ('3', 'Γραμμής διαχειριστής ναι ναι ωραίο βιαστικά. Λίγο μας γέλασαν σίγουρος σου αναφέρονται. Πως τις δωροδοκηθούν τους πιο εργάστηκε.
Μάθε ανώδυνη εγώ γραφικά διαπιστώνεις στις.');
INSERT INTO patient (AMKA, first_name, middle_name, last_name, date_of_birth, sex, weight, height, street_name, street_number, postal_code, area, municipality, prefecture,  profession, citizenship, triage_id) VALUES ('1403201652','Ναπολέων',NULL,'Χαρπαντίδης','2020-03-14','male','106.63','189.23','Γεωργακοπούλου','198','64985','Βόλος','Χανιά','Κυκλάδες','Βοηθός Λογιστή','Τσεχία','None');
INSERT INTO patient_email (AMKA, phone_number) VALUES ('1403201652', 'kondylia.kitsou@example.com');
INSERT INTO patient_phone (AMKA, phone_number) VALUES ('1403201652', '2992002985');
INSERT INTO patient_phone (AMKA, phone_number) VALUES ('1403201652', '2590 788 609');
INSERT INTO triage (level, symptoms) VALUES ('4', 'Αποφάσισε τους αρχεία σχεδιαστής έρθει μέρος. Σωστά ακούσει τεκμηριώνει πάρα μεταφραστής επί ίδιο.');
INSERT INTO patient (AMKA, first_name, middle_name, last_name, date_of_birth, sex, weight, height, street_name, street_number, postal_code, area, municipality, prefecture,  profession, citizenship, triage_id) VALUES ('1401243556','Ήβη','Ζαφείρης','Παναγιώτου','2024-01-14','other','70.5','81.43','Μπελοκομίτης','184','73968','Λιβαδιά','Κόρινθος','Αρκαδία','Μελισσοκόμος','Αντίγκουα και Μπαρμπούντα','None');
INSERT INTO patient_email (AMKA, phone_number) VALUES ('1401243556', 'aggelis.voukas@example.net');
INSERT INTO patient_email (AMKA, phone_number) VALUES ('1401243556', 'eustathios69@example.net');
INSERT INTO patient_phone (AMKA, phone_number) VALUES ('1401243556', '+30 2176 286899');
INSERT INTO triage (level, symptoms) VALUES ('3', 'Επενδυτής λαμβάνουν λέει δεν. Πρώτο τέλειοι επιχείριση λέει διορθώσεις επί διαφήμιση εργαζόμενοι.
Στήλες κι επιδιορθώσεις. Όταν δε μιας. Μια πηγαίου μάτσο.');
INSERT INTO patient (AMKA, first_name, middle_name, last_name, date_of_birth, sex, weight, height, street_name, street_number, postal_code, area, municipality, prefecture,  profession, citizenship, triage_id) VALUES ('2404488217','Νικολέτα',NULL,'Σιδηρόπουλος','1948-04-24','female','139.73','174.34','Βαμβακοπούλου','179','70332','Ηγουμενίτσα','Καστοριά','Κοζάνη','Τεχνικός Οργάνων Μετρήσεων','Κεντροαφρικανική Δημοκρατία','None');
INSERT INTO patient_email (AMKA, phone_number) VALUES ('2404488217', 'drakon78@example.com');
INSERT INTO patient_phone (AMKA, phone_number) VALUES ('2404488217', '+30 6989 799971');
INSERT INTO patient_phone (AMKA, phone_number) VALUES ('2404488217', '+306951960016');
INSERT INTO triage (level, symptoms) VALUES ('1', 'Λέει των εργοστασίου.
Παραγωγικής μέχρι θέματα απίστευτα γράψει τα την. Βάζοντας απομόνωση δωροδοκηθούν.
Προσπαθούν της που ποσοστό έστελνε. Ποια παραγωγικής έρθει μπουν μέχρι.');
INSERT INTO patient (AMKA, first_name, middle_name, last_name, date_of_birth, sex, weight, height, street_name, street_number, postal_code, area, municipality, prefecture,  profession, citizenship, triage_id) VALUES ('1308628300','Ντανιέλα',NULL,'Ταμπορρίνο','1962-08-13','male','77.05','125.08','Στενού','137','ΤΚ 547 95','Κιλκίς','Πάτρα','Καρδίτσα','Φιλόλογος','Αρμενία','None');
INSERT INTO patient_email (AMKA, phone_number) VALUES ('1308628300', 'kkottas@example.net');
INSERT INTO patient_email (AMKA, phone_number) VALUES ('1308628300', 'agapi.vlachodimou@example.com');
INSERT INTO patient_phone (AMKA, phone_number) VALUES ('1308628300', '210 185 6709');
INSERT INTO patient_phone (AMKA, phone_number) VALUES ('1308628300', '2420 907 958');
INSERT INTO triage (level, symptoms) VALUES ('1', 'Θα λαμβάνουν έτσι πολύ μη. Γράψει αγοράζοντας συνέχεια περισσότερες έρθει. Συνεντεύξεις εργασίας δουλεύει νόμιζες παραδώσεις εκτός. Θα που διαχειριστής αναφορά πρόσληψη.');
INSERT INTO patient (AMKA, first_name, middle_name, last_name, date_of_birth, sex, weight, height, street_name, street_number, postal_code, area, municipality, prefecture,  profession, citizenship, triage_id) VALUES ('0511403032','Παύλος',NULL,'Σεβαστού','1940-11-05','other','142.4','181.41','Πάροδος Καστρίων','76','57800','Ιωάννινα','Κοζάνη','Ηράκλειο','Τεχνίτης Δερμάτινων Ειδών','Άγιος Χριστόφορος και Νέβις','None');
INSERT INTO patient_email (AMKA, phone_number) VALUES ('0511403032', 'sparti.chatzigeorgiou@example.net');
INSERT INTO patient_email (AMKA, phone_number) VALUES ('0511403032', 'kimon01@example.com');
INSERT INTO patient_phone (AMKA, phone_number) VALUES ('0511403032', '6982 528 393');
INSERT INTO patient_phone (AMKA, phone_number) VALUES ('0511403032', '+302690060776');
INSERT INTO patient_phone (AMKA, phone_number) VALUES ('0511403032', '2105813339');
INSERT INTO triage (level, symptoms) VALUES ('2', 'Απόλαυσε γέλασαν μέχρι. Αποφάσισε τους έρθει.
Λοιπόν μιας επιδιόρθωση. Συγγραφείς ας εκτελέσεις μου προβληματική σκεφτείς.');
INSERT INTO patient (AMKA, first_name, middle_name, last_name, date_of_birth, sex, weight, height, street_name, street_number, postal_code, area, municipality, prefecture,  profession, citizenship, triage_id) VALUES ('1012536985','Ρεγγίνα',NULL,'Λυγκούρας','1953-12-10','other','106.04','95.18','Μαγκανάρη','64','ΤΚ 598 21','Κοζάνη','Σάμος','Άρτα','Μουσικολόγος','Αυστραλία','None');
INSERT INTO patient_email (AMKA, phone_number) VALUES ('1012536985', 'nektarios.poulimenos@example.net');
INSERT INTO patient_email (AMKA, phone_number) VALUES ('1012536985', 'magkoufis.charilaos@example.net');
INSERT INTO patient_phone (AMKA, phone_number) VALUES ('1012536985', '+30 2732 354046');
INSERT INTO patient_phone (AMKA, phone_number) VALUES ('1012536985', '2108504491');
INSERT INTO triage (level, symptoms) VALUES ('4', 'Αρχεία μερικούς μεταφραστής.
Μετρήσεις δύο ήδη. Μετράει μπορούσες μπουν μετράει πετάνε.');
INSERT INTO patient (AMKA, first_name, middle_name, last_name, date_of_birth, sex, weight, height, street_name, street_number, postal_code, area, municipality, prefecture,  profession, citizenship, triage_id) VALUES ('1303469632','Αρχιμήδης',NULL,'Δρακάκη','1946-03-13','male','127.11','138.3','Λεωφ. Ερυθρών','123','ΤΚ 49794','Τρίκαλα','Αθήνα','Χαλκιδική','Τηλεφωνητής','Ολλανδικές Αντίλλες','None');
INSERT INTO patient_email (AMKA, phone_number) VALUES ('1303469632', 'nikandros.kolovos@example.org');
INSERT INTO patient_phone (AMKA, phone_number) VALUES ('1303469632', '(+30) 6942 358547');
INSERT INTO patient_phone (AMKA, phone_number) VALUES ('1303469632', '27480 92 465');
INSERT INTO triage (level, symptoms) VALUES ('5', 'Τρόποι υόρκη ας αναφέρονται χρησιμοποίησέ βάζοντας ρουτίνα.
Εγώ όταν επιστρέφουν ιδιαίτερα ας απλό. Πηγαίου συνέχεια παραπάνω ζητήσεις τους χρησιμοποίησέ δυστυχής διοικητικό.');
INSERT INTO patient (AMKA, first_name, middle_name, last_name, date_of_birth, sex, weight, height, street_name, street_number, postal_code, area, municipality, prefecture,  profession, citizenship, triage_id) VALUES ('2406134249','Δαμιανή',NULL,'Συλλίγαρδος','2013-06-24','other','76.78','119.09','Διομηδείας','145','ΤΚ 045 40','Κιλκίς','Κατερίνη','Ρέθυμνο','Λογοτέχνης','Νήσος Μαν','None');
INSERT INTO patient_email (AMKA, phone_number) VALUES ('2406134249', 'loukas.kapounis@example.net');
INSERT INTO patient_email (AMKA, phone_number) VALUES ('2406134249', 'epolyzoakis@example.org');
INSERT INTO patient_phone (AMKA, phone_number) VALUES ('2406134249', '2730 699 931');
INSERT INTO patient_phone (AMKA, phone_number) VALUES ('2406134249', '2030 337 886');
INSERT INTO triage (level, symptoms) VALUES ('1', 'Είχαμε απαραίτητο ροή κι αλγόριθμου κανένας.');
INSERT INTO patient (AMKA, first_name, middle_name, last_name, date_of_birth, sex, weight, height, street_name, street_number, postal_code, area, municipality, prefecture,  profession, citizenship, triage_id) VALUES ('0102786072','Θέτις',NULL,'Περάκης','1978-02-01','female','133.13','60.07','Σολακίου','200','24487','Ζάκυνθος','Άμφισσα','Ευρυτανία','Λιμενεργάτης','Νότιος Γεωργία και οι Νότιοι Σάντουιτς Νήσοι','None');
INSERT INTO patient_email (AMKA, phone_number) VALUES ('0102786072', 'ilepida@example.net');
INSERT INTO patient_phone (AMKA, phone_number) VALUES ('0102786072', '+30 2046 001065');
INSERT INTO patient_phone (AMKA, phone_number) VALUES ('0102786072', '(+30) 6996 261794');
INSERT INTO patient_phone (AMKA, phone_number) VALUES ('0102786072', '27310 60 681');
INSERT INTO triage (level, symptoms) VALUES ('5', 'Όχι συγχρόνως για μας υψηλότερη. Ένας διάβασε άρα μια γέλασαν. Σου προσθέσει ένα λίγο εξαρτάται αφήσεις. Της εκτελέσει στις εργάστηκε κάτι παραδώσεις προσπαθούν ερωτήσεις.');
INSERT INTO patient (AMKA, first_name, middle_name, last_name, date_of_birth, sex, weight, height, street_name, street_number, postal_code, area, municipality, prefecture,  profession, citizenship, triage_id) VALUES ('1812973996','Αθηναγόρας',NULL,'Χαραλαμπίδης','1997-12-18','female','143.93','151.86','Δαυίδ','195','22597','Ερμούπολη','Καρδίτσα','Λακωνία','Χορευτής','Κίνα','None');
INSERT INTO patient_email (AMKA, phone_number) VALUES ('1812973996', 'chalkidou.laskaris@example.com');
INSERT INTO patient_phone (AMKA, phone_number) VALUES ('1812973996', '2801060515');
INSERT INTO patient_phone (AMKA, phone_number) VALUES ('1812973996', '210 2824665');
INSERT INTO triage (level, symptoms) VALUES ('4', 'Ερωτήσεις τις απαραίτητο ως. Βάζοντας τρόπο αποστηθίσει των μπουν μέρος μας βουτήξουν. Δημιουργια ακούσει εξαρτάται κύκλο φίλος. Γραμμή κάνε από αποφάσισε για.');
INSERT INTO patient (AMKA, first_name, middle_name, last_name, date_of_birth, sex, weight, height, street_name, street_number, postal_code, area, municipality, prefecture,  profession, citizenship, triage_id) VALUES ('1012212150','Άγγελος',NULL,'Μαυρομμάτης','2021-12-10','female','68.43','128.72','Μεγάλου Κεφαλοβρύσου','144','55716','Λάρισα','Ερμούπολη','Σέρρες','Φωτογράφος - Τεχνικός Λήψης Φωτογραφίας - Έγχρωμη Φωτογραφία','Αγία Ελένη, Ασενσιόν και Τριστάν ντα Κούνια','None');
INSERT INTO patient_email (AMKA, phone_number) VALUES ('1012212150', 'christofora54@example.net');
INSERT INTO patient_phone (AMKA, phone_number) VALUES ('1012212150', '21940 07 898');
INSERT INTO patient_phone (AMKA, phone_number) VALUES ('1012212150', '210 503 8537');
INSERT INTO patient_phone (AMKA, phone_number) VALUES ('1012212150', '210 916 7388');
INSERT INTO triage (level, symptoms) VALUES ('4', 'Σε άπειρα ίδιο χρησιμοποιώντας ότι. Γραμμή παίρνουν επιχείριση σου ένας. Μερικούς ας διάσημα τα μέχρι.');
INSERT INTO patient (AMKA, first_name, middle_name, last_name, date_of_birth, sex, weight, height, street_name, street_number, postal_code, area, municipality, prefecture,  profession, citizenship, triage_id) VALUES ('3006486052','Θεολόγος',NULL,'Βερβίτη','1948-06-30','male','149.63','189.47','Καρίτσης Καρπενησίου','151','89807','Ξάνθη','Μεσολόγγι','Λασσίθι','Μετεωρολόγος','Ρουμανία','None');
INSERT INTO patient_email (AMKA, phone_number) VALUES ('3006486052', 'solomon37@example.com');
INSERT INTO patient_phone (AMKA, phone_number) VALUES ('3006486052', '(+30) 2215 568918');
INSERT INTO triage (level, symptoms) VALUES ('3', 'Και παίρνει αναγκάζονται από γνωστή άρθρων.
Ότι δημιουργήσεις βγήκε σαν επί εντολές κάνε το. Τέλειοι σας εγώ λίγο έγραψες από επί ότι.
Που δημιουργείς να προσοχή έτσι έγραψες.');
INSERT INTO patient (AMKA, first_name, middle_name, last_name, date_of_birth, sex, weight, height, street_name, street_number, postal_code, area, municipality, prefecture,  profession, citizenship, triage_id) VALUES ('1602853136','Βαλέρια',NULL,'Πατινιωτάκη','1985-02-16','female','59.2','62.46','Σπανίδου','187','ΤΚ 42044','Κατερίνη','Τρίκαλα','Κυκλάδες','Χορευτής','Σουηδία','None');
INSERT INTO patient_email (AMKA, phone_number) VALUES ('1602853136', 'sotiropoulou.kyratsa@example.net');
INSERT INTO patient_phone (AMKA, phone_number) VALUES ('1602853136', '+302279915059');
INSERT INTO triage (level, symptoms) VALUES ('4', 'Υποψήφιο πρώτοι συγχωνευτεί σημαντικό ένας έστειλε. Κανόνα γειτονιάς ποια της εργασίας.
Αφήσεις όταν της κώδικάς περιεχόμενα πλέον στο. Επί στο τη. Ένα τεσσαρών σημεία γραμμή.');
INSERT INTO patient (AMKA, first_name, middle_name, last_name, date_of_birth, sex, weight, height, street_name, street_number, postal_code, area, municipality, prefecture,  profession, citizenship, triage_id) VALUES ('1410473650','Σωτήριος',NULL,'Θεοδοσίου','1947-10-14','other','87.7','129.98','Καράτουλα Κυνουρίας','63','ΤΚ 382 68','Άρτα','Ζάκυνθος','Κέρκυρα','Γλωσσολόγος','Άγιος Πέτρος και Μικελόν','None');
INSERT INTO patient_email (AMKA, phone_number) VALUES ('1410473650', 'ermioni20@example.com');
INSERT INTO patient_email (AMKA, phone_number) VALUES ('1410473650', 'galini.douranis@example.com');
INSERT INTO patient_phone (AMKA, phone_number) VALUES ('1410473650', '+306959272222');
INSERT INTO patient_phone (AMKA, phone_number) VALUES ('1410473650', '6923 160 777');
INSERT INTO patient_phone (AMKA, phone_number) VALUES ('1410473650', '+306960928174');
INSERT INTO triage (level, symptoms) VALUES ('1', 'Χρησιμοποίησέ υόρκη μην του συγχωνευτεί πως. Περιβάλλοντος αντιλήφθηκαν την να.');
INSERT INTO patient (AMKA, first_name, middle_name, last_name, date_of_birth, sex, weight, height, street_name, street_number, postal_code, area, municipality, prefecture,  profession, citizenship, triage_id) VALUES ('2509617396','Βικτωρία',NULL,'Ζορμπάς','1961-09-25','female','145.53','180.47','Βασιλοπούλου','27','690 97','Κέρκυρα','Βέροια','Λέσβος','Εισαγγελέας','Υεμένη','None');
INSERT INTO patient_email (AMKA, phone_number) VALUES ('2509617396', 'sromaiou@example.net');
INSERT INTO patient_phone (AMKA, phone_number) VALUES ('2509617396', '+306992515210');
INSERT INTO triage (level, symptoms) VALUES ('5', 'Ήδη ημέρα αυτήν διαχειριστής κι στέλνοντάς. Θέματα πρόσληψη προσεκτικά αποκλειστικούς αναφέρονται προσπαθήσεις διάβασε. Κάνε σου μας που σου ορίστε.');
INSERT INTO patient (AMKA, first_name, middle_name, last_name, date_of_birth, sex, weight, height, street_name, street_number, postal_code, area, municipality, prefecture,  profession, citizenship, triage_id) VALUES ('0812838273','Σαμουήλ',NULL,'Χιτός','1983-12-08','other','72.36','149.28','Αρτεσιανού','121','ΤΚ 54391','Ηγουμενίτσα','Άρτα','Λάρισσα','Ειδικός Σχεδίου και Μάρκετινγκ Μόδας','Φινλανδία','None');
INSERT INTO patient_email (AMKA, phone_number) VALUES ('0812838273', 'tilemachos84@example.org');
INSERT INTO patient_phone (AMKA, phone_number) VALUES ('0812838273', '28880 47 627');
INSERT INTO patient_phone (AMKA, phone_number) VALUES ('0812838273', '+306933050057');
INSERT INTO triage (level, symptoms) VALUES ('2', 'Πλέον τι σχεδιαστής διακοπής. Συνεντεύξεις δημιουργια πάντα λετπά περίπου.');
INSERT INTO patient (AMKA, first_name, middle_name, last_name, date_of_birth, sex, weight, height, street_name, street_number, postal_code, area, municipality, prefecture,  profession, citizenship, triage_id) VALUES ('1511755421','Ευθυμία',NULL,'Κωτούλας','1975-11-15','male','124.43','143.38','Καραογλάνη','21','418 54','Τρίκαλα','Πάτρα','Εύβοια','Φύλακας Μουσείων και Αρχαιολογικών Χώρων','Νέα Καληδονία','None');
INSERT INTO patient_email (AMKA, phone_number) VALUES ('1511755421', 'rallis.damianos@example.net');
INSERT INTO patient_phone (AMKA, phone_number) VALUES ('1511755421', '(+30) 6966 218728');
INSERT INTO triage (level, symptoms) VALUES ('2', 'Εικόνες εκτός ότι ροή πιο. Παραδώσεις άπειρα μα κώδικάς θα που ως.');
INSERT INTO patient (AMKA, first_name, middle_name, last_name, date_of_birth, sex, weight, height, street_name, street_number, postal_code, area, municipality, prefecture,  profession, citizenship, triage_id) VALUES ('1303784025','Λαζαρία',NULL,'Κυπραίος','1978-03-13','female','133.5','160.3','Κατσούλα','94','ΤΚ 233 82','Καρδίτσα','Χίος','Γρεβενά','Πιλότος','Νικαράγουα','None');
INSERT INTO patient_email (AMKA, phone_number) VALUES ('1303784025', 'dimosthenis.chrysikos@example.net');
INSERT INTO patient_phone (AMKA, phone_number) VALUES ('1303784025', '2530 564 851');
INSERT INTO patient_phone (AMKA, phone_number) VALUES ('1303784025', '+30 6921 206386');
INSERT INTO patient_phone (AMKA, phone_number) VALUES ('1303784025', '2100984665');
INSERT INTO triage (level, symptoms) VALUES ('5', 'Χρησιμοποιώντας τη ποια αντιλήφθηκαν. Συνεχώς δύο σημεία νόμιζες.
Χρησιμοποιώντας φράση περισσότερη έτσι αρέσει περιβάλλοντος επί χρησιμοποιούνταν. Μέρος μπουν σου είχαμε στέλνοντάς μια.');
INSERT INTO patient (AMKA, first_name, middle_name, last_name, date_of_birth, sex, weight, height, street_name, street_number, postal_code, area, municipality, prefecture,  profession, citizenship, triage_id) VALUES ('2906636473','Νικητία',NULL,'Παπασταύρου','1963-06-29','other','54.93','73.81','Λαιμού','133','ΤΚ 333 43','Καστοριά','Χίος','Λέσβος','Γραμματέας Νομικών Επαγγελμάτων','Μάλι','None');
INSERT INTO patient_email (AMKA, phone_number) VALUES ('2906636473', 'diamanto.xirodima@example.com');
INSERT INTO patient_phone (AMKA, phone_number) VALUES ('2906636473', '2109263680');
INSERT INTO patient_phone (AMKA, phone_number) VALUES ('2906636473', '210 3567623');
INSERT INTO triage (level, symptoms) VALUES ('1', 'Πιο δεν μιας κλπ κάνε προσπαθήσεις παίξουν. Πολύ βιβλίο μην μέσης έξι διασφαλίζεται. Το εφαρμογής από προσεκτικά.');
INSERT INTO patient (AMKA, first_name, middle_name, last_name, date_of_birth, sex, weight, height, street_name, street_number, postal_code, area, municipality, prefecture,  profession, citizenship, triage_id) VALUES ('1111598487','Μαρία',NULL,'Ντότση','1959-11-11','male','110.25','187.48','Βραχατίου','18','33350','Πάτρα','Πολύγυρος','Αργολίδα','Επόπτης Δημόσιας Υγείας','Δομινίκα','None');
INSERT INTO patient_email (AMKA, phone_number) VALUES ('1111598487', 'artemios51@example.org');
INSERT INTO patient_phone (AMKA, phone_number) VALUES ('1111598487', '6984 255 518');
INSERT INTO triage (level, symptoms) VALUES ('3', 'Διαχειριστής διακοπή εκτελείται άρα μεταγλωτιστής δοκιμάσεις. Πάντως διαδίκτυο συνεχώς οι παραδοτέου ήδη εδώ διαπιστώνεις.');
INSERT INTO patient (AMKA, first_name, middle_name, last_name, date_of_birth, sex, weight, height, street_name, street_number, postal_code, area, municipality, prefecture,  profession, citizenship, triage_id) VALUES ('2004710784','Ευδοξία','Ιάσων','Παππά','1971-04-20','female','61.3','132.95','Τσαμοπούλου','159','71415','Λιβαδιά','Κιλκίς','Πρέβεζα','Ξεναγός','Δυτική Σαχάρα','None');
INSERT INTO patient_email (AMKA, phone_number) VALUES ('2004710784', 'anna.ntova@example.org');
INSERT INTO patient_phone (AMKA, phone_number) VALUES ('2004710784', '21930 50 984');
INSERT INTO triage (level, symptoms) VALUES ('1', 'Γειτονιάς προσοχή πάντα παραγωγικής. Τα σημαντικός ωραίο άπειρα.
Χρησιμοποιώντας κύκλο πιο οι καλύτερο θέμα.');
INSERT INTO patient (AMKA, first_name, middle_name, last_name, date_of_birth, sex, weight, height, street_name, street_number, postal_code, area, municipality, prefecture,  profession, citizenship, triage_id) VALUES ('1507728751','Λογοθέτης',NULL,'Σωτηράλης','1972-07-15','female','103.32','94.91','Σελινοπούλου','25','ΤΚ 62192','Ερμούπολη','Κόρινθος','Καβάλα','Σκηνοθέτης Τηλεόρασης','Καναδάς','None');
INSERT INTO patient_email (AMKA, phone_number) VALUES ('1507728751', 'areti20@example.net');
INSERT INTO patient_phone (AMKA, phone_number) VALUES ('1507728751', '210 878 2218');
INSERT INTO patient_phone (AMKA, phone_number) VALUES ('1507728751', '2430347341');
INSERT INTO triage (level, symptoms) VALUES ('1', 'Βάζοντας κύκλο σταματάς περιεχόμενα. Κάτι συνάδελφος προϊόντα δεν.
Έρθει αποδείξεις ότι αυτήν. Υποψήφιο περιβάλλοντος από όσο το χαρτιού. Επί αν διακόψουμε εργασίας έξι.');
INSERT INTO patient (AMKA, first_name, middle_name, last_name, date_of_birth, sex, weight, height, street_name, street_number, postal_code, area, municipality, prefecture,  profession, citizenship, triage_id) VALUES ('2001140799','Ιωάννης',NULL,'Κοντογιάννης','2014-01-20','other','119.83','155.02','Μελανθίου','72','ΤΚ 363 25','Γρεβενά','Άρτα','Καβάλα','Ταπετσέρης','Μπρουνέι','None');
INSERT INTO patient_email (AMKA, phone_number) VALUES ('2001140799', 'euthalia31@example.com');
INSERT INTO patient_phone (AMKA, phone_number) VALUES ('2001140799', '28610 23 163');
INSERT INTO triage (level, symptoms) VALUES ('4', 'Άτομο σας για εγώ. Πιο θέλεις σας εγώ κανένας στραβά δημιουργια. Να την τη πακέτων έτσι το.
Πως εργάστηκε μέγιστη. Έτσι χρειάζονται κώδικάς λίγο ορίστε.');
INSERT INTO patient (AMKA, first_name, middle_name, last_name, date_of_birth, sex, weight, height, street_name, street_number, postal_code, area, municipality, prefecture,  profession, citizenship, triage_id) VALUES ('0906802289','Χρυσάνθη',NULL,'Τσεντούρος','1980-06-09','female','82.03','136.21','Ημεροβιγλίου','80','775 72','Ηγουμενίτσα','Λαμία','Μαγνησία','Τεχνικός Επεξεργασίας Γάλακτος','Άγιος Πέτρος και Μικελόν','None');
INSERT INTO patient_email (AMKA, phone_number) VALUES ('0906802289', 'ugkinis@example.org');
INSERT INTO patient_phone (AMKA, phone_number) VALUES ('0906802289', '210 072 5272');
INSERT INTO patient_phone (AMKA, phone_number) VALUES ('0906802289', '210 4415147');
INSERT INTO patient_phone (AMKA, phone_number) VALUES ('0906802289', '2130948921');
INSERT INTO triage (level, symptoms) VALUES ('2', 'Διαφήμιση ερώτηση απίστευτα συνεντεύξεις. Περιβάλλοντος δουλεύει μάτσο επιδιορθώσεις επί δεν κοιτάζοντας. Όσο δύο γράψει κύκλο.');
INSERT INTO patient (AMKA, first_name, middle_name, last_name, date_of_birth, sex, weight, height, street_name, street_number, postal_code, area, municipality, prefecture,  profession, citizenship, triage_id) VALUES ('0605947665','Φαίδρα',NULL,'Χονδρολίδης','1994-05-06','male','132.12','66.43','Αντωνάκη','32','341 25','Αλεξανδρούπολη','Ιωάννινα','Καστοριά','Μεσίτης Ναυτιλιακών Συμβάσεων','Καναδάς','None');
INSERT INTO patient_email (AMKA, phone_number) VALUES ('0605947665', 'odysseas.manousiadis@example.com');
INSERT INTO patient_email (AMKA, phone_number) VALUES ('0605947665', 'ystamelos@example.com');
INSERT INTO patient_phone (AMKA, phone_number) VALUES ('0605947665', '2108866021');
INSERT INTO patient_phone (AMKA, phone_number) VALUES ('0605947665', '+302087322661');
INSERT INTO patient_phone (AMKA, phone_number) VALUES ('0605947665', '210 584 1788');
INSERT INTO triage (level, symptoms) VALUES ('1', 'Θα έτσι έρθει κι ύψος τρέξει ως.
Δυστυχής γράψει τη. Που παίρνουν ελέγχου τοπικές όχι τα. Κανένας περισσότερες διάσημα πως.
Τους άπειρα ας δύο. Διευθυντές ένας βασανίζουν ιδιαίτερα με βασανίζουν.');
INSERT INTO patient (AMKA, first_name, middle_name, last_name, date_of_birth, sex, weight, height, street_name, street_number, postal_code, area, municipality, prefecture,  profession, citizenship, triage_id) VALUES ('1411944620','Αργύριος','Αλκμήνη','Κριτσέλης','1994-11-14','male','140.24','195.95','Ποσάντζη','36','ΤΚ 09404','Καστοριά','Λαμία','Ιωάννινα','Υδραυλικός','Νήσοι Κουκ','None');
INSERT INTO patient_email (AMKA, phone_number) VALUES ('1411944620', 'ytsotsis@example.org');
INSERT INTO patient_phone (AMKA, phone_number) VALUES ('1411944620', '(+30) 2283 477625');
INSERT INTO patient_phone (AMKA, phone_number) VALUES ('1411944620', '23920 64 423');
INSERT INTO triage (level, symptoms) VALUES ('3', 'Τοπικές ανά ως κλπ δούλευε ξέχασε. Που τεκμηριώνει εξοργιστικά χρησιμοποιούσες άρα πάντα μη. Εργοστασίου δύο ανώδυνη υψηλότερη μπορούσες συγχωνευτεί.');
INSERT INTO patient (AMKA, first_name, middle_name, last_name, date_of_birth, sex, weight, height, street_name, street_number, postal_code, area, municipality, prefecture,  profession, citizenship, triage_id) VALUES ('1701642029','Ιορδάνης',NULL,'Πασσαλίδης','1964-01-17','other','50.36','110.99','Ποντοκώμης','73','ΤΚ 754 49','Σπάρτη','Σέρρες','Αργολίδα','Τεχνικός Θέρμανσης και Υδραυλικών Εγκαταστάσεων','Γουινέα-Μπισσάου','None');
INSERT INTO patient_email (AMKA, phone_number) VALUES ('1701642029', 'qdimopoulou@example.net');
INSERT INTO patient_email (AMKA, phone_number) VALUES ('1701642029', 'marigo.lekka@example.net');
INSERT INTO patient_phone (AMKA, phone_number) VALUES ('1701642029', '(+30) 2721 378941');
INSERT INTO patient_phone (AMKA, phone_number) VALUES ('1701642029', '(+30) 2796 253307');
INSERT INTO triage (level, symptoms) VALUES ('5', 'Κύκλο ένα παίρνουν. Δωροδοκηθούν τέλειοι και. Εργαζόμενων εδώ άρα.
Χαρακτηριστικών από σου κάνε. Για μεταφραστής κι.
Διακόψουμε μαγικά δουλεύει δύο κειμένων. Μέχρι χάος για γέλασαν πιο.');
INSERT INTO patient (AMKA, first_name, middle_name, last_name, date_of_birth, sex, weight, height, street_name, street_number, postal_code, area, municipality, prefecture,  profession, citizenship, triage_id) VALUES ('2011408648','Αρτέμιος',NULL,'Ματεντσίδου','1940-11-20','female','108.24','135.73','Πάρ. Χαριέσσης','116','721 72','Μυτιλήνη','Πάτρα','Πέλλα','Καθηγητής Γυμναστικής','Βενεζουέλα','None');
INSERT INTO patient_email (AMKA, phone_number) VALUES ('2011408648', 'kyprianos.douranis@example.net');
INSERT INTO patient_phone (AMKA, phone_number) VALUES ('2011408648', '2590 210 502');
INSERT INTO patient_phone (AMKA, phone_number) VALUES ('2011408648', '2210534377');
INSERT INTO patient_phone (AMKA, phone_number) VALUES ('2011408648', '2101297290');
INSERT INTO triage (level, symptoms) VALUES ('3', 'Ύψος βουτήξουν θέμα έτοιμος της. Αρέσει για εικόνες να δεν. Διακόψουμε βαθμό ναι πηγαίου διαδίκτυο.');
INSERT INTO patient (AMKA, first_name, middle_name, last_name, date_of_birth, sex, weight, height, street_name, street_number, postal_code, area, municipality, prefecture,  profession, citizenship, triage_id) VALUES ('2702647964','Θεοδόσιος',NULL,'Καλαπόδης','1964-02-27','other','52.16','182.32','Μενγκ','18','ΤΚ 30865','Μυτιλήνη','Πάτρα','Γρεβενά','Λιμενικός','Άγιος Πέτρος και Μικελόν','None');
INSERT INTO patient_email (AMKA, phone_number) VALUES ('2702647964', 'dmatsoukas@example.net');
INSERT INTO patient_phone (AMKA, phone_number) VALUES ('2702647964', '(+30) 6991 172787');
INSERT INTO patient_phone (AMKA, phone_number) VALUES ('2702647964', '+302786458096');
INSERT INTO patient_phone (AMKA, phone_number) VALUES ('2702647964', '2640095011');
INSERT INTO triage (level, symptoms) VALUES ('5', 'Μεταγλωτίσει έξι άτομο έξι. Πλέον αποφάσισε στραβά λιγότερο δύο. Αναγκάζονται στέλνοντάς μάθε προϊόντα κοιτάζοντας μια από.
Ελέγχου τον συγκεντρωμένοι διολισθήσεις ανεπιθύμητη. Στο κι νέων δύο.');
INSERT INTO patient (AMKA, first_name, middle_name, last_name, date_of_birth, sex, weight, height, street_name, street_number, postal_code, area, municipality, prefecture,  profession, citizenship, triage_id) VALUES ('0212858844','Φλωρίνα',NULL,'Λιάνου','1985-12-02','male','124.81','197.48','Μοίρας','37','ΤΚ 30290','Τρίκαλα','Κιλκίς','Αργολίδα','Στέλεχος Εκδοτικών Επιχειρήσεων','Μαλάουι','None');
INSERT INTO patient_email (AMKA, phone_number) VALUES ('0212858844', 'anagnostis09@example.org');
INSERT INTO patient_phone (AMKA, phone_number) VALUES ('0212858844', '(+30) 6940 142067');
INSERT INTO patient_phone (AMKA, phone_number) VALUES ('0212858844', '2360 530993');
INSERT INTO triage (level, symptoms) VALUES ('3', 'Έχω μεταφραστής προσπαθούν εδώ κάτι την. Στραβά μια πήρε μη υπηρεσία περιβάλλοντος. Τρόπο πηγαίου καλύτερο κι γεγονός σημεία ανεπιθύμητη των.');
INSERT INTO patient (AMKA, first_name, middle_name, last_name, date_of_birth, sex, weight, height, street_name, street_number, postal_code, area, municipality, prefecture,  profession, citizenship, triage_id) VALUES ('3011061401','Πάρις',NULL,'Φειδερόπουλος','2006-11-30','other','83.67','151.39','Παλαιού Λουτρού','91','ΤΚ 62689','Κέρκυρα','Ρόδος','Τρίκαλα','Ειδικός Σχεδίασης Διαδραστικών και Βιομηχανικών Προϊόντων και Συστημάτων','Μπουρκίνα Φάσο','None');
INSERT INTO patient_email (AMKA, phone_number) VALUES ('3011061401', 'pantazis00@example.org');
INSERT INTO patient_phone (AMKA, phone_number) VALUES ('3011061401', '210 5817009');
INSERT INTO patient_phone (AMKA, phone_number) VALUES ('3011061401', '+30 6973 291204');
INSERT INTO triage (level, symptoms) VALUES ('4', 'Άρα αν την τον ίδιο μια κώδικάς. Φακέλους ότι εγώ. Απομόνωση γεύματος τρέξει πάρεις βρίσκονται λαμβάνουν.');
INSERT INTO patient (AMKA, first_name, middle_name, last_name, date_of_birth, sex, weight, height, street_name, street_number, postal_code, area, municipality, prefecture,  profession, citizenship, triage_id) VALUES ('2105858850','Κωστούλα',NULL,'Κωνσταντάς','1985-05-21','other','123.83','177.87','Μακροπούλου','172','21932','Βόλος','Έδεσσα','Τρίκαλα','Εκτιμητής Έργων Τέχνης','Γουινέα','None');
INSERT INTO patient_email (AMKA, phone_number) VALUES ('2105858850', 'vlasia96@example.net');
INSERT INTO patient_email (AMKA, phone_number) VALUES ('2105858850', 'ndouloufaki@example.com');
INSERT INTO patient_phone (AMKA, phone_number) VALUES ('2105858850', '210 304 3824');
INSERT INTO patient_phone (AMKA, phone_number) VALUES ('2105858850', '(+30) 6931 702287');
INSERT INTO triage (level, symptoms) VALUES ('2', 'Ταξινομεί εκτελέσεις πάντως και που ταξινομεί. Παραδώσεις χαρακτηριστικό διορθώσει.
Σκεφτείς υόρκη εργαζόμενων του. Κώδικα θα έτσι πολύ ένα κανένας πάρεις. Κι για ένας βουτήξουν.');
INSERT INTO patient (AMKA, first_name, middle_name, last_name, date_of_birth, sex, weight, height, street_name, street_number, postal_code, area, municipality, prefecture,  profession, citizenship, triage_id) VALUES ('1106596570','Τιμοθέα',NULL,'Τουρναβίτης','1959-06-11','other','77.8','90.77','Πλ. Αλειμματάδων','195','ΤΚ 05127','Μεσολόγγι','Τρίκαλα','Αργολίδα','Οργανωτής Συνεδρίων, Εκθέσεων και Εκδηλώσεων','Ουζμπεκιστάν','None');
INSERT INTO patient_email (AMKA, phone_number) VALUES ('1106596570', 'marios47@example.org');
INSERT INTO patient_email (AMKA, phone_number) VALUES ('1106596570', 'irodotos.logkaki@example.org');
INSERT INTO patient_phone (AMKA, phone_number) VALUES ('1106596570', '2374042632');
INSERT INTO patient_phone (AMKA, phone_number) VALUES ('1106596570', '2860905958');
INSERT INTO triage (level, symptoms) VALUES ('2', 'Πιο να χρησιμοποιούσες ανεπιθύμητη. Διαφήμιση από ας κάτι. Προϊόντα πακέτων μεταγλωτίσει υποψήφιο διοικητικό.');
INSERT INTO patient (AMKA, first_name, middle_name, last_name, date_of_birth, sex, weight, height, street_name, street_number, postal_code, area, municipality, prefecture,  profession, citizenship, triage_id) VALUES ('1009710766','Βαρδής',NULL,'Κωνσταντινίδου','1971-09-10','other','124.67','112.72','Βάλτας','196','788 90','Χανιά','Κοζάνη','Πέλλα','Ταπητουργός','Βιετνάμ','None');
INSERT INTO patient_email (AMKA, phone_number) VALUES ('1009710766', 'spalas.lazaros@example.org');
INSERT INTO patient_email (AMKA, phone_number) VALUES ('1009710766', 'asimis.kourelis@example.com');
INSERT INTO patient_phone (AMKA, phone_number) VALUES ('1009710766', '2370939934');
INSERT INTO patient_phone (AMKA, phone_number) VALUES ('1009710766', '210 998 1026');
INSERT INTO patient_phone (AMKA, phone_number) VALUES ('1009710766', '2090 744 267');
INSERT INTO triage (level, symptoms) VALUES ('2', 'Εκτός μέσης τύπους αναφέρονται εξοργιστικά κρατάει σίγουρος εκθέσεις. Με θέμα με αρέσει κανόνα αποθηκευτικού. Νέο μετράει θα προγραμματιστές μέχρι της διακοπή.');
INSERT INTO patient (AMKA, first_name, middle_name, last_name, date_of_birth, sex, weight, height, street_name, street_number, postal_code, area, municipality, prefecture,  profession, citizenship, triage_id) VALUES ('0107978789','Κονδυλία',NULL,'Παρασκευά','1997-07-01','other','74.23','115.22','Αυλοτόπου','182','847 30','Κομοτηνή','Τρίπολη','Λάρισσα','Υπάλληλος Τράπεζας','Λαϊκή Δημοκρατία του Κονγκό','None');
INSERT INTO patient_email (AMKA, phone_number) VALUES ('0107978789', 'ikotoula@example.com');
INSERT INTO patient_email (AMKA, phone_number) VALUES ('0107978789', 'agisilaos.kolaitou@example.net');
INSERT INTO patient_phone (AMKA, phone_number) VALUES ('0107978789', '(+30) 6986 688001');
INSERT INTO patient_phone (AMKA, phone_number) VALUES ('0107978789', '2617072567');
INSERT INTO triage (level, symptoms) VALUES ('1', 'Αποκλειστικούς διαχειριστής μαγικά γνωστή έξι ποια. Δημιουργήσεις λες χρησιμοποιούσες εργαζόμενων από σε ποια προσπαθούν. Άρα απλό δεν όχι νέων θυμάμαι περιεχόμενα και.');
INSERT INTO patient (AMKA, first_name, middle_name, last_name, date_of_birth, sex, weight, height, street_name, street_number, postal_code, area, municipality, prefecture,  profession, citizenship, triage_id) VALUES ('1407699360','Γαλάτιος',NULL,'Αναστόπουλος','1969-07-14','male','104.64','94.43','Πάρ. Καλυδονίας','10','ΤΚ 238 45','Ρέθυμνο','Αργοστόλι','Κέρκυρα','Τεχνίτης Δερμάτινων Ειδών','Παπούα Νέα Γουινέα','None');
INSERT INTO patient_email (AMKA, phone_number) VALUES ('1407699360', 'mtyralis@example.com');
INSERT INTO patient_phone (AMKA, phone_number) VALUES ('1407699360', '210 4715613');
INSERT INTO triage (level, symptoms) VALUES ('2', 'Ο ήδη εκείνου. Παραπάνω κι νέου ο τι βασανίζουν. Διαπιστώνεις σε θέματα.');
INSERT INTO patient (AMKA, first_name, middle_name, last_name, date_of_birth, sex, weight, height, street_name, street_number, postal_code, area, municipality, prefecture,  profession, citizenship, triage_id) VALUES ('0704135891','Ραχήλ',NULL,'Κουφάκη','2013-04-07','other','141.09','88.52','Ταυλαρίδου','150','01746','Τρίπολη','Πύργος','Θεσπρωτία','Εκπαιδευτικός Ειδικής Αγωγής','Ταϊβάν','None');
INSERT INTO patient_email (AMKA, phone_number) VALUES ('0704135891', 'tsotsis.marina@example.net');
INSERT INTO patient_phone (AMKA, phone_number) VALUES ('0704135891', '6918 424277');
INSERT INTO patient_phone (AMKA, phone_number) VALUES ('0704135891', '6928 158 793');
INSERT INTO patient_phone (AMKA, phone_number) VALUES ('0704135891', '(+30) 2721 616659');
INSERT INTO triage (level, symptoms) VALUES ('4', 'Στις γραμμή ας σας σαν κάνε ερώτηση. Εργαζόμενων ερωτήσεις βαθμό υόρκη να γιαυτό. Γραμμής ως ένα υποψήφιο ένας σημεία λες.');
INSERT INTO patient (AMKA, first_name, middle_name, last_name, date_of_birth, sex, weight, height, street_name, street_number, postal_code, area, municipality, prefecture,  profession, citizenship, triage_id) VALUES ('0905907959','Θωμάς','Δανάη','Κονιδάρης','1990-05-09','male','94.43','51.69','Ασφάκας','103','748 94','Αλεξανδρούπολη','Θεσσαλονίκη','Πιερία','Ιερέας','Φινλανδία','None');
INSERT INTO patient_email (AMKA, phone_number) VALUES ('0905907959', 'kleoniki54@example.com');
INSERT INTO patient_phone (AMKA, phone_number) VALUES ('0905907959', '6936401443');
INSERT INTO triage (level, symptoms) VALUES ('2', 'Αφήσεις διαπιστώνεις παίρνει την μην. Εγώ ίδιο χαρτιού εκτελείται όσο δυστυχώς.
Θέματα εγώ βγήκε του κόλπα κι.');
INSERT INTO patient (AMKA, first_name, middle_name, last_name, date_of_birth, sex, weight, height, street_name, street_number, postal_code, area, municipality, prefecture,  profession, citizenship, triage_id) VALUES ('1304572015','Νεφέλη',NULL,'Μεϊμάρης','1957-04-13','male','98.25','68.33','Λεωφόρος Χρισσού','51','ΤΚ 436 82','Βόλος','Κιλκίς','Πέλλα','Ακροβάτης','Γουινέα-Μπισσάου','None');
INSERT INTO patient_email (AMKA, phone_number) VALUES ('1304572015', 'glamprinos@example.org');
INSERT INTO patient_email (AMKA, phone_number) VALUES ('1304572015', 'karyofyllia.tsioupra@example.com');
INSERT INTO patient_phone (AMKA, phone_number) VALUES ('1304572015', '(+30) 6907 318707');
INSERT INTO triage (level, symptoms) VALUES ('3', 'Κώδικα χαμηλός εφαρμογή.
Κόψεις έρθει την απαρατήρητο άρα. Εργάστηκε επιχείριση ημέρα παίρνουν. Χρησιμοποιώντας αν άρα επιδιόρθωση.
Αντιλήφθηκαν φράση από πακέτων εκείνου. Δυστυχώς προσεκτικά έχω.');
INSERT INTO patient (AMKA, first_name, middle_name, last_name, date_of_birth, sex, weight, height, street_name, street_number, postal_code, area, municipality, prefecture,  profession, citizenship, triage_id) VALUES ('1004836801','Θεοχάρης',NULL,'Στρούμπα','1983-04-10','other','143.32','182.21','Αργίλου','165','337 95','Άρτα','Κομοτηνή','Αττική','Ρεσεψιονίστ Ξενοδοχείου','Δημοκρατία της Κορέας','None');
INSERT INTO patient_email (AMKA, phone_number) VALUES ('1004836801', 'jmasopoulos@example.com');
INSERT INTO patient_phone (AMKA, phone_number) VALUES ('1004836801', '2770767457');
INSERT INTO patient_phone (AMKA, phone_number) VALUES ('1004836801', '2515082399');
INSERT INTO patient_phone (AMKA, phone_number) VALUES ('1004836801', '20110 03 028');
INSERT INTO triage (level, symptoms) VALUES ('1', 'Γέλασαν για αποστηθίσει τα τύπους αποστηθίσει σας. Θυμάμαι στα αφήσεις διάσημα. Κειμένων μέχρι εδώ έξι.
Αθόρυβες είχαμε έξι εκείνου δουλεύει οι επεξεργασία.');
INSERT INTO patient (AMKA, first_name, middle_name, last_name, date_of_birth, sex, weight, height, street_name, street_number, postal_code, area, municipality, prefecture,  profession, citizenship, triage_id) VALUES ('2304620613','Σαράντης',NULL,'Φουσιέκης','1962-04-23','other','70.68','191.8','Τόγια','116','837 60','Καλαμάτα','Βόλος','Βοιωτία','Αξιωματικός Φαρμακοποιός','Σλοβενία','None');
INSERT INTO patient_email (AMKA, phone_number) VALUES ('2304620613', 'tvamvoukaki@example.com');
INSERT INTO patient_email (AMKA, phone_number) VALUES ('2304620613', 'sgiannara@example.org');
INSERT INTO patient_phone (AMKA, phone_number) VALUES ('2304620613', '(+30) 2135 487012');
INSERT INTO patient_phone (AMKA, phone_number) VALUES ('2304620613', '+30 2538 258923');
INSERT INTO triage (level, symptoms) VALUES ('5', 'Νόμιζες καλύτερο επιχείριση ήδη μέχρι δείξει εκδόσεις. Εδώ απλό συγχρόνως εργασίας κάτι νέου πετάξαμε άλγεβρα. Χαρτιού στα πάντως εκείνου. Με σας την διευθυντές ποια προγραμματιστές κι.');
INSERT INTO patient (AMKA, first_name, middle_name, last_name, date_of_birth, sex, weight, height, street_name, street_number, postal_code, area, municipality, prefecture,  profession, citizenship, triage_id) VALUES ('2008051712','Γκίκας',NULL,'Γούσιος','2005-08-20','female','106.47','114.67','Αυγερινού','53','ΤΚ 81290','Αγ. Νικόλαος','Ρόδος','Χαλκιδική','Στέλεχος Κοστολόγησης στη Βιομηχανία - Βιοτεχνία','Αιθιοπία','None');
INSERT INTO patient_email (AMKA, phone_number) VALUES ('2008051712', 'panoraia95@example.org');
INSERT INTO patient_email (AMKA, phone_number) VALUES ('2008051712', 'grivas.kalliopi@example.com');
INSERT INTO patient_phone (AMKA, phone_number) VALUES ('2008051712', '6969265979');
INSERT INTO triage (level, symptoms) VALUES ('4', 'Τα παίρνει εργάστηκε. Εφαρμογή χαρακτηριστικών δεν.
Προκύπτουν δε για κι και χαμηλός. Παραδώσεις απαράδεκτη ανά πάντα έλεγχος προγραμματιστής σου. Την στη βιαστικά μου οι ατόμου.');
INSERT INTO patient (AMKA, first_name, middle_name, last_name, date_of_birth, sex, weight, height, street_name, street_number, postal_code, area, municipality, prefecture,  profession, citizenship, triage_id) VALUES ('0804797108','Ευριπίδης','Αικατερίνη','Λουλάκης','1979-04-08','female','58.77','99.18','Πάροδος Πιπερίτσης','14','43211','Άμφισσα','Σέρρες','Ιωάννινα','Προπονητής Αθλήματος','Νήσοι Φώκλαντ','None');
INSERT INTO patient_email (AMKA, phone_number) VALUES ('0804797108', 'smpalampani@example.net');
INSERT INTO patient_email (AMKA, phone_number) VALUES ('0804797108', 'methodios.karveli@example.net');
INSERT INTO patient_phone (AMKA, phone_number) VALUES ('0804797108', '(+30) 6940 232371');
INSERT INTO patient_phone (AMKA, phone_number) VALUES ('0804797108', '+30 2306 000607');
INSERT INTO triage (level, symptoms) VALUES ('5', 'Εφαμοργής χαρτιού πρώτοι μη αποστηθίσει σαν. Έξι των ότι κι.
Μας πρόσληψη γεγονός περιεχόμενα επί. Επί βιβλίο μπορούσες τρόπο υπηρεσία ανά προσεκτικά.');
INSERT INTO patient (AMKA, first_name, middle_name, last_name, date_of_birth, sex, weight, height, street_name, street_number, postal_code, area, municipality, prefecture,  profession, citizenship, triage_id) VALUES ('1610425834','Αρτεμισία',NULL,'Βουτσελας','1942-10-16','male','148.2','196.61','Χίου','166','ΤΚ 36733','Κέρκυρα','Καστοριά','Δράμα','Τεχνικός Εφαρμογών Ιατρικής Πληροφορικής','Κίνα','None');
INSERT INTO patient_email (AMKA, phone_number) VALUES ('1610425834', 'zkoronidou@example.com');
INSERT INTO patient_email (AMKA, phone_number) VALUES ('1610425834', 'mauroudis.roza@example.com');
INSERT INTO patient_phone (AMKA, phone_number) VALUES ('1610425834', '2750290636');
INSERT INTO patient_phone (AMKA, phone_number) VALUES ('1610425834', '(+30) 2341 895131');
INSERT INTO patient_phone (AMKA, phone_number) VALUES ('1610425834', '+306999058818');
INSERT INTO triage (level, symptoms) VALUES ('5', 'Μετρήσεις βιαστικά γειτονιάς αυτήν ξέχασε άρα. Προσεκτικά μέγιστη ποια εργοστασίου πρώτης εργάστηκε βγήκε άτομο. Στήλες πως χαμηλός δε δύο τους στις.
Διαδίκτυο ώρα την άρα ίδιο στραβά βιβλίο ένας.');
INSERT INTO patient (AMKA, first_name, middle_name, last_name, date_of_birth, sex, weight, height, street_name, street_number, postal_code, area, municipality, prefecture,  profession, citizenship, triage_id) VALUES ('2204087551','Καλομοίρα',NULL,'Μάρα','2008-04-22','female','111.56','194.73','Τουλάκη','47','ΤΚ 57147','Αγ. Νικόλαος','Άρτα','Αιτωλία & Ακαρνανία','Μαιευτής – Μαία','Μπουρκίνα Φάσο','None');
INSERT INTO patient_email (AMKA, phone_number) VALUES ('2204087551', 'taxiarchos.gkanatsios@example.com');
INSERT INTO patient_email (AMKA, phone_number) VALUES ('2204087551', 'anargyri26@example.net');
INSERT INTO patient_phone (AMKA, phone_number) VALUES ('2204087551', '2900 127 738');
INSERT INTO patient_phone (AMKA, phone_number) VALUES ('2204087551', '+30 6961 185959');
INSERT INTO triage (level, symptoms) VALUES ('2', 'Διευθυντές ο απλό τα αν προσλάμβανες κι. Δείξει μετρήσεις διαδίκτυο εγώ κανόνα ποια. Έτσι γειτονιάς μη μα.
Δημιουργείς σου δε γειτονιάς σταματάς έγραψες. Ο νόμιζες τα περισσότερη αν χάος.');
INSERT INTO patient (AMKA, first_name, middle_name, last_name, date_of_birth, sex, weight, height, street_name, street_number, postal_code, area, municipality, prefecture,  profession, citizenship, triage_id) VALUES ('1412740926','Ερωφίλη',NULL,'Φωκαδελής','1974-12-14','other','137.22','63.42','Ανθοχωρίου Μετσόβου','156','58867','Βέροια','Κοζάνη','Ροδόπη','Εισαγγελέας','Τζαμάικα','None');
INSERT INTO patient_email (AMKA, phone_number) VALUES ('1412740926', 'laskaris78@example.com');
INSERT INTO patient_phone (AMKA, phone_number) VALUES ('1412740926', '2567020871');
INSERT INTO patient_phone (AMKA, phone_number) VALUES ('1412740926', '2951080477');
INSERT INTO patient_phone (AMKA, phone_number) VALUES ('1412740926', '+30 2140 507315');
INSERT INTO triage (level, symptoms) VALUES ('1', 'Σαν μετρήσεις προσθέσει. Συγχωνευτεί γέλασαν μέγιστη γραφικά είχαμε πως δε. Μέχρι κρατάει την αναγκάζονται πλέον μετράει. Σπίτι κλπ νέου πιο βάζοντας.');
INSERT INTO patient (AMKA, first_name, middle_name, last_name, date_of_birth, sex, weight, height, street_name, street_number, postal_code, area, municipality, prefecture,  profession, citizenship, triage_id) VALUES ('0102801769','Βλάσης','Ευκλείδης','Ορφανιώτης','1980-02-01','female','116.67','172.53','Μεσοχωρίου','63','ΤΚ 21665','Τρίκαλα','Καρπενήσι','Μαγνησία','Ειδικός Νοσηλευτικής Τραυματολογίας','Κομόρες','None');
INSERT INTO patient_email (AMKA, phone_number) VALUES ('0102801769', 'elpida48@example.org');
INSERT INTO patient_email (AMKA, phone_number) VALUES ('0102801769', 'gerasimoula32@example.org');
INSERT INTO patient_phone (AMKA, phone_number) VALUES ('0102801769', '6974 413 869');
INSERT INTO patient_phone (AMKA, phone_number) VALUES ('0102801769', '210 971 4945');
INSERT INTO patient_phone (AMKA, phone_number) VALUES ('0102801769', '6963 383212');
INSERT INTO triage (level, symptoms) VALUES ('1', 'Μιας μην κάτι λιγότερο παραδοτέου. Όχι στο όχι φακέλους πηγαίου ήδη κι.
Γεύματος απαρατήρητο μάθε εκτός το εργαζόμενοι να. Χαρακτηριστικό άρθρων βουτήξουν.');
INSERT INTO patient (AMKA, first_name, middle_name, last_name, date_of_birth, sex, weight, height, street_name, street_number, postal_code, area, municipality, prefecture,  profession, citizenship, triage_id) VALUES ('0604866531','Γαλήνη',NULL,'Σπηλιάδου','1986-04-06','male','77.51','139.45','Ευπαλίου','64','33453','Γρεβενά','Λευκάδα','Πρέβεζα','Τεχνικός Θέρμανσης και Υδραυλικών Εγκαταστάσεων','Γαλλία','None');
INSERT INTO patient_email (AMKA, phone_number) VALUES ('0604866531', 'kyriaki.kyriakakis@example.net');
INSERT INTO patient_email (AMKA, phone_number) VALUES ('0604866531', 'ziros.natalina@example.net');
INSERT INTO patient_phone (AMKA, phone_number) VALUES ('0604866531', '(+30) 2960 015047');
INSERT INTO patient_phone (AMKA, phone_number) VALUES ('0604866531', '(+30) 2490 951627');
INSERT INTO patient_phone (AMKA, phone_number) VALUES ('0604866531', '6946 607 631');
INSERT INTO triage (level, symptoms) VALUES ('1', 'Με όσο αντιλήφθηκαν βουτήξουν διακοπής. Ρωτάει δε πετούν ως υόρκη δούλευε βρίσκονται. Προγραμματιστές πολύ ακούσει μετράει μα εγώ νόμιζες.
Κόλπα ο πάντως προσλάμβανες μην νέου μου.');
INSERT INTO patient (AMKA, first_name, middle_name, last_name, date_of_birth, sex, weight, height, street_name, street_number, postal_code, area, municipality, prefecture,  profession, citizenship, triage_id) VALUES ('1706417661','Γιαννούλα',NULL,'Καρολίδου','1941-06-17','other','118.94','132.19','Πανταζή','30','24897','Τρίκαλα','Χανιά','Βοιωτία','Ωκεανογράφος','Μπαγκλαντές','None');
INSERT INTO patient_email (AMKA, phone_number) VALUES ('1706417661', 'vaios.koutris@example.com');
INSERT INTO patient_email (AMKA, phone_number) VALUES ('1706417661', 'bkonidaris@example.net');
INSERT INTO patient_phone (AMKA, phone_number) VALUES ('1706417661', '6957735613');
INSERT INTO patient_phone (AMKA, phone_number) VALUES ('1706417661', '6941 096 301');
INSERT INTO triage (level, symptoms) VALUES ('2', 'Επί προϊόντα πολύ λοιπόν ακούσει κανόνα. Ταξινομεί χρονοδιαγράμματα θέματα συγγραφείς επεξεργασία χάος. Γραμμής μη εργαλείων συνεχώς τα πολύ μπορούσες.');
INSERT INTO patient (AMKA, first_name, middle_name, last_name, date_of_birth, sex, weight, height, street_name, street_number, postal_code, area, municipality, prefecture,  profession, citizenship, triage_id) VALUES ('1602116732','Μινέρβα',NULL,'Δάφνη','2011-02-16','female','115.53','194.31','Πάρ. Καλλιδρόμου','76','ΤΚ 357 09','Ηράκλειο','Ηράκλειο','Έβρος','Κόφτης Υποδημάτων','Λαϊκή Δημοκρατία του Κονγκό','None');
INSERT INTO patient_email (AMKA, phone_number) VALUES ('1602116732', 'vkolokathis@example.com');
INSERT INTO patient_email (AMKA, phone_number) VALUES ('1602116732', 'bsefekos@example.com');
INSERT INTO patient_phone (AMKA, phone_number) VALUES ('1602116732', '6962211289');
INSERT INTO triage (level, symptoms) VALUES ('4', 'Φίλος άρα περιβάλλοντος αναγκάζονται συνέχεια επί. Εκδόσεις εγώ εκτελέσει ανταγωνιστής άτομο διακόψουμε δυστυχής.
Ναι μα βαθμό πολύ. Δυστυχής παράγοντες κόλπα εντολές σπίτι φράση δημιουργια.');
INSERT INTO patient (AMKA, first_name, middle_name, last_name, date_of_birth, sex, weight, height, street_name, street_number, postal_code, area, municipality, prefecture,  profession, citizenship, triage_id) VALUES ('0108844603','Θεοφάνης',NULL,'Μυτάρη','1984-08-01','female','125.38','103.44','Μουλιανών','30','ΤΚ 25311','Μεσολόγγι','Χίος','Χίος','Στέλεχος Εκδοτικών Επιχειρήσεων','Αιθιοπία','None');
INSERT INTO patient_email (AMKA, phone_number) VALUES ('0108844603', 'papadimitriadis.ignatia@example.com');
INSERT INTO patient_email (AMKA, phone_number) VALUES ('0108844603', 'pkotoulas@example.org');
INSERT INTO patient_phone (AMKA, phone_number) VALUES ('0108844603', '2180 248 070');
INSERT INTO patient_phone (AMKA, phone_number) VALUES ('0108844603', '+30 2512 782784');
INSERT INTO patient_phone (AMKA, phone_number) VALUES ('0108844603', '(+30) 2694 816140');
INSERT INTO triage (level, symptoms) VALUES ('1', 'Δε εκείνου πολύ προσοχή γέλασαν αναφέρονται εδώ. Μας λετπά που εγώ ως πιο.
Παραπάνω και εξαρτάται παραδώσεις μέρος κρατήσουν. Πάντως δυστυχώς ίδιο μιας.');
INSERT INTO patient (AMKA, first_name, middle_name, last_name, date_of_birth, sex, weight, height, street_name, street_number, postal_code, area, municipality, prefecture,  profession, citizenship, triage_id) VALUES ('2205775650','Κωνσταντίνα','Σταματίνα','Γκούνη','1977-05-22','other','58.96','144.73','Πάρ. Ραχωνίου','83','33029','Λιβαδιά','Μυτιλήνη','Ροδόπη','Γεωγράφος','Άγιος Πέτρος και Μικελόν','None');
INSERT INTO patient_email (AMKA, phone_number) VALUES ('2205775650', 'utsaramiadis@example.com');
INSERT INTO patient_phone (AMKA, phone_number) VALUES ('2205775650', '6967 015 550');
INSERT INTO triage (level, symptoms) VALUES ('2', 'Ο όταν παραδοτέου εντολές.
Μάλλον αυτήν θα εσωτερικών. Εσωτερικών που διαχειριστής βάζοντας κι συνέχεια ως. Δεν άτομο πρώτο ταξινομεί χρησιμοποίησέ. Αποκλειστικούς κρατάει διευθυντές στο έστειλε.');
INSERT INTO patient (AMKA, first_name, middle_name, last_name, date_of_birth, sex, weight, height, street_name, street_number, postal_code, area, municipality, prefecture,  profession, citizenship, triage_id) VALUES ('2506155936','Νίκων',NULL,'Μακρής','2015-06-25','female','121.94','95.21','Πάρ. Λαύκου','22','24282','Έδεσσα','Σέρρες','Κοζάνη','Μαιευτής – Μαία','Μονσεράτ','None');
INSERT INTO patient_email (AMKA, phone_number) VALUES ('2506155936', 'iris10@example.com');
INSERT INTO patient_phone (AMKA, phone_number) VALUES ('2506155936', '+30 6900 445290');
INSERT INTO patient_phone (AMKA, phone_number) VALUES ('2506155936', '2550 994 027');
INSERT INTO triage (level, symptoms) VALUES ('4', 'Άρα αλγόριθμου αρχεία ποσοστό θυμάμαι δε επιστρέφουν.
Ημέρα δίνοντας ημέρα διαφήμιση πρώτοι πρόσληψη δυστυχώς. Χρησιμοποιούσες μετράει ώρα λίγο κρατήσουν χαρακτηριστικό διορθώσεις.');
INSERT INTO patient (AMKA, first_name, middle_name, last_name, date_of_birth, sex, weight, height, street_name, street_number, postal_code, area, municipality, prefecture,  profession, citizenship, triage_id) VALUES ('2105421859','Εφραίμ',NULL,'Ταξίδου','1942-05-21','male','51.69','144.77','Μεγάλης Στέρνας','141','ΤΚ 27844','Λάρισα','Ζάκυνθος','Ιωάννινα','Ειδικός Αεροπορικών Εταιριών','Αμερικανικές Παρθένοι Νήσοι','None');
INSERT INTO patient_email (AMKA, phone_number) VALUES ('2105421859', 'jmichalarou@example.org');
INSERT INTO patient_email (AMKA, phone_number) VALUES ('2105421859', 'ckokordelis@example.com');
INSERT INTO patient_phone (AMKA, phone_number) VALUES ('2105421859', '6919 856 485');
INSERT INTO patient_phone (AMKA, phone_number) VALUES ('2105421859', '2580 937 948');
INSERT INTO patient_phone (AMKA, phone_number) VALUES ('2105421859', '6981 158536');
INSERT INTO triage (level, symptoms) VALUES ('3', 'Ταξινομεί νέο βασανίζουν διασφαλίζεται. Απαραίτητο μας αποστηθίσει στις ωραίο πακέτων.');
INSERT INTO patient (AMKA, first_name, middle_name, last_name, date_of_birth, sex, weight, height, street_name, street_number, postal_code, area, municipality, prefecture,  profession, citizenship, triage_id) VALUES ('0505075345','Γενοβέφα',NULL,'Ανδρουλάκης','2007-05-05','other','83.07','132.1','Ιστρίου','153','066 17','Ξάνθη','Άμφισσα','Μεσσηνία','Εκδότης Βιβλίων','Άγιος Μαρίνος','None');
INSERT INTO patient_email (AMKA, phone_number) VALUES ('0505075345', 'agoro.polatidou@example.com');
INSERT INTO patient_email (AMKA, phone_number) VALUES ('0505075345', 'kalliopi.choudalakis@example.org');
INSERT INTO patient_phone (AMKA, phone_number) VALUES ('0505075345', '+30 6981 125679');
INSERT INTO triage (level, symptoms) VALUES ('5', 'Και αναγκάζονται συγχρόνως ρουτίνα δεν κόψεις οι κώδικάς. Ωραίο με δείξει ρωτήσει κάνεις ίδιο. Υπηρεσία αρχεία συνάδελφος από δεδομένων τέλειοι. Πεδία εδώ πετούν.');
INSERT INTO patient (AMKA, first_name, middle_name, last_name, date_of_birth, sex, weight, height, street_name, street_number, postal_code, area, municipality, prefecture,  profession, citizenship, triage_id) VALUES ('1603880707','Ζήνων',NULL,'Φαββάτα','1988-03-16','male','55.81','60.46','Σταμούλη','55','249 66','Μεσολόγγι','Θεσσαλονίκη','Βοιωτία','Δικαστικός Επιμελητής','Απομακρυσμένες Νησίδες των Ηνωμένων Πολιτειών','None');
INSERT INTO patient_email (AMKA, phone_number) VALUES ('1603880707', 'soultana23@example.com');
INSERT INTO patient_phone (AMKA, phone_number) VALUES ('1603880707', '2530 199661');
INSERT INTO patient_phone (AMKA, phone_number) VALUES ('1603880707', '6933 667160');
INSERT INTO triage (level, symptoms) VALUES ('4', 'Βγήκε και περίπου επιστρέφουν μάθε.
Προσθέσει παραπάνω προσπαθήσεις. Πάντα έτσι συγχρόνως σε πάντα. Έξι αντιλήφθηκαν εικόνες χαρακτηριστικό ήδη.
Μέρος βασανίζουν στη κόψεις πιο.');
INSERT INTO patient (AMKA, first_name, middle_name, last_name, date_of_birth, sex, weight, height, street_name, street_number, postal_code, area, municipality, prefecture,  profession, citizenship, triage_id) VALUES ('1309989995','Σωζούσα',NULL,'Σουρμπής','1998-09-13','other','96.78','132.29','Ανέζης','199','ΤΚ 67924','Αγ. Νικόλαος','Πρέβεζα','Βοιωτία','Στέλεχος Μικρομεσαίων Επιχειρήσεων','Σβάλμπαρντ και Γιαν Μαγιέν','None');
INSERT INTO patient_email (AMKA, phone_number) VALUES ('1309989995', 'elpida72@example.org');
INSERT INTO patient_email (AMKA, phone_number) VALUES ('1309989995', 'eua79@example.com');
INSERT INTO patient_phone (AMKA, phone_number) VALUES ('1309989995', '(+30) 2674 426116');
INSERT INTO triage (level, symptoms) VALUES ('3', 'Μην μιας πως δίνοντας λιγότερο προσθέσει. Μέχρι εκτός στέλνοντάς διάσημα χώρου να.');
INSERT INTO patient (AMKA, first_name, middle_name, last_name, date_of_birth, sex, weight, height, street_name, street_number, postal_code, area, municipality, prefecture,  profession, citizenship, triage_id) VALUES ('3101439407','Σελήνη',NULL,'Κολχούρης','1943-01-31','female','106.7','99.14','Πολυρρηνίας','184','ΤΚ 091 64','Αγ. Νικόλαος','Τρίπολη','Κοζάνη','Ειδικός Ξενοδοχειακών Υπηρεσιών και Τροφοδοσίας','Γουαδελούπη','None');
INSERT INTO patient_email (AMKA, phone_number) VALUES ('3101439407', 'neoklis.agkyropoulos@example.net');
INSERT INTO patient_phone (AMKA, phone_number) VALUES ('3101439407', '+30 6935 120906');
INSERT INTO triage (level, symptoms) VALUES ('2', 'Του παραδώσεις προσοχή χρειάζονται περιεχόμενα. Εφαρμογής εξαρτάται που ζητήσεις χαμηλός τεσσαρών. Πόρτες φαινόμενο ίδιο δημιουργείς βιβλίο θυμάμαι.');
INSERT INTO patient (AMKA, first_name, middle_name, last_name, date_of_birth, sex, weight, height, street_name, street_number, postal_code, area, municipality, prefecture,  profession, citizenship, triage_id) VALUES ('2203919380','Θρασύβουλος',NULL,'Καρούντζος','1991-03-22','female','138.0','136.71','Πάρ. Αερινού','35','62636','Αλεξανδρούπολη','Κοζάνη','Ιωάννινα','Κασκαντέρ','Ζιμπάμπουε','None');
INSERT INTO patient_email (AMKA, phone_number) VALUES ('2203919380', 'michaela.thivaios@example.net');
INSERT INTO patient_email (AMKA, phone_number) VALUES ('2203919380', 'antonios97@example.org');
INSERT INTO patient_phone (AMKA, phone_number) VALUES ('2203919380', '2101903908');
INSERT INTO patient_phone (AMKA, phone_number) VALUES ('2203919380', '6918736676');
INSERT INTO triage (level, symptoms) VALUES ('2', 'Όταν ανά χώρου αναφορά. Τρόποι διακοπή των δε έχω ατόμου γνωρίζουμε απλό.
Ένα περισσότερη πετάξαμε δούλευε ειδικά. Μας οι πλέον ανταγωνιστής. Ατόμου λέει όχι αρέσει βαθμό.');
INSERT INTO patient (AMKA, first_name, middle_name, last_name, date_of_birth, sex, weight, height, street_name, street_number, postal_code, area, municipality, prefecture,  profession, citizenship, triage_id) VALUES ('1204224696','Ευθύμιος',NULL,'Σοφιανός','2022-04-12','female','59.85','148.19','Τακτικουπόλεως','120','86524','Βόλος','Γρεβενά','Λάρισσα','Υπεύθυνος Ανθρώπινου Δυναμικού','Πολωνία','None');
INSERT INTO patient_email (AMKA, phone_number) VALUES ('1204224696', 'klearchos.vasilogiannis@example.net');
INSERT INTO patient_phone (AMKA, phone_number) VALUES ('1204224696', '2133082181');
INSERT INTO triage (level, symptoms) VALUES ('1', 'Περιεχόμενα συνέχεια ταξινομεί αρέσει δύο αρπάζεις. Σημαντικό βάζοντας σας.
Κρατήσουν συγγραφείς εργαζόμενοι ανακλύψεις προγραμματιστές βάζοντας θέλεις. Λοιπόν κάτι τις ένα επί πάντα.');
INSERT INTO patient (AMKA, first_name, middle_name, last_name, date_of_birth, sex, weight, height, street_name, street_number, postal_code, area, municipality, prefecture,  profession, citizenship, triage_id) VALUES ('1106654242','Περικλεία',NULL,'Θεοδωρόπουλος','1965-06-11','female','71.65','54.67','Σαρακηνών','73','ΤΚ 09920','Βέροια','Έδεσσα','Αιτωλία & Ακαρνανία','Διοικητικό και Οικονομικό Στέλεχος Επιχειρήσεων','Φινλανδία','None');
INSERT INTO patient_email (AMKA, phone_number) VALUES ('1106654242', 'stroumpa.diamantoula@example.com');
INSERT INTO patient_email (AMKA, phone_number) VALUES ('1106654242', 'loukas.grigoropoulou@example.net');
INSERT INTO patient_phone (AMKA, phone_number) VALUES ('1106654242', '2109617864');
INSERT INTO triage (level, symptoms) VALUES ('5', 'Σου υόρκη ατόμου ο. Γιαυτό ερωτήσεις ίδιο χρησιμοποιούσες. Ως ήδη στο ο. Γέλασαν και εργαλείων αφήσεις ταξινομεί.');
INSERT INTO patient (AMKA, first_name, middle_name, last_name, date_of_birth, sex, weight, height, street_name, street_number, postal_code, area, municipality, prefecture,  profession, citizenship, triage_id) VALUES ('2503737569','Μυρσίνη',NULL,'Βαλσαμίδου','1973-03-25','other','54.01','102.99','Λόγγου','24','ΤΚ 086 84','Θεσσαλονίκη','Μεσολόγγι','Έβρος','Αισθητικός Ποδολογίας και Καλλωπισμού Νυχιών','Ανγκουίλα','None');
INSERT INTO patient_email (AMKA, phone_number) VALUES ('2503737569', 'alithoxoidis@example.net');
INSERT INTO patient_email (AMKA, phone_number) VALUES ('2503737569', 'gkouni.eurydiki@example.com');
INSERT INTO patient_phone (AMKA, phone_number) VALUES ('2503737569', '2890954480');
INSERT INTO patient_phone (AMKA, phone_number) VALUES ('2503737569', '(+30) 6977 283960');
INSERT INTO patient_phone (AMKA, phone_number) VALUES ('2503737569', '6952 984625');
INSERT INTO triage (level, symptoms) VALUES ('2', 'Συνεντεύξεις και χρησιμοποίησέ κι δημιουργήσεις αλγόριθμου οι ευκολότερο. Ρωτήσει εφαμοργής μάλλον. Διορθώσει πρώτο περισσότερη πλέον αναγκάζονται.');
INSERT INTO patient (AMKA, first_name, middle_name, last_name, date_of_birth, sex, weight, height, street_name, street_number, postal_code, area, municipality, prefecture,  profession, citizenship, triage_id) VALUES ('1309508507','Αγγελής',NULL,'Κακοτρίχη','1950-09-13','male','114.19','100.46','Πάρ. Κεντροχωρίου','188','ΤΚ 153 94','Ρόδος','Ζάκυνθος','Ζάκυνθος','Υπεύθυνος Γραφείου Τύπου','Βενεζουέλα','None');
INSERT INTO patient_email (AMKA, phone_number) VALUES ('1309508507', 'pandis.kallirroi@example.org');
INSERT INTO patient_email (AMKA, phone_number) VALUES ('1309508507', 'jkolkas@example.com');
INSERT INTO patient_phone (AMKA, phone_number) VALUES ('1309508507', '(+30) 6968 832564');
INSERT INTO patient_phone (AMKA, phone_number) VALUES ('1309508507', '2720 241345');
INSERT INTO triage (level, symptoms) VALUES ('4', 'Πηγαίου έτσι τον μετράει τα χρόνου πάρα.
Γνωρίζουμε για γεύματος αν χαμηλός. Παίξουν και απαρατήρητο επί.');
INSERT INTO patient (AMKA, first_name, middle_name, last_name, date_of_birth, sex, weight, height, street_name, street_number, postal_code, area, municipality, prefecture,  profession, citizenship, triage_id) VALUES ('0904899556','Χρυσόστομη',NULL,'Ζερβά','1989-04-09','other','149.29','74.32','Κυριαννάκη','18','ΤΚ 29399','Λιβαδιά','Λευκάδα','Ρέθυμνο','Τεχνικός Αμπελουργίας - Οινοτεχνίας','Μαρόκο','None');
INSERT INTO patient_email (AMKA, phone_number) VALUES ('0904899556', 'matina.arampatzis@example.com');
INSERT INTO patient_email (AMKA, phone_number) VALUES ('0904899556', 'reggina.tsatsanis@example.com');
INSERT INTO patient_phone (AMKA, phone_number) VALUES ('0904899556', '6908172713');
INSERT INTO patient_phone (AMKA, phone_number) VALUES ('0904899556', '29430 36 484');
INSERT INTO patient_phone (AMKA, phone_number) VALUES ('0904899556', '210 618 3189');
INSERT INTO triage (level, symptoms) VALUES ('2', 'Βουτήξουν νέου ήδη σημεία από. Στα πρώτο χρησιμοποιούσες ημέρα. Άρα οι παραγωγικής επενδυτής σαν.
Πετάνε αναγκάζονται συγγραφής συγκεντρωμένοι ανά στη σου. Πόρτες αντιλήφθηκαν γνωστή βιαστικά να.');
INSERT INTO patient (AMKA, first_name, middle_name, last_name, date_of_birth, sex, weight, height, street_name, street_number, postal_code, area, municipality, prefecture,  profession, citizenship, triage_id) VALUES ('2801032251','Αριστομένης',NULL,'Μανουσοπούλου','2003-01-28','female','92.87','86.62','Δημακογιάννη','198','24511','Γρεβενά','Άμφισσα','Λέσβος','Λατόμος','Ελβετία','None');
INSERT INTO patient_email (AMKA, phone_number) VALUES ('2801032251', 'zfilippatos@example.net');
INSERT INTO patient_email (AMKA, phone_number) VALUES ('2801032251', 'varsamia34@example.net');
INSERT INTO patient_phone (AMKA, phone_number) VALUES ('2801032251', '+30 6950 515778');
INSERT INTO patient_phone (AMKA, phone_number) VALUES ('2801032251', '2631011428');
INSERT INTO triage (level, symptoms) VALUES ('4', 'Δε μέχρι μπορούσες λοιπόν επενδυτής άρα. Ανεπιθύμητη διαχειριστής δυστυχώς συγκεντρωμένοι πλέον. Τι σου ένας μέσης στις προϊόντα. Πως αυτός προγραμματιστής από.');
INSERT INTO patient (AMKA, first_name, middle_name, last_name, date_of_birth, sex, weight, height, street_name, street_number, postal_code, area, municipality, prefecture,  profession, citizenship, triage_id) VALUES ('2409947330','Θουκυδίδης',NULL,'Τολούδης','1994-09-24','male','122.38','163.3','Μηλίτσης','150','ΤΚ 68526','Ιωάννινα','Ηράκλειο','Λακωνία','Αξιωματικός Στρατού Ξηράς','Μπουτάν','None');
INSERT INTO patient_email (AMKA, phone_number) VALUES ('2409947330', 'wmilea@example.org');
INSERT INTO patient_email (AMKA, phone_number) VALUES ('2409947330', 'czolotas@example.org');
INSERT INTO patient_phone (AMKA, phone_number) VALUES ('2409947330', '2170263348');
INSERT INTO patient_phone (AMKA, phone_number) VALUES ('2409947330', '2640020562');
INSERT INTO triage (level, symptoms) VALUES ('1', 'Οι επί παραδοτέου υψηλότερη με. Ταξινομεί στη εξαρτάται κειμένων προσοχή έχω συγγραφής. Σημαντικός έτσι πεδία.
Αρχεία ημέρα δε κειμένων έξι συγγραφείς. Πεδία άρα ως και σπίτι.');
INSERT INTO patient (AMKA, first_name, middle_name, last_name, date_of_birth, sex, weight, height, street_name, street_number, postal_code, area, municipality, prefecture,  profession, citizenship, triage_id) VALUES ('0910880417','Αρτεμισία',NULL,'Γιαννόπουλος','1988-10-09','female','68.58','139.21','Ασκύφου','117','05338','Λαμία','Ξάνθη','Χίος','Μουσικός','Αφγανιστάν','None');
INSERT INTO patient_email (AMKA, phone_number) VALUES ('0910880417', 'jkoulouriotis@example.com');
INSERT INTO patient_phone (AMKA, phone_number) VALUES ('0910880417', '+30 2878 657526');
INSERT INTO patient_phone (AMKA, phone_number) VALUES ('0910880417', '(+30) 2983 350577');
INSERT INTO patient_phone (AMKA, phone_number) VALUES ('0910880417', '+302239298806');
INSERT INTO triage (level, symptoms) VALUES ('2', 'Βουτήξουν ένα μιας εργαλείων. Έστειλε και έχω αποδείξεις σαν. Μεταγλωτιστής μηχανής έχω κι της διαφήμιση στέλνοντάς σημεία.');
INSERT INTO patient (AMKA, first_name, middle_name, last_name, date_of_birth, sex, weight, height, street_name, street_number, postal_code, area, municipality, prefecture,  profession, citizenship, triage_id) VALUES ('0704126669','Γερακίνα',NULL,'Παπαδημητροπούλου','2012-04-07','male','51.98','199.64','Βέργης','110','51006','Βόλος','Ξάνθη','Αιτωλία & Ακαρνανία','Βοηθός Νοσηλευτή Χειρουργείου','Υεμένη','None');
INSERT INTO patient_email (AMKA, phone_number) VALUES ('0704126669', 'karakaxis.ifigeneia@example.com');
INSERT INTO patient_phone (AMKA, phone_number) VALUES ('0704126669', '+302185592245');
INSERT INTO triage (level, symptoms) VALUES ('1', 'Είχαμε κειμένων μαγικά ανταγωνιστής στη του των κι. Βουτήξουν βιβλίο εκθέσεις ήδη γεύματος.
Εκτός τύπους εκτελείται δεν κειμένων εκτός. Εκτελείται ωραίο βιβλίο από του.');
INSERT INTO patient (AMKA, first_name, middle_name, last_name, date_of_birth, sex, weight, height, street_name, street_number, postal_code, area, municipality, prefecture,  profession, citizenship, triage_id) VALUES ('0610073177','Ιφιγένεια',NULL,'Κονιάρη','2007-10-06','female','101.98','150.26','Αγίου Βαρθολομαίου','33','81651','Φλώρινα','Κέρκυρα','Ξάνθη','Γεωτρυπανιστής','Μπαχάμες','None');
INSERT INTO patient_email (AMKA, phone_number) VALUES ('0610073177', 'lappas.stauroula@example.org');
INSERT INTO patient_email (AMKA, phone_number) VALUES ('0610073177', 'nmpesyri@example.net');
INSERT INTO patient_phone (AMKA, phone_number) VALUES ('0610073177', '+302976038250');
INSERT INTO triage (level, symptoms) VALUES ('3', 'Τα απλό θέμα ελέγχου γειτονιάς απίστευτα. Εργοστασίου διορθώσεις μια σημεία. Βιβλίο ένας κανόνα βάζοντας ποια ένας.');
INSERT INTO patient (AMKA, first_name, middle_name, last_name, date_of_birth, sex, weight, height, street_name, street_number, postal_code, area, municipality, prefecture,  profession, citizenship, triage_id) VALUES ('3003002798','Βαλάντης',NULL,'Μπύρου','2000-03-30','other','108.18','155.43','Πάροδος Παλαιοχωρίου Μπότσαρη','176','920 00','Ερμούπολη','Λάρισα','Λακωνία','Τραγουδιστής','Ηνωμένες Πολιτείες Αμερικής','None');
INSERT INTO patient_email (AMKA, phone_number) VALUES ('3003002798', 'dorotheos.varsamis@example.com');
INSERT INTO patient_email (AMKA, phone_number) VALUES ('3003002798', 'tilemachos35@example.net');
INSERT INTO patient_phone (AMKA, phone_number) VALUES ('3003002798', '210 862 1226');
INSERT INTO patient_phone (AMKA, phone_number) VALUES ('3003002798', '+30 2136 311462');
INSERT INTO patient_phone (AMKA, phone_number) VALUES ('3003002798', '2360 482 310');
INSERT INTO triage (level, symptoms) VALUES ('2', 'Στέλνοντάς διακοπή όταν απλό. Σωστά περίπου πάρα έστειλε.
Και εσωτερικών δεδομένων στη λοιπόν σκεφτείς. Ήδη και σαν.');
INSERT INTO patient (AMKA, first_name, middle_name, last_name, date_of_birth, sex, weight, height, street_name, street_number, postal_code, area, municipality, prefecture,  profession, citizenship, triage_id) VALUES ('0709878991','Μυρτώ',NULL,'Σοφιανός','1987-09-07','female','145.59','73.31','Βουτύρου','162','82034','Άρτα','Χανιά','Χαλκιδική','Ανθοκόμος','Ταϊβάν','None');
INSERT INTO patient_email (AMKA, phone_number) VALUES ('0709878991', 'sozon.lentziou@example.org');
INSERT INTO patient_email (AMKA, phone_number) VALUES ('0709878991', 'apiperakis@example.com');
INSERT INTO patient_phone (AMKA, phone_number) VALUES ('0709878991', '+306994702093');
INSERT INTO patient_phone (AMKA, phone_number) VALUES ('0709878991', '210 193 6220');
INSERT INTO triage (level, symptoms) VALUES ('5', 'Πήρε για αλγόριθμου δεν εγώ. Σκεφτείς τις απαρατήρητο ναι. Επιδιόρθωση διάσημα πηγαίου φράση κειμένων πεδία προσλάμβανες επιδιόρθωση.
Όχι πλέον ποια ανακλύψεις γραμμή το αποφάσισε.');
INSERT INTO patient (AMKA, first_name, middle_name, last_name, date_of_birth, sex, weight, height, street_name, street_number, postal_code, area, municipality, prefecture,  profession, citizenship, triage_id) VALUES ('2803610825','Θεόδουλος','Ανανίας','Τσάτη','1961-03-28','female','97.46','69.47','Στρατογιάννη','18','87431','Πρέβεζα','Κοζάνη','Ηράκλειο','Φύλακας Μουσείων και Αρχαιολογικών Χώρων','Δημοκρατία της Κορέας','None');
INSERT INTO patient_email (AMKA, phone_number) VALUES ('2803610825', 'gavridakis.vrysiis@example.net');
INSERT INTO patient_email (AMKA, phone_number) VALUES ('2803610825', 'erotokritos41@example.com');
INSERT INTO patient_phone (AMKA, phone_number) VALUES ('2803610825', '6913 230951');
INSERT INTO patient_phone (AMKA, phone_number) VALUES ('2803610825', '6953 169989');
INSERT INTO patient_phone (AMKA, phone_number) VALUES ('2803610825', '210 211 5794');
INSERT INTO triage (level, symptoms) VALUES ('3', 'Έστελνε αποθηκευτικού κανόνα πως την ένα. Έτσι ανεπιθύμητη επιδιορθώσεις αντιλήφθηκαν οι αυτήν μαγικά. Ροή θέμα από κάνεις ωραίο χρησιμοποιούνταν.');
INSERT INTO patient (AMKA, first_name, middle_name, last_name, date_of_birth, sex, weight, height, street_name, street_number, postal_code, area, municipality, prefecture,  profession, citizenship, triage_id) VALUES ('0508464211','Καλλίνικος',NULL,'Δουράνης','1946-08-05','male','84.82','88.38','Αγραφών','1','61949','Βόλος','Λαμία','Έβρος','Τεχνολόγος Ακτινολογίας Ακτινοθεραπείας','Πουέρτο Ρίκο','None');
INSERT INTO patient_email (AMKA, phone_number) VALUES ('0508464211', 'mpafera.aristofanis@example.net');
INSERT INTO patient_phone (AMKA, phone_number) VALUES ('0508464211', '2900 064 653');
INSERT INTO triage (level, symptoms) VALUES ('1', 'Εδώ τον τους χαμηλός μου άρα στήλες. Νέα κανένας εργάστηκε αρχεία νέου νέα εξακολουθεί το.
Ώρα πως δε απαράδεκτη έχω λέει αναφορά συγχρόνως. Οι χρειάζονται ως δεν παράδειγμα εγώ.');
INSERT INTO patient (AMKA, first_name, middle_name, last_name, date_of_birth, sex, weight, height, street_name, street_number, postal_code, area, municipality, prefecture,  profession, citizenship, triage_id) VALUES ('0112428817','Κοσμάς',NULL,'Οικονομοπούλου','1942-12-01','female','53.55','162.3','Πλατεία Χρυσορράχης','125','865 14','Δράμα','Βόλος','Δωδεκάνησσος','Χημικός Μηχανικός','Άγιος Πέτρος και Μικελόν','None');
INSERT INTO patient_email (AMKA, phone_number) VALUES ('0112428817', 'stellios.chondroudi@example.org');
INSERT INTO patient_phone (AMKA, phone_number) VALUES ('0112428817', '+306908252662');
INSERT INTO triage (level, symptoms) VALUES ('3', 'Ζητήσεις κλπ τα ροή που. Εφαρμογή φίλος πρώτο κοιτάζοντας χρειάζονται που πετούν.
Ρωτήσει και διακοπή εξαρτάται. Πάντα την ορίστε μην την δε.');
INSERT INTO patient (AMKA, first_name, middle_name, last_name, date_of_birth, sex, weight, height, street_name, street_number, postal_code, area, municipality, prefecture,  profession, citizenship, triage_id) VALUES ('0403708548','Ιωσηφίνα',NULL,'Τσούμος','1970-03-04','male','138.58','72.51','Βαλεντή','197','ΤΚ 242 20','Αργοστόλι','Κομοτηνή','Ηράκλειο','Ελαιοχρωματιστής','Σουρινάμ','None');
INSERT INTO patient_email (AMKA, phone_number) VALUES ('0403708548', 'giannoula.damilou@example.net');
INSERT INTO patient_phone (AMKA, phone_number) VALUES ('0403708548', '(+30) 6963 529286');
INSERT INTO patient_phone (AMKA, phone_number) VALUES ('0403708548', '6941457940');
INSERT INTO triage (level, symptoms) VALUES ('2', 'Με πλέον δεν απόλαυσε τους χαρακτηριστικό. Εργοστασίου διασφαλίζεται απόλαυσε διαδίκτυο.
Πήρε ποια πόρτες άπειρα.');
INSERT INTO patient (AMKA, first_name, middle_name, last_name, date_of_birth, sex, weight, height, street_name, street_number, postal_code, area, municipality, prefecture,  profession, citizenship, triage_id) VALUES ('2806172891','Ιωάννα',NULL,'Παπασταύρου','2017-06-28','male','114.45','188.17','Συμβολής','55','366 91','Κόρινθος','Μεσολόγγι','Γρεβενά','Διαφημιστής','Ελβετία','None');
INSERT INTO patient_email (AMKA, phone_number) VALUES ('2806172891', 'apostolakis.natalina@example.org');
INSERT INTO patient_email (AMKA, phone_number) VALUES ('2806172891', 'amygdalakis.marios@example.org');
INSERT INTO patient_phone (AMKA, phone_number) VALUES ('2806172891', '210 410 2770');
INSERT INTO triage (level, symptoms) VALUES ('2', 'Τι αντιλήφθηκαν τις στο άρα. Κάτι τύπου σου αν περιβάλλοντος. Άρα ανά διακοπής κώδικα αλγόριθμου πάντως.');
INSERT INTO patient (AMKA, first_name, middle_name, last_name, date_of_birth, sex, weight, height, street_name, street_number, postal_code, area, municipality, prefecture,  profession, citizenship, triage_id) VALUES ('1707640068','Μεθόδιος',NULL,'Γκανάτσιος','1964-07-17','other','145.35','114.25','Βακουφτσή','121','62171','Φλώρινα','Δράμα','Δωδεκάνησσος','Κριτικός Τέχνης','Τρινιντάντ και Τομπάγκο','None');
INSERT INTO patient_email (AMKA, phone_number) VALUES ('1707640068', 'stefanos87@example.net');
INSERT INTO patient_phone (AMKA, phone_number) VALUES ('1707640068', '27230 55 836');
INSERT INTO triage (level, symptoms) VALUES ('5', 'Χρησιμοποιούσες αναφέρονται τον τρέξει. Εγώ ορίστε ήδη.
Το μάτσο πετούν ναι εδώ.
Χρονοδιαγράμματος πάρεις γραμμή ο κι. Απαραίτητο τα ίδιο δε.
Μερικούς διάβασε εφαρμογή των καλύτερο.');
INSERT INTO patient (AMKA, first_name, middle_name, last_name, date_of_birth, sex, weight, height, street_name, street_number, postal_code, area, municipality, prefecture,  profession, citizenship, triage_id) VALUES ('0105802426','Ροδιά',NULL,'Αργυρόπουλος','1980-05-01','female','140.79','82.68','Κωσταραζίου','71','42127','Δράμα','Πρέβεζα','Κοζάνη','Μηχανολόγος Μηχανικός','Νήσοι Κουκ','None');
INSERT INTO patient_email (AMKA, phone_number) VALUES ('0105802426', 'masopoulos.makrina@example.net');
INSERT INTO patient_email (AMKA, phone_number) VALUES ('0105802426', 'goula.rallia@example.net');
INSERT INTO patient_phone (AMKA, phone_number) VALUES ('0105802426', '2649061605');
INSERT INTO triage (level, symptoms) VALUES ('1', 'Κώδικα μην πλέον διάβασε παίρνει επί. Από γράψει τοπικές κάτι.
Δυστυχώς τελειώσει κι συνεντεύξεις σκεφτείς χαμηλός αποδείξεις κώδικάς. Ερώτηση διάσημα εργοστασίου γεύματος.
Ξέχασε φαινόμενο απλό ας.');
INSERT INTO patient (AMKA, first_name, middle_name, last_name, date_of_birth, sex, weight, height, street_name, street_number, postal_code, area, municipality, prefecture,  profession, citizenship, triage_id) VALUES ('1103999028','Ευφροσύνη',NULL,'Ράλλης','1999-03-11','male','60.31','66.13','Πάροδος Μηλιάς','140','14493','Ιωάννινα','Πρέβεζα','Ζάκυνθος','Πιλοποιός','Ανατολικό Τιμόρ','None');
INSERT INTO patient_email (AMKA, phone_number) VALUES ('1103999028', 'umalli@example.org');
INSERT INTO patient_email (AMKA, phone_number) VALUES ('1103999028', 'posantzi.ikaros@example.net');
INSERT INTO patient_phone (AMKA, phone_number) VALUES ('1103999028', '+30 6905 362875');
INSERT INTO triage (level, symptoms) VALUES ('5', 'Λες χάος επιδιόρθωση περιβάλλοντος. Αρπάζεις ερωτήσεις με πάντα μεταγλωτιστής πάντως έξι εκτελείται. Εκτός ατόμου λέει όταν βιαστικά ήδη.');
INSERT INTO patient (AMKA, first_name, middle_name, last_name, date_of_birth, sex, weight, height, street_name, street_number, postal_code, area, municipality, prefecture,  profession, citizenship, triage_id) VALUES ('1409223593','Ιφιγένεια',NULL,'Καπανταϊδάκη','2022-09-14','other','108.11','143.49','Όρους','10','ΤΚ 01719','Μυτιλήνη','Χίος','Σάμος','Βιοπληροφορικός','Κίνα','None');
INSERT INTO patient_email (AMKA, phone_number) VALUES ('1409223593', 'igrigoriadis@example.net');
INSERT INTO patient_email (AMKA, phone_number) VALUES ('1409223593', 'roumpini39@example.org');
INSERT INTO patient_phone (AMKA, phone_number) VALUES ('1409223593', '(+30) 6914 015759');
INSERT INTO patient_phone (AMKA, phone_number) VALUES ('1409223593', '2100570556');
INSERT INTO patient_phone (AMKA, phone_number) VALUES ('1409223593', '2340 732 697');
INSERT INTO triage (level, symptoms) VALUES ('2', 'Εκτελείται εξακολουθεί γειτονιάς άρα τοπικές λέει. Προσπαθούν μπορούσες ακούσει. Διακόψουμε διαφήμιση προσοχή χρονοδιαγράμματα.');
INSERT INTO patient (AMKA, first_name, middle_name, last_name, date_of_birth, sex, weight, height, street_name, street_number, postal_code, area, municipality, prefecture,  profession, citizenship, triage_id) VALUES ('0409762728','Μαλβίνα',NULL,'Βασιλάκης','1976-09-04','female','144.68','162.11','Βαλανίδας','21','ΤΚ 567 10','Πάτρα','Ρόδος','Μεσσηνία','Τζαμάς','Άγιος Χριστόφορος και Νέβις','None');
INSERT INTO patient_email (AMKA, phone_number) VALUES ('0409762728', 'dimosthenis.emporopoulos@example.com');
INSERT INTO patient_phone (AMKA, phone_number) VALUES ('0409762728', '210 8301834');
INSERT INTO triage (level, symptoms) VALUES ('4', 'Σωστά μην δε περιβάλλοντος έχω έτσι συνέχεια πετάξαμε. Σε διορθώσει παίρνουν δεν επεξεργασία κλπ.
Ήδη της γραμμής δωροδοκηθούν. Δε μετράει κάτι διάβασε.');
INSERT INTO patient (AMKA, first_name, middle_name, last_name, date_of_birth, sex, weight, height, street_name, street_number, postal_code, area, municipality, prefecture,  profession, citizenship, triage_id) VALUES ('0508415277','Φανούριος',NULL,'Χριστοπούλου','1941-08-05','female','145.18','67.55','Σιδηροχωρίου','102','ΤΚ 010 41','Θεσσαλονίκη','Κατερίνη','Ευρυτανία','Τεχνικός Ψηφιακής Φωτογραφίας και CD-ROM','Λιβερία','None');
INSERT INTO patient_email (AMKA, phone_number) VALUES ('0508415277', 'gerakina.nikolaou@example.org');
INSERT INTO patient_email (AMKA, phone_number) VALUES ('0508415277', 'gkoutsikos@example.com');
INSERT INTO patient_phone (AMKA, phone_number) VALUES ('0508415277', '(+30) 6953 759355');
INSERT INTO triage (level, symptoms) VALUES ('3', 'Πλέον νέα αλγόριθμου. Δυστυχώς διοικητικό κόψεις χώρου ακούσει αυτήν των γνωστή. Γραμμή περιβάλλοντος ποια δείξει περισσότερη πετούν.');
INSERT INTO patient (AMKA, first_name, middle_name, last_name, date_of_birth, sex, weight, height, street_name, street_number, postal_code, area, municipality, prefecture,  profession, citizenship, triage_id) VALUES ('0410766309','Νομική',NULL,'Παλαιολογοπούλου','1976-10-04','female','52.23','90.76','Αγίου Γεωργίου Νηλείας','152','769 58','Σπάρτη','Πάτρα','Ροδόπη','Δικαστής','Δημοκρατία της Κορέας','None');
INSERT INTO patient_email (AMKA, phone_number) VALUES ('0410766309', 'panagia81@example.net');
INSERT INTO patient_email (AMKA, phone_number) VALUES ('0410766309', 'manopoulou.polychronia@example.org');
INSERT INTO patient_phone (AMKA, phone_number) VALUES ('0410766309', '210 670 9031');
INSERT INTO patient_phone (AMKA, phone_number) VALUES ('0410766309', '+30 6986 431669');
INSERT INTO patient_phone (AMKA, phone_number) VALUES ('0410766309', '2420524479');
INSERT INTO triage (level, symptoms) VALUES ('3', 'Θα λαμβάνουν μερικούς. Ως πολύ όχι του. Πετάξαμε ότι αποστηθίσει μα ίδιο συνεχώς με.');
INSERT INTO patient (AMKA, first_name, middle_name, last_name, date_of_birth, sex, weight, height, street_name, street_number, postal_code, area, municipality, prefecture,  profession, citizenship, triage_id) VALUES ('0712686656','Εφραίμ','Θεόδωρος','Χαβρεδάκης','1968-12-07','other','143.05','107.96','Μυξόρρουμα','58','94743','Πύργος','Κομοτηνή','Μεσσηνία','Πατωματζής (Επαγγέλματα Οικοδομής)','Νήσοι Μάρσαλ','None');
INSERT INTO patient_email (AMKA, phone_number) VALUES ('0712686656', 'damaskinos.roupakas@example.org');
INSERT INTO patient_phone (AMKA, phone_number) VALUES ('0712686656', '6930726369');
INSERT INTO patient_phone (AMKA, phone_number) VALUES ('0712686656', '2300656727');
INSERT INTO patient_phone (AMKA, phone_number) VALUES ('0712686656', '2580 750235');
INSERT INTO triage (level, symptoms) VALUES ('1', 'Πολύ θέλεις επιστρέφουν ελέγχου επεξεργασία συνέχεια. Μέχρι πλέον του δυστυχής τα απαράδεκτη.
Ναι παράδειγμα μάλλον. Ποια στη νιρβάνα δε ήδη δημιουργήσεις. Μέχρι αρπάζεις χρειάζονται σημαντικό.');
INSERT INTO patient (AMKA, first_name, middle_name, last_name, date_of_birth, sex, weight, height, street_name, street_number, postal_code, area, municipality, prefecture,  profession, citizenship, triage_id) VALUES ('2805795353','Λουκία',NULL,'Βασιλειάδη','1979-05-28','female','58.73','123.86','Τριζονίων','82','871 55','Λευκάδα','Έδεσσα','Ροδόπη','Διοικητικό Στέλεχος Αθλητισμού','Βιετνάμ','None');
INSERT INTO patient_email (AMKA, phone_number) VALUES ('2805795353', 'ppapastaurou@example.org');
INSERT INTO patient_email (AMKA, phone_number) VALUES ('2805795353', 'chrysostomi73@example.com');
INSERT INTO patient_phone (AMKA, phone_number) VALUES ('2805795353', '2380874610');
INSERT INTO patient_phone (AMKA, phone_number) VALUES ('2805795353', '2108839227');
INSERT INTO patient_phone (AMKA, phone_number) VALUES ('2805795353', '+30 2060 751333');
INSERT INTO triage (level, symptoms) VALUES ('3', 'Δημιουργια λετπά παράγοντες δύο υπηρεσία εκτελέσει αγοράζοντας κάτι. Γεγονός σας έστειλε αναφέρονται.
Τους φαινόμενο ιδιαίτερα σημαντικός υψηλότερη. Που έχω συνεντεύξεις μιας διασφαλίζεται πάντα.');
INSERT INTO patient (AMKA, first_name, middle_name, last_name, date_of_birth, sex, weight, height, street_name, street_number, postal_code, area, municipality, prefecture,  profession, citizenship, triage_id) VALUES ('0204648204','Χρυσάνθη',NULL,'Κουρελής','1964-04-02','other','93.34','142.16','Πάροδος Κυμίνων','119','245 54','Θεσσαλονίκη','Αθήνα','Γρεβενά','Βοηθός Φαρμακοποιού','Παλαιστίνη','None');
INSERT INTO patient_email (AMKA, phone_number) VALUES ('0204648204', 'akoutsoureli@example.org');
INSERT INTO patient_phone (AMKA, phone_number) VALUES ('0204648204', '+30 2892 009824');
INSERT INTO patient_phone (AMKA, phone_number) VALUES ('0204648204', '210 9127281');
INSERT INTO triage (level, symptoms) VALUES ('2', 'Σου ήδη μας τι βιαστικά τις. Ανώδυνη προϊόντα ατόμου εκτελέσει αρχεία χρησιμοποιούνταν. Κάτι κι αναγκάζονται αρέσει εξακολουθεί στις.');
INSERT INTO patient (AMKA, first_name, middle_name, last_name, date_of_birth, sex, weight, height, street_name, street_number, postal_code, area, municipality, prefecture,  profession, citizenship, triage_id) VALUES ('1904175530','Ρεβέκκα','Όλγα','Πουλίδα','2017-04-19','other','122.72','118.72','Βραγιά','120','47649','Τρίκαλα','Κατερίνη','Αιτωλία & Ακαρνανία','Προπονητής Κολύμβησης','Γουάλις και Φουτούνα','None');
INSERT INTO patient_email (AMKA, phone_number) VALUES ('1904175530', 'lkouklatzis@example.org');
INSERT INTO patient_email (AMKA, phone_number) VALUES ('1904175530', 'raggelis@example.com');
INSERT INTO patient_phone (AMKA, phone_number) VALUES ('1904175530', '+306904453383');
INSERT INTO patient_phone (AMKA, phone_number) VALUES ('1904175530', '(+30) 2524 803660');
INSERT INTO triage (level, symptoms) VALUES ('3', 'Σημεία στα χρησιμοποιούνταν ένα ίδιο. Σκεφτείς επιχείριση μια έτοιμος απλό κάτι. Κι δημιουργια ροή λίγο φράση ποσοστό ναι να.');
INSERT INTO patient (AMKA, first_name, middle_name, last_name, date_of_birth, sex, weight, height, street_name, street_number, postal_code, area, municipality, prefecture,  profession, citizenship, triage_id) VALUES ('1007879786','Επαμεινώνδας',NULL,'Ότσος','1987-07-10','other','111.71','171.2','Πλ. Ατσιποπούλου','26','103 13','Άμφισσα','Αγ. Νικόλαος','Ημαθία','Σεισμολόγος','Βοσνία-Ερζεγοβίνη','None');
INSERT INTO patient_email (AMKA, phone_number) VALUES ('1007879786', 'diogenis.siganos@example.net');
INSERT INTO patient_phone (AMKA, phone_number) VALUES ('1007879786', '+30 6960 054677');
INSERT INTO triage (level, symptoms) VALUES ('1', 'Γραμμές εντολές όχι έτσι. Πλέον διαφήμιση προκαλείς συνηθίζουν. Παίξουν γιαυτό δοκιμάσεις άρθρων δεν εργαζόμενων.');
INSERT INTO patient (AMKA, first_name, middle_name, last_name, date_of_birth, sex, weight, height, street_name, street_number, postal_code, area, municipality, prefecture,  profession, citizenship, triage_id) VALUES ('2012755378','Πολυξένη',NULL,'Σκυλογιάννη','1975-12-20','other','63.16','129.75','Αγίας Σωτήρας','123','ΤΚ 399 76','Καβάλα','Λαμία','Ημαθία','Σερβιτόρος','Παραγουάη','None');
INSERT INTO patient_email (AMKA, phone_number) VALUES ('2012755378', 'emanopoulou@example.net');
INSERT INTO patient_phone (AMKA, phone_number) VALUES ('2012755378', '210 9456174');
INSERT INTO triage (level, symptoms) VALUES ('2', 'Χρησιμοποιούσες τρόποι υποψήφιο κλπ άτομο.
Εργοστασίου ως περίπου γνωστή αποφάσισε εκτελέσει. Θέλεις νέα να όχι μπορούσες εγώ.');
INSERT INTO patient (AMKA, first_name, middle_name, last_name, date_of_birth, sex, weight, height, street_name, street_number, postal_code, area, municipality, prefecture,  profession, citizenship, triage_id) VALUES ('3001188883','Αντίγονος','Αριστείδης','Γερούκη','2018-01-30','other','95.57','56.89','Κομοτηνής','150','99186','Άμφισσα','Λιβαδιά','Άρτα','Γραμματέας','Ουγκάντα','None');
INSERT INTO patient_email (AMKA, phone_number) VALUES ('3001188883', 'eurykleia.mauridou@example.net');
INSERT INTO patient_phone (AMKA, phone_number) VALUES ('3001188883', '2250484300');
INSERT INTO triage (level, symptoms) VALUES ('5', 'Στη αναφορά περιμένουν δύο κόλπα εργάστηκε καταλάθος. Όχι τοπικές νόμιζες. Κόψεις της απλό διορθώσει. Θυμάμαι κάτι εκτός όσο δεν.
Κανείς δίνοντας πλέον ναι. Τύπου κόψεις ήδη απαράδεκτη.');
INSERT INTO patient (AMKA, first_name, middle_name, last_name, date_of_birth, sex, weight, height, street_name, street_number, postal_code, area, municipality, prefecture,  profession, citizenship, triage_id) VALUES ('2005979445','Μηνάς',NULL,'Παπαγιαννόπουλος','1997-05-20','male','116.57','135.3','Πλ. Βοριζίων','92','29659','Αργοστόλι','Λάρισα','Ροδόπη','Ναυπηγός Μηχανικός','Μαυροβούνιο','None');
INSERT INTO patient_email (AMKA, phone_number) VALUES ('2005979445', 'georgitsi.sofronia@example.com');
INSERT INTO patient_email (AMKA, phone_number) VALUES ('2005979445', 'maurommatis.io@example.org');
INSERT INTO patient_phone (AMKA, phone_number) VALUES ('2005979445', '+306972909105');
INSERT INTO patient_phone (AMKA, phone_number) VALUES ('2005979445', '6932948128');
INSERT INTO triage (level, symptoms) VALUES ('4', 'Όχι κύκλο και εκτελέσει του. Πιο του όσο. Το προσοχή όταν εδώ μια προσοχή δείξει.
Θυμάμαι κανόνα οι αποδείξεις σίγουρος εκτελέσεις γειτονιάς. Υόρκη παράδειγμα τοπικές ρωτάει πήρε εδώ γνωστή.');
INSERT INTO patient (AMKA, first_name, middle_name, last_name, date_of_birth, sex, weight, height, street_name, street_number, postal_code, area, municipality, prefecture,  profession, citizenship, triage_id) VALUES ('1602601397','Κασσάνδρα',NULL,'Καρακυρίου','1960-02-16','other','111.02','73.09','Σταμνάς','90','ΤΚ 162 79','Μυτιλήνη','Αθήνα','Σάμος','Εκκλησιαστική και Πολιτιστική Κατάρτιση','Νήσοι Χερντ και Μακντόναλντ','None');
INSERT INTO patient_email (AMKA, phone_number) VALUES ('1602601397', 'polykratis.kondylidis@example.net');
INSERT INTO patient_email (AMKA, phone_number) VALUES ('1602601397', 'thiseus.mpillas@example.com');
INSERT INTO patient_phone (AMKA, phone_number) VALUES ('1602601397', '2650763856');
INSERT INTO triage (level, symptoms) VALUES ('3', 'Πρώτοι τελειώσει σταματάς ένα δείξει γεύματος. Επεξεργασία συνεχώς χαμηλός δύο. Αγοράζοντας απομόνωση χειρότερα παίρνει διευθυντές διάσημα τύπους. Χαρακτηριστικό πάντα για εργαζόμενων διαχειριστής.');
INSERT INTO patient (AMKA, first_name, middle_name, last_name, date_of_birth, sex, weight, height, street_name, street_number, postal_code, area, municipality, prefecture,  profession, citizenship, triage_id) VALUES ('2009840243','Ευστρατία',NULL,'Τσαγκρασούλης','1984-09-20','other','138.81','91.04','Μακρισίων','138','ΤΚ 999 52','Αλεξανδρούπολη','Τρίκαλα','Φλώρινα','Μηχανικός Πολεμικού Ναυτικού','Γροιλανδία','None');
INSERT INTO patient_email (AMKA, phone_number) VALUES ('2009840243', 'kyros.katsimali@example.com');
INSERT INTO patient_phone (AMKA, phone_number) VALUES ('2009840243', '2105812804');
INSERT INTO triage (level, symptoms) VALUES ('5', 'Θυμάμαι πιο συνηθίζουν μεταγλωτιστής τοπικές επιχείριση.
Λέει θα στις πάντα γιαυτό. Να βγήκε έχω παραδοτέου συγκεντρωμένοι αναφέρονται μάλλον. Ποια απλό όταν προσοχή γνωρίζουμε.');
INSERT INTO patient (AMKA, first_name, middle_name, last_name, date_of_birth, sex, weight, height, street_name, street_number, postal_code, area, municipality, prefecture,  profession, citizenship, triage_id) VALUES ('2003425218','Καρυοφυλλιά',NULL,'Φρονιμάκη','1942-03-20','other','122.26','97.97','Κτισμάτων','148','805 17','Αργοστόλι','Σέρρες','Γρεβενά','Προπονητής Γυμναστικής με Βάρη','Νότιος Αφρική','None');
INSERT INTO patient_email (AMKA, phone_number) VALUES ('2003425218', 'eutychia81@example.net');
INSERT INTO patient_phone (AMKA, phone_number) VALUES ('2003425218', '+306910605446');
INSERT INTO patient_phone (AMKA, phone_number) VALUES ('2003425218', '6944 369385');
INSERT INTO patient_phone (AMKA, phone_number) VALUES ('2003425218', '6959 993 553');
INSERT INTO triage (level, symptoms) VALUES ('5', 'Βιβλίο ανταγωνιστής ίδιο εικόνες. Λετπά πήρε καλύτερο κανένας τεσσαρών πολύ τι. Γραφικά διορθώσεις έχω γραμμές ανακλύψεις εφαρμογής ως.');
INSERT INTO patient (AMKA, first_name, middle_name, last_name, date_of_birth, sex, weight, height, street_name, street_number, postal_code, area, municipality, prefecture,  profession, citizenship, triage_id) VALUES ('2604635593','Θεοδόσιος',NULL,'Κυργιά','1963-04-26','male','82.48','142.37','Ξαμουδοχωρίου','14','ΤΚ 60318','Ερμούπολη','Σάμος','Λάρισσα','Μετεωρολόγος','Λαοκρατική Δημοκρατία της Κορέας','None');
INSERT INTO patient_email (AMKA, phone_number) VALUES ('2604635593', 'varaklis.emmanouil@example.org');
INSERT INTO patient_email (AMKA, phone_number) VALUES ('2604635593', 'rogaris.ermis@example.org');
INSERT INTO patient_phone (AMKA, phone_number) VALUES ('2604635593', '2950 642 758');
INSERT INTO patient_phone (AMKA, phone_number) VALUES ('2604635593', '2100766774');
INSERT INTO triage (level, symptoms) VALUES ('5', 'Εδώ ζητήσεις ίδιο σε διακοπής διαδίκτυο σταματάς. Μη πρώτης τύπους ένας κοιτάζοντας άρα γραμμή. Προσεκτικά ανά δύο παραδοτέου δεν.');
INSERT INTO patient (AMKA, first_name, middle_name, last_name, date_of_birth, sex, weight, height, street_name, street_number, postal_code, area, municipality, prefecture,  profession, citizenship, triage_id) VALUES ('0104975155','Κοκκώνα',NULL,'Καρανίκας','1997-04-01','female','88.23','188.7','Πέλεκα','190','ΤΚ 686 99','Πολύγυρος','Ηράκλειο','Μαγνησία','Ειδικός Φρουρός','Δημοκρατία της Κορέας','None');
INSERT INTO patient_email (AMKA, phone_number) VALUES ('0104975155', 'petrakis.epameinondas@example.org');
INSERT INTO patient_phone (AMKA, phone_number) VALUES ('0104975155', '2693004245');
INSERT INTO triage (level, symptoms) VALUES ('2', 'Παράγοντες σωστά στέλνοντάς αφήσεις τη στέλνοντάς. Λετπά μεταφραστής της νόμιζες συγχρόνως παράγοντες. Δουλεύει ήδη παραπάνω εκτελέσει.');
INSERT INTO patient (AMKA, first_name, middle_name, last_name, date_of_birth, sex, weight, height, street_name, street_number, postal_code, area, municipality, prefecture,  profession, citizenship, triage_id) VALUES ('0512781377','Αρχοντία',NULL,'Τρομπούκη','1978-12-05','male','57.61','102.53','Φισίνης','43','023 08','Θεσσαλονίκη','Καβάλα','Μεσσηνία','Σχεδιαστής Μέσω Συστημάτων Η/Υ','Αραβική Δημοκρατία της Λιβύης','None');
INSERT INTO patient_email (AMKA, phone_number) VALUES ('0512781377', 'konstantinos.konsoula@example.net');
INSERT INTO patient_phone (AMKA, phone_number) VALUES ('0512781377', '20560 84 450');
INSERT INTO patient_phone (AMKA, phone_number) VALUES ('0512781377', '+30 6905 094602');
INSERT INTO triage (level, symptoms) VALUES ('2', 'Διευθυντές κρατήσουν έστειλε διευθυντές στις μέσης σας. Χαρτιού απίστευτα πλέον επεξεργασία ποια διαχειριστής. Αναφορά παράγοντες μα πρώτοι ζητήσεις.');
INSERT INTO patient (AMKA, first_name, middle_name, last_name, date_of_birth, sex, weight, height, street_name, street_number, postal_code, area, municipality, prefecture,  profession, citizenship, triage_id) VALUES ('3008621956','Μαλαμάτη',NULL,'Καφαντάρη','1962-08-30','other','66.76','107.15','Λιας','30','98595','Λιβαδιά','Κοζάνη','Μαγνησία','Χορογράφος','Κονγκό','None');
INSERT INTO patient_email (AMKA, phone_number) VALUES ('3008621956', 'oavramidis@example.com');
INSERT INTO patient_phone (AMKA, phone_number) VALUES ('3008621956', '(+30) 2235 283872');
INSERT INTO patient_phone (AMKA, phone_number) VALUES ('3008621956', '(+30) 6988 943236');
INSERT INTO triage (level, symptoms) VALUES ('1', 'Καλύτερο ταξινομεί άρθρων πήρε μεταγλωτίσει ερώτηση. Έστειλε λέει εταιρείες εξοργιστικά. Ζητήσεις των λοιπόν πάντα μάτσο προσπαθούν κύκλο. Τους μιας περιμένουν ανακλύψεις ευκολότερο χρησιμοποιούσες.');
INSERT INTO patient (AMKA, first_name, middle_name, last_name, date_of_birth, sex, weight, height, street_name, street_number, postal_code, area, municipality, prefecture,  profession, citizenship, triage_id) VALUES ('0205605392','Βαλέριος',NULL,'Λελεδάκης','1960-05-02','other','149.92','90.38','Πάροδος Μασάρων','35','768 47','Χαλκίδα','Πάτρα','Λάρισσα','Ταχυδρόμος','Πορτογαλία','None');
INSERT INTO patient_email (AMKA, phone_number) VALUES ('0205605392', 'ntsioupra@example.org');
INSERT INTO patient_email (AMKA, phone_number) VALUES ('0205605392', 'hkatsimali@example.com');
INSERT INTO patient_phone (AMKA, phone_number) VALUES ('0205605392', '(+30) 6996 544629');
INSERT INTO patient_phone (AMKA, phone_number) VALUES ('0205605392', '+30 6913 932690');
INSERT INTO triage (level, symptoms) VALUES ('2', 'Παράγοντες ας δεν σίγουρος. Μα εκτός δεν περιβάλλοντος σταματάς πάντα κανένας. Μετράει λίγο κρατήσουν άλγεβρα ακούσει.
Επιχείριση δύο προϊόντα μέσης μου της εκτελέσει. Μάθε ο τα ας έρθει δούλευε.');
INSERT INTO patient (AMKA, first_name, middle_name, last_name, date_of_birth, sex, weight, height, street_name, street_number, postal_code, area, municipality, prefecture,  profession, citizenship, triage_id) VALUES ('2707568420','Κυπριανή',NULL,'Ρόγαρης','1956-07-27','female','96.39','161.96','Προσηλίων','172','ΤΚ 17314','Κατερίνη','Ερμούπολη','Χίος','Τεχνίτης Ψάθας - Καλαθοποιίας','Γκάνα','None');
INSERT INTO patient_email (AMKA, phone_number) VALUES ('2707568420', 'rallia.kioses@example.com');
INSERT INTO patient_phone (AMKA, phone_number) VALUES ('2707568420', '+306913781028');
INSERT INTO patient_phone (AMKA, phone_number) VALUES ('2707568420', '+302851842145');
INSERT INTO patient_phone (AMKA, phone_number) VALUES ('2707568420', '6915 841 534');
INSERT INTO triage (level, symptoms) VALUES ('1', 'Φράση απίστευτα δωροδοκηθούν πετάξαμε προβληματική δύο. Τη κι άπειρα αυτήν.
Περισσότερες αναγκάζονται χαρακτηριστικό αυτήν μπορούσες χάος επιδιορθώσεις.');
INSERT INTO patient (AMKA, first_name, middle_name, last_name, date_of_birth, sex, weight, height, street_name, street_number, postal_code, area, municipality, prefecture,  profession, citizenship, triage_id) VALUES ('2206815402','Θέτις',NULL,'Κυριακίδης','1981-06-22','female','82.64','76.9','Μυρρίνης','188','83358','Χανιά','Χαλκίδα','Κοζάνη','Τεχνικός Ελέγχου Βιομηχανικού και Εργασιακού Περιβάλλοντος','Κολομβία','None');
INSERT INTO patient_email (AMKA, phone_number) VALUES ('2206815402', 'ogeropoulos@example.org');
INSERT INTO patient_phone (AMKA, phone_number) VALUES ('2206815402', '2000 534987');
INSERT INTO triage (level, symptoms) VALUES ('5', 'Δεν στις στα. Που χρησιμοποιώντας τους περισσότερες ερωτήσεις γεύματος ερωτήσεις στη. Κάτι να γραφικά κόψεις όταν επιστρέφουν το δωροδοκηθούν.');
INSERT INTO patient (AMKA, first_name, middle_name, last_name, date_of_birth, sex, weight, height, street_name, street_number, postal_code, area, municipality, prefecture,  profession, citizenship, triage_id) VALUES ('2705791691','Δημήτρης','Κυράτσα','Δουλγεράκης','1979-05-27','male','123.57','153.91','Τόμπρη','131','96744','Καστοριά','Ρόδος','Αττική','Εισαγγελέας','Μαγιότ','None');
INSERT INTO patient_email (AMKA, phone_number) VALUES ('2705791691', 'smanousopoulou@example.com');
INSERT INTO patient_email (AMKA, phone_number) VALUES ('2705791691', 'varsamos35@example.org');
INSERT INTO patient_phone (AMKA, phone_number) VALUES ('2705791691', '6958 782 931');
INSERT INTO triage (level, symptoms) VALUES ('4', 'Πες σε ποσοστό χρησιμοποίησέ. Μετράει μηχανής γραφικά για δυστυχώς.
Ίδιο εγώ πάντως είχαμε κανόνα μέσης. Περιβάλλον έξι ως απαρατήρητο θέματα.');
INSERT INTO patient (AMKA, first_name, middle_name, last_name, date_of_birth, sex, weight, height, street_name, street_number, postal_code, area, municipality, prefecture,  profession, citizenship, triage_id) VALUES ('0306013421','Φώτιος',NULL,'Φιλιππάτος','2001-06-03','male','142.44','89.0','Μοχού','128','16725','Πρέβεζα','Πύργος','Πέλλα','Ειδικός Ξενοδοχειακών Υπηρεσιών και Τροφοδοσίας','Μαρτινίκη','None');
INSERT INTO patient_email (AMKA, phone_number) VALUES ('0306013421', 'latskos.apostolos@example.org');
INSERT INTO patient_email (AMKA, phone_number) VALUES ('0306013421', 'athanasios27@example.org');
INSERT INTO patient_phone (AMKA, phone_number) VALUES ('0306013421', '210 049 3208');
INSERT INTO patient_phone (AMKA, phone_number) VALUES ('0306013421', '2440 582 911');
INSERT INTO patient_phone (AMKA, phone_number) VALUES ('0306013421', '210 0387881');
INSERT INTO triage (level, symptoms) VALUES ('1', 'Χρησιμοποιώντας εργοστασίου άρα εξοργιστικά έχω προκύπτουν τον. Κανόνα βάζοντας ποια εκτελέσεις πες πλέον παραγωγικής. Ένα κοιτάζοντας πετάνε εταιρείες.');
INSERT INTO patient (AMKA, first_name, middle_name, last_name, date_of_birth, sex, weight, height, street_name, street_number, postal_code, area, municipality, prefecture,  profession, citizenship, triage_id) VALUES ('2208042954','Ερωφίλη',NULL,'Παλαιολογοπούλου','2004-08-22','other','125.24','197.65','Πάρ. Κιμμερίων','147','22543','Λευκάδα','Αγ. Νικόλαος','Λασσίθι','Τεχνίτης Φαρμάκων - Καλλυντικών - Τεχνικός Φαρμάκων Καλλυντικών και Παρεμφερών Προϊόντων','Ανατολικό Τιμόρ','None');
INSERT INTO patient_email (AMKA, phone_number) VALUES ('2208042954', 'panousis.laokratis@example.com');
INSERT INTO patient_phone (AMKA, phone_number) VALUES ('2208042954', '+302343124647');
INSERT INTO patient_phone (AMKA, phone_number) VALUES ('2208042954', '2902024166');
INSERT INTO triage (level, symptoms) VALUES ('5', 'Τελειώσει μεταφραστής σωστά αν εκτελέσεις. Χαρακτηριστικών περιεχόμενα πετάνε εδώ.');
INSERT INTO patient (AMKA, first_name, middle_name, last_name, date_of_birth, sex, weight, height, street_name, street_number, postal_code, area, municipality, prefecture,  profession, citizenship, triage_id) VALUES ('2107155972','Κρυστάλλης',NULL,'Σταμέλος','2015-07-21','male','116.97','170.36','Λεωφόρος Παλαιομανίνας','50','67062','Αθήνα','Σπάρτη','Λασσίθι','Μουσικός Ενορχηστρωτής','Τόγκο','None');
INSERT INTO patient_email (AMKA, phone_number) VALUES ('2107155972', 'xanthi38@example.com');
INSERT INTO patient_email (AMKA, phone_number) VALUES ('2107155972', 'avraam60@example.net');
INSERT INTO patient_phone (AMKA, phone_number) VALUES ('2107155972', '210 946 8508');
INSERT INTO patient_phone (AMKA, phone_number) VALUES ('2107155972', '6992 384412');
INSERT INTO triage (level, symptoms) VALUES ('2', 'Χαμηλός απομόνωση που μη διάβασε χρησιμοποίησέ. Παίρνουν παραγωγικής δημιουργήσεις υποψήφιο καταλάθος. Και επιδιορθώσεις για απομόνωση απόλαυσε ότι είχαμε.');
INSERT INTO patient (AMKA, first_name, middle_name, last_name, date_of_birth, sex, weight, height, street_name, street_number, postal_code, area, municipality, prefecture,  profession, citizenship, triage_id) VALUES ('2308996235','Αγαθή','Πίνδαρος','Αφρουδάκης','1999-08-23','other','113.51','65.96','Δαμαλά','174','ΤΚ 694 10','Ξάνθη','Τρίπολη','Γρεβενά','Σχολικός Σύμβουλος','Βόρειες Μαριάνες Νήσοι','None');
INSERT INTO patient_email (AMKA, phone_number) VALUES ('2308996235', 'galateia68@example.org');
INSERT INTO patient_phone (AMKA, phone_number) VALUES ('2308996235', '+30 2398 986650');
INSERT INTO triage (level, symptoms) VALUES ('2', 'Ως σίγουρος παραδώσεις λοιπόν. Τέλειοι που έτοιμος. Κάτι εξακολουθεί παράδειγμα στο.
Επί ρουτίνα ρωτάει των. Μερικούς γέλασαν περιβάλλον εργαλείων μάλλον.');
INSERT INTO patient (AMKA, first_name, middle_name, last_name, date_of_birth, sex, weight, height, street_name, street_number, postal_code, area, municipality, prefecture,  profession, citizenship, triage_id) VALUES ('2607109318','Φλωρεντία',NULL,'Τσικρίκα','2010-07-26','other','115.22','161.49','Πλατεία Πιλαλίστρας','115','866 87','Μεσολόγγι','Χανιά','Χαλκιδική','Τεχνικός Υπαξιωματικός Αεροπορίας','Δομινικανή Δημοκρατία','None');
INSERT INTO patient_email (AMKA, phone_number) VALUES ('2607109318', 'euaggelinos.eleonora@example.com');
INSERT INTO patient_email (AMKA, phone_number) VALUES ('2607109318', 'anaxagoras.avagianos@example.org');
INSERT INTO patient_phone (AMKA, phone_number) VALUES ('2607109318', '(+30) 2733 001855');
INSERT INTO patient_phone (AMKA, phone_number) VALUES ('2607109318', '2305023510');
INSERT INTO patient_phone (AMKA, phone_number) VALUES ('2607109318', '2100656318');
INSERT INTO triage (level, symptoms) VALUES ('3', 'Οι δίνοντας στα δημιουργια. Για ήδη βασανίζουν πήρε εγώ μια να. Αντιλήφθηκαν απαρατήρητο μπορούσες αν.');
INSERT INTO patient (AMKA, first_name, middle_name, last_name, date_of_birth, sex, weight, height, street_name, street_number, postal_code, area, municipality, prefecture,  profession, citizenship, triage_id) VALUES ('2404489904','Γιάννης',NULL,'Δρακάκης','1948-04-24','male','122.08','51.17','Κανταρελή','156','90934','Καρδίτσα','Λάρισα','Δωδεκάνησσος','Ηθοποιός','Ανατολικό Τιμόρ','None');
INSERT INTO patient_email (AMKA, phone_number) VALUES ('2404489904', 'iantoniadis@example.com');
INSERT INTO patient_email (AMKA, phone_number) VALUES ('2404489904', 'ippolytos91@example.org');
INSERT INTO patient_phone (AMKA, phone_number) VALUES ('2404489904', '+30 2696 048512');
INSERT INTO patient_phone (AMKA, phone_number) VALUES ('2404489904', '25280 99 284');
INSERT INTO patient_phone (AMKA, phone_number) VALUES ('2404489904', '6991 196 818');
INSERT INTO triage (level, symptoms) VALUES ('5', 'Διαφήμιση κάτι απλό τέλειοι θυμάμαι τελειώσει. Για πλέον τι.
Αναφέρονται τον παραγωγικής κάτι όχι. Κι άρα χρησιμοποιούσες πρώτο οι.
Από θυμάμαι και τύπου. Πάντα προϊόντα ως εργαζόμενων.');
INSERT INTO patient (AMKA, first_name, middle_name, last_name, date_of_birth, sex, weight, height, street_name, street_number, postal_code, area, municipality, prefecture,  profession, citizenship, triage_id) VALUES ('1109943212','Αναξαγόρας',NULL,'Τσούπρας','1994-09-11','male','100.56','120.49','Κροκυλείου','103','ΤΚ 792 09','Μυτιλήνη','Βόλος','Λέσβος','Μαιευτής – Μαία','Αϊτή','None');
INSERT INTO patient_email (AMKA, phone_number) VALUES ('1109943212', 'erieta.koulaousari@example.com');
INSERT INTO patient_email (AMKA, phone_number) VALUES ('1109943212', 'fkarakaxis@example.com');
INSERT INTO patient_phone (AMKA, phone_number) VALUES ('1109943212', '+30 2615 815906');
INSERT INTO triage (level, symptoms) VALUES ('1', 'Ως παραδοτέου νιρβάνα υποψήφιο φίλος έτσι διάσημα. Σου συγκεντρωμένοι πιο γνωρίζουμε αρπάζεις. Κάνεις χρησιμοποίησέ ερωτήσεις.
Νέα με κειμένων αν. Ένας μάλλον αποφάσισε ίδιο δούλευε.');
INSERT INTO patient (AMKA, first_name, middle_name, last_name, date_of_birth, sex, weight, height, street_name, street_number, postal_code, area, municipality, prefecture,  profession, citizenship, triage_id) VALUES ('0403251413','Πολυκράτης',NULL,'Παπαευαγγέλου','2025-03-04','male','146.78','163.24','Διευχών','29','455 34','Τρίπολη','Τρίκαλα','Κέρκυρα','Ενδυματολόγος','Γουαδελούπη','None');
INSERT INTO patient_email (AMKA, phone_number) VALUES ('0403251413', 'georgalas.klairi@example.org');
INSERT INTO patient_phone (AMKA, phone_number) VALUES ('0403251413', '29650 81 034');
INSERT INTO patient_phone (AMKA, phone_number) VALUES ('0403251413', '2426068421');
INSERT INTO patient_phone (AMKA, phone_number) VALUES ('0403251413', '+30 2603 694507');
INSERT INTO triage (level, symptoms) VALUES ('3', 'Υποψήφιο θυμάμαι φαινόμενο προβληματική περιμένουν. Εδώ τέλειοι χαρτιού στο.
Υπηρεσία συνηθίζουν βγήκε ποια. Μάτσο κι στο πως στις στη. Κανένας παράγοντες εργάστηκε.');
INSERT INTO patient (AMKA, first_name, middle_name, last_name, date_of_birth, sex, weight, height, street_name, street_number, postal_code, area, municipality, prefecture,  profession, citizenship, triage_id) VALUES ('2101154005','Στυλιανός',NULL,'Αμυγδαλάκης','2015-01-21','female','100.08','146.04','Αργυράς','2','999 94','Βέροια','Φλώρινα','Μεσσηνία','Κτηνοτρόφος','Τόνγκα','None');
INSERT INTO patient_email (AMKA, phone_number) VALUES ('2101154005', 'wantoniadis@example.com');
INSERT INTO patient_phone (AMKA, phone_number) VALUES ('2101154005', '210 8272986');
INSERT INTO patient_phone (AMKA, phone_number) VALUES ('2101154005', '+302918719418');
INSERT INTO triage (level, symptoms) VALUES ('4', 'Παραδοτέου ως των στέλνοντάς πάντως ρωτάει. Μα όσο αν πιο.
Ποια εξοργιστικά ο παραπάνω βαθμό των. Αγοράζοντας έγραψες έξι ο μάτσο έστελνε φακέλους αντιλήφθηκαν.');
INSERT INTO patient (AMKA, first_name, middle_name, last_name, date_of_birth, sex, weight, height, street_name, street_number, postal_code, area, municipality, prefecture,  profession, citizenship, triage_id) VALUES ('2008719736','Λαοκράτης',NULL,'Νατσουλή','1971-08-20','male','76.68','123.24','Βλαχομάνδρας','155','ΤΚ 088 39','Βόλος','Άρτα','Αρκαδία','Επικοινωνιολόγος','Νησιά Καϋμάν','None');
INSERT INTO patient_email (AMKA, phone_number) VALUES ('2008719736', 'amara@example.com');
INSERT INTO patient_email (AMKA, phone_number) VALUES ('2008719736', 'adam82@example.com');
INSERT INTO patient_phone (AMKA, phone_number) VALUES ('2008719736', '27360 68 251');
INSERT INTO patient_phone (AMKA, phone_number) VALUES ('2008719736', '+306967851433');
INSERT INTO patient_phone (AMKA, phone_number) VALUES ('2008719736', '+306933811424');
INSERT INTO triage (level, symptoms) VALUES ('3', 'Εκτελείται πάρεις γνωστή εργαζόμενων. Μάλλον ξέχασε στέλνοντάς αθόρυβες όσο επί.
Γεγονός δεδομένων νέα εξακολουθεί. Μα βαθμό προσοχή πιο εγώ. Μας δε έγραψες νέο.');
INSERT INTO patient (AMKA, first_name, middle_name, last_name, date_of_birth, sex, weight, height, street_name, street_number, postal_code, area, municipality, prefecture,  profession, citizenship, triage_id) VALUES ('0606745509','Βικτωρία',NULL,'Μασόπουλος','1974-06-06','female','141.81','199.37','Βλαχοκερασέας','144','ΤΚ 88474','Χίος','Ερμούπολη','Αττική','Βοηθός Νοσηλευτή Τραυματολογίας','Κατάρ','None');
INSERT INTO patient_email (AMKA, phone_number) VALUES ('0606745509', 'tkarananou@example.com');
INSERT INTO patient_phone (AMKA, phone_number) VALUES ('0606745509', '(+30) 2606 037321');
INSERT INTO triage (level, symptoms) VALUES ('2', 'Θέμα δημιουργήσεις τη λες ήδη εκτός κώδικα.
Λέει μαγικά χρόνου και στο. Για τέλειοι διασφαλίζεται μερικούς μας. Κρατάει χρησιμοποιώντας δεδομένων τον συγγραφείς μάθε.');
INSERT INTO patient (AMKA, first_name, middle_name, last_name, date_of_birth, sex, weight, height, street_name, street_number, postal_code, area, municipality, prefecture,  profession, citizenship, triage_id) VALUES ('2809095059','Νικητία',NULL,'Σπαθόπουλος','2009-09-28','male','93.59','54.26','Κουκουναράς','39','ΤΚ 31980','Χίος','Έδεσσα','Αργολίδα','Ειδικός Ηλεκτρονικής Σχεδίασης Εντύπου','Μοζαμβίκη','None');
INSERT INTO patient_email (AMKA, phone_number) VALUES ('2809095059', 'natalia51@example.net');
INSERT INTO patient_phone (AMKA, phone_number) VALUES ('2809095059', '21760 91 311');
INSERT INTO patient_phone (AMKA, phone_number) VALUES ('2809095059', '(+30) 6918 623520');
INSERT INTO triage (level, symptoms) VALUES ('2', 'Από ανά διάβασε βασανίζουν. Αγοράζοντας σε ποια εξοργιστικά ναι δείξει.');
INSERT INTO patient (AMKA, first_name, middle_name, last_name, date_of_birth, sex, weight, height, street_name, street_number, postal_code, area, municipality, prefecture,  profession, citizenship, triage_id) VALUES ('3110822243','Ζηνοβία',NULL,'Γραμματικόπουλος','1982-10-31','other','133.59','131.55','Πλατεία Δολού','53','ΤΚ 54327','Τρίκαλα','Αργοστόλι','Κοζάνη','Αναλογιστής','Κουρακάο','None');
INSERT INTO patient_email (AMKA, phone_number) VALUES ('3110822243', 'tpapadimitrakis@example.org');
INSERT INTO patient_email (AMKA, phone_number) VALUES ('3110822243', 'koukouva.margarita@example.com');
INSERT INTO patient_phone (AMKA, phone_number) VALUES ('3110822243', '+30 2037 013522');
INSERT INTO triage (level, symptoms) VALUES ('1', 'Προκαλείς ένας τους επεξεργασία χρονοδιαγράμματα βρίσκονται κώδικα. Ερώτηση συγκεντρωμένοι βρίσκονται πάντως συνεχώς. Ελέγχου πες κώδικάς χώρου σαν διακόψουμε γραμμές.');
INSERT INTO patient (AMKA, first_name, middle_name, last_name, date_of_birth, sex, weight, height, street_name, street_number, postal_code, area, municipality, prefecture,  profession, citizenship, triage_id) VALUES ('2912122195','Λεώνη','Πολυτίμη','Μανιάτη','2012-12-29','female','54.98','167.76','Μεγάλης Γότιστας','67','ΤΚ 63665','Βέροια','Λάρισα','Κεφαλληνία','Αναισθησιολόγος','Αιθιοπία','None');
INSERT INTO patient_email (AMKA, phone_number) VALUES ('2912122195', 'diamantoula31@example.org');
INSERT INTO patient_phone (AMKA, phone_number) VALUES ('2912122195', '2104133920');
INSERT INTO patient_phone (AMKA, phone_number) VALUES ('2912122195', '2260 389233');
INSERT INTO patient_phone (AMKA, phone_number) VALUES ('2912122195', '+30 2634 824870');
INSERT INTO triage (level, symptoms) VALUES ('4', 'Δείξει εγώ όχι εταιρείες κόψεις ίδιο τα. Διορθώσεις εντολές κάνε μιας τα από γνωρίζουμε υπηρεσία.
Σημαντικό εγώ ότι στο έχω σε χάος. Λετπά δύο νέου τη δουλεύει ωραίο πως.');
INSERT INTO patient (AMKA, first_name, middle_name, last_name, date_of_birth, sex, weight, height, street_name, street_number, postal_code, area, municipality, prefecture,  profession, citizenship, triage_id) VALUES ('2803535937','Χρυσοβαλάντω','Γερασιμούλα','Αγγελάκη','1953-03-28','male','79.85','186.18','Κυρίτση','128','340 16','Τρίπολη','Ρόδος','Αιτωλία & Ακαρνανία','Γεωγράφος','Μπαγκλαντές','None');
INSERT INTO patient_email (AMKA, phone_number) VALUES ('2803535937', 'lspanidou@example.net');
INSERT INTO patient_email (AMKA, phone_number) VALUES ('2803535937', 'danai18@example.org');
INSERT INTO patient_phone (AMKA, phone_number) VALUES ('2803535937', '2558077168');
INSERT INTO triage (level, symptoms) VALUES ('3', 'Βιαστικά σταματάς ωραίο θα. Εργαζόμενοι ναι δημιουργείς.
Μπορούσες όταν μάθε προγραμματιστής. Περίπου τους κάτι ανακλύψεις απαράδεκτη.');
INSERT INTO patient (AMKA, first_name, middle_name, last_name, date_of_birth, sex, weight, height, street_name, street_number, postal_code, area, municipality, prefecture,  profession, citizenship, triage_id) VALUES ('1110714351','Βαρβάρα',NULL,'Σύκας','1971-10-11','other','80.96','194.38','Ξηροδήμα','141','389 03','Ρέθυμνο','Καστοριά','Λασσίθι','Ειδικός Φρουρός','Μπαχρέιν','None');
INSERT INTO patient_email (AMKA, phone_number) VALUES ('1110714351', 'bkioses@example.org');
INSERT INTO patient_email (AMKA, phone_number) VALUES ('1110714351', 'rizos59@example.org');
INSERT INTO patient_phone (AMKA, phone_number) VALUES ('1110714351', '+302732100338');
INSERT INTO triage (level, symptoms) VALUES ('4', 'Περιβάλλοντος αποθηκευτικού αποφάσισε συνηθίζουν ήδη αν ίδιο. Υπηρεσία αυτήν εξοργιστικά. Δούλευε τους προσπαθούν δεν παραγωγικής.');
INSERT INTO patient (AMKA, first_name, middle_name, last_name, date_of_birth, sex, weight, height, street_name, street_number, postal_code, area, municipality, prefecture,  profession, citizenship, triage_id) VALUES ('0403743473','Δαμασκηνή',NULL,'Αλαφάκης','1974-03-04','female','120.83','71.91','Σκαφτούρου','35','ΤΚ 94218','Πολύγυρος','Καρδίτσα','Ξάνθη','Καθηγητής Πρωτοβάθμιας Εκπαίδευσης','Μοζαμβίκη','None');
INSERT INTO patient_email (AMKA, phone_number) VALUES ('0403743473', 'ioannis56@example.net');
INSERT INTO patient_email (AMKA, phone_number) VALUES ('0403743473', 'markella84@example.com');
INSERT INTO patient_phone (AMKA, phone_number) VALUES ('0403743473', '(+30) 6983 412494');
INSERT INTO patient_phone (AMKA, phone_number) VALUES ('0403743473', '210 566 4520');
INSERT INTO triage (level, symptoms) VALUES ('5', 'Προσλάμβανες μη έξι κανένας. Εκτελέσεις διαχειριστής έτσι ένα εσωτερικών πεδία. Δείξει αναγκάζονται μη γραμμές. Διακοπής ως παίρνουν γεγονός εργαζόμενοι φράση.');
INSERT INTO patient (AMKA, first_name, middle_name, last_name, date_of_birth, sex, weight, height, street_name, street_number, postal_code, area, municipality, prefecture,  profession, citizenship, triage_id) VALUES ('2506076812','Μακρίνα',NULL,'Λίτσιου','2007-06-25','other','103.4','134.25','Καλαμιτσίου Αλεξάνδρου','65','61376','Πύργος','Ρόδος','Λασσίθι','Δασολόγος','Ιράν','None');
INSERT INTO patient_email (AMKA, phone_number) VALUES ('2506076812', 'diakakis.sergios@example.net');
INSERT INTO patient_phone (AMKA, phone_number) VALUES ('2506076812', '+30 2435 135041');
INSERT INTO patient_phone (AMKA, phone_number) VALUES ('2506076812', '2970 559 216');
INSERT INTO triage (level, symptoms) VALUES ('5', 'Εργαλείων χάος χρειάζονται βαθμό κοιτάζοντας λοιπόν πες. Άλγεβρα διαδίκτυο στις ευκολότερο χρησιμοποιώντας που.
Γραμμές μάλλον από ρωτάει. Μηχανής έλεγχος κάτι εντολές δίνοντας απαράδεκτη.');
INSERT INTO patient (AMKA, first_name, middle_name, last_name, date_of_birth, sex, weight, height, street_name, street_number, postal_code, area, municipality, prefecture,  profession, citizenship, triage_id) VALUES ('3003972822','Αγαθάγγελος',NULL,'Καργάκου','1997-03-30','other','111.08','108.41','Ανεζάκη','22','ΤΚ 729 27','Βόλος','Σέρρες','Μεσσηνία','Σεναριογράφος','Καζακστάν','None');
INSERT INTO patient_email (AMKA, phone_number) VALUES ('3003972822', 'alexios67@example.org');
INSERT INTO patient_email (AMKA, phone_number) VALUES ('3003972822', 'zoi.vakalakis@example.com');
INSERT INTO patient_phone (AMKA, phone_number) VALUES ('3003972822', '2900 301695');
INSERT INTO patient_phone (AMKA, phone_number) VALUES ('3003972822', '+30 6960 965703');
INSERT INTO triage (level, symptoms) VALUES ('3', 'Εφαρμογής μηχανής δε εφαρμογής που σαν. Παίρνουν αποθηκευτικού είχαμε άτομο επί βασανίζουν παράδειγμα. Μια με νιρβάνα τον βιαστικά διακόψουμε τεκμηριώνει μηχανής.');
INSERT INTO patient (AMKA, first_name, middle_name, last_name, date_of_birth, sex, weight, height, street_name, street_number, postal_code, area, municipality, prefecture,  profession, citizenship, triage_id) VALUES ('0305257652','Νταίζη',NULL,'Χουρζαμάνη','2025-05-03','other','87.91','93.57','Νικοτσάρας','86','33234','Πρέβεζα','Καρπενήσι','Έβρος','Τεχνίτης Ψάθας - Καλαθοποιίας','Άγιος Βικέντιος και Γρεναδίνες','None');
INSERT INTO patient_email (AMKA, phone_number) VALUES ('0305257652', 'augi69@example.org');
INSERT INTO patient_email (AMKA, phone_number) VALUES ('0305257652', 'rea.rafios@example.com');
INSERT INTO patient_phone (AMKA, phone_number) VALUES ('0305257652', '+30 6965 826498');
INSERT INTO patient_phone (AMKA, phone_number) VALUES ('0305257652', '2020 743668');
INSERT INTO triage (level, symptoms) VALUES ('2', 'Εταιρείες έρθει είχαμε συγκεντρωμένοι αλγόριθμου απαραίτητο φίλος ίδιο.
Στήλες κανείς δυστυχώς που προσπαθήσεις διολισθήσεις. Εδώ κάνεις χάος.');
INSERT INTO patient (AMKA, first_name, middle_name, last_name, date_of_birth, sex, weight, height, street_name, street_number, postal_code, area, municipality, prefecture,  profession, citizenship, triage_id) VALUES ('2109826964','Σελήνη',NULL,'Σταματιάδης','1982-09-21','other','113.08','131.61','Ράχης','1','201 89','Βέροια','Σπάρτη','Αργολίδα','Τεχνολόγος Πετρελαίου','Σεϋχέλλες','None');
INSERT INTO patient_email (AMKA, phone_number) VALUES ('2109826964', 'manto77@example.net');
INSERT INTO patient_phone (AMKA, phone_number) VALUES ('2109826964', '2389034645');
INSERT INTO patient_phone (AMKA, phone_number) VALUES ('2109826964', '2870 900840');
INSERT INTO triage (level, symptoms) VALUES ('1', 'Το προσεκτικά παίρνει πάντα μέχρι. Πετάξαμε άρα χρησιμοποιώντας. Αρπάζεις χρησιμοποιούνταν ήδη θυμάμαι σκεφτείς.');
INSERT INTO patient (AMKA, first_name, middle_name, last_name, date_of_birth, sex, weight, height, street_name, street_number, postal_code, area, municipality, prefecture,  profession, citizenship, triage_id) VALUES ('3010812984','Νεοκλής','Ξανθός','Ταυλαρίδου','1981-10-30','male','109.83','195.52','Παυλή','96','26942','Λευκάδα','Καβάλα','Μαγνησία','Ταμίας','Νήσοι Φώκλαντ','None');
INSERT INTO patient_email (AMKA, phone_number) VALUES ('3010812984', 'zampia05@example.org');
INSERT INTO patient_phone (AMKA, phone_number) VALUES ('3010812984', '+30 2397 510901');
INSERT INTO patient_phone (AMKA, phone_number) VALUES ('3010812984', '2105471389');
INSERT INTO patient_phone (AMKA, phone_number) VALUES ('3010812984', '+30 2913 546581');
INSERT INTO triage (level, symptoms) VALUES ('1', 'Στο επενδυτής περιεχόμενα κι πολύ τα σου της. Τι μέγιστη μάλλον πάντα. Υποψήφιο σε μια μέσης.');
INSERT INTO patient (AMKA, first_name, middle_name, last_name, date_of_birth, sex, weight, height, street_name, street_number, postal_code, area, municipality, prefecture,  profession, citizenship, triage_id) VALUES ('1412877372','Λαέρτης',NULL,'Τζάγκα','1987-12-14','male','107.01','60.11','Παλιούρα','21','32160','Λευκάδα','Λαμία','Λάρισσα','Κτηνίατρος','Παλάου','None');
INSERT INTO patient_email (AMKA, phone_number) VALUES ('1412877372', 'nnastos@example.com');
INSERT INTO patient_phone (AMKA, phone_number) VALUES ('1412877372', '210 6540144');
INSERT INTO patient_phone (AMKA, phone_number) VALUES ('1412877372', '6973091932');
INSERT INTO patient_phone (AMKA, phone_number) VALUES ('1412877372', '6966 369155');
INSERT INTO triage (level, symptoms) VALUES ('3', 'Περιμένουν χαρακτηριστικών εκτελέσει. Μια πως επιδιόρθωση πρώτοι προσπαθήσεις προσπαθούν εκείνου.
Μέγιστη χρησιμοποιούσες μέχρι. Μάτσο κόλπα ορίστε για. Μέχρι πάντα πρόσληψη.');
INSERT INTO patient (AMKA, first_name, middle_name, last_name, date_of_birth, sex, weight, height, street_name, street_number, postal_code, area, municipality, prefecture,  profession, citizenship, triage_id) VALUES ('2205996466','Πωλίνα',NULL,'Χαρισιάδης','1999-05-22','female','137.35','67.61','Σελλίων','132','779 96','Ξάνθη','Ξάνθη','Πρέβεζα','Γεωφυσικός','Τζαμάικα','None');
INSERT INTO patient_email (AMKA, phone_number) VALUES ('2205996466', 'aggelakos.aspasia@example.org');
INSERT INTO patient_email (AMKA, phone_number) VALUES ('2205996466', 'artemis79@example.net');
INSERT INTO patient_phone (AMKA, phone_number) VALUES ('2205996466', '2570 560 183');
INSERT INTO patient_phone (AMKA, phone_number) VALUES ('2205996466', '+306947212329');
INSERT INTO patient_phone (AMKA, phone_number) VALUES ('2205996466', '2787027433');
INSERT INTO triage (level, symptoms) VALUES ('3', 'Πρόσληψη ο μια. Λες άτομο ευκολότερο κάτι.');
INSERT INTO patient (AMKA, first_name, middle_name, last_name, date_of_birth, sex, weight, height, street_name, street_number, postal_code, area, municipality, prefecture,  profession, citizenship, triage_id) VALUES ('1710401419','Χαρά',NULL,'Κατιρτζής','1940-10-17','male','92.43','137.47','Ρίου','107','254 57','Ηράκλειο','Λάρισα','Αργολίδα','Ταμίας','Νησιά Φερόες','None');
INSERT INTO patient_email (AMKA, phone_number) VALUES ('1710401419', 'marigo18@example.org');
INSERT INTO patient_email (AMKA, phone_number) VALUES ('1710401419', 'agapios.konstantakopoulos@example.net');
INSERT INTO patient_phone (AMKA, phone_number) VALUES ('1710401419', '2104373720');
INSERT INTO triage (level, symptoms) VALUES ('2', 'Μου προϊόντα πιο στο. Ήδη εδώ μια σταματάς. Ευκολότερο ατόμου έχω αυτός.');
INSERT INTO patient (AMKA, first_name, middle_name, last_name, date_of_birth, sex, weight, height, street_name, street_number, postal_code, area, municipality, prefecture,  profession, citizenship, triage_id) VALUES ('0202802436','Ιππόλυτος',NULL,'Δουκίδου','1980-02-02','other','148.97','161.73','Πανδρόσου','60','ΤΚ 67811','Ρόδος','Βόλος','Κεφαλληνία','Ειδικός Πρόληψης και Θεραπείας Εξαρτημένων Ατόμων','Βρετανικό Έδαφος Ινδικού Ωκεανού','None');
INSERT INTO patient_email (AMKA, phone_number) VALUES ('0202802436', 'artemis67@example.com');
INSERT INTO patient_email (AMKA, phone_number) VALUES ('0202802436', 'akritas75@example.com');
INSERT INTO patient_phone (AMKA, phone_number) VALUES ('0202802436', '+30 2332 677019');
INSERT INTO patient_phone (AMKA, phone_number) VALUES ('0202802436', '2106933277');
INSERT INTO patient_phone (AMKA, phone_number) VALUES ('0202802436', '6907299104');
INSERT INTO triage (level, symptoms) VALUES ('5', 'Ανεπιθύμητη τρόποι θέματα εργοστασίου κανείς τεσσαρών. Που επιδιόρθωση ταξινομεί ναι. Στέλνοντάς άτομο κάτι τέλειοι.');
INSERT INTO patient (AMKA, first_name, middle_name, last_name, date_of_birth, sex, weight, height, street_name, street_number, postal_code, area, municipality, prefecture,  profession, citizenship, triage_id) VALUES ('2504149269','Βύρων',NULL,'Μανιώτης','2014-04-25','female','111.49','189.39','Δαμάστας','164','01937','Αργοστόλι','Έδεσσα','Φλώρινα','Σερβιτόρος','Τατζικιστάν','None');
INSERT INTO patient_email (AMKA, phone_number) VALUES ('2504149269', 'theodoulos.petrosian@example.com');
INSERT INTO patient_email (AMKA, phone_number) VALUES ('2504149269', 'triantafyllos.koutsounaki@example.com');
INSERT INTO patient_phone (AMKA, phone_number) VALUES ('2504149269', '(+30) 2617 609323');
INSERT INTO patient_phone (AMKA, phone_number) VALUES ('2504149269', '6950 962286');
INSERT INTO patient_phone (AMKA, phone_number) VALUES ('2504149269', '6929952933');
INSERT INTO triage (level, symptoms) VALUES ('2', 'Δύο φράση κώδικάς ταξινομεί. Προβληματική εικόνες με πάντα στο διάσημα σωστά.
Την προσπαθήσεις δεν. Αφήσεις επεξεργασία ένα διαφήμιση συνεχώς δε ανά νέου.');
INSERT INTO patient (AMKA, first_name, middle_name, last_name, date_of_birth, sex, weight, height, street_name, street_number, postal_code, area, municipality, prefecture,  profession, citizenship, triage_id) VALUES ('0409767715','Μαριγώ',NULL,'Ισάρης','1976-09-04','female','72.46','196.71','Ροβιάτας','135','ΤΚ 93778','Τρίπολη','Μυτιλήνη','Αργολίδα','Χημικός Μηχανικός','Μαδαγασκάρη','None');
INSERT INTO patient_email (AMKA, phone_number) VALUES ('0409767715', 'loulakis.chrysostomos@example.net');
INSERT INTO patient_phone (AMKA, phone_number) VALUES ('0409767715', '6981 080820');
INSERT INTO patient_phone (AMKA, phone_number) VALUES ('0409767715', '2960048142');
INSERT INTO patient_phone (AMKA, phone_number) VALUES ('0409767715', '2240969876');
INSERT INTO triage (level, symptoms) VALUES ('2', 'Ακούσει μα εκτελέσεις τα. Αυτήν το περίπου ρουτίνα απόλαυσε ίδιο.
Όταν πάρεις εκτελέσει μπουν. Γραμμή όσο εγώ προγραμματιστής γραμμής διάσημα. Σας αποφάσισε της ρουτίνα μου στις που ήδη.');
INSERT INTO patient (AMKA, first_name, middle_name, last_name, date_of_birth, sex, weight, height, street_name, street_number, postal_code, area, municipality, prefecture,  profession, citizenship, triage_id) VALUES ('1103142421','Μάριος','Ίων','Μπελέκου','2014-03-11','male','111.25','56.04','Βαμβακούσσης','159','ΤΚ 574 11','Πάτρα','Χανιά','Χαλκιδική','Φύλακας Μουσείων και Αρχαιολογικών Χώρων','Γουιάνα','None');
INSERT INTO patient_email (AMKA, phone_number) VALUES ('1103142421', 'rtsoumos@example.net');
INSERT INTO patient_phone (AMKA, phone_number) VALUES ('1103142421', '+302820517306');
INSERT INTO triage (level, symptoms) VALUES ('5', 'Εντολές ροή εκτελέσει έχω της. Δεν μη ρουτίνα εκτός. Θα απαράδεκτη εσωτερικών μέσης ότι αναγκάζονται σκεφτείς.');
INSERT INTO patient (AMKA, first_name, middle_name, last_name, date_of_birth, sex, weight, height, street_name, street_number, postal_code, area, municipality, prefecture,  profession, citizenship, triage_id) VALUES ('0901055734','Θεοδούλη',NULL,'Βουτσάς','2005-01-09','female','67.41','83.81','Μεσορρουγίου','151','ΤΚ 111 34','Ναύπλιο','Έδεσσα','Ευρυτανία','Μόνιμος Υπαξιωματικός Αεροπορίας','Μπρουνέι','None');
INSERT INTO patient_email (AMKA, phone_number) VALUES ('0901055734', 'nromaiou@example.org');
INSERT INTO patient_email (AMKA, phone_number) VALUES ('0901055734', 'papadopoulou.chrysanthos@example.org');
INSERT INTO patient_phone (AMKA, phone_number) VALUES ('0901055734', '2108242122');
INSERT INTO patient_phone (AMKA, phone_number) VALUES ('0901055734', '2107069107');
INSERT INTO patient_phone (AMKA, phone_number) VALUES ('0901055734', '6950 073 444');
INSERT INTO triage (level, symptoms) VALUES ('2', 'Στο τύπου χώρου λοιπόν προϊόντα. Εδώ που μηχανής πετάξαμε σταματάς δούλευε. Εκθέσεις έξι διακοπής.');
INSERT INTO patient (AMKA, first_name, middle_name, last_name, date_of_birth, sex, weight, height, street_name, street_number, postal_code, area, municipality, prefecture,  profession, citizenship, triage_id) VALUES ('1910148934','Αγαθοκλής',NULL,'Σιώμος','2014-10-19','male','125.29','51.56','Πουλάτων','100','159 32','Πάτρα','Καρπενήσι','Ξάνθη','Τεχνικός Αρδεύσεων','Ομάν','None');
INSERT INTO patient_email (AMKA, phone_number) VALUES ('1910148934', 'jmauridou@example.net');
INSERT INTO patient_phone (AMKA, phone_number) VALUES ('1910148934', '+306918938338');
INSERT INTO patient_phone (AMKA, phone_number) VALUES ('1910148934', '+302985817731');
INSERT INTO patient_phone (AMKA, phone_number) VALUES ('1910148934', '2287032871');
INSERT INTO triage (level, symptoms) VALUES ('4', 'Δε χρησιμοποιώντας ο μέχρι ο παραγωγικής βιαστικά πάντως. Μάτσο έτσι άρα ήδη με συγχρόνως συνέχεια έτσι. Κειμένων μην θέμα πιο πάντως πως μου.
Ανώδυνη σπίτι κι στη είχαμε. Ποια ίδιο δημιουργια.');
INSERT INTO patient (AMKA, first_name, middle_name, last_name, date_of_birth, sex, weight, height, street_name, street_number, postal_code, area, municipality, prefecture,  profession, citizenship, triage_id) VALUES ('1804254914','Θεόπιστος',NULL,'Καρκαλέτση','2025-04-18','other','59.02','169.09','Μπαφέρα','145','86621','Χαλκίδα','Λαμία','Εύβοια','Γραφίστας','Τοκελάου','None');
INSERT INTO patient_email (AMKA, phone_number) VALUES ('1804254914', 'qapostolidou@example.net');
INSERT INTO patient_phone (AMKA, phone_number) VALUES ('1804254914', '2610287595');
INSERT INTO patient_phone (AMKA, phone_number) VALUES ('1804254914', '+30 2594 008910');
INSERT INTO patient_phone (AMKA, phone_number) VALUES ('1804254914', '29070 97 247');
INSERT INTO triage (level, symptoms) VALUES ('4', 'Εκτός εδώ όταν των νιρβάνα νόμιζες. Εκτός παίρνουν έξι κι άπειρα.');
INSERT INTO patient (AMKA, first_name, middle_name, last_name, date_of_birth, sex, weight, height, street_name, street_number, postal_code, area, municipality, prefecture,  profession, citizenship, triage_id) VALUES ('0212577334','Αργυρώ','Ερμιόνη','Νώε','1957-12-02','other','144.93','118.35','Αγγελιανών','165','ΤΚ 88373','Κοζάνη','Λάρισα','Λέσβος','Εκτιμητής Έργων Τέχνης','Ρουάντα','None');
INSERT INTO patient_email (AMKA, phone_number) VALUES ('0212577334', 'sotiria.dimitriadou@example.org');
INSERT INTO patient_phone (AMKA, phone_number) VALUES ('0212577334', '+306936248795');
INSERT INTO patient_phone (AMKA, phone_number) VALUES ('0212577334', '+30 2266 228593');
INSERT INTO patient_phone (AMKA, phone_number) VALUES ('0212577334', '6962200021');
INSERT INTO triage (level, symptoms) VALUES ('4', 'Μεταγλωτίσει τις στα για σαν στα λέει μα. Δυστυχής μέγιστη μετρήσεις μεταγλωτιστής. Τον κάτι κάνεις ροή ποια αντιλήφθηκαν ναι. Λιγότερο δοκιμάσεις ότι πως έστελνε.
Μα σαν κρατάει τις σας έξι.');
INSERT INTO patient (AMKA, first_name, middle_name, last_name, date_of_birth, sex, weight, height, street_name, street_number, postal_code, area, municipality, prefecture,  profession, citizenship, triage_id) VALUES ('1311229322','Γαβριέλλα',NULL,'Κασσωτάκη','2022-11-13','male','86.36','167.71','Λιρών','73','ΤΚ 033 83','Αργοστόλι','Φλώρινα','Πέλλα','Σχεδιαστής Πολυμέσων - Ειδικός Πολυμέσων','Νησιά Καϋμάν','None');
INSERT INTO patient_email (AMKA, phone_number) VALUES ('1311229322', 'odimiskis@example.org');
INSERT INTO patient_email (AMKA, phone_number) VALUES ('1311229322', 'ikoutouzidou@example.com');
INSERT INTO patient_phone (AMKA, phone_number) VALUES ('1311229322', '6952 980 378');
INSERT INTO patient_phone (AMKA, phone_number) VALUES ('1311229322', '+306949922308');
INSERT INTO patient_phone (AMKA, phone_number) VALUES ('1311229322', '2510346597');
INSERT INTO triage (level, symptoms) VALUES ('1', 'Πολύ ναι ποια περιβάλλοντος των προϊόντα κάτι. Πάντα πολύ χρησιμοποίησέ χάος ας αν διάβασε. Χαμηλός μαγικά χαρτιού ίδιο προσοχή αν στις.');
INSERT INTO patient (AMKA, first_name, middle_name, last_name, date_of_birth, sex, weight, height, street_name, street_number, postal_code, area, municipality, prefecture,  profession, citizenship, triage_id) VALUES ('0103568741','Πουλχερία',NULL,'Ζηματίκας','1956-03-01','other','144.55','125.43','Κουκκουλίων','103','08285','Βέροια','Κόρινθος','Καρδίτσα','Μηχανικός Η/Υ, Τηλεπικοινωνιών και Δικτύων','Νήσοι Σολομώντα','None');
INSERT INTO patient_email (AMKA, phone_number) VALUES ('0103568741', 'vasileiadi.xanthi@example.com');
INSERT INTO patient_phone (AMKA, phone_number) VALUES ('0103568741', '6911 116604');
INSERT INTO patient_phone (AMKA, phone_number) VALUES ('0103568741', '6956922150');
INSERT INTO triage (level, symptoms) VALUES ('4', 'Υποψήφιο χρόνου ανεπιθύμητη. Συνεντεύξεις συνηθίζουν αλγόριθμου αποστηθίσει.
Υπηρεσία εργαλείων ταξινομεί. Ξέχασε μεταφραστής είχαμε εσωτερικών απλό όσο ατόμου.');
INSERT INTO patient (AMKA, first_name, middle_name, last_name, date_of_birth, sex, weight, height, street_name, street_number, postal_code, area, municipality, prefecture,  profession, citizenship, triage_id) VALUES ('0309577041','Ήβη',NULL,'Σκαβέντζου','1957-09-03','other','147.26','190.11','Αρχάκη','199','99085','Γρεβενά','Άρτα','Σάμος','Πολιτικός Επιστήμονας','Τσαντ','None');
INSERT INTO patient_email (AMKA, phone_number) VALUES ('0309577041', 'rea.alatzakis@example.org');
INSERT INTO patient_email (AMKA, phone_number) VALUES ('0309577041', 'nikoleta.liolios@example.com');
INSERT INTO patient_phone (AMKA, phone_number) VALUES ('0309577041', '(+30) 6940 778158');
INSERT INTO patient_phone (AMKA, phone_number) VALUES ('0309577041', '2770214252');
INSERT INTO patient_phone (AMKA, phone_number) VALUES ('0309577041', '6961537836');
INSERT INTO triage (level, symptoms) VALUES ('4', 'Σαν δοκιμάσεις γνωρίζουμε γραμμές κύκλο προσλάμβανες φακέλους μετράει. Συγγραφείς παράδειγμα φράση από μάτσο σαν λαμβάνουν.
Άρα παίξουν δοκιμάσεις πήρε μαγικά. Εγώ φαινόμενο ακούσει επιδιόρθωση.');
INSERT INTO patient (AMKA, first_name, middle_name, last_name, date_of_birth, sex, weight, height, street_name, street_number, postal_code, area, municipality, prefecture,  profession, citizenship, triage_id) VALUES ('2609572500','Θάλεια',NULL,'Μαρκαντωνάκη','1957-09-26','male','124.9','113.62','Λιβαδαρίου','124','ΤΚ 07754','Πρέβεζα','Πρέβεζα','Πιερία','Πλοίαρχος','Λιθουανία','None');
INSERT INTO patient_email (AMKA, phone_number) VALUES ('2609572500', 'tsiknias.antigonos@example.net');
INSERT INTO patient_email (AMKA, phone_number) VALUES ('2609572500', 'anna86@example.net');
INSERT INTO patient_phone (AMKA, phone_number) VALUES ('2609572500', '210 806 2916');
INSERT INTO patient_phone (AMKA, phone_number) VALUES ('2609572500', '6901 559 823');
INSERT INTO triage (level, symptoms) VALUES ('1', 'Αναγκάζονται πιο δημιουργια εκείνου κώδικα εδώ εξακολουθεί. Εκτός ανεπιθύμητη παράγοντες.
Εντολές ποια απαράδεκτη συγχρόνως αποδείξεις. Δεν νόμιζες με πετάνε εκείνου.');
INSERT INTO patient (AMKA, first_name, middle_name, last_name, date_of_birth, sex, weight, height, street_name, street_number, postal_code, area, municipality, prefecture,  profession, citizenship, triage_id) VALUES ('1912862171','Κρυστάλλης',NULL,'Ντότης','1986-12-19','female','87.35','88.41','Πεπονιάς','18','31619','Λαμία','Βόλος','Μαγνησία','Νοσοκόμος-Νοσηλευτής','Κύπρος','None');
INSERT INTO patient_email (AMKA, phone_number) VALUES ('1912862171', 'astero00@example.org');
INSERT INTO patient_phone (AMKA, phone_number) VALUES ('1912862171', '2150714803');
INSERT INTO patient_phone (AMKA, phone_number) VALUES ('1912862171', '6973182277');
INSERT INTO triage (level, symptoms) VALUES ('5', 'Των να δυστυχώς ναι ανεπιθύμητη προσλάμβανες επιστρέφουν. Ας κρατήσουν ο ένα δε αποστηθίσει μιας. Παράδειγμα συνάδελφος τα δούλευε ένας και σαν.');
INSERT INTO patient (AMKA, first_name, middle_name, last_name, date_of_birth, sex, weight, height, street_name, street_number, postal_code, area, municipality, prefecture,  profession, citizenship, triage_id) VALUES ('2603084033','Βαλέριος','Θέμης','Πολατίδου','2008-03-26','other','66.85','55.88','Γελινιατίκων','124','24541','Ζάκυνθος','Κιλκίς','Φλώρινα','Σεναριογράφος','Ισημερινός','None');
INSERT INTO patient_email (AMKA, phone_number) VALUES ('2603084033', 'symela.andreanidis@example.com');
INSERT INTO patient_phone (AMKA, phone_number) VALUES ('2603084033', '2610052098');
INSERT INTO patient_phone (AMKA, phone_number) VALUES ('2603084033', '(+30) 2665 396721');
INSERT INTO patient_phone (AMKA, phone_number) VALUES ('2603084033', '23420 22 215');
INSERT INTO triage (level, symptoms) VALUES ('5', 'Κανόνα στη έτσι συγχωνευτεί παραπάνω. Των πεδία εξακολουθεί νέων.
Νέα ο τη λες πολύ αρχεία ναι. Πετάνε ατόμου ερώτηση επιστρέφουν παραδώσεις.');
INSERT INTO patient (AMKA, first_name, middle_name, last_name, date_of_birth, sex, weight, height, street_name, street_number, postal_code, area, municipality, prefecture,  profession, citizenship, triage_id) VALUES ('2710801181','Αριστοφάνης',NULL,'Περρώτης','1980-10-27','female','82.01','189.48','Καλουδίου','50','91368','Δράμα','Καστοριά','Αρκαδία','Μελισσοκόμος','Αραβική Δημοκρατία της Λιβύης','None');
INSERT INTO patient_email (AMKA, phone_number) VALUES ('2710801181', 'tdimou@example.com');
INSERT INTO patient_phone (AMKA, phone_number) VALUES ('2710801181', '2780092660');
INSERT INTO triage (level, symptoms) VALUES ('4', 'Εκτελέσεις άπειρα κάτι προσπαθούν χώρου. Όσο πάντα στο συγγραφής αναφορά δύο το. Ωραίο κάνεις γνωρίζουμε εικόνες διακόψουμε παράδειγμα πόρτες μου.');
INSERT INTO patient (AMKA, first_name, middle_name, last_name, date_of_birth, sex, weight, height, street_name, street_number, postal_code, area, municipality, prefecture,  profession, citizenship, triage_id) VALUES ('1407829350','Δομήνικος','Λουδοβίκος','Κωστάκης','1982-07-14','male','134.67','105.4','Ξενάκη','38','35502','Καρδίτσα','Αλεξανδρούπολη','Δράμα','Ειδικός Φρουρός','Άγιος Πέτρος και Μικελόν','None');
INSERT INTO patient_email (AMKA, phone_number) VALUES ('1407829350', 'ioulianos.manoleas@example.com');
INSERT INTO patient_phone (AMKA, phone_number) VALUES ('1407829350', '210 6725606');
INSERT INTO triage (level, symptoms) VALUES ('4', 'Έτοιμος ποια δημιουργια υποψήφιο εκτός άπειρα. Θέματα νέα παραδοτέου πηγαίου.
Πετούν άρα χαρακτηριστικών συνηθίζουν πρώτο άλγεβρα τα χειρότερα. Γνωστή ειδικά μα εργασίας.');
INSERT INTO patient (AMKA, first_name, middle_name, last_name, date_of_birth, sex, weight, height, street_name, street_number, postal_code, area, municipality, prefecture,  profession, citizenship, triage_id) VALUES ('1501253934','Λουίζα','Αλκμήνη','Τσιούπρα','2025-01-15','other','113.21','54.12','Χόνδρου','169','ΤΚ 30518','Χαλκίδα','Κόρινθος','Λέσβος','Σερβιτόρος','Πουέρτο Ρίκο','None');
INSERT INTO patient_email (AMKA, phone_number) VALUES ('1501253934', 'gmpyrou@example.com');
INSERT INTO patient_phone (AMKA, phone_number) VALUES ('1501253934', '2420 720 561');
INSERT INTO triage (level, symptoms) VALUES ('4', 'Μιας καλύτερο την αναγκάζονται πακέτων έξι. Δίνοντας χρόνου ποσοστό εικόνες νέου παίρνουν γεύματος. Αν μηχανής μεταγλωτίσει των.');
INSERT INTO patient (AMKA, first_name, middle_name, last_name, date_of_birth, sex, weight, height, street_name, street_number, postal_code, area, municipality, prefecture,  profession, citizenship, triage_id) VALUES ('2310954394','Αστέρω',NULL,'Μελιτσόπουλος','1995-10-23','male','57.84','71.97','Ποροΐων','168','ΤΚ 965 75','Καρδίτσα','Ρέθυμνο','Λάρισσα','Πυροσβέστης','Τατζικιστάν','None');
INSERT INTO patient_email (AMKA, phone_number) VALUES ('2310954394', 'promitheas28@example.net');
INSERT INTO patient_email (AMKA, phone_number) VALUES ('2310954394', 'xkymparis@example.org');
INSERT INTO patient_phone (AMKA, phone_number) VALUES ('2310954394', '6946953940');
INSERT INTO patient_phone (AMKA, phone_number) VALUES ('2310954394', '+30 6942 002773');
INSERT INTO patient_phone (AMKA, phone_number) VALUES ('2310954394', '+30 2547 192264');
INSERT INTO triage (level, symptoms) VALUES ('2', 'Δυστυχής με θυμάμαι ένας επενδυτής να. Με επί ανώδυνη παραδοτέου δε επί γεύματος. Νέα των διαπιστώνεις κι. Μη συγκεντρωμένοι τύπου εκθέσεις κόψεις.');
INSERT INTO patient (AMKA, first_name, middle_name, last_name, date_of_birth, sex, weight, height, street_name, street_number, postal_code, area, municipality, prefecture,  profession, citizenship, triage_id) VALUES ('0305556190','Δέσποινα','Αδαμάντιος','Χαρτερός','1955-05-03','male','134.08','63.28','Αστυρακίου','78','ΤΚ 28821','Φλώρινα','Μεσολόγγι','Μεσσηνία','Νοσοκόμος-Νοσηλευτής','Σλοβενία','None');
INSERT INTO patient_email (AMKA, phone_number) VALUES ('0305556190', 'augoustos92@example.net');
INSERT INTO patient_phone (AMKA, phone_number) VALUES ('0305556190', '2960 341034');
INSERT INTO patient_phone (AMKA, phone_number) VALUES ('0305556190', '21610 29 501');
INSERT INTO patient_phone (AMKA, phone_number) VALUES ('0305556190', '2300 170 944');
INSERT INTO triage (level, symptoms) VALUES ('5', 'Πλέον ίδιο ατόμου την. Εκείνου σκεφτείς γειτονιάς αναγκάζονται.
Περιμένουν διορθώσει ποια. Θέμα στραβά πως διευθυντές. Εκτός λιγότερο φακέλους πρώτης στα όσο ένας χάος.');
INSERT INTO patient (AMKA, first_name, middle_name, last_name, date_of_birth, sex, weight, height, street_name, street_number, postal_code, area, municipality, prefecture,  profession, citizenship, triage_id) VALUES ('1804724212','Χρυσαφένια',NULL,'Μανούκας','1972-04-18','male','54.22','55.43','Παχείας Άμμου','49','986 99','Ιωάννινα','Κομοτηνή','Λέσβος','Μεταφραστής','Λεσότο','None');
INSERT INTO patient_email (AMKA, phone_number) VALUES ('1804724212', 'alexandropoulos.damaskinos@example.net');
INSERT INTO patient_email (AMKA, phone_number) VALUES ('1804724212', 'zoukis.polykratis@example.com');
INSERT INTO patient_phone (AMKA, phone_number) VALUES ('1804724212', '2168097894');
INSERT INTO patient_phone (AMKA, phone_number) VALUES ('1804724212', '210 9382378');
INSERT INTO patient_phone (AMKA, phone_number) VALUES ('1804724212', '2440 740 418');
INSERT INTO triage (level, symptoms) VALUES ('3', 'Ήδη κρατάει όταν σε μη λοιπόν. Επί δυστυχώς συνεχώς δυστυχής σε.
Προγραμματιστές λες πάντα υπηρεσία δε περισσότερη. Που ας επεξεργασία υπηρεσία. Χρονοδιαγράμματα αντιλήφθηκαν πρόσληψη.');
INSERT INTO patient (AMKA, first_name, middle_name, last_name, date_of_birth, sex, weight, height, street_name, street_number, postal_code, area, municipality, prefecture,  profession, citizenship, triage_id) VALUES ('2310470039','Ρήγας',NULL,'Πετρίδου','1947-10-23','male','87.18','177.8','Απόλλωνα','133','ΤΚ 681 92','Σπάρτη','Δράμα','Λευκάδα','Βοηθός Νοσηλευτή Χειρουργείου','Νήσοι Κόκος','None');
INSERT INTO patient_email (AMKA, phone_number) VALUES ('2310470039', 'npitsakis@example.net');
INSERT INTO patient_email (AMKA, phone_number) VALUES ('2310470039', 'ntotsi.krinio@example.com');
INSERT INTO patient_phone (AMKA, phone_number) VALUES ('2310470039', '+302506145626');
INSERT INTO patient_phone (AMKA, phone_number) VALUES ('2310470039', '2250083933');
INSERT INTO triage (level, symptoms) VALUES ('3', 'Περιεχόμενα περίπου ατόμου. Γραμμής μιας μη γραφικά ότι.
Πάντως μάθε πόρτες. Ξέχασε κόψεις ώρα στα ταξινομεί.');
INSERT INTO patient (AMKA, first_name, middle_name, last_name, date_of_birth, sex, weight, height, street_name, street_number, postal_code, area, municipality, prefecture,  profession, citizenship, triage_id) VALUES ('1708460623','Ευστράτιος',NULL,'Ταυλαρίδου','1946-08-17','female','123.93','132.43','Βουνιατάδων','5','ΤΚ 24385','Καστοριά','Θεσσαλονίκη','Φωκίδα','Μικροβιολόγος','Σουηδία','None');
INSERT INTO patient_email (AMKA, phone_number) VALUES ('1708460623', 'viktoria.giotis@example.net');
INSERT INTO patient_email (AMKA, phone_number) VALUES ('1708460623', 'qdouvikas@example.net');
INSERT INTO patient_phone (AMKA, phone_number) VALUES ('1708460623', '+306941362182');
INSERT INTO patient_phone (AMKA, phone_number) VALUES ('1708460623', '6901699120');
INSERT INTO patient_phone (AMKA, phone_number) VALUES ('1708460623', '2570 781 572');
INSERT INTO triage (level, symptoms) VALUES ('1', 'Μπουν μια σημαντικό κανόνα. Κάτι σημαντικό μας μέχρι προσπαθήσεις αθόρυβες λιγότερο. Μια μια τους.');
INSERT INTO patient (AMKA, first_name, middle_name, last_name, date_of_birth, sex, weight, height, street_name, street_number, postal_code, area, municipality, prefecture,  profession, citizenship, triage_id) VALUES ('0104596544','Παυσανίας',NULL,'Κουρσάρης','1959-04-01','other','120.49','177.5','Κυριακοχωρίου','4','391 20','Πύργος','Λευκάδα','Αχαΐα','Βοηθός Φυσικοθεραπευτή σε Ιαματικές Πηγές και Λουτρά','Λίβανος','None');
INSERT INTO patient_email (AMKA, phone_number) VALUES ('0104596544', 'chrysostomos.gkiritzioni@example.org');
INSERT INTO patient_email (AMKA, phone_number) VALUES ('0104596544', 'rpapakosta@example.net');
INSERT INTO patient_phone (AMKA, phone_number) VALUES ('0104596544', '+302753741143');
INSERT INTO patient_phone (AMKA, phone_number) VALUES ('0104596544', '210 6204366');
INSERT INTO patient_phone (AMKA, phone_number) VALUES ('0104596544', '2390896845');
INSERT INTO triage (level, symptoms) VALUES ('1', 'Αγοράζοντας μέχρι τη πετούν σημαντικό πακέτων. Εσωτερικών ένας τον μηχανής.
Συγγραφής πόρτες στήλες λιγότερο έλεγχος ένας πακέτων. Ο στα μας καταλάθος κι συγχρόνως.');
INSERT INTO patient (AMKA, first_name, middle_name, last_name, date_of_birth, sex, weight, height, street_name, street_number, postal_code, area, municipality, prefecture,  profession, citizenship, triage_id) VALUES ('0710521001','Αγόρω','Χρυσαφένια','Γκούβα','1952-10-07','female','59.66','54.78','Καραγιοβάννη','165','95600','Ιωάννινα','Λαμία','Πρέβεζα','Ταμίας','Νέα Καληδονία','None');
INSERT INTO patient_email (AMKA, phone_number) VALUES ('0710521001', 'vraka.kallirroi@example.com');
INSERT INTO patient_phone (AMKA, phone_number) VALUES ('0710521001', '2960971200');
INSERT INTO patient_phone (AMKA, phone_number) VALUES ('0710521001', '+306903771324');
INSERT INTO triage (level, symptoms) VALUES ('2', 'Της αποδείξεις μεταφραστής στα. Λίγο τα ρουτίνα λετπά βάζοντας. Μέχρι χειρότερα ατόμου ήδη διορθώσει εκτελέσεις.');
INSERT INTO patient (AMKA, first_name, middle_name, last_name, date_of_birth, sex, weight, height, street_name, street_number, postal_code, area, municipality, prefecture,  profession, citizenship, triage_id) VALUES ('2001626451','Μαύρα',NULL,'Συρμού','1962-01-20','female','109.62','164.87','Σκιώνης','60','54172','Σέρρες','Σπάρτη','Φωκίδα','Ειδικός Ενδυματολογίας και Σχεδίασης Μόδας','Ρεϊνιόν','None');
INSERT INTO patient_email (AMKA, phone_number) VALUES ('2001626451', 'adamopoulou.samouil@example.com');
INSERT INTO patient_phone (AMKA, phone_number) VALUES ('2001626451', '+30 2485 894656');
INSERT INTO patient_phone (AMKA, phone_number) VALUES ('2001626451', '+30 2442 074825');
INSERT INTO triage (level, symptoms) VALUES ('2', 'Μέχρι ευκολότερο τέλειοι παράγοντες. Σταματάς εδώ εκτελέσει τεσσαρών. Ένας ένας βουτήξουν όσο των εφαρμογής της πιο.');
INSERT INTO patient (AMKA, first_name, middle_name, last_name, date_of_birth, sex, weight, height, street_name, street_number, postal_code, area, municipality, prefecture,  profession, citizenship, triage_id) VALUES ('1512031734','Χρήστος',NULL,'Τσιάκος','2003-12-15','male','130.78','183.89','Λεωφόρος Μικρού Περιστερίου','113','649 98','Ηράκλειο','Πύργος','Αρκαδία','Αισθητικός Αρωματοθεραπείας','Γεωργία','None');
INSERT INTO patient_email (AMKA, phone_number) VALUES ('1512031734', 'reveka.tachmazidis@example.net');
INSERT INTO patient_phone (AMKA, phone_number) VALUES ('1512031734', '+30 2707 038526');
INSERT INTO patient_phone (AMKA, phone_number) VALUES ('1512031734', '2782055280');
INSERT INTO patient_phone (AMKA, phone_number) VALUES ('1512031734', '+30 6915 456654');
INSERT INTO triage (level, symptoms) VALUES ('2', 'Και όταν πλέον τοπικές πολύ. Απομόνωση τοπικές ναι προσπαθήσεις αρέσει.
Έτσι δωροδοκηθούν εκθέσεις προσπαθήσεις έξι ελέγχου. Πάντως μεταγλωτίσει γνωστή που των.');
INSERT INTO patient (AMKA, first_name, middle_name, last_name, date_of_birth, sex, weight, height, street_name, street_number, postal_code, area, municipality, prefecture,  profession, citizenship, triage_id) VALUES ('0602609721','Ανθούλα',NULL,'Νάντσου','1960-02-06','female','125.95','154.12','Παπαευαγγέλου','4','09623','Βέροια','Ζάκυνθος','Χίος','Πολιτικός Συντάκτης','Νήσος Μπουβέ','None');
INSERT INTO patient_email (AMKA, phone_number) VALUES ('0602609721', 'taslanidou@example.net');
INSERT INTO patient_phone (AMKA, phone_number) VALUES ('0602609721', '+302841007814');
INSERT INTO patient_phone (AMKA, phone_number) VALUES ('0602609721', '2790 703203');
INSERT INTO triage (level, symptoms) VALUES ('1', 'Ύψος θέλεις πάντως και άπειρα περιβάλλοντος. Εργασίας μπορούσες αρέσει προσπαθήσεις. Αποδείξεις μέχρι γεύματος μας έξι ανώδυνη παραπάνω.');
INSERT INTO patient (AMKA, first_name, middle_name, last_name, date_of_birth, sex, weight, height, street_name, street_number, postal_code, area, municipality, prefecture,  profession, citizenship, triage_id) VALUES ('0409132711','Γιαννούλα',NULL,'Γκούβελος','2013-09-04','male','108.25','119.98','Κισσάμου','54','237 44','Αλεξανδρούπολη','Αθήνα','Χανιά','Θεολόγος-Ιεροκήρυκας','Περού','None');
INSERT INTO patient_email (AMKA, phone_number) VALUES ('0409132711', 'kyriazis.peppas@example.net');
INSERT INTO patient_phone (AMKA, phone_number) VALUES ('0409132711', '210 5172617');
INSERT INTO triage (level, symptoms) VALUES ('5', 'Πακέτων και ωραίο νέο. Εκτελέσεις θέμα και περίπου χρόνου.
Προσπαθήσεις βαθμό μα πηγαίου. Δεδομένων τις δε εδώ. Στα επιδιόρθωση των τις έτσι.
Ότι περισσότερες χρονοδιαγράμματος μέσης πάντως νέου σε.');
INSERT INTO patient (AMKA, first_name, middle_name, last_name, date_of_birth, sex, weight, height, street_name, street_number, postal_code, area, municipality, prefecture,  profession, citizenship, triage_id) VALUES ('3005883516','Ευστάθιος',NULL,'Ζυγούρης','1988-05-30','female','85.25','119.77','Κριτσάς','30','ΤΚ 72056','Καλαμάτα','Ξάνθη','Αρκαδία','Αισθητικός Επαγγελματικού Μακιγιάζ Θεάτρου και Σκηνής','Ναουρού','None');
INSERT INTO patient_email (AMKA, phone_number) VALUES ('3005883516', 'xanthi72@example.org');
INSERT INTO patient_phone (AMKA, phone_number) VALUES ('3005883516', '2881073127');
INSERT INTO patient_phone (AMKA, phone_number) VALUES ('3005883516', '210 7017031');
INSERT INTO triage (level, symptoms) VALUES ('5', 'Δυστυχώς εργαζόμενοι νιρβάνα διαφήμιση αποθηκευτικού επιστρέφουν καλύτερο. Προκύπτουν δείξει κειμένων θέλεις μην. Άρθρων χώρου στο επί γραμμής διολισθήσεις εξαρτάται μετρήσεις.');
INSERT INTO patient (AMKA, first_name, middle_name, last_name, date_of_birth, sex, weight, height, street_name, street_number, postal_code, area, municipality, prefecture,  profession, citizenship, triage_id) VALUES ('0202132157','Φωκίων',NULL,'Ζουκής','2013-02-02','other','143.93','101.49','Πλατεία Γαλαξιδίου','88','91678','Καλαμάτα','Λάρισα','Ρέθυμνο','Αεροναυπηγός Μηχανικός','Τζαμάικα','None');
INSERT INTO patient_email (AMKA, phone_number) VALUES ('0202132157', 'chamalidou.sarra@example.net');
INSERT INTO patient_phone (AMKA, phone_number) VALUES ('0202132157', '6941 315 780');
INSERT INTO patient_phone (AMKA, phone_number) VALUES ('0202132157', '6958324986');
INSERT INTO patient_phone (AMKA, phone_number) VALUES ('0202132157', '6911 973 948');
INSERT INTO triage (level, symptoms) VALUES ('3', 'Περιβάλλοντος υπηρεσία λέει υόρκη συνέχεια. Έξι εντολές αποστηθίσει.
Παίρνουν αρπάζεις σημαντικός γεύματος. Από από ταξινομεί θέματα κάνεις ορίστε.');
INSERT INTO patient (AMKA, first_name, middle_name, last_name, date_of_birth, sex, weight, height, street_name, street_number, postal_code, area, municipality, prefecture,  profession, citizenship, triage_id) VALUES ('0802529130','Ευσταθία',NULL,'Γεωργακόπουλος','1952-02-08','female','132.87','173.83','Δωροθέας','191','86462','Καρδίτσα','Ξάνθη','Λέσβος','Λιθογράφος Ψηφιακής Τεχνολογίας','Μακάο','None');
INSERT INTO patient_email (AMKA, phone_number) VALUES ('0802529130', 'giannelos.dimos@example.net');
INSERT INTO patient_phone (AMKA, phone_number) VALUES ('0802529130', '2101748578');
INSERT INTO patient_phone (AMKA, phone_number) VALUES ('0802529130', '2106220937');
INSERT INTO patient_phone (AMKA, phone_number) VALUES ('0802529130', '2770 834235');
INSERT INTO triage (level, symptoms) VALUES ('3', 'Προϊόντα υψηλότερη της άρθρων ευκολότερο παραδώσεις περισσότερη. Ότι έξι και ταξινομεί λιγότερο.
Δυστυχώς εδώ αντιλήφθηκαν τη εδώ.');
INSERT INTO patient (AMKA, first_name, middle_name, last_name, date_of_birth, sex, weight, height, street_name, street_number, postal_code, area, municipality, prefecture,  profession, citizenship, triage_id) VALUES ('2110928970','Προδρομία',NULL,'Παυλίδου','1992-10-21','other','98.84','117.41','Πενταμοδίου','90','41767','Λιβαδιά','Ηράκλειο','Κέρκυρα','Σχεδιαστής Κινουμένων Σχεδίων','Σεϋχέλλες','None');
INSERT INTO patient_email (AMKA, phone_number) VALUES ('2110928970', 'stamatios85@example.net');
INSERT INTO patient_phone (AMKA, phone_number) VALUES ('2110928970', '+306941595774');
INSERT INTO patient_phone (AMKA, phone_number) VALUES ('2110928970', '(+30) 2647 548371');
INSERT INTO triage (level, symptoms) VALUES ('1', 'Άπειρα ανά γνωρίζουμε υπηρεσία. Τα τον πλέον δε.
Του ωραίο ήδη διαπιστώνεις δύο στις συγγραφής. Τι αναφορά που ωραίο. Εκτελέσει εξαρτάται τους νέο πως αυτός.');
INSERT INTO patient (AMKA, first_name, middle_name, last_name, date_of_birth, sex, weight, height, street_name, street_number, postal_code, area, municipality, prefecture,  profession, citizenship, triage_id) VALUES ('1808850652','Σπήλιος',NULL,'Χοντζιά','1985-08-18','other','113.06','108.16','Όρμης','21','ΤΚ 29402','Τρίπολη','Κομοτηνή','Αιτωλία & Ακαρνανία','Νηπιαγωγός','Ιταλία','None');
INSERT INTO patient_email (AMKA, phone_number) VALUES ('1808850652', 'lchatzellis@example.com');
INSERT INTO patient_email (AMKA, phone_number) VALUES ('1808850652', 'schrysafi@example.net');
INSERT INTO patient_phone (AMKA, phone_number) VALUES ('1808850652', '6910 468 312');
INSERT INTO patient_phone (AMKA, phone_number) VALUES ('1808850652', '+302390839999');
INSERT INTO triage (level, symptoms) VALUES ('3', 'Σε μάθε πρόσληψη ορίστε παίξουν μην.
Έχω εξοργιστικά κι τρόποι πάντα οι προσπαθούν. Που σου πάντα φράση πρώτο αποκλειστικούς πάρα επιδιορθώσεις. Αποφάσισε με συγχρόνως που εγώ ποια.');
INSERT INTO patient (AMKA, first_name, middle_name, last_name, date_of_birth, sex, weight, height, street_name, street_number, postal_code, area, municipality, prefecture,  profession, citizenship, triage_id) VALUES ('1606774844','Χρυσοβαλάντου',NULL,'Χαντζή','1977-06-16','other','105.16','163.83','Πάντου','164','529 86','Κοζάνη','Ρόδος','Θεσπρωτία','Ειδικός Στατιστικής Έρευνας Αγοράς και Δημοσκοπήσεων – Στέλεχος Στατιστικής Δημοσκόπησης','Άγιος Πέτρος και Μικελόν','None');
INSERT INTO patient_email (AMKA, phone_number) VALUES ('1606774844', 'kalatha.gerakina@example.com');
INSERT INTO patient_phone (AMKA, phone_number) VALUES ('1606774844', '6953 249 596');
INSERT INTO patient_phone (AMKA, phone_number) VALUES ('1606774844', '(+30) 6954 148025');
INSERT INTO nurse (AMKA, first_name, middle_name, last_name, date_of_birth, date_of_employment, rank, dept_name) VALUES ('1803644407', 'Μαγδαληνός', NULL, 'Καραΐσκος', '1964-03-18', '1994-08-17', 'Βοηθός Νοσηλευτή', 'Orthopaedic');
INSERT INTO nurse_email (AMKA, phone_number) VALUES ('1803644407', 'filippa.kapounis@example.com');
INSERT INTO nurse_email (AMKA, phone_number) VALUES ('1803644407', 'karatasou.marilena@example.net');
INSERT INTO nurse_phone (AMKA, phone_number) VALUES ('1803644407', '6981 437 715');
INSERT INTO nurse_phone (AMKA, phone_number) VALUES ('1803644407', '+306906264234');
INSERT INTO nurse_dept (AMKA, dept_name) VALUES ('1803644407', 'Urology');
INSERT INTO nurse (AMKA, first_name, middle_name, last_name, date_of_birth, date_of_employment, rank, dept_name) VALUES ('2607961342', 'Αθηνά', NULL, 'Γαλανάκη', '1996-07-26', '2023-11-17', 'Νοσηλευτής', 'Urology');
INSERT INTO nurse_email (AMKA, phone_number) VALUES ('2607961342', 'valerios.kalatha@example.org');
INSERT INTO nurse_phone (AMKA, phone_number) VALUES ('2607961342', '2454019559');
INSERT INTO nurse_dept (AMKA, dept_name) VALUES ('2607961342', 'Opthalmology');
INSERT INTO nurse (AMKA, first_name, middle_name, last_name, date_of_birth, date_of_employment, rank, dept_name) VALUES ('2203425845', 'Λύσανδρος', 'Αλκινόη', 'Γαλανάκη', '1942-03-22', '1969-05-12', 'Βοηθός Νοσηλευτή', 'Geriatric');
INSERT INTO nurse_email (AMKA, phone_number) VALUES ('2203425845', 'hotsos@example.net');
INSERT INTO nurse_email (AMKA, phone_number) VALUES ('2203425845', 'nefeli80@example.net');
INSERT INTO nurse_phone (AMKA, phone_number) VALUES ('2203425845', '(+30) 6954 098451');
INSERT INTO nurse_dept (AMKA, dept_name) VALUES ('2203425845', 'Intensive care unit (ICU)');
INSERT INTO nurse (AMKA, first_name, middle_name, last_name, date_of_birth, date_of_employment, rank, dept_name) VALUES ('1805692924', 'Αγαθοκλής', NULL, 'Ζιάκας', '1969-05-18', '2022-03-17', 'Προϊστάμενος', 'Pediatrics');
INSERT INTO nurse_email (AMKA, phone_number) VALUES ('1805692924', 'kalemi.elli@example.com');
INSERT INTO nurse_email (AMKA, phone_number) VALUES ('1805692924', 'kremmydas.lemonia@example.org');
INSERT INTO nurse_phone (AMKA, phone_number) VALUES ('1805692924', '2500753271');
INSERT INTO nurse_phone (AMKA, phone_number) VALUES ('1805692924', '6961319756');
INSERT INTO nurse_dept (AMKA, dept_name) VALUES ('1805692924', 'Inpatient Department (IPD)');
INSERT INTO nurse (AMKA, first_name, middle_name, last_name, date_of_birth, date_of_employment, rank, dept_name) VALUES ('1706576643', 'Αρετή', NULL, 'Πασσαλίδης', '1957-06-17', '2008-01-20', 'Προϊστάμενος', 'Neurology');
INSERT INTO nurse_email (AMKA, phone_number) VALUES ('1706576643', 'tymviou.kanella@example.com');
INSERT INTO nurse_email (AMKA, phone_number) VALUES ('1706576643', 'lraptis@example.com');
INSERT INTO nurse_phone (AMKA, phone_number) VALUES ('1706576643', '6966 593 576');
INSERT INTO nurse_dept (AMKA, dept_name) VALUES ('1706576643', 'Pediatrics');
INSERT INTO nurse (AMKA, first_name, middle_name, last_name, date_of_birth, date_of_employment, rank, dept_name) VALUES ('0401950907', 'Μαριγώ', NULL, 'Κυριάκου', '1995-01-04', '2022-05-30', 'Προϊστάμενος', 'Outpatient Department (OPD)');
INSERT INTO nurse_email (AMKA, phone_number) VALUES ('0401950907', 'reveka87@example.com');
INSERT INTO nurse_email (AMKA, phone_number) VALUES ('0401950907', 'polydora.katevatis@example.net');
INSERT INTO nurse_phone (AMKA, phone_number) VALUES ('0401950907', '+30 6925 756321');
INSERT INTO nurse_phone (AMKA, phone_number) VALUES ('0401950907', '2060 891 465');
INSERT INTO nurse_phone (AMKA, phone_number) VALUES ('0401950907', '2100007182');
INSERT INTO nurse_dept (AMKA, dept_name) VALUES ('0401950907', 'Opthalmology');
INSERT INTO nurse (AMKA, first_name, middle_name, last_name, date_of_birth, date_of_employment, rank, dept_name) VALUES ('0301916083', 'Χρυσαφένια', NULL, 'Δανδανίδου', '1991-01-03', '2014-12-18', 'Νοσηλευτής', 'Opthalmology');
INSERT INTO nurse_email (AMKA, phone_number) VALUES ('0301916083', 'dikaios.koutsogiannopoulos@example.com');
INSERT INTO nurse_phone (AMKA, phone_number) VALUES ('0301916083', '6947 659 568');
INSERT INTO nurse_phone (AMKA, phone_number) VALUES ('0301916083', '(+30) 6942 565142');
INSERT INTO nurse_phone (AMKA, phone_number) VALUES ('0301916083', '2670 356 218');
INSERT INTO nurse_dept (AMKA, dept_name) VALUES ('0301916083', 'General surgery');
INSERT INTO nurse (AMKA, first_name, middle_name, last_name, date_of_birth, date_of_employment, rank, dept_name) VALUES ('2802880261', 'Σελήνη', NULL, 'Μανουσέλης', '1988-02-28', '2008-08-25', 'Βοηθός Νοσηλευτή', 'General surgery');
INSERT INTO nurse_email (AMKA, phone_number) VALUES ('2802880261', 'umasaouti@example.net');
INSERT INTO nurse_phone (AMKA, phone_number) VALUES ('2802880261', '2263050630');
INSERT INTO nurse_dept (AMKA, dept_name) VALUES ('2802880261', 'Oncology');
INSERT INTO nurse (AMKA, first_name, middle_name, last_name, date_of_birth, date_of_employment, rank, dept_name) VALUES ('0204931898', 'Θεοδόσιος', NULL, 'Πιπερίδη', '1993-04-02', '2015-07-17', 'Βοηθός Νοσηλευτή', 'Opthalmology');
INSERT INTO nurse_email (AMKA, phone_number) VALUES ('0204931898', 'pporfyriadou@example.com');
INSERT INTO nurse_phone (AMKA, phone_number) VALUES ('0204931898', '210 0975623');
INSERT INTO nurse_dept (AMKA, dept_name) VALUES ('0204931898', 'Urology');
INSERT INTO nurse (AMKA, first_name, middle_name, last_name, date_of_birth, date_of_employment, rank, dept_name) VALUES ('3107530848', 'Αλεξία', NULL, 'Γεωργακοπούλου', '1953-07-31', '2003-07-08', 'Προϊστάμενος', 'Inpatient Department (IPD)');
INSERT INTO nurse_email (AMKA, phone_number) VALUES ('3107530848', 'terpsichori.tsamados@example.com');
INSERT INTO nurse_phone (AMKA, phone_number) VALUES ('3107530848', '2900 317 190');
INSERT INTO nurse_phone (AMKA, phone_number) VALUES ('3107530848', '(+30) 2301 714471');
INSERT INTO nurse_dept (AMKA, dept_name) VALUES ('3107530848', 'Geriatric');
INSERT INTO nurse (AMKA, first_name, middle_name, last_name, date_of_birth, date_of_employment, rank, dept_name) VALUES ('0206403004', 'Μαρτίνος', NULL, 'Τσατσάνης', '1940-06-02', '1982-02-04', 'Νοσηλευτής', 'Anesthesiology');
INSERT INTO nurse_email (AMKA, phone_number) VALUES ('0206403004', 'hmauroutsos@example.com');
INSERT INTO nurse_phone (AMKA, phone_number) VALUES ('0206403004', '6960 403 692');
INSERT INTO nurse_dept (AMKA, dept_name) VALUES ('0206403004', 'Pediatrics');
INSERT INTO nurse (AMKA, first_name, middle_name, last_name, date_of_birth, date_of_employment, rank, dept_name) VALUES ('2112653052', 'Φιλήμων', 'Μαργαρίτα', 'Μπαλάση', '1965-12-21', '1999-05-21', 'Βοηθός Νοσηλευτή', 'Opthalmology');
INSERT INTO nurse_email (AMKA, phone_number) VALUES ('2112653052', 'athanasia95@example.com');
INSERT INTO nurse_phone (AMKA, phone_number) VALUES ('2112653052', '+306908556429');
INSERT INTO nurse_dept (AMKA, dept_name) VALUES ('2112653052', 'Geriatric');
INSERT INTO nurse (AMKA, first_name, middle_name, last_name, date_of_birth, date_of_employment, rank, dept_name) VALUES ('1509649948', 'Πιερρίνα', NULL, 'Λιολιοπούλου', '1964-09-15', '2004-09-25', 'Νοσηλευτής', 'Operating theatre (OT)');
INSERT INTO nurse_email (AMKA, phone_number) VALUES ('1509649948', 'nausika34@example.com');
INSERT INTO nurse_phone (AMKA, phone_number) VALUES ('1509649948', '2800826436');
INSERT INTO nurse_dept (AMKA, dept_name) VALUES ('1509649948', 'Neurology');
INSERT INTO nurse (AMKA, first_name, middle_name, last_name, date_of_birth, date_of_employment, rank, dept_name) VALUES ('2411713803', 'Αχιλλεία', NULL, 'Τόλη', '1971-11-24', '2015-03-08', 'Προϊστάμενος', 'Opthalmology');
INSERT INTO nurse_email (AMKA, phone_number) VALUES ('2411713803', 'xanthi.kyriakou@example.net');
INSERT INTO nurse_phone (AMKA, phone_number) VALUES ('2411713803', '23740 78 256');
INSERT INTO nurse_phone (AMKA, phone_number) VALUES ('2411713803', '2460 471 636');
INSERT INTO nurse_dept (AMKA, dept_name) VALUES ('2411713803', 'Gynaecology');
INSERT INTO nurse (AMKA, first_name, middle_name, last_name, date_of_birth, date_of_employment, rank, dept_name) VALUES ('1312843079', 'Γαλάτιος', NULL, 'Κουλαουσάρη', '1984-12-13', '2023-11-06', 'Βοηθός Νοσηλευτή', 'Geriatric');
INSERT INTO nurse_email (AMKA, phone_number) VALUES ('1312843079', 'giorgos.siolou@example.net');
INSERT INTO nurse_email (AMKA, phone_number) VALUES ('1312843079', 'mkargakou@example.net');
INSERT INTO nurse_phone (AMKA, phone_number) VALUES ('1312843079', '210 966 5866');
INSERT INTO nurse_dept (AMKA, dept_name) VALUES ('1312843079', 'Neurology');
INSERT INTO nurse (AMKA, first_name, middle_name, last_name, date_of_birth, date_of_employment, rank, dept_name) VALUES ('1108862264', 'Λήδα', NULL, 'Κοτσινά', '1986-08-11', '2018-08-20', 'Νοσηλευτής', 'Urology');
INSERT INTO nurse_email (AMKA, phone_number) VALUES ('1108862264', 'bskremmyda@example.net');
INSERT INTO nurse_email (AMKA, phone_number) VALUES ('1108862264', 'alexandra.asimopoulos@example.org');
INSERT INTO nurse_phone (AMKA, phone_number) VALUES ('1108862264', '2890 950 320');
INSERT INTO nurse_phone (AMKA, phone_number) VALUES ('1108862264', '2820 725320');
INSERT INTO nurse_phone (AMKA, phone_number) VALUES ('1108862264', '(+30) 6903 028174');
INSERT INTO nurse_dept (AMKA, dept_name) VALUES ('1108862264', 'Inpatient Department (IPD)');
INSERT INTO nurse (AMKA, first_name, middle_name, last_name, date_of_birth, date_of_employment, rank, dept_name) VALUES ('1701835762', 'Πάρις', NULL, 'Μπλιατσίου', '1983-01-17', '2018-08-10', 'Νοσηλευτής', 'General surgery');
INSERT INTO nurse_email (AMKA, phone_number) VALUES ('1701835762', 'xandrianos@example.net');
INSERT INTO nurse_phone (AMKA, phone_number) VALUES ('1701835762', '(+30) 2480 565998');
INSERT INTO nurse_phone (AMKA, phone_number) VALUES ('1701835762', '+302738016880');
INSERT INTO nurse_dept (AMKA, dept_name) VALUES ('1701835762', 'Urology');
INSERT INTO nurse (AMKA, first_name, middle_name, last_name, date_of_birth, date_of_employment, rank, dept_name) VALUES ('2101648005', 'Ραχήλ', NULL, 'Τσαμασλίδης', '1964-01-21', '2007-03-07', 'Νοσηλευτής', 'Casualty');
INSERT INTO nurse_email (AMKA, phone_number) VALUES ('2101648005', 'venetios.mpaloukidis@example.org');
INSERT INTO nurse_email (AMKA, phone_number) VALUES ('2101648005', 'akrivos.grammatikopoulos@example.com');
INSERT INTO nurse_phone (AMKA, phone_number) VALUES ('2101648005', '+306951873290');
INSERT INTO nurse_phone (AMKA, phone_number) VALUES ('2101648005', '2033016084');
INSERT INTO nurse_phone (AMKA, phone_number) VALUES ('2101648005', '+302138486247');
INSERT INTO nurse_dept (AMKA, dept_name) VALUES ('2101648005', 'Haematology');
INSERT INTO nurse (AMKA, first_name, middle_name, last_name, date_of_birth, date_of_employment, rank, dept_name) VALUES ('0308408738', 'Ελισάβετ', NULL, 'Κατσογιάννης', '1940-08-03', '1966-06-12', 'Νοσηλευτής', 'Opthalmology');
INSERT INTO nurse_email (AMKA, phone_number) VALUES ('0308408738', 'paraskeui66@example.org');
INSERT INTO nurse_phone (AMKA, phone_number) VALUES ('0308408738', '2370 901 675');
INSERT INTO nurse_phone (AMKA, phone_number) VALUES ('0308408738', '210 442 5838');
INSERT INTO nurse_phone (AMKA, phone_number) VALUES ('0308408738', '2380 127169');
INSERT INTO nurse_dept (AMKA, dept_name) VALUES ('0308408738', 'Gastroenterology');
INSERT INTO nurse (AMKA, first_name, middle_name, last_name, date_of_birth, date_of_employment, rank, dept_name) VALUES ('2503810200', 'Σοφία', 'Δίκαιος', 'Περράκης', '1981-03-25', '2016-03-15', 'Προϊστάμενος', 'Operating theatre (OT)');
INSERT INTO nurse_email (AMKA, phone_number) VALUES ('2503810200', 'piagkos.zoi@example.com');
INSERT INTO nurse_email (AMKA, phone_number) VALUES ('2503810200', 'toli.paschalia@example.org');
INSERT INTO nurse_phone (AMKA, phone_number) VALUES ('2503810200', '(+30) 2596 138169');
INSERT INTO nurse_phone (AMKA, phone_number) VALUES ('2503810200', '210 6706968');
INSERT INTO nurse_dept (AMKA, dept_name) VALUES ('2503810200', 'Oncology');
INSERT INTO nurse (AMKA, first_name, middle_name, last_name, date_of_birth, date_of_employment, rank, dept_name) VALUES ('1107551010', 'Ζαμπία', NULL, 'Αντωνάκη', '1955-07-11', '1980-04-16', 'Βοηθός Νοσηλευτή', 'ENT');
INSERT INTO nurse_email (AMKA, phone_number) VALUES ('1107551010', 'kapetanios.sotirios@example.net');
INSERT INTO nurse_email (AMKA, phone_number) VALUES ('1107551010', 'iason42@example.com');
INSERT INTO nurse_phone (AMKA, phone_number) VALUES ('1107551010', '2690 419498');
INSERT INTO nurse_dept (AMKA, dept_name) VALUES ('1107551010', 'Pediatrics');
INSERT INTO nurse (AMKA, first_name, middle_name, last_name, date_of_birth, date_of_employment, rank, dept_name) VALUES ('2001531745', 'Ακριβός', NULL, 'Πέτσας', '1953-01-20', '1973-02-11', 'Προϊστάμενος', 'Outpatient Department (OPD)');
INSERT INTO nurse_email (AMKA, phone_number) VALUES ('2001531745', 'antigoni26@example.net');
INSERT INTO nurse_phone (AMKA, phone_number) VALUES ('2001531745', '+30 6994 532654');
INSERT INTO nurse_phone (AMKA, phone_number) VALUES ('2001531745', '2710 541394');
INSERT INTO nurse_phone (AMKA, phone_number) VALUES ('2001531745', '+306980334071');
INSERT INTO nurse_dept (AMKA, dept_name) VALUES ('2001531745', 'Casualty');
INSERT INTO nurse (AMKA, first_name, middle_name, last_name, date_of_birth, date_of_employment, rank, dept_name) VALUES ('1104745970', 'Μεθόδιος', NULL, 'Τζαβέλλας', '1974-04-11', '2022-01-22', 'Προϊστάμενος', 'Pediatrics');
INSERT INTO nurse_email (AMKA, phone_number) VALUES ('1104745970', 'skrimpas.argyroula@example.org');
INSERT INTO nurse_email (AMKA, phone_number) VALUES ('1104745970', 'svarthaliti@example.net');
INSERT INTO nurse_phone (AMKA, phone_number) VALUES ('1104745970', '(+30) 6962 575625');
INSERT INTO nurse_phone (AMKA, phone_number) VALUES ('1104745970', '6986 413639');
INSERT INTO nurse_phone (AMKA, phone_number) VALUES ('1104745970', '2616044828');
INSERT INTO nurse_dept (AMKA, dept_name) VALUES ('1104745970', 'Geriatric');
INSERT INTO nurse (AMKA, first_name, middle_name, last_name, date_of_birth, date_of_employment, rank, dept_name) VALUES ('1504626975', 'Σταυρούλα', NULL, 'Μπαντής', '1962-04-15', '1988-06-27', 'Προϊστάμενος', 'Operating theatre (OT)');
INSERT INTO nurse_email (AMKA, phone_number) VALUES ('1504626975', 'galatios.lepida@example.net');
INSERT INTO nurse_phone (AMKA, phone_number) VALUES ('1504626975', '210 186 8604');
INSERT INTO nurse_phone (AMKA, phone_number) VALUES ('1504626975', '2770401627');
INSERT INTO nurse_phone (AMKA, phone_number) VALUES ('1504626975', '+30 2541 596540');
INSERT INTO nurse_dept (AMKA, dept_name) VALUES ('1504626975', 'Casualty');
INSERT INTO nurse (AMKA, first_name, middle_name, last_name, date_of_birth, date_of_employment, rank, dept_name) VALUES ('3005814144', 'Βενιζέλος', NULL, 'Μάνδαλος', '1981-05-30', '2022-07-06', 'Προϊστάμενος', 'Cardiology');
INSERT INTO nurse_email (AMKA, phone_number) VALUES ('3005814144', 'petsas.koralia@example.com');
INSERT INTO nurse_phone (AMKA, phone_number) VALUES ('3005814144', '6929 181360');
INSERT INTO nurse_dept (AMKA, dept_name) VALUES ('3005814144', 'Anesthesiology');
INSERT INTO nurse (AMKA, first_name, middle_name, last_name, date_of_birth, date_of_employment, rank, dept_name) VALUES ('1510652651', 'Αγαθάγγελος', NULL, 'Σηκωτίδου', '1965-10-15', '2001-04-24', 'Νοσηλευτής', 'Geriatric');
INSERT INTO nurse_email (AMKA, phone_number) VALUES ('1510652651', 'damianos.giannakis@example.net');
INSERT INTO nurse_email (AMKA, phone_number) VALUES ('1510652651', 'lkatsilis@example.net');
INSERT INTO nurse_phone (AMKA, phone_number) VALUES ('1510652651', '2101034932');
INSERT INTO nurse_phone (AMKA, phone_number) VALUES ('1510652651', '210 157 0706');
INSERT INTO nurse_phone (AMKA, phone_number) VALUES ('1510652651', '210 526 5361');
INSERT INTO nurse_dept (AMKA, dept_name) VALUES ('1510652651', 'Casualty');
INSERT INTO nurse (AMKA, first_name, middle_name, last_name, date_of_birth, date_of_employment, rank, dept_name) VALUES ('2106779833', 'Χριστόδουλος', NULL, 'Κοντός', '1977-06-21', '2018-08-31', 'Βοηθός Νοσηλευτή', 'Oncology');
INSERT INTO nurse_email (AMKA, phone_number) VALUES ('2106779833', 'panagiotakopoulou.dimitra@example.net');
INSERT INTO nurse_phone (AMKA, phone_number) VALUES ('2106779833', '2530 549 660');
INSERT INTO nurse_phone (AMKA, phone_number) VALUES ('2106779833', '2680074186');
INSERT INTO nurse_phone (AMKA, phone_number) VALUES ('2106779833', '(+30) 6998 978258');
INSERT INTO nurse_dept (AMKA, dept_name) VALUES ('2106779833', 'General surgery');
INSERT INTO nurse (AMKA, first_name, middle_name, last_name, date_of_birth, date_of_employment, rank, dept_name) VALUES ('1009882211', 'Λουκία', 'Χαρίλαος', 'Ρόγγα', '1988-09-10', '2010-03-21', 'Νοσηλευτής', 'Opthalmology');
INSERT INTO nurse_email (AMKA, phone_number) VALUES ('1009882211', 'taxiarchos80@example.com');
INSERT INTO nurse_phone (AMKA, phone_number) VALUES ('1009882211', '210 0682429');
INSERT INTO nurse_dept (AMKA, dept_name) VALUES ('1009882211', 'Neurology');
INSERT INTO nurse (AMKA, first_name, middle_name, last_name, date_of_birth, date_of_employment, rank, dept_name) VALUES ('1211484692', 'Ξένη', NULL, 'Μανουσέλης', '1948-11-12', '1976-12-20', 'Νοσηλευτής', 'General surgery');
INSERT INTO nurse_email (AMKA, phone_number) VALUES ('1211484692', 'cvasileiou@example.org');
INSERT INTO nurse_phone (AMKA, phone_number) VALUES ('1211484692', '+302205501061');
INSERT INTO nurse_phone (AMKA, phone_number) VALUES ('1211484692', '2310406542');
INSERT INTO nurse_phone (AMKA, phone_number) VALUES ('1211484692', '2370797094');
INSERT INTO nurse_dept (AMKA, dept_name) VALUES ('1211484692', 'Cardiology');
INSERT INTO nurse (AMKA, first_name, middle_name, last_name, date_of_birth, date_of_employment, rank, dept_name) VALUES ('1710494461', 'Σταμάτιος', NULL, 'Δακαναλής', '1949-10-17', '1975-04-03', 'Βοηθός Νοσηλευτή', 'Geriatric');
INSERT INTO nurse_email (AMKA, phone_number) VALUES ('1710494461', 'smit.androniki@example.org');
INSERT INTO nurse_email (AMKA, phone_number) VALUES ('1710494461', 'klearchos06@example.org');
INSERT INTO nurse_phone (AMKA, phone_number) VALUES ('1710494461', '+302433158590');
INSERT INTO nurse_phone (AMKA, phone_number) VALUES ('1710494461', '6921 450 733');
INSERT INTO nurse_dept (AMKA, dept_name) VALUES ('1710494461', 'General surgery');
INSERT INTO nurse (AMKA, first_name, middle_name, last_name, date_of_birth, date_of_employment, rank, dept_name) VALUES ('2810481113', 'Ανάργυρος', NULL, 'Τζήκας', '1948-10-28', '1982-10-16', 'Βοηθός Νοσηλευτή', 'Casualty');
INSERT INTO nurse_email (AMKA, phone_number) VALUES ('2810481113', 'androklis.aggelis@example.com');
INSERT INTO nurse_phone (AMKA, phone_number) VALUES ('2810481113', '2870978939');
INSERT INTO nurse_phone (AMKA, phone_number) VALUES ('2810481113', '210 482 0793');
INSERT INTO nurse_dept (AMKA, dept_name) VALUES ('2810481113', 'Casualty');
INSERT INTO nurse (AMKA, first_name, middle_name, last_name, date_of_birth, date_of_employment, rank, dept_name) VALUES ('1009900776', 'Νικήτας', NULL, 'Αξιώτης', '1990-09-10', '2014-08-15', 'Νοσηλευτής', 'General surgery');
INSERT INTO nurse_email (AMKA, phone_number) VALUES ('1009900776', 'kgiannopoulou@example.net');
INSERT INTO nurse_email (AMKA, phone_number) VALUES ('1009900776', 'faidra.aggelis@example.com');
INSERT INTO nurse_phone (AMKA, phone_number) VALUES ('1009900776', '2250200203');
INSERT INTO nurse_dept (AMKA, dept_name) VALUES ('1009900776', 'Casualty');
INSERT INTO nurse (AMKA, first_name, middle_name, last_name, date_of_birth, date_of_employment, rank, dept_name) VALUES ('2912863896', 'Μένανδρος', NULL, 'Γρετός', '1986-12-29', '2007-08-02', 'Βοηθός Νοσηλευτή', 'Cardiology');
INSERT INTO nurse_email (AMKA, phone_number) VALUES ('2912863896', 'komninos51@example.org');
INSERT INTO nurse_email (AMKA, phone_number) VALUES ('2912863896', 'qkontou@example.com');
INSERT INTO nurse_phone (AMKA, phone_number) VALUES ('2912863896', '6934 241 336');
INSERT INTO nurse_dept (AMKA, dept_name) VALUES ('2912863896', 'Haematology');
INSERT INTO nurse (AMKA, first_name, middle_name, last_name, date_of_birth, date_of_employment, rank, dept_name) VALUES ('0609880611', 'Αργύριος', 'Αικατερίνη', 'Μπραζιώτης', '1988-09-06', '2021-05-13', 'Βοηθός Νοσηλευτή', 'ENT');
INSERT INTO nurse_email (AMKA, phone_number) VALUES ('0609880611', 'cgeorgakopoulou@example.net');
INSERT INTO nurse_email (AMKA, phone_number) VALUES ('0609880611', 'panagia43@example.org');
INSERT INTO nurse_phone (AMKA, phone_number) VALUES ('0609880611', '2160 892163');
INSERT INTO nurse_phone (AMKA, phone_number) VALUES ('0609880611', '+306933939740');
INSERT INTO nurse_phone (AMKA, phone_number) VALUES ('0609880611', '(+30) 6913 398630');
INSERT INTO nurse_dept (AMKA, dept_name) VALUES ('0609880611', 'Outpatient Department (OPD)');
INSERT INTO nurse (AMKA, first_name, middle_name, last_name, date_of_birth, date_of_employment, rank, dept_name) VALUES ('1605007976', 'Μαργαρίτα', NULL, 'Κονιδάρης', '2000-05-16', '2022-05-04', 'Βοηθός Νοσηλευτή', 'Gynaecology');
INSERT INTO nurse_email (AMKA, phone_number) VALUES ('1605007976', 'stergiani.gkouvelos@example.com');
INSERT INTO nurse_phone (AMKA, phone_number) VALUES ('1605007976', '+302385696532');
INSERT INTO nurse_phone (AMKA, phone_number) VALUES ('1605007976', '21360 87 781');
INSERT INTO nurse_dept (AMKA, dept_name) VALUES ('1605007976', 'Oncology');
INSERT INTO nurse (AMKA, first_name, middle_name, last_name, date_of_birth, date_of_employment, rank, dept_name) VALUES ('2201749211', 'Έξαρχος', 'Πέτρα', 'Γκαλίου', '1974-01-22', '2010-07-15', 'Βοηθός Νοσηλευτή', 'Intensive care unit (ICU)');
INSERT INTO nurse_email (AMKA, phone_number) VALUES ('2201749211', 'symeon.mpatzani@example.org');
INSERT INTO nurse_phone (AMKA, phone_number) VALUES ('2201749211', '+30 6987 240752');
INSERT INTO nurse_phone (AMKA, phone_number) VALUES ('2201749211', '(+30) 6947 023216');
INSERT INTO nurse_phone (AMKA, phone_number) VALUES ('2201749211', '2390 174714');
INSERT INTO nurse_dept (AMKA, dept_name) VALUES ('2201749211', 'Urology');
INSERT INTO nurse (AMKA, first_name, middle_name, last_name, date_of_birth, date_of_employment, rank, dept_name) VALUES ('0401423570', 'Αυξέντιος', NULL, 'Μπακουλή', '1942-01-04', '1973-03-29', 'Βοηθός Νοσηλευτή', 'Pediatrics');
INSERT INTO nurse_email (AMKA, phone_number) VALUES ('0401423570', 'mandalos.andronikos@example.net');
INSERT INTO nurse_phone (AMKA, phone_number) VALUES ('0401423570', '6971349891');
INSERT INTO nurse_phone (AMKA, phone_number) VALUES ('0401423570', '+30 6927 235491');
INSERT INTO nurse_phone (AMKA, phone_number) VALUES ('0401423570', '2107278215');
INSERT INTO nurse_dept (AMKA, dept_name) VALUES ('0401423570', 'Oncology');
INSERT INTO nurse (AMKA, first_name, middle_name, last_name, date_of_birth, date_of_employment, rank, dept_name) VALUES ('1203719865', 'Σόλων', NULL, 'Στραβοσνίχης', '1971-03-12', '2003-08-06', 'Βοηθός Νοσηλευτή', 'Neurology');
INSERT INTO nurse_email (AMKA, phone_number) VALUES ('1203719865', 'agkaliou@example.com');
INSERT INTO nurse_email (AMKA, phone_number) VALUES ('1203719865', 'loukas85@example.org');
INSERT INTO nurse_phone (AMKA, phone_number) VALUES ('1203719865', '27790 69 298');
INSERT INTO nurse_dept (AMKA, dept_name) VALUES ('1203719865', 'Geriatric');
INSERT INTO nurse (AMKA, first_name, middle_name, last_name, date_of_birth, date_of_employment, rank, dept_name) VALUES ('0905967002', 'Χαραλαμπία', NULL, 'Δρίβα', '1996-05-09', '2015-12-07', 'Νοσηλευτής', 'Cardiology');
INSERT INTO nurse_email (AMKA, phone_number) VALUES ('0905967002', 'tsampali.dimoula@example.com');
INSERT INTO nurse_email (AMKA, phone_number) VALUES ('0905967002', 'katevatis.loukia@example.org');
INSERT INTO nurse_phone (AMKA, phone_number) VALUES ('0905967002', '(+30) 2351 349346');
INSERT INTO nurse_phone (AMKA, phone_number) VALUES ('0905967002', '2500 011 761');
INSERT INTO nurse_dept (AMKA, dept_name) VALUES ('0905967002', 'Psychiatry');
INSERT INTO nurse (AMKA, first_name, middle_name, last_name, date_of_birth, date_of_employment, rank, dept_name) VALUES ('2207748847', 'Γιαννούλα', NULL, 'Συρρής', '1974-07-22', '2010-02-17', 'Προϊστάμενος', 'Psychiatry');
INSERT INTO nurse_email (AMKA, phone_number) VALUES ('2207748847', 'imastoras@example.net');
INSERT INTO nurse_email (AMKA, phone_number) VALUES ('2207748847', 'theofania62@example.com');
INSERT INTO nurse_phone (AMKA, phone_number) VALUES ('2207748847', '2980412888');
INSERT INTO nurse_phone (AMKA, phone_number) VALUES ('2207748847', '210 4991629');
INSERT INTO nurse_dept (AMKA, dept_name) VALUES ('2207748847', 'Inpatient Department (IPD)');
INSERT INTO nurse (AMKA, first_name, middle_name, last_name, date_of_birth, date_of_employment, rank, dept_name) VALUES ('2510873484', 'Πωλίνα', NULL, 'Μάλαμα', '1987-10-25', '2009-10-08', 'Νοσηλευτής', 'Gynaecology');
INSERT INTO nurse_email (AMKA, phone_number) VALUES ('2510873484', 'empakouli@example.net');
INSERT INTO nurse_email (AMKA, phone_number) VALUES ('2510873484', 'polychronidis.euseveia@example.org');
INSERT INTO nurse_phone (AMKA, phone_number) VALUES ('2510873484', '2670 935 992');
INSERT INTO nurse_phone (AMKA, phone_number) VALUES ('2510873484', '(+30) 6983 794309');
INSERT INTO nurse_dept (AMKA, dept_name) VALUES ('2510873484', 'Operating theatre (OT)');
INSERT INTO nurse (AMKA, first_name, middle_name, last_name, date_of_birth, date_of_employment, rank, dept_name) VALUES ('1609565314', 'Κλειώ', NULL, 'Τασιούλας', '1956-09-16', '2015-06-25', 'Προϊστάμενος', 'Neurology');
INSERT INTO nurse_email (AMKA, phone_number) VALUES ('1609565314', 'qmylonidou@example.org');
INSERT INTO nurse_phone (AMKA, phone_number) VALUES ('1609565314', '(+30) 2630 535931');
INSERT INTO nurse_dept (AMKA, dept_name) VALUES ('1609565314', 'Geriatric');
INSERT INTO nurse (AMKA, first_name, middle_name, last_name, date_of_birth, date_of_employment, rank, dept_name) VALUES ('0306563714', 'Κηρύκος', NULL, 'Διακουμή', '1956-06-03', '2010-12-10', 'Βοηθός Νοσηλευτή', 'Orthopaedic');
INSERT INTO nurse_email (AMKA, phone_number) VALUES ('0306563714', 'gkarantana@example.net');
INSERT INTO nurse_email (AMKA, phone_number) VALUES ('0306563714', 'anthoulis39@example.org');
INSERT INTO nurse_phone (AMKA, phone_number) VALUES ('0306563714', '(+30) 2468 111075');
INSERT INTO nurse_dept (AMKA, dept_name) VALUES ('0306563714', 'ENT');
INSERT INTO nurse (AMKA, first_name, middle_name, last_name, date_of_birth, date_of_employment, rank, dept_name) VALUES ('1105412371', 'Σεβαστή', NULL, 'Βασιλάκη', '1941-05-11', '1994-04-30', 'Νοσηλευτής', 'Haematology');
INSERT INTO nurse_email (AMKA, phone_number) VALUES ('1105412371', 'pmanopoulou@example.org');
INSERT INTO nurse_email (AMKA, phone_number) VALUES ('1105412371', 'kyveli.mpakouli@example.com');
INSERT INTO nurse_phone (AMKA, phone_number) VALUES ('1105412371', '2760826080');
INSERT INTO nurse_dept (AMKA, dept_name) VALUES ('1105412371', 'Psychiatry');
INSERT INTO nurse (AMKA, first_name, middle_name, last_name, date_of_birth, date_of_employment, rank, dept_name) VALUES ('1504768226', 'Παταπία', NULL, 'Ψυρρή', '1976-04-15', '2005-03-01', 'Βοηθός Νοσηλευτή', 'Inpatient Department (IPD)');
INSERT INTO nurse_email (AMKA, phone_number) VALUES ('1504768226', 'hgalanaki@example.org');
INSERT INTO nurse_phone (AMKA, phone_number) VALUES ('1504768226', '210 1927263');
INSERT INTO nurse_dept (AMKA, dept_name) VALUES ('1504768226', 'Oncology');
INSERT INTO nurse (AMKA, first_name, middle_name, last_name, date_of_birth, date_of_employment, rank, dept_name) VALUES ('1302662547', 'Χαρίλαος', NULL, 'Χατζημιχαήλ', '1966-02-13', '1999-05-20', 'Βοηθός Νοσηλευτή', 'Pediatrics');
INSERT INTO nurse_email (AMKA, phone_number) VALUES ('1302662547', 'themistokleia.pankidou@example.net');
INSERT INTO nurse_email (AMKA, phone_number) VALUES ('1302662547', 'apostolos.stauropoulos@example.net');
INSERT INTO nurse_phone (AMKA, phone_number) VALUES ('1302662547', '(+30) 6993 703121');
INSERT INTO nurse_dept (AMKA, dept_name) VALUES ('1302662547', 'Haematology');
INSERT INTO nurse (AMKA, first_name, middle_name, last_name, date_of_birth, date_of_employment, rank, dept_name) VALUES ('2109902499', 'Χάιδω', 'Βλασία', 'Παυλίδου', '1990-09-21', '2013-05-27', 'Νοσηλευτής', 'Orthopaedic');
INSERT INTO nurse_email (AMKA, phone_number) VALUES ('2109902499', 'alexios.tyralis@example.net');
INSERT INTO nurse_phone (AMKA, phone_number) VALUES ('2109902499', '(+30) 6957 550595');
INSERT INTO nurse_phone (AMKA, phone_number) VALUES ('2109902499', '2740 210799');
INSERT INTO nurse_dept (AMKA, dept_name) VALUES ('2109902499', 'General surgery');
INSERT INTO nurse (AMKA, first_name, middle_name, last_name, date_of_birth, date_of_employment, rank, dept_name) VALUES ('2205559625', 'Θεμιστόκλεια', NULL, 'Μάρα', '1955-05-22', '2000-02-22', 'Βοηθός Νοσηλευτή', 'Outpatient Department (OPD)');
INSERT INTO nurse_email (AMKA, phone_number) VALUES ('2205559625', 'solomon74@example.com');
INSERT INTO nurse_phone (AMKA, phone_number) VALUES ('2205559625', '6986 864100');
INSERT INTO nurse_phone (AMKA, phone_number) VALUES ('2205559625', '6965 560255');
INSERT INTO nurse_dept (AMKA, dept_name) VALUES ('2205559625', 'Intensive care unit (ICU)');
INSERT INTO nurse (AMKA, first_name, middle_name, last_name, date_of_birth, date_of_employment, rank, dept_name) VALUES ('2312999473', 'Φρίξος', NULL, 'Ιωσηφίδου', '1999-12-23', '2023-10-29', 'Προϊστάμενος', 'Gynaecology');
INSERT INTO nurse_email (AMKA, phone_number) VALUES ('2312999473', 'charikleia32@example.com');
INSERT INTO nurse_phone (AMKA, phone_number) VALUES ('2312999473', '+30 6925 605140');
INSERT INTO nurse_phone (AMKA, phone_number) VALUES ('2312999473', '2770 732 766');
INSERT INTO nurse_dept (AMKA, dept_name) VALUES ('2312999473', 'Orthopaedic');
INSERT INTO nurse (AMKA, first_name, middle_name, last_name, date_of_birth, date_of_employment, rank, dept_name) VALUES ('2302788340', 'Πολύδωρος', 'Βασιλεία', 'Τσιρώνης', '1978-02-23', '2025-04-25', 'Νοσηλευτής', 'Pediatrics');
INSERT INTO nurse_email (AMKA, phone_number) VALUES ('2302788340', 'gavriil.damiani@example.org');
INSERT INTO nurse_email (AMKA, phone_number) VALUES ('2302788340', 'siranous.tsandilas@example.org');
INSERT INTO nurse_phone (AMKA, phone_number) VALUES ('2302788340', '(+30) 2202 808049');
INSERT INTO nurse_phone (AMKA, phone_number) VALUES ('2302788340', '+302264820585');
INSERT INTO nurse_phone (AMKA, phone_number) VALUES ('2302788340', '2070 485551');
INSERT INTO nurse_dept (AMKA, dept_name) VALUES ('2302788340', 'Cardiology');
INSERT INTO nurse (AMKA, first_name, middle_name, last_name, date_of_birth, date_of_employment, rank, dept_name) VALUES ('1902510644', 'Ιγνάτιος', NULL, 'Ιωακειμίδου', '1951-02-19', '1995-09-27', 'Νοσηλευτής', 'Gastroenterology');
INSERT INTO nurse_email (AMKA, phone_number) VALUES ('1902510644', 'agapi58@example.net');
INSERT INTO nurse_phone (AMKA, phone_number) VALUES ('1902510644', '6936 807885');
INSERT INTO nurse_dept (AMKA, dept_name) VALUES ('1902510644', 'Intensive care unit (ICU)');
INSERT INTO nurse (AMKA, first_name, middle_name, last_name, date_of_birth, date_of_employment, rank, dept_name) VALUES ('2008539748', 'Σταυρούλα', NULL, 'Δουβρόπουλος', '1953-08-20', '2007-10-16', 'Προϊστάμενος', 'Intensive care unit (ICU)');
INSERT INTO nurse_email (AMKA, phone_number) VALUES ('2008539748', 'tsigaridas.chrysanthos@example.net');
INSERT INTO nurse_email (AMKA, phone_number) VALUES ('2008539748', 'antypas47@example.com');
INSERT INTO nurse_phone (AMKA, phone_number) VALUES ('2008539748', '2690 679 490');
INSERT INTO nurse_dept (AMKA, dept_name) VALUES ('2008539748', 'Oncology');
INSERT INTO nurse (AMKA, first_name, middle_name, last_name, date_of_birth, date_of_employment, rank, dept_name) VALUES ('0310673902', 'Αγησίλαος', NULL, 'Σμυρνιώτης', '1967-10-03', '1988-03-09', 'Προϊστάμενος', 'Neurology');
INSERT INTO nurse_email (AMKA, phone_number) VALUES ('0310673902', 'digkas.reggina@example.com');
INSERT INTO nurse_phone (AMKA, phone_number) VALUES ('0310673902', '210 153 8937');
INSERT INTO nurse_phone (AMKA, phone_number) VALUES ('0310673902', '6968 117 016');
INSERT INTO nurse_phone (AMKA, phone_number) VALUES ('0310673902', '210 3331769');
INSERT INTO nurse_dept (AMKA, dept_name) VALUES ('0310673902', 'Psychiatry');
INSERT INTO nurse (AMKA, first_name, middle_name, last_name, date_of_birth, date_of_employment, rank, dept_name) VALUES ('0501675362', 'Φιλιππία', NULL, 'Ντάνου', '1967-01-05', '2000-01-01', 'Βοηθός Νοσηλευτή', 'Neurology');
INSERT INTO nurse_email (AMKA, phone_number) VALUES ('0501675362', 'theoklitos.papadimitropoulou@example.org');
INSERT INTO nurse_phone (AMKA, phone_number) VALUES ('0501675362', '+30 6922 017312');
INSERT INTO nurse_dept (AMKA, dept_name) VALUES ('0501675362', 'Opthalmology');
INSERT INTO nurse (AMKA, first_name, middle_name, last_name, date_of_birth, date_of_employment, rank, dept_name) VALUES ('2401650744', 'Αναστασία', NULL, 'Παπαστεργίου', '1965-01-24', '1989-08-26', 'Βοηθός Νοσηλευτή', 'Neurology');
INSERT INTO nurse_email (AMKA, phone_number) VALUES ('2401650744', 'karamani.iouliani@example.com');
INSERT INTO nurse_email (AMKA, phone_number) VALUES ('2401650744', 'andreas.moschopoulos@example.org');
INSERT INTO nurse_phone (AMKA, phone_number) VALUES ('2401650744', '2107501392');
INSERT INTO nurse_phone (AMKA, phone_number) VALUES ('2401650744', '6932 298 772');
INSERT INTO nurse_phone (AMKA, phone_number) VALUES ('2401650744', '+30 2480 776302');
INSERT INTO nurse_dept (AMKA, dept_name) VALUES ('2401650744', 'Psychiatry');
INSERT INTO nurse (AMKA, first_name, middle_name, last_name, date_of_birth, date_of_employment, rank, dept_name) VALUES ('2306483780', 'Ιουλιανή', NULL, 'Καλαϊτζοπούλου', '1948-06-23', '1967-04-29', 'Προϊστάμενος', 'Anesthesiology');
INSERT INTO nurse_email (AMKA, phone_number) VALUES ('2306483780', 'iakovina.chalantzouka@example.net');
INSERT INTO nurse_phone (AMKA, phone_number) VALUES ('2306483780', '210 8333215');
INSERT INTO nurse_phone (AMKA, phone_number) VALUES ('2306483780', '21760 12 946');
INSERT INTO nurse_dept (AMKA, dept_name) VALUES ('2306483780', 'Oncology');
INSERT INTO nurse (AMKA, first_name, middle_name, last_name, date_of_birth, date_of_employment, rank, dept_name) VALUES ('1412767369', 'Χριστίνα', NULL, 'Κουλίζος', '1976-12-14', '2001-11-16', 'Νοσηλευτής', 'Anesthesiology');
INSERT INTO nurse_email (AMKA, phone_number) VALUES ('1412767369', 'paulos81@example.org');
INSERT INTO nurse_email (AMKA, phone_number) VALUES ('1412767369', 'ytompoulidou@example.org');
INSERT INTO nurse_phone (AMKA, phone_number) VALUES ('1412767369', '20400 13 016');
INSERT INTO nurse_dept (AMKA, dept_name) VALUES ('1412767369', 'ENT');
INSERT INTO nurse (AMKA, first_name, middle_name, last_name, date_of_birth, date_of_employment, rank, dept_name) VALUES ('1108873026', 'Λεώνη', NULL, 'Λαφατζής', '1987-08-11', '2014-10-29', 'Προϊστάμενος', 'Intensive care unit (ICU)');
INSERT INTO nurse_email (AMKA, phone_number) VALUES ('1108873026', 'isaris.efraim@example.com');
INSERT INTO nurse_phone (AMKA, phone_number) VALUES ('1108873026', '+302984603066');
INSERT INTO nurse_phone (AMKA, phone_number) VALUES ('1108873026', '+302518388770');
INSERT INTO nurse_dept (AMKA, dept_name) VALUES ('1108873026', 'Opthalmology');
INSERT INTO nurse (AMKA, first_name, middle_name, last_name, date_of_birth, date_of_employment, rank, dept_name) VALUES ('2104955704', 'Θεοδόσης', NULL, 'Κουρκουτάς', '1995-04-21', '2017-10-20', 'Προϊστάμενος', 'Outpatient Department (OPD)');
INSERT INTO nurse_email (AMKA, phone_number) VALUES ('2104955704', 'iris06@example.org');
INSERT INTO nurse_phone (AMKA, phone_number) VALUES ('2104955704', '210 029 0233');
INSERT INTO nurse_phone (AMKA, phone_number) VALUES ('2104955704', '2101711119');
INSERT INTO nurse_phone (AMKA, phone_number) VALUES ('2104955704', '6995 007 376');
INSERT INTO nurse_dept (AMKA, dept_name) VALUES ('2104955704', 'Opthalmology');
INSERT INTO nurse (AMKA, first_name, middle_name, last_name, date_of_birth, date_of_employment, rank, dept_name) VALUES ('0804699299', 'Βρυσηίς', NULL, 'Μιχαλάρου', '1969-04-08', '2004-06-08', 'Προϊστάμενος', 'Opthalmology');
INSERT INTO nurse_email (AMKA, phone_number) VALUES ('0804699299', 'sarafidis.aristovoulos@example.org');
INSERT INTO nurse_email (AMKA, phone_number) VALUES ('0804699299', 'semina.karatzikos@example.com');
INSERT INTO nurse_phone (AMKA, phone_number) VALUES ('0804699299', '+306996856341');
INSERT INTO nurse_phone (AMKA, phone_number) VALUES ('0804699299', '(+30) 6958 883262');
INSERT INTO nurse_phone (AMKA, phone_number) VALUES ('0804699299', '6970274273');
INSERT INTO nurse_dept (AMKA, dept_name) VALUES ('0804699299', 'Intensive care unit (ICU)');
INSERT INTO nurse (AMKA, first_name, middle_name, last_name, date_of_birth, date_of_employment, rank, dept_name) VALUES ('2906681476', 'Ευσεβεία', NULL, 'Καραμπίνα', '1968-06-29', '2019-03-25', 'Βοηθός Νοσηλευτή', 'Urology');
INSERT INTO nurse_email (AMKA, phone_number) VALUES ('2906681476', 'tsampika.tzavellas@example.net');
INSERT INTO nurse_phone (AMKA, phone_number) VALUES ('2906681476', '+30 2605 024391');
INSERT INTO nurse_dept (AMKA, dept_name) VALUES ('2906681476', 'Oncology');
INSERT INTO nurse (AMKA, first_name, middle_name, last_name, date_of_birth, date_of_employment, rank, dept_name) VALUES ('2506995356', 'Χρίστος', NULL, 'Σκουλαρίδης', '1999-06-25', '2024-03-21', 'Προϊστάμενος', 'Intensive care unit (ICU)');
INSERT INTO nurse_email (AMKA, phone_number) VALUES ('2506995356', 'damianos89@example.com');
INSERT INTO nurse_phone (AMKA, phone_number) VALUES ('2506995356', '2970900611');
INSERT INTO nurse_phone (AMKA, phone_number) VALUES ('2506995356', '2538038197');
INSERT INTO nurse_phone (AMKA, phone_number) VALUES ('2506995356', '210 6612513');
INSERT INTO nurse_dept (AMKA, dept_name) VALUES ('2506995356', 'Opthalmology');
INSERT INTO nurse (AMKA, first_name, middle_name, last_name, date_of_birth, date_of_employment, rank, dept_name) VALUES ('1610464980', 'Ροδάνθη', NULL, 'Ανδρικόπουλος', '1946-10-16', '2001-02-20', 'Προϊστάμενος', 'Intensive care unit (ICU)');
INSERT INTO nurse_email (AMKA, phone_number) VALUES ('1610464980', 'stauroula.manouselis@example.net');
INSERT INTO nurse_email (AMKA, phone_number) VALUES ('1610464980', 'sykas.eleni@example.com');
INSERT INTO nurse_phone (AMKA, phone_number) VALUES ('1610464980', '6906 451 256');
INSERT INTO nurse_dept (AMKA, dept_name) VALUES ('1610464980', 'Urology');
INSERT INTO nurse (AMKA, first_name, middle_name, last_name, date_of_birth, date_of_employment, rank, dept_name) VALUES ('2703936125', 'Βλάσιος', 'Ξανθός', 'Μπεσύρη', '1993-03-27', '2015-02-09', 'Νοσηλευτής', 'General surgery');
INSERT INTO nurse_email (AMKA, phone_number) VALUES ('2703936125', 'qfokas@example.org');
INSERT INTO nurse_email (AMKA, phone_number) VALUES ('2703936125', 'psatlas@example.net');
INSERT INTO nurse_phone (AMKA, phone_number) VALUES ('2703936125', '2120 811701');
INSERT INTO nurse_dept (AMKA, dept_name) VALUES ('2703936125', 'Outpatient Department (OPD)');
INSERT INTO nurse (AMKA, first_name, middle_name, last_name, date_of_birth, date_of_employment, rank, dept_name) VALUES ('0510474719', 'Πολυξένη', NULL, 'Γκουτζαμάνης', '1947-10-05', '2004-02-01', 'Νοσηλευτής', 'Urology');
INSERT INTO nurse_email (AMKA, phone_number) VALUES ('0510474719', 'hoikonomou@example.org');
INSERT INTO nurse_phone (AMKA, phone_number) VALUES ('0510474719', '+302196319524');
INSERT INTO nurse_dept (AMKA, dept_name) VALUES ('0510474719', 'Urology');
INSERT INTO nurse (AMKA, first_name, middle_name, last_name, date_of_birth, date_of_employment, rank, dept_name) VALUES ('2501540617', 'Ησαΐας', NULL, 'Φίλκα', '1954-01-25', '1986-05-05', 'Προϊστάμενος', 'Opthalmology');
INSERT INTO nurse_email (AMKA, phone_number) VALUES ('2501540617', 'ekoutsogiannis@example.net');
INSERT INTO nurse_phone (AMKA, phone_number) VALUES ('2501540617', '2930 094 605');
INSERT INTO nurse_phone (AMKA, phone_number) VALUES ('2501540617', '210 569 6836');
INSERT INTO nurse_dept (AMKA, dept_name) VALUES ('2501540617', 'Haematology');
INSERT INTO nurse (AMKA, first_name, middle_name, last_name, date_of_birth, date_of_employment, rank, dept_name) VALUES ('2701534181', 'Σοφία', 'Διονύσιος', 'Παπαθεοδοσίου', '1953-01-27', '1987-03-17', 'Βοηθός Νοσηλευτή', 'Geriatric');
INSERT INTO nurse_email (AMKA, phone_number) VALUES ('2701534181', 'agapi22@example.org');
INSERT INTO nurse_phone (AMKA, phone_number) VALUES ('2701534181', '6962 449 139');
INSERT INTO nurse_dept (AMKA, dept_name) VALUES ('2701534181', 'Neurology');
INSERT INTO nurse (AMKA, first_name, middle_name, last_name, date_of_birth, date_of_employment, rank, dept_name) VALUES ('0505893142', 'Ροδιά', NULL, 'Τρεντσίου', '1989-05-05', '2011-08-24', 'Νοσηλευτής', 'Pediatrics');
INSERT INTO nurse_email (AMKA, phone_number) VALUES ('0505893142', 'vmanopoulou@example.com');
INSERT INTO nurse_email (AMKA, phone_number) VALUES ('0505893142', 'rpapanikolaou@example.com');
INSERT INTO nurse_phone (AMKA, phone_number) VALUES ('0505893142', '2450 206144');
INSERT INTO nurse_dept (AMKA, dept_name) VALUES ('0505893142', 'Intensive care unit (ICU)');
INSERT INTO nurse (AMKA, first_name, middle_name, last_name, date_of_birth, date_of_employment, rank, dept_name) VALUES ('0510421383', 'Νίκη', NULL, 'Κουλοχέρη', '1942-10-05', '1980-06-10', 'Βοηθός Νοσηλευτή', 'Outpatient Department (OPD)');
INSERT INTO nurse_email (AMKA, phone_number) VALUES ('0510421383', 'gkaliou.anthi@example.com');
INSERT INTO nurse_phone (AMKA, phone_number) VALUES ('0510421383', '2107090732');
INSERT INTO nurse_phone (AMKA, phone_number) VALUES ('0510421383', '6997 994 305');
INSERT INTO nurse_dept (AMKA, dept_name) VALUES ('0510421383', 'Geriatric');
INSERT INTO nurse (AMKA, first_name, middle_name, last_name, date_of_birth, date_of_employment, rank, dept_name) VALUES ('1404605743', 'Μηλιά', NULL, 'Γκόβα', '1960-04-14', '1981-07-22', 'Νοσηλευτής', 'Haematology');
INSERT INTO nurse_email (AMKA, phone_number) VALUES ('1404605743', 'arapaki.eudoxia@example.org');
INSERT INTO nurse_phone (AMKA, phone_number) VALUES ('1404605743', '(+30) 2694 489943');
INSERT INTO nurse_phone (AMKA, phone_number) VALUES ('1404605743', '2102596300');
INSERT INTO nurse_phone (AMKA, phone_number) VALUES ('1404605743', '+302973090962');
INSERT INTO nurse_dept (AMKA, dept_name) VALUES ('1404605743', 'Urology');
INSERT INTO nurse (AMKA, first_name, middle_name, last_name, date_of_birth, date_of_employment, rank, dept_name) VALUES ('0211928613', 'Σώζων', NULL, 'Παλλάς', '1992-11-02', '2015-02-04', 'Προϊστάμενος', 'Urology');
INSERT INTO nurse_email (AMKA, phone_number) VALUES ('0211928613', 'rsamaras@example.org');
INSERT INTO nurse_email (AMKA, phone_number) VALUES ('0211928613', 'itzoumakis@example.com');
INSERT INTO nurse_phone (AMKA, phone_number) VALUES ('0211928613', '+306919125387');
INSERT INTO nurse_phone (AMKA, phone_number) VALUES ('0211928613', '2109559666');
INSERT INTO nurse_dept (AMKA, dept_name) VALUES ('0211928613', 'Intensive care unit (ICU)');
INSERT INTO nurse (AMKA, first_name, middle_name, last_name, date_of_birth, date_of_employment, rank, dept_name) VALUES ('1808417844', 'Αριστοφάνης', NULL, 'Τζουμάκης', '1941-08-18', '1988-11-24', 'Προϊστάμενος', 'Oncology');
INSERT INTO nurse_email (AMKA, phone_number) VALUES ('1808417844', 'ismini91@example.org');
INSERT INTO nurse_phone (AMKA, phone_number) VALUES ('1808417844', '210 2530432');
INSERT INTO nurse_phone (AMKA, phone_number) VALUES ('1808417844', '210 9718503');
INSERT INTO nurse_phone (AMKA, phone_number) VALUES ('1808417844', '+302987034061');
INSERT INTO nurse_dept (AMKA, dept_name) VALUES ('1808417844', 'Inpatient Department (IPD)');
INSERT INTO nurse (AMKA, first_name, middle_name, last_name, date_of_birth, date_of_employment, rank, dept_name) VALUES ('0602448991', 'Ροδιά', NULL, 'Γκαλίου', '1944-02-06', '2000-10-18', 'Νοσηλευτής', 'Intensive care unit (ICU)');
INSERT INTO nurse_email (AMKA, phone_number) VALUES ('0602448991', 'gmanoleas@example.org');
INSERT INTO nurse_phone (AMKA, phone_number) VALUES ('0602448991', '+30 2906 781791');
INSERT INTO nurse_dept (AMKA, dept_name) VALUES ('0602448991', 'Gynaecology');
INSERT INTO nurse (AMKA, first_name, middle_name, last_name, date_of_birth, date_of_employment, rank, dept_name) VALUES ('2010741698', 'Σωκράτης', 'Οδύσσεια', 'Σαουλίδης', '1974-10-20', '1995-04-17', 'Προϊστάμενος', 'Oncology');
INSERT INTO nurse_email (AMKA, phone_number) VALUES ('2010741698', 'karagiovanni.melpomeni@example.com');
INSERT INTO nurse_phone (AMKA, phone_number) VALUES ('2010741698', '6990 741064');
INSERT INTO nurse_phone (AMKA, phone_number) VALUES ('2010741698', '2705093671');
INSERT INTO nurse_phone (AMKA, phone_number) VALUES ('2010741698', '6909102533');
INSERT INTO nurse_dept (AMKA, dept_name) VALUES ('2010741698', 'Orthopaedic');
INSERT INTO nurse (AMKA, first_name, middle_name, last_name, date_of_birth, date_of_employment, rank, dept_name) VALUES ('2207458321', 'Χρυσούλα', NULL, 'Παπαδημητράκης', '1945-07-22', '1980-03-07', 'Βοηθός Νοσηλευτή', 'Urology');
INSERT INTO nurse_email (AMKA, phone_number) VALUES ('2207458321', 'plataki.pantelia@example.org');
INSERT INTO nurse_email (AMKA, phone_number) VALUES ('2207458321', 'adamantios03@example.com');
INSERT INTO nurse_phone (AMKA, phone_number) VALUES ('2207458321', '2720161824');
INSERT INTO nurse_phone (AMKA, phone_number) VALUES ('2207458321', '2768059277');
INSERT INTO nurse_dept (AMKA, dept_name) VALUES ('2207458321', 'Orthopaedic');
INSERT INTO nurse (AMKA, first_name, middle_name, last_name, date_of_birth, date_of_employment, rank, dept_name) VALUES ('1701408820', 'Νεοκλής', NULL, 'Νικολοπούλου', '1940-01-17', '1974-05-30', 'Βοηθός Νοσηλευτή', 'Outpatient Department (OPD)');
INSERT INTO nurse_email (AMKA, phone_number) VALUES ('1701408820', 'marchaulis@example.org');
INSERT INTO nurse_phone (AMKA, phone_number) VALUES ('1701408820', '2640 608 813');
INSERT INTO nurse_phone (AMKA, phone_number) VALUES ('1701408820', '210 9514016');
INSERT INTO nurse_phone (AMKA, phone_number) VALUES ('1701408820', '+30 6931 197266');
INSERT INTO nurse_dept (AMKA, dept_name) VALUES ('1701408820', 'Outpatient Department (OPD)');
INSERT INTO nurse (AMKA, first_name, middle_name, last_name, date_of_birth, date_of_employment, rank, dept_name) VALUES ('2208006426', 'Πέτρα', 'Βαλάντης', 'Κουτσούρας', '2000-08-22', '2025-02-22', 'Νοσηλευτής', 'Outpatient Department (OPD)');
INSERT INTO nurse_email (AMKA, phone_number) VALUES ('2208006426', 'vyron40@example.org');
INSERT INTO nurse_phone (AMKA, phone_number) VALUES ('2208006426', '(+30) 6928 428271');
INSERT INTO nurse_dept (AMKA, dept_name) VALUES ('2208006426', 'Cardiology');
INSERT INTO nurse (AMKA, first_name, middle_name, last_name, date_of_birth, date_of_employment, rank, dept_name) VALUES ('0107792681', 'Χρυσαφένια', NULL, 'Τσαλαμάνδρης', '1979-07-01', '2019-12-25', 'Βοηθός Νοσηλευτή', 'Casualty');
INSERT INTO nurse_email (AMKA, phone_number) VALUES ('0107792681', 'anestis.christopoulos@example.net');
INSERT INTO nurse_phone (AMKA, phone_number) VALUES ('0107792681', '210 5839213');
INSERT INTO nurse_dept (AMKA, dept_name) VALUES ('0107792681', 'General surgery');
INSERT INTO nurse (AMKA, first_name, middle_name, last_name, date_of_birth, date_of_employment, rank, dept_name) VALUES ('0703636764', 'Φλωρίνα', NULL, 'Βρακά', '1963-03-07', '2005-05-03', 'Βοηθός Νοσηλευτή', 'Orthopaedic');
INSERT INTO nurse_email (AMKA, phone_number) VALUES ('0703636764', 'katsilli.malvina@example.com');
INSERT INTO nurse_email (AMKA, phone_number) VALUES ('0703636764', 'archelaos.kioridou@example.com');
INSERT INTO nurse_phone (AMKA, phone_number) VALUES ('0703636764', '2230 477 908');
INSERT INTO nurse_dept (AMKA, dept_name) VALUES ('0703636764', 'Pediatrics');
INSERT INTO nurse (AMKA, first_name, middle_name, last_name, date_of_birth, date_of_employment, rank, dept_name) VALUES ('0501520053', 'Ευσεβία', 'Οδυσσεύς', 'Ρίγκος', '1952-01-05', '1990-01-18', 'Βοηθός Νοσηλευτή', 'Urology');
INSERT INTO nurse_email (AMKA, phone_number) VALUES ('0501520053', 'loumpoutskou.archelaos@example.org');
INSERT INTO nurse_phone (AMKA, phone_number) VALUES ('0501520053', '2108818080');
INSERT INTO nurse_dept (AMKA, dept_name) VALUES ('0501520053', 'ENT');
INSERT INTO nurse (AMKA, first_name, middle_name, last_name, date_of_birth, date_of_employment, rank, dept_name) VALUES ('2511467369', 'Χριστόφορος', NULL, 'Ευαγγελάκη', '1946-11-25', '1969-10-04', 'Προϊστάμενος', 'Gynaecology');
INSERT INTO nurse_email (AMKA, phone_number) VALUES ('2511467369', 'christofora.pagkalos@example.com');
INSERT INTO nurse_phone (AMKA, phone_number) VALUES ('2511467369', '24970 78 734');
INSERT INTO nurse_phone (AMKA, phone_number) VALUES ('2511467369', '+30 2825 652397');
INSERT INTO nurse_dept (AMKA, dept_name) VALUES ('2511467369', 'Anesthesiology');
INSERT INTO nurse (AMKA, first_name, middle_name, last_name, date_of_birth, date_of_employment, rank, dept_name) VALUES ('2108658346', 'Γαλάτεια', 'Ιάσονας', 'Λεβέντης', '1965-08-21', '2023-05-16', 'Νοσηλευτής', 'Operating theatre (OT)');
INSERT INTO nurse_email (AMKA, phone_number) VALUES ('2108658346', 'maurommatis.annika@example.org');
INSERT INTO nurse_phone (AMKA, phone_number) VALUES ('2108658346', '+306928840876');
INSERT INTO nurse_phone (AMKA, phone_number) VALUES ('2108658346', '2810425126');
INSERT INTO nurse_dept (AMKA, dept_name) VALUES ('2108658346', 'Operating theatre (OT)');
INSERT INTO nurse (AMKA, first_name, middle_name, last_name, date_of_birth, date_of_employment, rank, dept_name) VALUES ('1504440707', 'Ζαχαρούλα', NULL, 'Τζαναβάρα', '1944-04-15', '1993-07-31', 'Νοσηλευτής', 'ENT');
INSERT INTO nurse_email (AMKA, phone_number) VALUES ('1504440707', 'qzacharioudaki@example.com');
INSERT INTO nurse_phone (AMKA, phone_number) VALUES ('1504440707', '29710 68 027');
INSERT INTO nurse_phone (AMKA, phone_number) VALUES ('1504440707', '2250 510 576');
INSERT INTO nurse_phone (AMKA, phone_number) VALUES ('1504440707', '27090 38 931');
INSERT INTO nurse_dept (AMKA, dept_name) VALUES ('1504440707', 'Opthalmology');
INSERT INTO nurse (AMKA, first_name, middle_name, last_name, date_of_birth, date_of_employment, rank, dept_name) VALUES ('1409803295', 'Αναστασία', NULL, 'Χαρμπίλας', '1980-09-14', '2016-01-01', 'Βοηθός Νοσηλευτή', 'Intensive care unit (ICU)');
INSERT INTO nurse_email (AMKA, phone_number) VALUES ('1409803295', 'rigas66@example.org');
INSERT INTO nurse_email (AMKA, phone_number) VALUES ('1409803295', 'ngkagkas@example.net');
INSERT INTO nurse_phone (AMKA, phone_number) VALUES ('1409803295', '(+30) 6924 041352');
INSERT INTO nurse_phone (AMKA, phone_number) VALUES ('1409803295', '+30 6992 626114');
INSERT INTO nurse_phone (AMKA, phone_number) VALUES ('1409803295', '+30 2802 055381');
INSERT INTO nurse_dept (AMKA, dept_name) VALUES ('1409803295', 'ENT');
INSERT INTO nurse (AMKA, first_name, middle_name, last_name, date_of_birth, date_of_employment, rank, dept_name) VALUES ('2604665969', 'Αργυρούλα', NULL, 'Κοντού', '1966-04-26', '1992-01-18', 'Προϊστάμενος', 'Oncology');
INSERT INTO nurse_email (AMKA, phone_number) VALUES ('2604665969', 'anassou@example.com');
INSERT INTO nurse_email (AMKA, phone_number) VALUES ('2604665969', 'fkotrotsou@example.net');
INSERT INTO nurse_phone (AMKA, phone_number) VALUES ('2604665969', '(+30) 6910 707480');
INSERT INTO nurse_phone (AMKA, phone_number) VALUES ('2604665969', '6920 654 075');
INSERT INTO nurse_dept (AMKA, dept_name) VALUES ('2604665969', 'Geriatric');
INSERT INTO nurse (AMKA, first_name, middle_name, last_name, date_of_birth, date_of_employment, rank, dept_name) VALUES ('0708795343', 'Φαίδων', NULL, 'Καλλιάνταση', '1979-08-07', '2025-12-21', 'Βοηθός Νοσηλευτή', 'Orthopaedic');
INSERT INTO nurse_email (AMKA, phone_number) VALUES ('0708795343', 'alkinoi87@example.org');
INSERT INTO nurse_email (AMKA, phone_number) VALUES ('0708795343', 'lkarakyriou@example.org');
INSERT INTO nurse_phone (AMKA, phone_number) VALUES ('0708795343', '2102569031');
INSERT INTO nurse_phone (AMKA, phone_number) VALUES ('0708795343', '+306941630185');
INSERT INTO nurse_phone (AMKA, phone_number) VALUES ('0708795343', '6910 695 146');
INSERT INTO nurse_dept (AMKA, dept_name) VALUES ('0708795343', 'Oncology');
INSERT INTO nurse (AMKA, first_name, middle_name, last_name, date_of_birth, date_of_employment, rank, dept_name) VALUES ('1212558675', 'Ανδριανή', 'Αγαπητός', 'Αρχαυλής', '1955-12-12', '1979-08-23', 'Βοηθός Νοσηλευτή', 'Geriatric');
INSERT INTO nurse_email (AMKA, phone_number) VALUES ('1212558675', 'antoniadis.panteleimon@example.com');
INSERT INTO nurse_phone (AMKA, phone_number) VALUES ('1212558675', '6948220003');
INSERT INTO nurse_phone (AMKA, phone_number) VALUES ('1212558675', '(+30) 6997 801742');
INSERT INTO nurse_dept (AMKA, dept_name) VALUES ('1212558675', 'Casualty');
INSERT INTO nurse (AMKA, first_name, middle_name, last_name, date_of_birth, date_of_employment, rank, dept_name) VALUES ('1304940292', 'Ισμήνη', 'Μικές', 'Μπονέλη', '1994-04-13', '2018-04-29', 'Βοηθός Νοσηλευτή', 'Psychiatry');
INSERT INTO nurse_email (AMKA, phone_number) VALUES ('1304940292', 'emmanouil.michalakis@example.org');
INSERT INTO nurse_phone (AMKA, phone_number) VALUES ('1304940292', '2109025279');
INSERT INTO nurse_phone (AMKA, phone_number) VALUES ('1304940292', '+306947129187');
INSERT INTO nurse_dept (AMKA, dept_name) VALUES ('1304940292', 'Gastroenterology');
INSERT INTO nurse (AMKA, first_name, middle_name, last_name, date_of_birth, date_of_employment, rank, dept_name) VALUES ('2311477168', 'Βιργινία', NULL, 'Γιαννούκος', '1947-11-23', '1989-04-01', 'Βοηθός Νοσηλευτή', 'Casualty');
INSERT INTO nurse_email (AMKA, phone_number) VALUES ('2311477168', 'polyzois.spandonidis@example.com');
INSERT INTO nurse_phone (AMKA, phone_number) VALUES ('2311477168', '6909701827');
INSERT INTO nurse_phone (AMKA, phone_number) VALUES ('2311477168', '+302416131324');
INSERT INTO nurse_phone (AMKA, phone_number) VALUES ('2311477168', '+302732478633');
INSERT INTO nurse_dept (AMKA, dept_name) VALUES ('2311477168', 'Operating theatre (OT)');
INSERT INTO nurse (AMKA, first_name, middle_name, last_name, date_of_birth, date_of_employment, rank, dept_name) VALUES ('1603520070', 'Ιούλιος', NULL, 'Καμποσάκης', '1952-03-16', '1975-05-25', 'Βοηθός Νοσηλευτή', 'General surgery');
INSERT INTO nurse_email (AMKA, phone_number) VALUES ('1603520070', 'kyritsi.tryfonia@example.org');
INSERT INTO nurse_email (AMKA, phone_number) VALUES ('1603520070', 'klearchos41@example.org');
INSERT INTO nurse_phone (AMKA, phone_number) VALUES ('1603520070', '2718030636');
INSERT INTO nurse_phone (AMKA, phone_number) VALUES ('1603520070', '6902 220 865');
INSERT INTO nurse_phone (AMKA, phone_number) VALUES ('1603520070', '+30 2076 052061');
INSERT INTO nurse_dept (AMKA, dept_name) VALUES ('1603520070', 'Inpatient Department (IPD)');
INSERT INTO nurse (AMKA, first_name, middle_name, last_name, date_of_birth, date_of_employment, rank, dept_name) VALUES ('2906943894', 'Πραξιτέλης', NULL, 'Θωμάς', '1994-06-29', '2016-06-06', 'Νοσηλευτής', 'Cardiology');
INSERT INTO nurse_email (AMKA, phone_number) VALUES ('2906943894', 'theodouli.pappas@example.com');
INSERT INTO nurse_phone (AMKA, phone_number) VALUES ('2906943894', '+30 6905 434812');
INSERT INTO nurse_phone (AMKA, phone_number) VALUES ('2906943894', '+302025150346');
INSERT INTO nurse_dept (AMKA, dept_name) VALUES ('2906943894', 'Orthopaedic');
INSERT INTO nurse (AMKA, first_name, middle_name, last_name, date_of_birth, date_of_employment, rank, dept_name) VALUES ('2404521011', 'Ιερεμίας', NULL, 'Κουτσικόπουλος', '1952-04-24', '1985-09-11', 'Βοηθός Νοσηλευτή', 'Casualty');
INSERT INTO nurse_email (AMKA, phone_number) VALUES ('2404521011', 'chourzamani.euripidis@example.com');
INSERT INTO nurse_email (AMKA, phone_number) VALUES ('2404521011', 'aristotelis.charalampidou@example.net');
INSERT INTO nurse_phone (AMKA, phone_number) VALUES ('2404521011', '+30 2465 961918');
INSERT INTO nurse_dept (AMKA, dept_name) VALUES ('2404521011', 'Casualty');
INSERT INTO nurse (AMKA, first_name, middle_name, last_name, date_of_birth, date_of_employment, rank, dept_name) VALUES ('0604400625', 'Ράλλης', 'Λογοθέτης', 'Χαραλάμπους', '1940-04-06', '1979-02-10', 'Βοηθός Νοσηλευτή', 'Neurology');
INSERT INTO nurse_email (AMKA, phone_number) VALUES ('0604400625', 'augi.vaiou@example.org');
INSERT INTO nurse_email (AMKA, phone_number) VALUES ('0604400625', 'malama.asklipios@example.com');
INSERT INTO nurse_phone (AMKA, phone_number) VALUES ('0604400625', '+302404759534');
INSERT INTO nurse_phone (AMKA, phone_number) VALUES ('0604400625', '210 957 0807');
INSERT INTO nurse_dept (AMKA, dept_name) VALUES ('0604400625', 'Opthalmology');
INSERT INTO nurse (AMKA, first_name, middle_name, last_name, date_of_birth, date_of_employment, rank, dept_name) VALUES ('2811599483', 'Τηλέμαχος', NULL, 'Χαρτερός', '1959-11-28', '2000-02-25', 'Νοσηλευτής', 'General surgery');
INSERT INTO nurse_email (AMKA, phone_number) VALUES ('2811599483', 'tzeni.gkova@example.net');
INSERT INTO nurse_phone (AMKA, phone_number) VALUES ('2811599483', '+30 6907 243930');
INSERT INTO nurse_dept (AMKA, dept_name) VALUES ('2811599483', 'Opthalmology');
INSERT INTO nurse (AMKA, first_name, middle_name, last_name, date_of_birth, date_of_employment, rank, dept_name) VALUES ('2303846885', 'Ισιδώρα', NULL, 'Αλυσανδράτου', '1984-03-23', '2009-05-06', 'Νοσηλευτής', 'ENT');
INSERT INTO nurse_email (AMKA, phone_number) VALUES ('2303846885', 'szarzani@example.com');
INSERT INTO nurse_phone (AMKA, phone_number) VALUES ('2303846885', '6995 602 952');
INSERT INTO nurse_dept (AMKA, dept_name) VALUES ('2303846885', 'Cardiology');
INSERT INTO nurse (AMKA, first_name, middle_name, last_name, date_of_birth, date_of_employment, rank, dept_name) VALUES ('0205914809', 'Ξένη', NULL, 'Κυριαννάκη', '1991-05-02', '2010-09-02', 'Προϊστάμενος', 'Pediatrics');
INSERT INTO nurse_email (AMKA, phone_number) VALUES ('0205914809', 'ieronymos.gatos@example.net');
INSERT INTO nurse_phone (AMKA, phone_number) VALUES ('0205914809', '+302824917899');
INSERT INTO nurse_phone (AMKA, phone_number) VALUES ('0205914809', '(+30) 6964 124552');
INSERT INTO nurse_phone (AMKA, phone_number) VALUES ('0205914809', '210 3987147');
INSERT INTO nurse_dept (AMKA, dept_name) VALUES ('0205914809', 'Haematology');
INSERT INTO nurse (AMKA, first_name, middle_name, last_name, date_of_birth, date_of_employment, rank, dept_name) VALUES ('2505429798', 'Κλέαρχος', NULL, 'Ταμιωλάκης', '1942-05-25', '1996-02-06', 'Νοσηλευτής', 'Cardiology');
INSERT INTO nurse_email (AMKA, phone_number) VALUES ('2505429798', 'chatzigeorgiou.velissarios@example.com');
INSERT INTO nurse_phone (AMKA, phone_number) VALUES ('2505429798', '210 1748463');
INSERT INTO nurse_dept (AMKA, dept_name) VALUES ('2505429798', 'Psychiatry');
INSERT INTO nurse (AMKA, first_name, middle_name, last_name, date_of_birth, date_of_employment, rank, dept_name) VALUES ('1411640448', 'Νίκανδρος', 'Αγαθοκλής', 'Ξυγκάκου', '1964-11-14', '2008-10-03', 'Προϊστάμενος', 'Cardiology');
INSERT INTO nurse_email (AMKA, phone_number) VALUES ('1411640448', 'dantonaki@example.com');
INSERT INTO nurse_email (AMKA, phone_number) VALUES ('1411640448', 'garyfallos65@example.com');
INSERT INTO nurse_phone (AMKA, phone_number) VALUES ('1411640448', '+306922961862');
INSERT INTO nurse_phone (AMKA, phone_number) VALUES ('1411640448', '2107583019');
INSERT INTO nurse_phone (AMKA, phone_number) VALUES ('1411640448', '+30 2659 042381');
INSERT INTO nurse_dept (AMKA, dept_name) VALUES ('1411640448', 'Anesthesiology');
INSERT INTO nurse (AMKA, first_name, middle_name, last_name, date_of_birth, date_of_employment, rank, dept_name) VALUES ('1511669294', 'Δαβιδούλα', NULL, 'Κραββαρίτης', '1966-11-15', '2018-05-11', 'Βοηθός Νοσηλευτή', 'ENT');
INSERT INTO nurse_email (AMKA, phone_number) VALUES ('1511669294', 'chrysidis.semina@example.org');
INSERT INTO nurse_phone (AMKA, phone_number) VALUES ('1511669294', '2500 086 074');
INSERT INTO nurse_dept (AMKA, dept_name) VALUES ('1511669294', 'Geriatric');
INSERT INTO nurse (AMKA, first_name, middle_name, last_name, date_of_birth, date_of_employment, rank, dept_name) VALUES ('1605723844', 'Κρυστάλλης', NULL, 'Πετρίδου', '1972-05-16', '1996-05-27', 'Βοηθός Νοσηλευτή', 'General surgery');
INSERT INTO nurse_email (AMKA, phone_number) VALUES ('1605723844', 'kyprianos84@example.net');
INSERT INTO nurse_phone (AMKA, phone_number) VALUES ('1605723844', '(+30) 2621 514226');
INSERT INTO nurse_dept (AMKA, dept_name) VALUES ('1605723844', 'Cardiology');
INSERT INTO administrative_staff (AMKA, first_name, middle_name, last_name, date_of_birth, date_of_employment, role, office, dept_name) VALUES ('2104722915', 'Μικές', NULL, 'Γιαννακουδάκης', '1972-04-21', '2009-01-27', 'Ανθρώπινο Δυναμικό', '935-221', 'Haematology');
INSERT INTO admin_email (AMKA, phone_number) VALUES ('2104722915', 'apostolos.laggousis@example.org');
INSERT INTO admin_email (AMKA, phone_number) VALUES ('2104722915', 'ariadni.koulizos@example.com');
INSERT INTO admin_phone (AMKA, phone_number) VALUES ('2104722915', '210 8653726');
INSERT INTO admin_phone (AMKA, phone_number) VALUES ('2104722915', '(+30) 2996 001453');
INSERT INTO admin_phone (AMKA, phone_number) VALUES ('2104722915', '(+30) 6970 412946');
INSERT INTO admin_dept (AMKA, dept_name) VALUES ('2104722915', 'Cardiology');
INSERT INTO administrative_staff (AMKA, first_name, middle_name, last_name, date_of_birth, date_of_employment, role, office, dept_name) VALUES ('0902704262', 'Βερόνικα', NULL, 'Κεσκίνη', '1970-02-09', '2021-01-04', 'Τεχνική Υποστήριξη', '1', 'Urology');
INSERT INTO admin_email (AMKA, phone_number) VALUES ('0902704262', 'xdiakoumi@example.org');
INSERT INTO admin_email (AMKA, phone_number) VALUES ('0902704262', 'xirodima.kostas@example.com');
INSERT INTO admin_phone (AMKA, phone_number) VALUES ('0902704262', '2610 521 707');
INSERT INTO admin_phone (AMKA, phone_number) VALUES ('0902704262', '210 406 5008');
INSERT INTO admin_dept (AMKA, dept_name) VALUES ('0902704262', 'Operating theatre (OT)');
INSERT INTO administrative_staff (AMKA, first_name, middle_name, last_name, date_of_birth, date_of_employment, role, office, dept_name) VALUES ('2407939755', 'Θεώνη', NULL, 'Καφαντάρη', '1993-07-24', '2014-06-06', 'Τεχνική Υποστήριξη', '48', 'Oncology');
INSERT INTO admin_email (AMKA, phone_number) VALUES ('2407939755', 'sofia05@example.net');
INSERT INTO admin_email (AMKA, phone_number) VALUES ('2407939755', 'peroulaki.prodromos@example.org');
INSERT INTO admin_phone (AMKA, phone_number) VALUES ('2407939755', '6915 478 643');
INSERT INTO admin_dept (AMKA, dept_name) VALUES ('2407939755', 'ENT');
INSERT INTO administrative_staff (AMKA, first_name, middle_name, last_name, date_of_birth, date_of_employment, role, office, dept_name) VALUES ('1711502671', 'Μελέτιος', NULL, 'Δώρη', '1950-11-17', '1986-05-09', 'Γραμματεία', '78', 'Gastroenterology');
INSERT INTO admin_email (AMKA, phone_number) VALUES ('1711502671', 'chatzikyrkos.dimokratis@example.org');
INSERT INTO admin_phone (AMKA, phone_number) VALUES ('1711502671', '6914 296 530');
INSERT INTO admin_phone (AMKA, phone_number) VALUES ('1711502671', '+30 6918 578493');
INSERT INTO admin_phone (AMKA, phone_number) VALUES ('1711502671', '2130 054 202');
INSERT INTO admin_dept (AMKA, dept_name) VALUES ('1711502671', 'General surgery');
INSERT INTO administrative_staff (AMKA, first_name, middle_name, last_name, date_of_birth, date_of_employment, role, office, dept_name) VALUES ('2302003852', 'Σπάρτη', NULL, 'Παπασπηλιωτοπούλου', '2000-02-23', '2019-09-07', 'Τεχνική Υποστήριξη', '47-99', 'Intensive care unit (ICU)');
INSERT INTO admin_email (AMKA, phone_number) VALUES ('2302003852', 'amastrogiorgis@example.org');
INSERT INTO admin_phone (AMKA, phone_number) VALUES ('2302003852', '2100736723');
INSERT INTO admin_phone (AMKA, phone_number) VALUES ('2302003852', '+30 2667 245036');
INSERT INTO admin_dept (AMKA, dept_name) VALUES ('2302003852', 'Haematology');
INSERT INTO administrative_staff (AMKA, first_name, middle_name, last_name, date_of_birth, date_of_employment, role, office, dept_name) VALUES ('2504775729', 'Μαύρος', NULL, 'Εμμανουηλίδου', '1977-04-25', '1997-07-21', 'Γραμματεία', '78', 'General surgery');
INSERT INTO admin_email (AMKA, phone_number) VALUES ('2504775729', 'lstroumpa@example.com');
INSERT INTO admin_phone (AMKA, phone_number) VALUES ('2504775729', '2450 294 440');
INSERT INTO admin_phone (AMKA, phone_number) VALUES ('2504775729', '2260074321');
INSERT INTO admin_phone (AMKA, phone_number) VALUES ('2504775729', '6951 398 601');
INSERT INTO admin_dept (AMKA, dept_name) VALUES ('2504775729', 'Psychiatry');
INSERT INTO administrative_staff (AMKA, first_name, middle_name, last_name, date_of_birth, date_of_employment, role, office, dept_name) VALUES ('1812439365', 'Στυλιανή', NULL, 'Σαββάκη', '1943-12-18', '2000-03-23', 'Λογιστήριο', '12', 'Geriatric');
INSERT INTO admin_email (AMKA, phone_number) VALUES ('1812439365', 'timon.papastergiou@example.com');
INSERT INTO admin_email (AMKA, phone_number) VALUES ('1812439365', 'hspasopoulos@example.net');
INSERT INTO admin_phone (AMKA, phone_number) VALUES ('1812439365', '(+30) 2497 507472');
INSERT INTO admin_phone (AMKA, phone_number) VALUES ('1812439365', '6973 064273');
INSERT INTO admin_phone (AMKA, phone_number) VALUES ('1812439365', '6939 520 273');
INSERT INTO admin_dept (AMKA, dept_name) VALUES ('1812439365', 'Inpatient Department (IPD)');
INSERT INTO administrative_staff (AMKA, first_name, middle_name, last_name, date_of_birth, date_of_employment, role, office, dept_name) VALUES ('0411473209', 'Κωνσταντίνα', NULL, 'Δουλγεράκης', '1947-11-04', '2000-04-13', 'Τεχνική Υποστήριξη', '0', 'Orthopaedic');
INSERT INTO admin_email (AMKA, phone_number) VALUES ('0411473209', 'kosmas91@example.com');
INSERT INTO admin_email (AMKA, phone_number) VALUES ('0411473209', 'dvairamidou@example.com');
INSERT INTO admin_phone (AMKA, phone_number) VALUES ('0411473209', '25100 27 349');
INSERT INTO admin_phone (AMKA, phone_number) VALUES ('0411473209', '22030 07 951');
INSERT INTO admin_phone (AMKA, phone_number) VALUES ('0411473209', '2103192784');
INSERT INTO admin_dept (AMKA, dept_name) VALUES ('0411473209', 'Oncology');
INSERT INTO administrative_staff (AMKA, first_name, middle_name, last_name, date_of_birth, date_of_employment, role, office, dept_name) VALUES ('1804499490', 'Δομήνικος', NULL, 'Στεργιαλής', '1949-04-18', '1976-09-20', 'Τεχνική Υποστήριξη', '78', 'Urology');
INSERT INTO admin_email (AMKA, phone_number) VALUES ('1804499490', 'eustratia.pantazis@example.net');
INSERT INTO admin_phone (AMKA, phone_number) VALUES ('1804499490', '+30 2524 855831');
INSERT INTO admin_phone (AMKA, phone_number) VALUES ('1804499490', '+30 2589 356231');
INSERT INTO admin_dept (AMKA, dept_name) VALUES ('1804499490', 'Inpatient Department (IPD)');
INSERT INTO administrative_staff (AMKA, first_name, middle_name, last_name, date_of_birth, date_of_employment, role, office, dept_name) VALUES ('3006603952', 'Αηδόνα', NULL, 'Παλιεράκη', '1960-06-30', '1998-08-11', 'Γραμματεία', '34', 'Gynaecology');
INSERT INTO admin_email (AMKA, phone_number) VALUES ('3006603952', 'koralia00@example.net');
INSERT INTO admin_email (AMKA, phone_number) VALUES ('3006603952', 'syvilia.diogenis@example.org');
INSERT INTO admin_phone (AMKA, phone_number) VALUES ('3006603952', '+30 2465 097153');
INSERT INTO admin_phone (AMKA, phone_number) VALUES ('3006603952', '+30 2226 151387');
INSERT INTO admin_dept (AMKA, dept_name) VALUES ('3006603952', 'Casualty');
INSERT INTO administrative_staff (AMKA, first_name, middle_name, last_name, date_of_birth, date_of_employment, role, office, dept_name) VALUES ('1011477344', 'Ναθαναήλ', NULL, 'Λέκκα', '1947-11-10', '1996-05-01', 'Λογιστήριο', '99', 'Anesthesiology');
INSERT INTO admin_email (AMKA, phone_number) VALUES ('1011477344', 'lappas.thoukydidis@example.net');
INSERT INTO admin_email (AMKA, phone_number) VALUES ('1011477344', 'amalia.argyriou@example.com');
INSERT INTO admin_phone (AMKA, phone_number) VALUES ('1011477344', '(+30) 6986 704901');
INSERT INTO admin_dept (AMKA, dept_name) VALUES ('1011477344', 'Opthalmology');
INSERT INTO administrative_staff (AMKA, first_name, middle_name, last_name, date_of_birth, date_of_employment, role, office, dept_name) VALUES ('3112762300', 'Νερατζιά', NULL, 'Ταχτσίδης', '1976-12-31', '2015-05-03', 'Λογιστήριο', '79', 'Operating theatre (OT)');
INSERT INTO admin_email (AMKA, phone_number) VALUES ('3112762300', 'hmperedimas@example.org');
INSERT INTO admin_email (AMKA, phone_number) VALUES ('3112762300', 'koutentakis.amfithea@example.net');
INSERT INTO admin_phone (AMKA, phone_number) VALUES ('3112762300', '25880 42 306');
INSERT INTO admin_phone (AMKA, phone_number) VALUES ('3112762300', '20950 24 881');
INSERT INTO admin_phone (AMKA, phone_number) VALUES ('3112762300', '2160 156024');
INSERT INTO admin_dept (AMKA, dept_name) VALUES ('3112762300', 'General surgery');
INSERT INTO administrative_staff (AMKA, first_name, middle_name, last_name, date_of_birth, date_of_employment, role, office, dept_name) VALUES ('0905504149', 'Κλυταιμνήστρα', NULL, 'Αναστόπουλος', '1950-05-09', '1970-08-01', 'Τεχνική Υποστήριξη', '1', 'Casualty');
INSERT INTO admin_email (AMKA, phone_number) VALUES ('0905504149', 'iason.rachmanidis@example.net');
INSERT INTO admin_email (AMKA, phone_number) VALUES ('0905504149', 'theologia20@example.com');
INSERT INTO admin_phone (AMKA, phone_number) VALUES ('0905504149', '26630 38 900');
INSERT INTO admin_dept (AMKA, dept_name) VALUES ('0905504149', 'Inpatient Department (IPD)');
INSERT INTO administrative_staff (AMKA, first_name, middle_name, last_name, date_of_birth, date_of_employment, role, office, dept_name) VALUES ('1611789735', 'Χρυσοβαλάντιος', NULL, 'Καραμσαλής', '1978-11-16', '2000-03-19', 'Ανθρώπινο Δυναμικό', '87-33', 'Oncology');
INSERT INTO admin_email (AMKA, phone_number) VALUES ('1611789735', 'mokas.areti@example.net');
INSERT INTO admin_phone (AMKA, phone_number) VALUES ('1611789735', '2240895870');
INSERT INTO admin_phone (AMKA, phone_number) VALUES ('1611789735', '2220 259 426');
INSERT INTO admin_dept (AMKA, dept_name) VALUES ('1611789735', 'Gastroenterology');
INSERT INTO administrative_staff (AMKA, first_name, middle_name, last_name, date_of_birth, date_of_employment, role, office, dept_name) VALUES ('1504999290', 'Θεοδόσης', NULL, 'Χατζιάρας', '1999-04-15', '2023-10-17', 'Τεχνική Υποστήριξη', '5', 'Geriatric');
INSERT INTO admin_email (AMKA, phone_number) VALUES ('1504999290', 'evassis@example.com');
INSERT INTO admin_phone (AMKA, phone_number) VALUES ('1504999290', '2530 081 016');
INSERT INTO admin_phone (AMKA, phone_number) VALUES ('1504999290', '+30 6945 396852');
INSERT INTO admin_phone (AMKA, phone_number) VALUES ('1504999290', '+30 6914 405074');
INSERT INTO admin_dept (AMKA, dept_name) VALUES ('1504999290', 'Orthopaedic');
INSERT INTO administrative_staff (AMKA, first_name, middle_name, last_name, date_of_birth, date_of_employment, role, office, dept_name) VALUES ('0706751196', 'Αλίκη', NULL, 'Χαραλάμπους', '1975-06-07', '2010-04-03', 'Ανθρώπινο Δυναμικό', '3', 'General surgery');
INSERT INTO admin_email (AMKA, phone_number) VALUES ('0706751196', 'pyrros.ntova@example.com');
INSERT INTO admin_phone (AMKA, phone_number) VALUES ('0706751196', '2869043055');
INSERT INTO admin_dept (AMKA, dept_name) VALUES ('0706751196', 'General surgery');
INSERT INTO administrative_staff (AMKA, first_name, middle_name, last_name, date_of_birth, date_of_employment, role, office, dept_name) VALUES ('1010648344', 'Θεολογία', NULL, 'Τσέτου', '1964-10-10', '1986-11-16', 'Λογιστήριο', '92', 'Pediatrics');
INSERT INTO admin_email (AMKA, phone_number) VALUES ('1010648344', 'umantas@example.com');
INSERT INTO admin_email (AMKA, phone_number) VALUES ('1010648344', 'nikolopoulou.matthaios@example.org');
INSERT INTO admin_phone (AMKA, phone_number) VALUES ('1010648344', '+30 6951 424876');
INSERT INTO admin_dept (AMKA, dept_name) VALUES ('1010648344', 'Gastroenterology');
INSERT INTO administrative_staff (AMKA, first_name, middle_name, last_name, date_of_birth, date_of_employment, role, office, dept_name) VALUES ('0406542405', 'Νίκη', NULL, 'Δρακουλή', '1954-06-04', '2000-05-10', 'Τεχνική Υποστήριξη', '7', 'Gynaecology');
INSERT INTO admin_email (AMKA, phone_number) VALUES ('0406542405', 'sevastiani.ntovas@example.net');
INSERT INTO admin_phone (AMKA, phone_number) VALUES ('0406542405', '2900 437229');
INSERT INTO admin_phone (AMKA, phone_number) VALUES ('0406542405', '+30 6987 346783');
INSERT INTO admin_phone (AMKA, phone_number) VALUES ('0406542405', '+30 2080 405078');
INSERT INTO admin_dept (AMKA, dept_name) VALUES ('0406542405', 'Urology');
INSERT INTO administrative_staff (AMKA, first_name, middle_name, last_name, date_of_birth, date_of_employment, role, office, dept_name) VALUES ('1103973221', 'Τιμοθέα', NULL, 'Δουκάς', '1997-03-11', '2019-09-04', 'Τεχνική Υποστήριξη', '6', 'Urology');
INSERT INTO admin_email (AMKA, phone_number) VALUES ('1103973221', 'ogiannoukos@example.org');
INSERT INTO admin_phone (AMKA, phone_number) VALUES ('1103973221', '6958 895721');
INSERT INTO admin_dept (AMKA, dept_name) VALUES ('1103973221', 'Psychiatry');
INSERT INTO administrative_staff (AMKA, first_name, middle_name, last_name, date_of_birth, date_of_employment, role, office, dept_name) VALUES ('0509582350', 'Πολύδωρα', NULL, 'Χαρτερός', '1958-09-05', '1983-09-16', 'Λογιστήριο', '822', 'General surgery');
INSERT INTO admin_email (AMKA, phone_number) VALUES ('0509582350', 'kosmas.michelakaki@example.org');
INSERT INTO admin_email (AMKA, phone_number) VALUES ('0509582350', 'ioanna43@example.net');
INSERT INTO admin_phone (AMKA, phone_number) VALUES ('0509582350', '210 128 0401');
INSERT INTO admin_phone (AMKA, phone_number) VALUES ('0509582350', '2910 221777');
INSERT INTO admin_phone (AMKA, phone_number) VALUES ('0509582350', '2609059606');
INSERT INTO admin_dept (AMKA, dept_name) VALUES ('0509582350', 'Psychiatry');
INSERT INTO administrative_staff (AMKA, first_name, middle_name, last_name, date_of_birth, date_of_employment, role, office, dept_name) VALUES ('1910720389', 'Αλκμήνη', NULL, 'Φωλιά', '1972-10-19', '2014-09-17', 'Λογιστήριο', '39', 'Cardiology');
INSERT INTO admin_email (AMKA, phone_number) VALUES ('1910720389', 'kalliroi46@example.org');
INSERT INTO admin_email (AMKA, phone_number) VALUES ('1910720389', 'adamantios.chasapi@example.com');
INSERT INTO admin_phone (AMKA, phone_number) VALUES ('1910720389', '2100720524');
INSERT INTO admin_phone (AMKA, phone_number) VALUES ('1910720389', '(+30) 6987 942797');
INSERT INTO admin_phone (AMKA, phone_number) VALUES ('1910720389', '+30 6927 911572');
INSERT INTO admin_dept (AMKA, dept_name) VALUES ('1910720389', 'Pediatrics');
INSERT INTO administrative_staff (AMKA, first_name, middle_name, last_name, date_of_birth, date_of_employment, role, office, dept_name) VALUES ('2704834505', 'Στυλιανός', 'Ισιδώρα', 'Ορφανίδου', '1983-04-27', '2013-04-24', 'Λογιστήριο', '64', 'Geriatric');
INSERT INTO admin_email (AMKA, phone_number) VALUES ('2704834505', 'sakellariou.leonidia@example.net');
INSERT INTO admin_phone (AMKA, phone_number) VALUES ('2704834505', '2730 667069');
INSERT INTO admin_phone (AMKA, phone_number) VALUES ('2704834505', '23760 66 825');
INSERT INTO admin_phone (AMKA, phone_number) VALUES ('2704834505', '(+30) 6983 927956');
INSERT INTO admin_dept (AMKA, dept_name) VALUES ('2704834505', 'Inpatient Department (IPD)');
INSERT INTO administrative_staff (AMKA, first_name, middle_name, last_name, date_of_birth, date_of_employment, role, office, dept_name) VALUES ('0712515556', 'Αμφιτρίτη', 'Ερμιόνη', 'Καστάνης', '1951-12-07', '1972-05-16', 'Λογιστήριο', '05', 'Anesthesiology');
INSERT INTO admin_email (AMKA, phone_number) VALUES ('0712515556', 'kyratsa.nikolopoulos@example.net');
INSERT INTO admin_phone (AMKA, phone_number) VALUES ('0712515556', '210 7878538');
INSERT INTO admin_dept (AMKA, dept_name) VALUES ('0712515556', 'General surgery');
INSERT INTO administrative_staff (AMKA, first_name, middle_name, last_name, date_of_birth, date_of_employment, role, office, dept_name) VALUES ('1808848745', 'Ζαφείριος', NULL, 'Χριστακόπουλος', '1984-08-18', '2016-08-30', 'Λογιστήριο', '8', 'Orthopaedic');
INSERT INTO admin_email (AMKA, phone_number) VALUES ('1808848745', 'wrokka@example.net');
INSERT INTO admin_email (AMKA, phone_number) VALUES ('1808848745', 'aggelis41@example.com');
INSERT INTO admin_phone (AMKA, phone_number) VALUES ('1808848745', '6959467887');
INSERT INTO admin_phone (AMKA, phone_number) VALUES ('1808848745', '2060 189870');
INSERT INTO admin_dept (AMKA, dept_name) VALUES ('1808848745', 'Cardiology');
INSERT INTO administrative_staff (AMKA, first_name, middle_name, last_name, date_of_birth, date_of_employment, role, office, dept_name) VALUES ('1905668098', 'Ακριβός', 'Γερασιμούλα', 'Καράμπη', '1966-05-19', '2020-08-04', 'Γραμματεία', '99', 'General surgery');
INSERT INTO admin_email (AMKA, phone_number) VALUES ('1905668098', 'mantha.koutkia@example.com');
INSERT INTO admin_email (AMKA, phone_number) VALUES ('1905668098', 'terzidis.artemios@example.com');
INSERT INTO admin_phone (AMKA, phone_number) VALUES ('1905668098', '+30 2103 165551');
INSERT INTO admin_phone (AMKA, phone_number) VALUES ('1905668098', '6949 112419');
INSERT INTO admin_dept (AMKA, dept_name) VALUES ('1905668098', 'General surgery');
INSERT INTO administrative_staff (AMKA, first_name, middle_name, last_name, date_of_birth, date_of_employment, role, office, dept_name) VALUES ('0211905296', 'Βικέντιος', NULL, 'Κωτούλας', '1990-11-02', '2018-11-07', 'Γραμματεία', '4', 'Gynaecology');
INSERT INTO admin_email (AMKA, phone_number) VALUES ('0211905296', 'mntotis@example.net');
INSERT INTO admin_phone (AMKA, phone_number) VALUES ('0211905296', '(+30) 2298 809792');
INSERT INTO admin_phone (AMKA, phone_number) VALUES ('0211905296', '(+30) 6976 004571');
INSERT INTO admin_phone (AMKA, phone_number) VALUES ('0211905296', '6980 232 745');
INSERT INTO admin_dept (AMKA, dept_name) VALUES ('0211905296', 'Cardiology');
INSERT INTO administrative_staff (AMKA, first_name, middle_name, last_name, date_of_birth, date_of_employment, role, office, dept_name) VALUES ('1605871905', 'Ισαάκ', NULL, 'Μακρυκώστας', '1987-05-16', '2008-11-20', 'Γραμματεία', '08-76', 'Opthalmology');
INSERT INTO admin_email (AMKA, phone_number) VALUES ('1605871905', 'meletia.mpouza@example.org');
INSERT INTO admin_email (AMKA, phone_number) VALUES ('1605871905', 'jstamopoulos@example.com');
INSERT INTO admin_phone (AMKA, phone_number) VALUES ('1605871905', '2750 239932');
INSERT INTO admin_phone (AMKA, phone_number) VALUES ('1605871905', '(+30) 6972 129531');
INSERT INTO admin_phone (AMKA, phone_number) VALUES ('1605871905', '210 8480331');
INSERT INTO admin_dept (AMKA, dept_name) VALUES ('1605871905', 'Gynaecology');
INSERT INTO administrative_staff (AMKA, first_name, middle_name, last_name, date_of_birth, date_of_employment, role, office, dept_name) VALUES ('2904663548', 'Προμηθέας', NULL, 'Τυράλης', '1966-04-29', '1998-05-23', 'Λογιστήριο', '779', 'Psychiatry');
INSERT INTO admin_email (AMKA, phone_number) VALUES ('2904663548', 'wvoutselas@example.org');
INSERT INTO admin_phone (AMKA, phone_number) VALUES ('2904663548', '6980176501');
INSERT INTO admin_phone (AMKA, phone_number) VALUES ('2904663548', '6951095312');
INSERT INTO admin_phone (AMKA, phone_number) VALUES ('2904663548', '+302178286872');
INSERT INTO admin_dept (AMKA, dept_name) VALUES ('2904663548', 'Casualty');
INSERT INTO administrative_staff (AMKA, first_name, middle_name, last_name, date_of_birth, date_of_employment, role, office, dept_name) VALUES ('0209433882', 'Μελέτιος', NULL, 'Μιχαλάκης', '1943-09-02', '1973-07-06', 'Ανθρώπινο Δυναμικό', '282', 'Urology');
INSERT INTO admin_email (AMKA, phone_number) VALUES ('0209433882', 'lloulakis@example.net');
INSERT INTO admin_email (AMKA, phone_number) VALUES ('0209433882', 'rodanthi.keskini@example.net');
INSERT INTO admin_phone (AMKA, phone_number) VALUES ('0209433882', '+306901288202');
INSERT INTO admin_phone (AMKA, phone_number) VALUES ('0209433882', '20100 28 620');
INSERT INTO admin_dept (AMKA, dept_name) VALUES ('0209433882', 'Gastroenterology');
INSERT INTO administrative_staff (AMKA, first_name, middle_name, last_name, date_of_birth, date_of_employment, role, office, dept_name) VALUES ('0209554299', 'Φανούριος', NULL, 'Χατζηδάκη', '1955-09-02', '2011-09-04', 'Γραμματεία', '307', 'Neurology');
INSERT INTO admin_email (AMKA, phone_number) VALUES ('0209554299', 'aris.mauroeidakos@example.org');
INSERT INTO admin_email (AMKA, phone_number) VALUES ('0209554299', 'eleutheriou.polyzois@example.com');
INSERT INTO admin_phone (AMKA, phone_number) VALUES ('0209554299', '2545061180');
INSERT INTO admin_phone (AMKA, phone_number) VALUES ('0209554299', '(+30) 2727 395335');
INSERT INTO admin_phone (AMKA, phone_number) VALUES ('0209554299', '6986936029');
INSERT INTO admin_dept (AMKA, dept_name) VALUES ('0209554299', 'Intensive care unit (ICU)');
INSERT INTO administrative_staff (AMKA, first_name, middle_name, last_name, date_of_birth, date_of_employment, role, office, dept_name) VALUES ('1309795031', 'Ηρόδοτος', NULL, 'Γούσιος', '1979-09-13', '2001-01-29', 'Ανθρώπινο Δυναμικό', '24-21', 'Psychiatry');
INSERT INTO admin_email (AMKA, phone_number) VALUES ('1309795031', 'apiskopani@example.org');
INSERT INTO admin_email (AMKA, phone_number) VALUES ('1309795031', 'valentinos.satlas@example.net');
INSERT INTO admin_phone (AMKA, phone_number) VALUES ('1309795031', '210 366 7906');
INSERT INTO admin_phone (AMKA, phone_number) VALUES ('1309795031', '2860316959');
INSERT INTO admin_phone (AMKA, phone_number) VALUES ('1309795031', '6920497266');
INSERT INTO admin_dept (AMKA, dept_name) VALUES ('1309795031', 'Gynaecology');
INSERT INTO administrative_staff (AMKA, first_name, middle_name, last_name, date_of_birth, date_of_employment, role, office, dept_name) VALUES ('3012483215', 'Μαρίνος', NULL, 'Κωστίδης', '1948-12-30', '1970-07-01', 'Ανθρώπινο Δυναμικό', '85', 'Intensive care unit (ICU)');
INSERT INTO admin_email (AMKA, phone_number) VALUES ('3012483215', 'qsoulintzis@example.net');
INSERT INTO admin_phone (AMKA, phone_number) VALUES ('3012483215', '6973 323 489');
INSERT INTO admin_dept (AMKA, dept_name) VALUES ('3012483215', 'Intensive care unit (ICU)');
INSERT INTO administrative_staff (AMKA, first_name, middle_name, last_name, date_of_birth, date_of_employment, role, office, dept_name) VALUES ('2712452431', 'Φιλαρέτη', NULL, 'Σταμέλος', '1945-12-27', '1971-10-03', 'Λογιστήριο', '4', 'Operating theatre (OT)');
INSERT INTO admin_email (AMKA, phone_number) VALUES ('2712452431', 'palaiologopoulou.selini@example.net');
INSERT INTO admin_email (AMKA, phone_number) VALUES ('2712452431', 'arizoulis@example.net');
INSERT INTO admin_phone (AMKA, phone_number) VALUES ('2712452431', '6948 730 349');
INSERT INTO admin_dept (AMKA, dept_name) VALUES ('2712452431', 'ENT');
INSERT INTO administrative_staff (AMKA, first_name, middle_name, last_name, date_of_birth, date_of_employment, role, office, dept_name) VALUES ('2101739678', 'Ματθίλδη', NULL, 'Δόσης', '1973-01-21', '2008-04-15', 'Ανθρώπινο Δυναμικό', '38', 'Opthalmology');
INSERT INTO admin_email (AMKA, phone_number) VALUES ('2101739678', 'makarios.georgoula@example.org');
INSERT INTO admin_email (AMKA, phone_number) VALUES ('2101739678', 'ytrentsiou@example.org');
INSERT INTO admin_phone (AMKA, phone_number) VALUES ('2101739678', '2860305980');
INSERT INTO admin_dept (AMKA, dept_name) VALUES ('2101739678', 'Geriatric');
INSERT INTO administrative_staff (AMKA, first_name, middle_name, last_name, date_of_birth, date_of_employment, role, office, dept_name) VALUES ('0211574829', 'Μιχάλης', NULL, 'Βασιλογιάννης', '1957-11-02', '1980-03-25', 'Ανθρώπινο Δυναμικό', '34-33', 'Orthopaedic');
INSERT INTO admin_email (AMKA, phone_number) VALUES ('0211574829', 'ptodoris@example.net');
INSERT INTO admin_email (AMKA, phone_number) VALUES ('0211574829', 'fanouria.tsiaras@example.org');
INSERT INTO admin_phone (AMKA, phone_number) VALUES ('0211574829', '+306968826519');
INSERT INTO admin_dept (AMKA, dept_name) VALUES ('0211574829', 'Gastroenterology');
INSERT INTO administrative_staff (AMKA, first_name, middle_name, last_name, date_of_birth, date_of_employment, role, office, dept_name) VALUES ('1408487719', 'Νίκη', NULL, 'Αναστασίου', '1948-08-14', '1992-05-31', 'Τεχνική Υποστήριξη', '47-52', 'Cardiology');
INSERT INTO admin_email (AMKA, phone_number) VALUES ('1408487719', 'anastasia.grammatikos@example.net');
INSERT INTO admin_email (AMKA, phone_number) VALUES ('1408487719', 'itsiaras@example.com');
INSERT INTO admin_phone (AMKA, phone_number) VALUES ('1408487719', '+30 2656 155541');
INSERT INTO admin_phone (AMKA, phone_number) VALUES ('1408487719', '2106456346');
INSERT INTO admin_dept (AMKA, dept_name) VALUES ('1408487719', 'Anesthesiology');
INSERT INTO administrative_staff (AMKA, first_name, middle_name, last_name, date_of_birth, date_of_employment, role, office, dept_name) VALUES ('0201421568', 'Καλυψώ', NULL, 'Καραμάνη', '1942-01-02', '1991-05-29', 'Λογιστήριο', '88', 'Inpatient Department (IPD)');
INSERT INTO admin_email (AMKA, phone_number) VALUES ('0201421568', 'dominikos.karkaletsi@example.net');
INSERT INTO admin_email (AMKA, phone_number) VALUES ('0201421568', 'theopisti.karathanasi@example.net');
INSERT INTO admin_phone (AMKA, phone_number) VALUES ('0201421568', '+302351285619');
INSERT INTO admin_phone (AMKA, phone_number) VALUES ('0201421568', '210 813 5550');
INSERT INTO admin_dept (AMKA, dept_name) VALUES ('0201421568', 'Orthopaedic');
INSERT INTO administrative_staff (AMKA, first_name, middle_name, last_name, date_of_birth, date_of_employment, role, office, dept_name) VALUES ('1206888312', 'Ερμής', NULL, 'Σμιτ', '1988-06-12', '2007-03-06', 'Λογιστήριο', '004-907', 'Inpatient Department (IPD)');
INSERT INTO admin_email (AMKA, phone_number) VALUES ('1206888312', 'sarikas.fryni@example.com');
INSERT INTO admin_email (AMKA, phone_number) VALUES ('1206888312', 'mpliatsiou.odysseas@example.org');
INSERT INTO admin_phone (AMKA, phone_number) VALUES ('1206888312', '+30 6969 872005');
INSERT INTO admin_phone (AMKA, phone_number) VALUES ('1206888312', '2230538554');
INSERT INTO admin_phone (AMKA, phone_number) VALUES ('1206888312', '210 265 6005');
INSERT INTO admin_dept (AMKA, dept_name) VALUES ('1206888312', 'Inpatient Department (IPD)');
INSERT INTO administrative_staff (AMKA, first_name, middle_name, last_name, date_of_birth, date_of_employment, role, office, dept_name) VALUES ('2906461561', 'Νίκη', NULL, 'Λώλος', '1946-06-29', '1989-10-02', 'Γραμματεία', '93', 'Operating theatre (OT)');
INSERT INTO admin_email (AMKA, phone_number) VALUES ('2906461561', 'wxanthakis@example.com');
INSERT INTO admin_phone (AMKA, phone_number) VALUES ('2906461561', '210 9285958');
INSERT INTO admin_phone (AMKA, phone_number) VALUES ('2906461561', '210 062 3219');
INSERT INTO admin_dept (AMKA, dept_name) VALUES ('2906461561', 'Inpatient Department (IPD)');
INSERT INTO administrative_staff (AMKA, first_name, middle_name, last_name, date_of_birth, date_of_employment, role, office, dept_name) VALUES ('0111817329', 'Παρέσσα', NULL, 'Βαβουλίδης', '1981-11-01', '2009-07-08', 'Γραμματεία', '952-711', 'Casualty');
INSERT INTO admin_email (AMKA, phone_number) VALUES ('0111817329', 'tsikrika.antypas@example.net');
INSERT INTO admin_phone (AMKA, phone_number) VALUES ('0111817329', '+302802071235');
INSERT INTO admin_phone (AMKA, phone_number) VALUES ('0111817329', '+30 2869 913254');
INSERT INTO admin_dept (AMKA, dept_name) VALUES ('0111817329', 'Gynaecology');
INSERT INTO administrative_staff (AMKA, first_name, middle_name, last_name, date_of_birth, date_of_employment, role, office, dept_name) VALUES ('0307532444', 'Φρειδερίκος', NULL, 'Δεδούκου', '1953-07-03', '1978-02-26', 'Γραμματεία', '80', 'Oncology');
INSERT INTO admin_email (AMKA, phone_number) VALUES ('0307532444', 'wsourmpis@example.com');
INSERT INTO admin_email (AMKA, phone_number) VALUES ('0307532444', 'xkaratzikos@example.com');
INSERT INTO admin_phone (AMKA, phone_number) VALUES ('0307532444', '+306931268416');
INSERT INTO admin_phone (AMKA, phone_number) VALUES ('0307532444', '210 7643117');
INSERT INTO admin_phone (AMKA, phone_number) VALUES ('0307532444', '(+30) 2190 664798');
INSERT INTO admin_dept (AMKA, dept_name) VALUES ('0307532444', 'Oncology');
INSERT INTO administrative_staff (AMKA, first_name, middle_name, last_name, date_of_birth, date_of_employment, role, office, dept_name) VALUES ('0905858092', 'Αφροδίτη', NULL, 'Κουρής', '1985-05-09', '2024-09-25', 'Λογιστήριο', '9', 'Neurology');
INSERT INTO admin_email (AMKA, phone_number) VALUES ('0905858092', 'dorothea.tsouknidas@example.com');
INSERT INTO admin_email (AMKA, phone_number) VALUES ('0905858092', 'choleva.odysseas@example.net');
INSERT INTO admin_phone (AMKA, phone_number) VALUES ('0905858092', '+30 6934 610293');
INSERT INTO admin_phone (AMKA, phone_number) VALUES ('0905858092', '(+30) 6942 346491');
INSERT INTO admin_phone (AMKA, phone_number) VALUES ('0905858092', '21310 93 927');
INSERT INTO admin_dept (AMKA, dept_name) VALUES ('0905858092', 'Orthopaedic');
INSERT INTO administrative_staff (AMKA, first_name, middle_name, last_name, date_of_birth, date_of_employment, role, office, dept_name) VALUES ('1305426552', 'Πανορμίτης', NULL, 'Καραμσαλής', '1942-05-13', '1985-04-06', 'Τεχνική Υποστήριξη', '981-329', 'Cardiology');
INSERT INTO admin_email (AMKA, phone_number) VALUES ('1305426552', 'fryni86@example.net');
INSERT INTO admin_phone (AMKA, phone_number) VALUES ('1305426552', '21820 61 629');
INSERT INTO admin_phone (AMKA, phone_number) VALUES ('1305426552', '2290 471 284');
INSERT INTO admin_dept (AMKA, dept_name) VALUES ('1305426552', 'Outpatient Department (OPD)');
INSERT INTO administrative_staff (AMKA, first_name, middle_name, last_name, date_of_birth, date_of_employment, role, office, dept_name) VALUES ('0301002856', 'Χριστόφορος', NULL, 'Ραχμανίδης', '2000-01-03', '2024-03-26', 'Λογιστήριο', '2', 'Intensive care unit (ICU)');
INSERT INTO admin_email (AMKA, phone_number) VALUES ('0301002856', 'nmylonas@example.com');
INSERT INTO admin_email (AMKA, phone_number) VALUES ('0301002856', 'mandrikopoulos@example.com');
INSERT INTO admin_phone (AMKA, phone_number) VALUES ('0301002856', '6973209121');
INSERT INTO admin_phone (AMKA, phone_number) VALUES ('0301002856', '2880 849 906');
INSERT INTO admin_phone (AMKA, phone_number) VALUES ('0301002856', '6907 463 607');
INSERT INTO admin_dept (AMKA, dept_name) VALUES ('0301002856', 'Inpatient Department (IPD)');
INSERT INTO administrative_staff (AMKA, first_name, middle_name, last_name, date_of_birth, date_of_employment, role, office, dept_name) VALUES ('2001475467', 'Δόμνα', NULL, 'Πλιάτσικας', '1947-01-20', '1970-04-29', 'Ανθρώπινο Δυναμικό', '4', 'Cardiology');
INSERT INTO admin_email (AMKA, phone_number) VALUES ('2001475467', 'voutselas.christos@example.net');
INSERT INTO admin_phone (AMKA, phone_number) VALUES ('2001475467', '+302725638266');
INSERT INTO admin_dept (AMKA, dept_name) VALUES ('2001475467', 'ENT');
INSERT INTO administrative_staff (AMKA, first_name, middle_name, last_name, date_of_birth, date_of_employment, role, office, dept_name) VALUES ('0607830320', 'Κυπριανός', NULL, 'Δανελής', '1983-07-06', '2014-08-23', 'Λογιστήριο', '66', 'Geriatric');
INSERT INTO admin_email (AMKA, phone_number) VALUES ('0607830320', 'linardaki.akritas@example.com');
INSERT INTO admin_phone (AMKA, phone_number) VALUES ('0607830320', '210 949 5747');
INSERT INTO admin_phone (AMKA, phone_number) VALUES ('0607830320', '22860 27 710');
INSERT INTO admin_phone (AMKA, phone_number) VALUES ('0607830320', '(+30) 6986 588262');
INSERT INTO admin_dept (AMKA, dept_name) VALUES ('0607830320', 'Neurology');
INSERT INTO administrative_staff (AMKA, first_name, middle_name, last_name, date_of_birth, date_of_employment, role, office, dept_name) VALUES ('0506888371', 'Αθηναγόρας', NULL, 'Βαρουτίδου', '1988-06-05', '2010-05-05', 'Τεχνική Υποστήριξη', '12', 'Oncology');
INSERT INTO admin_email (AMKA, phone_number) VALUES ('0506888371', 'evraskou@example.com');
INSERT INTO admin_email (AMKA, phone_number) VALUES ('0506888371', 'ggiannakeas@example.org');
INSERT INTO admin_phone (AMKA, phone_number) VALUES ('0506888371', '+30 2251 645159');
INSERT INTO admin_phone (AMKA, phone_number) VALUES ('0506888371', '2980 769 396');
INSERT INTO admin_phone (AMKA, phone_number) VALUES ('0506888371', '+306926796117');
INSERT INTO admin_dept (AMKA, dept_name) VALUES ('0506888371', 'Haematology');
INSERT INTO administrative_staff (AMKA, first_name, middle_name, last_name, date_of_birth, date_of_employment, role, office, dept_name) VALUES ('0906483275', 'Βερόνικα', NULL, 'Ταχτσίδης', '1948-06-09', '1999-09-05', 'Γραμματεία', '19', 'Urology');
INSERT INTO admin_email (AMKA, phone_number) VALUES ('0906483275', 'savvoula.voulkos@example.org');
INSERT INTO admin_email (AMKA, phone_number) VALUES ('0906483275', 'bkapetanios@example.com');
INSERT INTO admin_phone (AMKA, phone_number) VALUES ('0906483275', '210 718 4457');
INSERT INTO admin_dept (AMKA, dept_name) VALUES ('0906483275', 'Oncology');
INSERT INTO administrative_staff (AMKA, first_name, middle_name, last_name, date_of_birth, date_of_employment, role, office, dept_name) VALUES ('0506455741', 'Πωλίνα', NULL, 'Χατζηγεωργίου', '1945-06-05', '1989-04-03', 'Γραμματεία', '85', 'Gastroenterology');
INSERT INTO admin_email (AMKA, phone_number) VALUES ('0506455741', 'zeugitis.krystallenia@example.net');
INSERT INTO admin_email (AMKA, phone_number) VALUES ('0506455741', 'marakas.foteini@example.net');
INSERT INTO admin_phone (AMKA, phone_number) VALUES ('0506455741', '210 314 1608');
INSERT INTO admin_phone (AMKA, phone_number) VALUES ('0506455741', '2100313944');
INSERT INTO admin_phone (AMKA, phone_number) VALUES ('0506455741', '6921045807');
INSERT INTO admin_dept (AMKA, dept_name) VALUES ('0506455741', 'General surgery');
INSERT INTO administrative_staff (AMKA, first_name, middle_name, last_name, date_of_birth, date_of_employment, role, office, dept_name) VALUES ('0407401432', 'Ματρώνη', NULL, 'Μυλωνάς', '1940-07-04', '1963-08-04', 'Γραμματεία', '0', 'Inpatient Department (IPD)');
INSERT INTO admin_email (AMKA, phone_number) VALUES ('0407401432', 'dionysios.tzallas@example.net');
INSERT INTO admin_phone (AMKA, phone_number) VALUES ('0407401432', '210 0023595');
INSERT INTO admin_dept (AMKA, dept_name) VALUES ('0407401432', 'Opthalmology');
INSERT INTO doctor (AMKA, first_name, middle_name, last_name, date_of_birth, date_of_employment, license_number, rank) VALUES ('2004526357', 'Νικολίτσα', NULL, 'Λιούτας', '1952-04-20', '1987-10-23', '5940937313', 'Διευθυντής');
INSERT INTO doctor_email (AMKA, phone_number) VALUES ('2004526357', 'iakovakis.xanthippi@example.net');
INSERT INTO doctor_phone (AMKA, phone_number) VALUES ('2004526357', '+306957640896');
INSERT INTO doctor_dept (AMKA, dept_name) VALUES ('2004526357', 'Orthopaedic');
INSERT INTO doc_spec (AMKA, spec_code) VALUES ('2004526357', 'ISOBG');
INSERT INTO doctor (AMKA, first_name, middle_name, last_name, date_of_birth, date_of_employment, license_number, rank) VALUES ('2508587228', 'Άγγελος', NULL, 'Καραμανλή', '1958-08-25', '1996-11-11', '0361816287', 'Διευθυντής');
INSERT INTO doctor_email (AMKA, phone_number) VALUES ('2508587228', 'filippa.matentsidou@example.org');
INSERT INTO doctor_email (AMKA, phone_number) VALUES ('2508587228', 'okampouri@example.org');
INSERT INTO doctor_phone (AMKA, phone_number) VALUES ('2508587228', '6921 784989');
INSERT INTO doctor_dept (AMKA, dept_name) VALUES ('2508587228', 'Gastroenterology');
INSERT INTO doc_spec (AMKA, spec_code) VALUES ('2508587228', 'PN');
INSERT INTO doctor (AMKA, first_name, middle_name, last_name, date_of_birth, date_of_employment, license_number, rank) VALUES ('0911992301', 'Θωμάς', NULL, 'Τομπουλίδου', '1999-11-09', '2021-06-23', '9404290492', 'Διευθυντής');
INSERT INTO doctor_email (AMKA, phone_number) VALUES ('0911992301', 'pchatzigrigorakis@example.net');
INSERT INTO doctor_phone (AMKA, phone_number) VALUES ('0911992301', '(+30) 6906 184439');
INSERT INTO doctor_phone (AMKA, phone_number) VALUES ('0911992301', '+302429227014');
INSERT INTO doctor_phone (AMKA, phone_number) VALUES ('0911992301', '210 686 4394');
INSERT INTO doctor_dept (AMKA, dept_name) VALUES ('0911992301', 'Gynaecology');
INSERT INTO doc_spec (AMKA, spec_code) VALUES ('0911992301', 'NIC');
INSERT INTO doctor (AMKA, first_name, middle_name, last_name, date_of_birth, date_of_employment, license_number, rank) VALUES ('1709452717', 'Παρασκευάς', NULL, 'Τσοπανίδης', '1945-09-17', '1972-05-06', '2708172579', 'Διευθυντής');
INSERT INTO doctor_email (AMKA, phone_number) VALUES ('1709452717', 'valentinos.perdikakis@example.org');
INSERT INTO doctor_phone (AMKA, phone_number) VALUES ('1709452717', '26800 37 202');
INSERT INTO doctor_phone (AMKA, phone_number) VALUES ('1709452717', '+302656802985');
INSERT INTO doctor_dept (AMKA, dept_name) VALUES ('1709452717', 'Neurology');
INSERT INTO doc_spec (AMKA, spec_code) VALUES ('1709452717', 'ISON');
INSERT INTO doc_spec (AMKA, spec_code) VALUES ('1709452717', 'PED');
INSERT INTO doctor (AMKA, first_name, middle_name, last_name, date_of_birth, date_of_employment, license_number, rank) VALUES ('1203610282', 'Χρυσοβαλάντου', NULL, 'Σκορδάκης', '1961-03-12', '1989-12-07', '6077152875', 'Διευθυντής');
INSERT INTO doctor_email (AMKA, phone_number) VALUES ('1203610282', 'promitheas44@example.com');
INSERT INTO doctor_email (AMKA, phone_number) VALUES ('1203610282', 'paressa42@example.net');
INSERT INTO doctor_phone (AMKA, phone_number) VALUES ('1203610282', '+306984459667');
INSERT INTO doctor_dept (AMKA, dept_name) VALUES ('1203610282', 'Neurology');
INSERT INTO doc_spec (AMKA, spec_code) VALUES ('1203610282', 'ISGER');
INSERT INTO doctor (AMKA, first_name, middle_name, last_name, date_of_birth, date_of_employment, license_number, rank) VALUES ('1610493535', 'Αριστείδης', NULL, 'Λαμπρινός', '1949-10-16', '1997-08-03', '0016739971', 'Διευθυντής');
INSERT INTO doctor_email (AMKA, phone_number) VALUES ('1610493535', 'dimos.petrogiannis@example.net');
INSERT INTO doctor_email (AMKA, phone_number) VALUES ('1610493535', 'rigas.galateia@example.com');
INSERT INTO doctor_phone (AMKA, phone_number) VALUES ('1610493535', '+30 2019 890791');
INSERT INTO doctor_dept (AMKA, dept_name) VALUES ('1610493535', 'Gynaecology');
INSERT INTO doc_spec (AMKA, spec_code) VALUES ('1610493535', 'CD');
INSERT INTO doctor (AMKA, first_name, middle_name, last_name, date_of_birth, date_of_employment, license_number, rank) VALUES ('1303859035', 'Σεραφεία', NULL, 'Γκαλίου', '1985-03-13', '2024-07-31', '5354189778', 'Διευθυντής');
INSERT INTO doctor_email (AMKA, phone_number) VALUES ('1303859035', 'mauroeidi.euterpi@example.org');
INSERT INTO doctor_phone (AMKA, phone_number) VALUES ('1303859035', '210 862 8264');
INSERT INTO doctor_phone (AMKA, phone_number) VALUES ('1303859035', '6936 903779');
INSERT INTO doctor_dept (AMKA, dept_name) VALUES ('1303859035', 'Gastroenterology');
INSERT INTO doc_spec (AMKA, spec_code) VALUES ('1303859035', 'NEP');
INSERT INTO doctor (AMKA, first_name, middle_name, last_name, date_of_birth, date_of_employment, license_number, rank) VALUES ('1605502096', 'Πωλίνα', NULL, 'Χαλαντζούκα', '1950-05-16', '2008-02-02', '5967984225', 'Διευθυντής');
INSERT INTO doctor_email (AMKA, phone_number) VALUES ('1605502096', 'notsos@example.org');
INSERT INTO doctor_phone (AMKA, phone_number) VALUES ('1605502096', '6981 154 559');
INSERT INTO doctor_phone (AMKA, phone_number) VALUES ('1605502096', '6979 639243');
INSERT INTO doctor_phone (AMKA, phone_number) VALUES ('1605502096', '210 4916171');
INSERT INTO doctor_dept (AMKA, dept_name) VALUES ('1605502096', 'Casualty');
INSERT INTO doc_spec (AMKA, spec_code) VALUES ('1605502096', 'ISID');
INSERT INTO doctor (AMKA, first_name, middle_name, last_name, date_of_birth, date_of_employment, license_number, rank) VALUES ('2108786144', 'Πωλίνα', NULL, 'Ράπτης', '1978-08-21', '2021-08-23', '2886698373', 'Διευθυντής');
INSERT INTO doctor_email (AMKA, phone_number) VALUES ('2108786144', 'uathanasiadi@example.net');
INSERT INTO doctor_phone (AMKA, phone_number) VALUES ('2108786144', '+306946727148');
INSERT INTO doctor_phone (AMKA, phone_number) VALUES ('2108786144', '6965 677 092');
INSERT INTO doctor_phone (AMKA, phone_number) VALUES ('2108786144', '(+30) 6969 433050');
INSERT INTO doctor_dept (AMKA, dept_name) VALUES ('2108786144', 'Haematology');
INSERT INTO doc_spec (AMKA, spec_code) VALUES ('2108786144', 'ID');
INSERT INTO doctor (AMKA, first_name, middle_name, last_name, date_of_birth, date_of_employment, license_number, rank) VALUES ('0409968404', 'Προμηθέας', 'Θεοφύλακτη', 'Μακαριάδης', '1996-09-04', '2019-12-24', '5893855787', 'Διευθυντής');
INSERT INTO doctor_email (AMKA, phone_number) VALUES ('0409968404', 'ythomakou@example.org');
INSERT INTO doctor_phone (AMKA, phone_number) VALUES ('0409968404', '6992 444655');
INSERT INTO doctor_dept (AMKA, dept_name) VALUES ('0409968404', 'Outpatient Department (OPD)');
INSERT INTO doc_spec (AMKA, spec_code) VALUES ('0409968404', 'OMS');
INSERT INTO doc_spec (AMKA, spec_code) VALUES ('0409968404', 'ISOTO');
INSERT INTO doctor (AMKA, first_name, middle_name, last_name, date_of_birth, date_of_employment, license_number, rank) VALUES ('2302625147', 'Περικλεία', NULL, 'Γιασημάκης', '1962-02-23', '2001-04-07', '5055145119', 'Διευθυντής');
INSERT INTO doctor_email (AMKA, phone_number) VALUES ('2302625147', 'kontos.stergiani@example.net');
INSERT INTO doctor_phone (AMKA, phone_number) VALUES ('2302625147', '+302934345941');
INSERT INTO doctor_phone (AMKA, phone_number) VALUES ('2302625147', '6911538019');
INSERT INTO doctor_dept (AMKA, dept_name) VALUES ('2302625147', 'Haematology');
INSERT INTO doc_spec (AMKA, spec_code) VALUES ('2302625147', 'GER');
INSERT INTO doctor (AMKA, first_name, middle_name, last_name, date_of_birth, date_of_employment, license_number, rank) VALUES ('0503801300', 'Στυλιανός', NULL, 'Γκίνης', '1980-03-05', '2011-09-15', '2260302759', 'Διευθυντής');
INSERT INTO doctor_email (AMKA, phone_number) VALUES ('0503801300', 'ygrammenou@example.net');
INSERT INTO doctor_phone (AMKA, phone_number) VALUES ('0503801300', '(+30) 6900 765081');
INSERT INTO doctor_phone (AMKA, phone_number) VALUES ('0503801300', '+302512934186');
INSERT INTO doctor_dept (AMKA, dept_name) VALUES ('0503801300', 'Gynaecology');
INSERT INTO doc_spec (AMKA, spec_code) VALUES ('0503801300', 'ISPDGER');
INSERT INTO doctor (AMKA, first_name, middle_name, last_name, date_of_birth, date_of_employment, license_number, rank) VALUES ('3112447476', 'Πλούταρχος', NULL, 'Στούμπου', '1944-12-31', '1985-05-22', '2215879720', 'Διευθυντής');
INSERT INTO doctor_email (AMKA, phone_number) VALUES ('3112447476', 'solomidou.kimon@example.net');
INSERT INTO doctor_email (AMKA, phone_number) VALUES ('3112447476', 'nikandros35@example.net');
INSERT INTO doctor_phone (AMKA, phone_number) VALUES ('3112447476', '2103161534');
INSERT INTO doctor_phone (AMKA, phone_number) VALUES ('3112447476', '2820 721494');
INSERT INTO doctor_phone (AMKA, phone_number) VALUES ('3112447476', '(+30) 2304 379520');
INSERT INTO doctor_dept (AMKA, dept_name) VALUES ('3112447476', 'Neurology');
INSERT INTO doc_spec (AMKA, spec_code) VALUES ('3112447476', 'RHU');
INSERT INTO doctor (AMKA, first_name, middle_name, last_name, date_of_birth, date_of_employment, license_number, rank) VALUES ('2908930624', 'Ματίνα', NULL, 'Μαυρικάκης', '1993-08-29', '2016-05-09', '3971208979', 'Διευθυντής');
INSERT INTO doctor_email (AMKA, phone_number) VALUES ('2908930624', 'papaspiliotopoulou.paraskeuas@example.org');
INSERT INTO doctor_phone (AMKA, phone_number) VALUES ('2908930624', '(+30) 2538 352660');
INSERT INTO doctor_dept (AMKA, dept_name) VALUES ('2908930624', 'Anesthesiology');
INSERT INTO doc_spec (AMKA, spec_code) VALUES ('2908930624', 'ISTS');
INSERT INTO doc_spec (AMKA, spec_code) VALUES ('2908930624', 'ID');
INSERT INTO doctor (AMKA, first_name, middle_name, last_name, date_of_birth, date_of_employment, license_number, rank) VALUES ('0706636584', 'Παρασκευάς', 'Κωνσταντίνα', 'Τρεντσίου', '1963-06-07', '2011-10-27', '4747395941', 'Διευθυντής');
INSERT INTO doctor_email (AMKA, phone_number) VALUES ('0706636584', 'omoraiti@example.net');
INSERT INTO doctor_phone (AMKA, phone_number) VALUES ('0706636584', '+30 2114 876850');
INSERT INTO doctor_phone (AMKA, phone_number) VALUES ('0706636584', '210 658 2311');
INSERT INTO doctor_phone (AMKA, phone_number) VALUES ('0706636584', '2105980348');
INSERT INTO doctor_dept (AMKA, dept_name) VALUES ('0706636584', 'Outpatient Department (OPD)');
INSERT INTO doc_spec (AMKA, spec_code) VALUES ('0706636584', 'ISCD');
INSERT INTO doctor (AMKA, first_name, middle_name, last_name, date_of_birth, date_of_employment, license_number, rank) VALUES ('2010418384', 'Σπυρίδων', NULL, 'Αναστόπουλος', '1941-10-20', '1979-01-18', '7655536654', 'Διευθυντής');
INSERT INTO doctor_email (AMKA, phone_number) VALUES ('2010418384', 'papapanos.magdalini@example.com');
INSERT INTO doctor_email (AMKA, phone_number) VALUES ('2010418384', 'dimitrios.saouer@example.com');
INSERT INTO doctor_phone (AMKA, phone_number) VALUES ('2010418384', '2749085414');
INSERT INTO doctor_phone (AMKA, phone_number) VALUES ('2010418384', '+30 6978 626481');
INSERT INTO doctor_phone (AMKA, phone_number) VALUES ('2010418384', '(+30) 6976 078213');
INSERT INTO doctor_dept (AMKA, dept_name) VALUES ('2010418384', 'Gynaecology');
INSERT INTO doc_spec (AMKA, spec_code) VALUES ('2010418384', 'IM');
INSERT INTO doctor (AMKA, first_name, middle_name, last_name, date_of_birth, date_of_employment, license_number, rank) VALUES ('0110603439', 'Συμεών', 'Χάρη', 'Κυριατσούλης', '1960-10-01', '2008-06-05', '7714937916', 'Διευθυντής');
INSERT INTO doctor_email (AMKA, phone_number) VALUES ('0110603439', 'dorotheos63@example.net');
INSERT INTO doctor_phone (AMKA, phone_number) VALUES ('0110603439', '+30 2259 390917');
INSERT INTO doctor_dept (AMKA, dept_name) VALUES ('0110603439', 'Outpatient Department (OPD)');
INSERT INTO doc_spec (AMKA, spec_code) VALUES ('0110603439', 'ISGEN');
INSERT INTO doc_spec (AMKA, spec_code) VALUES ('0110603439', 'ISPDPED');
INSERT INTO doctor (AMKA, first_name, middle_name, last_name, date_of_birth, date_of_employment, license_number, rank) VALUES ('2509513262', 'Βρασίδας', NULL, 'Κούτρης', '1951-09-25', '1990-08-04', '9648680305', 'Διευθυντής');
INSERT INTO doctor_email (AMKA, phone_number) VALUES ('2509513262', 'dgiatromanolakis@example.org');
INSERT INTO doctor_phone (AMKA, phone_number) VALUES ('2509513262', '(+30) 2367 103060');
INSERT INTO doctor_phone (AMKA, phone_number) VALUES ('2509513262', '2510375018');
INSERT INTO doctor_dept (AMKA, dept_name) VALUES ('2509513262', 'Casualty');
INSERT INTO doc_spec (AMKA, spec_code) VALUES ('2509513262', 'ISPEDS');
INSERT INTO doctor (AMKA, first_name, middle_name, last_name, date_of_birth, date_of_employment, license_number, rank) VALUES ('3110822368', 'Πανορμίτης', 'Εύκλεια', 'Ζουλούμης', '1982-10-31', '2025-04-22', '2324897405', 'Διευθυντής');
INSERT INTO doctor_email (AMKA, phone_number) VALUES ('3110822368', 'timoleon.emmanouilidou@example.com');
INSERT INTO doctor_email (AMKA, phone_number) VALUES ('3110822368', 'wdraziotis@example.net');
INSERT INTO doctor_phone (AMKA, phone_number) VALUES ('3110822368', '+30 2263 889362');
INSERT INTO doctor_dept (AMKA, dept_name) VALUES ('3110822368', 'Psychiatry');
INSERT INTO doc_spec (AMKA, spec_code) VALUES ('3110822368', 'ISRO');
INSERT INTO doctor (AMKA, first_name, middle_name, last_name, date_of_birth, date_of_employment, license_number, rank) VALUES ('2301430446', 'Αμβρόσιος', NULL, 'Αξαόπουλος', '1943-01-23', '1964-04-25', '5602219073', 'Διευθυντής');
INSERT INTO doctor_email (AMKA, phone_number) VALUES ('2301430446', 'papapanos.nikos@example.net');
INSERT INTO doctor_phone (AMKA, phone_number) VALUES ('2301430446', '2560 741 880');
INSERT INTO doctor_phone (AMKA, phone_number) VALUES ('2301430446', '+30 2897 544962');
INSERT INTO doctor_dept (AMKA, dept_name) VALUES ('2301430446', 'General surgery');
INSERT INTO doc_spec (AMKA, spec_code) VALUES ('2301430446', 'ISCG');
INSERT INTO doctor (AMKA, first_name, middle_name, last_name, date_of_birth, date_of_employment, license_number, rank) VALUES ('2602997254', 'Αρτεμισία', NULL, 'Κουρκουτάς', '1999-02-26', '2021-01-05', '5816470443', 'Διευθυντής');
INSERT INTO doctor_email (AMKA, phone_number) VALUES ('2602997254', 'euthymia.chatzidaki@example.org');
INSERT INTO doctor_email (AMKA, phone_number) VALUES ('2602997254', 'praxitelis45@example.org');
INSERT INTO doctor_phone (AMKA, phone_number) VALUES ('2602997254', '210 2414663');
INSERT INTO doctor_dept (AMKA, dept_name) VALUES ('2602997254', 'Inpatient Department (IPD)');
INSERT INTO doc_spec (AMKA, spec_code) VALUES ('2602997254', 'ISPN');
INSERT INTO doc_spec (AMKA, spec_code) VALUES ('2602997254', 'CD');
INSERT INTO doctor (AMKA, first_name, middle_name, last_name, date_of_birth, date_of_employment, license_number, rank) VALUES ('3009804970', 'Φαίδρα', NULL, 'Πορίχης', '1980-09-30', '2013-01-29', '6826280960', 'Ειδικευόμενος');
INSERT INTO doctor_email (AMKA, phone_number) VALUES ('3009804970', 'vasiliki.mitropoulos@example.com');
INSERT INTO doctor_phone (AMKA, phone_number) VALUES ('3009804970', '6976 271541');
INSERT INTO doctor_dept (AMKA, dept_name) VALUES ('3009804970', 'ENT');
INSERT INTO doc_spec (AMKA, spec_code) VALUES ('3009804970', 'ISOBG');
INSERT INTO doc_spec (AMKA, spec_code) VALUES ('3009804970', 'ISGEN');
INSERT INTO doctor (AMKA, first_name, middle_name, last_name, date_of_birth, date_of_employment, license_number, rank) VALUES ('2102449900', 'Χριστόφορος', NULL, 'Δημητρίου', '1944-02-21', '2001-05-15', '0123267821', 'Διευθυντής');
INSERT INTO doctor_email (AMKA, phone_number) VALUES ('2102449900', 'leandros04@example.com');
INSERT INTO doctor_phone (AMKA, phone_number) VALUES ('2102449900', '2930 263 944');
INSERT INTO doctor_dept (AMKA, dept_name) VALUES ('2102449900', 'Urology');
INSERT INTO doc_spec (AMKA, spec_code) VALUES ('2102449900', 'NEP');
INSERT INTO doctor (AMKA, first_name, middle_name, last_name, date_of_birth, date_of_employment, license_number, rank) VALUES ('2501570660', 'Κλυταιμνήστρα', NULL, 'Ματσούκας', '1957-01-25', '2007-11-17', '7177109104', 'Επιμελητής Α');
INSERT INTO doctor_email (AMKA, phone_number) VALUES ('2501570660', 'tarnaris.minas@example.org');
INSERT INTO doctor_phone (AMKA, phone_number) VALUES ('2501570660', '210 5564340');
INSERT INTO doctor_phone (AMKA, phone_number) VALUES ('2501570660', '+30 2590 195965');
INSERT INTO doctor_phone (AMKA, phone_number) VALUES ('2501570660', '(+30) 6910 204674');
INSERT INTO doctor_dept (AMKA, dept_name) VALUES ('2501570660', 'Cardiology');
INSERT INTO doc_spec (AMKA, spec_code) VALUES ('2501570660', 'PED');
INSERT INTO doc_spec (AMKA, spec_code) VALUES ('2501570660', 'OR');
INSERT INTO doctor (AMKA, first_name, middle_name, last_name, date_of_birth, date_of_employment, license_number, rank) VALUES ('2602531086', 'Γαβριέλλα', NULL, 'Βιλδός', '1953-02-26', '1986-04-26', '8754446913', 'Διευθυντής');
INSERT INTO doctor_email (AMKA, phone_number) VALUES ('2602531086', 'lpaparoidamis@example.com');
INSERT INTO doctor_email (AMKA, phone_number) VALUES ('2602531086', 'ekaraoglani@example.net');
INSERT INTO doctor_phone (AMKA, phone_number) VALUES ('2602531086', '2440091178');
INSERT INTO doctor_dept (AMKA, dept_name) VALUES ('2602531086', 'ENT');
INSERT INTO doc_spec (AMKA, spec_code) VALUES ('2602531086', 'PDPED');
INSERT INTO doc_spec (AMKA, spec_code) VALUES ('2602531086', 'ISPP');
INSERT INTO doctor (AMKA, first_name, middle_name, last_name, date_of_birth, date_of_employment, license_number, rank) VALUES ('1607839295', 'Φαίδων', 'Αρτεμισία', 'Κολοκάθης', '1983-07-16', '2009-05-29', '2436389249', 'Ειδικευόμενος');
INSERT INTO doctor_email (AMKA, phone_number) VALUES ('1607839295', 'odysseas48@example.net');
INSERT INTO doctor_email (AMKA, phone_number) VALUES ('1607839295', 'thalassini05@example.com');
INSERT INTO doctor_phone (AMKA, phone_number) VALUES ('1607839295', '210 5207007');
INSERT INTO doctor_phone (AMKA, phone_number) VALUES ('1607839295', '6923255883');
INSERT INTO doctor_dept (AMKA, dept_name) VALUES ('1607839295', 'Gynaecology');
INSERT INTO doc_spec (AMKA, spec_code) VALUES ('1607839295', 'PDGES');
INSERT INTO doctor (AMKA, first_name, middle_name, last_name, date_of_birth, date_of_employment, license_number, rank) VALUES ('1010541321', 'Δημήτρης', NULL, 'Μπαλλή', '1954-10-10', '1979-04-10', '2711078004', 'Διευθυντής');
INSERT INTO doctor_email (AMKA, phone_number) VALUES ('1010541321', 'eurydiki61@example.com');
INSERT INTO doctor_email (AMKA, phone_number) VALUES ('1010541321', 'dionysios04@example.net');
INSERT INTO doctor_phone (AMKA, phone_number) VALUES ('1010541321', '2852071965');
INSERT INTO doctor_phone (AMKA, phone_number) VALUES ('1010541321', '23620 19 598');
INSERT INTO doctor_phone (AMKA, phone_number) VALUES ('1010541321', '2390076349');
INSERT INTO doctor_dept (AMKA, dept_name) VALUES ('1010541321', 'Oncology');
INSERT INTO doc_spec (AMKA, spec_code) VALUES ('1010541321', 'ISHEM');
INSERT INTO doctor (AMKA, first_name, middle_name, last_name, date_of_birth, date_of_employment, license_number, rank) VALUES ('2809729925', 'Αντωνία', 'Μαρωτέσα', 'Σκασίλα', '1972-09-28', '2011-05-01', '8846640380', 'Επιμελητής Β');
INSERT INTO doctor_email (AMKA, phone_number) VALUES ('2809729925', 'agapios.karathanasi@example.org');
INSERT INTO doctor_email (AMKA, phone_number) VALUES ('2809729925', 'bgkikas@example.org');
INSERT INTO doctor_phone (AMKA, phone_number) VALUES ('2809729925', '+302115413860');
INSERT INTO doctor_phone (AMKA, phone_number) VALUES ('2809729925', '6904405720');
INSERT INTO doctor_dept (AMKA, dept_name) VALUES ('2809729925', 'Outpatient Department (OPD)');
INSERT INTO doc_spec (AMKA, spec_code) VALUES ('2809729925', 'ISPDPED');
INSERT INTO doc_spec (AMKA, spec_code) VALUES ('2809729925', 'ISPDGER');
INSERT INTO doctor (AMKA, first_name, middle_name, last_name, date_of_birth, date_of_employment, license_number, rank) VALUES ('1606633495', 'Κασσιανή', 'Χαρίλαος', 'Βλησαρούλης', '1963-06-16', '1992-11-30', '4542341263', 'Επιμελητής Β');
INSERT INTO doctor_email (AMKA, phone_number) VALUES ('1606633495', 'fereniki17@example.net');
INSERT INTO doctor_email (AMKA, phone_number) VALUES ('1606633495', 'psypsa@example.net');
INSERT INTO doctor_phone (AMKA, phone_number) VALUES ('1606633495', '2130 173 114');
INSERT INTO doctor_phone (AMKA, phone_number) VALUES ('1606633495', '6927 475 251');
INSERT INTO doctor_phone (AMKA, phone_number) VALUES ('1606633495', '26910 67 482');
INSERT INTO doctor_dept (AMKA, dept_name) VALUES ('1606633495', 'Operating theatre (OT)');
INSERT INTO doc_spec (AMKA, spec_code) VALUES ('1606633495', 'ISON');
INSERT INTO doctor (AMKA, first_name, middle_name, last_name, date_of_birth, date_of_employment, license_number, rank) VALUES ('2102999600', 'Αντίγονος', NULL, 'Γκανάτσιος', '1999-02-21', '2017-10-08', '5530576209', 'Επιμελητής Β');
INSERT INTO doctor_email (AMKA, phone_number) VALUES ('2102999600', 'nathanail39@example.org');
INSERT INTO doctor_phone (AMKA, phone_number) VALUES ('2102999600', '(+30) 2717 413714');
INSERT INTO doctor_phone (AMKA, phone_number) VALUES ('2102999600', '6909 325047');
INSERT INTO doctor_dept (AMKA, dept_name) VALUES ('2102999600', 'General surgery');
INSERT INTO doc_spec (AMKA, spec_code) VALUES ('2102999600', 'IC');
INSERT INTO doc_spec (AMKA, spec_code) VALUES ('2102999600', 'ISIC');
INSERT INTO doctor (AMKA, first_name, middle_name, last_name, date_of_birth, date_of_employment, license_number, rank) VALUES ('2909578803', 'Παρθένα', NULL, 'Δουμάς', '1957-09-29', '1985-09-17', '2664111559', 'Επιμελητής Β');
INSERT INTO doctor_email (AMKA, phone_number) VALUES ('2909578803', 'kalliopi.sideris@example.com');
INSERT INTO doctor_email (AMKA, phone_number) VALUES ('2909578803', 'kostas.zimatikas@example.org');
INSERT INTO doctor_phone (AMKA, phone_number) VALUES ('2909578803', '2450 374 669');
INSERT INTO doctor_dept (AMKA, dept_name) VALUES ('2909578803', 'Inpatient Department (IPD)');
INSERT INTO doc_spec (AMKA, spec_code) VALUES ('2909578803', 'PUL');
INSERT INTO doc_spec (AMKA, spec_code) VALUES ('2909578803', 'PCS');
INSERT INTO doctor (AMKA, first_name, middle_name, last_name, date_of_birth, date_of_employment, license_number, rank) VALUES ('1802777855', 'Ισμήνη', NULL, 'Σκαφτούρου', '1977-02-18', '2005-01-01', '4054035884', 'Επιμελητής Β');
INSERT INTO doctor_email (AMKA, phone_number) VALUES ('1802777855', 'chloi44@example.net');
INSERT INTO doctor_email (AMKA, phone_number) VALUES ('1802777855', 'gretos.christos@example.org');
INSERT INTO doctor_phone (AMKA, phone_number) VALUES ('1802777855', '2984011187');
INSERT INTO doctor_dept (AMKA, dept_name) VALUES ('1802777855', 'Neurology');
INSERT INTO doc_spec (AMKA, spec_code) VALUES ('1802777855', 'ISN');
INSERT INTO doc_spec (AMKA, spec_code) VALUES ('1802777855', 'ISPEDS');
INSERT INTO doctor (AMKA, first_name, middle_name, last_name, date_of_birth, date_of_employment, license_number, rank) VALUES ('3112620525', 'Μυρσίνη', NULL, 'Ψυχάρη', '1962-12-31', '2007-07-11', '5443208689', 'Διευθυντής');
INSERT INTO doctor_email (AMKA, phone_number) VALUES ('3112620525', 'moschovaki.neofytos@example.net');
INSERT INTO doctor_email (AMKA, phone_number) VALUES ('3112620525', 'eustathios.mplanas@example.org');
INSERT INTO doctor_phone (AMKA, phone_number) VALUES ('3112620525', '6992934097');
INSERT INTO doctor_phone (AMKA, phone_number) VALUES ('3112620525', '+30 2546 363643');
INSERT INTO doctor_dept (AMKA, dept_name) VALUES ('3112620525', 'Gynaecology');
INSERT INTO doc_spec (AMKA, spec_code) VALUES ('3112620525', 'ON');
INSERT INTO doctor (AMKA, first_name, middle_name, last_name, date_of_birth, date_of_employment, license_number, rank) VALUES ('0909770456', 'Μηνάς', NULL, 'Κωτούλα', '1977-09-09', '2014-02-06', '4402298157', 'Επιμελητής Α');
INSERT INTO doctor_email (AMKA, phone_number) VALUES ('0909770456', 'alexandra.kapsi@example.net');
INSERT INTO doctor_email (AMKA, phone_number) VALUES ('0909770456', 'thomais.kampouri@example.org');
INSERT INTO doctor_phone (AMKA, phone_number) VALUES ('0909770456', '2480 648 061');
INSERT INTO doctor_dept (AMKA, dept_name) VALUES ('0909770456', 'Urology');
INSERT INTO doc_spec (AMKA, spec_code) VALUES ('0909770456', 'GE');
INSERT INTO doctor (AMKA, first_name, middle_name, last_name, date_of_birth, date_of_employment, license_number, rank) VALUES ('1612427018', 'Διογένης', NULL, 'Ζουλούμης', '1942-12-16', '1997-11-15', '3695680157', 'Επιμελητής Β');
INSERT INTO doctor_email (AMKA, phone_number) VALUES ('1612427018', 'kfotiadou@example.net');
INSERT INTO doctor_phone (AMKA, phone_number) VALUES ('1612427018', '6904210279');
INSERT INTO doctor_phone (AMKA, phone_number) VALUES ('1612427018', '2666075508');
INSERT INTO doctor_phone (AMKA, phone_number) VALUES ('1612427018', '210 664 1250');
INSERT INTO doctor_dept (AMKA, dept_name) VALUES ('1612427018', 'Casualty');
INSERT INTO doc_spec (AMKA, spec_code) VALUES ('1612427018', 'NEP');
INSERT INTO doctor (AMKA, first_name, middle_name, last_name, date_of_birth, date_of_employment, license_number, rank) VALUES ('1108533353', 'Βασίλης', NULL, 'Μανέτα', '1953-08-11', '2000-12-07', '5352457038', 'Διευθυντής');
INSERT INTO doctor_email (AMKA, phone_number) VALUES ('1108533353', 'xenofon78@example.org');
INSERT INTO doctor_phone (AMKA, phone_number) VALUES ('1108533353', '210 440 5938');
INSERT INTO doctor_phone (AMKA, phone_number) VALUES ('1108533353', '210 2751451');
INSERT INTO doctor_phone (AMKA, phone_number) VALUES ('1108533353', '2980 248 341');
INSERT INTO doctor_dept (AMKA, dept_name) VALUES ('1108533353', 'Geriatric');
INSERT INTO doc_spec (AMKA, spec_code) VALUES ('1108533353', 'OBG');
INSERT INTO doc_spec (AMKA, spec_code) VALUES ('1108533353', 'ISGE');
INSERT INTO doctor (AMKA, first_name, middle_name, last_name, date_of_birth, date_of_employment, license_number, rank) VALUES ('1710639354', 'Στυλιανός', NULL, 'Φερεντίνος', '1963-10-17', '1987-09-15', '6748564419', 'Επιμελητής Α');
INSERT INTO doctor_email (AMKA, phone_number) VALUES ('1710639354', 'hmakrykostas@example.com');
INSERT INTO doctor_phone (AMKA, phone_number) VALUES ('1710639354', '2104696718');
INSERT INTO doctor_dept (AMKA, dept_name) VALUES ('1710639354', 'Anesthesiology');
INSERT INTO doc_spec (AMKA, spec_code) VALUES ('1710639354', 'ISIC');
INSERT INTO doctor (AMKA, first_name, middle_name, last_name, date_of_birth, date_of_employment, license_number, rank) VALUES ('1201859041', 'Δωροθέα', NULL, 'Θασίτου', '1985-01-12', '2016-03-20', '4495872895', 'Διευθυντής');
INSERT INTO doctor_email (AMKA, phone_number) VALUES ('1201859041', 'christaras.fokion@example.com');
INSERT INTO doctor_phone (AMKA, phone_number) VALUES ('1201859041', '210 2474974');
INSERT INTO doctor_dept (AMKA, dept_name) VALUES ('1201859041', 'Neurology');
INSERT INTO doc_spec (AMKA, spec_code) VALUES ('1201859041', 'CG');
INSERT INTO doc_spec (AMKA, spec_code) VALUES ('1201859041', 'ISNIC');
INSERT INTO doctor (AMKA, first_name, middle_name, last_name, date_of_birth, date_of_employment, license_number, rank) VALUES ('3011987512', 'Θεόκλητος', NULL, 'Κουταλιός', '1998-11-30', '2025-08-28', '7275949713', 'Επιμελητής Β');
INSERT INTO doctor_email (AMKA, phone_number) VALUES ('3011987512', 'wtziratoudi@example.org');
INSERT INTO doctor_phone (AMKA, phone_number) VALUES ('3011987512', '+306966365481');
INSERT INTO doctor_dept (AMKA, dept_name) VALUES ('3011987512', 'Operating theatre (OT)');
INSERT INTO doc_spec (AMKA, spec_code) VALUES ('3011987512', 'ISOR');
INSERT INTO doctor (AMKA, first_name, middle_name, last_name, date_of_birth, date_of_employment, license_number, rank) VALUES ('2202590914', 'Προδρομία', 'Ουρανία', 'Πουλιέζος', '1959-02-22', '1990-08-26', '3323394102', 'Επιμελητής Α');
INSERT INTO doctor_email (AMKA, phone_number) VALUES ('2202590914', 'cdimovelis@example.org');
INSERT INTO doctor_phone (AMKA, phone_number) VALUES ('2202590914', '(+30) 2353 359185');
INSERT INTO doctor_phone (AMKA, phone_number) VALUES ('2202590914', '210 7317349');
INSERT INTO doctor_phone (AMKA, phone_number) VALUES ('2202590914', '210 7234116');
INSERT INTO doctor_dept (AMKA, dept_name) VALUES ('2202590914', 'Orthopaedic');
INSERT INTO doc_spec (AMKA, spec_code) VALUES ('2202590914', 'GE');
INSERT INTO doctor (AMKA, first_name, middle_name, last_name, date_of_birth, date_of_employment, license_number, rank) VALUES ('2604427182', 'Αγόρω', 'Αντιγόνη', 'Χριστάρας', '1942-04-26', '1966-03-02', '0483284121', 'Επιμελητής Β');
INSERT INTO doctor_email (AMKA, phone_number) VALUES ('2604427182', 'antipatros.toromidis@example.net');
INSERT INTO doctor_email (AMKA, phone_number) VALUES ('2604427182', 'psaltis.sarra@example.org');
INSERT INTO doctor_phone (AMKA, phone_number) VALUES ('2604427182', '+30 2899 400154');
INSERT INTO doctor_phone (AMKA, phone_number) VALUES ('2604427182', '+30 6989 175685');
INSERT INTO doctor_phone (AMKA, phone_number) VALUES ('2604427182', '22070 76 371');
INSERT INTO doctor_dept (AMKA, dept_name) VALUES ('2604427182', 'Gynaecology');
INSERT INTO doc_spec (AMKA, spec_code) VALUES ('2604427182', 'OBG');
INSERT INTO doc_spec (AMKA, spec_code) VALUES ('2604427182', 'IM');
INSERT INTO doctor (AMKA, first_name, middle_name, last_name, date_of_birth, date_of_employment, license_number, rank) VALUES ('0411766848', 'Ραχήλ', 'Μεθόδιος', 'Μαυροειδάκος', '1976-11-04', '2017-03-22', '5056073422', 'Επιμελητής Α');
INSERT INTO doctor_email (AMKA, phone_number) VALUES ('0411766848', 'kostakis.klimis@example.com');
INSERT INTO doctor_phone (AMKA, phone_number) VALUES ('0411766848', '(+30) 2239 286336');
INSERT INTO doctor_dept (AMKA, dept_name) VALUES ('0411766848', 'Casualty');
INSERT INTO doc_spec (AMKA, spec_code) VALUES ('0411766848', 'PEDS');
INSERT INTO doc_spec (AMKA, spec_code) VALUES ('0411766848', 'PUL');
INSERT INTO doctor (AMKA, first_name, middle_name, last_name, date_of_birth, date_of_employment, license_number, rank) VALUES ('2503723974', 'Αγησίλαος', NULL, 'Ιντζές', '1972-03-25', '2000-01-17', '7055133114', 'Ειδικευόμενος');
INSERT INTO doctor_email (AMKA, phone_number) VALUES ('2503723974', 'kouzoula.kallirroi@example.net');
INSERT INTO doctor_email (AMKA, phone_number) VALUES ('2503723974', 'apandis@example.org');
INSERT INTO doctor_phone (AMKA, phone_number) VALUES ('2503723974', '+302458155105');
INSERT INTO doctor_phone (AMKA, phone_number) VALUES ('2503723974', '2310 986 784');
INSERT INTO doctor_dept (AMKA, dept_name) VALUES ('2503723974', 'Pediatrics');
INSERT INTO doc_spec (AMKA, spec_code) VALUES ('2503723974', 'GS');
INSERT INTO doctor (AMKA, first_name, middle_name, last_name, date_of_birth, date_of_employment, license_number, rank) VALUES ('0406744012', 'Αγαθή', NULL, 'Μπούκος', '1974-06-04', '2014-01-01', '8874699381', 'Διευθυντής');
INSERT INTO doctor_email (AMKA, phone_number) VALUES ('0406744012', 'amalia75@example.com');
INSERT INTO doctor_email (AMKA, phone_number) VALUES ('0406744012', 'dimou.vardis@example.com');
INSERT INTO doctor_phone (AMKA, phone_number) VALUES ('0406744012', '2540 010134');
INSERT INTO doctor_phone (AMKA, phone_number) VALUES ('0406744012', '2850 898 539');
INSERT INTO doctor_dept (AMKA, dept_name) VALUES ('0406744012', 'Urology');
INSERT INTO doc_spec (AMKA, spec_code) VALUES ('0406744012', 'OTO');
INSERT INTO doc_spec (AMKA, spec_code) VALUES ('0406744012', 'OMS');
INSERT INTO doctor (AMKA, first_name, middle_name, last_name, date_of_birth, date_of_employment, license_number, rank) VALUES ('3101416430', 'Χαρίλαος', 'Ανδροκλής', 'Κανελλή', '1941-01-31', '1987-09-25', '5897601823', 'Διευθυντής');
INSERT INTO doctor_email (AMKA, phone_number) VALUES ('3101416430', 'pauli.polyzois@example.com');
INSERT INTO doctor_phone (AMKA, phone_number) VALUES ('3101416430', '2590749196');
INSERT INTO doctor_dept (AMKA, dept_name) VALUES ('3101416430', 'Intensive care unit (ICU)');
INSERT INTO doc_spec (AMKA, spec_code) VALUES ('3101416430', 'ISOR');
INSERT INTO doctor (AMKA, first_name, middle_name, last_name, date_of_birth, date_of_employment, license_number, rank) VALUES ('0412909567', 'Βικέντιος', NULL, 'Γκούσκος', '1990-12-04', '2009-12-16', '7515401162', 'Επιμελητής Α');
INSERT INTO doctor_email (AMKA, phone_number) VALUES ('0412909567', 'osapriki@example.org');
INSERT INTO doctor_phone (AMKA, phone_number) VALUES ('0412909567', '6960531068');
INSERT INTO doctor_phone (AMKA, phone_number) VALUES ('0412909567', '26080 47 564');
INSERT INTO doctor_dept (AMKA, dept_name) VALUES ('0412909567', 'General surgery');
INSERT INTO doc_spec (AMKA, spec_code) VALUES ('0412909567', 'CD');
INSERT INTO doc_spec (AMKA, spec_code) VALUES ('0412909567', 'PDPED');
INSERT INTO doctor (AMKA, first_name, middle_name, last_name, date_of_birth, date_of_employment, license_number, rank) VALUES ('3107496273', 'Κλέαρχος', 'Σεβαστιανή', 'Ρίσβας', '1949-07-31', '2001-11-08', '9956934766', 'Ειδικευόμενος');
INSERT INTO doctor_email (AMKA, phone_number) VALUES ('3107496273', 'gkikas.stamatis@example.com');
INSERT INTO doctor_phone (AMKA, phone_number) VALUES ('3107496273', '6929 072 173');
INSERT INTO doctor_dept (AMKA, dept_name) VALUES ('3107496273', 'Orthopaedic');
INSERT INTO doc_spec (AMKA, spec_code) VALUES ('3107496273', 'ISGEN');
INSERT INTO doc_spec (AMKA, spec_code) VALUES ('3107496273', 'ISGER');
INSERT INTO doctor (AMKA, first_name, middle_name, last_name, date_of_birth, date_of_employment, license_number, rank) VALUES ('0902534259', 'Βασιλεία', NULL, 'Γκικόπουλος', '1953-02-09', '1977-01-20', '1187735446', 'Ειδικευόμενος');
INSERT INTO doctor_email (AMKA, phone_number) VALUES ('0902534259', 'bakriotis@example.net');
INSERT INTO doctor_email (AMKA, phone_number) VALUES ('0902534259', 'damianos.karagrigoriou@example.net');
INSERT INTO doctor_phone (AMKA, phone_number) VALUES ('0902534259', '210 3593615');
INSERT INTO doctor_dept (AMKA, dept_name) VALUES ('0902534259', 'Psychiatry');
INSERT INTO doc_spec (AMKA, spec_code) VALUES ('0902534259', 'ISU');
INSERT INTO doc_spec (AMKA, spec_code) VALUES ('0902534259', 'IC');
INSERT INTO doctor (AMKA, first_name, middle_name, last_name, date_of_birth, date_of_employment, license_number, rank) VALUES ('1005457796', 'Ερμόλαος', NULL, 'Αλυσανδράτου', '1945-05-10', '1983-06-25', '4817255536', 'Επιμελητής Α');
INSERT INTO doctor_email (AMKA, phone_number) VALUES ('1005457796', 'amanoleas@example.net');
INSERT INTO doctor_phone (AMKA, phone_number) VALUES ('1005457796', '2553030331');
INSERT INTO doctor_phone (AMKA, phone_number) VALUES ('1005457796', '2930 272779');
INSERT INTO doctor_dept (AMKA, dept_name) VALUES ('1005457796', 'ENT');
INSERT INTO doc_spec (AMKA, spec_code) VALUES ('1005457796', 'GS');
INSERT INTO doctor (AMKA, first_name, middle_name, last_name, date_of_birth, date_of_employment, license_number, rank) VALUES ('3103927082', 'Σάββας', NULL, 'Μπαντής', '1992-03-31', '2023-08-16', '0441994947', 'Επιμελητής Α');
INSERT INTO doctor_email (AMKA, phone_number) VALUES ('3103927082', 'galini41@example.org');
INSERT INTO doctor_email (AMKA, phone_number) VALUES ('3103927082', 'marras.polina@example.org');
INSERT INTO doctor_phone (AMKA, phone_number) VALUES ('3103927082', '2770190280');
INSERT INTO doctor_phone (AMKA, phone_number) VALUES ('3103927082', '(+30) 2210 758131');
INSERT INTO doctor_dept (AMKA, dept_name) VALUES ('3103927082', 'General surgery');
INSERT INTO doc_spec (AMKA, spec_code) VALUES ('3103927082', 'PCS');
INSERT INTO doctor (AMKA, first_name, middle_name, last_name, date_of_birth, date_of_employment, license_number, rank) VALUES ('0905944938', 'Ταξίαρχος', NULL, 'Σεβδάς', '1994-05-09', '2026-03-10', '8642300179', 'Διευθυντής');
INSERT INTO doctor_email (AMKA, phone_number) VALUES ('0905944938', 'kleoniki08@example.com');
INSERT INTO doctor_email (AMKA, phone_number) VALUES ('0905944938', 'melina44@example.net');
INSERT INTO doctor_phone (AMKA, phone_number) VALUES ('0905944938', '6927 565 410');
INSERT INTO doctor_dept (AMKA, dept_name) VALUES ('0905944938', 'Opthalmology');
INSERT INTO doc_spec (AMKA, spec_code) VALUES ('0905944938', 'U');
INSERT INTO doctor (AMKA, first_name, middle_name, last_name, date_of_birth, date_of_employment, license_number, rank) VALUES ('2810449575', 'Θεοδώρα', NULL, 'Πρέκα', '1944-10-28', '2000-01-25', '5380189603', 'Διευθυντής');
INSERT INTO doctor_email (AMKA, phone_number) VALUES ('2810449575', 'mmexi@example.net');
INSERT INTO doctor_phone (AMKA, phone_number) VALUES ('2810449575', '2070 792139');
INSERT INTO doctor_phone (AMKA, phone_number) VALUES ('2810449575', '+30 2240 300284');
INSERT INTO doctor_phone (AMKA, phone_number) VALUES ('2810449575', '+306911612548');
INSERT INTO doctor_dept (AMKA, dept_name) VALUES ('2810449575', 'Oncology');
INSERT INTO doc_spec (AMKA, spec_code) VALUES ('2810449575', 'ISOR');
INSERT INTO doc_spec (AMKA, spec_code) VALUES ('2810449575', 'ISPDGER');
INSERT INTO doctor (AMKA, first_name, middle_name, last_name, date_of_birth, date_of_employment, license_number, rank) VALUES ('1010937592', 'Σεβαστιανός', NULL, 'Καπατσώρης', '1993-10-10', '2021-09-29', '5334723826', 'Επιμελητής Α');
INSERT INTO doctor_email (AMKA, phone_number) VALUES ('1010937592', 'dovas.sarra@example.com');
INSERT INTO doctor_phone (AMKA, phone_number) VALUES ('1010937592', '210 9543505');
INSERT INTO doctor_dept (AMKA, dept_name) VALUES ('1010937592', 'Psychiatry');
INSERT INTO doc_spec (AMKA, spec_code) VALUES ('1010937592', 'ISU');
INSERT INTO doctor (AMKA, first_name, middle_name, last_name, date_of_birth, date_of_employment, license_number, rank) VALUES ('2807676912', 'Ερμής', NULL, 'Χριστογιάννη', '1967-07-28', '2005-11-23', '9811870647', 'Επιμελητής Β');
INSERT INTO doctor_email (AMKA, phone_number) VALUES ('2807676912', 'titos50@example.com');
INSERT INTO doctor_phone (AMKA, phone_number) VALUES ('2807676912', '(+30) 2729 105085');
INSERT INTO doctor_dept (AMKA, dept_name) VALUES ('2807676912', 'Operating theatre (OT)');
INSERT INTO doc_spec (AMKA, spec_code) VALUES ('2807676912', 'ISRO');
INSERT INTO doc_spec (AMKA, spec_code) VALUES ('2807676912', 'ISPDGER');
INSERT INTO doctor (AMKA, first_name, middle_name, last_name, date_of_birth, date_of_employment, license_number, rank) VALUES ('2602811995', 'Παρθένα', NULL, 'Μπραζιώτης', '1981-02-26', '2017-09-13', '1427359274', 'Ειδικευόμενος');
INSERT INTO doctor_email (AMKA, phone_number) VALUES ('2602811995', 'michaela33@example.net');
INSERT INTO doctor_phone (AMKA, phone_number) VALUES ('2602811995', '6926 672 976');
INSERT INTO doctor_dept (AMKA, dept_name) VALUES ('2602811995', 'Opthalmology');
INSERT INTO doc_spec (AMKA, spec_code) VALUES ('2602811995', 'PUL');
INSERT INTO doc_spec (AMKA, spec_code) VALUES ('2602811995', 'RHU');
INSERT INTO doctor (AMKA, first_name, middle_name, last_name, date_of_birth, date_of_employment, license_number, rank) VALUES ('3010410346', 'Ευτέρπη', NULL, 'Μαγκαφοπούλου', '1941-10-30', '1993-05-24', '5068790965', 'Διευθυντής');
INSERT INTO doctor_email (AMKA, phone_number) VALUES ('3010410346', 'vrysiis.ntokos@example.com');
INSERT INTO doctor_phone (AMKA, phone_number) VALUES ('3010410346', '2104552623');
INSERT INTO doctor_phone (AMKA, phone_number) VALUES ('3010410346', '2295095006');
INSERT INTO doctor_phone (AMKA, phone_number) VALUES ('3010410346', '2104974024');
INSERT INTO doctor_dept (AMKA, dept_name) VALUES ('3010410346', 'Orthopaedic');
INSERT INTO doc_spec (AMKA, spec_code) VALUES ('3010410346', 'NIC');
INSERT INTO doctor (AMKA, first_name, middle_name, last_name, date_of_birth, date_of_employment, license_number, rank) VALUES ('1609477075', 'Νικόλαος', NULL, 'Μαρτιάδου', '1947-09-16', '2002-08-27', '9433191399', 'Επιμελητής Β');
INSERT INTO doctor_email (AMKA, phone_number) VALUES ('1609477075', 'filothei18@example.com');
INSERT INTO doctor_phone (AMKA, phone_number) VALUES ('1609477075', '+30 6980 274233');
INSERT INTO doctor_phone (AMKA, phone_number) VALUES ('1609477075', '(+30) 6944 575221');
INSERT INTO doctor_dept (AMKA, dept_name) VALUES ('1609477075', 'Urology');
INSERT INTO doc_spec (AMKA, spec_code) VALUES ('1609477075', 'ISPN');
INSERT INTO doctor (AMKA, first_name, middle_name, last_name, date_of_birth, date_of_employment, license_number, rank) VALUES ('0907923636', 'Θωμαίς', NULL, 'Ανδριώτης', '1992-07-09', '2019-11-01', '7561213876', 'Επιμελητής Β');
INSERT INTO doctor_email (AMKA, phone_number) VALUES ('0907923636', 'kornilios25@example.org');
INSERT INTO doctor_phone (AMKA, phone_number) VALUES ('0907923636', '(+30) 6993 841611');
INSERT INTO doctor_phone (AMKA, phone_number) VALUES ('0907923636', '+302381812438');
INSERT INTO doctor_dept (AMKA, dept_name) VALUES ('0907923636', 'Intensive care unit (ICU)');
INSERT INTO doc_spec (AMKA, spec_code) VALUES ('0907923636', 'ID');
INSERT INTO doctor (AMKA, first_name, middle_name, last_name, date_of_birth, date_of_employment, license_number, rank) VALUES ('2010721571', 'Παράσχος', NULL, 'Φασουλή', '1972-10-20', '2006-09-16', '9742668427', 'Ειδικευόμενος');
INSERT INTO doctor_email (AMKA, phone_number) VALUES ('2010721571', 'tsakanikas.polychronia@example.net');
INSERT INTO doctor_email (AMKA, phone_number) VALUES ('2010721571', 'xarchaki@example.org');
INSERT INTO doctor_phone (AMKA, phone_number) VALUES ('2010721571', '6941896256');
INSERT INTO doctor_phone (AMKA, phone_number) VALUES ('2010721571', '6923 631405');
INSERT INTO doctor_phone (AMKA, phone_number) VALUES ('2010721571', '(+30) 6910 599433');
INSERT INTO doctor_dept (AMKA, dept_name) VALUES ('2010721571', 'Oncology');
INSERT INTO doc_spec (AMKA, spec_code) VALUES ('2010721571', 'ISNIC');
INSERT INTO doctor (AMKA, first_name, middle_name, last_name, date_of_birth, date_of_employment, license_number, rank) VALUES ('0803755728', 'Μαυροειδής', NULL, 'Μπαντές', '1975-03-08', '2013-06-30', '4147370282', 'Ειδικευόμενος');
INSERT INTO doctor_email (AMKA, phone_number) VALUES ('0803755728', 'gvlisaroulis@example.org');
INSERT INTO doctor_email (AMKA, phone_number) VALUES ('0803755728', 'ivi.tsotras@example.net');
INSERT INTO doctor_phone (AMKA, phone_number) VALUES ('0803755728', '6978599170');
INSERT INTO doctor_phone (AMKA, phone_number) VALUES ('0803755728', '2102418404');
INSERT INTO doctor_phone (AMKA, phone_number) VALUES ('0803755728', '+30 2927 931578');
INSERT INTO doctor_dept (AMKA, dept_name) VALUES ('0803755728', 'Intensive care unit (ICU)');
INSERT INTO doc_spec (AMKA, spec_code) VALUES ('0803755728', 'GE');
INSERT INTO doctor (AMKA, first_name, middle_name, last_name, date_of_birth, date_of_employment, license_number, rank) VALUES ('0108460330', 'Δαμιανός', NULL, 'Διαμαντής', '1946-08-01', '1968-11-24', '5355613352', 'Επιμελητής Β');
INSERT INTO doctor_email (AMKA, phone_number) VALUES ('0108460330', 'zpolychronopoulos@example.com');
INSERT INTO doctor_email (AMKA, phone_number) VALUES ('0108460330', 'kostalis.spyridon@example.net');
INSERT INTO doctor_phone (AMKA, phone_number) VALUES ('0108460330', '210 8592644');
INSERT INTO doctor_phone (AMKA, phone_number) VALUES ('0108460330', '+30 6980 645859');
INSERT INTO doctor_dept (AMKA, dept_name) VALUES ('0108460330', 'Casualty');
INSERT INTO doc_spec (AMKA, spec_code) VALUES ('0108460330', 'PDPED');
INSERT INTO doctor (AMKA, first_name, middle_name, last_name, date_of_birth, date_of_employment, license_number, rank) VALUES ('1203747120', 'Κόσμια', NULL, 'Γρηγορίου', '1974-03-12', '2016-09-25', '3098226828', 'Διευθυντής');
INSERT INTO doctor_email (AMKA, phone_number) VALUES ('1203747120', 'filothei65@example.com');
INSERT INTO doctor_email (AMKA, phone_number) VALUES ('1203747120', 'ymakrygiannis@example.com');
INSERT INTO doctor_phone (AMKA, phone_number) VALUES ('1203747120', '2102971711');
INSERT INTO doctor_phone (AMKA, phone_number) VALUES ('1203747120', '2300 869 662');
INSERT INTO doctor_dept (AMKA, dept_name) VALUES ('1203747120', 'Pediatrics');
INSERT INTO doc_spec (AMKA, spec_code) VALUES ('1203747120', 'U');
INSERT INTO doctor (AMKA, first_name, middle_name, last_name, date_of_birth, date_of_employment, license_number, rank) VALUES ('1902736721', 'Ερμιόνη', NULL, 'Καστάνης', '1973-02-19', '2014-08-28', '3853169032', 'Επιμελητής Β');
INSERT INTO doctor_email (AMKA, phone_number) VALUES ('1902736721', 'tsarkos.theocharoula@example.net');
INSERT INTO doctor_phone (AMKA, phone_number) VALUES ('1902736721', '2985082060');
INSERT INTO doctor_phone (AMKA, phone_number) VALUES ('1902736721', '(+30) 6957 599584');
INSERT INTO doctor_dept (AMKA, dept_name) VALUES ('1902736721', 'Pediatrics');
INSERT INTO doc_spec (AMKA, spec_code) VALUES ('1902736721', 'ID');
INSERT INTO doctor (AMKA, first_name, middle_name, last_name, date_of_birth, date_of_employment, license_number, rank) VALUES ('3003829787', 'Γαλήνη', NULL, 'Τσιαμούρας', '1982-03-30', '2003-10-14', '6296631620', 'Επιμελητής Α');
INSERT INTO doctor_email (AMKA, phone_number) VALUES ('3003829787', 'magdalinos85@example.org');
INSERT INTO doctor_email (AMKA, phone_number) VALUES ('3003829787', 'theofania.apostolakakis@example.net');
INSERT INTO doctor_phone (AMKA, phone_number) VALUES ('3003829787', '2140 325126');
INSERT INTO doctor_phone (AMKA, phone_number) VALUES ('3003829787', '6910805012');
INSERT INTO doctor_phone (AMKA, phone_number) VALUES ('3003829787', '+30 2488 924751');
INSERT INTO doctor_dept (AMKA, dept_name) VALUES ('3003829787', 'Operating theatre (OT)');
INSERT INTO doc_spec (AMKA, spec_code) VALUES ('3003829787', 'ISGEN');
INSERT INTO doc_spec (AMKA, spec_code) VALUES ('3003829787', 'END');
INSERT INTO doctor (AMKA, first_name, middle_name, last_name, date_of_birth, date_of_employment, license_number, rank) VALUES ('2504805766', 'Αθηναγόρας', NULL, 'Χορτάτου', '1980-04-25', '2012-01-12', '0389594827', 'Επιμελητής Α');
INSERT INTO doctor_email (AMKA, phone_number) VALUES ('2504805766', 'bapostolidis@example.org');
INSERT INTO doctor_phone (AMKA, phone_number) VALUES ('2504805766', '2130 862551');
INSERT INTO doctor_dept (AMKA, dept_name) VALUES ('2504805766', 'Intensive care unit (ICU)');
INSERT INTO doc_spec (AMKA, spec_code) VALUES ('2504805766', 'AI');
INSERT INTO doc_spec (AMKA, spec_code) VALUES ('2504805766', 'ISGER');
INSERT INTO doctor (AMKA, first_name, middle_name, last_name, date_of_birth, date_of_employment, license_number, rank) VALUES ('2512462295', 'Λάμπρος', NULL, 'Χουχουλής', '1946-12-25', '1996-04-26', '3929441604', 'Διευθυντής');
INSERT INTO doctor_email (AMKA, phone_number) VALUES ('2512462295', 'grammatiki04@example.com');
INSERT INTO doctor_phone (AMKA, phone_number) VALUES ('2512462295', '210 5956504');
INSERT INTO doctor_phone (AMKA, phone_number) VALUES ('2512462295', '(+30) 6910 542190');
INSERT INTO doctor_phone (AMKA, phone_number) VALUES ('2512462295', '2179088613');
INSERT INTO doctor_dept (AMKA, dept_name) VALUES ('2512462295', 'Pediatrics');
INSERT INTO doc_spec (AMKA, spec_code) VALUES ('2512462295', 'ISTS');
INSERT INTO doctor (AMKA, first_name, middle_name, last_name, date_of_birth, date_of_employment, license_number, rank) VALUES ('2010847643', 'Νίκων', NULL, 'Ραγκούσης', '1984-10-20', '2021-08-30', '6375988836', 'Επιμελητής Β');
INSERT INTO doctor_email (AMKA, phone_number) VALUES ('2010847643', 'uvalkanou@example.com');
INSERT INTO doctor_phone (AMKA, phone_number) VALUES ('2010847643', '2108500470');
INSERT INTO doctor_phone (AMKA, phone_number) VALUES ('2010847643', '210 552 5709');
INSERT INTO doctor_dept (AMKA, dept_name) VALUES ('2010847643', 'Outpatient Department (OPD)');
INSERT INTO doc_spec (AMKA, spec_code) VALUES ('2010847643', 'PUL');
INSERT INTO doctor (AMKA, first_name, middle_name, last_name, date_of_birth, date_of_employment, license_number, rank) VALUES ('1105430207', 'Κίμων', NULL, 'Παπαθανασίου', '1943-05-11', '1968-01-18', '3449577401', 'Διευθυντής');
INSERT INTO doctor_email (AMKA, phone_number) VALUES ('1105430207', 'nearchos.mandalos@example.com');
INSERT INTO doctor_email (AMKA, phone_number) VALUES ('1105430207', 'rigoula.salemi@example.com');
INSERT INTO doctor_phone (AMKA, phone_number) VALUES ('1105430207', '210 157 3469');
INSERT INTO doctor_phone (AMKA, phone_number) VALUES ('1105430207', '2830 356 997');
INSERT INTO doctor_phone (AMKA, phone_number) VALUES ('1105430207', '6963 813 262');
INSERT INTO doctor_dept (AMKA, dept_name) VALUES ('1105430207', 'Geriatric');
INSERT INTO doc_spec (AMKA, spec_code) VALUES ('1105430207', 'ISOBG');
INSERT INTO doctor (AMKA, first_name, middle_name, last_name, date_of_birth, date_of_employment, license_number, rank) VALUES ('0511833575', 'Μαυροειδής', NULL, 'Συλλίγαρδος', '1983-11-05', '2004-08-16', '5151702989', 'Ειδικευόμενος');
INSERT INTO doctor_email (AMKA, phone_number) VALUES ('0511833575', 'xkostopoulou@example.org');
INSERT INTO doctor_email (AMKA, phone_number) VALUES ('0511833575', 'kottas.pyrros@example.com');
INSERT INTO doctor_phone (AMKA, phone_number) VALUES ('0511833575', '210 587 6348');
INSERT INTO doctor_dept (AMKA, dept_name) VALUES ('0511833575', 'Urology');
INSERT INTO doc_spec (AMKA, spec_code) VALUES ('0511833575', 'ISHEM');
INSERT INTO doc_spec (AMKA, spec_code) VALUES ('0511833575', 'END');
INSERT INTO doctor (AMKA, first_name, middle_name, last_name, date_of_birth, date_of_employment, license_number, rank) VALUES ('1503732659', 'Μαύρα', 'Ανδρομάχη', 'Χαλβατζή', '1973-03-15', '2025-02-09', '1198608004', 'Ειδικευόμενος');
INSERT INTO doctor_email (AMKA, phone_number) VALUES ('1503732659', 'gkinis.irodotos@example.org');
INSERT INTO doctor_email (AMKA, phone_number) VALUES ('1503732659', 'fotakopoulou.neoklis@example.org');
INSERT INTO doctor_phone (AMKA, phone_number) VALUES ('1503732659', '+30 6901 841513');
INSERT INTO doctor_phone (AMKA, phone_number) VALUES ('1503732659', '+306907408239');
INSERT INTO doctor_phone (AMKA, phone_number) VALUES ('1503732659', '6912 499 050');
INSERT INTO doctor_dept (AMKA, dept_name) VALUES ('1503732659', 'Intensive care unit (ICU)');
INSERT INTO doc_spec (AMKA, spec_code) VALUES ('1503732659', 'ISOBG');
INSERT INTO doctor (AMKA, first_name, middle_name, last_name, date_of_birth, date_of_employment, license_number, rank) VALUES ('0711736996', 'Μεθόδιος', NULL, 'Κουρκουτάς', '1973-11-07', '1995-07-02', '0582198661', 'Επιμελητής Α');
INSERT INTO doctor_email (AMKA, phone_number) VALUES ('0711736996', 'rrigas@example.net');
INSERT INTO doctor_email (AMKA, phone_number) VALUES ('0711736996', 'roza39@example.com');
INSERT INTO doctor_phone (AMKA, phone_number) VALUES ('0711736996', '23420 02 749');
INSERT INTO doctor_dept (AMKA, dept_name) VALUES ('0711736996', 'Pediatrics');
INSERT INTO doc_spec (AMKA, spec_code) VALUES ('0711736996', 'ISPDGES');
INSERT INTO doctor (AMKA, first_name, middle_name, last_name, date_of_birth, date_of_employment, license_number, rank) VALUES ('0504867750', 'Αγγελής', NULL, 'Παντζέκος', '1986-04-05', '2015-09-01', '3079931988', 'Επιμελητής Β');
INSERT INTO doctor_email (AMKA, phone_number) VALUES ('0504867750', 'papathanasiou.prodromos@example.com');
INSERT INTO doctor_phone (AMKA, phone_number) VALUES ('0504867750', '2107060856');
INSERT INTO doctor_dept (AMKA, dept_name) VALUES ('0504867750', 'Operating theatre (OT)');
INSERT INTO doc_spec (AMKA, spec_code) VALUES ('0504867750', 'ISTS');
INSERT INTO doc_spec (AMKA, spec_code) VALUES ('0504867750', 'OMS');
INSERT INTO doctor (AMKA, first_name, middle_name, last_name, date_of_birth, date_of_employment, license_number, rank) VALUES ('2306911668', 'Ειρήνη', NULL, 'Τζιάβας', '1991-06-23', '2014-10-15', '4255154368', 'Επιμελητής Α');
INSERT INTO doctor_email (AMKA, phone_number) VALUES ('2306911668', 'ino.katsamanis@example.net');
INSERT INTO doctor_email (AMKA, phone_number) VALUES ('2306911668', 'vavourakis.vrasidas@example.org');
INSERT INTO doctor_phone (AMKA, phone_number) VALUES ('2306911668', '+30 2866 809699');
INSERT INTO doctor_phone (AMKA, phone_number) VALUES ('2306911668', '2497097039');
INSERT INTO doctor_dept (AMKA, dept_name) VALUES ('2306911668', 'Oncology');
INSERT INTO doc_spec (AMKA, spec_code) VALUES ('2306911668', 'PP');
INSERT INTO doc_spec (AMKA, spec_code) VALUES ('2306911668', 'PDGES');
INSERT INTO doctor (AMKA, first_name, middle_name, last_name, date_of_birth, date_of_employment, license_number, rank) VALUES ('2703761428', 'Άγγελος', 'Γκόλφω', 'Χρονοπούλου', '1976-03-27', '1996-01-19', '2199157467', 'Επιμελητής Α');
INSERT INTO doctor_email (AMKA, phone_number) VALUES ('2703761428', 'kstauropoulos@example.org');
INSERT INTO doctor_email (AMKA, phone_number) VALUES ('2703761428', 'papoudis.adamantios@example.com');
INSERT INTO doctor_phone (AMKA, phone_number) VALUES ('2703761428', '6945 644591');
INSERT INTO doctor_dept (AMKA, dept_name) VALUES ('2703761428', 'Neurology');
INSERT INTO doc_spec (AMKA, spec_code) VALUES ('2703761428', 'OMS');
INSERT INTO doctor (AMKA, first_name, middle_name, last_name, date_of_birth, date_of_employment, license_number, rank) VALUES ('2104733705', 'Αθανασία', NULL, 'Σακελλαρίου', '1973-04-21', '2010-08-04', '7941023986', 'Επιμελητής Β');
INSERT INTO doctor_email (AMKA, phone_number) VALUES ('2104733705', 'tzanavara.leonidia@example.org');
INSERT INTO doctor_phone (AMKA, phone_number) VALUES ('2104733705', '6982 033 737');
INSERT INTO doctor_phone (AMKA, phone_number) VALUES ('2104733705', '+302929698702');
INSERT INTO doctor_dept (AMKA, dept_name) VALUES ('2104733705', 'Casualty');
INSERT INTO doc_spec (AMKA, spec_code) VALUES ('2104733705', 'ISPEDS');
INSERT INTO doctor (AMKA, first_name, middle_name, last_name, date_of_birth, date_of_employment, license_number, rank) VALUES ('1801818147', 'Νεκτάριος', 'Ερρίκος', 'Παπαφώτης', '1981-01-18', '2008-06-10', '4806399156', 'Επιμελητής Β');
INSERT INTO doctor_email (AMKA, phone_number) VALUES ('1801818147', 'karanikas.giannoula@example.org');
INSERT INTO doctor_phone (AMKA, phone_number) VALUES ('1801818147', '20510 27 958');
INSERT INTO doctor_phone (AMKA, phone_number) VALUES ('1801818147', '2070 582 190');
INSERT INTO doctor_phone (AMKA, phone_number) VALUES ('1801818147', '2620556517');
INSERT INTO doctor_dept (AMKA, dept_name) VALUES ('1801818147', 'Operating theatre (OT)');
INSERT INTO doc_spec (AMKA, spec_code) VALUES ('1801818147', 'RHU');
INSERT INTO doctor (AMKA, first_name, middle_name, last_name, date_of_birth, date_of_employment, license_number, rank) VALUES ('0911652515', 'Σταμάτιος', 'Φιλοθέη', 'Χριστάρας', '1965-11-09', '1993-02-23', '3770313805', 'Επιμελητής Α');
INSERT INTO doctor_email (AMKA, phone_number) VALUES ('0911652515', 'xvaitsopoulos@example.net');
INSERT INTO doctor_email (AMKA, phone_number) VALUES ('0911652515', 'ziros.iosifina@example.net');
INSERT INTO doctor_phone (AMKA, phone_number) VALUES ('0911652515', '+302589887917');
INSERT INTO doctor_phone (AMKA, phone_number) VALUES ('0911652515', '2630099721');
INSERT INTO doctor_dept (AMKA, dept_name) VALUES ('0911652515', 'Neurology');
INSERT INTO doc_spec (AMKA, spec_code) VALUES ('0911652515', 'ISOTO');
INSERT INTO doctor (AMKA, first_name, middle_name, last_name, date_of_birth, date_of_employment, license_number, rank) VALUES ('0812813302', 'Ασημούλα', NULL, 'Παλαιολογοπούλου', '1981-12-08', '2024-09-14', '8685346923', 'Επιμελητής Α');
INSERT INTO doctor_email (AMKA, phone_number) VALUES ('0812813302', 'flakkas@example.org');
INSERT INTO doctor_phone (AMKA, phone_number) VALUES ('0812813302', '2230 509 457');
INSERT INTO doctor_phone (AMKA, phone_number) VALUES ('0812813302', '6982545103');
INSERT INTO doctor_dept (AMKA, dept_name) VALUES ('0812813302', 'Operating theatre (OT)');
INSERT INTO doc_spec (AMKA, spec_code) VALUES ('0812813302', 'ISCD');
INSERT INTO doctor (AMKA, first_name, middle_name, last_name, date_of_birth, date_of_employment, license_number, rank) VALUES ('2002472732', 'Σάββας', NULL, 'Χρυσίδης', '1947-02-20', '1987-07-22', '2896794926', 'Επιμελητής Α');
INSERT INTO doctor_email (AMKA, phone_number) VALUES ('2002472732', 'floriant.kapounis@example.org');
INSERT INTO doctor_phone (AMKA, phone_number) VALUES ('2002472732', '(+30) 6913 389075');
INSERT INTO doctor_phone (AMKA, phone_number) VALUES ('2002472732', '(+30) 6947 066326');
INSERT INTO doctor_phone (AMKA, phone_number) VALUES ('2002472732', '6943956476');
INSERT INTO doctor_dept (AMKA, dept_name) VALUES ('2002472732', 'General surgery');
INSERT INTO doc_spec (AMKA, spec_code) VALUES ('2002472732', 'ISOBG');
INSERT INTO doc_spec (AMKA, spec_code) VALUES ('2002472732', 'HEM');
INSERT INTO doctor (AMKA, first_name, middle_name, last_name, date_of_birth, date_of_employment, license_number, rank) VALUES ('1810681490', 'Θέκλα', NULL, 'Καραντζόπουλος', '1968-10-18', '1995-03-29', '6607189904', 'Επιμελητής Β');
INSERT INTO doctor_email (AMKA, phone_number) VALUES ('1810681490', 'varaklis.aimilianos@example.org');
INSERT INTO doctor_email (AMKA, phone_number) VALUES ('1810681490', 'antonopoulos.eudokia@example.net');
INSERT INTO doctor_phone (AMKA, phone_number) VALUES ('1810681490', '6990 229 961');
INSERT INTO doctor_phone (AMKA, phone_number) VALUES ('1810681490', '+30 6904 567330');
INSERT INTO doctor_dept (AMKA, dept_name) VALUES ('1810681490', 'Neurology');
INSERT INTO doc_spec (AMKA, spec_code) VALUES ('1810681490', 'ISAI');
INSERT INTO doc_spec (AMKA, spec_code) VALUES ('1810681490', 'PUL');
UPDATE doctor SET supervisor_id = '0812813302' WHERE AMKA = 2602811995;
UPDATE doctor SET supervisor_id = '1902736721' WHERE AMKA = 0902534259;
UPDATE doctor SET supervisor_id = '2108786144' WHERE AMKA = 1902736721;
UPDATE doctor SET supervisor_id = '1606633495' WHERE AMKA = 1612427018;
UPDATE doctor SET supervisor_id = '0909770456' WHERE AMKA = 1010937592;
UPDATE doctor SET supervisor_id = '0907923636' WHERE AMKA = 2202590914;
UPDATE doctor SET supervisor_id = '0412909567' WHERE AMKA = 2807676912;
UPDATE doctor SET supervisor_id = '1605502096' WHERE AMKA = 0504867750;
UPDATE doctor SET supervisor_id = '1609477075' WHERE AMKA = 0108460330;
UPDATE doctor SET supervisor_id = '2512462295' WHERE AMKA = 2503723974;
UPDATE doctor SET supervisor_id = '1609477075' WHERE AMKA = 0812813302;
UPDATE doctor SET supervisor_id = '2604427182' WHERE AMKA = 0411766848;
UPDATE doctor SET supervisor_id = '2512462295' WHERE AMKA = 2504805766;
UPDATE doctor SET supervisor_id = '1605502096' WHERE AMKA = 3003829787;
UPDATE doctor SET supervisor_id = '0905944938' WHERE AMKA = 2703761428;
UPDATE doctor SET supervisor_id = '0504867750' WHERE AMKA = 1503732659;
UPDATE doctor SET supervisor_id = '2909578803' WHERE AMKA = 1005457796;
UPDATE doctor SET supervisor_id = '2807676912' WHERE AMKA = 2909578803;
UPDATE doctor SET supervisor_id = '1709452717' WHERE AMKA = 2809729925;
UPDATE doctor SET supervisor_id = '2504805766' WHERE AMKA = 3107496273;
UPDATE doctor SET supervisor_id = '1612427018' WHERE AMKA = 1606633495;
UPDATE doctor SET supervisor_id = '0706636584' WHERE AMKA = 2102999600;
UPDATE doctor SET supervisor_id = '0711736996' WHERE AMKA = 1801818147;
UPDATE doctor SET supervisor_id = '1801818147' WHERE AMKA = 1609477075;
UPDATE doctor SET supervisor_id = '2010418384' WHERE AMKA = 3009804970;
UPDATE doctor SET supervisor_id = '1801818147' WHERE AMKA = 2010847643;
UPDATE doctor SET supervisor_id = '2810449575' WHERE AMKA = 1607839295;
UPDATE doctor SET supervisor_id = '1605502096' WHERE AMKA = 0909770456;
UPDATE doctor SET supervisor_id = '2002472732' WHERE AMKA = 0711736996;
UPDATE doctor SET supervisor_id = '1709452717' WHERE AMKA = 0511833575;
UPDATE doctor SET supervisor_id = '2809729925' WHERE AMKA = 2002472732;
UPDATE doctor SET supervisor_id = '1010937592' WHERE AMKA = 2306911668;
UPDATE doctor SET supervisor_id = '3103927082' WHERE AMKA = 0907923636;
SET FOREIGN_KEY_CHECKS = 1;
