SET FOREIGN_KEY_CHECKS = 0;
INSERT INTO triage (level, symptoms) VALUES ('2', 'Τέλειοι ατόμου άρα έλεγχος έτσι μεταγλωτιστής τα. Μιας πες πόρτες δεδομένων τα ελέγχου υπηρεσία ανακλύψεις.');
INSERT INTO patient (AMKA, first_name, middle_name, last_name, date_of_birth, sex, weight, height, street_name, street_number, postal_code, area, municipality, prefecture,  profession, citizenship, triage_id) VALUES ('0510787029','Μικές',NULL,'Νικολάου','1978-10-05','other','144.49','186.62','Αχλαδέας','91','50954','Λευκάδα','Κέρκυρα','Έβρος','Τεχνικός Ελέγχου Υλικών','Άγιος Χριστόφορος και Νέβις','None');
INSERT INTO patient_email (AMKA, phone_number) VALUES ('0510787029', 'spilios.logkaki@example.com');
INSERT INTO patient_phone (AMKA, phone_number) VALUES ('0510787029', '+302686488193');
INSERT INTO triage (level, symptoms) VALUES ('1', 'Περισσότερες τελειώσει παίρνει ίδιο παραδώσεις έτσι δημιουργια προσοχή. Δημιουργείς δύο υποψήφιο στις ίδιο για όσο. Μην μη θα προϊόντα των.');
INSERT INTO patient (AMKA, first_name, middle_name, last_name, date_of_birth, sex, weight, height, street_name, street_number, postal_code, area, municipality, prefecture,  profession, citizenship, triage_id) VALUES ('0312161046','Παύλος',NULL,'Λιανάκης','2016-12-03','male','119.06','59.05','Μαυροπούλου','92','ΤΚ 78519','Πάτρα','Έδεσσα','Σάμος','Γραφολόγος','Νησιά Τερκς και Κάικος','None');
INSERT INTO patient_email (AMKA, phone_number) VALUES ('0312161046', 'andromachi.choudalakis@example.net');
INSERT INTO patient_phone (AMKA, phone_number) VALUES ('0312161046', '+30 6998 809926');
INSERT INTO triage (level, symptoms) VALUES ('3', 'Στη έτοιμος ποια εδώ αγοράζοντας δεν ακούσει προσλάμβανες. Νέου μηχανής ρωτήσει χώρου. Επιστρέφουν σχεδιαστής πεδία ένα.
Χρόνου μέσης νόμιζες πρόσληψη μην πάρα. Μεταφραστής άρα θέματα ημέρα.');
INSERT INTO patient (AMKA, first_name, middle_name, last_name, date_of_birth, sex, weight, height, street_name, street_number, postal_code, area, municipality, prefecture,  profession, citizenship, triage_id) VALUES ('1301589944','Ιάσων',NULL,'Γιασημάκης','1958-01-13','female','71.99','108.88','Σαλέμη','124','206 63','Κοζάνη','Πολύγυρος','Έβρος','Χημικός Μηχανικός','Γουιάνα','None');
INSERT INTO patient_email (AMKA, phone_number) VALUES ('1301589944', 'bkalemi@example.com');
INSERT INTO patient_phone (AMKA, phone_number) VALUES ('1301589944', '2101053478');
INSERT INTO patient_phone (AMKA, phone_number) VALUES ('1301589944', '2090 661 038');
INSERT INTO triage (level, symptoms) VALUES ('5', 'Μάθε περιβάλλοντος μέχρι στη ποια τέλειοι ρωτήσει με. Ως σωστά ανταγωνιστής συνάδελφος αρχεία.');
INSERT INTO patient (AMKA, first_name, middle_name, last_name, date_of_birth, sex, weight, height, street_name, street_number, postal_code, area, municipality, prefecture,  profession, citizenship, triage_id) VALUES ('2406184798','Σελήνη',NULL,'Δημοπούλου','2018-06-24','male','88.89','91.76','Γιαννιτσούς','178','93499','Λιβαδιά','Πύργος','Κιλκίς','Επαγγελματίας Αθλητής','Λιβερία','None');
INSERT INTO patient_email (AMKA, phone_number) VALUES ('2406184798', 'prodromos89@example.net');
INSERT INTO patient_phone (AMKA, phone_number) VALUES ('2406184798', '2700 242718');
INSERT INTO patient_phone (AMKA, phone_number) VALUES ('2406184798', '+30 2879 428621');
INSERT INTO triage (level, symptoms) VALUES ('2', 'Για ένας πολύ κρατήσουν. Εκτελέσεις τεκμηριώνει επιδιόρθωση την δεδομένων βασανίζουν από έλεγχος.');
INSERT INTO patient (AMKA, first_name, middle_name, last_name, date_of_birth, sex, weight, height, street_name, street_number, postal_code, area, municipality, prefecture,  profession, citizenship, triage_id) VALUES ('2207566495','Πολύβιος',NULL,'Καραγιάννη','1956-07-22','female','56.17','108.65','Πλ. Βαλανιδούσσας','179','98270','Χανιά','Θεσσαλονίκη','Δράμα','Χημικός Μηχανικός','Βανουάτου','None');
INSERT INTO patient_email (AMKA, phone_number) VALUES ('2207566495', 'zkapounis@example.com');
INSERT INTO patient_phone (AMKA, phone_number) VALUES ('2207566495', '+30 6900 076127');
INSERT INTO patient_phone (AMKA, phone_number) VALUES ('2207566495', '+302882582242');
INSERT INTO triage (level, symptoms) VALUES ('4', 'Μιας μεταγλωτιστής την απαρατήρητο μην παίρνει γιαυτό. Διαφήμιση σου ζητήσεις μέσης. Στις μας ανά θέματα έγραψες.
Βάζοντας αρχεία πάντα όσο χάος πετάνε.');
INSERT INTO patient (AMKA, first_name, middle_name, last_name, date_of_birth, sex, weight, height, street_name, street_number, postal_code, area, municipality, prefecture,  profession, citizenship, triage_id) VALUES ('2405442526','Ιπποκράτης','Βαλέρια','Αγαλιώτης','1944-05-24','male','51.34','152.41','Εξωγής','49','269 74','Κιλκίς','Λαμία','Κορινθία','Προπονητής Πετοσφαίρισης','Γκάνα','None');
INSERT INTO patient_email (AMKA, phone_number) VALUES ('2405442526', 'filimon84@example.com');
INSERT INTO patient_phone (AMKA, phone_number) VALUES ('2405442526', '+30 6902 829629');
INSERT INTO triage (level, symptoms) VALUES ('2', 'Πάντως νόμιζες κρατήσουν το ίδιο προσεκτικά εικόνες. Περιμένουν πετάξαμε δούλευε μερικούς παράγοντες.
Δεν πετούν δούλευε αποστηθίσει. Πως να έτοιμος κάτι επί.');
INSERT INTO patient (AMKA, first_name, middle_name, last_name, date_of_birth, sex, weight, height, street_name, street_number, postal_code, area, municipality, prefecture,  profession, citizenship, triage_id) VALUES ('0511685210','Ελισάβετ',NULL,'Κορμπόπουλος','1968-11-05','other','95.57','140.89','Σκοτάνης','66','15761','Πύργος','Αργοστόλι','Αχαΐα','Ειδικός Παθολόγος Λόγου και Ομιλίας','Κατάρ','None');
INSERT INTO patient_email (AMKA, phone_number) VALUES ('0511685210', 'tryfon10@example.org');
INSERT INTO patient_phone (AMKA, phone_number) VALUES ('0511685210', '(+30) 2720 176955');
INSERT INTO patient_phone (AMKA, phone_number) VALUES ('0511685210', '+30 2261 699640');
INSERT INTO triage (level, symptoms) VALUES ('2', 'Από ποια ανώδυνη πάντα. Περισσότερες αθόρυβες ζητήσεις μέχρι μάθε. Προκαλείς εκτελείται αναγκάζονται εκτελέσεις άλγεβρα διοικητικό εκτελέσεις. Μέχρι ίδιο τελειώσει μια φακέλους αν.');
INSERT INTO patient (AMKA, first_name, middle_name, last_name, date_of_birth, sex, weight, height, street_name, street_number, postal_code, area, municipality, prefecture,  profession, citizenship, triage_id) VALUES ('1310165448','Δράκων',NULL,'Εμμανουηλίδου','2016-10-13','other','76.13','67.05','Λεωφόρος Αρωγή','107','13647','Μυτιλήνη','Τρίπολη','Καρδίτσα','Στέλεχος Χρηματιστηριακών Εργασιών','Λουξεμβούργο','None');
INSERT INTO patient_email (AMKA, phone_number) VALUES ('1310165448', 'paraskeui97@example.org');
INSERT INTO patient_phone (AMKA, phone_number) VALUES ('1310165448', '+30 6923 563222');
INSERT INTO triage (level, symptoms) VALUES ('5', 'Άτομο τον σου εργασίας δουλεύει. Δε μην τι χρονοδιαγράμματος έστειλε δε μπουν. Εκείνου βρίσκονται λες βαθμό στα της ρωτήσει.');
INSERT INTO patient (AMKA, first_name, middle_name, last_name, date_of_birth, sex, weight, height, street_name, street_number, postal_code, area, municipality, prefecture,  profession, citizenship, triage_id) VALUES ('2102001772','Ανδριανή','Αρχιμήδης','Χαραλαμπίδου','2000-02-21','female','66.31','142.79','Ζαχαρίου','162','57324','Τρίκαλα','Λιβαδιά','Φθιώτιδα','Ιατρός','Νότιος Γεωργία και οι Νότιοι Σάντουιτς Νήσοι','None');
INSERT INTO patient_email (AMKA, phone_number) VALUES ('2102001772', 'romanos42@example.com');
INSERT INTO patient_phone (AMKA, phone_number) VALUES ('2102001772', '+30 6928 323725');
INSERT INTO patient_phone (AMKA, phone_number) VALUES ('2102001772', '210 818 8809');
INSERT INTO triage (level, symptoms) VALUES ('4', 'Στις χαρτιού καλύτερο ίδιο γραφικά τρόπο εκτελέσεις. Κάνεις νέων ορίστε τύπους τις. Του τρόποι προσπαθούν πήρε επιδιορθώσεις. Στα αναφέρονται παίρνει και.');
INSERT INTO patient (AMKA, first_name, middle_name, last_name, date_of_birth, sex, weight, height, street_name, street_number, postal_code, area, municipality, prefecture,  profession, citizenship, triage_id) VALUES ('0804742614','Βαλέριος','Διαμάντω','Βλαχοδήμου','1974-04-08','female','58.7','110.68','Σιταριάς','30','85489','Κιλκίς','Ηράκλειο','Λευκάδα','Χορογράφος','Τανζανία','None');
INSERT INTO patient_email (AMKA, phone_number) VALUES ('0804742614', 'ermolaos.dauid@example.com');
INSERT INTO patient_phone (AMKA, phone_number) VALUES ('0804742614', '(+30) 2219 995089');
INSERT INTO triage (level, symptoms) VALUES ('2', 'Υψηλότερη έστελνε εργοστασίου. Κάνε τα από αυτός υποψήφιο. Κανόνα εξακολουθεί μετράει όταν νιρβάνα.
Θα βγήκε πολύ εφαμοργής εγώ τρόπο.');
INSERT INTO patient (AMKA, first_name, middle_name, last_name, date_of_birth, sex, weight, height, street_name, street_number, postal_code, area, municipality, prefecture,  profession, citizenship, triage_id) VALUES ('1609864488','Κυριαζής',NULL,'Σκαφτούρου','1986-09-16','other','56.82','123.9','Λεωφόρος Νεριανών','179','ΤΚ 06085','Λαμία','Καβάλα','Αργολίδα','Φοντοποιός','Λιχτενστάϊν','None');
INSERT INTO patient_email (AMKA, phone_number) VALUES ('1609864488', 'tsampouri.michaela@example.com');
INSERT INTO patient_phone (AMKA, phone_number) VALUES ('1609864488', '(+30) 2089 072245');
INSERT INTO patient_phone (AMKA, phone_number) VALUES ('1609864488', '6924 281 968');
INSERT INTO patient_phone (AMKA, phone_number) VALUES ('1609864488', '2104340352');
INSERT INTO triage (level, symptoms) VALUES ('4', 'Εργοστασίου μιας διακοπή πάρα αυτήν. Επιδιόρθωση του εκτός διάσημα ρουτίνα περισσότερες κι. Σχεδιαστής δε ίδιο τις σπίτι τους.
Ας χρόνου επιχείριση απλό πρώτης τους. Εργοστασίου μας νόμιζες έλεγχος.');
INSERT INTO patient (AMKA, first_name, middle_name, last_name, date_of_birth, sex, weight, height, street_name, street_number, postal_code, area, municipality, prefecture,  profession, citizenship, triage_id) VALUES ('2003522930','Ηλίας',NULL,'Παπαδόπουλος','1952-03-20','male','119.08','119.96','Ναυπάκτου','115','10208','Φλώρινα','Λευκάδα','Μαγνησία','Γουνοποιός','Σενεγάλη','None');
INSERT INTO patient_email (AMKA, phone_number) VALUES ('2003522930', 'amfithea38@example.net');
INSERT INTO patient_email (AMKA, phone_number) VALUES ('2003522930', 'gkagkaoudakis.natalina@example.org');
INSERT INTO patient_phone (AMKA, phone_number) VALUES ('2003522930', '+30 2016 307439');
INSERT INTO patient_phone (AMKA, phone_number) VALUES ('2003522930', '210 937 5786');
INSERT INTO patient_phone (AMKA, phone_number) VALUES ('2003522930', '210 0251106');
INSERT INTO triage (level, symptoms) VALUES ('5', 'Έχω τα βιαστικά δουλεύει ίδιο ναι.
Προσπαθήσεις είχαμε πως αγοράζοντας δύο τις λοιπόν. Χρησιμοποιώντας τύπου κι κανόνα τη δυστυχής δε.
Πάντα νέο ναι κι.');
INSERT INTO patient (AMKA, first_name, middle_name, last_name, date_of_birth, sex, weight, height, street_name, street_number, postal_code, area, municipality, prefecture,  profession, citizenship, triage_id) VALUES ('0909800377','Βαλεντίνα',NULL,'Δουλουφάκη','1980-09-09','other','95.03','87.55','Κορώνης','142','22467','Δράμα','Ζάκυνθος','Χίος','Βοηθός Φυσικοθεραπευτή σε Ιαματικές Πηγές και Λουτρά','Ιταλία','None');
INSERT INTO patient_email (AMKA, phone_number) VALUES ('0909800377', 'aliki16@example.com');
INSERT INTO patient_phone (AMKA, phone_number) VALUES ('0909800377', '21360 20 126');
INSERT INTO triage (level, symptoms) VALUES ('2', 'Δείξει θέμα ήδη ιδιαίτερα απαρατήρητο ας πλέον απαράδεκτη. Να μια μέγιστη λέει στήλες.
Μάλλον εκτελέσει μη ανακλύψεις για απαράδεκτη ο αποδείξεις. Ρουτίνα τεσσαρών ζητήσεις δε.');
INSERT INTO patient (AMKA, first_name, middle_name, last_name, date_of_birth, sex, weight, height, street_name, street_number, postal_code, area, municipality, prefecture,  profession, citizenship, triage_id) VALUES ('1803137297','Χιονιά',NULL,'Παπαδημητροπούλου','2013-03-18','female','90.83','170.13','Αιγάλεω','84','118 27','Ρόδος','Κατερίνη','Ημαθία','Ειδικός Ιατρικών και Βιολογικών Εργαστηρίων Αιματολογικού Εργαστηρίου','Μπαρμπάντος','None');
INSERT INTO patient_email (AMKA, phone_number) VALUES ('1803137297', 'skordos.eleutheria@example.org');
INSERT INTO patient_phone (AMKA, phone_number) VALUES ('1803137297', '6910 314 672');
INSERT INTO patient_phone (AMKA, phone_number) VALUES ('1803137297', '+306995532027');
INSERT INTO triage (level, symptoms) VALUES ('3', 'Άτομο κειμένων απλό στις. Μετράει έτσι αφήσεις γραμμής επιχείριση πιο καταλάθος. Απλό εδώ εντολές έχω ότι γνωρίζουμε. Άρα εργάστηκε σας κειμένων.');
INSERT INTO patient (AMKA, first_name, middle_name, last_name, date_of_birth, sex, weight, height, street_name, street_number, postal_code, area, municipality, prefecture,  profession, citizenship, triage_id) VALUES ('2305241733','Ζηνόβιος',NULL,'Μπαντές','2024-05-23','male','127.55','126.79','Ραχώνας','75','75942','Πολύγυρος','Ζάκυνθος','Ημαθία','Σχεδιαστής Πολυμέσων - Ειδικός Πολυμέσων','Αιθιοπία','None');
INSERT INTO patient_email (AMKA, phone_number) VALUES ('2305241733', 'wkarousos@example.org');
INSERT INTO patient_email (AMKA, phone_number) VALUES ('2305241733', 'androklis.kypraios@example.net');
INSERT INTO patient_phone (AMKA, phone_number) VALUES ('2305241733', '2236006040');
INSERT INTO patient_phone (AMKA, phone_number) VALUES ('2305241733', '28510 52 864');
INSERT INTO patient_phone (AMKA, phone_number) VALUES ('2305241733', '210 1761002');
INSERT INTO triage (level, symptoms) VALUES ('2', 'Με έξι αυτήν σημαντικός δύο εξοργιστικά δίνοντας νέο. Στις πρόσληψη όσο κι.
Σαν μια λιγότερο. Με απλό προβληματική σημαντικός ανώδυνη αποθηκευτικού σκεφτείς.');
INSERT INTO patient (AMKA, first_name, middle_name, last_name, date_of_birth, sex, weight, height, street_name, street_number, postal_code, area, municipality, prefecture,  profession, citizenship, triage_id) VALUES ('1303000288','Αντύπας','Άλκηστις','Παλαμπουγιούκη','2000-03-13','female','106.68','109.22','Αιγιάλης','25','308 20','Δράμα','Φλώρινα','Γρεβενά','Κρεοπώλης','Ουρουγουάη','None');
INSERT INTO patient_email (AMKA, phone_number) VALUES ('1303000288', 'magdalini41@example.org');
INSERT INTO patient_email (AMKA, phone_number) VALUES ('1303000288', 'msamaras@example.net');
INSERT INTO patient_phone (AMKA, phone_number) VALUES ('1303000288', '+30 6956 748784');
INSERT INTO patient_phone (AMKA, phone_number) VALUES ('1303000288', '6953891923');
INSERT INTO patient_phone (AMKA, phone_number) VALUES ('1303000288', '27560 14 757');
INSERT INTO triage (level, symptoms) VALUES ('4', 'Γραφικά ευκολότερο τη εγώ εργασίας δημιουργήσεις. Ώρα με προκαλείς χρονοδιαγράμματος.
Περισσότερες εγώ απαραίτητο επιδιόρθωση ένας ανεπιθύμητη τεκμηριώνει. Εντολές πες κειμένων τρέξει.');
INSERT INTO patient (AMKA, first_name, middle_name, last_name, date_of_birth, sex, weight, height, street_name, street_number, postal_code, area, municipality, prefecture,  profession, citizenship, triage_id) VALUES ('2205638853','Σώζων',NULL,'Χριστοπούλου','1963-05-22','female','134.68','88.3','Μερόπης','155','ΤΚ 88673','Θεσσαλονίκη','Πρέβεζα','Ιωάννινα','Ειδικός Τροφοδοσίας-Σίτισης','Γερμανία','None');
INSERT INTO patient_email (AMKA, phone_number) VALUES ('2205638853', 'gkaramani@example.com');
INSERT INTO patient_phone (AMKA, phone_number) VALUES ('2205638853', '6931 937 215');
INSERT INTO triage (level, symptoms) VALUES ('4', 'Αντιλήφθηκαν ναι σπίτι αποφάσισε. Νέων τα στα σας δεν. Απλό γραμμές έχω εκτός χρησιμοποιώντας τρόποι νέων. Μια άρα μου.
Έτοιμος απαράδεκτη τους παραδώσεις βιαστικά. Κι χρησιμοποίησέ δείξει υποψήφιο.');
INSERT INTO patient (AMKA, first_name, middle_name, last_name, date_of_birth, sex, weight, height, street_name, street_number, postal_code, area, municipality, prefecture,  profession, citizenship, triage_id) VALUES ('2512771390','Βρυσηίς','Δαμασκηνός','Χριστοδούλου','1977-12-25','other','135.9','50.57','Καρνεζαίικων','30','07399','Καλαμάτα','Ρέθυμνο','Ξάνθη','Τεχνίτης Αλιείας - Ιχθυοπαραγωγής - Τεχνολόγος Υδατοκαλλιεργητής','Ολλανδικές Αντίλλες','None');
INSERT INTO patient_email (AMKA, phone_number) VALUES ('2512771390', 'areti.malli@example.net');
INSERT INTO patient_email (AMKA, phone_number) VALUES ('2512771390', 'rigas07@example.org');
INSERT INTO patient_phone (AMKA, phone_number) VALUES ('2512771390', '2360 932 582');
INSERT INTO patient_phone (AMKA, phone_number) VALUES ('2512771390', '6903998897');
INSERT INTO patient_phone (AMKA, phone_number) VALUES ('2512771390', '24770 35 927');
INSERT INTO triage (level, symptoms) VALUES ('3', 'Προγραμματιστής δημιουργείς έχω όσο ιδιαίτερα. Έγραψες διορθώσει ως.
Τρέξει επιδιόρθωση άπειρα. Μια δε χρόνου έρθει χρονοδιαγράμματα τον πρώτης.');
INSERT INTO patient (AMKA, first_name, middle_name, last_name, date_of_birth, sex, weight, height, street_name, street_number, postal_code, area, municipality, prefecture,  profession, citizenship, triage_id) VALUES ('1001045340','Φίλιππος',NULL,'Μηνά','2004-01-10','male','103.06','109.08','Λεωφ. Διακοπτού','103','ΤΚ 87545','Γρεβενά','Άμφισσα','Πέλλα','Ειδικός Νοσηλευτικής Τραυματολογίας','Λουξεμβούργο','None');
INSERT INTO patient_email (AMKA, phone_number) VALUES ('1001045340', 'ztsoukia@example.org');
INSERT INTO patient_email (AMKA, phone_number) VALUES ('1001045340', 'sarra.chantampi@example.com');
INSERT INTO patient_phone (AMKA, phone_number) VALUES ('1001045340', '210 134 3212');
INSERT INTO patient_phone (AMKA, phone_number) VALUES ('1001045340', '21140 38 157');
INSERT INTO triage (level, symptoms) VALUES ('3', 'Έχω μέσης μπουν εγώ. Εκθέσεις μου κοιτάζοντας σε συγχωνευτεί ποσοστό. Εφαρμογής γραμμής στο βασανίζουν.
Πιο γνωστή που τους άτομο διασφαλίζεται επί και. Πάντως συνηθίζουν πάντα την πήρε.');
INSERT INTO patient (AMKA, first_name, middle_name, last_name, date_of_birth, sex, weight, height, street_name, street_number, postal_code, area, municipality, prefecture,  profession, citizenship, triage_id) VALUES ('1009932361','Ασπασία',NULL,'Δανδανίδου','1993-09-10','other','71.5','103.34','Ασωμάτου','57','03386','Έδεσσα','Κοζάνη','Γρεβενά','Τεχνικός Εργαλειομηχανών','Βατικανό','None');
INSERT INTO patient_email (AMKA, phone_number) VALUES ('1009932361', 'patelli.metaxia@example.net');
INSERT INTO patient_email (AMKA, phone_number) VALUES ('1009932361', 'achilleia.akriotis@example.com');
INSERT INTO patient_phone (AMKA, phone_number) VALUES ('1009932361', '(+30) 6993 627738');
INSERT INTO patient_phone (AMKA, phone_number) VALUES ('1009932361', '(+30) 2535 578605');
INSERT INTO patient_phone (AMKA, phone_number) VALUES ('1009932361', '6941 679 967');
INSERT INTO triage (level, symptoms) VALUES ('4', 'Δημιουργια επί εφαμοργής δύο. Τύπους όταν μάλλον χαρακτηριστικών μας. Πάντα προσπαθούν ήδη λοιπόν εκδόσεις τη έχω προσπαθήσεις.');
INSERT INTO patient (AMKA, first_name, middle_name, last_name, date_of_birth, sex, weight, height, street_name, street_number, postal_code, area, municipality, prefecture,  profession, citizenship, triage_id) VALUES ('1506632784','Ευδοξία','Ρωμανός','Τρεντσίου','1963-06-15','female','108.62','110.76','Πάροδος Ελευθερίου-Κορδελιού','92','ΤΚ 62234','Κιλκίς','Καβάλα','Φλώρινα','Ειδικός Γεωγραφικών Πληροφοριακών Συστημάτων','Γκάμπια','None');
INSERT INTO patient_email (AMKA, phone_number) VALUES ('1506632784', 'spyranna00@example.org');
INSERT INTO patient_email (AMKA, phone_number) VALUES ('1506632784', 'ugrammatikopoulos@example.net');
INSERT INTO patient_phone (AMKA, phone_number) VALUES ('1506632784', '6972 939210');
INSERT INTO triage (level, symptoms) VALUES ('2', 'Ο στις πήρε μετράει πιο μέχρι. Διακοπής τρέξει τελειώσει ευκολότερο μη χρειάζονται. Γνωστή τους τους μέρος τι βαθμό μιας.');
INSERT INTO patient (AMKA, first_name, middle_name, last_name, date_of_birth, sex, weight, height, street_name, street_number, postal_code, area, municipality, prefecture,  profession, citizenship, triage_id) VALUES ('2407894508','Ζηνόβιος',NULL,'Παπατρέχας','1989-07-24','other','97.91','67.36','Κεφαλή','107','38151','Ιωάννινα','Πάτρα','Έβρος','Ταμίας','Άγιος Μαρτίνος (Γαλλικό Κομμάτι)','None');
INSERT INTO patient_email (AMKA, phone_number) VALUES ('2407894508', 'prodromos.kapournioti@example.com');
INSERT INTO patient_email (AMKA, phone_number) VALUES ('2407894508', 'mpakostergiou.flora@example.net');
INSERT INTO patient_phone (AMKA, phone_number) VALUES ('2407894508', '+30 2171 531543');
INSERT INTO patient_phone (AMKA, phone_number) VALUES ('2407894508', '6960 366143');
INSERT INTO patient_phone (AMKA, phone_number) VALUES ('2407894508', '2880 627 864');
INSERT INTO triage (level, symptoms) VALUES ('3', 'Υπηρεσία λοιπόν ανώδυνη εδώ εργαζόμενων. Γραφικά χρησιμοποίησέ έχω υποψήφιο δεν όταν πήρε.');
INSERT INTO patient (AMKA, first_name, middle_name, last_name, date_of_birth, sex, weight, height, street_name, street_number, postal_code, area, municipality, prefecture,  profession, citizenship, triage_id) VALUES ('2010587982','Κωνσταντίνος',NULL,'Σαουλίδης','1958-10-20','other','130.67','102.07','Λεωφ. Ομορφοχωρίου','16','ΤΚ 555 81','Ιωάννινα','Μυτιλήνη','Λασσίθι','Ιατροδικαστής','Γκαμπόν','None');
INSERT INTO patient_email (AMKA, phone_number) VALUES ('2010587982', 'mpatsaki.eleutheria@example.org');
INSERT INTO patient_email (AMKA, phone_number) VALUES ('2010587982', 'ykachrimanidi@example.com');
INSERT INTO patient_phone (AMKA, phone_number) VALUES ('2010587982', '+302522316297');
INSERT INTO triage (level, symptoms) VALUES ('1', 'Πιο λέει πάντα ένας έτοιμος. Με εκείνου νιρβάνα τα σε κι. Απαράδεκτη γνωστή υόρκη πιο χαμηλός.
Κόλπα διαφήμιση εργαζόμενοι αγοράζοντας που σταματάς με.');
INSERT INTO patient (AMKA, first_name, middle_name, last_name, date_of_birth, sex, weight, height, street_name, street_number, postal_code, area, municipality, prefecture,  profession, citizenship, triage_id) VALUES ('1305257232','Απολλωνία',NULL,'Τσαπραλής','2025-05-13','other','91.88','81.6','Λεωφόρος Παμφίλων','115','ΤΚ 19093','Ηγουμενίτσα','Χίος','Πέλλα','Χειρούργος','Νήσος Μπουβέ','None');
INSERT INTO patient_email (AMKA, phone_number) VALUES ('1305257232', 'taxiarchos.christaras@example.net');
INSERT INTO patient_email (AMKA, phone_number) VALUES ('1305257232', 'zacharias.axiotis@example.com');
INSERT INTO patient_phone (AMKA, phone_number) VALUES ('1305257232', '6924 788354');
INSERT INTO triage (level, symptoms) VALUES ('2', 'Σημαντικός υπηρεσία μετράει αρπάζεις. Παραγωγικής και όσο διευθυντές οι αρχεία.');
INSERT INTO patient (AMKA, first_name, middle_name, last_name, date_of_birth, sex, weight, height, street_name, street_number, postal_code, area, municipality, prefecture,  profession, citizenship, triage_id) VALUES ('1205936087','Μαργιέττα',NULL,'Τσαπραλής','1993-05-12','male','70.48','109.9','Βοσινάκη','80','91601','Πρέβεζα','Σάμος','Λευκάδα','Διαχειριστής Ακίνητης Περιουσίας','Ναουρού','None');
INSERT INTO patient_email (AMKA, phone_number) VALUES ('1205936087', 'serafeim.psyrri@example.net');
INSERT INTO patient_phone (AMKA, phone_number) VALUES ('1205936087', '23580 60 716');
INSERT INTO triage (level, symptoms) VALUES ('3', 'Πες δε εργοστασίου ανά απλό τι. Χαρτιού βιαστικά ύψος στέλνοντάς ήδη.
Να πλέον σκεφτείς τα. Και δύο άρα πάντα συνηθίζουν εξαρτάται ίδιο.');
INSERT INTO patient (AMKA, first_name, middle_name, last_name, date_of_birth, sex, weight, height, street_name, street_number, postal_code, area, municipality, prefecture,  profession, citizenship, triage_id) VALUES ('3108731582','Μαγδαληνός',NULL,'Βαβάση','1973-08-31','other','149.79','94.48','Σκανδαλίου','32','ΤΚ 951 20','Αργοστόλι','Ζάκυνθος','Σάμος','Στέλεχος Μικρομεσαίων Επιχειρήσεων','Τσαντ','None');
INSERT INTO patient_email (AMKA, phone_number) VALUES ('3108731582', 'jiosifidis@example.net');
INSERT INTO patient_email (AMKA, phone_number) VALUES ('3108731582', 'chari.poulimenos@example.com');
INSERT INTO patient_phone (AMKA, phone_number) VALUES ('3108731582', '2101175722');
INSERT INTO triage (level, symptoms) VALUES ('2', 'Σταματάς δε όχι ανά. Καταλάθος για εκείνου έτσι. Από διαδίκτυο δε ότι χαρτιού. Για γειτονιάς δοκιμάσεις λοιπόν επί φακέλους εργαζόμενων.');
INSERT INTO patient (AMKA, first_name, middle_name, last_name, date_of_birth, sex, weight, height, street_name, street_number, postal_code, area, municipality, prefecture,  profession, citizenship, triage_id) VALUES ('1901086962','Θεόκλεια',NULL,'Φασουλίδου','2008-01-19','other','56.72','51.21','Μπραέσα','4','32099','Άμφισσα','Μυτιλήνη','Ημαθία','Δικαστικός Επιμελητής','Ομάν','None');
INSERT INTO patient_email (AMKA, phone_number) VALUES ('1901086962', 'roumpini28@example.net');
INSERT INTO patient_phone (AMKA, phone_number) VALUES ('1901086962', '+30 6982 795625');
INSERT INTO patient_phone (AMKA, phone_number) VALUES ('1901086962', '6965147562');
INSERT INTO triage (level, symptoms) VALUES ('4', 'Μάλλον δεν συγχωνευτεί ωραίο για. Το πλέον θέματα εκείνου ένα. Ανταγωνιστής ο σας έτοιμος ώρα χρόνου μεταφραστής. Άτομο άρα σημαντικός ευκολότερο ένα απλό.');
INSERT INTO patient (AMKA, first_name, middle_name, last_name, date_of_birth, sex, weight, height, street_name, street_number, postal_code, area, municipality, prefecture,  profession, citizenship, triage_id) VALUES ('2008016740','Ιάσων','Πραξιτέλης','Νατσουλή','2001-08-20','male','80.83','78.18','Καστορείου','129','ΤΚ 931 29','Ηγουμενίτσα','Σπάρτη','Θεσπρωτία','Ιερέας','Ρουμανία','None');
INSERT INTO patient_email (AMKA, phone_number) VALUES ('2008016740', 'foteini49@example.net');
INSERT INTO patient_phone (AMKA, phone_number) VALUES ('2008016740', '2773005692');
INSERT INTO triage (level, symptoms) VALUES ('5', 'Του πάντως τρόπο τεκμηριώνει αυτήν εκτελέσεις της καταλάθος. Την σε διοικητικό διάβασε δίνοντας σαν συγγραφείς. Παράδειγμα χώρου χαμηλός.');
INSERT INTO patient (AMKA, first_name, middle_name, last_name, date_of_birth, sex, weight, height, street_name, street_number, postal_code, area, municipality, prefecture,  profession, citizenship, triage_id) VALUES ('2109699443','Ελισσαίος','Διαμαντής','Σταθόπουλος','1969-09-21','male','62.29','65.44','Στόλου','137','74003','Λευκάδα','Βέροια','Λασσίθι','Μηχανικός Εμπορικού Ναυτικού','Ιαπωνία','None');
INSERT INTO patient_email (AMKA, phone_number) VALUES ('2109699443', 'ifigeneia.skarpetas@example.org');
INSERT INTO patient_phone (AMKA, phone_number) VALUES ('2109699443', '(+30) 6933 667443');
INSERT INTO patient_phone (AMKA, phone_number) VALUES ('2109699443', '6953203957');
INSERT INTO triage (level, symptoms) VALUES ('2', 'Νέων άρα συνάδελφος υποψήφιο πάρα. Ατόμου το ζητήσεις κόψεις τον.');
INSERT INTO patient (AMKA, first_name, middle_name, last_name, date_of_birth, sex, weight, height, street_name, street_number, postal_code, area, municipality, prefecture,  profession, citizenship, triage_id) VALUES ('2901243442','Πουλχερία',NULL,'Γραμματικόπουλος','2024-01-29','other','146.4','98.1','Λεωφόρος Καστανώνος Ζαγορίου','55','ΤΚ 970 04','Ρέθυμνο','Αθήνα','Λακωνία','Ακτινοδιαγνώστης','Γουιάνα','None');
INSERT INTO patient_email (AMKA, phone_number) VALUES ('2901243442', 'femmanouil@example.net');
INSERT INTO patient_phone (AMKA, phone_number) VALUES ('2901243442', '6997 648738');
INSERT INTO patient_phone (AMKA, phone_number) VALUES ('2901243442', '6919258981');
INSERT INTO triage (level, symptoms) VALUES ('5', 'Ένας άρα ο δυστυχώς σίγουρος επιδιορθώσεις προκαλείς. Κάτι διορθώσεις εκτελείται διολισθήσεις προσοχή νέου ερωτήσεις. Θέματα έστελνε συνεντεύξεις γραμμή λαμβάνουν προσθέσει ζητήσεις.');
INSERT INTO patient (AMKA, first_name, middle_name, last_name, date_of_birth, sex, weight, height, street_name, street_number, postal_code, area, municipality, prefecture,  profession, citizenship, triage_id) VALUES ('0312807182','Πούλια',NULL,'Σαρρός','1980-12-03','male','121.75','73.17','Χριστοφόρη','10','23804','Αλεξανδρούπολη','Αλεξανδρούπολη','Έβρος','Επικοινωνιολόγος','Αρούμπα','None');
INSERT INTO patient_email (AMKA, phone_number) VALUES ('0312807182', 'eleutheriou.semina@example.org');
INSERT INTO patient_phone (AMKA, phone_number) VALUES ('0312807182', '210 1880528');
INSERT INTO triage (level, symptoms) VALUES ('5', 'Απαραίτητο ήδη της πάντα κάτι. Κάτι μάτσο εντολές βασανίζουν προσπαθήσεις φράση νέο.
Ώρα ερώτηση κρατάει προκύπτουν εφαρμογή μη κι.');
INSERT INTO patient (AMKA, first_name, middle_name, last_name, date_of_birth, sex, weight, height, street_name, street_number, postal_code, area, municipality, prefecture,  profession, citizenship, triage_id) VALUES ('0810569466','Βλαδίμηρος',NULL,'Κουμάρα','1956-10-08','other','72.13','93.7','Πάρ. Καταβόθρας','7','ΤΚ 558 91','Καρδίτσα','Κατερίνη','Εύβοια','Κλόουν - Γελοτοποιός','Ισημερινός','None');
INSERT INTO patient_email (AMKA, phone_number) VALUES ('0810569466', 'anagnostis29@example.org');
INSERT INTO patient_email (AMKA, phone_number) VALUES ('0810569466', 'isaak.sakellariou@example.com');
INSERT INTO patient_phone (AMKA, phone_number) VALUES ('0810569466', '2920 570051');
INSERT INTO patient_phone (AMKA, phone_number) VALUES ('0810569466', '6958 062237');
INSERT INTO triage (level, symptoms) VALUES ('4', 'Ένας μου των ύψος.
Μιας δεν επί σημαντικό δύο έξι. Ανά προγραμματιστές πάρα μου. Γραμμές σταματάς πολύ έτοιμος κρατήσουν χάος.');
INSERT INTO patient (AMKA, first_name, middle_name, last_name, date_of_birth, sex, weight, height, street_name, street_number, postal_code, area, municipality, prefecture,  profession, citizenship, triage_id) VALUES ('1912923980','Πασχαλιά',NULL,'Νάστος','1992-12-19','other','134.15','100.85','Αρεθούσης','115','53118','Πύργος','Πύργος','Λακωνία','Αξιωματικός Σωμάτων Ενόπλων Δυνάμεων','Κομόρες','None');
INSERT INTO patient_email (AMKA, phone_number) VALUES ('1912923980', 'jtaxidou@example.net');
INSERT INTO patient_phone (AMKA, phone_number) VALUES ('1912923980', '2290041844');
INSERT INTO patient_phone (AMKA, phone_number) VALUES ('1912923980', '2101027413');
INSERT INTO triage (level, symptoms) VALUES ('1', 'Τη συνεχώς μάτσο και περισσότερες ειδικά δύο. Καταλάθος δεν τους για. Μπουν πλέον δείξει παραδοτέου εκτελείται πιο ανά.');
INSERT INTO patient (AMKA, first_name, middle_name, last_name, date_of_birth, sex, weight, height, street_name, street_number, postal_code, area, municipality, prefecture,  profession, citizenship, triage_id) VALUES ('2108613024','Αφροδίτη',NULL,'Μασόπουλος','1961-08-21','other','76.54','127.39','Χουμεριάκου','59','188 66','Καλαμάτα','Πύργος','Ρέθυμνο','Τηλεπαρουσιαστής','Μολδαβία','None');
INSERT INTO patient_email (AMKA, phone_number) VALUES ('2108613024', 'vspanoudakis@example.net');
INSERT INTO patient_phone (AMKA, phone_number) VALUES ('2108613024', '6978269035');
INSERT INTO triage (level, symptoms) VALUES ('5', 'Χαρτιού δημιουργείς ύψος συγχωνευτεί και. Προσπαθήσεις δίνοντας κρατήσουν μα συνηθίζουν πολύ συνεντεύξεις. Παίξουν δύο σε εργαζόμενοι έξι.');
INSERT INTO patient (AMKA, first_name, middle_name, last_name, date_of_birth, sex, weight, height, street_name, street_number, postal_code, area, municipality, prefecture,  profession, citizenship, triage_id) VALUES ('1606444802','Ιγνατία','Γκόλφω','Ποταμιάνου','1944-06-16','other','106.9','120.82','Μαρωνίας','105','ΤΚ 29865','Καρδίτσα','Κέρκυρα','Πρέβεζα','Ειδικός Γεωγραφικών Πληροφοριακών Συστημάτων','Βενεζουέλα','None');
INSERT INTO patient_email (AMKA, phone_number) VALUES ('1606444802', 'savvoula56@example.net');
INSERT INTO patient_email (AMKA, phone_number) VALUES ('1606444802', 'rodia89@example.org');
INSERT INTO patient_phone (AMKA, phone_number) VALUES ('1606444802', '(+30) 6900 194980');
INSERT INTO patient_phone (AMKA, phone_number) VALUES ('1606444802', '210 0530523');
INSERT INTO triage (level, symptoms) VALUES ('4', 'Ανεπιθύμητη μηχανής χρόνου πιο γιαυτό λετπά πάντα από. Υψηλότερη δεδομένων εδώ κοιτάζοντας φακέλους. Σημεία κοιτάζοντας τρόποι βασανίζουν στήλες όταν ένας.');
INSERT INTO patient (AMKA, first_name, middle_name, last_name, date_of_birth, sex, weight, height, street_name, street_number, postal_code, area, municipality, prefecture,  profession, citizenship, triage_id) VALUES ('2601625413','Θεοφύλακτη',NULL,'Κελλάρης','1962-01-26','other','80.39','129.13','Τσαμπαλή','180','ΤΚ 75207','Τρίκαλα','Κέρκυρα','Λέσβος','Ναυαγοσώστης','Κύπρος','None');
INSERT INTO patient_email (AMKA, phone_number) VALUES ('2601625413', 'tmpafiti@example.com');
INSERT INTO patient_email (AMKA, phone_number) VALUES ('2601625413', 'tzouvelis.agisilaos@example.com');
INSERT INTO patient_phone (AMKA, phone_number) VALUES ('2601625413', '210 896 7060');
INSERT INTO patient_phone (AMKA, phone_number) VALUES ('2601625413', '+306991253070');
INSERT INTO patient_phone (AMKA, phone_number) VALUES ('2601625413', '(+30) 6903 769855');
INSERT INTO triage (level, symptoms) VALUES ('1', 'Δεδομένων νέου μην διαχειριστής τι χρησιμοποιούνταν. Επί μου ανά μέχρι. Ρωτήσει έχω εφαρμογής χειρότερα γεγονός.
Προκύπτουν δυστυχής ιδιαίτερα εκδόσεις. Τα τον ορίστε γεγονός μια ζητήσεις εδώ.');
INSERT INTO patient (AMKA, first_name, middle_name, last_name, date_of_birth, sex, weight, height, street_name, street_number, postal_code, area, municipality, prefecture,  profession, citizenship, triage_id) VALUES ('2905701100','Ερασμία','Θέμις','Χουδαλάκης','1970-05-29','female','122.75','94.61','Γλυφάδας','129','53851','Καστοριά','Ρόδος','Θεσπρωτία','Ειδικός Εκπαίδευσης Ενηλίκων','Ιταλία','None');
INSERT INTO patient_email (AMKA, phone_number) VALUES ('2905701100', 'xenofon.skordakis@example.com');
INSERT INTO patient_phone (AMKA, phone_number) VALUES ('2905701100', '+302233814018');
INSERT INTO triage (level, symptoms) VALUES ('1', 'Μου εγώ είχαμε παραγωγικής υόρκη μας. Τι σημαντικός αυτός ο κάτι. Εκτελείται βαθμό εργάστηκε περιμένουν πάντως ροή.
Φακέλους μέχρι ας γραμμή δύο. Γνωστή οι ορίστε χρησιμοποιώντας.');
INSERT INTO patient (AMKA, first_name, middle_name, last_name, date_of_birth, sex, weight, height, street_name, street_number, postal_code, area, municipality, prefecture,  profession, citizenship, triage_id) VALUES ('2110576433','Χριστόφιλη',NULL,'Μπαφέρα','1957-10-21','female','137.92','122.28','Πάρ. Ξηροστερνίου','152','77980','Κιλκίς','Ζάκυνθος','Έβρος','Τραγουδιστής','Πουέρτο Ρίκο','None');
INSERT INTO patient_email (AMKA, phone_number) VALUES ('2110576433', 'tdamatopoulou@example.org');
INSERT INTO patient_phone (AMKA, phone_number) VALUES ('2110576433', '2770 799 023');
INSERT INTO patient_phone (AMKA, phone_number) VALUES ('2110576433', '6949249104');
INSERT INTO triage (level, symptoms) VALUES ('3', 'Περισσότερες αρχεία σχεδιαστής χαμηλός. Τους σε αντιλήφθηκαν ένας χρονοδιαγράμματος.
Γραμμή την παίρνει γνωστή.');
INSERT INTO patient (AMKA, first_name, middle_name, last_name, date_of_birth, sex, weight, height, street_name, street_number, postal_code, area, municipality, prefecture,  profession, citizenship, triage_id) VALUES ('2009978873','Αυγουστίνα',NULL,'Κεχαγιάς','1997-09-20','other','51.48','54.93','Παυλή','126','99522','Κατερίνη','Χίος','Τρίκαλα','Νηπιαγωγός','Τουρκία','None');
INSERT INTO patient_email (AMKA, phone_number) VALUES ('2009978873', 'theologos83@example.org');
INSERT INTO patient_phone (AMKA, phone_number) VALUES ('2009978873', '+302694385085');
INSERT INTO triage (level, symptoms) VALUES ('5', 'Ένας αγοράζοντας μιας ύψος ήδη κάτι εξαρτάται. Αναφέρονται πολύ μαγικά.
Κάνεις σε κανένας της απαραίτητο. Νέου άρα ναι πως εσωτερικών ξέχασε ένας.');
INSERT INTO patient (AMKA, first_name, middle_name, last_name, date_of_birth, sex, weight, height, street_name, street_number, postal_code, area, municipality, prefecture,  profession, citizenship, triage_id) VALUES ('2408038543','Ευστρατία',NULL,'Βοσινάκη','2003-08-24','female','87.04','98.35','Πάρ. Δομίρου','88','28787','Σπάρτη','Αγ. Νικόλαος','Κορινθία','Ιστορικός Τέχνης','Ιορδανία','None');
INSERT INTO patient_email (AMKA, phone_number) VALUES ('2408038543', 'ntsiamitas@example.com');
INSERT INTO patient_email (AMKA, phone_number) VALUES ('2408038543', 'fdamilou@example.org');
INSERT INTO patient_phone (AMKA, phone_number) VALUES ('2408038543', '20090 40 646');
INSERT INTO patient_phone (AMKA, phone_number) VALUES ('2408038543', '2449081693');
INSERT INTO triage (level, symptoms) VALUES ('5', 'Δημιουργείς σίγουρος δημιουργείς σας μπορούσες. Της πόρτες αποφάσισε πάντα. Ανεπιθύμητη δυστυχώς ειδικά πάντα δε πάντως ο.');
INSERT INTO patient (AMKA, first_name, middle_name, last_name, date_of_birth, sex, weight, height, street_name, street_number, postal_code, area, municipality, prefecture,  profession, citizenship, triage_id) VALUES ('2511720625','Λεωνιδιά',NULL,'Νατσουλή','1972-11-25','other','142.84','188.48','Πλ. Κεραμίου','124','ΤΚ 707 37','Λευκάδα','Ιωάννινα','Κιλκίς','Εκπαιδευτής Ζώων','Μπαγκλαντές','None');
INSERT INTO patient_email (AMKA, phone_number) VALUES ('2511720625', 'nektarios.temourtzidis@example.org');
INSERT INTO patient_phone (AMKA, phone_number) VALUES ('2511720625', '6991462973');
INSERT INTO patient_phone (AMKA, phone_number) VALUES ('2511720625', '2670 744869');
INSERT INTO triage (level, symptoms) VALUES ('3', 'Παίρνει βιαστικά καλύτερο μην φράση κλπ. Λίγο πάντα φίλος παραδοτέου ρωτάει πολύ συγγραφείς αποδείξεις. Μέσης λαμβάνουν πάντως κάτι.');
INSERT INTO patient (AMKA, first_name, middle_name, last_name, date_of_birth, sex, weight, height, street_name, street_number, postal_code, area, municipality, prefecture,  profession, citizenship, triage_id) VALUES ('2306479600','Κυριακή','Υακίνθη','Αετόπουλος','1947-06-23','female','98.79','176.5','Οικονόμου','197','946 41','Αλεξανδρούπολη','Έδεσσα','Ιωάννινα','Αρτοποιός','Μαρτινίκη','None');
INSERT INTO patient_email (AMKA, phone_number) VALUES ('2306479600', 'xkolkas@example.org');
INSERT INTO patient_phone (AMKA, phone_number) VALUES ('2306479600', '6913793619');
INSERT INTO patient_phone (AMKA, phone_number) VALUES ('2306479600', '+30 2162 662051');
INSERT INTO triage (level, symptoms) VALUES ('5', 'Θέματα άρθρων τον άλγεβρα μεταφραστής έστειλε. Μα συνέχεια από συνάδελφος τις παραπάνω χώρου.
Φακέλους αυτήν πετάνε πάντα προβληματική σπίτι πάντως. Ένας εκτελείται πάντως.');
INSERT INTO patient (AMKA, first_name, middle_name, last_name, date_of_birth, sex, weight, height, street_name, street_number, postal_code, area, municipality, prefecture,  profession, citizenship, triage_id) VALUES ('1106697015','Όμηρος',NULL,'Κονιδάρης','1969-06-11','male','131.69','118.32','Χλομού','112','39071','Χανιά','Αγ. Νικόλαος','Καβάλα','Ηλεκτρολόγος','Καναδάς','None');
INSERT INTO patient_email (AMKA, phone_number) VALUES ('1106697015', 'theodoti.michalarou@example.com');
INSERT INTO patient_email (AMKA, phone_number) VALUES ('1106697015', 'agathi39@example.net');
INSERT INTO patient_phone (AMKA, phone_number) VALUES ('1106697015', '+30 2023 253153');
INSERT INTO triage (level, symptoms) VALUES ('4', 'Βουτήξουν παραδοτέου εφαρμογή καλύτερο μέχρι νιρβάνα ροή.
Κύκλο εκτός θυμάμαι νέων να προσοχή εργαλείων. Χρονοδιαγράμματα ήδη χαρακτηριστικό υπηρεσία άπειρα.');
INSERT INTO patient (AMKA, first_name, middle_name, last_name, date_of_birth, sex, weight, height, street_name, street_number, postal_code, area, municipality, prefecture,  profession, citizenship, triage_id) VALUES ('0801018593','Γαβριήλ','Ευδοξία','Καζανόπουλος','2001-01-08','male','50.45','130.44','Αγία Παρασκευή','137','14832','Κέρκυρα','Αθήνα','Κορινθία','Ιεροψάλτης','Αφγανιστάν','None');
INSERT INTO patient_email (AMKA, phone_number) VALUES ('0801018593', 'eurykleia80@example.org');
INSERT INTO patient_phone (AMKA, phone_number) VALUES ('0801018593', '6980 325926');
INSERT INTO patient_phone (AMKA, phone_number) VALUES ('0801018593', '2280 755537');
INSERT INTO patient_phone (AMKA, phone_number) VALUES ('0801018593', '2104221517');
INSERT INTO triage (level, symptoms) VALUES ('5', 'Επεξεργασία θυμάμαι που επιχείριση βιβλίο. Ανεπιθύμητη έστειλε κάτι.
Σπίτι πακέτων όχι. Διακοπής έγραψες κανένας. Δυστυχώς κάτι επενδυτής χρησιμοποιούσες γραμμές και κώδικάς.');
INSERT INTO patient (AMKA, first_name, middle_name, last_name, date_of_birth, sex, weight, height, street_name, street_number, postal_code, area, municipality, prefecture,  profession, citizenship, triage_id) VALUES ('2612578080','Κυριαζής',NULL,'Μίχος','1957-12-26','male','122.53','114.75','Αγριακόνας','94','25186','Χαλκίδα','Ρέθυμνο','Καρδίτσα','Ιερέας','Αμερικανικές Παρθένοι Νήσοι','None');
INSERT INTO patient_email (AMKA, phone_number) VALUES ('2612578080', 'anargyri.dosis@example.net');
INSERT INTO patient_phone (AMKA, phone_number) VALUES ('2612578080', '6913 147263');
INSERT INTO triage (level, symptoms) VALUES ('2', 'Αναγκάζονται εκτός τοπικές στη δε προσπαθήσεις. Δούλευε χρησιμοποίησέ μέσης θυμάμαι σταματάς μέχρι μη. Ότι σημαντικό μηχανής υπηρεσία.');
INSERT INTO patient (AMKA, first_name, middle_name, last_name, date_of_birth, sex, weight, height, street_name, street_number, postal_code, area, municipality, prefecture,  profession, citizenship, triage_id) VALUES ('2406818433','Αφέντης',NULL,'Παπαθεοδοσίου','1981-06-24','male','125.09','111.19','Καλαμιτσίου Αμυγδαλίου','52','92478','Σπάρτη','Χαλκίδα','Αττική','Ψυχίατρος','Μπαχάμες','None');
INSERT INTO patient_email (AMKA, phone_number) VALUES ('2406818433', 'mauropoulou.kleomenis@example.net');
INSERT INTO patient_email (AMKA, phone_number) VALUES ('2406818433', 'augoustina.tziotzis@example.com');
INSERT INTO patient_phone (AMKA, phone_number) VALUES ('2406818433', '6988 082 313');
INSERT INTO triage (level, symptoms) VALUES ('2', 'Δύο σου σκεφτείς διακόψουμε. Έχω ότι παίξουν μην κι αυτήν σαν.');
INSERT INTO patient (AMKA, first_name, middle_name, last_name, date_of_birth, sex, weight, height, street_name, street_number, postal_code, area, municipality, prefecture,  profession, citizenship, triage_id) VALUES ('0708019917','Χρυσοβαλάντιος',NULL,'Πουλίδα','2001-08-07','other','124.27','152.24','Μαλαντρενίου','115','49839','Κατερίνη','Χαλκίδα','Άρτα','Τυπογράφος','Γαλλική Πολυνησία','None');
INSERT INTO patient_email (AMKA, phone_number) VALUES ('0708019917', 'pappas.ioanna@example.net');
INSERT INTO patient_email (AMKA, phone_number) VALUES ('0708019917', 'melpomeni.moschopoulos@example.com');
INSERT INTO patient_phone (AMKA, phone_number) VALUES ('0708019917', '2720 912 908');
INSERT INTO patient_phone (AMKA, phone_number) VALUES ('0708019917', '+306941715743');
INSERT INTO patient_phone (AMKA, phone_number) VALUES ('0708019917', '+306940369290');
INSERT INTO triage (level, symptoms) VALUES ('4', 'Πετάξαμε εφαρμογή πολύ ευκολότερο ιδιαίτερα εργασίας προκύπτουν λαμβάνουν. Εδώ μιας κανόνα ατόμου τα εγώ.');
INSERT INTO patient (AMKA, first_name, middle_name, last_name, date_of_birth, sex, weight, height, street_name, street_number, postal_code, area, municipality, prefecture,  profession, citizenship, triage_id) VALUES ('2905989988','Περσεφόνη','Μίνωας','Γιαννακέας','1998-05-29','male','137.72','134.07','Δανακού','137','ΤΚ 72509','Αργοστόλι','Πάτρα','Σέρρες','Τεχνικός Επεξεργασίας Γάλακτος','Αμερικανικές Παρθένοι Νήσοι','None');
INSERT INTO patient_email (AMKA, phone_number) VALUES ('2905989988', 'ploutarchos.siomos@example.org');
INSERT INTO patient_email (AMKA, phone_number) VALUES ('2905989988', 'gkioses@example.org');
INSERT INTO patient_phone (AMKA, phone_number) VALUES ('2905989988', '(+30) 2167 721887');
INSERT INTO patient_phone (AMKA, phone_number) VALUES ('2905989988', '+306900002369');
INSERT INTO patient_phone (AMKA, phone_number) VALUES ('2905989988', '210 5081990');
INSERT INTO triage (level, symptoms) VALUES ('1', 'Αυτός κλπ αποστηθίσει μάλλον γνωρίζουμε. Εκτός επί σημεία εκτός. Ότι αυτήν έστειλε σημαντικό αρέσει σαν κι.
Πολύ αρπάζεις απίστευτα υόρκη. Της σκεφτείς κλπ προγραμματιστές πετάνε.');
INSERT INTO patient (AMKA, first_name, middle_name, last_name, date_of_birth, sex, weight, height, street_name, street_number, postal_code, area, municipality, prefecture,  profession, citizenship, triage_id) VALUES ('1703783686','Κωνσταντία',NULL,'Φωτογλίδης','1978-03-17','female','120.93','96.09','Νεράιδας','187','498 91','Τρίπολη','Ηράκλειο','Φθιώτιδα','Διπλωμάτης','Ρουάντα','None');
INSERT INTO patient_email (AMKA, phone_number) VALUES ('1703783686', 'sevastou.aristea@example.org');
INSERT INTO patient_phone (AMKA, phone_number) VALUES ('1703783686', '+302503236180');
INSERT INTO triage (level, symptoms) VALUES ('5', 'Επιστρέφουν ακούσει νιρβάνα διαφήμιση διοικητικό πολύ πιο. Αποκλειστικούς πηγαίου συγκεντρωμένοι σου ότι όταν σου δείξει. Δημιουργήσεις κάτι την αντιλήφθηκαν έχω.');
INSERT INTO patient (AMKA, first_name, middle_name, last_name, date_of_birth, sex, weight, height, street_name, street_number, postal_code, area, municipality, prefecture,  profession, citizenship, triage_id) VALUES ('3108433042','Ποθητή','Σοφοκλής','Κουτκιά','1943-08-31','other','118.36','117.62','Πάροδος Παναγιούδας','148','ΤΚ 30668','Ρέθυμνο','Καρδίτσα','Μαγνησία','Προπονητής Πετοσφαίρισης','Βατικανό','None');
INSERT INTO patient_email (AMKA, phone_number) VALUES ('3108433042', 'papadimitropoulou.erieta@example.net');
INSERT INTO patient_email (AMKA, phone_number) VALUES ('3108433042', 'athanasios42@example.org');
INSERT INTO patient_phone (AMKA, phone_number) VALUES ('3108433042', '(+30) 2053 283836');
INSERT INTO patient_phone (AMKA, phone_number) VALUES ('3108433042', '2390 415 828');
INSERT INTO triage (level, symptoms) VALUES ('2', 'Πολύ πετούν εργαζόμενοι διάσημα. Ρωτήσει λοιπόν μεταγλωτιστής χρησιμοποιούνταν χαρακτηριστικό ίδιο απαράδεκτη. Πάντως άτομο γνωρίζουμε διοικητικό εφαρμογής πετούν ζητήσεις πόρτες.');
INSERT INTO patient (AMKA, first_name, middle_name, last_name, date_of_birth, sex, weight, height, street_name, street_number, postal_code, area, municipality, prefecture,  profession, citizenship, triage_id) VALUES ('0303932949','Κλαίρη','Θεμιστόκλεια','Περρώτης','1993-03-03','female','65.19','69.17','Σταυρακίων','147','50236','Λαμία','Σέρρες','Εύβοια','Ειδικός Ξενοδοχειακών Υπηρεσιών και Τροφοδοσίας','Άγιος Μαρίνος','None');
INSERT INTO patient_email (AMKA, phone_number) VALUES ('0303932949', 'moros.laertis@example.com');
INSERT INTO patient_email (AMKA, phone_number) VALUES ('0303932949', 'iakovina.karatasou@example.net');
INSERT INTO patient_phone (AMKA, phone_number) VALUES ('0303932949', '+306999876575');
INSERT INTO patient_phone (AMKA, phone_number) VALUES ('0303932949', '+306913107240');
INSERT INTO patient_phone (AMKA, phone_number) VALUES ('0303932949', '+30 2798 744840');
INSERT INTO triage (level, symptoms) VALUES ('5', 'Εκείνου κλπ τη δυστυχώς. Του τελειώσει προϊόντα έλεγχος. Ήδη συγγραφείς εκθέσεις νέων δε δύο βγήκε βιβλίο.');
INSERT INTO patient (AMKA, first_name, middle_name, last_name, date_of_birth, sex, weight, height, street_name, street_number, postal_code, area, municipality, prefecture,  profession, citizenship, triage_id) VALUES ('0806962732','Χαρά',NULL,'Αντωνάκος','1996-06-08','male','103.17','188.96','Ανανιάδου','191','12896','Καρπενήσι','Χανιά','Φλώρινα','Στέλεχος Υπηρεσιών Ασφαλείας','Κατάρ','None');
INSERT INTO patient_email (AMKA, phone_number) VALUES ('0806962732', 'anastasia.tsiantas@example.org');
INSERT INTO patient_phone (AMKA, phone_number) VALUES ('0806962732', '2102651159');
INSERT INTO triage (level, symptoms) VALUES ('4', 'Προγραμματιστές χώρου κάτι ημέρα αθόρυβες προσλάμβανες. Νιρβάνα στα ας εξοργιστικά εδώ. Μεταγλωτίσει εξακολουθεί φράση γραμμή κι.');
INSERT INTO patient (AMKA, first_name, middle_name, last_name, date_of_birth, sex, weight, height, street_name, street_number, postal_code, area, municipality, prefecture,  profession, citizenship, triage_id) VALUES ('2410245097','Νικολίτσα',NULL,'Γερόπουλος','2024-10-24','male','64.52','175.67','Προφήτης Ηλίας','156','471 59','Αργοστόλι','Αθήνα','Γρεβενά','Αλουμινάς','Γαλλική Πολυνησία','None');
INSERT INTO patient_email (AMKA, phone_number) VALUES ('2410245097', 'intziavida@example.org');
INSERT INTO patient_phone (AMKA, phone_number) VALUES ('2410245097', '2928040173');
INSERT INTO patient_phone (AMKA, phone_number) VALUES ('2410245097', '210 121 3305');
INSERT INTO triage (level, symptoms) VALUES ('1', 'Προγραμματιστές τρόπο ξέχασε άρα επί διορθώσει πακέτων. Ταξινομεί δεν σας επεξεργασία ο. Σίγουρος σας ένα χρησιμοποιώντας εταιρείες.');
INSERT INTO patient (AMKA, first_name, middle_name, last_name, date_of_birth, sex, weight, height, street_name, street_number, postal_code, area, municipality, prefecture,  profession, citizenship, triage_id) VALUES ('1712904913','Αιμιλιανός',NULL,'Δρόσου','1990-12-17','female','132.82','91.58','Καλούδη','154','66009','Ρέθυμνο','Τρίκαλα','Δωδεκάνησσος','Ψυχολόγος','Εσθονία','None');
INSERT INTO patient_email (AMKA, phone_number) VALUES ('1712904913', 'cplakotaris@example.org');
INSERT INTO patient_email (AMKA, phone_number) VALUES ('1712904913', 'rodia97@example.net');
INSERT INTO patient_phone (AMKA, phone_number) VALUES ('1712904913', '+306966036807');
INSERT INTO patient_phone (AMKA, phone_number) VALUES ('1712904913', '210 219 8499');
INSERT INTO triage (level, symptoms) VALUES ('4', 'Συγχωνευτεί όσο δημιουργείς συνάδελφος σταματάς δοκιμάσεις διαφήμιση. Ναι ίδιο ότι διάσημα μέχρι που. Ας συνέχεια εκτός ναι μάτσο. Μα στα δίνοντας μην.
Χαρακτηριστικών ήδη έστειλε πηγαίου ως πλέον.');
INSERT INTO patient (AMKA, first_name, middle_name, last_name, date_of_birth, sex, weight, height, street_name, street_number, postal_code, area, municipality, prefecture,  profession, citizenship, triage_id) VALUES ('1806851171','Αγλαΐα',NULL,'Καρατζίκος','1985-06-18','other','68.97','175.93','Ντόβα','119','ΤΚ 89146','Ζάκυνθος','Άμφισσα','Ηλεία','Επιπλοποιός','Σουαζιλάνδη','None');
INSERT INTO patient_email (AMKA, phone_number) VALUES ('1806851171', 'lkatsilis@example.net');
INSERT INTO patient_email (AMKA, phone_number) VALUES ('1806851171', 'komninos.sarri@example.org');
INSERT INTO patient_phone (AMKA, phone_number) VALUES ('1806851171', '2450 899 026');
INSERT INTO patient_phone (AMKA, phone_number) VALUES ('1806851171', '6921 743 525');
INSERT INTO triage (level, symptoms) VALUES ('5', 'Νέο θέμα ώρα βιβλίο μια μου που. Δε αφήσεις άρθρων ναι αποδείξεις με παραπάνω καλύτερο.
Εξαρτάται ήδη εκτός πρώτοι λιγότερο καλύτερο. Περισσότερη προσοχή έχω όχι μέχρι.');
INSERT INTO patient (AMKA, first_name, middle_name, last_name, date_of_birth, sex, weight, height, street_name, street_number, postal_code, area, municipality, prefecture,  profession, citizenship, triage_id) VALUES ('1711216924','Γεωργία',NULL,'Ταβερναράκης','2021-11-17','female','94.55','151.34','Μιχαηλίδου','146','083 16','Πρέβεζα','Αγ. Νικόλαος','Λασσίθι','Τεχνικός Αρδεύσεων','Βρετανικές Παρθένοι Νήσοι','None');
INSERT INTO patient_email (AMKA, phone_number) VALUES ('1711216924', 'karadimos.ioulia@example.net');
INSERT INTO patient_phone (AMKA, phone_number) VALUES ('1711216924', '6910726876');
INSERT INTO patient_phone (AMKA, phone_number) VALUES ('1711216924', '(+30) 6942 889292');
INSERT INTO patient_phone (AMKA, phone_number) VALUES ('1711216924', '(+30) 2308 805631');
INSERT INTO triage (level, symptoms) VALUES ('4', 'Αρχεία μια του τι. Επί κάνε θέλεις επιστρέφουν διαχειριστής. Πάντως τον μετράει ανά καλύτερο σταματάς μέγιστη. Ροή διασφαλίζεται κόλπα μου.');
INSERT INTO patient (AMKA, first_name, middle_name, last_name, date_of_birth, sex, weight, height, street_name, street_number, postal_code, area, municipality, prefecture,  profession, citizenship, triage_id) VALUES ('2309766706','Τιμολέων',NULL,'Δημητριάδου','1976-09-23','female','115.6','145.44','Μπιμπίρη','103','496 60','Τρίπολη','Ηγουμενίτσα','Ηράκλειο','Πολιτικός Μηχανικός','Ουρουγουάη','None');
INSERT INTO patient_email (AMKA, phone_number) VALUES ('2309766706', 'chrysaugi10@example.com');
INSERT INTO patient_phone (AMKA, phone_number) VALUES ('2309766706', '2280 908 204');
INSERT INTO patient_phone (AMKA, phone_number) VALUES ('2309766706', '2360 363 094');
INSERT INTO triage (level, symptoms) VALUES ('1', 'Χρονοδιαγράμματος είχαμε εργαζόμενων παραδώσεις χρησιμοποίησέ πάντα. Πολύ συγγραφείς ένας τους των. Τις νέου για περισσότερες.');
INSERT INTO patient (AMKA, first_name, middle_name, last_name, date_of_birth, sex, weight, height, street_name, street_number, postal_code, area, municipality, prefecture,  profession, citizenship, triage_id) VALUES ('2610191254','Αβραάμ',NULL,'Ξενίδη','2019-10-26','male','97.72','120.86','Λεωφόρος Στεφανοβικείου','19','ΤΚ 81885','Κοζάνη','Φλώρινα','Κορινθία','Βοηθός Κομμωτή','Τουβαλού','None');
INSERT INTO patient_email (AMKA, phone_number) VALUES ('2610191254', 'zygouri.megaklis@example.org');
INSERT INTO patient_phone (AMKA, phone_number) VALUES ('2610191254', '+306907240593');
INSERT INTO triage (level, symptoms) VALUES ('3', 'Μέχρι τεκμηριώνει ανακλύψεις αυτήν επί ότι μου. Νέο μια γραμμές εργαλείων. Ανακλύψεις ωραίο κόλπα του χρόνου.
Σαν συνέχεια απομόνωση κάτι δείξει τους μερικούς χώρου.');
INSERT INTO patient (AMKA, first_name, middle_name, last_name, date_of_birth, sex, weight, height, street_name, street_number, postal_code, area, municipality, prefecture,  profession, citizenship, triage_id) VALUES ('2804150485','Δήμητρα',NULL,'Πατελλή','2015-04-28','other','141.01','82.41','Πλατεία Κοκκαρίου','28','ΤΚ 21963','Καρδίτσα','Πολύγυρος','Κιλκίς','Κορνιζοποιός','Βολιβία','None');
INSERT INTO patient_email (AMKA, phone_number) VALUES ('2804150485', 'vromaiou@example.net');
INSERT INTO patient_phone (AMKA, phone_number) VALUES ('2804150485', '2040090485');
INSERT INTO triage (level, symptoms) VALUES ('1', 'Ήδη στέλνοντάς έχω σίγουρος υποψήφιο προσεκτικά παίξουν από. Αυτήν περίπου εργαζόμενοι ώρα. Ως όχι προσθέσει ανά άπειρα εκδόσεις κοιτάζοντας ας.');
INSERT INTO patient (AMKA, first_name, middle_name, last_name, date_of_birth, sex, weight, height, street_name, street_number, postal_code, area, municipality, prefecture,  profession, citizenship, triage_id) VALUES ('0106247360','Τατιάνα',NULL,'Μανιτάρου','2024-06-01','other','145.56','134.09','Αλποχωρίου','113','644 27','Κατερίνη','Ιωάννινα','Κοζάνη','Κηπουρός - Ανθοκηπουρός - Κηποτεχνικός','Νησιά Καϋμάν','None');
INSERT INTO patient_email (AMKA, phone_number) VALUES ('0106247360', 'agrafioti.florina@example.net');
INSERT INTO patient_phone (AMKA, phone_number) VALUES ('0106247360', '+302747331111');
INSERT INTO patient_phone (AMKA, phone_number) VALUES ('0106247360', '23030 82 323');
INSERT INTO patient_phone (AMKA, phone_number) VALUES ('0106247360', '+306935516420');
INSERT INTO triage (level, symptoms) VALUES ('1', 'Δε εφαρμογή λαμβάνουν πάντα διορθώσεις και δυστυχής. Προκαλείς διαφήμιση εργαζόμενων. Δύο χαρτιού συνεχώς δωροδοκηθούν τρέξει οι.');
INSERT INTO patient (AMKA, first_name, middle_name, last_name, date_of_birth, sex, weight, height, street_name, street_number, postal_code, area, municipality, prefecture,  profession, citizenship, triage_id) VALUES ('2702782962','Κομνηνός',NULL,'Αναστασίου','1978-02-27','female','139.9','149.07','Φυλακίου','3','ΤΚ 85813','Σέρρες','Φλώρινα','Μαγνησία','Εικονογράφος - Σκιτσογράφος','Κουρακάο','None');
INSERT INTO patient_email (AMKA, phone_number) VALUES ('2702782962', 'solakoudis.tilemachos@example.com');
INSERT INTO patient_phone (AMKA, phone_number) VALUES ('2702782962', '+30 6959 144063');
INSERT INTO triage (level, symptoms) VALUES ('5', 'Εργοστασίου συνέχεια που μεταγλωτιστής επενδυτής εταιρείες έξι. Να προγραμματιστές με προσοχή λιγότερο διευθυντές τύπους. Πολύ εκδόσεις όσο ποια χρησιμοποίησέ δε αποφάσισε.');
INSERT INTO patient (AMKA, first_name, middle_name, last_name, date_of_birth, sex, weight, height, street_name, street_number, postal_code, area, municipality, prefecture,  profession, citizenship, triage_id) VALUES ('1107877340','Τρυφωνία',NULL,'Βαρσάμης','1987-07-11','female','101.55','194.28','Πλ. Παναγούλας','53','42943','Ρέθυμνο','Μυτιλήνη','Ηλεία','Μηχανικός Παραγωγής και Διοίκησης','Βενεζουέλα','None');
INSERT INTO patient_email (AMKA, phone_number) VALUES ('1107877340', 'epistimi.kostoulas@example.net');
INSERT INTO patient_email (AMKA, phone_number) VALUES ('1107877340', 'czavitsanou@example.net');
INSERT INTO patient_phone (AMKA, phone_number) VALUES ('1107877340', '6977 460 533');
INSERT INTO patient_phone (AMKA, phone_number) VALUES ('1107877340', '24300 22 516');
INSERT INTO triage (level, symptoms) VALUES ('2', 'Άρθρων σταματάς ίδιο χρόνου ένα φίλος πρόσληψη χώρου. Έξι δεν διορθώσει αν έστειλε. Μην τελειώσει απόλαυσε.');
INSERT INTO patient (AMKA, first_name, middle_name, last_name, date_of_birth, sex, weight, height, street_name, street_number, postal_code, area, municipality, prefecture,  profession, citizenship, triage_id) VALUES ('0605563415','Ανδρομάχη',NULL,'Παπαστεργίου','1956-05-06','other','76.27','174.78','Βρασνών','114','647 17','Άμφισσα','Φλώρινα','Μεσσηνία','Πολιτικός Συντάκτης','Χιλή','None');
INSERT INTO patient_email (AMKA, phone_number) VALUES ('0605563415', 'mapostolakis@example.net');
INSERT INTO patient_phone (AMKA, phone_number) VALUES ('0605563415', '6942 740 406');
INSERT INTO patient_phone (AMKA, phone_number) VALUES ('0605563415', '6919874940');
INSERT INTO triage (level, symptoms) VALUES ('4', 'Μέσης είχαμε αυτήν κειμένων. Χρησιμοποιούσες έξι μας εργαλείων δημιουργείς ανακλύψεις γεύματος έχω. Μάλλον πιο τους ελέγχου αποθηκευτικού και αντιλήφθηκαν.');
INSERT INTO patient (AMKA, first_name, middle_name, last_name, date_of_birth, sex, weight, height, street_name, street_number, postal_code, area, municipality, prefecture,  profession, citizenship, triage_id) VALUES ('1107104535','Παράσχος',NULL,'Βώσσος','2010-07-11','other','63.85','74.29','Πλατεία Βαρνάβα','62','72743','Τρίκαλα','Πολύγυρος','Λευκάδα','Ειδικός Επιστήμων Θάλασσας','Ηνωμένα Αραβικά Εμιράτα','None');
INSERT INTO patient_email (AMKA, phone_number) VALUES ('1107104535', 'mvasilakis@example.net');
INSERT INTO patient_email (AMKA, phone_number) VALUES ('1107104535', 'stella.varaklis@example.org');
INSERT INTO patient_phone (AMKA, phone_number) VALUES ('1107104535', '23870 20 158');
INSERT INTO triage (level, symptoms) VALUES ('3', 'Απομόνωση δεν αναφορά θα αποθηκευτικού μην. Χρόνου αφήσεις εκτελέσει μια συνεχώς.');
INSERT INTO patient (AMKA, first_name, middle_name, last_name, date_of_birth, sex, weight, height, street_name, street_number, postal_code, area, municipality, prefecture,  profession, citizenship, triage_id) VALUES ('0201025887','Κλεόβουλος',NULL,'Δουλάμη','2002-01-02','female','70.14','193.53','Πλατεία Μιντιλογλίου','194','70726','Τρίκαλα','Κατερίνη','Έβρος','Γλωσσολόγος','Ελ Σαλβαδόρ','None');
INSERT INTO patient_email (AMKA, phone_number) VALUES ('0201025887', 'ddamatopoulou@example.net');
INSERT INTO patient_email (AMKA, phone_number) VALUES ('0201025887', 'marilena97@example.com');
INSERT INTO patient_phone (AMKA, phone_number) VALUES ('0201025887', '21150 59 556');
INSERT INTO patient_phone (AMKA, phone_number) VALUES ('0201025887', '+30 6922 941110');
INSERT INTO triage (level, symptoms) VALUES ('5', 'Εγώ διάσημα γνωστή ως νέου παράγοντες την.
Έχω παραδώσεις σε κανείς. Δεν πάντως τις εγώ διορθώσεις επί. Δεδομένων επιδιόρθωση τελειώσει πλέον τεκμηριώνει εκτός χρησιμοποιώντας κώδικάς.');
INSERT INTO patient (AMKA, first_name, middle_name, last_name, date_of_birth, sex, weight, height, street_name, street_number, postal_code, area, municipality, prefecture,  profession, citizenship, triage_id) VALUES ('2410444566','Σεβαστιανός','Σαπφώ','Τσαντίδου','1944-10-24','female','107.31','153.5','Χανδρινού','151','ΤΚ 343 17','Ερμούπολη','Μεσολόγγι','Φλώρινα','Τεχνικός Διαχείρισης Συστημάτων και Παροχής Υπηρεσιών Intranet - Internet','Τουβαλού','None');
INSERT INTO patient_email (AMKA, phone_number) VALUES ('2410444566', 'vagiani.rentas@example.net');
INSERT INTO patient_email (AMKA, phone_number) VALUES ('2410444566', 'agourgoulis@example.net');
INSERT INTO patient_phone (AMKA, phone_number) VALUES ('2410444566', '2280 967 875');
INSERT INTO patient_phone (AMKA, phone_number) VALUES ('2410444566', '23640 81 939');
INSERT INTO patient_phone (AMKA, phone_number) VALUES ('2410444566', '+306939206814');
INSERT INTO triage (level, symptoms) VALUES ('3', 'Τέλειοι βρίσκονται προγραμματιστές ως άλγεβρα ένα. Μέρος γνωστή κρατάει να. Ναι εφαρμογή συγκεντρωμένοι τι περιεχόμενα τα σε.');
INSERT INTO patient (AMKA, first_name, middle_name, last_name, date_of_birth, sex, weight, height, street_name, street_number, postal_code, area, municipality, prefecture,  profession, citizenship, triage_id) VALUES ('0109401716','Ασπασία','Ασημής','Μπαρκούτα','1940-09-01','female','77.3','65.68','Φλόκας','149','ΤΚ 542 65','Ξάνθη','Χίος','Αττική','Καθηγητής Τριτοβάθμιας Εκπαίδευσης','Τυνησία','None');
INSERT INTO patient_email (AMKA, phone_number) VALUES ('0109401716', 'aspasia23@example.org');
INSERT INTO patient_email (AMKA, phone_number) VALUES ('0109401716', 'laggousis.anatoli@example.com');
INSERT INTO patient_phone (AMKA, phone_number) VALUES ('0109401716', '+30 6962 584263');
INSERT INTO patient_phone (AMKA, phone_number) VALUES ('0109401716', '+30 2732 307551');
INSERT INTO triage (level, symptoms) VALUES ('4', 'Αν της την έστελνε. Μάλλον δε κρατάει.
Επιχείριση πάρεις μα. Σημεία πλέον άρα συγγραφείς ένας κάτι. Διοικητικό στις και σας.');
INSERT INTO patient (AMKA, first_name, middle_name, last_name, date_of_birth, sex, weight, height, street_name, street_number, postal_code, area, municipality, prefecture,  profession, citizenship, triage_id) VALUES ('2302226964','Φώτιος',NULL,'Μουτουσίδης','2022-02-23','male','79.07','164.35','Πτελεού','97','03839','Αλεξανδρούπολη','Χαλκίδα','Δωδεκάνησσος','Ιστορικός','Καμπότζη','None');
INSERT INTO patient_email (AMKA, phone_number) VALUES ('2302226964', 'rodia.melani@example.org');
INSERT INTO patient_email (AMKA, phone_number) VALUES ('2302226964', 'dominikos.arapidou@example.net');
INSERT INTO patient_phone (AMKA, phone_number) VALUES ('2302226964', '+306934909170');
INSERT INTO triage (level, symptoms) VALUES ('5', 'Άρα τη χρησιμοποιώντας εφαρμογή τρόπο δημιουργείς τα. Τύπους το κάνεις θέματα ευκολότερο. Παίξουν εργαζόμενοι εκείνου βρίσκονται βασανίζουν αλγόριθμου ναι λετπά.');
INSERT INTO patient (AMKA, first_name, middle_name, last_name, date_of_birth, sex, weight, height, street_name, street_number, postal_code, area, municipality, prefecture,  profession, citizenship, triage_id) VALUES ('2102168895','Παράσχος',NULL,'Μακρυκώστας','2016-02-21','female','79.98','133.14','Τσάκη','180','33107','Κέρκυρα','Άμφισσα','Αττική','Υπεύθυνος Γραφείου Τύπου','Ζιμπάμπουε','None');
INSERT INTO patient_email (AMKA, phone_number) VALUES ('2102168895', 'galateia23@example.com');
INSERT INTO patient_phone (AMKA, phone_number) VALUES ('2102168895', '+30 6940 684449');
INSERT INTO patient_phone (AMKA, phone_number) VALUES ('2102168895', '210 392 9024');
INSERT INTO triage (level, symptoms) VALUES ('4', 'Περισσότερες διακοπή κώδικα εξαρτάται. Τεκμηριώνει και εργαζόμενων επί. Γεγονός μας ελέγχου ζητήσεις απαράδεκτη νόμιζες.');
INSERT INTO patient (AMKA, first_name, middle_name, last_name, date_of_birth, sex, weight, height, street_name, street_number, postal_code, area, municipality, prefecture,  profession, citizenship, triage_id) VALUES ('0212826741','Τρυφωνία',NULL,'Ρόγγα','1982-12-02','other','76.49','144.96','Μπαφίτη','82','088 65','Κοζάνη','Κέρκυρα','Φωκίδα','Εκδότης Βιβλίων','Μακάο','None');
INSERT INTO patient_email (AMKA, phone_number) VALUES ('0212826741', 'sofoklis.fanourgakis@example.net');
INSERT INTO patient_email (AMKA, phone_number) VALUES ('0212826741', 'agathoklis31@example.org');
INSERT INTO patient_phone (AMKA, phone_number) VALUES ('0212826741', '2177075664');
INSERT INTO triage (level, symptoms) VALUES ('5', 'Σαν ευκολότερο χαμηλός άρθρων πηγαίου. Λέει ένας κρατήσουν εκτός ένα αυτός.');
INSERT INTO patient (AMKA, first_name, middle_name, last_name, date_of_birth, sex, weight, height, street_name, street_number, postal_code, area, municipality, prefecture,  profession, citizenship, triage_id) VALUES ('1204419980','Χλόη',NULL,'Κουρής','1941-04-12','female','105.12','136.65','Πάροδος Πετραίας','129','ΤΚ 039 07','Τρίπολη','Αθήνα','Τρίκαλα','Μηχανολόγος Μηχανικός Συστημάτων Αυτόματου Ελέγχου και Ρομποτικής','Γουινέα','None');
INSERT INTO patient_email (AMKA, phone_number) VALUES ('1204419980', 'zafeiris06@example.net');
INSERT INTO patient_email (AMKA, phone_number) VALUES ('1204419980', 'nomiki.panousis@example.com');
INSERT INTO patient_phone (AMKA, phone_number) VALUES ('1204419980', '2980 995859');
INSERT INTO triage (level, symptoms) VALUES ('2', 'Έξι νόμιζες ερωτήσεις εκτελέσει. Πάντα κώδικάς τρόποι προγραμματιστής νιρβάνα φράση περιβάλλον εγώ. Σκεφτείς να κανένας τύπου δημιουργήσεις αναφέρονται.');
INSERT INTO patient (AMKA, first_name, middle_name, last_name, date_of_birth, sex, weight, height, street_name, street_number, postal_code, area, municipality, prefecture,  profession, citizenship, triage_id) VALUES ('1401420062','Κατερίνα',NULL,'Γκούνη','1942-01-14','female','123.75','74.08','Πλατεία Υμηττού','24','ΤΚ 58018','Σάμος','Ρέθυμνο','Αργολίδα','Τεχνικός Κοσμήματος Παραγωγής','Ισλανδία','None');
INSERT INTO patient_email (AMKA, phone_number) VALUES ('1401420062', 'pntovas@example.org');
INSERT INTO patient_email (AMKA, phone_number) VALUES ('1401420062', 'doumas.valerios@example.com');
INSERT INTO patient_phone (AMKA, phone_number) VALUES ('1401420062', '6993 649 066');
INSERT INTO patient_phone (AMKA, phone_number) VALUES ('1401420062', '6952061105');
INSERT INTO patient_phone (AMKA, phone_number) VALUES ('1401420062', '2107060624');
INSERT INTO triage (level, symptoms) VALUES ('1', 'Των άπειρα επιδιόρθωση.
Μέχρι δε φαινόμενο κανόνα δούλευε από προκαλείς.');
INSERT INTO patient (AMKA, first_name, middle_name, last_name, date_of_birth, sex, weight, height, street_name, street_number, postal_code, area, municipality, prefecture,  profession, citizenship, triage_id) VALUES ('0811538177','Λασκαρίνα','Λουλουδένια','Τσαμαδός','1953-11-08','female','107.58','188.05','Γεωργουλάκη','139','274 74','Άμφισσα','Ρόδος','Χαλκιδική','Νοσοκόμος-Νοσηλευτής','Νότιος Γεωργία και οι Νότιοι Σάντουιτς Νήσοι','None');
INSERT INTO patient_email (AMKA, phone_number) VALUES ('0811538177', 'zchortatou@example.com');
INSERT INTO patient_phone (AMKA, phone_number) VALUES ('0811538177', '(+30) 2396 192141');
INSERT INTO patient_phone (AMKA, phone_number) VALUES ('0811538177', '2100015188');
INSERT INTO triage (level, symptoms) VALUES ('4', 'Πλέον κύκλο πολύ μεταγλωτιστής αρχεία οι. Κρατήσουν ένας να μου πεδία ρωτάει.');
INSERT INTO patient (AMKA, first_name, middle_name, last_name, date_of_birth, sex, weight, height, street_name, street_number, postal_code, area, municipality, prefecture,  profession, citizenship, triage_id) VALUES ('0410706335','Στυλιανή',NULL,'Σαλέμη','1970-10-04','female','58.11','92.71','Πάρ. Γερακαρίου','200','75576','Ηγουμενίτσα','Ηράκλειο','Καβάλα','Ιχθυοπαθολόγος','Βραζιλία','None');
INSERT INTO patient_email (AMKA, phone_number) VALUES ('0410706335', 'kolchouris.zisoula@example.com');
INSERT INTO patient_phone (AMKA, phone_number) VALUES ('0410706335', '6994 916 795');
INSERT INTO patient_phone (AMKA, phone_number) VALUES ('0410706335', '2020 734 766');
INSERT INTO triage (level, symptoms) VALUES ('1', 'Λες χρησιμοποίησέ διαφήμιση ταξινομεί εδώ. Δουλεύει ο θυμάμαι πως έγραψες βιαστικά την. Απόλαυσε δημιουργήσεις βαθμό επιδιορθώσεις έχω ποια εργαλείων.');
INSERT INTO patient (AMKA, first_name, middle_name, last_name, date_of_birth, sex, weight, height, street_name, street_number, postal_code, area, municipality, prefecture,  profession, citizenship, triage_id) VALUES ('2202022427','Σάββας',NULL,'Χρυσικάκη','2002-02-22','female','85.38','51.07','Μαραθιάς','142','57314','Τρίκαλα','Χανιά','Αττική','Τεχνικός Αερίων Καυσίμων','Ζάμπια','None');
INSERT INTO patient_email (AMKA, phone_number) VALUES ('2202022427', 'gerasimos.marras@example.org');
INSERT INTO patient_email (AMKA, phone_number) VALUES ('2202022427', 'mpalli.kyriaki@example.org');
INSERT INTO patient_phone (AMKA, phone_number) VALUES ('2202022427', '+30 2889 237090');
INSERT INTO patient_phone (AMKA, phone_number) VALUES ('2202022427', '+302414172862');
INSERT INTO triage (level, symptoms) VALUES ('5', 'Διακοπής βάζοντας να γιαυτό τρέξει ναι χρειάζονται. Βιαστικά απίστευτα δε αναγκάζονται.');
INSERT INTO patient (AMKA, first_name, middle_name, last_name, date_of_birth, sex, weight, height, street_name, street_number, postal_code, area, municipality, prefecture,  profession, citizenship, triage_id) VALUES ('0809514500','Σταύρος',NULL,'Παυλή','1951-09-08','female','108.24','127.45','Σαρρή','79','ΤΚ 613 60','Λάρισα','Ηράκλειο','Γρεβενά','Μηχανοσυνθέτης Αεροσκαφών','Ουζμπεκιστάν','None');
INSERT INTO patient_email (AMKA, phone_number) VALUES ('0809514500', 'christiana34@example.net');
INSERT INTO patient_phone (AMKA, phone_number) VALUES ('0809514500', '+302735717123');
INSERT INTO patient_phone (AMKA, phone_number) VALUES ('0809514500', '2350 609796');
INSERT INTO triage (level, symptoms) VALUES ('4', 'Προσοχή χάος δεν είχαμε πάντα. Τύπους πετούν απαράδεκτη των ρωτήσει για του.');
INSERT INTO patient (AMKA, first_name, middle_name, last_name, date_of_birth, sex, weight, height, street_name, street_number, postal_code, area, municipality, prefecture,  profession, citizenship, triage_id) VALUES ('2302464670','Ελευθέριος',NULL,'Φαββάτα','1946-02-23','other','71.67','185.51','Γκαλίου','22','ΤΚ 21226','Κέρκυρα','Πάτρα','Αιτωλία & Ακαρνανία','Τεχνολόγος Πετρελαίου','Σερβία','None');
INSERT INTO patient_email (AMKA, phone_number) VALUES ('2302464670', 'kyriatsoulis.theano@example.net');
INSERT INTO patient_phone (AMKA, phone_number) VALUES ('2302464670', '6945 569 467');
INSERT INTO patient_phone (AMKA, phone_number) VALUES ('2302464670', '210 8479600');
INSERT INTO triage (level, symptoms) VALUES ('1', 'Λετπά όσο διαδίκτυο δείξει. Μου ελέγχου εκτός χρονοδιαγράμματος αν νέο.');
INSERT INTO patient (AMKA, first_name, middle_name, last_name, date_of_birth, sex, weight, height, street_name, street_number, postal_code, area, municipality, prefecture,  profession, citizenship, triage_id) VALUES ('0310997090','Βικτόρια',NULL,'Μπαλάση','1999-10-03','male','53.57','129.27','Γονίμου','113','ΤΚ 883 67','Χανιά','Πάτρα','Λευκάδα','Ξεναγός','Γροιλανδία','None');
INSERT INTO patient_email (AMKA, phone_number) VALUES ('0310997090', 'lsioris@example.org');
INSERT INTO patient_phone (AMKA, phone_number) VALUES ('0310997090', '2280 038711');
INSERT INTO patient_phone (AMKA, phone_number) VALUES ('0310997090', '210 9361724');
INSERT INTO triage (level, symptoms) VALUES ('2', 'Δε δε απόλαυσε πρώτο. Κάνε στραβά άπειρα ιδιαίτερα πρόσληψη μηχανής συγχρόνως αρπάζεις.');
INSERT INTO patient (AMKA, first_name, middle_name, last_name, date_of_birth, sex, weight, height, street_name, street_number, postal_code, area, municipality, prefecture,  profession, citizenship, triage_id) VALUES ('1006598252','Παναγιώτα',NULL,'Μπαλάση','1959-06-10','female','120.46','186.09','Λοφαρίου','2','65811','Καλαμάτα','Χανιά','Αργολίδα','Βρεφοκόμος','Τζαμάικα','None');
INSERT INTO patient_email (AMKA, phone_number) VALUES ('1006598252', 'minas.darsakli@example.net');
INSERT INTO patient_phone (AMKA, phone_number) VALUES ('1006598252', '+302319909645');
INSERT INTO patient_phone (AMKA, phone_number) VALUES ('1006598252', '+302360566162');
INSERT INTO triage (level, symptoms) VALUES ('3', 'Κάτι οι άτομο γραμμή. Εκτός πιο λαμβάνουν ένας εντολές επί.');
INSERT INTO patient (AMKA, first_name, middle_name, last_name, date_of_birth, sex, weight, height, street_name, street_number, postal_code, area, municipality, prefecture,  profession, citizenship, triage_id) VALUES ('2308805321','Ιορδάνης',NULL,'Φειζατίδου','1980-08-23','male','127.45','74.69','Γαλάνης','68','ΤΚ 778 96','Χανιά','Μεσολόγγι','Τρίκαλα','Ντετέκτιβ','Σλοβακία','None');
INSERT INTO patient_email (AMKA, phone_number) VALUES ('2308805321', 'davidoula.vossos@example.org');
INSERT INTO patient_email (AMKA, phone_number) VALUES ('2308805321', 'taxiarchis.myteletsis@example.net');
INSERT INTO patient_phone (AMKA, phone_number) VALUES ('2308805321', '(+30) 6947 196690');
INSERT INTO patient_phone (AMKA, phone_number) VALUES ('2308805321', '210 2334680');
INSERT INTO patient_phone (AMKA, phone_number) VALUES ('2308805321', '+306962925319');
INSERT INTO triage (level, symptoms) VALUES ('2', 'Πολύ μετράει πάντα ρωτάει δουλεύει εφαμοργής. Σου πες θα έγραψες συνάδελφος μέχρι της.');
INSERT INTO patient (AMKA, first_name, middle_name, last_name, date_of_birth, sex, weight, height, street_name, street_number, postal_code, area, municipality, prefecture,  profession, citizenship, triage_id) VALUES ('2811568894','Ζησούλα',NULL,'Πίσσιος','1956-11-28','other','146.87','180.08','Πλ. Αγίων Δούλων','137','69821','Κόρινθος','Ηράκλειο','Τρίκαλα','Φιλόλογος','Βατικανό','None');
INSERT INTO patient_email (AMKA, phone_number) VALUES ('2811568894', 'andriani.zonios@example.net');
INSERT INTO patient_phone (AMKA, phone_number) VALUES ('2811568894', '(+30) 2650 606006');
INSERT INTO triage (level, symptoms) VALUES ('1', 'Αρέσει δεν διευθυντές αντιλήφθηκαν.
Δημιουργια λέει έτσι εκείνου. Γραμμής λαμβάνουν εγώ κάνε πάρεις διαφήμιση έγραψες. Μέχρι σωστά εφαρμογή εργαλείων χειρότερα.');
INSERT INTO patient (AMKA, first_name, middle_name, last_name, date_of_birth, sex, weight, height, street_name, street_number, postal_code, area, municipality, prefecture,  profession, citizenship, triage_id) VALUES ('1410119989','Πανδώρα','Νταίζη','Βούρας','2011-10-14','other','81.18','146.17','Πλ. Καραβομύλου','118','644 98','Κιλκίς','Μεσολόγγι','Ροδόπη','Χημικός Μηχανικός','Μαλδίβες','None');
INSERT INTO patient_email (AMKA, phone_number) VALUES ('1410119989', 'maura87@example.org');
INSERT INTO patient_phone (AMKA, phone_number) VALUES ('1410119989', '2630 653 070');
INSERT INTO patient_phone (AMKA, phone_number) VALUES ('1410119989', '+306935628514');
INSERT INTO triage (level, symptoms) VALUES ('2', 'Παραδοτέου μερικούς μας επεξεργασία κάνεις. Σωστά παραδώσεις ήδη αποστηθίσει διακόψουμε ανακλύψεις.
Αν δείξει διορθώσεις μάλλον πρώτης.');
INSERT INTO patient (AMKA, first_name, middle_name, last_name, date_of_birth, sex, weight, height, street_name, street_number, postal_code, area, municipality, prefecture,  profession, citizenship, triage_id) VALUES ('2611757471','Αγησίλαος','Ιερόθεος','Βαβουλίδης','1975-11-26','male','127.32','139.55','Λεωφ. Πεζούλας','114','503 88','Ιωάννινα','Ιωάννινα','Ημαθία','Σχεδιαστής Επίπλου','Βολιβία','None');
INSERT INTO patient_email (AMKA, phone_number) VALUES ('2611757471', 'wplakotaris@example.org');
INSERT INTO patient_email (AMKA, phone_number) VALUES ('2611757471', 'yananiadou@example.com');
INSERT INTO patient_phone (AMKA, phone_number) VALUES ('2611757471', '2716074419');
INSERT INTO patient_phone (AMKA, phone_number) VALUES ('2611757471', '+306930301815');
INSERT INTO triage (level, symptoms) VALUES ('3', 'Φακέλους δουλεύει αναφορά προσλάμβανες τα δε ακούσει.
Φακέλους μαγικά απομόνωση ένα ένα κι πολύ. Προκύπτουν της πολύ μάθε μα τη. Κάνεις γειτονιάς είχαμε διαδίκτυο εξαρτάται προϊόντα πρώτο.');
INSERT INTO patient (AMKA, first_name, middle_name, last_name, date_of_birth, sex, weight, height, street_name, street_number, postal_code, area, municipality, prefecture,  profession, citizenship, triage_id) VALUES ('1903592246','Ιερώνυμος',NULL,'Τάρναρης','1959-03-19','male','98.47','100.38','Πλατεία Κρεμαστού','196','488 09','Σάμος','Ηγουμενίτσα','Λευκάδα','Δικαστικός Επιμελητής','Απομακρυσμένες Νησίδες των Ηνωμένων Πολιτειών','None');
INSERT INTO patient_email (AMKA, phone_number) VALUES ('1903592246', 'xgiannara@example.com');
INSERT INTO patient_phone (AMKA, phone_number) VALUES ('1903592246', '2856016070');
INSERT INTO patient_phone (AMKA, phone_number) VALUES ('1903592246', '23630 71 763');
INSERT INTO triage (level, symptoms) VALUES ('2', 'Γράψει πρώτοι εσωτερικών χρησιμοποίησέ πολύ. Εδώ χρειάζονται τρόποι χαρακτηριστικών γράψει σου δωροδοκηθούν.
Ανά θυμάμαι άρα έτσι από. Δείξει και με ωραίο έξι ανά.');
INSERT INTO patient (AMKA, first_name, middle_name, last_name, date_of_birth, sex, weight, height, street_name, street_number, postal_code, area, municipality, prefecture,  profession, citizenship, triage_id) VALUES ('0103206262','Πηγή',NULL,'Κολοκάθης','2020-03-01','female','105.09','133.24','Μάλαμα','152','93628','Καρπενήσι','Ζάκυνθος','Λάρισσα','Αγρονόμος Τοπογράφος Μηχανικός','Μονακό','None');
INSERT INTO patient_email (AMKA, phone_number) VALUES ('0103206262', 'fotiadou.zampia@example.org');
INSERT INTO patient_email (AMKA, phone_number) VALUES ('0103206262', 'ymoysidou@example.com');
INSERT INTO patient_phone (AMKA, phone_number) VALUES ('0103206262', '2910 507379');
INSERT INTO patient_phone (AMKA, phone_number) VALUES ('0103206262', '(+30) 2798 934486');
INSERT INTO patient_phone (AMKA, phone_number) VALUES ('0103206262', '210 057 5944');
INSERT INTO triage (level, symptoms) VALUES ('2', 'Γράψει όταν πολύ έλεγχος μετράει εφαρμογή. Νέο στα λες μέρος μπουν. Επιχείριση προσεκτικά θυμάμαι εδώ.
Μιας δεν σίγουρος πρώτοι φίλος. Μας επιδιορθώσεις πόρτες.');
INSERT INTO patient (AMKA, first_name, middle_name, last_name, date_of_birth, sex, weight, height, street_name, street_number, postal_code, area, municipality, prefecture,  profession, citizenship, triage_id) VALUES ('1011481803','Κωνσταντίνα','Ερμής','Καμινάρη','1948-11-10','female','53.88','135.17','Αργυρίου','132','91613','Ναύπλιο','Γρεβενά','Λακωνία','Ειδικός Ξενοδοχειακών Υπηρεσιών και Τροφοδοσίας','Λιθουανία','None');
INSERT INTO patient_email (AMKA, phone_number) VALUES ('1011481803', 'skaramsalis@example.com');
INSERT INTO patient_phone (AMKA, phone_number) VALUES ('1011481803', '2260175480');
INSERT INTO patient_phone (AMKA, phone_number) VALUES ('1011481803', '6906954900');
INSERT INTO triage (level, symptoms) VALUES ('1', 'Δυστυχής παραδώσεις αρπάζεις πιο τις έλεγχος κοιτάζοντας. Φακέλους διαφήμιση έλεγχος στη ήδη εικόνες δυστυχής.');
INSERT INTO patient (AMKA, first_name, middle_name, last_name, date_of_birth, sex, weight, height, street_name, street_number, postal_code, area, municipality, prefecture,  profession, citizenship, triage_id) VALUES ('0210192341','Κυριάκος',NULL,'Τσιομπάνη','2019-10-02','other','66.15','74.09','Επιδαύρου','88','25887','Σπάρτη','Χαλκίδα','Κιλκίς','Σερβιτόρος Ποτών - Μπάρμαν','Αφγανιστάν','None');
INSERT INTO patient_email (AMKA, phone_number) VALUES ('0210192341', 'litsiou.andromeda@example.com');
INSERT INTO patient_email (AMKA, phone_number) VALUES ('0210192341', 'magdalinos19@example.org');
INSERT INTO patient_phone (AMKA, phone_number) VALUES ('0210192341', '2694049699');
INSERT INTO patient_phone (AMKA, phone_number) VALUES ('0210192341', '+302717636294');
INSERT INTO triage (level, symptoms) VALUES ('1', 'Απαραίτητο κόλπα απομόνωση μην ζητήσεις διοικητικό αυτός δουλεύει. Πόρτες τους όταν εκτός πάντα κανόνα παραδώσεις και.');
INSERT INTO patient (AMKA, first_name, middle_name, last_name, date_of_birth, sex, weight, height, street_name, street_number, postal_code, area, municipality, prefecture,  profession, citizenship, triage_id) VALUES ('3007049795','Αστέριος',NULL,'Βλησαρούλης','2004-07-30','female','104.46','102.71','Βαμβουκάκη','167','ΤΚ 65876','Έδεσσα','Αγ. Νικόλαος','Ηράκλειο','Μηχανικός Αεροσκαφών','Μπουρκίνα Φάσο','None');
INSERT INTO patient_email (AMKA, phone_number) VALUES ('3007049795', 'andromachi.skarpetas@example.com');
INSERT INTO patient_phone (AMKA, phone_number) VALUES ('3007049795', '(+30) 2100 728215');
INSERT INTO triage (level, symptoms) VALUES ('1', 'Περιβάλλοντος μιας αναγκάζονται πρώτοι πήρε λαμβάνουν.
Σας τον έλεγχος το. Οι δεν προϊόντα σαν. Στο πάντα μέρος διακοπής εφαρμογή αυτός.');
INSERT INTO patient (AMKA, first_name, middle_name, last_name, date_of_birth, sex, weight, height, street_name, street_number, postal_code, area, municipality, prefecture,  profession, citizenship, triage_id) VALUES ('1604573929','Μαρία',NULL,'Μανελίδης','1957-04-16','male','58.07','167.86','Τοσούνη','10','ΤΚ 158 53','Αργοστόλι','Ιωάννινα','Αρκαδία','Τουριστικός Συνοδός','Ταϊβάν','None');
INSERT INTO patient_email (AMKA, phone_number) VALUES ('1604573929', 'lkaraoglani@example.net');
INSERT INTO patient_phone (AMKA, phone_number) VALUES ('1604573929', '+302970824645');
INSERT INTO triage (level, symptoms) VALUES ('4', 'Επιστρέφουν δεν πιο απαραίτητο κάνε ως. Προγραμματιστής έξι τύπου εκτός προγραμματιστής σχεδιαστής. Απίστευτα επιδιορθώσεις πάρεις ερώτηση περιβάλλοντος εδώ.');
INSERT INTO patient (AMKA, first_name, middle_name, last_name, date_of_birth, sex, weight, height, street_name, street_number, postal_code, area, municipality, prefecture,  profession, citizenship, triage_id) VALUES ('1204141043','Σπάρτη',NULL,'Γεροκώστα','2014-04-12','other','112.37','174.91','Βούνων','42','ΤΚ 034 47','Σάμος','Βέροια','Κιλκίς','Ξυλουργός','Φινλανδία','None');
INSERT INTO patient_email (AMKA, phone_number) VALUES ('1204141043', 'zinon94@example.org');
INSERT INTO patient_email (AMKA, phone_number) VALUES ('1204141043', 'kassandra87@example.org');
INSERT INTO patient_phone (AMKA, phone_number) VALUES ('1204141043', '2510759996');
INSERT INTO patient_phone (AMKA, phone_number) VALUES ('1204141043', '2470 397028');
INSERT INTO patient_phone (AMKA, phone_number) VALUES ('1204141043', '+306941746310');
INSERT INTO triage (level, symptoms) VALUES ('1', 'Πάντως χρησιμοποιούνταν ως πάντως. Βγήκε βιαστικά γειτονιάς λέει ότι σαν εφαρμογής.
Μπορούσες κι έχω μέσης. Κάνεις σου ορίστε διασφαλίζεται.');
INSERT INTO patient (AMKA, first_name, middle_name, last_name, date_of_birth, sex, weight, height, street_name, street_number, postal_code, area, municipality, prefecture,  profession, citizenship, triage_id) VALUES ('2806137947','Αμαλία','Λουλουδένια','Ασαρίδης','2013-06-28','female','56.37','94.27','Εμπροσνέρου','116','773 06','Βόλος','Άρτα','Καστοριά','Σεναριογράφος','Ταϊβάν','None');
INSERT INTO patient_email (AMKA, phone_number) VALUES ('2806137947', 'deli.rodia@example.org');
INSERT INTO patient_email (AMKA, phone_number) VALUES ('2806137947', 'despoina.koutsonika@example.com');
INSERT INTO patient_phone (AMKA, phone_number) VALUES ('2806137947', '+30 6941 048780');
INSERT INTO patient_phone (AMKA, phone_number) VALUES ('2806137947', '(+30) 2024 700083');
INSERT INTO patient_phone (AMKA, phone_number) VALUES ('2806137947', '+30 2759 402390');
INSERT INTO triage (level, symptoms) VALUES ('5', 'Συνεντεύξεις διολισθήσεις πετάνε εκτελείται προσλάμβανες μην. Όσο ανεπιθύμητη δεδομένων ανά πρώτοι.
Σε αποδείξεις νέο βουτήξουν μην πλέον. Αρπάζεις μιας θα ίδιο διαχειριστής.');
INSERT INTO patient (AMKA, first_name, middle_name, last_name, date_of_birth, sex, weight, height, street_name, street_number, postal_code, area, municipality, prefecture,  profession, citizenship, triage_id) VALUES ('0508557890','Ιωάννα','Θέμης','Αλατζάκης','1955-08-05','female','68.38','175.59','Αηδονοχωρίου','113','ΤΚ 52834','Κόρινθος','Κομοτηνή','Φωκίδα','Ταπητουργός','Φιλιππίνες','None');
INSERT INTO patient_email (AMKA, phone_number) VALUES ('0508557890', 'prodromia73@example.org');
INSERT INTO patient_email (AMKA, phone_number) VALUES ('0508557890', 'saouer.kimon@example.net');
INSERT INTO patient_phone (AMKA, phone_number) VALUES ('0508557890', '2701096756');
INSERT INTO patient_phone (AMKA, phone_number) VALUES ('0508557890', '2610 790965');
INSERT INTO patient_phone (AMKA, phone_number) VALUES ('0508557890', '210 6149880');
INSERT INTO triage (level, symptoms) VALUES ('1', 'Αποστηθίσει ελέγχου διορθώσει ειδικά. Κλπ τις φακέλους συνάδελφος έστειλε.
Να το πρώτης κάνε εφαμοργής ώρα γέλασαν ρουτίνα. Προγραμματιστής προσεκτικά πάντα απόλαυσε προσπαθούν σαν εταιρείες.');
INSERT INTO patient (AMKA, first_name, middle_name, last_name, date_of_birth, sex, weight, height, street_name, street_number, postal_code, area, municipality, prefecture,  profession, citizenship, triage_id) VALUES ('2107581984','Τρυφωνία',NULL,'Γιαννέλος','1958-07-21','female','140.0','153.12','Λεωφόρος Μυκηνών','133','ΤΚ 32472','Κέρκυρα','Μυτιλήνη','Λακωνία','Τεχνίτης Φαρμάκων - Καλλυντικών - Τεχνικός Φαρμάκων Καλλυντικών και Παρεμφερών Προϊόντων','Γρενάδα','None');
INSERT INTO patient_email (AMKA, phone_number) VALUES ('2107581984', 'polychronia00@example.com');
INSERT INTO patient_email (AMKA, phone_number) VALUES ('2107581984', 'kyritsi.glykeria@example.com');
INSERT INTO patient_phone (AMKA, phone_number) VALUES ('2107581984', '6925 550 093');
INSERT INTO patient_phone (AMKA, phone_number) VALUES ('2107581984', '26220 24 618');
INSERT INTO patient_phone (AMKA, phone_number) VALUES ('2107581984', '2920 519 987');
INSERT INTO triage (level, symptoms) VALUES ('4', 'Τον βουτήξουν δε χειρότερα επί μπουν ο. Διαφήμιση πεδία εκτός δεν δείξει πήρε επιστρέφουν. Από μεταφραστής διακόψουμε δημιουργήσεις από προκαλείς.');
INSERT INTO patient (AMKA, first_name, middle_name, last_name, date_of_birth, sex, weight, height, street_name, street_number, postal_code, area, municipality, prefecture,  profession, citizenship, triage_id) VALUES ('0806918021','Ασκληπιός',NULL,'Αβραμιώτης','1991-06-08','female','125.7','85.19','Νεράιδας','56','ΤΚ 859 90','Ρέθυμνο','Πάτρα','Κιλκίς','Διαχειριστής Logistics','Τυνησία','None');
INSERT INTO patient_email (AMKA, phone_number) VALUES ('0806918021', 'slakkas@example.com');
INSERT INTO patient_phone (AMKA, phone_number) VALUES ('0806918021', '+30 6964 195808');
INSERT INTO patient_phone (AMKA, phone_number) VALUES ('0806918021', '210 3229491');
INSERT INTO triage (level, symptoms) VALUES ('5', 'Υψηλότερη κανόνα συγκεντρωμένοι εκτός λίγο έγραψες. Που χρησιμοποιούνταν κάνεις ανταγωνιστής αρέσει.
Δεν ερώτηση μεταφραστής σας συνάδελφος. Περίπου στη ημέρα.');
INSERT INTO patient (AMKA, first_name, middle_name, last_name, date_of_birth, sex, weight, height, street_name, street_number, postal_code, area, municipality, prefecture,  profession, citizenship, triage_id) VALUES ('1611791402','Μαριλένα',NULL,'Ορφανίδου','1979-11-16','female','143.98','125.61','Πλατεία Τρικλίνου','82','ΤΚ 455 88','Πρέβεζα','Γρεβενά','Αργολίδα','Στέλεχος Κοστολόγησης στη Βιομηχανία - Βιοτεχνία','Λίβανος','None');
INSERT INTO patient_email (AMKA, phone_number) VALUES ('1611791402', 'theopisti.chatzi@example.com');
INSERT INTO patient_phone (AMKA, phone_number) VALUES ('1611791402', '6901990743');
INSERT INTO triage (level, symptoms) VALUES ('2', 'Πετούν μεταγλωτιστής επί διακοπή πάντως. Πάντως διολισθήσεις διακόψουμε χειρότερα.');
INSERT INTO patient (AMKA, first_name, middle_name, last_name, date_of_birth, sex, weight, height, street_name, street_number, postal_code, area, municipality, prefecture,  profession, citizenship, triage_id) VALUES ('1605708372','Κλεονίκη','Αμφιτρίτη','Καφαντάρης','1970-05-16','other','121.64','117.2','Καλής Βρύσης','38','ΤΚ 808 83','Φλώρινα','Ρέθυμνο','Καβάλα','Χειριστής Μηχανημάτων Κοπής Ξύλου','Δανία','None');
INSERT INTO patient_email (AMKA, phone_number) VALUES ('1605708372', 'tzavellas.dimokratis@example.com');
INSERT INTO patient_email (AMKA, phone_number) VALUES ('1605708372', 'timoleon.koumiotis@example.net');
INSERT INTO patient_phone (AMKA, phone_number) VALUES ('1605708372', '6925 943 539');
INSERT INTO patient_phone (AMKA, phone_number) VALUES ('1605708372', '+30 2825 697340');
INSERT INTO patient_phone (AMKA, phone_number) VALUES ('1605708372', '2316007276');
INSERT INTO triage (level, symptoms) VALUES ('1', 'Βρίσκονται βασανίζουν υόρκη στη. Δύο βιβλίο στη εκτός εδώ.');
INSERT INTO patient (AMKA, first_name, middle_name, last_name, date_of_birth, sex, weight, height, street_name, street_number, postal_code, area, municipality, prefecture,  profession, citizenship, triage_id) VALUES ('0308698022','Φραντζέσκα',NULL,'Φυδάνης','1969-08-03','other','104.12','127.42','Βασιλικιάδων','6','ΤΚ 02143','Αγ. Νικόλαος','Καλαμάτα','Καστοριά','Παραγωγός Ραδιοφωνικών Εκπομπών','Μποτσουάνα','None');
INSERT INTO patient_email (AMKA, phone_number) VALUES ('0308698022', 'myrsini.kasoutsas@example.com');
INSERT INTO patient_phone (AMKA, phone_number) VALUES ('0308698022', '(+30) 6938 929983');
INSERT INTO patient_phone (AMKA, phone_number) VALUES ('0308698022', '6996 871 469');
INSERT INTO patient_phone (AMKA, phone_number) VALUES ('0308698022', '210 4293372');
INSERT INTO triage (level, symptoms) VALUES ('1', 'Αυτήν ας κι ημέρα. Μέχρι που χαρακτηριστικό λες τελειώσει ροή χρονοδιαγράμματα ήδη. Ταξινομεί αναφορά ανταγωνιστής έτοιμος.');
INSERT INTO patient (AMKA, first_name, middle_name, last_name, date_of_birth, sex, weight, height, street_name, street_number, postal_code, area, municipality, prefecture,  profession, citizenship, triage_id) VALUES ('0205155308','Πολυτίμη',NULL,'Φασουλή','2015-05-02','male','50.56','67.41','Ανατολικής','190','68227','Αλεξανδρούπολη','Αθήνα','Βοιωτία','Ράφτης','Δομινικανή Δημοκρατία','None');
INSERT INTO patient_email (AMKA, phone_number) VALUES ('0205155308', 'solon08@example.com');
INSERT INTO patient_email (AMKA, phone_number) VALUES ('0205155308', 'paraschos.rogaris@example.net');
INSERT INTO patient_phone (AMKA, phone_number) VALUES ('0205155308', '+30 2356 807007');
INSERT INTO patient_phone (AMKA, phone_number) VALUES ('0205155308', '210 5126930');
INSERT INTO patient_phone (AMKA, phone_number) VALUES ('0205155308', '2578022459');
INSERT INTO triage (level, symptoms) VALUES ('1', 'Επί εδώ τους θυμάμαι χαμηλός πάντα την. Παίρνουν έστειλε ναι υψηλότερη προσθέσει.');
INSERT INTO patient (AMKA, first_name, middle_name, last_name, date_of_birth, sex, weight, height, street_name, street_number, postal_code, area, municipality, prefecture,  profession, citizenship, triage_id) VALUES ('0201075392','Κομνηνή',NULL,'Κορδατζής','2007-01-02','female','62.05','77.97','Αναστασάκη','128','16443','Ναύπλιο','Κομοτηνή','Ροδόπη','Αισθητικός - Ειδικός Εφαρμογών Αισθητικής','Νικαράγουα','None');
INSERT INTO patient_email (AMKA, phone_number) VALUES ('0201075392', 'chrysovalanto26@example.com');
INSERT INTO patient_phone (AMKA, phone_number) VALUES ('0201075392', '+306955319096');
INSERT INTO patient_phone (AMKA, phone_number) VALUES ('0201075392', '6984 109813');
INSERT INTO triage (level, symptoms) VALUES ('1', 'Δε διακοπής προσπαθούν περιβάλλοντος προκύπτουν εργασίας απλό. Σημεία των συνεχώς την αποστηθίσει ανακλύψεις ποια προσπαθήσεις.');
INSERT INTO patient (AMKA, first_name, middle_name, last_name, date_of_birth, sex, weight, height, street_name, street_number, postal_code, area, municipality, prefecture,  profession, citizenship, triage_id) VALUES ('2306787979','Λαοκράτης',NULL,'Πατσουρέα','1978-06-23','male','65.13','138.84','Λεωφ. Βούτση','35','ΤΚ 397 79','Ερμούπολη','Σπάρτη','Λευκάδα','Ειδικός Ενδυματολογίας και Σχεδίασης Μόδας','Σουρινάμ','None');
INSERT INTO patient_email (AMKA, phone_number) VALUES ('2306787979', 'gchiotidou@example.org');
INSERT INTO patient_email (AMKA, phone_number) VALUES ('2306787979', 'flora81@example.net');
INSERT INTO patient_phone (AMKA, phone_number) VALUES ('2306787979', '+30 6943 675975');
INSERT INTO triage (level, symptoms) VALUES ('3', 'Μα πάντως μιας πες αναφορά τέλειοι κανείς παίξουν. Χρειάζονται επιχείριση στα ωραίο πήρε νέου. Μπορούσες εκτελείται καταλάθος κόλπα στήλες.');
INSERT INTO patient (AMKA, first_name, middle_name, last_name, date_of_birth, sex, weight, height, street_name, street_number, postal_code, area, municipality, prefecture,  profession, citizenship, triage_id) VALUES ('0606009587','Φαίδρα',NULL,'Δαυίδ','2000-06-06','female','67.39','70.59','Νεμέας','103','765 19','Ηγουμενίτσα','Ρέθυμνο','Λευκάδα','Αεροναυπηγός Μηχανικός','Μπαγκλαντές','None');
INSERT INTO patient_email (AMKA, phone_number) VALUES ('0606009587', 'periklis35@example.net');
INSERT INTO patient_email (AMKA, phone_number) VALUES ('0606009587', 'iokasti67@example.net');
INSERT INTO patient_phone (AMKA, phone_number) VALUES ('0606009587', '2860 844357');
INSERT INTO triage (level, symptoms) VALUES ('3', 'Κανόνα χρονοδιαγράμματα για όσο. Πιο σας βρίσκονται μεταγλωτίσει έξι ως δύο. Συνέχεια προσπαθούν δημιουργια ξέχασε.');
INSERT INTO patient (AMKA, first_name, middle_name, last_name, date_of_birth, sex, weight, height, street_name, street_number, postal_code, area, municipality, prefecture,  profession, citizenship, triage_id) VALUES ('2803250365','Φωκίων','Μαγδαληνή','Ζαρζάνη','2025-03-28','male','90.21','116.9','Πλατανούσσης','124','ΤΚ 37152','Ναύπλιο','Μεσολόγγι','Πέλλα','Τεχνολόγος Ενεργειακής Τεχνικής','Νήσοι Πίτκαιρν','None');
INSERT INTO patient_email (AMKA, phone_number) VALUES ('2803250365', 'plataki.martinos@example.org');
INSERT INTO patient_phone (AMKA, phone_number) VALUES ('2803250365', '+30 6952 650566');
INSERT INTO patient_phone (AMKA, phone_number) VALUES ('2803250365', '(+30) 6978 686109');
INSERT INTO triage (level, symptoms) VALUES ('3', 'Ξέχασε κάνεις ποια νέων πηγαίου ημέρα. Από προσεκτικά ναι βασανίζουν στραβά θέματα. Γεγονός εκτελείται δυστυχής εργαλείων στήλες.');
INSERT INTO patient (AMKA, first_name, middle_name, last_name, date_of_birth, sex, weight, height, street_name, street_number, postal_code, area, municipality, prefecture,  profession, citizenship, triage_id) VALUES ('1411040456','Αγόρω',NULL,'Φωτόπουλος','2004-11-14','female','124.6','104.08','Καραβάδου','95','39604','Κόρινθος','Πρέβεζα','Λευκάδα','Σχεδιαστής Κινουμένων Σχεδίων','Αλγερία','None');
INSERT INTO patient_email (AMKA, phone_number) VALUES ('1411040456', 'drosou.charitos@example.com');
INSERT INTO patient_phone (AMKA, phone_number) VALUES ('1411040456', '(+30) 2650 515168');
INSERT INTO patient_phone (AMKA, phone_number) VALUES ('1411040456', '210 6011297');
INSERT INTO triage (level, symptoms) VALUES ('1', 'Εδώ σου συνέχεια χρησιμοποίησέ. Σπίτι παράγοντες πάντως δε.
Κοιτάζοντας πρόσληψη τεκμηριώνει δούλευε πως τους από. Ορίστε αναφορά πως. Βαθμό τεκμηριώνει απίστευτα.');
INSERT INTO patient (AMKA, first_name, middle_name, last_name, date_of_birth, sex, weight, height, street_name, street_number, postal_code, area, municipality, prefecture,  profession, citizenship, triage_id) VALUES ('2310451086','Αναστασία',NULL,'Μαντά','1945-10-23','male','122.88','187.29','Λεωφόρος Βουρβούρων','59','64031','Χανιά','Ιωάννινα','Κυκλάδες','Πλανόδιος Πωλητής','Ανγκουίλα','None');
INSERT INTO patient_email (AMKA, phone_number) VALUES ('2310451086', 'nalafakis@example.com');
INSERT INTO patient_phone (AMKA, phone_number) VALUES ('2310451086', '+30 6962 981384');
INSERT INTO triage (level, symptoms) VALUES ('3', 'Υψηλότερη συνεντεύξεις μη έξι ελέγχου επιστρέφουν συνέχεια. Μετρήσεις έτσι χρειάζονται αποθηκευτικού προγραμματιστής. Σπίτι ρωτήσει θα ποια επενδυτής.');
INSERT INTO patient (AMKA, first_name, middle_name, last_name, date_of_birth, sex, weight, height, street_name, street_number, postal_code, area, municipality, prefecture,  profession, citizenship, triage_id) VALUES ('0805830286','Θέμις',NULL,'Δρίβα','1983-05-08','female','94.46','85.18','Φολεγάνδρου','157','ΤΚ 539 91','Ναύπλιο','Ξάνθη','Φθιώτιδα','Ταπετσέρης','Λουξεμβούργο','None');
INSERT INTO patient_email (AMKA, phone_number) VALUES ('0805830286', 'jntova@example.org');
INSERT INTO patient_phone (AMKA, phone_number) VALUES ('0805830286', '2800021168');
INSERT INTO triage (level, symptoms) VALUES ('4', 'Κάτι στέλνοντάς ήδη άπειρα με μην γραμμής. Κρατάει δε μάθε το βουτήξουν.
Ωραίο εντολές λαμβάνουν των αρχεία πήρε. Παίρνει λαμβάνουν ροή αναφορά για.');
INSERT INTO patient (AMKA, first_name, middle_name, last_name, date_of_birth, sex, weight, height, street_name, street_number, postal_code, area, municipality, prefecture,  profession, citizenship, triage_id) VALUES ('2511134275','Θεοχαρούλα','Ξανθός','Λαγοπάτης','2013-11-25','other','127.49','159.07','Σούρπης','31','ΤΚ 11118','Ζάκυνθος','Ναύπλιο','Θεσπρωτία','Ταχυδρόμος','Γκουάμ','None');
INSERT INTO patient_email (AMKA, phone_number) VALUES ('2511134275', 'vasilis.perrotis@example.org');
INSERT INTO patient_phone (AMKA, phone_number) VALUES ('2511134275', '210 1442652');
INSERT INTO patient_phone (AMKA, phone_number) VALUES ('2511134275', '6939 462 186');
INSERT INTO patient_phone (AMKA, phone_number) VALUES ('2511134275', '+306949054005');
INSERT INTO triage (level, symptoms) VALUES ('4', 'Ένα αναφορά σημεία βγήκε στα του επιδιορθώσεις. Θέλεις ανακλύψεις σου σας έρθει με.
Σκεφτείς διακόψουμε άρα παίρνουν έξι ανά παραδώσεις. Επί βρίσκονται εσωτερικών στη παίρνει.');
INSERT INTO patient (AMKA, first_name, middle_name, last_name, date_of_birth, sex, weight, height, street_name, street_number, postal_code, area, municipality, prefecture,  profession, citizenship, triage_id) VALUES ('2109412410','Αγησίλαος',NULL,'Κανελλοπούλου','1941-09-21','other','81.09','188.32','Πλ. Κόκλα','186','ΤΚ 583 51','Λαμία','Κόρινθος','Έβρος','Βοηθός Μαγειρικής Τέχνης','Τοκελάου','None');
INSERT INTO patient_email (AMKA, phone_number) VALUES ('2109412410', 'archimidis95@example.org');
INSERT INTO patient_phone (AMKA, phone_number) VALUES ('2109412410', '2580 987154');
INSERT INTO triage (level, symptoms) VALUES ('4', 'Μάθε περιμένουν προσπαθήσεις εφαρμογής έστελνε. Επιδιόρθωση όχι δείξει οι ζητήσεις. Τρόπο στέλνοντάς κόψεις τι διαπιστώνεις επιδιόρθωση έτοιμος.');
INSERT INTO patient (AMKA, first_name, middle_name, last_name, date_of_birth, sex, weight, height, street_name, street_number, postal_code, area, municipality, prefecture,  profession, citizenship, triage_id) VALUES ('1805213226','Ραφαήλ',NULL,'Ποσάντζη','2021-05-18','female','51.95','131.67','Αυγής','106','ΤΚ 589 81','Κιλκίς','Πάτρα','Αρκαδία','Τεχνικός Εργαλειομηχανών','Νότιος Αφρική','None');
INSERT INTO patient_email (AMKA, phone_number) VALUES ('1805213226', 'theofania17@example.org');
INSERT INTO patient_email (AMKA, phone_number) VALUES ('1805213226', 'stamelou.zinovia@example.net');
INSERT INTO patient_phone (AMKA, phone_number) VALUES ('1805213226', '25990 70 529');
INSERT INTO patient_phone (AMKA, phone_number) VALUES ('1805213226', '210 0744755');
INSERT INTO triage (level, symptoms) VALUES ('1', 'Ακούσει από δύο έχω μερικούς.');
INSERT INTO patient (AMKA, first_name, middle_name, last_name, date_of_birth, sex, weight, height, street_name, street_number, postal_code, area, municipality, prefecture,  profession, citizenship, triage_id) VALUES ('1812205224','Ελέσσα',NULL,'Φραντζής','2020-12-18','other','123.34','102.66','Τριόδου','138','80134','Κατερίνη','Σπάρτη','Αχαΐα','Αλουμινάς','Ανγκουίλα','None');
INSERT INTO patient_email (AMKA, phone_number) VALUES ('1812205224', 'virginia.chatzidaki@example.org');
INSERT INTO patient_email (AMKA, phone_number) VALUES ('1812205224', 'kondylia99@example.net');
INSERT INTO patient_phone (AMKA, phone_number) VALUES ('1812205224', '6947 029 967');
INSERT INTO patient_phone (AMKA, phone_number) VALUES ('1812205224', '210 6810987');
INSERT INTO triage (level, symptoms) VALUES ('3', 'Ένας του επεξεργασία και μεταγλωτιστής εργαζόμενοι νέων λίγο. Έτσι χρειάζονται λοιπόν των δείξει. Μου προσπαθήσεις δύο νιρβάνα περίπου περιβάλλοντος.');
INSERT INTO patient (AMKA, first_name, middle_name, last_name, date_of_birth, sex, weight, height, street_name, street_number, postal_code, area, municipality, prefecture,  profession, citizenship, triage_id) VALUES ('0101804896','Φρειδερίκος',NULL,'Παλαιολόγος','1980-01-01','female','94.11','141.3','Καλογιαννάκη','44','ΤΚ 12198','Καρπενήσι','Καρδίτσα','Αργολίδα','Ανθοκόμος','Σουαζιλάνδη','None');
INSERT INTO patient_email (AMKA, phone_number) VALUES ('0101804896', 'sakellariou.kalypso@example.org');
INSERT INTO patient_phone (AMKA, phone_number) VALUES ('0101804896', '2105422038');
INSERT INTO triage (level, symptoms) VALUES ('3', 'Απαραίτητο ειδικά επενδυτής των. Σημεία παραδοτέου αποκλειστικούς.
Χρησιμοποιώντας μη και. Τις ευκολότερο διολισθήσεις απαράδεκτη γραμμές.');
INSERT INTO patient (AMKA, first_name, middle_name, last_name, date_of_birth, sex, weight, height, street_name, street_number, postal_code, area, municipality, prefecture,  profession, citizenship, triage_id) VALUES ('0504209224','Ζαφείριος',NULL,'Αλεξανδρόπουλος','2020-04-05','female','53.35','73.63','Λεωφ. Ασκών','99','ΤΚ 816 98','Αργοστόλι','Κόρινθος','Γρεβενά','Μόνιμος Υπαξιωματικός Στρατού Ξηράς','Ανγκόλα','None');
INSERT INTO patient_email (AMKA, phone_number) VALUES ('0504209224', 'jmammis@example.net');
INSERT INTO patient_email (AMKA, phone_number) VALUES ('0504209224', 'apostolos.vassis@example.com');
INSERT INTO patient_phone (AMKA, phone_number) VALUES ('0504209224', '2109179188');
INSERT INTO patient_phone (AMKA, phone_number) VALUES ('0504209224', '2103734474');
INSERT INTO triage (level, symptoms) VALUES ('3', 'Άρθρων έρθει επί να. Διαφήμιση παίρνουν χρησιμοποίησέ επενδυτής. Τα ως κάνεις σταματάς φακέλους δημιουργια.
Γνωστή πιο άρα γνωρίζουμε εργασίας ώρα. Είχαμε νέων θέματα έρθει πετούν πρόσληψη λιγότερο.');
INSERT INTO patient (AMKA, first_name, middle_name, last_name, date_of_birth, sex, weight, height, street_name, street_number, postal_code, area, municipality, prefecture,  profession, citizenship, triage_id) VALUES ('1506208029','Ερμής',NULL,'Αμπλιάνιτης','2020-06-15','male','112.36','188.0','Γρανιτσοπούλας','65','ΤΚ 673 06','Καρπενήσι','Πάτρα','Εύβοια','Μηχανικός Η/Υ, Τηλεπικοινωνιών και Δικτύων','Μαλάουι','None');
INSERT INTO patient_email (AMKA, phone_number) VALUES ('1506208029', 'agapios.makri@example.org');
INSERT INTO patient_phone (AMKA, phone_number) VALUES ('1506208029', '+30 2232 583446');
INSERT INTO triage (level, symptoms) VALUES ('3', 'Πιο στις εκτελέσεις φακέλους ήδη. Τα προγραμματιστής έτσι τι γειτονιάς τη. Διαφήμιση φράση έγραψες λοιπόν.
Τέλειοι παραπάνω έτσι προϊόντα χρησιμοποιούσες μαγικά περιβάλλον.');
INSERT INTO patient (AMKA, first_name, middle_name, last_name, date_of_birth, sex, weight, height, street_name, street_number, postal_code, area, municipality, prefecture,  profession, citizenship, triage_id) VALUES ('2204842315','Μαλαματένια','Ευτέρπη','Μιχελακάκη','1984-04-22','other','93.23','73.25','Γιάλτρων','40','ΤΚ 85970','Ξάνθη','Κατερίνη','Άρτα','Προπονητής Αντισφαίρισης','Μολδαβία','None');
INSERT INTO patient_email (AMKA, phone_number) VALUES ('2204842315', 'chatziaras.alexandra@example.com');
INSERT INTO patient_email (AMKA, phone_number) VALUES ('2204842315', 'euterpi09@example.net');
INSERT INTO patient_phone (AMKA, phone_number) VALUES ('2204842315', '6920 249332');
INSERT INTO triage (level, symptoms) VALUES ('3', 'Πεδία έτσι πιο καταλάθος. Μέχρι διακοπή πιο χαρακτηριστικό. Ελέγχου δίνοντας την μα λετπά σε βαθμό.');
INSERT INTO patient (AMKA, first_name, middle_name, last_name, date_of_birth, sex, weight, height, street_name, street_number, postal_code, area, municipality, prefecture,  profession, citizenship, triage_id) VALUES ('1207639651','Ευανθία',NULL,'Τασιούλας','1963-07-12','other','132.86','144.37','Νεριανών','126','ΤΚ 243 98','Χίος','Καβάλα','Θεσσαλονίκη','Κόπτης Ενδυμάτων','Γουινέα-Μπισσάου','None');
INSERT INTO patient_email (AMKA, phone_number) VALUES ('1207639651', 'hchouchoulis@example.org');
INSERT INTO patient_email (AMKA, phone_number) VALUES ('1207639651', 'coikonomopoulou@example.net');
INSERT INTO patient_phone (AMKA, phone_number) VALUES ('1207639651', '(+30) 2107 226476');
INSERT INTO triage (level, symptoms) VALUES ('5', 'Έχω άλγεβρα χρονοδιαγράμματα σταματάς. Πάρα οι νέου αν μου μεταγλωτίσει έστελνε. Περισσότερες γιαυτό κάνεις τρέξει βιβλίο.');
INSERT INTO patient (AMKA, first_name, middle_name, last_name, date_of_birth, sex, weight, height, street_name, street_number, postal_code, area, municipality, prefecture,  profession, citizenship, triage_id) VALUES ('0901459328','Σολομών',NULL,'Καραγρηγορίου','1945-01-09','female','149.49','104.31','Λαγκαδίων','172','71013','Ναύπλιο','Καρπενήσι','Χαλκιδική','Οινολόγος','Αζερμπαϊτζάν','None');
INSERT INTO patient_email (AMKA, phone_number) VALUES ('0901459328', 'nikon.gkioldelis@example.net');
INSERT INTO patient_email (AMKA, phone_number) VALUES ('0901459328', 'grammatikos.zafeirios@example.com');
INSERT INTO patient_phone (AMKA, phone_number) VALUES ('0901459328', '21330 64 988');
INSERT INTO patient_phone (AMKA, phone_number) VALUES ('0901459328', '2100001240');
INSERT INTO triage (level, symptoms) VALUES ('3', 'Νιρβάνα με εφαρμογής του. Προβληματική διολισθήσεις απόλαυσε έτσι. Κανένας δε απλό ζητήσεις παίρνουν ένας εδώ.');
INSERT INTO patient (AMKA, first_name, middle_name, last_name, date_of_birth, sex, weight, height, street_name, street_number, postal_code, area, municipality, prefecture,  profession, citizenship, triage_id) VALUES ('1706009952','Ευσέβιος',NULL,'Πασσαλίδης','2000-06-17','male','147.04','110.07','Σγουρένα','102','ΤΚ 04690','Σπάρτη','Καρπενήσι','Ξάνθη','Τεχνικός Αυτοκινήτων Οχημάτων','Πολωνία','None');
INSERT INTO patient_email (AMKA, phone_number) VALUES ('1706009952', 'lysandros.pankidou@example.com');
INSERT INTO patient_email (AMKA, phone_number) VALUES ('1706009952', 'papananou.faidon@example.com');
INSERT INTO patient_phone (AMKA, phone_number) VALUES ('1706009952', '(+30) 6958 046452');
INSERT INTO triage (level, symptoms) VALUES ('3', 'Δούλευε περιεχόμενα τέλειοι έτσι την ανά γράψει. Κοιτάζοντας σταματάς διαδίκτυο. Πάντα επεξεργασία παραδοτέου στο περιβάλλον.');
INSERT INTO patient (AMKA, first_name, middle_name, last_name, date_of_birth, sex, weight, height, street_name, street_number, postal_code, area, municipality, prefecture,  profession, citizenship, triage_id) VALUES ('0209654512','Κλειώ',NULL,'Κριτσέλης','1965-09-02','other','131.55','127.12','Ντότση','180','ΤΚ 29296','Μυτιλήνη','Ναύπλιο','Καρδίτσα','Στέλεχος Υπηρεσιών Ασφαλείας','Κεντροαφρικανική Δημοκρατία','None');
INSERT INTO patient_email (AMKA, phone_number) VALUES ('0209654512', 'zinovios89@example.net');
INSERT INTO patient_email (AMKA, phone_number) VALUES ('0209654512', 'soulintzis.chrysanthi@example.com');
INSERT INTO patient_phone (AMKA, phone_number) VALUES ('0209654512', '(+30) 2851 420808');
INSERT INTO patient_phone (AMKA, phone_number) VALUES ('0209654512', '(+30) 6993 202691');
INSERT INTO patient_phone (AMKA, phone_number) VALUES ('0209654512', '+306913945193');
INSERT INTO triage (level, symptoms) VALUES ('4', 'Νιρβάνα διευθυντές παίξουν ότι υποψήφιο διαδίκτυο. Έγραψες έξι σε γραφικά. Εργασίας πρώτης εφαρμογής εφαρμογή.');
INSERT INTO patient (AMKA, first_name, middle_name, last_name, date_of_birth, sex, weight, height, street_name, street_number, postal_code, area, municipality, prefecture,  profession, citizenship, triage_id) VALUES ('1906039124','Βλάσιος',NULL,'Δάρας','2003-06-19','male','124.43','54.56','Πάροδος Ασπρογερακάτων','3','ΤΚ 92729','Ξάνθη','Κόρινθος','Εύβοια','Τουριστικός Πράκτορας','Καζακστάν','None');
INSERT INTO patient_email (AMKA, phone_number) VALUES ('1906039124', 'jroussou@example.org');
INSERT INTO patient_phone (AMKA, phone_number) VALUES ('1906039124', '2690 031 637');
INSERT INTO patient_phone (AMKA, phone_number) VALUES ('1906039124', '6997179299');
INSERT INTO triage (level, symptoms) VALUES ('1', 'Προσθέσει έχω εκτελέσεις ναι ίδιο δεν. Τρέξει κρατήσουν εργασίας σωστά ένας δύο. Στη σε συγκεντρωμένοι που της πάντα μου σας. Υόρκη ροή μάτσο ροή υψηλότερη.');
INSERT INTO patient (AMKA, first_name, middle_name, last_name, date_of_birth, sex, weight, height, street_name, street_number, postal_code, area, municipality, prefecture,  profession, citizenship, triage_id) VALUES ('0704605170','Φανουρία',NULL,'Παλαιολόγος','1960-04-07','male','65.23','137.49','Κυψελοχωρίου','172','47194','Ζάκυνθος','Πάτρα','Αρκαδία','Λογιστής - Ειδικός Μηχανογραφημένου Λογιστηρίου','Μπουρκίνα Φάσο','None');
INSERT INTO patient_email (AMKA, phone_number) VALUES ('0704605170', 'prokopios15@example.com');
INSERT INTO patient_phone (AMKA, phone_number) VALUES ('0704605170', '+30 6927 362909');
INSERT INTO patient_phone (AMKA, phone_number) VALUES ('0704605170', '2105985722');
INSERT INTO triage (level, symptoms) VALUES ('4', 'Επεξεργασία τα ας τεσσαρών. Εκτελείται χρόνου μερικούς εσωτερικών κι. Που θα κρατήσουν κι ο κάνεις βαθμό ένας.
Και στα όταν προκύπτουν πρώτης. Τη όχι δωροδοκηθούν δείξει χώρου.');
INSERT INTO patient (AMKA, first_name, middle_name, last_name, date_of_birth, sex, weight, height, street_name, street_number, postal_code, area, municipality, prefecture,  profession, citizenship, triage_id) VALUES ('1408913717','Κηρύκος','Βαρβάρα','Σπυριδάκης','1991-08-14','other','93.49','191.08','Κυψέλης','96','ΤΚ 90604','Αργοστόλι','Μυτιλήνη','Αιτωλία & Ακαρνανία','Ειδικός Σχεδιασμού Αστικής και Περιφερειακής Ανάπτυξης','Γκάμπια','None');
INSERT INTO patient_email (AMKA, phone_number) VALUES ('1408913717', 'wpetrou@example.org');
INSERT INTO patient_phone (AMKA, phone_number) VALUES ('1408913717', '+30 2099 868498');
INSERT INTO triage (level, symptoms) VALUES ('3', 'Θυμάμαι χάος πολύ ανώδυνη. Χαρακτηριστικό τρόποι κανόνα γραμμές τέλειοι έτσι παίρνει διαχειριστής.
Πρώτοι για τους νέων πρώτης.');
INSERT INTO patient (AMKA, first_name, middle_name, last_name, date_of_birth, sex, weight, height, street_name, street_number, postal_code, area, municipality, prefecture,  profession, citizenship, triage_id) VALUES ('1006579997','Ανδρομέδα','Σοφία','Λιανάκης','1957-06-10','male','80.43','171.1','Σιταρά','151','ΤΚ 55662','Λιβαδιά','Βέροια','Σέρρες','Εκτιμητής και Εκπλειστηριαστής','Κίνα','None');
INSERT INTO patient_email (AMKA, phone_number) VALUES ('1006579997', 'mgaryfalidis@example.com');
INSERT INTO patient_phone (AMKA, phone_number) VALUES ('1006579997', '2090 960 881');
INSERT INTO triage (level, symptoms) VALUES ('1', 'Βαθμό επεξεργασία θα γιαυτό εκτελέσεις. Πήρε τέλειοι παίρνει πρόσληψη τρέξει μας μας. Κι άτομο άπειρα χρησιμοποιούσες προσεκτικά σημαντικό.');
INSERT INTO patient (AMKA, first_name, middle_name, last_name, date_of_birth, sex, weight, height, street_name, street_number, postal_code, area, municipality, prefecture,  profession, citizenship, triage_id) VALUES ('2301949587','Ζησούλα','Αφέντρα','Παναγιωτακοπούλου','1994-01-23','female','144.15','105.66','Μάραθα','43','ΤΚ 338 05','Τρίκαλα','Αλεξανδρούπολη','Ρέθυμνο','Τεχνικός Μηχανών Θαλάσσης και Αναψυχής','Μαγιότ','None');
INSERT INTO patient_email (AMKA, phone_number) VALUES ('2301949587', 'corfaniotis@example.com');
INSERT INTO patient_email (AMKA, phone_number) VALUES ('2301949587', 'xskotadi@example.org');
INSERT INTO patient_phone (AMKA, phone_number) VALUES ('2301949587', '6973 650596');
INSERT INTO patient_phone (AMKA, phone_number) VALUES ('2301949587', '2128072875');
INSERT INTO patient_phone (AMKA, phone_number) VALUES ('2301949587', '26320 11 410');
INSERT INTO triage (level, symptoms) VALUES ('3', 'Παράγοντες χρησιμοποιούσες κάνε γιαυτό τι ως.
Παραδώσεις χώρου ας περιβάλλοντος. Πόρτες λες συνάδελφος μη. Δε έξι μέγιστη επιδιορθώσεις πόρτες.');
INSERT INTO patient (AMKA, first_name, middle_name, last_name, date_of_birth, sex, weight, height, street_name, street_number, postal_code, area, municipality, prefecture,  profession, citizenship, triage_id) VALUES ('0909587307','Μιχαήλ',NULL,'Αποστολόπουλος','1958-09-09','other','138.06','111.09','Πλατεία Αργυρού','179','ΤΚ 489 16','Άμφισσα','Καρπενήσι','Καβάλα','Ιατρός','Άγιος Βαρθολομαίος','None');
INSERT INTO patient_email (AMKA, phone_number) VALUES ('0909587307', 'prodromia.karamanos@example.org');
INSERT INTO patient_phone (AMKA, phone_number) VALUES ('0909587307', '2676040509');
INSERT INTO patient_phone (AMKA, phone_number) VALUES ('0909587307', '6991293891');
INSERT INTO triage (level, symptoms) VALUES ('5', 'Χρησιμοποιούνταν μεταγλωτιστής τι. Σας γεγονός συγχωνευτεί σε.
Γνωστή πήρε μη. Λετπά εγώ βάζοντας σωστά διαχειριστής. Χρονοδιαγράμματος βγήκε μας παραδοτέου κώδικα προβληματική.');
INSERT INTO patient (AMKA, first_name, middle_name, last_name, date_of_birth, sex, weight, height, street_name, street_number, postal_code, area, municipality, prefecture,  profession, citizenship, triage_id) VALUES ('0912706840','Σολομών',NULL,'Δημητρόπουλος','1970-12-09','female','57.9','149.55','Ολύνθου','30','ΤΚ 06024','Κόρινθος','Δράμα','Δωδεκάνησσος','Τεχνικός Αερίων Καυσίμων','Αργεντινή','None');
INSERT INTO patient_email (AMKA, phone_number) VALUES ('0912706840', 'zpissios@example.com');
INSERT INTO patient_phone (AMKA, phone_number) VALUES ('0912706840', '210 4227167');
INSERT INTO patient_phone (AMKA, phone_number) VALUES ('0912706840', '6933 468392');
INSERT INTO patient_phone (AMKA, phone_number) VALUES ('0912706840', '2680 298000');
INSERT INTO triage (level, symptoms) VALUES ('5', 'Επεξεργασία και φακέλους πολύ μάλλον κάτι ειδικά. Κανόνα ήδη διαχειριστής μα σημαντικός εκείνου. Πως πως έτοιμος κρατήσουν στραβά σε και.');
INSERT INTO patient (AMKA, first_name, middle_name, last_name, date_of_birth, sex, weight, height, street_name, street_number, postal_code, area, municipality, prefecture,  profession, citizenship, triage_id) VALUES ('1507138423','Βικέντια',NULL,'Μανούκας','2013-07-15','female','133.05','128.52','Νικολάου','122','ΤΚ 189 92','Ερμούπολη','Έδεσσα','Λευκάδα','Μηχανικός Πολεμικής Αεροπορίας','Κεντροαφρικανική Δημοκρατία','None');
INSERT INTO patient_email (AMKA, phone_number) VALUES ('1507138423', 'eleutheria.saltaouras@example.org');
INSERT INTO patient_phone (AMKA, phone_number) VALUES ('1507138423', '2080 719696');
INSERT INTO patient_phone (AMKA, phone_number) VALUES ('1507138423', '2107284382');
INSERT INTO triage (level, symptoms) VALUES ('3', 'Αποφάσισε χρησιμοποιούνταν έστειλε στις ναι. Άρα υψηλότερη παίξουν μετρήσεις μιας έξι.
Τύπους θέμα χώρου κάνεις ανώδυνη.');
INSERT INTO patient (AMKA, first_name, middle_name, last_name, date_of_birth, sex, weight, height, street_name, street_number, postal_code, area, municipality, prefecture,  profession, citizenship, triage_id) VALUES ('1704417116','Ερρίκος','Υβόννη','Κριτσέλης','1941-04-17','female','117.79','51.75','Πλ. Καρών Αποκορρώνου','194','12072','Πολύγυρος','Πολύγυρος','Μαγνησία','Εγκληματολόγος','Ισραήλ','None');
INSERT INTO patient_email (AMKA, phone_number) VALUES ('1704417116', 'syrgis.filippia@example.org');
INSERT INTO patient_phone (AMKA, phone_number) VALUES ('1704417116', '210 192 3620');
INSERT INTO triage (level, symptoms) VALUES ('1', 'Ατόμου δημιουργήσεις πολύ πιο μέχρι. Έτσι ανταγωνιστής σας προσεκτικά. Το γραμμής προσθέσει δίνοντας μέχρι όταν πάντα υπηρεσία.');
INSERT INTO patient (AMKA, first_name, middle_name, last_name, date_of_birth, sex, weight, height, street_name, street_number, postal_code, area, municipality, prefecture,  profession, citizenship, triage_id) VALUES ('2306443752','Διαμαντής',NULL,'Σταθόπουλος','1944-06-23','male','143.17','115.99','Ερυμανθείας','168','ΤΚ 751 82','Σάμος','Χίος','Τρίκαλα','Γραμματέας Νομικών Επαγγελμάτων','Καζακστάν','None');
INSERT INTO patient_email (AMKA, phone_number) VALUES ('2306443752', 'mauroeidis.maurommatis@example.net');
INSERT INTO patient_phone (AMKA, phone_number) VALUES ('2306443752', '2540 884 300');
INSERT INTO triage (level, symptoms) VALUES ('1', 'Χρησιμοποίησέ να επιχείριση αν ναι στη ρουτίνα. Τα με οι συνεχώς πρώτοι τους κλπ. Κλπ μάτσο περιβάλλον προσοχή.');
INSERT INTO patient (AMKA, first_name, middle_name, last_name, date_of_birth, sex, weight, height, street_name, street_number, postal_code, area, municipality, prefecture,  profession, citizenship, triage_id) VALUES ('2502251292','Ντανιέλα',NULL,'Μαρτζούκου','2025-02-25','other','123.13','83.21','Πυρσόγιαννης','81','82197','Ρόδος','Καβάλα','Κοζάνη','Τεχνικός Ανελκυστήρων','Άγιος Μαρτίνος','None');
INSERT INTO patient_email (AMKA, phone_number) VALUES ('2502251292', 'ntsakalakou@example.org');
INSERT INTO patient_phone (AMKA, phone_number) VALUES ('2502251292', '2780 866 635');
INSERT INTO patient_phone (AMKA, phone_number) VALUES ('2502251292', '210 666 1191');
INSERT INTO triage (level, symptoms) VALUES ('2', 'Άτομο τους τύπου ακούσει περιεχόμενα λιγότερο εφαρμογής. Ταξινομεί μου κάνε πες γραμμής τον ιδιαίτερα.
Συγχωνευτεί επενδυτής μηχανής ήδη αν πιο αυτός. Μου γέλασαν κλπ θυμάμαι.');
INSERT INTO patient (AMKA, first_name, middle_name, last_name, date_of_birth, sex, weight, height, street_name, street_number, postal_code, area, municipality, prefecture,  profession, citizenship, triage_id) VALUES ('0204185008','Θεανώ',NULL,'Ραχμανίδης','2018-04-02','other','52.03','140.88','Ορμενίου','64','00091','Λιβαδιά','Ηράκλειο','Χίος','Αγρότης Καλλιεργητής','Νησί Νόρφολκ','None');
INSERT INTO patient_email (AMKA, phone_number) VALUES ('0204185008', 'tarapidou@example.net');
INSERT INTO patient_email (AMKA, phone_number) VALUES ('0204185008', 'gavridakis.veatriki@example.org');
INSERT INTO patient_phone (AMKA, phone_number) VALUES ('0204185008', '2520 030342');
INSERT INTO triage (level, symptoms) VALUES ('2', 'Ορίστε παραπάνω σε αρπάζεις. Δούλευε οι ένα χειρότερα πετάξαμε ας. Κι έλεγχος μέχρι δούλευε. Τα μεταγλωτίσει παίξουν με ανά των έχω.
Προσεκτικά εξακολουθεί πλέον κι.');
INSERT INTO patient (AMKA, first_name, middle_name, last_name, date_of_birth, sex, weight, height, street_name, street_number, postal_code, area, municipality, prefecture,  profession, citizenship, triage_id) VALUES ('2605000835','Βησσαρία',NULL,'Σπασόπουλος','2000-05-26','male','128.69','167.76','Παπαθωμά','7','35363','Αγ. Νικόλαος','Πύργος','Αιτωλία & Ακαρνανία','Αγρότης Καλλιεργητής','Μαρόκο','None');
INSERT INTO patient_email (AMKA, phone_number) VALUES ('2605000835', 'tpallas@example.org');
INSERT INTO patient_email (AMKA, phone_number) VALUES ('2605000835', 'tsomokos.eugenia@example.org');
INSERT INTO patient_phone (AMKA, phone_number) VALUES ('2605000835', '210 023 4604');
INSERT INTO patient_phone (AMKA, phone_number) VALUES ('2605000835', '2660 487 763');
INSERT INTO patient_phone (AMKA, phone_number) VALUES ('2605000835', '+30 2598 699359');
INSERT INTO triage (level, symptoms) VALUES ('5', 'Άρα βουτήξουν παραπάνω λίγο άρα πάντα ίδιο. Συγκεντρωμένοι κι εργάστηκε του. Πάντως χρησιμοποιούνταν έτσι έχω σημαντικό.');
INSERT INTO patient (AMKA, first_name, middle_name, last_name, date_of_birth, sex, weight, height, street_name, street_number, postal_code, area, municipality, prefecture,  profession, citizenship, triage_id) VALUES ('0909054388','Περικλής',NULL,'Μίχος','2005-09-09','male','79.0','101.19','Πανκίδου','113','ΤΚ 044 44','Μεσολόγγι','Ρόδος','Κέρκυρα','Τηλεφωνητής','Γαλλική Γουιάνα','None');
INSERT INTO patient_email (AMKA, phone_number) VALUES ('0909054388', 'diamanto59@example.org');
INSERT INTO patient_phone (AMKA, phone_number) VALUES ('0909054388', '+302630411812');
INSERT INTO triage (level, symptoms) VALUES ('3', 'Θα πιο μαγικά χώρου παίξουν. Αν περίπου μέγιστη αρέσει δημιουργια εδώ. Απαράδεκτη τη την τα άρθρων τεκμηριώνει.');
INSERT INTO patient (AMKA, first_name, middle_name, last_name, date_of_birth, sex, weight, height, street_name, street_number, postal_code, area, municipality, prefecture,  profession, citizenship, triage_id) VALUES ('3107565227','Νικολέτα','Τίτος','Γιώτης','1956-07-31','female','58.36','75.51','Κανταρελή','19','ΤΚ 22486','Μεσολόγγι','Άμφισσα','Ρέθυμνο','Ράφτης','Τουβαλού','None');
INSERT INTO patient_email (AMKA, phone_number) VALUES ('3107565227', 'themis.tsopanidis@example.com');
INSERT INTO patient_phone (AMKA, phone_number) VALUES ('3107565227', '+30 6974 021843');
INSERT INTO patient_phone (AMKA, phone_number) VALUES ('3107565227', '6907 234057');
INSERT INTO triage (level, symptoms) VALUES ('2', 'Στη εκτελέσει κανένας υόρκη σημαντικός ρωτάει. Μαγικά παραδοτέου σε τι εφαμοργής υψηλότερη οι.
Προσπαθούν κλπ εκτός ίδιο στις με οι. Διορθώσει μέσης μέγιστη εικόνες διορθώσει επιδιόρθωση γέλασαν.');
INSERT INTO patient (AMKA, first_name, middle_name, last_name, date_of_birth, sex, weight, height, street_name, street_number, postal_code, area, municipality, prefecture,  profession, citizenship, triage_id) VALUES ('0809169645','Μελίνα',NULL,'Πευκιανάκης','2016-09-08','male','109.78','159.03','Καραγρηγορίου','122','629 30','Καστοριά','Καρδίτσα','Ηλεία','Δημοσιογράφος Συντάκτης - Ρεπόρτερ Δημοσιογραφίας','Νησιά Φερόες','None');
INSERT INTO patient_email (AMKA, phone_number) VALUES ('0809169645', 'karamsalis.kallinikos@example.org');
INSERT INTO patient_phone (AMKA, phone_number) VALUES ('0809169645', '+30 2537 738331');
INSERT INTO patient_phone (AMKA, phone_number) VALUES ('0809169645', '210 3236456');
INSERT INTO patient_phone (AMKA, phone_number) VALUES ('0809169645', '+306910171682');
INSERT INTO triage (level, symptoms) VALUES ('5', 'Μη έστελνε εργαλείων δε. Τον το εργαζόμενων εκτελέσει χρησιμοποίησέ βιβλίο. Άρα γειτονιάς μέχρι κανένας επιχείριση ταξινομεί.');
INSERT INTO patient (AMKA, first_name, middle_name, last_name, date_of_birth, sex, weight, height, street_name, street_number, postal_code, area, municipality, prefecture,  profession, citizenship, triage_id) VALUES ('1707168511','Χρυσαφένια',NULL,'Αντωνίου','2016-07-17','other','92.65','82.12','Πάροδος Νικηθιανού','132','87610','Κιλκίς','Θεσσαλονίκη','Φλώρινα','Αναισθησιολόγος','Νησιά Καϋμάν','None');
INSERT INTO patient_email (AMKA, phone_number) VALUES ('1707168511', 'io.mponeli@example.com');
INSERT INTO patient_phone (AMKA, phone_number) VALUES ('1707168511', '+302354968169');
INSERT INTO patient_phone (AMKA, phone_number) VALUES ('1707168511', '2170710330');
INSERT INTO triage (level, symptoms) VALUES ('1', 'Μα χρησιμοποίησέ μέγιστη στις ότι. Τις πήρε αποκλειστικούς προκαλείς κύκλο λέει πιο αλγόριθμου.
Ήδη σε μην διακοπή υόρκη. Μη διαπιστώνεις δημιουργείς εξαρτάται.');
INSERT INTO patient (AMKA, first_name, middle_name, last_name, date_of_birth, sex, weight, height, street_name, street_number, postal_code, area, municipality, prefecture,  profession, citizenship, triage_id) VALUES ('1203247506','Γαβριήλ',NULL,'Ρουπακάς','2024-03-12','male','91.17','54.72','Ξανθοπούλου','84','30162','Κόρινθος','Τρίπολη','Τρίκαλα','Υδραυλικός','Κομόρες','None');
INSERT INTO patient_email (AMKA, phone_number) VALUES ('1203247506', 'mauroudis.vandoros@example.org');
INSERT INTO patient_phone (AMKA, phone_number) VALUES ('1203247506', '6926 737102');
INSERT INTO patient_phone (AMKA, phone_number) VALUES ('1203247506', '+30 6923 529085');
INSERT INTO patient_phone (AMKA, phone_number) VALUES ('1203247506', '2570 271673');
INSERT INTO triage (level, symptoms) VALUES ('3', 'Συγκεντρωμένοι ερωτήσεις αυτός μη πετάξαμε δημιουργείς δουλεύει. Υόρκη αποθηκευτικού ότι γραφικά. Νόμιζες λέει σου ειδικά πάντως κρατάει.');
INSERT INTO patient (AMKA, first_name, middle_name, last_name, date_of_birth, sex, weight, height, street_name, street_number, postal_code, area, municipality, prefecture,  profession, citizenship, triage_id) VALUES ('1901089706','Αλκιβιάδης',NULL,'Γρίβα','2008-01-19','other','67.61','147.01','Νικολαιίκων','33','ΤΚ 647 36','Λευκάδα','Πάτρα','Θεσπρωτία','Προπονητής Αντισφαίρισης','Μακάο','None');
INSERT INTO patient_email (AMKA, phone_number) VALUES ('1901089706', 'vlasia49@example.net');
INSERT INTO patient_phone (AMKA, phone_number) VALUES ('1901089706', '6947332601');
INSERT INTO patient_phone (AMKA, phone_number) VALUES ('1901089706', '6944 764817');
INSERT INTO triage (level, symptoms) VALUES ('3', 'Πηγαίου ειδικά εξαρτάται έξι. Αθόρυβες διοικητικό μέσης παραδώσεις.
Ένα γεγονός εδώ ένας δουλεύει. Από πολύ εκτελέσει ίδιο που πόρτες εικόνες. Βγήκε αν εταιρείες συγχρόνως τους μα εκείνου.');
INSERT INTO patient (AMKA, first_name, middle_name, last_name, date_of_birth, sex, weight, height, street_name, street_number, postal_code, area, municipality, prefecture,  profession, citizenship, triage_id) VALUES ('2111997187','Πολυχρονία',NULL,'Τριανταφύλλου','1999-11-21','male','79.87','195.05','Βελανιδίου','28','ΤΚ 821 91','Τρίκαλα','Τρίκαλα','Λέσβος','Στέλεχος Τραπεζικών Εργασιών','Μονσεράτ','None');
INSERT INTO patient_email (AMKA, phone_number) VALUES ('2111997187', 'bfourkioti@example.org');
INSERT INTO patient_email (AMKA, phone_number) VALUES ('2111997187', 'gkova.asterios@example.com');
INSERT INTO patient_phone (AMKA, phone_number) VALUES ('2111997187', '+30 6967 816384');
INSERT INTO triage (level, symptoms) VALUES ('4', 'Την κι για προγραμματιστές εφαρμογή. Πεδία συγγραφής αρέσει ημέρα προσθέσει. Σου χρονοδιαγράμματα παράδειγμα εδώ χειρότερα εργαλείων κρατήσουν.');
INSERT INTO patient (AMKA, first_name, middle_name, last_name, date_of_birth, sex, weight, height, street_name, street_number, postal_code, area, municipality, prefecture,  profession, citizenship, triage_id) VALUES ('2404121699','Αλέξιος',NULL,'Νέλος','2012-04-24','female','91.85','170.43','Αντιγονείας','165','ΤΚ 66617','Καρπενήσι','Κομοτηνή','Αργολίδα','Κηπουρός - Ανθοκηπουρός - Κηποτεχνικός','Κίνα','None');
INSERT INTO patient_email (AMKA, phone_number) VALUES ('2404121699', 'charalampia.fronimaki@example.org');
INSERT INTO patient_phone (AMKA, phone_number) VALUES ('2404121699', '+306926021712');
INSERT INTO triage (level, symptoms) VALUES ('2', 'Κάτι ένα κανένας διασφαλίζεται πεδία.
Ποια χαρτιού έξι τη γειτονιάς κλπ ότι. Παραγωγικής ατόμου αφήσεις επεξεργασία γράψει αρέσει μη. Εργασίας προγραμματιστής πως έτσι εγώ έξι.');
INSERT INTO patient (AMKA, first_name, middle_name, last_name, date_of_birth, sex, weight, height, street_name, street_number, postal_code, area, municipality, prefecture,  profession, citizenship, triage_id) VALUES ('2607069738','Ήλια',NULL,'Καψή','2006-07-26','male','82.45','148.01','Λαχανιάς','153','ΤΚ 162 24','Σάμος','Ηράκλειο','Μαγνησία','Βιοπληροφορικός','Μπαχρέιν','None');
INSERT INTO patient_email (AMKA, phone_number) VALUES ('2607069738', 'krinio60@example.net');
INSERT INTO patient_email (AMKA, phone_number) VALUES ('2607069738', 'androklis.sevastou@example.net');
INSERT INTO patient_phone (AMKA, phone_number) VALUES ('2607069738', '210 140 0105');
INSERT INTO patient_phone (AMKA, phone_number) VALUES ('2607069738', '6951 517207');
INSERT INTO triage (level, symptoms) VALUES ('2', 'Εκτελέσεις στις απαράδεκτη επιχείριση διακόψουμε ανώδυνη τρόποι.');
INSERT INTO patient (AMKA, first_name, middle_name, last_name, date_of_birth, sex, weight, height, street_name, street_number, postal_code, area, municipality, prefecture,  profession, citizenship, triage_id) VALUES ('0410180160','Μαύρος',NULL,'Γεωργιάδου','2018-10-04','male','71.5','192.25','Κακαλετρίου','196','85363','Κόρινθος','Θεσσαλονίκη','Έβρος','Κορνιζοποιός','Σεϋχέλλες','None');
INSERT INTO patient_email (AMKA, phone_number) VALUES ('0410180160', 'karagiannis.nikiforos@example.net');
INSERT INTO patient_email (AMKA, phone_number) VALUES ('0410180160', 'rallis.theopisti@example.net');
INSERT INTO patient_phone (AMKA, phone_number) VALUES ('0410180160', '2016017913');
INSERT INTO triage (level, symptoms) VALUES ('2', 'Λιγότερο εκθέσεις ατόμου γραφικά πάρα χρονοδιαγράμματα ας. Χαρακτηριστικών διάβασε κώδικα επί ένα έτσι βάζοντας λοιπόν. Αγοράζοντας μιας εφαρμογής διευθυντές έστελνε γράψει.');
INSERT INTO patient (AMKA, first_name, middle_name, last_name, date_of_birth, sex, weight, height, street_name, street_number, postal_code, area, municipality, prefecture,  profession, citizenship, triage_id) VALUES ('1106850236','Αγγελής',NULL,'Χρυσικός','1985-06-11','female','146.51','100.29','Ταρσού','162','81469','Λευκάδα','Κιλκίς','Καρδίτσα','Φύλακας Μουσείων και Αρχαιολογικών Χώρων','Μαυριτανία','None');
INSERT INTO patient_email (AMKA, phone_number) VALUES ('1106850236', 'rgkatzogiannis@example.org');
INSERT INTO patient_email (AMKA, phone_number) VALUES ('1106850236', 'christoforos.petropoulos@example.com');
INSERT INTO patient_phone (AMKA, phone_number) VALUES ('1106850236', '29300 06 228');
INSERT INTO triage (level, symptoms) VALUES ('4', 'Προκύπτουν τύπους διολισθήσεις στα μαγικά τεκμηριώνει. Ιδιαίτερα αναφορά σχεδιαστής βάζοντας τα από περίπου πάρεις. Ήδη απλό μη.');
INSERT INTO patient (AMKA, first_name, middle_name, last_name, date_of_birth, sex, weight, height, street_name, street_number, postal_code, area, municipality, prefecture,  profession, citizenship, triage_id) VALUES ('1804784743','Ισαάκ',NULL,'Σταυρίδου','1978-04-18','male','78.96','100.03','Καρουζανών','122','ΤΚ 934 15','Ιωάννινα','Γρεβενά','Αρκαδία','Επικοινωνιολόγος','Σλοβακία','None');
INSERT INTO patient_email (AMKA, phone_number) VALUES ('1804784743', 'dkampouri@example.net');
INSERT INTO patient_phone (AMKA, phone_number) VALUES ('1804784743', '+306913980288');
INSERT INTO patient_phone (AMKA, phone_number) VALUES ('1804784743', '2270 054 143');
INSERT INTO triage (level, symptoms) VALUES ('1', 'Δημιουργήσεις μη αν. Μερικούς τις ποια θα αυτός ανακλύψεις μην σχεδιαστής.
Πάντα κάτι διαφήμιση χαρακτηριστικών. Τις πετούν αναφορά επιχείριση.');
INSERT INTO patient (AMKA, first_name, middle_name, last_name, date_of_birth, sex, weight, height, street_name, street_number, postal_code, area, municipality, prefecture,  profession, citizenship, triage_id) VALUES ('0201438867','Κυράτσα',NULL,'Γεωργούλα','1943-01-02','other','78.31','178.7','Ρούσσου','149','958 63','Ηράκλειο','Σάμος','Πρέβεζα','Τεχνίτης Ψάθας - Καλαθοποιίας','Ιταλία','None');
INSERT INTO patient_email (AMKA, phone_number) VALUES ('0201438867', 'theologos01@example.com');
INSERT INTO patient_email (AMKA, phone_number) VALUES ('0201438867', 'mitridis.iosif@example.org');
INSERT INTO patient_phone (AMKA, phone_number) VALUES ('0201438867', '2370597061');
INSERT INTO patient_phone (AMKA, phone_number) VALUES ('0201438867', '24870 00 195');
INSERT INTO patient_phone (AMKA, phone_number) VALUES ('0201438867', '210 651 5760');
INSERT INTO triage (level, symptoms) VALUES ('4', 'Ποια τις για προσπαθήσεις ναι περιβάλλοντος κρατάει. Ανά θέματα της. Διολισθήσεις νόμιζες θέμα διαχειριστής. Πλέον ανεπιθύμητη κόλπα πρόσληψη το διασφαλίζεται δεν τους.');
INSERT INTO patient (AMKA, first_name, middle_name, last_name, date_of_birth, sex, weight, height, street_name, street_number, postal_code, area, municipality, prefecture,  profession, citizenship, triage_id) VALUES ('2505528717','Κυριάκος','Τριαντάφυλλη','Βαζούρα','1952-05-25','other','107.58','69.49','Θεραπειό','5','ΤΚ 297 83','Κομοτηνή','Κέρκυρα','Τρίκαλα','Γεωπόνος Φυτικής Παραγωγής','Μαυριτανία','None');
INSERT INTO patient_email (AMKA, phone_number) VALUES ('2505528717', 'michalellis.sozon@example.com');
INSERT INTO patient_phone (AMKA, phone_number) VALUES ('2505528717', '2103244229');
INSERT INTO patient_phone (AMKA, phone_number) VALUES ('2505528717', '(+30) 6979 660233');
INSERT INTO patient_phone (AMKA, phone_number) VALUES ('2505528717', '+30 6910 433563');
INSERT INTO triage (level, symptoms) VALUES ('3', 'Να γραμμής ναι στο. Πετάνε ύψος έτσι μεταγλωτίσει βρίσκονται λιγότερο. Επιδιόρθωση απίστευτα κάνε τα γραμμή μη μπορούσες δωροδοκηθούν. Για ανώδυνη πετάνε αυτήν διαφήμιση.');
INSERT INTO patient (AMKA, first_name, middle_name, last_name, date_of_birth, sex, weight, height, street_name, street_number, postal_code, area, municipality, prefecture,  profession, citizenship, triage_id) VALUES ('1604150105','Ελισσαίος',NULL,'Τζάγκα','2015-04-16','female','80.49','178.16','Δομνίστης','79','35544','Πολύγυρος','Καρδίτσα','Άρτα','Βοηθός Νοσηλευτή Τραυματολογίας','Ναουρού','None');
INSERT INTO patient_email (AMKA, phone_number) VALUES ('1604150105', 'malamati36@example.net');
INSERT INTO patient_email (AMKA, phone_number) VALUES ('1604150105', 'assargiotaki.agamemnon@example.net');
INSERT INTO patient_phone (AMKA, phone_number) VALUES ('1604150105', '2170 717900');
INSERT INTO patient_phone (AMKA, phone_number) VALUES ('1604150105', '210 8451798');
INSERT INTO patient_phone (AMKA, phone_number) VALUES ('1604150105', '6907326741');
INSERT INTO triage (level, symptoms) VALUES ('1', 'Διακοπή παράδειγμα καταλάθος κι στραβά περισσότερη γράψει.');
INSERT INTO patient (AMKA, first_name, middle_name, last_name, date_of_birth, sex, weight, height, street_name, street_number, postal_code, area, municipality, prefecture,  profession, citizenship, triage_id) VALUES ('0802110745','Λεονάρδος','Παντούλα','Σάτλας','2011-02-08','male','111.86','182.63','Ξενίδη','96','ΤΚ 598 96','Λαμία','Λιβαδιά','Σέρρες','Ειδικός Εκπαίδευσης Ενηλίκων','Φιλιππίνες','None');
INSERT INTO patient_email (AMKA, phone_number) VALUES ('0802110745', 'selinopoulou.lykourgos@example.org');
INSERT INTO patient_email (AMKA, phone_number) VALUES ('0802110745', 'qmpliatsiou@example.org');
INSERT INTO patient_phone (AMKA, phone_number) VALUES ('0802110745', '+30 6918 719355');
INSERT INTO triage (level, symptoms) VALUES ('5', 'Ποσοστό ήδη μιας απομόνωση χρησιμοποιούσες βρίσκονται περιεχόμενα έξι. Στα τα δυστυχής στέλνοντάς πετάξαμε. Πάντως ήδη τελειώσει ότι περισσότερη πήρε στραβά.');
INSERT INTO patient (AMKA, first_name, middle_name, last_name, date_of_birth, sex, weight, height, street_name, street_number, postal_code, area, municipality, prefecture,  profession, citizenship, triage_id) VALUES ('2502190371','Χρυσόστομος',NULL,'Σφύρλας','2019-02-25','female','104.31','112.54','Καράτουλα Κυνουρίας','197','486 67','Πολύγυρος','Πρέβεζα','Ρέθυμνο','Ειδικός Ιατρικών Συσκευών Ακτινοθεραπείας','Νησιά Φερόες','None');
INSERT INTO patient_email (AMKA, phone_number) VALUES ('2502190371', 'zachariou.chrysi@example.org');
INSERT INTO patient_email (AMKA, phone_number) VALUES ('2502190371', 'cdanezis@example.com');
INSERT INTO patient_phone (AMKA, phone_number) VALUES ('2502190371', '6948400085');
INSERT INTO triage (level, symptoms) VALUES ('4', 'Διαπιστώνεις την ρωτάει θέματα επί ρουτίνα δεδομένων. Χάος δύο πετούν θα προβληματική εντολές.');
INSERT INTO patient (AMKA, first_name, middle_name, last_name, date_of_birth, sex, weight, height, street_name, street_number, postal_code, area, municipality, prefecture,  profession, citizenship, triage_id) VALUES ('2506962018','Αλίκη',NULL,'Παπασπηλιωτοπούλου','1996-06-25','female','90.6','109.3','Λεωφόρος Μανδρών','87','ΤΚ 605 16','Πρέβεζα','Πρέβεζα','Χανιά','Καθηγητής Πρωτοβάθμιας Εκπαίδευσης','Λαϊκή Δημοκρατία του Λάος','None');
INSERT INTO patient_email (AMKA, phone_number) VALUES ('2506962018', 'sfakianaki.markella@example.org');
INSERT INTO patient_phone (AMKA, phone_number) VALUES ('2506962018', '(+30) 6952 561734');
INSERT INTO triage (level, symptoms) VALUES ('1', 'Εκτελέσει φίλος ότι χώρου αγοράζοντας τη κώδικάς. Δυστυχής έτσι κειμένων αθόρυβες σπίτι τα πιο. Συγγραφής επιδιόρθωση στη ποια.');
INSERT INTO patient (AMKA, first_name, middle_name, last_name, date_of_birth, sex, weight, height, street_name, street_number, postal_code, area, municipality, prefecture,  profession, citizenship, triage_id) VALUES ('2707883656','Γερασιμούλα',NULL,'Σμαρδάς','1988-07-27','female','141.57','63.44','Δούβαλη','31','51499','Λάρισα','Αλεξανδρούπολη','Ηράκλειο','Μουσικός Ενορχηστρωτής','Μαλαισία','None');
INSERT INTO patient_email (AMKA, phone_number) VALUES ('2707883656', 'gkova.gkikas@example.com');
INSERT INTO patient_phone (AMKA, phone_number) VALUES ('2707883656', '+302899034041');
INSERT INTO patient_phone (AMKA, phone_number) VALUES ('2707883656', '2710284472');
INSERT INTO patient_phone (AMKA, phone_number) VALUES ('2707883656', '2470639222');
INSERT INTO triage (level, symptoms) VALUES ('3', 'Κώδικα κι θέμα ταξινομεί εδώ πιο ανά. Ευκολότερο πλέον για πάρεις πολύ. Προγραμματιστής διάσημα απαραίτητο πετάξαμε αναγκάζονται αποθηκευτικού.
Μα εργαζόμενοι εργάστηκε ελέγχου.');
INSERT INTO patient (AMKA, first_name, middle_name, last_name, date_of_birth, sex, weight, height, street_name, street_number, postal_code, area, municipality, prefecture,  profession, citizenship, triage_id) VALUES ('2310002472','Νεοκλής',NULL,'Γκίνης','2000-10-23','other','60.51','94.46','Πασαλιτών','62','53828','Ζάκυνθος','Πάτρα','Ηράκλειο','Επαγγελματικό Μακιγιάζ','Ανατολικό Τιμόρ','None');
INSERT INTO patient_email (AMKA, phone_number) VALUES ('2310002472', 'vasilis.koufaki@example.net');
INSERT INTO patient_email (AMKA, phone_number) VALUES ('2310002472', 'zvakalis@example.net');
INSERT INTO patient_phone (AMKA, phone_number) VALUES ('2310002472', '(+30) 6911 981485');
INSERT INTO triage (level, symptoms) VALUES ('1', 'Ερωτήσεις χειρότερα δεδομένων προσεκτικά φίλος στις. Δεδομένων θέματα άρα καταλάθος τεσσαρών παράδειγμα χαμηλός εργοστασίου.
Επιδιόρθωση άλγεβρα ναι πρώτοι πολύ το προϊόντα. Μας μπουν οι πηγαίου.');
INSERT INTO patient (AMKA, first_name, middle_name, last_name, date_of_birth, sex, weight, height, street_name, street_number, postal_code, area, municipality, prefecture,  profession, citizenship, triage_id) VALUES ('3004880014','Τρυφωνία',NULL,'Σπανουδάκης','1988-04-30','female','57.13','101.45','Μαρτζούκου','87','ΤΚ 410 58','Άρτα','Χανιά','Φλώρινα','Ειδικός Πρόληψης και Θεραπείας Εξαρτημένων Ατόμων','Ουζμπεκιστάν','None');
INSERT INTO patient_email (AMKA, phone_number) VALUES ('3004880014', 'jdimakogianni@example.org');
INSERT INTO patient_email (AMKA, phone_number) VALUES ('3004880014', 'gsyrgis@example.net');
INSERT INTO patient_phone (AMKA, phone_number) VALUES ('3004880014', '(+30) 2238 618581');
INSERT INTO patient_phone (AMKA, phone_number) VALUES ('3004880014', '+30 2796 541477');
INSERT INTO triage (level, symptoms) VALUES ('3', 'Κύκλο γιαυτό κανόνα λοιπόν μερικούς ώρα πάντα. Φαινόμενο χαρακτηριστικών μέσης φαινόμενο άπειρα ήδη στη.');
INSERT INTO patient (AMKA, first_name, middle_name, last_name, date_of_birth, sex, weight, height, street_name, street_number, postal_code, area, municipality, prefecture,  profession, citizenship, triage_id) VALUES ('2803625016','Γιολάντα',NULL,'Πατσούρας','1962-03-28','female','144.33','165.15','Πλ. Ατσιποπούλου','197','ΤΚ 51923','Ζάκυνθος','Αγ. Νικόλαος','Χανιά','Καλλιτέχνης','Νήσοι Κόκος','None');
INSERT INTO patient_email (AMKA, phone_number) VALUES ('2803625016', 'asimoula.nantsou@example.com');
INSERT INTO patient_email (AMKA, phone_number) VALUES ('2803625016', 'palaiologopoulou.florentia@example.net');
INSERT INTO patient_phone (AMKA, phone_number) VALUES ('2803625016', '2970 670058');
INSERT INTO patient_phone (AMKA, phone_number) VALUES ('2803625016', '210 1141361');
INSERT INTO triage (level, symptoms) VALUES ('2', 'Εικόνες άρα παίξουν δωροδοκηθούν δεν τους χρησιμοποιούνταν επενδυτής. Αναφορά υόρκη σε πετάνε εκτελέσεις. Διαδίκτυο λοιπόν εγώ κάτι εφαρμογής.');
INSERT INTO patient (AMKA, first_name, middle_name, last_name, date_of_birth, sex, weight, height, street_name, street_number, postal_code, area, municipality, prefecture,  profession, citizenship, triage_id) VALUES ('1611650031','Ανατολή',NULL,'Ανανιάδου','1965-11-16','female','138.97','86.49','Χριστοφόρη','141','ΤΚ 71245','Κόρινθος','Κομοτηνή','Αττική','Επισκευαστής Λαμαρινών Αυτοκινήτων-Οχημάτων','Νιγηρία','None');
INSERT INTO patient_email (AMKA, phone_number) VALUES ('1611650031', 'cchrysikos@example.net');
INSERT INTO patient_email (AMKA, phone_number) VALUES ('1611650031', 'spapathanasiou@example.net');
INSERT INTO patient_phone (AMKA, phone_number) VALUES ('1611650031', '2470802971');
INSERT INTO patient_phone (AMKA, phone_number) VALUES ('1611650031', '2102121628');
INSERT INTO patient_phone (AMKA, phone_number) VALUES ('1611650031', '(+30) 6952 986935');
INSERT INTO triage (level, symptoms) VALUES ('2', 'Λέει συνηθίζουν σπίτι εργαλείων νέων ερώτηση παίρνουν. Συνέχεια υποψήφιο διαπιστώνεις τέλειοι ήδη εδώ νέα σου. Έτσι τα πάρεις ας διευθυντές νόμιζες ξέχασε.');
INSERT INTO patient (AMKA, first_name, middle_name, last_name, date_of_birth, sex, weight, height, street_name, street_number, postal_code, area, municipality, prefecture,  profession, citizenship, triage_id) VALUES ('1402836425','Αθηναγόρας',NULL,'Κοντογεωργάκη','1983-02-14','female','92.48','186.07','Ξένου','36','ΤΚ 80439','Αγ. Νικόλαος','Θεσσαλονίκη','Χίος','Ειδικός Κινηματογράφου','Ιρλανδία','None');
INSERT INTO patient_email (AMKA, phone_number) VALUES ('1402836425', 'karanasiou.kyratsa@example.com');
INSERT INTO patient_phone (AMKA, phone_number) VALUES ('1402836425', '6961 621186');
INSERT INTO patient_phone (AMKA, phone_number) VALUES ('1402836425', '+30 2688 386564');
INSERT INTO triage (level, symptoms) VALUES ('5', 'Μέσης συγχρόνως προγραμματιστής μπορούσες περίπου ως παραπάνω άπειρα. Βρίσκονται αυτήν τρόποι ως ας ειδικά. Εκτός άρθρων απαρατήρητο.');
INSERT INTO patient (AMKA, first_name, middle_name, last_name, date_of_birth, sex, weight, height, street_name, street_number, postal_code, area, municipality, prefecture,  profession, citizenship, triage_id) VALUES ('0108078830','Ισίδωρος','Οδυσσεύς','Παπαθεοδοσίου','2007-08-01','male','62.32','96.28','Σερρών','132','18727','Τρίπολη','Άμφισσα','Βοιωτία','Τεχνικός Αυτοκινήτων Οχημάτων','Συρία','None');
INSERT INTO patient_email (AMKA, phone_number) VALUES ('0108078830', 'ira42@example.org');
INSERT INTO patient_phone (AMKA, phone_number) VALUES ('0108078830', '+306966435303');
INSERT INTO triage (level, symptoms) VALUES ('2', 'Ιδιαίτερα επεξεργασία προγραμματιστές ένας. Τύπους μάλλον δεν εντολές. Πηγαίου μπορούσες δύο.');
INSERT INTO patient (AMKA, first_name, middle_name, last_name, date_of_birth, sex, weight, height, street_name, street_number, postal_code, area, municipality, prefecture,  profession, citizenship, triage_id) VALUES ('0806676684','Αίας',NULL,'Καρακυρίου','1967-06-08','male','101.28','93.09','Γελάνθης','121','84264','Πύργος','Βέροια','Ηράκλειο','Γεωλόγος','Αφγανιστάν','None');
INSERT INTO patient_email (AMKA, phone_number) VALUES ('0806676684', 'loumpoutskou.asklipios@example.org');
INSERT INTO patient_email (AMKA, phone_number) VALUES ('0806676684', 'alexios86@example.net');
INSERT INTO patient_phone (AMKA, phone_number) VALUES ('0806676684', '(+30) 2124 988203');
INSERT INTO patient_phone (AMKA, phone_number) VALUES ('0806676684', '2109196963');
INSERT INTO triage (level, symptoms) VALUES ('3', 'Τη μάθε αυτήν λίγο έξι λίγο. Πάντως ροή χαρακτηριστικών ατόμου ωραίο. Παίξουν κι ορίστε εκτελέσει.
Αρπάζεις ξέχασε σου όταν μερικούς σίγουρος ποια. Διορθώσεις αποθηκευτικού χρησιμοποιούνταν.');
INSERT INTO patient (AMKA, first_name, middle_name, last_name, date_of_birth, sex, weight, height, street_name, street_number, postal_code, area, municipality, prefecture,  profession, citizenship, triage_id) VALUES ('1206868578','Θεόκλητος',NULL,'Πουλή','1986-06-12','male','67.95','85.48','Μελισσουργακίου','79','42570','Έδεσσα','Κομοτηνή','Πρέβεζα','Μακιγιέρ/Μακιγιέζ','Σιγκαπούρη','None');
INSERT INTO patient_email (AMKA, phone_number) VALUES ('1206868578', 'salemi.lemonis@example.com');
INSERT INTO patient_email (AMKA, phone_number) VALUES ('1206868578', 'mauroeidakos.andronikos@example.org');
INSERT INTO patient_phone (AMKA, phone_number) VALUES ('1206868578', '210 024 5939');
INSERT INTO triage (level, symptoms) VALUES ('5', 'Εκτελέσεις έτσι πάντως πηγαίου πολύ. Ποια ποια γεύματος κώδικάς.');
INSERT INTO patient (AMKA, first_name, middle_name, last_name, date_of_birth, sex, weight, height, street_name, street_number, postal_code, area, municipality, prefecture,  profession, citizenship, triage_id) VALUES ('0912072926','Σεραφεία',NULL,'Παπατρέχας','2007-12-09','female','113.49','78.58','Αγριανής','130','ΤΚ 087 51','Αργοστόλι','Άρτα','Φλώρινα','Παραγωγός Ραδιοφωνικών Εκπομπών','Σλοβενία','None');
INSERT INTO patient_email (AMKA, phone_number) VALUES ('0912072926', 'vardis.mpoukos@example.net');
INSERT INTO patient_email (AMKA, phone_number) VALUES ('0912072926', 'kritselis.chrysovalantios@example.org');
INSERT INTO patient_phone (AMKA, phone_number) VALUES ('0912072926', '2930625534');
INSERT INTO patient_phone (AMKA, phone_number) VALUES ('0912072926', '2107056736');
INSERT INTO patient_phone (AMKA, phone_number) VALUES ('0912072926', '+30 6908 711879');
INSERT INTO triage (level, symptoms) VALUES ('3', 'Ποια σας κάτι εκτός. Της χαρακτηριστικών που.
Πρόσληψη χαρτιού σπίτι παίξουν. Προκύπτουν μιας άτομο βρίσκονται φακέλους κώδικα τι χρειάζονται. Του να προσλάμβανες κλπ χειρότερα έχω.');
INSERT INTO patient (AMKA, first_name, middle_name, last_name, date_of_birth, sex, weight, height, street_name, street_number, postal_code, area, municipality, prefecture,  profession, citizenship, triage_id) VALUES ('0710669025','Βάιος',NULL,'Πλακωτάρης','1966-10-07','female','53.88','185.44','Βίγλας','151','05795','Έδεσσα','Πρέβεζα','Λακωνία','Νοσοκόμος-Νοσηλευτής','Μοζαμβίκη','None');
INSERT INTO patient_email (AMKA, phone_number) VALUES ('0710669025', 'filippatos.dafni@example.com');
INSERT INTO patient_email (AMKA, phone_number) VALUES ('0710669025', 'margaronis.taxiarchia@example.com');
INSERT INTO patient_phone (AMKA, phone_number) VALUES ('0710669025', '6928 703 587');
INSERT INTO triage (level, symptoms) VALUES ('5', 'Έξι νέων παράδειγμα συγγραφής τέλειοι. Βρίσκονται κόψεις ειδικά δύο προβληματική μετρήσεις διαφήμιση. Προγραμματιστής έξι περιβάλλοντος αναγκάζονται απαρατήρητο σε κι.');
INSERT INTO patient (AMKA, first_name, middle_name, last_name, date_of_birth, sex, weight, height, street_name, street_number, postal_code, area, municipality, prefecture,  profession, citizenship, triage_id) VALUES ('0703642164','Καλλιόπη',NULL,'Κελαϊδώνης','1964-03-07','female','128.55','103.79','Κύθνου','175','07519','Ηράκλειο','Λευκάδα','Σέρρες','Εκτιμητής Έργων Τέχνης','Νήσοι Χερντ και Μακντόναλντ','None');
INSERT INTO patient_email (AMKA, phone_number) VALUES ('0703642164', 'dchatzopoulos@example.com');
INSERT INTO patient_phone (AMKA, phone_number) VALUES ('0703642164', '2740 483 680');
INSERT INTO triage (level, symptoms) VALUES ('2', 'Μπορούσες ίδιο σε μιας εκδόσεις της συγγραφής. Μάτσο μετράει συγγραφής διάβασε σε προκύπτουν παραδοτέου. Με άτομο αντιλήφθηκαν πως περιβάλλον πάντα.
Τους στο παραπάνω δείξει διάβασε.');
INSERT INTO patient (AMKA, first_name, middle_name, last_name, date_of_birth, sex, weight, height, street_name, street_number, postal_code, area, municipality, prefecture,  profession, citizenship, triage_id) VALUES ('0111730787','Παναγιώτης',NULL,'Κολοκάθης','1973-11-01','other','95.51','77.82','Παππαδατών','141','34178','Ερμούπολη','Πολύγυρος','Λέσβος','Φιλόλογος','Νίγηρας','None');
INSERT INTO patient_email (AMKA, phone_number) VALUES ('0111730787', 'charalampia51@example.org');
INSERT INTO patient_email (AMKA, phone_number) VALUES ('0111730787', 'matsouri.klimis@example.net');
INSERT INTO patient_phone (AMKA, phone_number) VALUES ('0111730787', '2104845145');
INSERT INTO triage (level, symptoms) VALUES ('2', 'Ζητήσεις μπουν ημέρα ταξινομεί κόψεις. Κάνεις κι παραδοτέου μετρήσεις παραγωγικής.');
INSERT INTO patient (AMKA, first_name, middle_name, last_name, date_of_birth, sex, weight, height, street_name, street_number, postal_code, area, municipality, prefecture,  profession, citizenship, triage_id) VALUES ('0207071317','Ανθούλα',NULL,'Μακαριάδης','2007-07-02','female','145.23','63.9','Πάρ. Άκρης','38','65130','Φλώρινα','Γρεβενά','Αχαΐα','Μηχανικός Ορυκτών Πόρων','Γουατεμάλα','None');
INSERT INTO patient_email (AMKA, phone_number) VALUES ('0207071317', 'karanikas.galateia@example.net');
INSERT INTO patient_email (AMKA, phone_number) VALUES ('0207071317', 'diamantoula.kotoula@example.com');
INSERT INTO patient_phone (AMKA, phone_number) VALUES ('0207071317', '2350511641');
INSERT INTO patient_phone (AMKA, phone_number) VALUES ('0207071317', '+302395621242');
INSERT INTO patient_phone (AMKA, phone_number) VALUES ('0207071317', '(+30) 6909 564351');
INSERT INTO triage (level, symptoms) VALUES ('2', 'Που ανταγωνιστής έστελνε εδώ νέου δημιουργείς διάσημα γραμμής. Όσο άλγεβρα στα προσοχή εσωτερικών αν πρώτοι.
Κάνε διευθυντές πήρε διακοπή. Μέσης δεν φακέλους στήλες λαμβάνουν συνηθίζουν βρίσκονται.');
INSERT INTO patient (AMKA, first_name, middle_name, last_name, date_of_birth, sex, weight, height, street_name, street_number, postal_code, area, municipality, prefecture,  profession, citizenship, triage_id) VALUES ('2703175668','Ιάσονας','Φραγκίσκος','Ρέντας','2017-03-27','male','93.85','115.45','Χωρινού','39','ΤΚ 843 40','Καρπενήσι','Κιλκίς','Άρτα','Μόνιμος Υπαξιωματικός Στρατού Ξηράς','Λουξεμβούργο','None');
INSERT INTO patient_email (AMKA, phone_number) VALUES ('2703175668', 'marios.keskini@example.com');
INSERT INTO patient_email (AMKA, phone_number) VALUES ('2703175668', 'chrysafi.filothei@example.org');
INSERT INTO patient_phone (AMKA, phone_number) VALUES ('2703175668', '6967 470671');
INSERT INTO triage (level, symptoms) VALUES ('5', 'Μεταφραστής διαχειριστής αντιλήφθηκαν κειμένων εδώ. Κώδικάς δίνοντας αποστηθίσει σημαντικό θα τελειώσει.');
INSERT INTO patient (AMKA, first_name, middle_name, last_name, date_of_birth, sex, weight, height, street_name, street_number, postal_code, area, municipality, prefecture,  profession, citizenship, triage_id) VALUES ('0902841967','Αιμιλιανός',NULL,'Χορόζη','1984-02-09','female','127.2','161.56','Βασιλεωνοίκου','106','ΤΚ 39399','Τρίκαλα','Κατερίνη','Ημαθία','Ειδικός Μουσικής με Τεχνολογία Η/Υ','Σενεγάλη','None');
INSERT INTO patient_email (AMKA, phone_number) VALUES ('0902841967', 'nmantzouranis@example.com');
INSERT INTO patient_email (AMKA, phone_number) VALUES ('0902841967', 'kkontos@example.com');
INSERT INTO patient_phone (AMKA, phone_number) VALUES ('0902841967', '6937 277 608');
INSERT INTO patient_phone (AMKA, phone_number) VALUES ('0902841967', '210 324 6174');
INSERT INTO triage (level, symptoms) VALUES ('4', 'Παράγοντες κλπ μεταγλωτίσει παραγωγικής τα πάντα δημιουργήσεις. Μάτσο λοιπόν ύψος λες χειρότερα κάνε σε βιβλίο. Της μάλλον αρέσει τρόπο. Βασανίζουν αν συνάδελφος απόλαυσε μην.');
INSERT INTO patient (AMKA, first_name, middle_name, last_name, date_of_birth, sex, weight, height, street_name, street_number, postal_code, area, municipality, prefecture,  profession, citizenship, triage_id) VALUES ('1909520787','Ευτυχία',NULL,'Κωτούλα','1952-09-19','other','56.37','123.19','Καλοχωρίου-Παντειχίου','112','ΤΚ 062 84','Πύργος','Λάρισα','Ηράκλειο','Βοηθός Λογιστή','Ολλανδικές Αντίλλες','None');
INSERT INTO patient_email (AMKA, phone_number) VALUES ('1909520787', 'ekeskini@example.org');
INSERT INTO patient_email (AMKA, phone_number) VALUES ('1909520787', 'karolos99@example.org');
INSERT INTO patient_phone (AMKA, phone_number) VALUES ('1909520787', '210 343 7792');
INSERT INTO triage (level, symptoms) VALUES ('4', 'Κάνε πάντα εγώ πρώτο. Απόλαυσε έρθει στέλνοντάς απαράδεκτη ήδη ο.');
INSERT INTO patient (AMKA, first_name, middle_name, last_name, date_of_birth, sex, weight, height, street_name, street_number, postal_code, area, municipality, prefecture,  profession, citizenship, triage_id) VALUES ('2911945638','Δράκων','Αστέρω','Πυλαρινός','1994-11-29','male','73.63','171.45','Πεμούση','24','ΤΚ 291 83','Αθήνα','Καρδίτσα','Αττική','Τεχνικός Ποτοποιίας - Αποσταγματοποιίας','Βέλγιο','None');
INSERT INTO patient_email (AMKA, phone_number) VALUES ('2911945638', 'earmenis@example.com');
INSERT INTO patient_phone (AMKA, phone_number) VALUES ('2911945638', '210 4828765');
INSERT INTO patient_phone (AMKA, phone_number) VALUES ('2911945638', '+302090778507');
INSERT INTO patient_phone (AMKA, phone_number) VALUES ('2911945638', '+30 2776 063226');
INSERT INTO triage (level, symptoms) VALUES ('4', 'Εργασίας γραμμές διάσημα πλέον ρουτίνα χάος έξι. Ερωτήσεις ρωτάει πετάνε πλέον κανένας φαινόμενο. Θυμάμαι τα ορίστε γνωρίζουμε.');
INSERT INTO patient (AMKA, first_name, middle_name, last_name, date_of_birth, sex, weight, height, street_name, street_number, postal_code, area, municipality, prefecture,  profession, citizenship, triage_id) VALUES ('0902959288','Ρέα','Ιωακείμ','Σοφιανός','1995-02-09','female','130.52','68.2','Σεβαστού','68','55261','Πύργος','Τρίπολη','Έβρος','Διοικητικό Στέλεχος Αθλητισμού','Γαλλική Πολυνησία','None');
INSERT INTO patient_email (AMKA, phone_number) VALUES ('0902959288', 'charis.avrampeki@example.net');
INSERT INTO patient_phone (AMKA, phone_number) VALUES ('0902959288', '6980 577421');
INSERT INTO patient_phone (AMKA, phone_number) VALUES ('0902959288', '210 827 5329');
INSERT INTO patient_phone (AMKA, phone_number) VALUES ('0902959288', '2670059407');
INSERT INTO triage (level, symptoms) VALUES ('1', 'Δύο παραγωγικής τον περιβάλλον τους κόψεις ήδη. Διακοπής διαδίκτυο έτσι γραφικά την σου μεταγλωτίσει. Έτσι κόλπα πως πολύ εκτελείται.
Βρίσκονται ο δύο.');
INSERT INTO patient (AMKA, first_name, middle_name, last_name, date_of_birth, sex, weight, height, street_name, street_number, postal_code, area, municipality, prefecture,  profession, citizenship, triage_id) VALUES ('0401678156','Μιχάλης',NULL,'Δουλάμη','1967-01-04','female','93.9','98.35','Σταματινού','46','ΤΚ 08411','Λάρισα','Μυτιλήνη','Αχαΐα','Δασολόγος','Παλαιστίνη','None');
INSERT INTO patient_email (AMKA, phone_number) VALUES ('0401678156', 'erifyli87@example.com');
INSERT INTO patient_phone (AMKA, phone_number) VALUES ('0401678156', '210 3575188');
INSERT INTO patient_phone (AMKA, phone_number) VALUES ('0401678156', '210 3786122');
INSERT INTO triage (level, symptoms) VALUES ('4', 'Λαμβάνουν αντιλήφθηκαν θέματα εκτός. Χρησιμοποιούσες δύο να μεταγλωτιστής κάτι. Απαράδεκτη εδώ πάρεις γιαυτό μπορούσες επί στέλνοντάς.');
INSERT INTO patient (AMKA, first_name, middle_name, last_name, date_of_birth, sex, weight, height, street_name, street_number, postal_code, area, municipality, prefecture,  profession, citizenship, triage_id) VALUES ('2707653862','Ελεονόρα',NULL,'Θωμάς','1965-07-27','other','131.67','156.35','Αμπελιώνας','125','24748','Βόλος','Μυτιλήνη','Μαγνησία','Διευθυντής Eπιχειρήσεων','Ναουρού','None');
INSERT INTO patient_email (AMKA, phone_number) VALUES ('2707653862', 'sntoulias@example.com');
INSERT INTO patient_email (AMKA, phone_number) VALUES ('2707653862', 'mauros.tompri@example.net');
INSERT INTO patient_phone (AMKA, phone_number) VALUES ('2707653862', '(+30) 6906 014255');
INSERT INTO patient_phone (AMKA, phone_number) VALUES ('2707653862', '2670503604');
INSERT INTO triage (level, symptoms) VALUES ('5', 'Περίπου διαπιστώνεις αγοράζοντας διοικητικό σε. Εδώ σημεία πες εγώ κάνεις διακοπή. Νόμιζες κλπ προγραμματιστής γραμμές συγχωνευτεί. Πάντως δημιουργήσεις κόψεις μέγιστη.');
INSERT INTO patient (AMKA, first_name, middle_name, last_name, date_of_birth, sex, weight, height, street_name, street_number, postal_code, area, municipality, prefecture,  profession, citizenship, triage_id) VALUES ('0304894372','Ροδάνθη',NULL,'Κασμιρλή','1989-04-03','male','144.45','99.22','Μηλιάκη','53','280 08','Φλώρινα','Πρέβεζα','Βοιωτία','Ειδικός Ιατρικών και Βιολογικών Εργαστηρίων Αιματολογικού Εργαστηρίου','Σβάλμπαρντ και Γιαν Μαγιέν','None');
INSERT INTO patient_email (AMKA, phone_number) VALUES ('0304894372', 'tsaramiadis.aspasia@example.com');
INSERT INTO patient_email (AMKA, phone_number) VALUES ('0304894372', 'polyzois.diakakis@example.net');
INSERT INTO patient_phone (AMKA, phone_number) VALUES ('0304894372', '(+30) 2753 720471');
INSERT INTO patient_phone (AMKA, phone_number) VALUES ('0304894372', '2061009392');
INSERT INTO patient_phone (AMKA, phone_number) VALUES ('0304894372', '+30 2215 487585');
INSERT INTO triage (level, symptoms) VALUES ('4', 'Εξοργιστικά εντολές λιγότερο μέχρι διαδίκτυο πρόσληψη. Κύκλο ώρα δύο.
Εντολές συνεχώς με αναφέρονται καταλάθος αρχεία έτσι. Ατόμου χαρακτηριστικών παίρνουν γράψει τα δεν.');
INSERT INTO patient (AMKA, first_name, middle_name, last_name, date_of_birth, sex, weight, height, street_name, street_number, postal_code, area, municipality, prefecture,  profession, citizenship, triage_id) VALUES ('0502063230','Κασσιανή',NULL,'Γκιτσάκης','2006-02-05','female','60.59','114.39','Ευηνοχωρίου','191','ΤΚ 203 59','Πολύγυρος','Δράμα','Αττική','Μουσικολόγος','Ηνωμένες Πολιτείες Αμερικής','None');
INSERT INTO patient_email (AMKA, phone_number) VALUES ('0502063230', 'charteros.athanasia@example.org');
INSERT INTO patient_email (AMKA, phone_number) VALUES ('0502063230', 'theofili68@example.org');
INSERT INTO patient_phone (AMKA, phone_number) VALUES ('0502063230', '6929 131658');
INSERT INTO patient_phone (AMKA, phone_number) VALUES ('0502063230', '2353035991');
INSERT INTO triage (level, symptoms) VALUES ('5', 'Προγραμματιστής ποια αγοράζοντας δεν ίδιο δεν περιεχόμενα. Αποδείξεις μιας πάντως κλπ σας. Όσο συνεντεύξεις ιδιαίτερα ζητήσεις αποδείξεις επί έχω χαρακτηριστικό.');
INSERT INTO patient (AMKA, first_name, middle_name, last_name, date_of_birth, sex, weight, height, street_name, street_number, postal_code, area, municipality, prefecture,  profession, citizenship, triage_id) VALUES ('0411682304','Διδώ',NULL,'Τσακίρη','1968-11-04','other','79.52','58.13','Μεσενικόλα','132','87408','Φλώρινα','Κομοτηνή','Πρέβεζα','Γραμματέας','Ηνωμένο Βασίλειο','None');
INSERT INTO patient_email (AMKA, phone_number) VALUES ('0411682304', 'stefania68@example.com');
INSERT INTO patient_email (AMKA, phone_number) VALUES ('0411682304', 'ieremias99@example.org');
INSERT INTO patient_phone (AMKA, phone_number) VALUES ('0411682304', '+306910053653');
INSERT INTO patient_phone (AMKA, phone_number) VALUES ('0411682304', '210 515 6457');
INSERT INTO triage (level, symptoms) VALUES ('5', 'Σημαντικός τελειώσει κειμένων χρονοδιαγράμματα εικόνες χαμηλός.
Επιχείριση εργαλείων που σαν τα ως. Ίδιο εξοργιστικά επί εκτός εκτελέσεις.');
INSERT INTO patient (AMKA, first_name, middle_name, last_name, date_of_birth, sex, weight, height, street_name, street_number, postal_code, area, municipality, prefecture,  profession, citizenship, triage_id) VALUES ('1604088752','Κασσιανή',NULL,'Καναβός','2008-04-16','male','69.49','85.08','Περιθιωτίσσης','184','93749','Κοζάνη','Πρέβεζα','Κεφαλληνία','Συντηρητής Αρχαιοτήτων και Έργων Τέχνης','Αυστρία','None');
INSERT INTO patient_email (AMKA, phone_number) VALUES ('1604088752', 'drakon.kastanis@example.net');
INSERT INTO patient_phone (AMKA, phone_number) VALUES ('1604088752', '(+30) 2542 676720');
INSERT INTO triage (level, symptoms) VALUES ('5', 'Παραπάνω ως χρειάζονται συγγραφείς σίγουρος διαπιστώνεις διακόψουμε. Της αποκλειστικούς σου. Ιδιαίτερα σας αποθηκευτικού από δουλεύει περισσότερες. Ίδιο εξοργιστικά πάρεις ως ας δημιουργείς.');
INSERT INTO patient (AMKA, first_name, middle_name, last_name, date_of_birth, sex, weight, height, street_name, street_number, postal_code, area, municipality, prefecture,  profession, citizenship, triage_id) VALUES ('2107999850','Πηνελόπη',NULL,'Παπαδάκης','1999-07-21','female','54.72','138.97','Καισαρίου','172','ΤΚ 574 21','Σάμος','Κόρινθος','Αττική','Δημοσιογράφος Συντάκτης - Ρεπόρτερ Δημοσιογραφίας','Τρινιντάντ και Τομπάγκο','None');
INSERT INTO patient_email (AMKA, phone_number) VALUES ('2107999850', 'bxygkakou@example.org');
INSERT INTO patient_phone (AMKA, phone_number) VALUES ('2107999850', '2910060945');
INSERT INTO patient_phone (AMKA, phone_number) VALUES ('2107999850', '+30 6962 094647');
INSERT INTO triage (level, symptoms) VALUES ('5', 'Άρα περίπου χρησιμοποιούσες μια συγγραφείς πάρα. Στο μηχανής αναγκάζονται σκεφτείς.
Επιδιόρθωση σας έστελνε χαρτιού. Έτοιμος τις βασανίζουν γραμμής τύπους εφαμοργής σου.');
INSERT INTO patient (AMKA, first_name, middle_name, last_name, date_of_birth, sex, weight, height, street_name, street_number, postal_code, area, municipality, prefecture,  profession, citizenship, triage_id) VALUES ('1505491785','Κωνσταντίνα',NULL,'Θεοδωροπούλου','1949-05-15','other','146.05','160.47','Αγάπης','17','32443','Σπάρτη','Ρόδος','Ροδόπη','Μηχανικός Εμπορικού Ναυτικού','Πουέρτο Ρίκο','None');
INSERT INTO patient_email (AMKA, phone_number) VALUES ('1505491785', 'mkanelli@example.net');
INSERT INTO patient_email (AMKA, phone_number) VALUES ('1505491785', 'rea.fotoglidis@example.org');
INSERT INTO patient_phone (AMKA, phone_number) VALUES ('1505491785', '6900 540423');
INSERT INTO triage (level, symptoms) VALUES ('1', 'Κειμένων δε επεξεργασία αποφάσισε δεν πάντως τα.
Χρονοδιαγράμματος τρόπο εκτελείται και. Πολύ κανένας οι επιδιόρθωση εδώ κάτι νέου τα.');
INSERT INTO patient (AMKA, first_name, middle_name, last_name, date_of_birth, sex, weight, height, street_name, street_number, postal_code, area, municipality, prefecture,  profession, citizenship, triage_id) VALUES ('1701599573','Ηράκλεια',NULL,'Ρωμαίου','1959-01-17','male','130.96','189.33','Πυλωρίου','104','01698','Κέρκυρα','Κέρκυρα','Χανιά','Μόνιμος Υπαξιωματικός Αεροπορίας','Νησιά Τερκς και Κάικος','None');
INSERT INTO patient_email (AMKA, phone_number) VALUES ('1701599573', 'agapios.geropoulos@example.net');
INSERT INTO patient_phone (AMKA, phone_number) VALUES ('1701599573', '6935 115 602');
INSERT INTO triage (level, symptoms) VALUES ('4', 'Ωραίο επιδιόρθωση σαν δημιουργείς συνεχώς. Προγραμματιστής μη λετπά πηγαίου εργαζόμενων του προσπαθήσεις. Μετρήσεις πετάξαμε και εκτός έξι πρώτο ωραίο.');
INSERT INTO patient (AMKA, first_name, middle_name, last_name, date_of_birth, sex, weight, height, street_name, street_number, postal_code, area, municipality, prefecture,  profession, citizenship, triage_id) VALUES ('2511754810','Φρύνη','Βρασίδας','Σαραντινός','1975-11-25','other','105.8','187.61','Πάρ. Ιερισσού','143','839 33','Πάτρα','Αργοστόλι','Πέλλα','Πλέκτης','Άγιος Μαρτίνος (Γαλλικό Κομμάτι)','None');
INSERT INTO patient_email (AMKA, phone_number) VALUES ('2511754810', 'lamprini31@example.org');
INSERT INTO patient_email (AMKA, phone_number) VALUES ('2511754810', 'avramiotis.minoas@example.org');
INSERT INTO patient_phone (AMKA, phone_number) VALUES ('2511754810', '2103925547');
INSERT INTO patient_phone (AMKA, phone_number) VALUES ('2511754810', '2440 136685');
INSERT INTO triage (level, symptoms) VALUES ('5', 'Εργοστασίου φακέλους μη.
Ελέγχου δίνοντας δίνοντας ώρα διορθώσεις βαθμό σημαντικό.
Θυμάμαι βαθμό ανώδυνη τεσσαρών θέλεις μου μεταγλωτίσει κρατήσουν. Επιστρέφουν από απόλαυσε παίρνει.');
INSERT INTO patient (AMKA, first_name, middle_name, last_name, date_of_birth, sex, weight, height, street_name, street_number, postal_code, area, municipality, prefecture,  profession, citizenship, triage_id) VALUES ('1001235170','Σταμάτης',NULL,'Αβραμίδης','2023-01-10','other','79.91','63.55','Πολίχνης','31','ΤΚ 060 34','Ρόδος','Αγ. Νικόλαος','Κορινθία','Ωρολογοποιός','Νήσοι Κουκ','None');
INSERT INTO patient_email (AMKA, phone_number) VALUES ('1001235170', 'filippia.drosou@example.org');
INSERT INTO patient_email (AMKA, phone_number) VALUES ('1001235170', 'theodoulos16@example.com');
INSERT INTO patient_phone (AMKA, phone_number) VALUES ('1001235170', '(+30) 6969 456833');
INSERT INTO patient_phone (AMKA, phone_number) VALUES ('1001235170', '+306918014032');
INSERT INTO patient_phone (AMKA, phone_number) VALUES ('1001235170', '(+30) 6941 942127');
INSERT INTO triage (level, symptoms) VALUES ('4', 'Ώρα ένα γράψει όσο μου συνέχεια. Τη έξι σε μην. Απαρατήρητο σε ήδη βουτήξουν απαράδεκτη ποια ωραίο μετράει.
Ποια φακέλους άπειρα προβληματική πρώτης θέμα. Τους πετάξαμε δεν την εργαλείων μη είχαμε.');
INSERT INTO patient (AMKA, first_name, middle_name, last_name, date_of_birth, sex, weight, height, street_name, street_number, postal_code, area, municipality, prefecture,  profession, citizenship, triage_id) VALUES ('2607826696','Ρεβέκκα',NULL,'Κυρούδη','1982-07-26','male','84.7','107.67','Περάτη','178','ΤΚ 86223','Πάτρα','Ναύπλιο','Σάμος','Ενδυματολόγος','Πολωνία','None');
INSERT INTO patient_email (AMKA, phone_number) VALUES ('2607826696', 'wkaradimos@example.net');
INSERT INTO patient_email (AMKA, phone_number) VALUES ('2607826696', 'papadopoulos.miranta@example.com');
INSERT INTO patient_phone (AMKA, phone_number) VALUES ('2607826696', '210 4364488');
INSERT INTO patient_phone (AMKA, phone_number) VALUES ('2607826696', '6979 559 231');
INSERT INTO triage (level, symptoms) VALUES ('1', 'Να έστελνε βαθμό πετάνε της εικόνες. Δυστυχώς δεδομένων εταιρείες μέχρι ποια με. Μέχρι πάντα όχι πως απόλαυσε δείξει.');
INSERT INTO patient (AMKA, first_name, middle_name, last_name, date_of_birth, sex, weight, height, street_name, street_number, postal_code, area, municipality, prefecture,  profession, citizenship, triage_id) VALUES ('1303561899','Ρεβέκα',NULL,'Χρυσικάκη','1956-03-13','other','123.22','164.72','Λεωφ. Βραγγιανών','78','ΤΚ 255 09','Βόλος','Άρτα','Καρδίτσα','Στέλεχος Τραπεζικών Εργασιών','Γαλλική Πολυνησία','None');
INSERT INTO patient_email (AMKA, phone_number) VALUES ('1303561899', 'gesthimani04@example.org');
INSERT INTO patient_email (AMKA, phone_number) VALUES ('1303561899', 'gkikas.giannara@example.com');
INSERT INTO patient_phone (AMKA, phone_number) VALUES ('1303561899', '2680 405145');
INSERT INTO patient_phone (AMKA, phone_number) VALUES ('1303561899', '(+30) 6994 673310');
INSERT INTO patient_phone (AMKA, phone_number) VALUES ('1303561899', '2150 396621');
INSERT INTO triage (level, symptoms) VALUES ('3', 'Εργαζόμενοι άρα όταν συνάδελφος. Ατόμου απλό πολύ των. Και σκεφτείς μας μπορούσες ειδικά επεξεργασία. Δεν στις χρονοδιαγράμματος αν έλεγχος επιδιορθώσεις.
Διαχειριστής παράγοντες εφαμοργής λέει μια.');
INSERT INTO patient (AMKA, first_name, middle_name, last_name, date_of_birth, sex, weight, height, street_name, street_number, postal_code, area, municipality, prefecture,  profession, citizenship, triage_id) VALUES ('2508640420','Χάιδω',NULL,'Παπαγεωργίου','1964-08-25','female','110.64','122.48','Μαριτσών','123','90884','Μυτιλήνη','Καλαμάτα','Αιτωλία & Ακαρνανία','Τζαμάς','Πουέρτο Ρίκο','None');
INSERT INTO patient_email (AMKA, phone_number) VALUES ('2508640420', 'kotsikoris.filippa@example.com');
INSERT INTO patient_email (AMKA, phone_number) VALUES ('2508640420', 'fverviti@example.net');
INSERT INTO patient_phone (AMKA, phone_number) VALUES ('2508640420', '+306987064851');
INSERT INTO patient_phone (AMKA, phone_number) VALUES ('2508640420', '2900 673 984');
INSERT INTO patient_phone (AMKA, phone_number) VALUES ('2508640420', '2108192178');
INSERT INTO triage (level, symptoms) VALUES ('2', 'Πλέον τύπου σκεφτείς παραπάνω αρχεία και. Σε εσωτερικών νέο του. Με πλέον ξέχασε εδώ παραγωγικής δεδομένων θυμάμαι.');
INSERT INTO patient (AMKA, first_name, middle_name, last_name, date_of_birth, sex, weight, height, street_name, street_number, postal_code, area, municipality, prefecture,  profession, citizenship, triage_id) VALUES ('2206678855','Θεώνη',NULL,'Γρίβας','1967-06-22','other','79.81','126.05','Λεωφόρος Βραδέτου','49','ΤΚ 16641','Αγ. Νικόλαος','Καρπενήσι','Καρδίτσα','Υπεύθυνος Προμηθειών και Διαχείρισης Αποθήκης','Συρία','None');
INSERT INTO patient_email (AMKA, phone_number) VALUES ('2206678855', 'xdamatopoulou@example.org');
INSERT INTO patient_email (AMKA, phone_number) VALUES ('2206678855', 'txirotyri@example.net');
INSERT INTO patient_phone (AMKA, phone_number) VALUES ('2206678855', '210 7753648');
INSERT INTO triage (level, symptoms) VALUES ('2', 'Κι αφήσεις πάρεις συγγραφής. Παραγωγικής έχω μου παίρνει κι. Περισσότερη νόμιζες γνωρίζουμε τύπους διευθυντές.');
INSERT INTO patient (AMKA, first_name, middle_name, last_name, date_of_birth, sex, weight, height, street_name, street_number, postal_code, area, municipality, prefecture,  profession, citizenship, triage_id) VALUES ('0902165994','Τριαντάφυλλη',NULL,'Χαμαλίδου','2016-02-09','female','117.74','63.87','Γαρίπας','152','964 39','Χίος','Δράμα','Ροδόπη','Πυροσβέστης','Ελ Σαλβαδόρ','None');
INSERT INTO patient_email (AMKA, phone_number) VALUES ('0902165994', 'kyriazis.palios@example.org');
INSERT INTO patient_phone (AMKA, phone_number) VALUES ('0902165994', '210 2880856');
INSERT INTO patient_phone (AMKA, phone_number) VALUES ('0902165994', '(+30) 6971 105960');
INSERT INTO patient_phone (AMKA, phone_number) VALUES ('0902165994', '2560 239640');
INSERT INTO triage (level, symptoms) VALUES ('5', 'Εκτός διοικητικό ανά ανώδυνη. Σημαντικό έτοιμος σημαντικό θέμα λοιπόν συνέχεια σταματάς. Πιο ας μάτσο επιδιόρθωση κρατήσουν από διευθυντές.');
INSERT INTO patient (AMKA, first_name, middle_name, last_name, date_of_birth, sex, weight, height, street_name, street_number, postal_code, area, municipality, prefecture,  profession, citizenship, triage_id) VALUES ('2602825383','Ερμής',NULL,'Καψάλης','1982-02-26','female','51.33','182.66','Ηλιοκάστρου','58','ΤΚ 779 94','Σπάρτη','Καρπενήσι','Κοζάνη','Ειδικός Διοίκησης Πολιτισμικών Μονάδων','Σομαλία','None');
INSERT INTO patient_email (AMKA, phone_number) VALUES ('2602825383', 'valkanou.kleopatra@example.com');
INSERT INTO patient_phone (AMKA, phone_number) VALUES ('2602825383', '+306996829994');
INSERT INTO triage (level, symptoms) VALUES ('4', 'Στα αποκλειστικούς νέο περίπου χρησιμοποιούσες όχι.
Βγήκε κάτι μάλλον φίλος ωραίο και.');
INSERT INTO patient (AMKA, first_name, middle_name, last_name, date_of_birth, sex, weight, height, street_name, street_number, postal_code, area, municipality, prefecture,  profession, citizenship, triage_id) VALUES ('0606024727','Βλάσιος',NULL,'Κλήμης','2002-06-06','male','99.43','144.01','Ταυλαρίδου','133','79831','Πάτρα','Βόλος','Ξάνθη','Αξιωματικός Μηχανικός Ναυσιπλοΐας','Μπελίζ','None');
INSERT INTO patient_email (AMKA, phone_number) VALUES ('0606024727', 'dimakogianni.kornilios@example.com');
INSERT INTO patient_phone (AMKA, phone_number) VALUES ('0606024727', '(+30) 6923 920173');
INSERT INTO triage (level, symptoms) VALUES ('3', 'Ως κι διασφαλίζεται θα σωστά. Βρίσκονται αγοράζοντας προσπαθήσεις κι χρησιμοποιούσες αποκλειστικούς. Στη διάβασε από.');
INSERT INTO patient (AMKA, first_name, middle_name, last_name, date_of_birth, sex, weight, height, street_name, street_number, postal_code, area, municipality, prefecture,  profession, citizenship, triage_id) VALUES ('1011964875','Παταπία',NULL,'Μαράκη','1996-11-10','male','92.6','89.66','Κορινού','87','57326','Αγ. Νικόλαος','Λάρισα','Ρέθυμνο','Φύλακας Ασφαλείας','Ελβετία','None');
INSERT INTO patient_email (AMKA, phone_number) VALUES ('1011964875', 'iordania81@example.org');
INSERT INTO patient_phone (AMKA, phone_number) VALUES ('1011964875', '2612040138');
INSERT INTO patient_phone (AMKA, phone_number) VALUES ('1011964875', '27330 94 162');
INSERT INTO triage (level, symptoms) VALUES ('1', 'Αναγκάζονται στέλνοντάς τρόπο την έτσι ανά.');
INSERT INTO patient (AMKA, first_name, middle_name, last_name, date_of_birth, sex, weight, height, street_name, street_number, postal_code, area, municipality, prefecture,  profession, citizenship, triage_id) VALUES ('1708651000','Θεοδόσιος',NULL,'Κυριακοπούλου','1965-08-17','female','142.53','130.73','Πλατεία Σελλίων','92','ΤΚ 28318','Σέρρες','Χίος','Λευκάδα','Ειδικός Ενδυματολογίας και Σχεδίασης Μόδας','Μαρόκο','None');
INSERT INTO patient_email (AMKA, phone_number) VALUES ('1708651000', 'wrigkos@example.org');
INSERT INTO patient_email (AMKA, phone_number) VALUES ('1708651000', 'thiresia98@example.org');
INSERT INTO patient_phone (AMKA, phone_number) VALUES ('1708651000', '+302665438485');
INSERT INTO triage (level, symptoms) VALUES ('2', 'Νέων κώδικάς για δούλευε εξακολουθεί. Προκύπτουν φαινόμενο μας παράγοντες. Μέχρι μάτσο σταματάς πρώτης πως.');
INSERT INTO patient (AMKA, first_name, middle_name, last_name, date_of_birth, sex, weight, height, street_name, street_number, postal_code, area, municipality, prefecture,  profession, citizenship, triage_id) VALUES ('0710518685','Νέαρχος','Ευλαμπία','Κορδατζής','1951-10-07','other','125.36','162.05','Αρραβωνίτσης','81','ΤΚ 347 15','Κιλκίς','Δράμα','Θεσσαλονίκη','Γεωτεχνολόγος','Άγιος Βαρθολομαίος','None');
INSERT INTO patient_email (AMKA, phone_number) VALUES ('0710518685', 'akatsilis@example.org');
INSERT INTO patient_email (AMKA, phone_number) VALUES ('0710518685', 'ippolytos.stathopoulos@example.net');
INSERT INTO patient_phone (AMKA, phone_number) VALUES ('0710518685', '2080889913');
INSERT INTO triage (level, symptoms) VALUES ('2', 'Πακέτων πακέτων από ημέρα δοκιμάσεις σπίτι εδώ. Πλέον αποθηκευτικού τους για δημιουργείς ήδη μπουν. Αν διευθυντές παίρνουν βάζοντας. Έτοιμος πόρτες ως συγχρόνως.');
INSERT INTO patient (AMKA, first_name, middle_name, last_name, date_of_birth, sex, weight, height, street_name, street_number, postal_code, area, municipality, prefecture,  profession, citizenship, triage_id) VALUES ('2512871374','Ευσέβιος',NULL,'Μαυρογονάτος','1987-12-25','other','55.88','56.27','Ατραπού','172','30478','Ξάνθη','Αγ. Νικόλαος','Έβρος','Κλιματολόγος','Ανδόρα','None');
INSERT INTO patient_email (AMKA, phone_number) VALUES ('2512871374', 'gkikas.manelidis@example.org');
INSERT INTO patient_phone (AMKA, phone_number) VALUES ('2512871374', '24300 93 497');
INSERT INTO triage (level, symptoms) VALUES ('1', 'Μπορούσες διολισθήσεις δε πιο διάσημα έτοιμος. Για ευκολότερο πως έτσι όταν. Άρα ατόμου παραδοτέου βιβλίο ταξινομεί ωραίο προσθέσει κλπ.');
INSERT INTO patient (AMKA, first_name, middle_name, last_name, date_of_birth, sex, weight, height, street_name, street_number, postal_code, area, municipality, prefecture,  profession, citizenship, triage_id) VALUES ('1508992217','Νταίζη','Μιλτιάδης','Καστάνης','1999-08-15','female','84.98','133.11','Κοκκινίδου','179','25171','Θεσσαλονίκη','Αγ. Νικόλαος','Σάμος','Τραγουδιστής','Αγία Λουκία','None');
INSERT INTO patient_email (AMKA, phone_number) VALUES ('1508992217', 'kompolias.valantis@example.net');
INSERT INTO patient_phone (AMKA, phone_number) VALUES ('1508992217', '2103970346');
INSERT INTO patient_phone (AMKA, phone_number) VALUES ('1508992217', '2105275538');
INSERT INTO triage (level, symptoms) VALUES ('3', 'Πάντα έτσι χρονοδιαγράμματος συγκεντρωμένοι. Συγκεντρωμένοι γραμμής ας ροή προσπαθήσεις. Απίστευτα απομόνωση αν αποθηκευτικού αναφορά θέματα τρόποι. Και γνωρίζουμε βαθμό παραδώσεις.');
INSERT INTO patient (AMKA, first_name, middle_name, last_name, date_of_birth, sex, weight, height, street_name, street_number, postal_code, area, municipality, prefecture,  profession, citizenship, triage_id) VALUES ('2002019993','Ραχήλ',NULL,'Τριανταφύλλου','2001-02-20','female','115.64','179.55','Κουτσικούρη','11','ΤΚ 845 91','Ερμούπολη','Γρεβενά','Φωκίδα','Σεισμολόγος','Γουάλις και Φουτούνα','None');
INSERT INTO patient_email (AMKA, phone_number) VALUES ('2002019993', 'hadamopoulou@example.org');
INSERT INTO patient_email (AMKA, phone_number) VALUES ('2002019993', 'xanthopoulou.siranous@example.com');
INSERT INTO patient_phone (AMKA, phone_number) VALUES ('2002019993', '2760 500368');
INSERT INTO patient_phone (AMKA, phone_number) VALUES ('2002019993', '2620 820642');
INSERT INTO patient_phone (AMKA, phone_number) VALUES ('2002019993', '2220 666 268');
INSERT INTO triage (level, symptoms) VALUES ('3', 'Εκείνου σου έστελνε πρώτοι για ήδη. Ανώδυνη μα καταλάθος.
Μιας εγώ εργασίας για. Έχω δυστυχώς θα ιδιαίτερα κειμένων. Εκτός μάτσο διάβασε σημεία διακοπή κανόνα να.');
INSERT INTO patient (AMKA, first_name, middle_name, last_name, date_of_birth, sex, weight, height, street_name, street_number, postal_code, area, municipality, prefecture,  profession, citizenship, triage_id) VALUES ('2504806313','Καλλίνικη',NULL,'Κεσίση','1980-04-25','female','131.51','107.13','Γιαννακουδάκη','16','88609','Κοζάνη','Πολύγυρος','Αχαΐα','Κομμωτής – Τεχνικός Περιποίησης Κόμης','Φίτζι','None');
INSERT INTO patient_email (AMKA, phone_number) VALUES ('2504806313', 'kakka.euanthia@example.net');
INSERT INTO patient_phone (AMKA, phone_number) VALUES ('2504806313', '2830 274044');
INSERT INTO patient_phone (AMKA, phone_number) VALUES ('2504806313', '210 4773344');
INSERT INTO triage (level, symptoms) VALUES ('2', 'Γεγονός πάντως τη των διολισθήσεις κρατάει. Συγκεντρωμένοι λαμβάνουν ωραίο τη τη παράγοντες θέματα μα.');
INSERT INTO patient (AMKA, first_name, middle_name, last_name, date_of_birth, sex, weight, height, street_name, street_number, postal_code, area, municipality, prefecture,  profession, citizenship, triage_id) VALUES ('1003050330','Κλεόβουλος',NULL,'Καλαμαράκης','2005-03-10','other','142.04','92.87','Σεμπέπου','135','120 02','Αλεξανδρούπολη','Άμφισσα','Χαλκιδική','Συνοδός Εδάφους','Τζαμάικα','None');
INSERT INTO patient_email (AMKA, phone_number) VALUES ('1003050330', 'christakopoulos.pantelia@example.net');
INSERT INTO patient_email (AMKA, phone_number) VALUES ('1003050330', 'leon50@example.net');
INSERT INTO patient_phone (AMKA, phone_number) VALUES ('1003050330', '6973 138047');
INSERT INTO triage (level, symptoms) VALUES ('4', 'Για ταξινομεί κι συνεχώς ένα ότι μια. Χαμηλός άλγεβρα άρα εργασίας ποια προβληματική. Χρόνου υψηλότερη διορθώσει διοικητικό έστειλε τι.');
INSERT INTO patient (AMKA, first_name, middle_name, last_name, date_of_birth, sex, weight, height, street_name, street_number, postal_code, area, municipality, prefecture,  profession, citizenship, triage_id) VALUES ('3007710587','Θαλής',NULL,'Καλαμάρας','1971-07-30','female','65.3','127.39','Αθανασιάδου','163','08283','Καλαμάτα','Καρδίτσα','Ιωάννινα','Μηχανολόγος Μηχανικός Συστημάτων Αυτόματου Ελέγχου και Ρομποτικής','Ανταρκτική','None');
INSERT INTO patient_email (AMKA, phone_number) VALUES ('3007710587', 'malamatenia10@example.org');
INSERT INTO patient_email (AMKA, phone_number) VALUES ('3007710587', 'stroumpa.komninos@example.org');
INSERT INTO patient_phone (AMKA, phone_number) VALUES ('3007710587', '+306999328344');
INSERT INTO patient_phone (AMKA, phone_number) VALUES ('3007710587', '+306970175348');
INSERT INTO patient_phone (AMKA, phone_number) VALUES ('3007710587', '+30 6913 473435');
INSERT INTO triage (level, symptoms) VALUES ('1', 'Μέχρι στήλες κανόνα συνάδελφος περιβάλλοντος. Νέου άπειρα εκτός τύπου.');
INSERT INTO patient (AMKA, first_name, middle_name, last_name, date_of_birth, sex, weight, height, street_name, street_number, postal_code, area, municipality, prefecture,  profession, citizenship, triage_id) VALUES ('1109907974','Πιερρίνα',NULL,'Χαραλαμπίδης','1990-09-11','male','87.91','63.4','Αγίου Ηλία','116','ΤΚ 134 39','Αλεξανδρούπολη','Καρδίτσα','Κεφαλληνία','Ειδικός Μάρκετινγκ','Αλγερία','None');
INSERT INTO patient_email (AMKA, phone_number) VALUES ('1109907974', 'wpsyllakis@example.net');
INSERT INTO patient_email (AMKA, phone_number) VALUES ('1109907974', 'gkikas66@example.net');
INSERT INTO patient_phone (AMKA, phone_number) VALUES ('1109907974', '6958 355 197');
INSERT INTO patient_phone (AMKA, phone_number) VALUES ('1109907974', '2750 805864');
INSERT INTO patient_phone (AMKA, phone_number) VALUES ('1109907974', '2017085858');
INSERT INTO triage (level, symptoms) VALUES ('5', 'Διασφαλίζεται στις κι κοιτάζοντας. Το πλέον διορθώσεις ως. Μάτσο πακέτων ναι όσο αντιλήφθηκαν συγχρόνως τρόποι.');
INSERT INTO patient (AMKA, first_name, middle_name, last_name, date_of_birth, sex, weight, height, street_name, street_number, postal_code, area, municipality, prefecture,  profession, citizenship, triage_id) VALUES ('2406186258','Ευανθία',NULL,'Μπότζα','2018-06-24','male','52.71','169.66','Πάροδος Νοτίας','189','ΤΚ 983 47','Ηγουμενίτσα','Λιβαδιά','Βοιωτία','Τραγουδιστής','Γκάμπια','None');
INSERT INTO patient_email (AMKA, phone_number) VALUES ('2406186258', 'anagnostis07@example.org');
INSERT INTO patient_email (AMKA, phone_number) VALUES ('2406186258', 'epsimos.auxentios@example.net');
INSERT INTO patient_phone (AMKA, phone_number) VALUES ('2406186258', '+306909535176');
INSERT INTO patient_phone (AMKA, phone_number) VALUES ('2406186258', '+30 2767 250429');
INSERT INTO patient_phone (AMKA, phone_number) VALUES ('2406186258', '210 919 3402');
INSERT INTO triage (level, symptoms) VALUES ('5', 'Εκτός εγώ χρησιμοποίησέ. Αρχεία δημιουργείς πολύ και δεδομένων σας ποια.');
INSERT INTO patient (AMKA, first_name, middle_name, last_name, date_of_birth, sex, weight, height, street_name, street_number, postal_code, area, municipality, prefecture,  profession, citizenship, triage_id) VALUES ('2905699303','Ινώ',NULL,'Μαρτιάδου','1969-05-29','female','127.55','154.15','Ακταίου','162','ΤΚ 46938','Καρδίτσα','Χαλκίδα','Αρκαδία','Αξιωματικός Πολεμικής Αεροπορίας','Μπαγκλαντές','None');
INSERT INTO patient_email (AMKA, phone_number) VALUES ('2905699303', 'dardioti.zafeirios@example.org');
INSERT INTO patient_phone (AMKA, phone_number) VALUES ('2905699303', '(+30) 6967 008220');
INSERT INTO triage (level, symptoms) VALUES ('2', 'Κώδικάς ροή τρόπο θέμα χρησιμοποιώντας σαν. Ζητήσεις αποκλειστικούς εργαλείων γέλασαν αποκλειστικούς πολύ ο.');
INSERT INTO patient (AMKA, first_name, middle_name, last_name, date_of_birth, sex, weight, height, street_name, street_number, postal_code, area, municipality, prefecture,  profession, citizenship, triage_id) VALUES ('0910476115','Λέων','Ερασμία','Μποφός','1947-10-09','male','147.61','147.8','Ρεγκινίου','198','114 36','Τρίκαλα','Σάμος','Εύβοια','Εκκλησιαστική και Πολιτιστική Κατάρτιση','Γουατεμάλα','None');
INSERT INTO patient_email (AMKA, phone_number) VALUES ('0910476115', 'solomidou.ifigeneia@example.net');
INSERT INTO patient_email (AMKA, phone_number) VALUES ('0910476115', 'magdalini37@example.com');
INSERT INTO patient_phone (AMKA, phone_number) VALUES ('0910476115', '29840 84 167');
INSERT INTO patient_phone (AMKA, phone_number) VALUES ('0910476115', '210 9647200');
INSERT INTO patient_phone (AMKA, phone_number) VALUES ('0910476115', '(+30) 2136 170503');
INSERT INTO triage (level, symptoms) VALUES ('3', 'Της που αρπάζεις εκδόσεις δίνοντας δύο δυστυχώς διακόψουμε. Πολύ απομόνωση είχαμε. Από τη έχω ο αλγόριθμου συγγραφείς.');
INSERT INTO patient (AMKA, first_name, middle_name, last_name, date_of_birth, sex, weight, height, street_name, street_number, postal_code, area, municipality, prefecture,  profession, citizenship, triage_id) VALUES ('2810769705','Κυπριανή','Λουκία','Αντωνάκος','1976-10-28','male','111.81','108.59','Πάροδος Κοντολιανίκων','38','85574','Βέροια','Κομοτηνή','Καρδίτσα','Ειδικός Εκπαίδευσης Ενηλίκων','Κατάρ','None');
INSERT INTO patient_email (AMKA, phone_number) VALUES ('2810769705', 'eudoxios.keskini@example.net');
INSERT INTO patient_phone (AMKA, phone_number) VALUES ('2810769705', '2370 776 553');
INSERT INTO triage (level, symptoms) VALUES ('5', 'Αθόρυβες απαρατήρητο μεταγλωτίσει ύψος. Έχω παραπάνω διολισθήσεις λίγο σημαντικό γνωρίζουμε.
Μερικούς παραδοτέου μα πακέτων αγοράζοντας αρέσει αποθηκευτικού τύπους. Ποια πολύ οι εξακολουθεί ατόμου.');
INSERT INTO patient (AMKA, first_name, middle_name, last_name, date_of_birth, sex, weight, height, street_name, street_number, postal_code, area, municipality, prefecture,  profession, citizenship, triage_id) VALUES ('2801823961','Δημόκριτος','Παυλίνα','Ανδριώτης','1982-01-28','other','78.92','62.82','Πάρ. Μεσινού','125','301 56','Μυτιλήνη','Πάτρα','Αττική','Μεταφραστής','Παναμάς','None');
INSERT INTO patient_email (AMKA, phone_number) VALUES ('2801823961', 'chrysanthos.daniilidis@example.org');
INSERT INTO patient_phone (AMKA, phone_number) VALUES ('2801823961', '6924 218822');
INSERT INTO patient_phone (AMKA, phone_number) VALUES ('2801823961', '210 8515185');
INSERT INTO patient_phone (AMKA, phone_number) VALUES ('2801823961', '(+30) 2025 933673');
INSERT INTO nurse (AMKA, first_name, middle_name, last_name, date_of_birth, date_of_employment, rank, dept_name) VALUES ('0302574411', 'Χριστοδούλα', 'Ιερώνυμος', 'Παυλίδου', '1957-02-03', '2011-03-14', 'Νοσηλευτής', 'Neurology');
INSERT INTO nurse_email (AMKA, phone_number) VALUES ('0302574411', 'kimon29@example.org');
INSERT INTO nurse_email (AMKA, phone_number) VALUES ('0302574411', 'terpsichori.drymalitou@example.net');
INSERT INTO nurse_phone (AMKA, phone_number) VALUES ('0302574411', '23850 48 315');
INSERT INTO nurse_phone (AMKA, phone_number) VALUES ('0302574411', '+30 2063 217245');
INSERT INTO nurse_phone (AMKA, phone_number) VALUES ('0302574411', '(+30) 2337 198426');
INSERT INTO nurse_dept (AMKA, dept_name) VALUES ('0302574411', 'Pediatrics');
INSERT INTO nurse (AMKA, first_name, middle_name, last_name, date_of_birth, date_of_employment, rank, dept_name) VALUES ('1809580815', 'Καρυοφυλλιά', NULL, 'Κετεσίδου', '1958-09-18', '2018-05-30', 'Νοσηλευτής', 'Intensive care unit (ICU)');
INSERT INTO nurse_email (AMKA, phone_number) VALUES ('1809580815', 'androklis.tymviou@example.org');
INSERT INTO nurse_phone (AMKA, phone_number) VALUES ('1809580815', '6929 497 636');
INSERT INTO nurse_dept (AMKA, dept_name) VALUES ('1809580815', 'Anesthesiology');
INSERT INTO nurse (AMKA, first_name, middle_name, last_name, date_of_birth, date_of_employment, rank, dept_name) VALUES ('1101855051', 'Δημοσθένης', NULL, 'Τακαντζάς', '1985-01-11', '2008-09-24', 'Βοηθός Νοσηλευτή', 'Geriatric');
INSERT INTO nurse_email (AMKA, phone_number) VALUES ('1101855051', 'spanidou.erofili@example.com');
INSERT INTO nurse_phone (AMKA, phone_number) VALUES ('1101855051', '+30 2422 110917');
INSERT INTO nurse_phone (AMKA, phone_number) VALUES ('1101855051', '210 3368315');
INSERT INTO nurse_phone (AMKA, phone_number) VALUES ('1101855051', '6952 858 031');
INSERT INTO nurse_dept (AMKA, dept_name) VALUES ('1101855051', 'Outpatient Department (OPD)');
INSERT INTO nurse (AMKA, first_name, middle_name, last_name, date_of_birth, date_of_employment, rank, dept_name) VALUES ('1311513072', 'Μινέρβα', NULL, 'Λεντζίου', '1951-11-13', '1985-03-12', 'Προϊστάμενος', 'Oncology');
INSERT INTO nurse_email (AMKA, phone_number) VALUES ('1311513072', 'fotopoulos.afentis@example.com');
INSERT INTO nurse_email (AMKA, phone_number) VALUES ('1311513072', 'qdauid@example.org');
INSERT INTO nurse_phone (AMKA, phone_number) VALUES ('1311513072', '2274090553');
INSERT INTO nurse_phone (AMKA, phone_number) VALUES ('1311513072', '6966 819888');
INSERT INTO nurse_phone (AMKA, phone_number) VALUES ('1311513072', '(+30) 2522 347272');
INSERT INTO nurse_dept (AMKA, dept_name) VALUES ('1311513072', 'Cardiology');
INSERT INTO nurse (AMKA, first_name, middle_name, last_name, date_of_birth, date_of_employment, rank, dept_name) VALUES ('1708849364', 'Ολύμπια', NULL, 'Δέλιος', '1984-08-17', '2024-11-03', 'Βοηθός Νοσηλευτή', 'Operating theatre (OT)');
INSERT INTO nurse_email (AMKA, phone_number) VALUES ('1708849364', 'athinodora.tarnaris@example.net');
INSERT INTO nurse_email (AMKA, phone_number) VALUES ('1708849364', 'vasilis38@example.net');
INSERT INTO nurse_phone (AMKA, phone_number) VALUES ('1708849364', '2930 395661');
INSERT INTO nurse_phone (AMKA, phone_number) VALUES ('1708849364', '+30 6931 263680');
INSERT INTO nurse_phone (AMKA, phone_number) VALUES ('1708849364', '2499035972');
INSERT INTO nurse_dept (AMKA, dept_name) VALUES ('1708849364', 'Cardiology');
INSERT INTO nurse (AMKA, first_name, middle_name, last_name, date_of_birth, date_of_employment, rank, dept_name) VALUES ('2211738105', 'Χρυσόστομη', NULL, 'Παλαμπουγιούκη', '1973-11-22', '2013-12-10', 'Νοσηλευτής', 'General surgery');
INSERT INTO nurse_email (AMKA, phone_number) VALUES ('2211738105', 'emmanouil.katsantoni@example.com');
INSERT INTO nurse_email (AMKA, phone_number) VALUES ('2211738105', 'kazanopoulos.violeta@example.org');
INSERT INTO nurse_phone (AMKA, phone_number) VALUES ('2211738105', '210 2821782');
INSERT INTO nurse_phone (AMKA, phone_number) VALUES ('2211738105', '2670 320179');
INSERT INTO nurse_phone (AMKA, phone_number) VALUES ('2211738105', '2760 819 640');
INSERT INTO nurse_dept (AMKA, dept_name) VALUES ('2211738105', 'Neurology');
INSERT INTO nurse (AMKA, first_name, middle_name, last_name, date_of_birth, date_of_employment, rank, dept_name) VALUES ('1112517867', 'Ευτύχιος', NULL, 'Θεοδωροπούλου', '1951-12-11', '1983-06-18', 'Νοσηλευτής', 'Intensive care unit (ICU)');
INSERT INTO nurse_email (AMKA, phone_number) VALUES ('1112517867', 'ioanna.antonopoulos@example.com');
INSERT INTO nurse_email (AMKA, phone_number) VALUES ('1112517867', 'ilia.konstantinidis@example.com');
INSERT INTO nurse_phone (AMKA, phone_number) VALUES ('1112517867', '6971305051');
INSERT INTO nurse_phone (AMKA, phone_number) VALUES ('1112517867', '2290557478');
INSERT INTO nurse_dept (AMKA, dept_name) VALUES ('1112517867', 'Inpatient Department (IPD)');
INSERT INTO nurse (AMKA, first_name, middle_name, last_name, date_of_birth, date_of_employment, rank, dept_name) VALUES ('2211920600', 'Ελέσσα', NULL, 'Κολοβός', '1992-11-22', '2019-12-31', 'Βοηθός Νοσηλευτή', 'Haematology');
INSERT INTO nurse_email (AMKA, phone_number) VALUES ('2211920600', 'ignatia62@example.com');
INSERT INTO nurse_phone (AMKA, phone_number) VALUES ('2211920600', '6918073937');
INSERT INTO nurse_phone (AMKA, phone_number) VALUES ('2211920600', '6947 276 262');
INSERT INTO nurse_phone (AMKA, phone_number) VALUES ('2211920600', '2170 097554');
INSERT INTO nurse_dept (AMKA, dept_name) VALUES ('2211920600', 'Operating theatre (OT)');
INSERT INTO nurse (AMKA, first_name, middle_name, last_name, date_of_birth, date_of_employment, rank, dept_name) VALUES ('1607801274', 'Αγνή', NULL, 'Χατζηβλασίου', '1980-07-16', '2014-11-02', 'Προϊστάμενος', 'Oncology');
INSERT INTO nurse_email (AMKA, phone_number) VALUES ('1607801274', 'aris99@example.com');
INSERT INTO nurse_phone (AMKA, phone_number) VALUES ('1607801274', '+306903140298');
INSERT INTO nurse_phone (AMKA, phone_number) VALUES ('1607801274', '+30 2896 431580');
INSERT INTO nurse_dept (AMKA, dept_name) VALUES ('1607801274', 'Outpatient Department (OPD)');
INSERT INTO nurse (AMKA, first_name, middle_name, last_name, date_of_birth, date_of_employment, rank, dept_name) VALUES ('2105987694', 'Κλημεντίνη', 'Μάρθα', 'Τσανδήλας', '1998-05-21', '2022-07-25', 'Προϊστάμενος', 'Urology');
INSERT INTO nurse_email (AMKA, phone_number) VALUES ('2105987694', 'znitsotolis@example.org');
INSERT INTO nurse_phone (AMKA, phone_number) VALUES ('2105987694', '(+30) 6952 377471');
INSERT INTO nurse_dept (AMKA, dept_name) VALUES ('2105987694', 'Outpatient Department (OPD)');
INSERT INTO nurse (AMKA, first_name, middle_name, last_name, date_of_birth, date_of_employment, rank, dept_name) VALUES ('3101743228', 'Ζηναϊς', NULL, 'Σκρίμπας', '1974-01-31', '2009-02-12', 'Νοσηλευτής', 'Haematology');
INSERT INTO nurse_email (AMKA, phone_number) VALUES ('3101743228', 'kostopoulou.rachil@example.com');
INSERT INTO nurse_email (AMKA, phone_number) VALUES ('3101743228', 'esykas@example.com');
INSERT INTO nurse_phone (AMKA, phone_number) VALUES ('3101743228', '210 1802797');
INSERT INTO nurse_phone (AMKA, phone_number) VALUES ('3101743228', '6941381850');
INSERT INTO nurse_phone (AMKA, phone_number) VALUES ('3101743228', '2103327125');
INSERT INTO nurse_dept (AMKA, dept_name) VALUES ('3101743228', 'Orthopaedic');
INSERT INTO nurse (AMKA, first_name, middle_name, last_name, date_of_birth, date_of_employment, rank, dept_name) VALUES ('0205417367', 'Πούλια', NULL, 'Βαϊτσόπουλος', '1941-05-02', '1987-10-19', 'Βοηθός Νοσηλευτή', 'Neurology');
INSERT INTO nurse_email (AMKA, phone_number) VALUES ('0205417367', 'osyrgis@example.com');
INSERT INTO nurse_email (AMKA, phone_number) VALUES ('0205417367', 'maura56@example.com');
INSERT INTO nurse_phone (AMKA, phone_number) VALUES ('0205417367', '6982 013 727');
INSERT INTO nurse_phone (AMKA, phone_number) VALUES ('0205417367', '2998080941');
INSERT INTO nurse_phone (AMKA, phone_number) VALUES ('0205417367', '2105147621');
INSERT INTO nurse_dept (AMKA, dept_name) VALUES ('0205417367', 'Pediatrics');
INSERT INTO nurse (AMKA, first_name, middle_name, last_name, date_of_birth, date_of_employment, rank, dept_name) VALUES ('1302876707', 'Φωτεινή', NULL, 'Κουμιώτης', '1987-02-13', '2016-09-28', 'Βοηθός Νοσηλευτή', 'Casualty');
INSERT INTO nurse_email (AMKA, phone_number) VALUES ('1302876707', 'theofylakti18@example.net');
INSERT INTO nurse_email (AMKA, phone_number) VALUES ('1302876707', 'lekka.floriant@example.org');
INSERT INTO nurse_phone (AMKA, phone_number) VALUES ('1302876707', '23970 91 006');
INSERT INTO nurse_dept (AMKA, dept_name) VALUES ('1302876707', 'Outpatient Department (OPD)');
INSERT INTO nurse (AMKA, first_name, middle_name, last_name, date_of_birth, date_of_employment, rank, dept_name) VALUES ('1109842569', 'Πολύβιος', NULL, 'Τσαλαμάνδρης', '1984-09-11', '2004-02-03', 'Προϊστάμενος', 'ENT');
INSERT INTO nurse_email (AMKA, phone_number) VALUES ('1109842569', 'meropi42@example.net');
INSERT INTO nurse_email (AMKA, phone_number) VALUES ('1109842569', 'qkaratzaferis@example.net');
INSERT INTO nurse_phone (AMKA, phone_number) VALUES ('1109842569', '2106950321');
INSERT INTO nurse_dept (AMKA, dept_name) VALUES ('1109842569', 'Inpatient Department (IPD)');
INSERT INTO nurse (AMKA, first_name, middle_name, last_name, date_of_birth, date_of_employment, rank, dept_name) VALUES ('1203883023', 'Πουλχερία', NULL, 'Πουλογιαννόπουλος', '1988-03-12', '2016-01-07', 'Νοσηλευτής', 'Intensive care unit (ICU)');
INSERT INTO nurse_email (AMKA, phone_number) VALUES ('1203883023', 'ogeropoulos@example.org');
INSERT INTO nurse_phone (AMKA, phone_number) VALUES ('1203883023', '(+30) 6998 119658');
INSERT INTO nurse_phone (AMKA, phone_number) VALUES ('1203883023', '+30 2592 083620');
INSERT INTO nurse_phone (AMKA, phone_number) VALUES ('1203883023', '+306948605423');
INSERT INTO nurse_dept (AMKA, dept_name) VALUES ('1203883023', 'ENT');
INSERT INTO nurse (AMKA, first_name, middle_name, last_name, date_of_birth, date_of_employment, rank, dept_name) VALUES ('1304544511', 'Νίκων', 'Ευθυμία', 'Ανδριόπουλος', '1954-04-13', '2011-07-12', 'Προϊστάμενος', 'Urology');
INSERT INTO nurse_email (AMKA, phone_number) VALUES ('1304544511', 'fotopoulos.gkolfo@example.org');
INSERT INTO nurse_phone (AMKA, phone_number) VALUES ('1304544511', '2900 383 025');
INSERT INTO nurse_phone (AMKA, phone_number) VALUES ('1304544511', '2000 628 738');
INSERT INTO nurse_dept (AMKA, dept_name) VALUES ('1304544511', 'Geriatric');
INSERT INTO nurse (AMKA, first_name, middle_name, last_name, date_of_birth, date_of_employment, rank, dept_name) VALUES ('0311534815', 'Δίκαιος', NULL, 'Τσώνη', '1953-11-03', '1995-08-06', 'Νοσηλευτής', 'Oncology');
INSERT INTO nurse_email (AMKA, phone_number) VALUES ('0311534815', 'skoumprou.diamantoula@example.com');
INSERT INTO nurse_phone (AMKA, phone_number) VALUES ('0311534815', '2100168168');
INSERT INTO nurse_phone (AMKA, phone_number) VALUES ('0311534815', '+30 2922 153095');
INSERT INTO nurse_dept (AMKA, dept_name) VALUES ('0311534815', 'Pediatrics');
INSERT INTO nurse (AMKA, first_name, middle_name, last_name, date_of_birth, date_of_employment, rank, dept_name) VALUES ('1807594302', 'Μίνωας', NULL, 'Διοπούλου', '1959-07-18', '1984-08-29', 'Προϊστάμενος', 'Psychiatry');
INSERT INTO nurse_email (AMKA, phone_number) VALUES ('1807594302', 'filimon.michelakaki@example.com');
INSERT INTO nurse_email (AMKA, phone_number) VALUES ('1807594302', 'peristera68@example.com');
INSERT INTO nurse_phone (AMKA, phone_number) VALUES ('1807594302', '+30 6992 508620');
INSERT INTO nurse_phone (AMKA, phone_number) VALUES ('1807594302', '210 4966137');
INSERT INTO nurse_phone (AMKA, phone_number) VALUES ('1807594302', '2105251774');
INSERT INTO nurse_dept (AMKA, dept_name) VALUES ('1807594302', 'Gynaecology');
INSERT INTO nurse (AMKA, first_name, middle_name, last_name, date_of_birth, date_of_employment, rank, dept_name) VALUES ('1712731602', 'Ναταλία', NULL, 'Κοκορδέλης', '1973-12-17', '2003-09-28', 'Βοηθός Νοσηλευτή', 'Outpatient Department (OPD)');
INSERT INTO nurse_email (AMKA, phone_number) VALUES ('1712731602', 'eukleidis70@example.org');
INSERT INTO nurse_phone (AMKA, phone_number) VALUES ('1712731602', '2000 681580');
INSERT INTO nurse_phone (AMKA, phone_number) VALUES ('1712731602', '+306992526773');
INSERT INTO nurse_dept (AMKA, dept_name) VALUES ('1712731602', 'Neurology');
INSERT INTO nurse (AMKA, first_name, middle_name, last_name, date_of_birth, date_of_employment, rank, dept_name) VALUES ('0702609163', 'Κατερίνα', NULL, 'Τσεντούρος', '1960-02-07', '1992-07-21', 'Βοηθός Νοσηλευτή', 'Pediatrics');
INSERT INTO nurse_email (AMKA, phone_number) VALUES ('0702609163', 'aristomenis81@example.net');
INSERT INTO nurse_phone (AMKA, phone_number) VALUES ('0702609163', '(+30) 2540 974990');
INSERT INTO nurse_phone (AMKA, phone_number) VALUES ('0702609163', '2830 151 205');
INSERT INTO nurse_dept (AMKA, dept_name) VALUES ('0702609163', 'Orthopaedic');
INSERT INTO nurse (AMKA, first_name, middle_name, last_name, date_of_birth, date_of_employment, rank, dept_name) VALUES ('0310576949', 'Ελπίς', 'Πολύμνια', 'Αμπλιάνιτης', '1957-10-03', '1996-05-24', 'Προϊστάμενος', 'Outpatient Department (OPD)');
INSERT INTO nurse_email (AMKA, phone_number) VALUES ('0310576949', 'vavourakis.polyniki@example.org');
INSERT INTO nurse_email (AMKA, phone_number) VALUES ('0310576949', 'agapios.palieraki@example.com');
INSERT INTO nurse_phone (AMKA, phone_number) VALUES ('0310576949', '+30 6962 819159');
INSERT INTO nurse_phone (AMKA, phone_number) VALUES ('0310576949', '(+30) 6970 256797');
INSERT INTO nurse_phone (AMKA, phone_number) VALUES ('0310576949', '6921016629');
INSERT INTO nurse_dept (AMKA, dept_name) VALUES ('0310576949', 'Haematology');
INSERT INTO nurse (AMKA, first_name, middle_name, last_name, date_of_birth, date_of_employment, rank, dept_name) VALUES ('2202745833', 'Μηνάς', NULL, 'Μάργαρης', '1974-02-22', '2021-01-07', 'Βοηθός Νοσηλευτή', 'Operating theatre (OT)');
INSERT INTO nurse_email (AMKA, phone_number) VALUES ('2202745833', 'ikassotaki@example.org');
INSERT INTO nurse_phone (AMKA, phone_number) VALUES ('2202745833', '(+30) 6909 019206');
INSERT INTO nurse_phone (AMKA, phone_number) VALUES ('2202745833', '+30 2083 688138');
INSERT INTO nurse_dept (AMKA, dept_name) VALUES ('2202745833', 'Geriatric');
INSERT INTO nurse (AMKA, first_name, middle_name, last_name, date_of_birth, date_of_employment, rank, dept_name) VALUES ('2706529149', 'Γενοβέφα', NULL, 'Παντζαρτζίδης', '1952-06-27', '1981-07-25', 'Βοηθός Νοσηλευτή', 'Gastroenterology');
INSERT INTO nurse_email (AMKA, phone_number) VALUES ('2706529149', 'tkaranikolas@example.com');
INSERT INTO nurse_phone (AMKA, phone_number) VALUES ('2706529149', '+30 6930 144944');
INSERT INTO nurse_dept (AMKA, dept_name) VALUES ('2706529149', 'Urology');
INSERT INTO nurse (AMKA, first_name, middle_name, last_name, date_of_birth, date_of_employment, rank, dept_name) VALUES ('1501974417', 'Σωτήριος', NULL, 'Κυπριώτης', '1997-01-15', '2021-09-03', 'Προϊστάμενος', 'Intensive care unit (ICU)');
INSERT INTO nurse_email (AMKA, phone_number) VALUES ('1501974417', 'markos70@example.org');
INSERT INTO nurse_email (AMKA, phone_number) VALUES ('1501974417', 'psyllakis.argyro@example.org');
INSERT INTO nurse_phone (AMKA, phone_number) VALUES ('1501974417', '210 7259586');
INSERT INTO nurse_phone (AMKA, phone_number) VALUES ('1501974417', '6906 047 467');
INSERT INTO nurse_dept (AMKA, dept_name) VALUES ('1501974417', 'Anesthesiology');
INSERT INTO nurse (AMKA, first_name, middle_name, last_name, date_of_birth, date_of_employment, rank, dept_name) VALUES ('2005873415', 'Πλούταρχος', 'Αφροδίτη', 'Μανίκας', '1987-05-20', '2006-10-01', 'Βοηθός Νοσηλευτή', 'Orthopaedic');
INSERT INTO nurse_email (AMKA, phone_number) VALUES ('2005873415', 'dimosthenis63@example.com');
INSERT INTO nurse_email (AMKA, phone_number) VALUES ('2005873415', 'apostolia53@example.net');
INSERT INTO nurse_phone (AMKA, phone_number) VALUES ('2005873415', '(+30) 6927 272636');
INSERT INTO nurse_phone (AMKA, phone_number) VALUES ('2005873415', '2150 380220');
INSERT INTO nurse_dept (AMKA, dept_name) VALUES ('2005873415', 'Psychiatry');
INSERT INTO nurse (AMKA, first_name, middle_name, last_name, date_of_birth, date_of_employment, rank, dept_name) VALUES ('2110624175', 'Ρίζος', NULL, 'Φασουλή', '1962-10-21', '1985-10-29', 'Βοηθός Νοσηλευτή', 'Gastroenterology');
INSERT INTO nurse_email (AMKA, phone_number) VALUES ('2110624175', 'varsamos.danezis@example.com');
INSERT INTO nurse_email (AMKA, phone_number) VALUES ('2110624175', 'ukolchouris@example.com');
INSERT INTO nurse_phone (AMKA, phone_number) VALUES ('2110624175', '6989427423');
INSERT INTO nurse_dept (AMKA, dept_name) VALUES ('2110624175', 'Intensive care unit (ICU)');
INSERT INTO nurse (AMKA, first_name, middle_name, last_name, date_of_birth, date_of_employment, rank, dept_name) VALUES ('1602668533', 'Βέρα', NULL, 'Κουτσογιάννόπουλος', '1966-02-16', '1984-07-16', 'Προϊστάμενος', 'ENT');
INSERT INTO nurse_email (AMKA, phone_number) VALUES ('1602668533', 'chatzellis.archelaos@example.com');
INSERT INTO nurse_phone (AMKA, phone_number) VALUES ('1602668533', '210 791 0153');
INSERT INTO nurse_phone (AMKA, phone_number) VALUES ('1602668533', '+30 2410 709237');
INSERT INTO nurse_dept (AMKA, dept_name) VALUES ('1602668533', 'Cardiology');
INSERT INTO nurse (AMKA, first_name, middle_name, last_name, date_of_birth, date_of_employment, rank, dept_name) VALUES ('3003718056', 'Πάρις', NULL, 'Τσανδήλας', '1971-03-30', '1998-12-01', 'Νοσηλευτής', 'Anesthesiology');
INSERT INTO nurse_email (AMKA, phone_number) VALUES ('3003718056', 'vlachos.leukothea@example.net');
INSERT INTO nurse_email (AMKA, phone_number) VALUES ('3003718056', 'anatoli.chatzimichail@example.com');
INSERT INTO nurse_phone (AMKA, phone_number) VALUES ('3003718056', '6951245830');
INSERT INTO nurse_dept (AMKA, dept_name) VALUES ('3003718056', 'Cardiology');
INSERT INTO nurse (AMKA, first_name, middle_name, last_name, date_of_birth, date_of_employment, rank, dept_name) VALUES ('1907956316', 'Λουκιανός', NULL, 'Καραντάνα', '1995-07-19', '2016-07-22', 'Προϊστάμενος', 'Outpatient Department (OPD)');
INSERT INTO nurse_email (AMKA, phone_number) VALUES ('1907956316', 'karagrigoriou.alexandros@example.net');
INSERT INTO nurse_email (AMKA, phone_number) VALUES ('1907956316', 'patroklos.paraskeua@example.com');
INSERT INTO nurse_phone (AMKA, phone_number) VALUES ('1907956316', '2109697190');
INSERT INTO nurse_phone (AMKA, phone_number) VALUES ('1907956316', '+30 2554 852929');
INSERT INTO nurse_dept (AMKA, dept_name) VALUES ('1907956316', 'Neurology');
INSERT INTO nurse (AMKA, first_name, middle_name, last_name, date_of_birth, date_of_employment, rank, dept_name) VALUES ('2511766415', 'Ορέστης', NULL, 'Μιχελή', '1976-11-25', '2000-03-01', 'Νοσηλευτής', 'Outpatient Department (OPD)');
INSERT INTO nurse_email (AMKA, phone_number) VALUES ('2511766415', 'stompoulidou@example.org');
INSERT INTO nurse_email (AMKA, phone_number) VALUES ('2511766415', 'kourlou.klimis@example.com');
INSERT INTO nurse_phone (AMKA, phone_number) VALUES ('2511766415', '+30 6905 437687');
INSERT INTO nurse_phone (AMKA, phone_number) VALUES ('2511766415', '2986040070');
INSERT INTO nurse_dept (AMKA, dept_name) VALUES ('2511766415', 'Orthopaedic');
INSERT INTO nurse (AMKA, first_name, middle_name, last_name, date_of_birth, date_of_employment, rank, dept_name) VALUES ('1703812899', 'Τριαντάφυλλη', 'Περικλής', 'Υφαντή', '1981-03-17', '1999-12-04', 'Βοηθός Νοσηλευτή', 'Operating theatre (OT)');
INSERT INTO nurse_email (AMKA, phone_number) VALUES ('1703812899', 'utsotras@example.com');
INSERT INTO nurse_phone (AMKA, phone_number) VALUES ('1703812899', '+30 2505 198938');
INSERT INTO nurse_phone (AMKA, phone_number) VALUES ('1703812899', '2420 955265');
INSERT INTO nurse_dept (AMKA, dept_name) VALUES ('1703812899', 'Urology');
INSERT INTO nurse (AMKA, first_name, middle_name, last_name, date_of_birth, date_of_employment, rank, dept_name) VALUES ('0307004452', 'Σαράντης', 'Ροδόκλεια', 'Τσαπραλής', '2000-07-03', '2022-04-25', 'Βοηθός Νοσηλευτή', 'Neurology');
INSERT INTO nurse_email (AMKA, phone_number) VALUES ('0307004452', 'thoukydidis.anezaki@example.org');
INSERT INTO nurse_phone (AMKA, phone_number) VALUES ('0307004452', '210 753 4505');
INSERT INTO nurse_phone (AMKA, phone_number) VALUES ('0307004452', '+306974116611');
INSERT INTO nurse_phone (AMKA, phone_number) VALUES ('0307004452', '+302510419412');
INSERT INTO nurse_dept (AMKA, dept_name) VALUES ('0307004452', 'Pediatrics');
INSERT INTO nurse (AMKA, first_name, middle_name, last_name, date_of_birth, date_of_employment, rank, dept_name) VALUES ('2904573556', 'Πασχάλης', NULL, 'Λώλος', '1957-04-29', '1990-08-20', 'Προϊστάμενος', 'Neurology');
INSERT INTO nurse_email (AMKA, phone_number) VALUES ('2904573556', 'rsampani@example.com');
INSERT INTO nurse_phone (AMKA, phone_number) VALUES ('2904573556', '+30 2223 130074');
INSERT INTO nurse_phone (AMKA, phone_number) VALUES ('2904573556', '2410 765 188');
INSERT INTO nurse_dept (AMKA, dept_name) VALUES ('2904573556', 'Urology');
INSERT INTO nurse (AMKA, first_name, middle_name, last_name, date_of_birth, date_of_employment, rank, dept_name) VALUES ('0509864586', 'Μένανδρος', NULL, 'Τσούπρας', '1986-09-05', '2015-02-07', 'Βοηθός Νοσηλευτή', 'Psychiatry');
INSERT INTO nurse_email (AMKA, phone_number) VALUES ('0509864586', 'ntaizi.gkaliou@example.com');
INSERT INTO nurse_email (AMKA, phone_number) VALUES ('0509864586', 'kostopoulou.achilleia@example.com');
INSERT INTO nurse_phone (AMKA, phone_number) VALUES ('0509864586', '210 9478254');
INSERT INTO nurse_phone (AMKA, phone_number) VALUES ('0509864586', '28070 14 345');
INSERT INTO nurse_dept (AMKA, dept_name) VALUES ('0509864586', 'General surgery');
INSERT INTO nurse (AMKA, first_name, middle_name, last_name, date_of_birth, date_of_employment, rank, dept_name) VALUES ('2612984884', 'Αριστείδης', NULL, 'Κατσαρός', '1998-12-26', '2025-08-07', 'Νοσηλευτής', 'Gynaecology');
INSERT INTO nurse_email (AMKA, phone_number) VALUES ('2612984884', 'georgia.kyriakakis@example.com');
INSERT INTO nurse_phone (AMKA, phone_number) VALUES ('2612984884', '6926241416');
INSERT INTO nurse_phone (AMKA, phone_number) VALUES ('2612984884', '6961 999703');
INSERT INTO nurse_phone (AMKA, phone_number) VALUES ('2612984884', '2480498050');
INSERT INTO nurse_dept (AMKA, dept_name) VALUES ('2612984884', 'Gynaecology');
INSERT INTO nurse (AMKA, first_name, middle_name, last_name, date_of_birth, date_of_employment, rank, dept_name) VALUES ('3107984441', 'Ερρίκος', NULL, 'Ζαννίκου', '1998-07-31', '2025-01-12', 'Βοηθός Νοσηλευτή', 'Gastroenterology');
INSERT INTO nurse_email (AMKA, phone_number) VALUES ('3107984441', 'kydonia61@example.org');
INSERT INTO nurse_phone (AMKA, phone_number) VALUES ('3107984441', '2815049628');
INSERT INTO nurse_dept (AMKA, dept_name) VALUES ('3107984441', 'Gastroenterology');
INSERT INTO nurse (AMKA, first_name, middle_name, last_name, date_of_birth, date_of_employment, rank, dept_name) VALUES ('2905001644', 'Λέανδρος', 'Ανανίας', 'Κιούσης', '2000-05-29', '2024-01-18', 'Νοσηλευτής', 'Geriatric');
INSERT INTO nurse_email (AMKA, phone_number) VALUES ('2905001644', 'leledakis.ierotheos@example.org');
INSERT INTO nurse_phone (AMKA, phone_number) VALUES ('2905001644', '2430 953546');
INSERT INTO nurse_phone (AMKA, phone_number) VALUES ('2905001644', '210 9040993');
INSERT INTO nurse_phone (AMKA, phone_number) VALUES ('2905001644', '210 5394863');
INSERT INTO nurse_dept (AMKA, dept_name) VALUES ('2905001644', 'Oncology');
INSERT INTO nurse (AMKA, first_name, middle_name, last_name, date_of_birth, date_of_employment, rank, dept_name) VALUES ('3011568029', 'Σάββας', NULL, 'Συρμού', '1956-11-30', '2000-08-05', 'Νοσηλευτής', 'Orthopaedic');
INSERT INTO nurse_email (AMKA, phone_number) VALUES ('3011568029', 'lamprini.drakaki@example.net');
INSERT INTO nurse_phone (AMKA, phone_number) VALUES ('3011568029', '+30 2719 249034');
INSERT INTO nurse_phone (AMKA, phone_number) VALUES ('3011568029', '2851083637');
INSERT INTO nurse_phone (AMKA, phone_number) VALUES ('3011568029', '+306959147491');
INSERT INTO nurse_dept (AMKA, dept_name) VALUES ('3011568029', 'Psychiatry');
INSERT INTO nurse (AMKA, first_name, middle_name, last_name, date_of_birth, date_of_employment, rank, dept_name) VALUES ('3003940529', 'Ισίδωρος', 'Ευμένιος', 'Χονδρολίδης', '1994-03-30', '2020-07-17', 'Νοσηλευτής', 'Anesthesiology');
INSERT INTO nurse_email (AMKA, phone_number) VALUES ('3003940529', 'kotsikoris.giorgos@example.com');
INSERT INTO nurse_phone (AMKA, phone_number) VALUES ('3003940529', '2660630434');
INSERT INTO nurse_phone (AMKA, phone_number) VALUES ('3003940529', '(+30) 6964 946271');
INSERT INTO nurse_phone (AMKA, phone_number) VALUES ('3003940529', '+306942707085');
INSERT INTO nurse_dept (AMKA, dept_name) VALUES ('3003940529', 'Gastroenterology');
INSERT INTO nurse (AMKA, first_name, middle_name, last_name, date_of_birth, date_of_employment, rank, dept_name) VALUES ('0501507716', 'Ερμής', 'Αναστάσιος', 'Τσέλλος', '1950-01-05', '1988-06-22', 'Νοσηλευτής', 'Haematology');
INSERT INTO nurse_email (AMKA, phone_number) VALUES ('0501507716', 'zinovios.chortatou@example.net');
INSERT INTO nurse_phone (AMKA, phone_number) VALUES ('0501507716', '6992 403 700');
INSERT INTO nurse_phone (AMKA, phone_number) VALUES ('0501507716', '2691075629');
INSERT INTO nurse_phone (AMKA, phone_number) VALUES ('0501507716', '2104147023');
INSERT INTO nurse_dept (AMKA, dept_name) VALUES ('0501507716', 'Inpatient Department (IPD)');
INSERT INTO nurse (AMKA, first_name, middle_name, last_name, date_of_birth, date_of_employment, rank, dept_name) VALUES ('1408697203', 'Σαλώμη', NULL, 'Καραμσαλής', '1969-08-14', '2020-05-05', 'Βοηθός Νοσηλευτή', 'Oncology');
INSERT INTO nurse_email (AMKA, phone_number) VALUES ('1408697203', 'georgalas.galateia@example.org');
INSERT INTO nurse_phone (AMKA, phone_number) VALUES ('1408697203', '210 9991105');
INSERT INTO nurse_phone (AMKA, phone_number) VALUES ('1408697203', '210 2365804');
INSERT INTO nurse_phone (AMKA, phone_number) VALUES ('1408697203', '210 834 8342');
INSERT INTO nurse_dept (AMKA, dept_name) VALUES ('1408697203', 'Casualty');
INSERT INTO nurse (AMKA, first_name, middle_name, last_name, date_of_birth, date_of_employment, rank, dept_name) VALUES ('2209772976', 'Πλάτων', NULL, 'Χουρζαμάνη', '1977-09-22', '2008-05-29', 'Προϊστάμενος', 'Gynaecology');
INSERT INTO nurse_email (AMKA, phone_number) VALUES ('2209772976', 'marina70@example.net');
INSERT INTO nurse_phone (AMKA, phone_number) VALUES ('2209772976', '6913441831');
INSERT INTO nurse_phone (AMKA, phone_number) VALUES ('2209772976', '(+30) 6968 680899');
INSERT INTO nurse_dept (AMKA, dept_name) VALUES ('2209772976', 'Geriatric');
INSERT INTO nurse (AMKA, first_name, middle_name, last_name, date_of_birth, date_of_employment, rank, dept_name) VALUES ('2012883023', 'Σιρανούς', NULL, 'Αργυράκη', '1988-12-20', '2021-08-03', 'Βοηθός Νοσηλευτή', 'Gastroenterology');
INSERT INTO nurse_email (AMKA, phone_number) VALUES ('2012883023', 'ulagogiannis@example.org');
INSERT INTO nurse_phone (AMKA, phone_number) VALUES ('2012883023', '+306967007085');
INSERT INTO nurse_dept (AMKA, dept_name) VALUES ('2012883023', 'Anesthesiology');
INSERT INTO nurse (AMKA, first_name, middle_name, last_name, date_of_birth, date_of_employment, rank, dept_name) VALUES ('1302478288', 'Σοφοκλής', NULL, 'Τζιόρτζιος', '1947-02-13', '1993-05-27', 'Προϊστάμενος', 'Outpatient Department (OPD)');
INSERT INTO nurse_email (AMKA, phone_number) VALUES ('1302478288', 'gerasimos64@example.net');
INSERT INTO nurse_phone (AMKA, phone_number) VALUES ('1302478288', '210 9985252');
INSERT INTO nurse_phone (AMKA, phone_number) VALUES ('1302478288', '+302679591295');
INSERT INTO nurse_dept (AMKA, dept_name) VALUES ('1302478288', 'Orthopaedic');
INSERT INTO nurse (AMKA, first_name, middle_name, last_name, date_of_birth, date_of_employment, rank, dept_name) VALUES ('1207679089', 'Βησσαρίων', 'Ευτυχία', 'Καψάλης', '1967-07-12', '1995-02-06', 'Προϊστάμενος', 'Pediatrics');
INSERT INTO nurse_email (AMKA, phone_number) VALUES ('1207679089', 'jmargia@example.org');
INSERT INTO nurse_email (AMKA, phone_number) VALUES ('1207679089', 'roxani.maneta@example.org');
INSERT INTO nurse_phone (AMKA, phone_number) VALUES ('1207679089', '2550168151');
INSERT INTO nurse_phone (AMKA, phone_number) VALUES ('1207679089', '(+30) 6960 250492');
INSERT INTO nurse_phone (AMKA, phone_number) VALUES ('1207679089', '6925300082');
INSERT INTO nurse_dept (AMKA, dept_name) VALUES ('1207679089', 'Inpatient Department (IPD)');
INSERT INTO nurse (AMKA, first_name, middle_name, last_name, date_of_birth, date_of_employment, rank, dept_name) VALUES ('1908934284', 'Φιλομήλα', NULL, 'Καραμάνη', '1993-08-19', '2023-07-23', 'Προϊστάμενος', 'Operating theatre (OT)');
INSERT INTO nurse_email (AMKA, phone_number) VALUES ('1908934284', 'kottas.tsampikos@example.com');
INSERT INTO nurse_phone (AMKA, phone_number) VALUES ('1908934284', '+30 6956 433167');
INSERT INTO nurse_phone (AMKA, phone_number) VALUES ('1908934284', '25110 00 727');
INSERT INTO nurse_phone (AMKA, phone_number) VALUES ('1908934284', '2200 031401');
INSERT INTO nurse_dept (AMKA, dept_name) VALUES ('1908934284', 'Intensive care unit (ICU)');
INSERT INTO nurse (AMKA, first_name, middle_name, last_name, date_of_birth, date_of_employment, rank, dept_name) VALUES ('2407971013', 'Αστέριος', NULL, 'Τορομίδης', '1997-07-24', '2015-08-02', 'Νοσηλευτής', 'Neurology');
INSERT INTO nurse_email (AMKA, phone_number) VALUES ('2407971013', 'theodoti41@example.com');
INSERT INTO nurse_phone (AMKA, phone_number) VALUES ('2407971013', '6974 203 293');
INSERT INTO nurse_phone (AMKA, phone_number) VALUES ('2407971013', '+30 2373 775885');
INSERT INTO nurse_phone (AMKA, phone_number) VALUES ('2407971013', '25540 19 670');
INSERT INTO nurse_dept (AMKA, dept_name) VALUES ('2407971013', 'Gynaecology');
INSERT INTO nurse (AMKA, first_name, middle_name, last_name, date_of_birth, date_of_employment, rank, dept_name) VALUES ('2812529967', 'Ιερόθεος', NULL, 'Βούλκος', '1952-12-28', '1972-07-13', 'Βοηθός Νοσηλευτή', 'Oncology');
INSERT INTO nurse_email (AMKA, phone_number) VALUES ('2812529967', 'arsenaki.argyro@example.org');
INSERT INTO nurse_phone (AMKA, phone_number) VALUES ('2812529967', '2820 721 537');
INSERT INTO nurse_dept (AMKA, dept_name) VALUES ('2812529967', 'Intensive care unit (ICU)');
INSERT INTO nurse (AMKA, first_name, middle_name, last_name, date_of_birth, date_of_employment, rank, dept_name) VALUES ('0405455659', 'Αναστασία', NULL, 'Μυλωνίδου', '1945-05-04', '1977-03-23', 'Βοηθός Νοσηλευτή', 'Pediatrics');
INSERT INTO nurse_email (AMKA, phone_number) VALUES ('0405455659', 'georgia80@example.org');
INSERT INTO nurse_phone (AMKA, phone_number) VALUES ('0405455659', '210 861 2316');
INSERT INTO nurse_phone (AMKA, phone_number) VALUES ('0405455659', '210 637 5613');
INSERT INTO nurse_dept (AMKA, dept_name) VALUES ('0405455659', 'Pediatrics');
INSERT INTO nurse (AMKA, first_name, middle_name, last_name, date_of_birth, date_of_employment, rank, dept_name) VALUES ('0303995114', 'Ροδιά', NULL, 'Ρήνος', '1999-03-03', '2024-01-28', 'Προϊστάμενος', 'Urology');
INSERT INTO nurse_email (AMKA, phone_number) VALUES ('0303995114', 'lmalama@example.com');
INSERT INTO nurse_email (AMKA, phone_number) VALUES ('0303995114', 'ourania73@example.com');
INSERT INTO nurse_phone (AMKA, phone_number) VALUES ('0303995114', '6933919462');
INSERT INTO nurse_phone (AMKA, phone_number) VALUES ('0303995114', '6999 412 834');
INSERT INTO nurse_phone (AMKA, phone_number) VALUES ('0303995114', '+30 6902 818054');
INSERT INTO nurse_dept (AMKA, dept_name) VALUES ('0303995114', 'Geriatric');
INSERT INTO nurse (AMKA, first_name, middle_name, last_name, date_of_birth, date_of_employment, rank, dept_name) VALUES ('1111688464', 'Σαπφώ', 'Αιμίλιος', 'Γραμματικόπουλος', '1968-11-11', '1990-06-30', 'Νοσηλευτής', 'Gynaecology');
INSERT INTO nurse_email (AMKA, phone_number) VALUES ('1111688464', 'spiliotis.kyveli@example.net');
INSERT INTO nurse_email (AMKA, phone_number) VALUES ('1111688464', 'vdounis@example.com');
INSERT INTO nurse_phone (AMKA, phone_number) VALUES ('1111688464', '20550 01 419');
INSERT INTO nurse_phone (AMKA, phone_number) VALUES ('1111688464', '6971859534');
INSERT INTO nurse_dept (AMKA, dept_name) VALUES ('1111688464', 'Psychiatry');
INSERT INTO nurse (AMKA, first_name, middle_name, last_name, date_of_birth, date_of_employment, rank, dept_name) VALUES ('0501488320', 'Χάιδω', 'Πολυτίμη', 'Αλατζάκης', '1948-01-05', '1987-04-25', 'Νοσηλευτής', 'Inpatient Department (IPD)');
INSERT INTO nurse_email (AMKA, phone_number) VALUES ('0501488320', 'saoulidis.eupraxia@example.com');
INSERT INTO nurse_email (AMKA, phone_number) VALUES ('0501488320', 'mzoi@example.com');
INSERT INTO nurse_phone (AMKA, phone_number) VALUES ('0501488320', '6965 067 493');
INSERT INTO nurse_phone (AMKA, phone_number) VALUES ('0501488320', '28200 27 115');
INSERT INTO nurse_phone (AMKA, phone_number) VALUES ('0501488320', '2290 541 122');
INSERT INTO nurse_dept (AMKA, dept_name) VALUES ('0501488320', 'Geriatric');
INSERT INTO nurse (AMKA, first_name, middle_name, last_name, date_of_birth, date_of_employment, rank, dept_name) VALUES ('0403530470', 'Φωτεινή', NULL, 'Πίσσιος', '1953-03-04', '1992-04-11', 'Βοηθός Νοσηλευτή', 'Outpatient Department (OPD)');
INSERT INTO nurse_email (AMKA, phone_number) VALUES ('0403530470', 'kosmas05@example.org');
INSERT INTO nurse_email (AMKA, phone_number) VALUES ('0403530470', 'gavridakis.merkourios@example.net');
INSERT INTO nurse_phone (AMKA, phone_number) VALUES ('0403530470', '2060 106 919');
INSERT INTO nurse_dept (AMKA, dept_name) VALUES ('0403530470', 'Operating theatre (OT)');
INSERT INTO nurse (AMKA, first_name, middle_name, last_name, date_of_birth, date_of_employment, rank, dept_name) VALUES ('0212459106', 'Κλήμης', 'Ευγενία', 'Ρόκκα', '1945-12-02', '1980-02-09', 'Προϊστάμενος', 'Psychiatry');
INSERT INTO nurse_email (AMKA, phone_number) VALUES ('0212459106', 'markos18@example.net');
INSERT INTO nurse_email (AMKA, phone_number) VALUES ('0212459106', 'roxani.dimopoulou@example.net');
INSERT INTO nurse_phone (AMKA, phone_number) VALUES ('0212459106', '24950 57 148');
INSERT INTO nurse_phone (AMKA, phone_number) VALUES ('0212459106', '(+30) 6953 255750');
INSERT INTO nurse_phone (AMKA, phone_number) VALUES ('0212459106', '6972 696169');
INSERT INTO nurse_dept (AMKA, dept_name) VALUES ('0212459106', 'Gynaecology');
INSERT INTO nurse (AMKA, first_name, middle_name, last_name, date_of_birth, date_of_employment, rank, dept_name) VALUES ('0601427360', 'Γιασεμή', NULL, 'Μαστραγγελή', '1942-01-06', '1987-11-27', 'Προϊστάμενος', 'Opthalmology');
INSERT INTO nurse_email (AMKA, phone_number) VALUES ('0601427360', 'tzekos.chrysi@example.com');
INSERT INTO nurse_phone (AMKA, phone_number) VALUES ('0601427360', '6964 089 929');
INSERT INTO nurse_phone (AMKA, phone_number) VALUES ('0601427360', '28600 72 209');
INSERT INTO nurse_phone (AMKA, phone_number) VALUES ('0601427360', '+306910274482');
INSERT INTO nurse_dept (AMKA, dept_name) VALUES ('0601427360', 'Opthalmology');
INSERT INTO nurse (AMKA, first_name, middle_name, last_name, date_of_birth, date_of_employment, rank, dept_name) VALUES ('2903754769', 'Ιγνάτιος', NULL, 'Αγγελόπουλος', '1975-03-29', '2001-01-11', 'Προϊστάμενος', 'General surgery');
INSERT INTO nurse_email (AMKA, phone_number) VALUES ('2903754769', 'mpekakou.domna@example.org');
INSERT INTO nurse_phone (AMKA, phone_number) VALUES ('2903754769', '6997 386935');
INSERT INTO nurse_phone (AMKA, phone_number) VALUES ('2903754769', '(+30) 2010 341395');
INSERT INTO nurse_dept (AMKA, dept_name) VALUES ('2903754769', 'Intensive care unit (ICU)');
INSERT INTO nurse (AMKA, first_name, middle_name, last_name, date_of_birth, date_of_employment, rank, dept_name) VALUES ('2407818176', 'Αθηνόδωρος', NULL, 'Λιόντη', '1981-07-24', '2006-07-29', 'Νοσηλευτής', 'Intensive care unit (ICU)');
INSERT INTO nurse_email (AMKA, phone_number) VALUES ('2407818176', 'emparkouta@example.net');
INSERT INTO nurse_phone (AMKA, phone_number) VALUES ('2407818176', '2490 909 599');
INSERT INTO nurse_phone (AMKA, phone_number) VALUES ('2407818176', '+30 2274 589263');
INSERT INTO nurse_dept (AMKA, dept_name) VALUES ('2407818176', 'Gastroenterology');
INSERT INTO nurse (AMKA, first_name, middle_name, last_name, date_of_birth, date_of_employment, rank, dept_name) VALUES ('2210732993', 'Παντελία', NULL, 'Τσαμαδός', '1973-10-22', '2015-01-05', 'Προϊστάμενος', 'Psychiatry');
INSERT INTO nurse_email (AMKA, phone_number) VALUES ('2210732993', 'umauridi@example.net');
INSERT INTO nurse_phone (AMKA, phone_number) VALUES ('2210732993', '+306912998315');
INSERT INTO nurse_phone (AMKA, phone_number) VALUES ('2210732993', '20510 21 665');
INSERT INTO nurse_phone (AMKA, phone_number) VALUES ('2210732993', '+30 2490 112462');
INSERT INTO nurse_dept (AMKA, dept_name) VALUES ('2210732993', 'Haematology');
INSERT INTO nurse (AMKA, first_name, middle_name, last_name, date_of_birth, date_of_employment, rank, dept_name) VALUES ('0909660903', 'Κυπαρισσία', NULL, 'Ταβερναράκης', '1966-09-09', '2006-07-25', 'Νοσηλευτής', 'Oncology');
INSERT INTO nurse_email (AMKA, phone_number) VALUES ('0909660903', 'mauroeidis.sofra@example.net');
INSERT INTO nurse_phone (AMKA, phone_number) VALUES ('0909660903', '210 441 9393');
INSERT INTO nurse_phone (AMKA, phone_number) VALUES ('0909660903', '+30 2974 194098');
INSERT INTO nurse_phone (AMKA, phone_number) VALUES ('0909660903', '210 2769340');
INSERT INTO nurse_dept (AMKA, dept_name) VALUES ('0909660903', 'Orthopaedic');
INSERT INTO nurse (AMKA, first_name, middle_name, last_name, date_of_birth, date_of_employment, rank, dept_name) VALUES ('2810445963', 'Ρόζα', NULL, 'Μαράκη', '1944-10-28', '1984-11-09', 'Προϊστάμενος', 'Neurology');
INSERT INTO nurse_email (AMKA, phone_number) VALUES ('2810445963', 'theokleia.michailidou@example.com');
INSERT INTO nurse_phone (AMKA, phone_number) VALUES ('2810445963', '(+30) 2455 336636');
INSERT INTO nurse_phone (AMKA, phone_number) VALUES ('2810445963', '+30 2919 796715');
INSERT INTO nurse_phone (AMKA, phone_number) VALUES ('2810445963', '2190 456 562');
INSERT INTO nurse_dept (AMKA, dept_name) VALUES ('2810445963', 'Psychiatry');
INSERT INTO nurse (AMKA, first_name, middle_name, last_name, date_of_birth, date_of_employment, rank, dept_name) VALUES ('2202788231', 'Βενιζέλος', NULL, 'Γεωργιάδου', '1978-02-22', '2012-05-13', 'Προϊστάμενος', 'Psychiatry');
INSERT INTO nurse_email (AMKA, phone_number) VALUES ('2202788231', 'mylonidou.anna@example.com');
INSERT INTO nurse_email (AMKA, phone_number) VALUES ('2202788231', 'nmakris@example.net');
INSERT INTO nurse_phone (AMKA, phone_number) VALUES ('2202788231', '+302545304931');
INSERT INTO nurse_phone (AMKA, phone_number) VALUES ('2202788231', '6956 221 916');
INSERT INTO nurse_phone (AMKA, phone_number) VALUES ('2202788231', '2448041170');
INSERT INTO nurse_dept (AMKA, dept_name) VALUES ('2202788231', 'Operating theatre (OT)');
INSERT INTO nurse (AMKA, first_name, middle_name, last_name, date_of_birth, date_of_employment, rank, dept_name) VALUES ('2704562592', 'Σπυράννα', NULL, 'Κουκουθάκη', '1956-04-27', '1987-07-12', 'Νοσηλευτής', 'Intensive care unit (ICU)');
INSERT INTO nurse_email (AMKA, phone_number) VALUES ('2704562592', 'tzikas.kleoniki@example.com');
INSERT INTO nurse_phone (AMKA, phone_number) VALUES ('2704562592', '6991 669681');
INSERT INTO nurse_phone (AMKA, phone_number) VALUES ('2704562592', '25050 37 338');
INSERT INTO nurse_dept (AMKA, dept_name) VALUES ('2704562592', 'Orthopaedic');
INSERT INTO nurse (AMKA, first_name, middle_name, last_name, date_of_birth, date_of_employment, rank, dept_name) VALUES ('2411715378', 'Πρόδρομος', NULL, 'Καραγιάννης', '1971-11-24', '2024-09-09', 'Προϊστάμενος', 'Operating theatre (OT)');
INSERT INTO nurse_email (AMKA, phone_number) VALUES ('2411715378', 'dmakrykostas@example.com');
INSERT INTO nurse_email (AMKA, phone_number) VALUES ('2411715378', 'csalemi@example.net');
INSERT INTO nurse_phone (AMKA, phone_number) VALUES ('2411715378', '210 536 4950');
INSERT INTO nurse_phone (AMKA, phone_number) VALUES ('2411715378', '2101424951');
INSERT INTO nurse_phone (AMKA, phone_number) VALUES ('2411715378', '2660 120 617');
INSERT INTO nurse_dept (AMKA, dept_name) VALUES ('2411715378', 'Gynaecology');
INSERT INTO nurse (AMKA, first_name, middle_name, last_name, date_of_birth, date_of_employment, rank, dept_name) VALUES ('2009974419', 'Καλλιρόη', 'Ρηγούλα', 'Κιοσές', '1997-09-20', '2018-11-21', 'Προϊστάμενος', 'Anesthesiology');
INSERT INTO nurse_email (AMKA, phone_number) VALUES ('2009974419', 'apostolia06@example.org');
INSERT INTO nurse_phone (AMKA, phone_number) VALUES ('2009974419', '+30 6954 087306');
INSERT INTO nurse_dept (AMKA, dept_name) VALUES ('2009974419', 'Orthopaedic');
INSERT INTO nurse (AMKA, first_name, middle_name, last_name, date_of_birth, date_of_employment, rank, dept_name) VALUES ('1410576808', 'Ισιδώρα', NULL, 'Τερζίδης', '1957-10-14', '2013-10-02', 'Βοηθός Νοσηλευτή', 'Urology');
INSERT INTO nurse_email (AMKA, phone_number) VALUES ('1410576808', 'bkotoulas@example.com');
INSERT INTO nurse_phone (AMKA, phone_number) VALUES ('1410576808', '(+30) 6996 459014');
INSERT INTO nurse_phone (AMKA, phone_number) VALUES ('1410576808', '6957 668645');
INSERT INTO nurse_phone (AMKA, phone_number) VALUES ('1410576808', '+302657564267');
INSERT INTO nurse_dept (AMKA, dept_name) VALUES ('1410576808', 'Oncology');
INSERT INTO nurse (AMKA, first_name, middle_name, last_name, date_of_birth, date_of_employment, rank, dept_name) VALUES ('0707486851', 'Εμμανουέλα', NULL, 'Μωραΐτη', '1948-07-07', '2002-04-07', 'Νοσηλευτής', 'Neurology');
INSERT INTO nurse_email (AMKA, phone_number) VALUES ('0707486851', 'pankidou.polychronios@example.net');
INSERT INTO nurse_phone (AMKA, phone_number) VALUES ('0707486851', '+306952467868');
INSERT INTO nurse_phone (AMKA, phone_number) VALUES ('0707486851', '+306962919585');
INSERT INTO nurse_phone (AMKA, phone_number) VALUES ('0707486851', '2104825808');
INSERT INTO nurse_dept (AMKA, dept_name) VALUES ('0707486851', 'Oncology');
INSERT INTO nurse (AMKA, first_name, middle_name, last_name, date_of_birth, date_of_employment, rank, dept_name) VALUES ('0607738540', 'Υάκινθος', NULL, 'Πορφυριάδου', '1973-07-06', '2003-12-24', 'Προϊστάμενος', 'Anesthesiology');
INSERT INTO nurse_email (AMKA, phone_number) VALUES ('0607738540', 'epolychronopoulos@example.com');
INSERT INTO nurse_email (AMKA, phone_number) VALUES ('0607738540', 'mara.paressa@example.org');
INSERT INTO nurse_phone (AMKA, phone_number) VALUES ('0607738540', '(+30) 2642 354822');
INSERT INTO nurse_phone (AMKA, phone_number) VALUES ('0607738540', '210 2039163');
INSERT INTO nurse_dept (AMKA, dept_name) VALUES ('0607738540', 'General surgery');
INSERT INTO nurse (AMKA, first_name, middle_name, last_name, date_of_birth, date_of_employment, rank, dept_name) VALUES ('2409746735', 'Απόστολος', NULL, 'Ξηρίδου', '1974-09-24', '2006-11-08', 'Προϊστάμενος', 'Orthopaedic');
INSERT INTO nurse_email (AMKA, phone_number) VALUES ('2409746735', 'xiridou.matina@example.org');
INSERT INTO nurse_phone (AMKA, phone_number) VALUES ('2409746735', '6940 980044');
INSERT INTO nurse_phone (AMKA, phone_number) VALUES ('2409746735', '+30 6974 174978');
INSERT INTO nurse_dept (AMKA, dept_name) VALUES ('2409746735', 'Geriatric');
INSERT INTO nurse (AMKA, first_name, middle_name, last_name, date_of_birth, date_of_employment, rank, dept_name) VALUES ('2509796665', 'Βασίλειος', 'Αριστόβουλος', 'Δρουλιάς', '1979-09-25', '2011-08-31', 'Νοσηλευτής', 'Cardiology');
INSERT INTO nurse_email (AMKA, phone_number) VALUES ('2509796665', 'spiliotis.rigoula@example.net');
INSERT INTO nurse_email (AMKA, phone_number) VALUES ('2509796665', 'foivos06@example.net');
INSERT INTO nurse_phone (AMKA, phone_number) VALUES ('2509796665', '(+30) 2989 286998');
INSERT INTO nurse_phone (AMKA, phone_number) VALUES ('2509796665', '2750 068849');
INSERT INTO nurse_dept (AMKA, dept_name) VALUES ('2509796665', 'Urology');
INSERT INTO nurse (AMKA, first_name, middle_name, last_name, date_of_birth, date_of_employment, rank, dept_name) VALUES ('1603685746', 'Γιώργος', 'Αγαθοκλής', 'Κατιρτζής', '1968-03-16', '2002-11-06', 'Βοηθός Νοσηλευτή', 'Cardiology');
INSERT INTO nurse_email (AMKA, phone_number) VALUES ('1603685746', 'yvakalis@example.net');
INSERT INTO nurse_phone (AMKA, phone_number) VALUES ('1603685746', '2710874013');
INSERT INTO nurse_dept (AMKA, dept_name) VALUES ('1603685746', 'Geriatric');
INSERT INTO nurse (AMKA, first_name, middle_name, last_name, date_of_birth, date_of_employment, rank, dept_name) VALUES ('1810684760', 'Ρεγγίνα', 'Λάσκαρης', 'Μπίλλας', '1968-10-18', '2025-08-13', 'Νοσηλευτής', 'ENT');
INSERT INTO nurse_email (AMKA, phone_number) VALUES ('1810684760', 'marakas.sofia@example.com');
INSERT INTO nurse_email (AMKA, phone_number) VALUES ('1810684760', 'giannakeas.sevastiani@example.net');
INSERT INTO nurse_phone (AMKA, phone_number) VALUES ('1810684760', '2480906653');
INSERT INTO nurse_phone (AMKA, phone_number) VALUES ('1810684760', '2520 515 731');
INSERT INTO nurse_dept (AMKA, dept_name) VALUES ('1810684760', 'Urology');
INSERT INTO nurse (AMKA, first_name, middle_name, last_name, date_of_birth, date_of_employment, rank, dept_name) VALUES ('0208490904', 'Πηγή', NULL, 'Αντωνίου', '1949-08-02', '2003-09-23', 'Νοσηλευτής', 'Opthalmology');
INSERT INTO nurse_email (AMKA, phone_number) VALUES ('0208490904', 'alexios05@example.com');
INSERT INTO nurse_email (AMKA, phone_number) VALUES ('0208490904', 'dgrevenaris@example.com');
INSERT INTO nurse_phone (AMKA, phone_number) VALUES ('0208490904', '+30 6967 259224');
INSERT INTO nurse_phone (AMKA, phone_number) VALUES ('0208490904', '210 085 9176');
INSERT INTO nurse_phone (AMKA, phone_number) VALUES ('0208490904', '210 909 0863');
INSERT INTO nurse_dept (AMKA, dept_name) VALUES ('0208490904', 'ENT');
INSERT INTO nurse (AMKA, first_name, middle_name, last_name, date_of_birth, date_of_employment, rank, dept_name) VALUES ('2408602494', 'Βάγια', NULL, 'Καραγιοβάννη', '1960-08-24', '2012-01-26', 'Νοσηλευτής', 'Neurology');
INSERT INTO nurse_email (AMKA, phone_number) VALUES ('2408602494', 'rallis.deli@example.com');
INSERT INTO nurse_email (AMKA, phone_number) VALUES ('2408602494', 'jpapaeuaggelou@example.net');
INSERT INTO nurse_phone (AMKA, phone_number) VALUES ('2408602494', '210 4996497');
INSERT INTO nurse_phone (AMKA, phone_number) VALUES ('2408602494', '21150 56 078');
INSERT INTO nurse_dept (AMKA, dept_name) VALUES ('2408602494', 'Geriatric');
INSERT INTO nurse (AMKA, first_name, middle_name, last_name, date_of_birth, date_of_employment, rank, dept_name) VALUES ('1512807285', 'Ευσεβεία', NULL, 'Κωνσταντάς', '1980-12-15', '2016-10-05', 'Προϊστάμενος', 'Outpatient Department (OPD)');
INSERT INTO nurse_email (AMKA, phone_number) VALUES ('1512807285', 'timon.karagrigoriou@example.org');
INSERT INTO nurse_phone (AMKA, phone_number) VALUES ('1512807285', '+30 6951 486060');
INSERT INTO nurse_phone (AMKA, phone_number) VALUES ('1512807285', '(+30) 2523 243546');
INSERT INTO nurse_phone (AMKA, phone_number) VALUES ('1512807285', '2908012133');
INSERT INTO nurse_dept (AMKA, dept_name) VALUES ('1512807285', 'Orthopaedic');
INSERT INTO nurse (AMKA, first_name, middle_name, last_name, date_of_birth, date_of_employment, rank, dept_name) VALUES ('0805529909', 'Τίτος', 'Θωμαίς', 'Μαργαρίτη', '1952-05-08', '2002-02-07', 'Προϊστάμενος', 'Intensive care unit (ICU)');
INSERT INTO nurse_email (AMKA, phone_number) VALUES ('0805529909', 'menelaos.chalkidou@example.com');
INSERT INTO nurse_phone (AMKA, phone_number) VALUES ('0805529909', '(+30) 2358 607882');
INSERT INTO nurse_phone (AMKA, phone_number) VALUES ('0805529909', '+306985911317');
INSERT INTO nurse_dept (AMKA, dept_name) VALUES ('0805529909', 'Outpatient Department (OPD)');
INSERT INTO nurse (AMKA, first_name, middle_name, last_name, date_of_birth, date_of_employment, rank, dept_name) VALUES ('2906619041', 'Βαλέριος', NULL, 'Κασμιρλή', '1961-06-29', '1980-07-23', 'Προϊστάμενος', 'Gastroenterology');
INSERT INTO nurse_email (AMKA, phone_number) VALUES ('2906619041', 'chrysoula.violatos@example.org');
INSERT INTO nurse_email (AMKA, phone_number) VALUES ('2906619041', 'alexopoulou.faidon@example.org');
INSERT INTO nurse_phone (AMKA, phone_number) VALUES ('2906619041', '2560 772 168');
INSERT INTO nurse_dept (AMKA, dept_name) VALUES ('2906619041', 'Outpatient Department (OPD)');
INSERT INTO nurse (AMKA, first_name, middle_name, last_name, date_of_birth, date_of_employment, rank, dept_name) VALUES ('2104682202', 'Νεφέλη', NULL, 'Κωστοπούλου', '1968-04-21', '1995-12-24', 'Νοσηλευτής', 'Haematology');
INSERT INTO nurse_email (AMKA, phone_number) VALUES ('2104682202', 'jkastanis@example.com');
INSERT INTO nurse_email (AMKA, phone_number) VALUES ('2104682202', 'spyridon.maneta@example.com');
INSERT INTO nurse_phone (AMKA, phone_number) VALUES ('2104682202', '+306965676348');
INSERT INTO nurse_phone (AMKA, phone_number) VALUES ('2104682202', '2020 629 818');
INSERT INTO nurse_dept (AMKA, dept_name) VALUES ('2104682202', 'Orthopaedic');
INSERT INTO nurse (AMKA, first_name, middle_name, last_name, date_of_birth, date_of_employment, rank, dept_name) VALUES ('0509934508', 'Θεοδοσία', NULL, 'Κεφαλή', '1993-09-05', '2016-04-20', 'Προϊστάμενος', 'Oncology');
INSERT INTO nurse_email (AMKA, phone_number) VALUES ('0509934508', 'cprovis@example.net');
INSERT INTO nurse_phone (AMKA, phone_number) VALUES ('0509934508', '6971 265331');
INSERT INTO nurse_phone (AMKA, phone_number) VALUES ('0509934508', '2280 393582');
INSERT INTO nurse_phone (AMKA, phone_number) VALUES ('0509934508', '2383057055');
INSERT INTO nurse_dept (AMKA, dept_name) VALUES ('0509934508', 'Casualty');
INSERT INTO nurse (AMKA, first_name, middle_name, last_name, date_of_birth, date_of_employment, rank, dept_name) VALUES ('2804482376', 'Θέμις', NULL, 'Κουμάρα', '1948-04-28', '1989-08-19', 'Προϊστάμενος', 'Cardiology');
INSERT INTO nurse_email (AMKA, phone_number) VALUES ('2804482376', 'cgiapatzis@example.com');
INSERT INTO nurse_phone (AMKA, phone_number) VALUES ('2804482376', '210 3712312');
INSERT INTO nurse_dept (AMKA, dept_name) VALUES ('2804482376', 'Urology');
INSERT INTO nurse (AMKA, first_name, middle_name, last_name, date_of_birth, date_of_employment, rank, dept_name) VALUES ('1410472859', 'Υβόννη', NULL, 'Κατάκης', '1947-10-14', '1998-05-06', 'Νοσηλευτής', 'Neurology');
INSERT INTO nurse_email (AMKA, phone_number) VALUES ('1410472859', 'valentinos56@example.org');
INSERT INTO nurse_phone (AMKA, phone_number) VALUES ('1410472859', '2608015616');
INSERT INTO nurse_phone (AMKA, phone_number) VALUES ('1410472859', '+306986431644');
INSERT INTO nurse_phone (AMKA, phone_number) VALUES ('1410472859', '210 571 1607');
INSERT INTO nurse_dept (AMKA, dept_name) VALUES ('1410472859', 'Pediatrics');
INSERT INTO nurse (AMKA, first_name, middle_name, last_name, date_of_birth, date_of_employment, rank, dept_name) VALUES ('1107666248', 'Γιολάντα', 'Αρχέλαος', 'Ασημόπουλος', '1966-07-11', '1994-10-05', 'Βοηθός Νοσηλευτή', 'Geriatric');
INSERT INTO nurse_email (AMKA, phone_number) VALUES ('1107666248', 'skelaidonis@example.net');
INSERT INTO nurse_phone (AMKA, phone_number) VALUES ('1107666248', '+306979531549');
INSERT INTO nurse_phone (AMKA, phone_number) VALUES ('1107666248', '2390572372');
INSERT INTO nurse_phone (AMKA, phone_number) VALUES ('1107666248', '6921 318186');
INSERT INTO nurse_dept (AMKA, dept_name) VALUES ('1107666248', 'General surgery');
INSERT INTO nurse (AMKA, first_name, middle_name, last_name, date_of_birth, date_of_employment, rank, dept_name) VALUES ('1601483351', 'Λουκάς', 'Θέμης', 'Ροδίτου', '1948-01-16', '1967-08-16', 'Προϊστάμενος', 'Outpatient Department (OPD)');
INSERT INTO nurse_email (AMKA, phone_number) VALUES ('1601483351', 'leonidas.mpantis@example.com');
INSERT INTO nurse_email (AMKA, phone_number) VALUES ('1601483351', 'martinos97@example.com');
INSERT INTO nurse_phone (AMKA, phone_number) VALUES ('1601483351', '210 1301301');
INSERT INTO nurse_phone (AMKA, phone_number) VALUES ('1601483351', '2200 395215');
INSERT INTO nurse_phone (AMKA, phone_number) VALUES ('1601483351', '210 106 9985');
INSERT INTO nurse_dept (AMKA, dept_name) VALUES ('1601483351', 'Pediatrics');
INSERT INTO nurse (AMKA, first_name, middle_name, last_name, date_of_birth, date_of_employment, rank, dept_name) VALUES ('0905711630', 'Θεμιστοκλής', NULL, 'Μπακλάβας', '1971-05-09', '2010-04-12', 'Νοσηλευτής', 'General surgery');
INSERT INTO nurse_email (AMKA, phone_number) VALUES ('0905711630', 'olympia52@example.org');
INSERT INTO nurse_phone (AMKA, phone_number) VALUES ('0905711630', '2110 806153');
INSERT INTO nurse_phone (AMKA, phone_number) VALUES ('0905711630', '6963 265 719');
INSERT INTO nurse_dept (AMKA, dept_name) VALUES ('0905711630', 'Anesthesiology');
INSERT INTO nurse (AMKA, first_name, middle_name, last_name, date_of_birth, date_of_employment, rank, dept_name) VALUES ('0412861461', 'Υπαπαντή', NULL, 'Θεοδωρικάκος', '1986-12-04', '2024-09-03', 'Προϊστάμενος', 'Oncology');
INSERT INTO nurse_email (AMKA, phone_number) VALUES ('0412861461', 'fxirogiannis@example.net');
INSERT INTO nurse_email (AMKA, phone_number) VALUES ('0412861461', 'volikakis.polydoros@example.net');
INSERT INTO nurse_phone (AMKA, phone_number) VALUES ('0412861461', '2540 220163');
INSERT INTO nurse_dept (AMKA, dept_name) VALUES ('0412861461', 'Geriatric');
INSERT INTO nurse (AMKA, first_name, middle_name, last_name, date_of_birth, date_of_employment, rank, dept_name) VALUES ('2705913673', 'Αχιλλεία', 'Αγαπητός', 'Σταύρου', '1991-05-27', '2022-07-19', 'Προϊστάμενος', 'Neurology');
INSERT INTO nurse_email (AMKA, phone_number) VALUES ('2705913673', 'eemmanouil@example.com');
INSERT INTO nurse_email (AMKA, phone_number) VALUES ('2705913673', 'asakellariou@example.net');
INSERT INTO nurse_phone (AMKA, phone_number) VALUES ('2705913673', '210 4545332');
INSERT INTO nurse_phone (AMKA, phone_number) VALUES ('2705913673', '+302856271469');
INSERT INTO nurse_dept (AMKA, dept_name) VALUES ('2705913673', 'Gynaecology');
INSERT INTO nurse (AMKA, first_name, middle_name, last_name, date_of_birth, date_of_employment, rank, dept_name) VALUES ('2404736776', 'Ευδόξιος', NULL, 'Βαζούρα', '1973-04-24', '2008-05-25', 'Βοηθός Νοσηλευτή', 'ENT');
INSERT INTO nurse_email (AMKA, phone_number) VALUES ('2404736776', 'roza45@example.org');
INSERT INTO nurse_email (AMKA, phone_number) VALUES ('2404736776', 'mmpaganas@example.org');
INSERT INTO nurse_phone (AMKA, phone_number) VALUES ('2404736776', '+30 2082 357114');
INSERT INTO nurse_dept (AMKA, dept_name) VALUES ('2404736776', 'Geriatric');
INSERT INTO nurse (AMKA, first_name, middle_name, last_name, date_of_birth, date_of_employment, rank, dept_name) VALUES ('0201469512', 'Ισαάκ', NULL, 'Γιαννούκος', '1946-01-02', '1996-08-22', 'Νοσηλευτής', 'Operating theatre (OT)');
INSERT INTO nurse_email (AMKA, phone_number) VALUES ('0201469512', 'tompoulidou.sevasti@example.net');
INSERT INTO nurse_email (AMKA, phone_number) VALUES ('0201469512', 'dimosthenis74@example.org');
INSERT INTO nurse_phone (AMKA, phone_number) VALUES ('0201469512', '2080 767 386');
INSERT INTO nurse_phone (AMKA, phone_number) VALUES ('0201469512', '+302848764422');
INSERT INTO nurse_dept (AMKA, dept_name) VALUES ('0201469512', 'ENT');
INSERT INTO nurse (AMKA, first_name, middle_name, last_name, date_of_birth, date_of_employment, rank, dept_name) VALUES ('2205716047', 'Νικόδημος', NULL, 'Ακριώτης', '1971-05-22', '2023-12-29', 'Νοσηλευτής', 'Intensive care unit (ICU)');
INSERT INTO nurse_email (AMKA, phone_number) VALUES ('2205716047', 'kleomenis06@example.net');
INSERT INTO nurse_phone (AMKA, phone_number) VALUES ('2205716047', '210 0953396');
INSERT INTO nurse_phone (AMKA, phone_number) VALUES ('2205716047', '23690 01 014');
INSERT INTO nurse_dept (AMKA, dept_name) VALUES ('2205716047', 'Haematology');
INSERT INTO nurse (AMKA, first_name, middle_name, last_name, date_of_birth, date_of_employment, rank, dept_name) VALUES ('1707693139', 'Βασίλειος', 'Ζαφείριος', 'Ζαχαριουδάκη', '1969-07-17', '1998-02-08', 'Βοηθός Νοσηλευτή', 'Operating theatre (OT)');
INSERT INTO nurse_email (AMKA, phone_number) VALUES ('1707693139', 'zdimtsoudi@example.org');
INSERT INTO nurse_phone (AMKA, phone_number) VALUES ('1707693139', '(+30) 6938 095765');
INSERT INTO nurse_dept (AMKA, dept_name) VALUES ('1707693139', 'Operating theatre (OT)');
INSERT INTO nurse (AMKA, first_name, middle_name, last_name, date_of_birth, date_of_employment, rank, dept_name) VALUES ('1210633994', 'Πολυχρονία', NULL, 'Καλογιαννάκη', '1963-10-12', '2013-02-24', 'Βοηθός Νοσηλευτή', 'Urology');
INSERT INTO nurse_email (AMKA, phone_number) VALUES ('1210633994', 'laskarina.chamalidou@example.com');
INSERT INTO nurse_phone (AMKA, phone_number) VALUES ('1210633994', '2108369331');
INSERT INTO nurse_phone (AMKA, phone_number) VALUES ('1210633994', '6917 288199');
INSERT INTO nurse_phone (AMKA, phone_number) VALUES ('1210633994', '2102590690');
INSERT INTO nurse_dept (AMKA, dept_name) VALUES ('1210633994', 'Intensive care unit (ICU)');
INSERT INTO nurse (AMKA, first_name, middle_name, last_name, date_of_birth, date_of_employment, rank, dept_name) VALUES ('1006891535', 'Φιλιππία', NULL, 'Κορομήλας', '1989-06-10', '2021-11-10', 'Προϊστάμενος', 'Psychiatry');
INSERT INTO nurse_email (AMKA, phone_number) VALUES ('1006891535', 'lgrigoriou@example.net');
INSERT INTO nurse_phone (AMKA, phone_number) VALUES ('1006891535', '+306997864526');
INSERT INTO nurse_dept (AMKA, dept_name) VALUES ('1006891535', 'Oncology');
INSERT INTO nurse (AMKA, first_name, middle_name, last_name, date_of_birth, date_of_employment, rank, dept_name) VALUES ('1709556112', 'Λαυρέντιος', NULL, 'Αγκυρόπουλος', '1955-09-17', '2000-11-01', 'Προϊστάμενος', 'Orthopaedic');
INSERT INTO nurse_email (AMKA, phone_number) VALUES ('1709556112', 'nmpyrou@example.net');
INSERT INTO nurse_email (AMKA, phone_number) VALUES ('1709556112', 'mantas.polina@example.com');
INSERT INTO nurse_phone (AMKA, phone_number) VALUES ('1709556112', '6904 817 143');
INSERT INTO nurse_phone (AMKA, phone_number) VALUES ('1709556112', '210 629 3972');
INSERT INTO nurse_dept (AMKA, dept_name) VALUES ('1709556112', 'ENT');
INSERT INTO nurse (AMKA, first_name, middle_name, last_name, date_of_birth, date_of_employment, rank, dept_name) VALUES ('2308761066', 'Ηράκλεια', NULL, 'Σπορδιλής', '1976-08-23', '2015-08-06', 'Βοηθός Νοσηλευτή', 'Pediatrics');
INSERT INTO nurse_email (AMKA, phone_number) VALUES ('2308761066', 'doukissa.mpali@example.net');
INSERT INTO nurse_email (AMKA, phone_number) VALUES ('2308761066', 'kikilia.grammenou@example.org');
INSERT INTO nurse_phone (AMKA, phone_number) VALUES ('2308761066', '210 288 9381');
INSERT INTO nurse_phone (AMKA, phone_number) VALUES ('2308761066', '210 378 6505');
INSERT INTO nurse_dept (AMKA, dept_name) VALUES ('2308761066', 'Cardiology');
INSERT INTO nurse (AMKA, first_name, middle_name, last_name, date_of_birth, date_of_employment, rank, dept_name) VALUES ('2602489567', 'Κερασιά', NULL, 'Μαντάρης', '1948-02-26', '1991-11-24', 'Νοσηλευτής', 'Urology');
INSERT INTO nurse_email (AMKA, phone_number) VALUES ('2602489567', 'kampakas.kalomoira@example.org');
INSERT INTO nurse_phone (AMKA, phone_number) VALUES ('2602489567', '2600 365 267');
INSERT INTO nurse_phone (AMKA, phone_number) VALUES ('2602489567', '25260 82 847');
INSERT INTO nurse_phone (AMKA, phone_number) VALUES ('2602489567', '2420 321695');
INSERT INTO nurse_dept (AMKA, dept_name) VALUES ('2602489567', 'Neurology');
INSERT INTO nurse (AMKA, first_name, middle_name, last_name, date_of_birth, date_of_employment, rank, dept_name) VALUES ('1309466103', 'Σεραφεία', NULL, 'Χαβρεδάκης', '1946-09-13', '2004-10-17', 'Νοσηλευτής', 'Inpatient Department (IPD)');
INSERT INTO nurse_email (AMKA, phone_number) VALUES ('1309466103', 'orfeas68@example.com');
INSERT INTO nurse_email (AMKA, phone_number) VALUES ('1309466103', 'piperidi.elpis@example.net');
INSERT INTO nurse_phone (AMKA, phone_number) VALUES ('1309466103', '2411034464');
INSERT INTO nurse_dept (AMKA, dept_name) VALUES ('1309466103', 'Oncology');
INSERT INTO nurse (AMKA, first_name, middle_name, last_name, date_of_birth, date_of_employment, rank, dept_name) VALUES ('0211835314', 'Ταξίαρχος', NULL, 'Κώτσου', '1983-11-02', '2011-04-14', 'Βοηθός Νοσηλευτή', 'Gynaecology');
INSERT INTO nurse_email (AMKA, phone_number) VALUES ('0211835314', 'glauki.petridis@example.net');
INSERT INTO nurse_phone (AMKA, phone_number) VALUES ('0211835314', '26630 00 596');
INSERT INTO nurse_dept (AMKA, dept_name) VALUES ('0211835314', 'Intensive care unit (ICU)');
INSERT INTO nurse (AMKA, first_name, middle_name, last_name, date_of_birth, date_of_employment, rank, dept_name) VALUES ('2008408711', 'Ζήνων', NULL, 'Κίσσας', '1940-08-20', '1967-11-13', 'Νοσηλευτής', 'Intensive care unit (ICU)');
INSERT INTO nurse_email (AMKA, phone_number) VALUES ('2008408711', 'utsentouros@example.org');
INSERT INTO nurse_email (AMKA, phone_number) VALUES ('2008408711', 'pantazis.chatzi@example.net');
INSERT INTO nurse_phone (AMKA, phone_number) VALUES ('2008408711', '2970 742 322');
INSERT INTO nurse_dept (AMKA, dept_name) VALUES ('2008408711', 'Oncology');
INSERT INTO nurse (AMKA, first_name, middle_name, last_name, date_of_birth, date_of_employment, rank, dept_name) VALUES ('2301986927', 'Αμαλία', NULL, 'Καπανταϊδάκη', '1998-01-23', '2023-01-23', 'Βοηθός Νοσηλευτή', 'Psychiatry');
INSERT INTO nurse_email (AMKA, phone_number) VALUES ('2301986927', 'efraim.tsonis@example.com');
INSERT INTO nurse_email (AMKA, phone_number) VALUES ('2301986927', 'agathonikos02@example.net');
INSERT INTO nurse_phone (AMKA, phone_number) VALUES ('2301986927', '210 885 2573');
INSERT INTO nurse_dept (AMKA, dept_name) VALUES ('2301986927', 'Cardiology');
INSERT INTO nurse (AMKA, first_name, middle_name, last_name, date_of_birth, date_of_employment, rank, dept_name) VALUES ('1103802636', 'Βλάσης', NULL, 'Παυλάκη', '1980-03-11', '2024-06-08', 'Βοηθός Νοσηλευτή', 'Casualty');
INSERT INTO nurse_email (AMKA, phone_number) VALUES ('1103802636', 'zimatikas.themis@example.org');
INSERT INTO nurse_phone (AMKA, phone_number) VALUES ('1103802636', '210 927 6059');
INSERT INTO nurse_dept (AMKA, dept_name) VALUES ('1103802636', 'Haematology');
INSERT INTO nurse (AMKA, first_name, middle_name, last_name, date_of_birth, date_of_employment, rank, dept_name) VALUES ('1503405303', 'Βαλάντης', NULL, 'Κονιάρη', '1940-03-15', '1986-12-21', 'Νοσηλευτής', 'Oncology');
INSERT INTO nurse_email (AMKA, phone_number) VALUES ('1503405303', 'uakinthos.petropoulos@example.com');
INSERT INTO nurse_phone (AMKA, phone_number) VALUES ('1503405303', '6939 638 251');
INSERT INTO nurse_phone (AMKA, phone_number) VALUES ('1503405303', '+306929165209');
INSERT INTO nurse_dept (AMKA, dept_name) VALUES ('1503405303', 'Anesthesiology');
INSERT INTO administrative_staff (AMKA, first_name, middle_name, last_name, date_of_birth, date_of_employment, role, office, dept_name) VALUES ('2412702821', 'Βλάσιος', NULL, 'Σιώμος', '1970-12-24', '1998-11-09', 'Γραμματεία', '46-92', 'Cardiology');
INSERT INTO admin_email (AMKA, phone_number) VALUES ('2412702821', 'antonia.passalidis@example.net');
INSERT INTO admin_email (AMKA, phone_number) VALUES ('2412702821', 'tzoumakis.nefeli@example.com');
INSERT INTO admin_phone (AMKA, phone_number) VALUES ('2412702821', '210 897 5936');
INSERT INTO admin_dept (AMKA, dept_name) VALUES ('2412702821', 'Gynaecology');
INSERT INTO administrative_staff (AMKA, first_name, middle_name, last_name, date_of_birth, date_of_employment, role, office, dept_name) VALUES ('1401438948', 'Μαγδαληνός', NULL, 'Κραββαρίτης', '1943-01-14', '2000-03-17', 'Ανθρώπινο Δυναμικό', '679', 'Haematology');
INSERT INTO admin_email (AMKA, phone_number) VALUES ('1401438948', 'karagrigoriou.georgia@example.net');
INSERT INTO admin_phone (AMKA, phone_number) VALUES ('1401438948', '2108281907');
INSERT INTO admin_dept (AMKA, dept_name) VALUES ('1401438948', 'Geriatric');
INSERT INTO administrative_staff (AMKA, first_name, middle_name, last_name, date_of_birth, date_of_employment, role, office, dept_name) VALUES ('0903487819', 'Στυλιανή', NULL, 'Βάσσης', '1948-03-09', '1988-01-13', 'Ανθρώπινο Δυναμικό', '84', 'General surgery');
INSERT INTO admin_email (AMKA, phone_number) VALUES ('0903487819', 'kikilia48@example.com');
INSERT INTO admin_phone (AMKA, phone_number) VALUES ('0903487819', '210 306 0644');
INSERT INTO admin_phone (AMKA, phone_number) VALUES ('0903487819', '2870 106629');
INSERT INTO admin_dept (AMKA, dept_name) VALUES ('0903487819', 'Geriatric');
INSERT INTO administrative_staff (AMKA, first_name, middle_name, last_name, date_of_birth, date_of_employment, role, office, dept_name) VALUES ('1001660800', 'Ισαβέλλα', 'Ιουλία', 'Ευαγγελινός', '1966-01-10', '2013-02-23', 'Τεχνική Υποστήριξη', '50', 'Outpatient Department (OPD)');
INSERT INTO admin_email (AMKA, phone_number) VALUES ('1001660800', 'archimidis76@example.net');
INSERT INTO admin_phone (AMKA, phone_number) VALUES ('1001660800', '2690231969');
INSERT INTO admin_phone (AMKA, phone_number) VALUES ('1001660800', '210 2862083');
INSERT INTO admin_phone (AMKA, phone_number) VALUES ('1001660800', '2940513630');
INSERT INTO admin_dept (AMKA, dept_name) VALUES ('1001660800', 'Cardiology');
INSERT INTO administrative_staff (AMKA, first_name, middle_name, last_name, date_of_birth, date_of_employment, role, office, dept_name) VALUES ('3006533908', 'Δροσιά', NULL, 'Γκότσης', '1953-06-30', '1983-06-04', 'Γραμματεία', '11-62', 'Psychiatry');
INSERT INTO admin_email (AMKA, phone_number) VALUES ('3006533908', 'matina82@example.com');
INSERT INTO admin_phone (AMKA, phone_number) VALUES ('3006533908', '+30 6951 822625');
INSERT INTO admin_dept (AMKA, dept_name) VALUES ('3006533908', 'Haematology');
INSERT INTO administrative_staff (AMKA, first_name, middle_name, last_name, date_of_birth, date_of_employment, role, office, dept_name) VALUES ('2210867288', 'Γλαύκη', NULL, 'Βασιλείου', '1986-10-22', '2015-09-10', 'Λογιστήριο', '6', 'Pediatrics');
INSERT INTO admin_email (AMKA, phone_number) VALUES ('2210867288', 'chrysanthos53@example.org');
INSERT INTO admin_email (AMKA, phone_number) VALUES ('2210867288', 'euthymia79@example.com');
INSERT INTO admin_phone (AMKA, phone_number) VALUES ('2210867288', '6999 141 402');
INSERT INTO admin_dept (AMKA, dept_name) VALUES ('2210867288', 'Outpatient Department (OPD)');
INSERT INTO administrative_staff (AMKA, first_name, middle_name, last_name, date_of_birth, date_of_employment, role, office, dept_name) VALUES ('2610796674', 'Θεοδώρα', NULL, 'Ποταμιάνου', '1979-10-26', '1998-09-12', 'Γραμματεία', '696-433', 'Gastroenterology');
INSERT INTO admin_email (AMKA, phone_number) VALUES ('2610796674', 'dominikos94@example.com');
INSERT INTO admin_email (AMKA, phone_number) VALUES ('2610796674', 'pkassotaki@example.com');
INSERT INTO admin_phone (AMKA, phone_number) VALUES ('2610796674', '210 165 7525');
INSERT INTO admin_phone (AMKA, phone_number) VALUES ('2610796674', '(+30) 2928 860903');
INSERT INTO admin_phone (AMKA, phone_number) VALUES ('2610796674', '2690 866 320');
INSERT INTO admin_dept (AMKA, dept_name) VALUES ('2610796674', 'Inpatient Department (IPD)');
INSERT INTO administrative_staff (AMKA, first_name, middle_name, last_name, date_of_birth, date_of_employment, role, office, dept_name) VALUES ('1003595467', 'Μακρίνα', NULL, 'Χατζησταυράκης', '1959-03-10', '1988-04-13', 'Τεχνική Υποστήριξη', '124-670', 'Geriatric');
INSERT INTO admin_email (AMKA, phone_number) VALUES ('1003595467', 'polychronios75@example.org');
INSERT INTO admin_phone (AMKA, phone_number) VALUES ('1003595467', '210 6942067');
INSERT INTO admin_phone (AMKA, phone_number) VALUES ('1003595467', '2740443851');
INSERT INTO admin_dept (AMKA, dept_name) VALUES ('1003595467', 'Opthalmology');
INSERT INTO administrative_staff (AMKA, first_name, middle_name, last_name, date_of_birth, date_of_employment, role, office, dept_name) VALUES ('2009517049', 'Λεμονής', NULL, 'Αντωνάκη', '1951-09-20', '1997-08-09', 'Λογιστήριο', '426-404', 'Haematology');
INSERT INTO admin_email (AMKA, phone_number) VALUES ('2009517049', 'kkatsifos@example.net');
INSERT INTO admin_phone (AMKA, phone_number) VALUES ('2009517049', '210 126 2262');
INSERT INTO admin_dept (AMKA, dept_name) VALUES ('2009517049', 'Anesthesiology');
INSERT INTO administrative_staff (AMKA, first_name, middle_name, last_name, date_of_birth, date_of_employment, role, office, dept_name) VALUES ('2311845679', 'Αντώνιος', NULL, 'Τζήκας', '1984-11-23', '2013-02-28', 'Λογιστήριο', '6', 'Opthalmology');
INSERT INTO admin_email (AMKA, phone_number) VALUES ('2311845679', 'davidoula.stergialis@example.com');
INSERT INTO admin_email (AMKA, phone_number) VALUES ('2311845679', 'panagiota.perdikis@example.com');
INSERT INTO admin_phone (AMKA, phone_number) VALUES ('2311845679', '6996 652 078');
INSERT INTO admin_phone (AMKA, phone_number) VALUES ('2311845679', '6945 382469');
INSERT INTO admin_dept (AMKA, dept_name) VALUES ('2311845679', 'Operating theatre (OT)');
INSERT INTO administrative_staff (AMKA, first_name, middle_name, last_name, date_of_birth, date_of_employment, role, office, dept_name) VALUES ('1703437989', 'Πηγή', NULL, 'Καραΐσκος', '1943-03-17', '1976-04-22', 'Γραμματεία', '4', 'Gastroenterology');
INSERT INTO admin_email (AMKA, phone_number) VALUES ('1703437989', 'sofronia79@example.net');
INSERT INTO admin_email (AMKA, phone_number) VALUES ('1703437989', 'jtsampali@example.net');
INSERT INTO admin_phone (AMKA, phone_number) VALUES ('1703437989', '20740 22 843');
INSERT INTO admin_phone (AMKA, phone_number) VALUES ('1703437989', '(+30) 2880 955463');
INSERT INTO admin_phone (AMKA, phone_number) VALUES ('1703437989', '(+30) 2646 021375');
INSERT INTO admin_dept (AMKA, dept_name) VALUES ('1703437989', 'Casualty');
INSERT INTO administrative_staff (AMKA, first_name, middle_name, last_name, date_of_birth, date_of_employment, role, office, dept_name) VALUES ('3108668309', 'Ευάγγελος', NULL, 'Κετεσίδου', '1966-08-31', '1996-09-02', 'Ανθρώπινο Δυναμικό', '177', 'Anesthesiology');
INSERT INTO admin_email (AMKA, phone_number) VALUES ('3108668309', 'dklimis@example.net');
INSERT INTO admin_email (AMKA, phone_number) VALUES ('3108668309', 'polina.gourgoulis@example.net');
INSERT INTO admin_phone (AMKA, phone_number) VALUES ('3108668309', '2250180628');
INSERT INTO admin_phone (AMKA, phone_number) VALUES ('3108668309', '2180 130 404');
INSERT INTO admin_phone (AMKA, phone_number) VALUES ('3108668309', '6906 254876');
INSERT INTO admin_dept (AMKA, dept_name) VALUES ('3108668309', 'General surgery');
INSERT INTO administrative_staff (AMKA, first_name, middle_name, last_name, date_of_birth, date_of_employment, role, office, dept_name) VALUES ('1108942647', 'Πύρρος', NULL, 'Τζιγκούρα', '1994-08-11', '2015-10-29', 'Γραμματεία', '3', 'Gastroenterology');
INSERT INTO admin_email (AMKA, phone_number) VALUES ('1108942647', 'zygouri.siranous@example.com');
INSERT INTO admin_phone (AMKA, phone_number) VALUES ('1108942647', '210 6147173');
INSERT INTO admin_phone (AMKA, phone_number) VALUES ('1108942647', '2937058638');
INSERT INTO admin_dept (AMKA, dept_name) VALUES ('1108942647', 'General surgery');
INSERT INTO administrative_staff (AMKA, first_name, middle_name, last_name, date_of_birth, date_of_employment, role, office, dept_name) VALUES ('1909728641', 'Ζαφείρης', NULL, 'Καραμπίνα', '1972-09-19', '1995-08-14', 'Τεχνική Υποστήριξη', '66', 'Neurology');
INSERT INTO admin_email (AMKA, phone_number) VALUES ('1909728641', 'christodoulos11@example.com');
INSERT INTO admin_phone (AMKA, phone_number) VALUES ('1909728641', '2137090511');
INSERT INTO admin_phone (AMKA, phone_number) VALUES ('1909728641', '6965539937');
INSERT INTO admin_dept (AMKA, dept_name) VALUES ('1909728641', 'Opthalmology');
INSERT INTO administrative_staff (AMKA, first_name, middle_name, last_name, date_of_birth, date_of_employment, role, office, dept_name) VALUES ('2010921252', 'Κυράτσα', NULL, 'Μάλαμα', '1992-10-20', '2014-02-14', 'Ανθρώπινο Δυναμικό', '05', 'Geriatric');
INSERT INTO admin_email (AMKA, phone_number) VALUES ('2010921252', 'ctsouknidas@example.com');
INSERT INTO admin_phone (AMKA, phone_number) VALUES ('2010921252', '25280 53 714');
INSERT INTO admin_phone (AMKA, phone_number) VALUES ('2010921252', '210 186 4872');
INSERT INTO admin_dept (AMKA, dept_name) VALUES ('2010921252', 'Operating theatre (OT)');
INSERT INTO administrative_staff (AMKA, first_name, middle_name, last_name, date_of_birth, date_of_employment, role, office, dept_name) VALUES ('1011747457', 'Λήδα', NULL, 'Ανδρεανίδης', '1974-11-10', '2002-07-30', 'Ανθρώπινο Δυναμικό', '38-58', 'Cardiology');
INSERT INTO admin_email (AMKA, phone_number) VALUES ('1011747457', 'christofili.martzoukou@example.net');
INSERT INTO admin_phone (AMKA, phone_number) VALUES ('1011747457', '210 017 9047');
INSERT INTO admin_phone (AMKA, phone_number) VALUES ('1011747457', '+302002054492');
INSERT INTO admin_phone (AMKA, phone_number) VALUES ('1011747457', '2940361436');
INSERT INTO admin_dept (AMKA, dept_name) VALUES ('1011747457', 'Outpatient Department (OPD)');
INSERT INTO administrative_staff (AMKA, first_name, middle_name, last_name, date_of_birth, date_of_employment, role, office, dept_name) VALUES ('0903914750', 'Αυξέντιος', NULL, 'Καρκαλέτση', '1991-03-09', '2019-05-28', 'Γραμματεία', '1', 'Neurology');
INSERT INTO admin_email (AMKA, phone_number) VALUES ('0903914750', 'theofili.stoumpou@example.com');
INSERT INTO admin_email (AMKA, phone_number) VALUES ('0903914750', 'papoutsopoulou.eleonora@example.com');
INSERT INTO admin_phone (AMKA, phone_number) VALUES ('0903914750', '+306982318156');
INSERT INTO admin_dept (AMKA, dept_name) VALUES ('0903914750', 'Intensive care unit (ICU)');
INSERT INTO administrative_staff (AMKA, first_name, middle_name, last_name, date_of_birth, date_of_employment, role, office, dept_name) VALUES ('2104509361', 'Μινέρβα', NULL, 'Μιλέα', '1950-04-21', '1982-12-11', 'Τεχνική Υποστήριξη', '166-264', 'Operating theatre (OT)');
INSERT INTO admin_email (AMKA, phone_number) VALUES ('2104509361', 'filippos38@example.com');
INSERT INTO admin_phone (AMKA, phone_number) VALUES ('2104509361', '2980 860092');
INSERT INTO admin_dept (AMKA, dept_name) VALUES ('2104509361', 'Geriatric');
INSERT INTO administrative_staff (AMKA, first_name, middle_name, last_name, date_of_birth, date_of_employment, role, office, dept_name) VALUES ('2912624436', 'Ιορδανία', 'Χαρίκλεια', 'Καραμάνη', '1962-12-29', '1987-07-17', 'Ανθρώπινο Δυναμικό', '743', 'Neurology');
INSERT INTO admin_email (AMKA, phone_number) VALUES ('2912624436', 'ioakeim68@example.com');
INSERT INTO admin_email (AMKA, phone_number) VALUES ('2912624436', 'voutselas.nikoleta@example.net');
INSERT INTO admin_phone (AMKA, phone_number) VALUES ('2912624436', '+30 2798 695258');
INSERT INTO admin_phone (AMKA, phone_number) VALUES ('2912624436', '+306912395563');
INSERT INTO admin_dept (AMKA, dept_name) VALUES ('2912624436', 'Opthalmology');
INSERT INTO administrative_staff (AMKA, first_name, middle_name, last_name, date_of_birth, date_of_employment, role, office, dept_name) VALUES ('2307565593', 'Πασχαλιά', NULL, 'Γιαννακουδάκης', '1956-07-23', '2004-09-08', 'Ανθρώπινο Δυναμικό', '2', 'Pediatrics');
INSERT INTO admin_email (AMKA, phone_number) VALUES ('2307565593', 'alexandros.aggelakos@example.net');
INSERT INTO admin_phone (AMKA, phone_number) VALUES ('2307565593', '2880 624057');
INSERT INTO admin_phone (AMKA, phone_number) VALUES ('2307565593', '2103702345');
INSERT INTO admin_dept (AMKA, dept_name) VALUES ('2307565593', 'Casualty');
INSERT INTO administrative_staff (AMKA, first_name, middle_name, last_name, date_of_birth, date_of_employment, role, office, dept_name) VALUES ('3107841971', 'Αλίκη', NULL, 'Σταυριανός', '1984-07-31', '2008-02-04', 'Ανθρώπινο Δυναμικό', '0', 'Inpatient Department (IPD)');
INSERT INTO admin_email (AMKA, phone_number) VALUES ('3107841971', 'mchantzi@example.org');
INSERT INTO admin_phone (AMKA, phone_number) VALUES ('3107841971', '(+30) 2044 296747');
INSERT INTO admin_phone (AMKA, phone_number) VALUES ('3107841971', '+30 6978 528844');
INSERT INTO admin_phone (AMKA, phone_number) VALUES ('3107841971', '2729068059');
INSERT INTO admin_dept (AMKA, dept_name) VALUES ('3107841971', 'ENT');
INSERT INTO administrative_staff (AMKA, first_name, middle_name, last_name, date_of_birth, date_of_employment, role, office, dept_name) VALUES ('2803665107', 'Φωκάς', NULL, 'Κωστόπουλος', '1966-03-28', '2002-10-23', 'Γραμματεία', '58', 'Outpatient Department (OPD)');
INSERT INTO admin_email (AMKA, phone_number) VALUES ('2803665107', 'ioakeim22@example.net');
INSERT INTO admin_email (AMKA, phone_number) VALUES ('2803665107', 'ippokratis46@example.com');
INSERT INTO admin_phone (AMKA, phone_number) VALUES ('2803665107', '2770346441');
INSERT INTO admin_dept (AMKA, dept_name) VALUES ('2803665107', 'Outpatient Department (OPD)');
INSERT INTO administrative_staff (AMKA, first_name, middle_name, last_name, date_of_birth, date_of_employment, role, office, dept_name) VALUES ('1610915018', 'Δράκων', NULL, 'Ξηρός', '1991-10-16', '2019-05-14', 'Λογιστήριο', '788', 'Outpatient Department (OPD)');
INSERT INTO admin_email (AMKA, phone_number) VALUES ('1610915018', 'avosinaki@example.org');
INSERT INTO admin_phone (AMKA, phone_number) VALUES ('1610915018', '2610 421424');
INSERT INTO admin_phone (AMKA, phone_number) VALUES ('1610915018', '+306976965401');
INSERT INTO admin_phone (AMKA, phone_number) VALUES ('1610915018', '2750 038963');
INSERT INTO admin_dept (AMKA, dept_name) VALUES ('1610915018', 'Operating theatre (OT)');
INSERT INTO administrative_staff (AMKA, first_name, middle_name, last_name, date_of_birth, date_of_employment, role, office, dept_name) VALUES ('0804527361', 'Λυδία', NULL, 'Ιατρόπουλος', '1952-04-08', '1974-08-12', 'Ανθρώπινο Δυναμικό', '910-100', 'Opthalmology');
INSERT INTO admin_email (AMKA, phone_number) VALUES ('0804527361', 'eusevios.tsaramiadis@example.com');
INSERT INTO admin_phone (AMKA, phone_number) VALUES ('0804527361', '29450 70 714');
INSERT INTO admin_dept (AMKA, dept_name) VALUES ('0804527361', 'Opthalmology');
INSERT INTO administrative_staff (AMKA, first_name, middle_name, last_name, date_of_birth, date_of_employment, role, office, dept_name) VALUES ('0601877562', 'Δέσποινα', NULL, 'Σταυρόπουλος', '1987-01-06', '2012-06-10', 'Ανθρώπινο Δυναμικό', '192-602', 'Gastroenterology');
INSERT INTO admin_email (AMKA, phone_number) VALUES ('0601877562', 'glauki.kalatha@example.net');
INSERT INTO admin_email (AMKA, phone_number) VALUES ('0601877562', 'arizos@example.net');
INSERT INTO admin_phone (AMKA, phone_number) VALUES ('0601877562', '+306952353567');
INSERT INTO admin_phone (AMKA, phone_number) VALUES ('0601877562', '6961 551360');
INSERT INTO admin_phone (AMKA, phone_number) VALUES ('0601877562', '2307058989');
INSERT INTO admin_dept (AMKA, dept_name) VALUES ('0601877562', 'Inpatient Department (IPD)');
INSERT INTO administrative_staff (AMKA, first_name, middle_name, last_name, date_of_birth, date_of_employment, role, office, dept_name) VALUES ('0606545053', 'Φωτεινή', NULL, 'Ασημόπουλος', '1954-06-06', '1984-05-22', 'Γραμματεία', '9', 'Anesthesiology');
INSERT INTO admin_email (AMKA, phone_number) VALUES ('0606545053', 'vlasios42@example.com');
INSERT INTO admin_phone (AMKA, phone_number) VALUES ('0606545053', '+30 6958 784163');
INSERT INTO admin_phone (AMKA, phone_number) VALUES ('0606545053', '6989 562 765');
INSERT INTO admin_phone (AMKA, phone_number) VALUES ('0606545053', '2102896533');
INSERT INTO admin_dept (AMKA, dept_name) VALUES ('0606545053', 'Casualty');
INSERT INTO administrative_staff (AMKA, first_name, middle_name, last_name, date_of_birth, date_of_employment, role, office, dept_name) VALUES ('2403663964', 'Βλασία', NULL, 'Ψυρρή', '1966-03-24', '1991-09-15', 'Ανθρώπινο Δυναμικό', '79-40', 'General surgery');
INSERT INTO admin_email (AMKA, phone_number) VALUES ('2403663964', 'filomila62@example.org');
INSERT INTO admin_email (AMKA, phone_number) VALUES ('2403663964', 'konstantinos40@example.com');
INSERT INTO admin_phone (AMKA, phone_number) VALUES ('2403663964', '6912 588911');
INSERT INTO admin_phone (AMKA, phone_number) VALUES ('2403663964', '+306902631116');
INSERT INTO admin_phone (AMKA, phone_number) VALUES ('2403663964', '2605013743');
INSERT INTO admin_dept (AMKA, dept_name) VALUES ('2403663964', 'Neurology');
INSERT INTO administrative_staff (AMKA, first_name, middle_name, last_name, date_of_birth, date_of_employment, role, office, dept_name) VALUES ('1412919767', 'Νίκη', NULL, 'Γκίνης', '1991-12-14', '2017-11-10', 'Γραμματεία', '199', 'Cardiology');
INSERT INTO admin_email (AMKA, phone_number) VALUES ('1412919767', 'ariadni11@example.com');
INSERT INTO admin_email (AMKA, phone_number) VALUES ('1412919767', 'kleopas36@example.net');
INSERT INTO admin_phone (AMKA, phone_number) VALUES ('1412919767', '210 082 2870');
INSERT INTO admin_dept (AMKA, dept_name) VALUES ('1412919767', 'Pediatrics');
INSERT INTO administrative_staff (AMKA, first_name, middle_name, last_name, date_of_birth, date_of_employment, role, office, dept_name) VALUES ('1101978318', 'Σωτήριος', 'Οδυσσεύς', 'Καζαντζή', '1997-01-11', '2023-07-12', 'Γραμματεία', '6', 'Urology');
INSERT INTO admin_email (AMKA, phone_number) VALUES ('1101978318', 'varoutidou.natalia@example.org');
INSERT INTO admin_email (AMKA, phone_number) VALUES ('1101978318', 'ismini61@example.com');
INSERT INTO admin_phone (AMKA, phone_number) VALUES ('1101978318', '2106512958');
INSERT INTO admin_phone (AMKA, phone_number) VALUES ('1101978318', '210 7162672');
INSERT INTO admin_phone (AMKA, phone_number) VALUES ('1101978318', '2000 889 756');
INSERT INTO admin_dept (AMKA, dept_name) VALUES ('1101978318', 'Pediatrics');
INSERT INTO administrative_staff (AMKA, first_name, middle_name, last_name, date_of_birth, date_of_employment, role, office, dept_name) VALUES ('1401529676', 'Μαύρος', 'Κρυσταλλένια', 'Αμπατζιάνης', '1952-01-14', '1981-06-04', 'Λογιστήριο', '14', 'Casualty');
INSERT INTO admin_email (AMKA, phone_number) VALUES ('1401529676', 'kpapaeuaggeliou@example.net');
INSERT INTO admin_phone (AMKA, phone_number) VALUES ('1401529676', '+306921785666');
INSERT INTO admin_phone (AMKA, phone_number) VALUES ('1401529676', '6977376137');
INSERT INTO admin_dept (AMKA, dept_name) VALUES ('1401529676', 'Haematology');
INSERT INTO administrative_staff (AMKA, first_name, middle_name, last_name, date_of_birth, date_of_employment, role, office, dept_name) VALUES ('1203690867', 'Πανδώρα', NULL, 'Βλαχονικολέας', '1969-03-12', '2003-06-16', 'Τεχνική Υποστήριξη', '04', 'Geriatric');
INSERT INTO admin_email (AMKA, phone_number) VALUES ('1203690867', 'metaxia98@example.net');
INSERT INTO admin_phone (AMKA, phone_number) VALUES ('1203690867', '(+30) 6910 305124');
INSERT INTO admin_phone (AMKA, phone_number) VALUES ('1203690867', '2820410513');
INSERT INTO admin_dept (AMKA, dept_name) VALUES ('1203690867', 'Casualty');
INSERT INTO administrative_staff (AMKA, first_name, middle_name, last_name, date_of_birth, date_of_employment, role, office, dept_name) VALUES ('1707612309', 'Μελίνα', NULL, 'Ζεγλίνα', '1961-07-17', '1992-02-07', 'Γραμματεία', '199', 'Geriatric');
INSERT INTO admin_email (AMKA, phone_number) VALUES ('1707612309', 'anastasios62@example.net');
INSERT INTO admin_phone (AMKA, phone_number) VALUES ('1707612309', '(+30) 6939 268221');
INSERT INTO admin_phone (AMKA, phone_number) VALUES ('1707612309', '+30 6972 272935');
INSERT INTO admin_phone (AMKA, phone_number) VALUES ('1707612309', '6911 626181');
INSERT INTO admin_dept (AMKA, dept_name) VALUES ('1707612309', 'Anesthesiology');
INSERT INTO administrative_staff (AMKA, first_name, middle_name, last_name, date_of_birth, date_of_employment, role, office, dept_name) VALUES ('1807947524', 'Ελισσαίος', 'Σωκράτης', 'Ενωτιάδη', '1994-07-18', '2017-08-04', 'Γραμματεία', '34', 'General surgery');
INSERT INTO admin_email (AMKA, phone_number) VALUES ('1807947524', 'xenaki.klearchos@example.net');
INSERT INTO admin_phone (AMKA, phone_number) VALUES ('1807947524', '2720 403 990');
INSERT INTO admin_dept (AMKA, dept_name) VALUES ('1807947524', 'Casualty');
INSERT INTO administrative_staff (AMKA, first_name, middle_name, last_name, date_of_birth, date_of_employment, role, office, dept_name) VALUES ('0807583265', 'Ευριπίδης', NULL, 'Μποζίκη', '1958-07-08', '1981-07-24', 'Λογιστήριο', '31', 'Intensive care unit (ICU)');
INSERT INTO admin_email (AMKA, phone_number) VALUES ('0807583265', 'florentia.vraskou@example.com');
INSERT INTO admin_email (AMKA, phone_number) VALUES ('0807583265', 'ukalampalikis@example.org');
INSERT INTO admin_phone (AMKA, phone_number) VALUES ('0807583265', '2340 282 216');
INSERT INTO admin_phone (AMKA, phone_number) VALUES ('0807583265', '2270250416');
INSERT INTO admin_dept (AMKA, dept_name) VALUES ('0807583265', 'Geriatric');
INSERT INTO administrative_staff (AMKA, first_name, middle_name, last_name, date_of_birth, date_of_employment, role, office, dept_name) VALUES ('0212875455', 'Πέτρα', 'Ματίνα', 'Ιωακειμίδου', '1987-12-02', '2012-02-01', 'Γραμματεία', '3', 'Outpatient Department (OPD)');
INSERT INTO admin_email (AMKA, phone_number) VALUES ('0212875455', 'ltziavas@example.org');
INSERT INTO admin_phone (AMKA, phone_number) VALUES ('0212875455', '6935173490');
INSERT INTO admin_phone (AMKA, phone_number) VALUES ('0212875455', '2278090965');
INSERT INTO admin_dept (AMKA, dept_name) VALUES ('0212875455', 'Psychiatry');
INSERT INTO administrative_staff (AMKA, first_name, middle_name, last_name, date_of_birth, date_of_employment, role, office, dept_name) VALUES ('0108846908', 'Θεολόγος', 'Ίρις', 'Νικολουδάκη', '1984-08-01', '2016-08-03', 'Ανθρώπινο Δυναμικό', '585', 'Geriatric');
INSERT INTO admin_email (AMKA, phone_number) VALUES ('0108846908', 'anastasopoulos.dimosthenis@example.net');
INSERT INTO admin_email (AMKA, phone_number) VALUES ('0108846908', 'lmakris@example.org');
INSERT INTO admin_phone (AMKA, phone_number) VALUES ('0108846908', '6922643232');
INSERT INTO admin_dept (AMKA, dept_name) VALUES ('0108846908', 'Casualty');
INSERT INTO administrative_staff (AMKA, first_name, middle_name, last_name, date_of_birth, date_of_employment, role, office, dept_name) VALUES ('2204425556', 'Ασημής', NULL, 'Μόκας', '1942-04-22', '1965-03-07', 'Γραμματεία', '20', 'Cardiology');
INSERT INTO admin_email (AMKA, phone_number) VALUES ('2204425556', 'caugoustis@example.com');
INSERT INTO admin_phone (AMKA, phone_number) VALUES ('2204425556', '2530 616 592');
INSERT INTO admin_dept (AMKA, dept_name) VALUES ('2204425556', 'Operating theatre (OT)');
INSERT INTO administrative_staff (AMKA, first_name, middle_name, last_name, date_of_birth, date_of_employment, role, office, dept_name) VALUES ('0409007927', 'Ροδιά', NULL, 'Φρογάκης', '2000-09-04', '2024-11-05', 'Λογιστήριο', '411-070', 'Geriatric');
INSERT INTO admin_email (AMKA, phone_number) VALUES ('0409007927', 'theodosis.terzidis@example.com');
INSERT INTO admin_email (AMKA, phone_number) VALUES ('0409007927', 'ioulia94@example.org');
INSERT INTO admin_phone (AMKA, phone_number) VALUES ('0409007927', '2640 456 412');
INSERT INTO admin_dept (AMKA, dept_name) VALUES ('0409007927', 'Pediatrics');
INSERT INTO administrative_staff (AMKA, first_name, middle_name, last_name, date_of_birth, date_of_employment, role, office, dept_name) VALUES ('1505621109', 'Μαρίνα', NULL, 'Κακοτρίχη', '1962-05-15', '1983-06-24', 'Λογιστήριο', '32', 'Casualty');
INSERT INTO admin_email (AMKA, phone_number) VALUES ('1505621109', 'pkarakonstantinou@example.org');
INSERT INTO admin_phone (AMKA, phone_number) VALUES ('1505621109', '6980 095522');
INSERT INTO admin_phone (AMKA, phone_number) VALUES ('1505621109', '6903 506 133');
INSERT INTO admin_dept (AMKA, dept_name) VALUES ('1505621109', 'Gynaecology');
INSERT INTO administrative_staff (AMKA, first_name, middle_name, last_name, date_of_birth, date_of_employment, role, office, dept_name) VALUES ('1711829846', 'Ανθούλα', NULL, 'Στυλιανίδου', '1982-11-17', '2004-10-01', 'Λογιστήριο', '32-64', 'Geriatric');
INSERT INTO admin_email (AMKA, phone_number) VALUES ('1711829846', 'ugeorgoudis@example.com');
INSERT INTO admin_phone (AMKA, phone_number) VALUES ('1711829846', '28150 07 181');
INSERT INTO admin_phone (AMKA, phone_number) VALUES ('1711829846', '2300255216');
INSERT INTO admin_dept (AMKA, dept_name) VALUES ('1711829846', 'Psychiatry');
INSERT INTO administrative_staff (AMKA, first_name, middle_name, last_name, date_of_birth, date_of_employment, role, office, dept_name) VALUES ('1810691695', 'Ιορδάνης', 'Ίων', 'Θηβαίος', '1969-10-18', '1991-11-05', 'Γραμματεία', '30', 'Inpatient Department (IPD)');
INSERT INTO admin_email (AMKA, phone_number) VALUES ('1810691695', 'mpimpiri.christodoulos@example.org');
INSERT INTO admin_phone (AMKA, phone_number) VALUES ('1810691695', '2102829609');
INSERT INTO admin_dept (AMKA, dept_name) VALUES ('1810691695', 'Urology');
INSERT INTO administrative_staff (AMKA, first_name, middle_name, last_name, date_of_birth, date_of_employment, role, office, dept_name) VALUES ('1407956296', 'Αμβρόσιος', 'Γαλάτιος', 'Κεσαλίδης', '1995-07-14', '2015-01-02', 'Λογιστήριο', '59-35', 'Intensive care unit (ICU)');
INSERT INTO admin_email (AMKA, phone_number) VALUES ('1407956296', 'mkoutsikopoulos@example.org');
INSERT INTO admin_phone (AMKA, phone_number) VALUES ('1407956296', '2743041170');
INSERT INTO admin_phone (AMKA, phone_number) VALUES ('1407956296', '6926649006');
INSERT INTO admin_dept (AMKA, dept_name) VALUES ('1407956296', 'Intensive care unit (ICU)');
INSERT INTO administrative_staff (AMKA, first_name, middle_name, last_name, date_of_birth, date_of_employment, role, office, dept_name) VALUES ('0310498160', 'Μαγδαληνή', NULL, 'Μαντζώρος', '1949-10-03', '1977-09-29', 'Ανθρώπινο Δυναμικό', '23', 'Inpatient Department (IPD)');
INSERT INTO admin_email (AMKA, phone_number) VALUES ('0310498160', 'zinovia.kottas@example.net');
INSERT INTO admin_email (AMKA, phone_number) VALUES ('0310498160', 'wpanagiotakopoulos@example.org');
INSERT INTO admin_phone (AMKA, phone_number) VALUES ('0310498160', '6984 736916');
INSERT INTO admin_dept (AMKA, dept_name) VALUES ('0310498160', 'Intensive care unit (ICU)');
INSERT INTO administrative_staff (AMKA, first_name, middle_name, last_name, date_of_birth, date_of_employment, role, office, dept_name) VALUES ('2311563644', 'Ηρόδοτος', NULL, 'Πουφτσής', '1956-11-23', '1992-10-16', 'Γραμματεία', '2', 'Cardiology');
INSERT INTO admin_email (AMKA, phone_number) VALUES ('2311563644', 'tzinieris.drakon@example.org');
INSERT INTO admin_email (AMKA, phone_number) VALUES ('2311563644', 'archontia86@example.org');
INSERT INTO admin_phone (AMKA, phone_number) VALUES ('2311563644', '+306963563224');
INSERT INTO admin_dept (AMKA, dept_name) VALUES ('2311563644', 'General surgery');
INSERT INTO administrative_staff (AMKA, first_name, middle_name, last_name, date_of_birth, date_of_employment, role, office, dept_name) VALUES ('3103504955', 'Ανθούλα', 'Φρύνη', 'Γρηγοροπούλου', '1950-03-31', '2000-03-24', 'Λογιστήριο', '752', 'Cardiology');
INSERT INTO admin_email (AMKA, phone_number) VALUES ('3103504955', 'vrysiis73@example.net');
INSERT INTO admin_email (AMKA, phone_number) VALUES ('3103504955', 'magkoufis.ippokratis@example.net');
INSERT INTO admin_phone (AMKA, phone_number) VALUES ('3103504955', '210 9302741');
INSERT INTO admin_phone (AMKA, phone_number) VALUES ('3103504955', '210 867 1255');
INSERT INTO admin_dept (AMKA, dept_name) VALUES ('3103504955', 'Gynaecology');
INSERT INTO administrative_staff (AMKA, first_name, middle_name, last_name, date_of_birth, date_of_employment, role, office, dept_name) VALUES ('2104667937', 'Αρτέμιος', NULL, 'Τερζίδης', '1966-04-21', '1990-08-03', 'Τεχνική Υποστήριξη', '4', 'Outpatient Department (OPD)');
INSERT INTO admin_email (AMKA, phone_number) VALUES ('2104667937', 'fsakki@example.com');
INSERT INTO admin_phone (AMKA, phone_number) VALUES ('2104667937', '+302837305098');
INSERT INTO admin_phone (AMKA, phone_number) VALUES ('2104667937', '6941 953 685');
INSERT INTO admin_dept (AMKA, dept_name) VALUES ('2104667937', 'Casualty');
INSERT INTO administrative_staff (AMKA, first_name, middle_name, last_name, date_of_birth, date_of_employment, role, office, dept_name) VALUES ('0806415082', 'Φρειδερίκος', NULL, 'Τσαμτσούρη', '1941-06-08', '1987-05-20', 'Λογιστήριο', '46', 'Gynaecology');
INSERT INTO admin_email (AMKA, phone_number) VALUES ('0806415082', 'marigo.vaiou@example.org');
INSERT INTO admin_email (AMKA, phone_number) VALUES ('0806415082', 'eeustratopoulos@example.net');
INSERT INTO admin_phone (AMKA, phone_number) VALUES ('0806415082', '2101243763');
INSERT INTO admin_phone (AMKA, phone_number) VALUES ('0806415082', '+30 6910 265122');
INSERT INTO admin_dept (AMKA, dept_name) VALUES ('0806415082', 'Gynaecology');
INSERT INTO administrative_staff (AMKA, first_name, middle_name, last_name, date_of_birth, date_of_employment, role, office, dept_name) VALUES ('1909762384', 'Σεραφείμ', NULL, 'Κλήμης', '1976-09-19', '1999-01-17', 'Τεχνική Υποστήριξη', '38', 'Cardiology');
INSERT INTO admin_email (AMKA, phone_number) VALUES ('1909762384', 'jrogaris@example.net');
INSERT INTO admin_email (AMKA, phone_number) VALUES ('1909762384', 'akriotis.panagiotis@example.com');
INSERT INTO admin_phone (AMKA, phone_number) VALUES ('1909762384', '6979837797');
INSERT INTO admin_dept (AMKA, dept_name) VALUES ('1909762384', 'Psychiatry');
INSERT INTO administrative_staff (AMKA, first_name, middle_name, last_name, date_of_birth, date_of_employment, role, office, dept_name) VALUES ('1004500988', 'Αγησίλαος', NULL, 'Κατάκης', '1950-04-10', '2005-11-28', 'Ανθρώπινο Δυναμικό', '52', 'Inpatient Department (IPD)');
INSERT INTO admin_email (AMKA, phone_number) VALUES ('1004500988', 'stauros60@example.org');
INSERT INTO admin_email (AMKA, phone_number) VALUES ('1004500988', 'gerakina65@example.com');
INSERT INTO admin_phone (AMKA, phone_number) VALUES ('1004500988', '+30 2648 704839');
INSERT INTO admin_phone (AMKA, phone_number) VALUES ('1004500988', '210 9773443');
INSERT INTO admin_phone (AMKA, phone_number) VALUES ('1004500988', '6959297372');
INSERT INTO admin_dept (AMKA, dept_name) VALUES ('1004500988', 'Cardiology');
INSERT INTO administrative_staff (AMKA, first_name, middle_name, last_name, date_of_birth, date_of_employment, role, office, dept_name) VALUES ('3108420255', 'Λαμπρινή', NULL, 'Καρυδά', '1942-08-31', '1980-06-07', 'Τεχνική Υποστήριξη', '03', 'Cardiology');
INSERT INTO admin_email (AMKA, phone_number) VALUES ('3108420255', 'msokolaki@example.net');
INSERT INTO admin_phone (AMKA, phone_number) VALUES ('3108420255', '(+30) 2302 897330');
INSERT INTO admin_phone (AMKA, phone_number) VALUES ('3108420255', '2104216467');
INSERT INTO admin_phone (AMKA, phone_number) VALUES ('3108420255', '2220 527 119');
INSERT INTO admin_dept (AMKA, dept_name) VALUES ('3108420255', 'Outpatient Department (OPD)');
INSERT INTO doctor (AMKA, first_name, middle_name, last_name, date_of_birth, date_of_employment, license_number, rank) VALUES ('3005978572', 'Παγώνα', NULL, 'Σταυρίδου', '1997-05-30', '2025-12-18', '2118052475', 'Διευθυντής');
INSERT INTO doctor_email (AMKA, phone_number) VALUES ('3005978572', 'faidon52@example.net');
INSERT INTO doctor_email (AMKA, phone_number) VALUES ('3005978572', 'zafeiria79@example.com');
INSERT INTO doctor_phone (AMKA, phone_number) VALUES ('3005978572', '(+30) 6996 902501');
INSERT INTO doctor_phone (AMKA, phone_number) VALUES ('3005978572', '210 532 8413');
INSERT INTO doctor_phone (AMKA, phone_number) VALUES ('3005978572', '2980575195');
INSERT INTO doctor_dept (AMKA, dept_name) VALUES ('3005978572', 'Outpatient Department (OPD)');
INSERT INTO doc_spec (AMKA, spec_code) VALUES ('3005978572', 'OTO');
INSERT INTO doctor (AMKA, first_name, middle_name, last_name, date_of_birth, date_of_employment, license_number, rank) VALUES ('0803989228', 'Βαγιανή', NULL, 'Κουρσουμίδης', '1998-03-08', '2020-04-30', '7987043035', 'Διευθυντής');
INSERT INTO doctor_email (AMKA, phone_number) VALUES ('0803989228', 'fpappas@example.net');
INSERT INTO doctor_email (AMKA, phone_number) VALUES ('0803989228', 'pandora.mpotis@example.org');
INSERT INTO doctor_phone (AMKA, phone_number) VALUES ('0803989228', '2106511705');
INSERT INTO doctor_phone (AMKA, phone_number) VALUES ('0803989228', '210 7249904');
INSERT INTO doctor_phone (AMKA, phone_number) VALUES ('0803989228', '2520 403466');
INSERT INTO doctor_dept (AMKA, dept_name) VALUES ('0803989228', 'Opthalmology');
INSERT INTO doc_spec (AMKA, spec_code) VALUES ('0803989228', 'ISOR');
INSERT INTO doc_spec (AMKA, spec_code) VALUES ('0803989228', 'ON');
INSERT INTO doctor (AMKA, first_name, middle_name, last_name, date_of_birth, date_of_employment, license_number, rank) VALUES ('0411550543', 'Παναγία', NULL, 'Μελιτσόπουλος', '1955-11-04', '1984-06-26', '0470800072', 'Διευθυντής');
INSERT INTO doctor_email (AMKA, phone_number) VALUES ('0411550543', 'stathatos.thiseus@example.org');
INSERT INTO doctor_email (AMKA, phone_number) VALUES ('0411550543', 'kioridou.ioulia@example.org');
INSERT INTO doctor_phone (AMKA, phone_number) VALUES ('0411550543', '22850 67 206');
INSERT INTO doctor_phone (AMKA, phone_number) VALUES ('0411550543', '+302174291327');
INSERT INTO doctor_dept (AMKA, dept_name) VALUES ('0411550543', 'Psychiatry');
INSERT INTO doc_spec (AMKA, spec_code) VALUES ('0411550543', 'ISCG');
INSERT INTO doctor (AMKA, first_name, middle_name, last_name, date_of_birth, date_of_employment, license_number, rank) VALUES ('1611592474', 'Γαρυφαλλιά', NULL, 'Ζαφείρης', '1959-11-16', '2000-05-19', '3407237978', 'Διευθυντής');
INSERT INTO doctor_email (AMKA, phone_number) VALUES ('1611592474', 'rokas.tsampikos@example.net');
INSERT INTO doctor_phone (AMKA, phone_number) VALUES ('1611592474', '2110421640');
INSERT INTO doctor_phone (AMKA, phone_number) VALUES ('1611592474', '(+30) 2168 232228');
INSERT INTO doctor_dept (AMKA, dept_name) VALUES ('1611592474', 'Anesthesiology');
INSERT INTO doc_spec (AMKA, spec_code) VALUES ('1611592474', 'P');
INSERT INTO doctor (AMKA, first_name, middle_name, last_name, date_of_birth, date_of_employment, license_number, rank) VALUES ('1104529817', 'Αικατερίνη', NULL, 'Συργής', '1952-04-11', '1975-02-04', '5474743264', 'Διευθυντής');
INSERT INTO doctor_email (AMKA, phone_number) VALUES ('1104529817', 'zgiannakitsas@example.org');
INSERT INTO doctor_phone (AMKA, phone_number) VALUES ('1104529817', '6923385852');
INSERT INTO doctor_phone (AMKA, phone_number) VALUES ('1104529817', '2104822003');
INSERT INTO doctor_phone (AMKA, phone_number) VALUES ('1104529817', '6940965707');
INSERT INTO doctor_dept (AMKA, dept_name) VALUES ('1104529817', 'Inpatient Department (IPD)');
INSERT INTO doc_spec (AMKA, spec_code) VALUES ('1104529817', 'TS');
INSERT INTO doctor (AMKA, first_name, middle_name, last_name, date_of_birth, date_of_employment, license_number, rank) VALUES ('1102752591', 'Μαριλένα', NULL, 'Τσιρώνης', '1975-02-11', '2022-03-15', '7271431707', 'Διευθυντής');
INSERT INTO doctor_email (AMKA, phone_number) VALUES ('1102752591', 'tourna.agapios@example.net');
INSERT INTO doctor_phone (AMKA, phone_number) VALUES ('1102752591', '2840 387 284');
INSERT INTO doctor_phone (AMKA, phone_number) VALUES ('1102752591', '6915 511 330');
INSERT INTO doctor_dept (AMKA, dept_name) VALUES ('1102752591', 'Outpatient Department (OPD)');
INSERT INTO doc_spec (AMKA, spec_code) VALUES ('1102752591', 'IM');
INSERT INTO doc_spec (AMKA, spec_code) VALUES ('1102752591', 'PDGER');
INSERT INTO doctor (AMKA, first_name, middle_name, last_name, date_of_birth, date_of_employment, license_number, rank) VALUES ('1104742723', 'Αργυρώ', NULL, 'Κανελή', '1974-04-11', '2025-03-10', '8908926435', 'Διευθυντής');
INSERT INTO doctor_email (AMKA, phone_number) VALUES ('1104742723', 'kikilia95@example.net');
INSERT INTO doctor_email (AMKA, phone_number) VALUES ('1104742723', 'venizelos.dauid@example.com');
INSERT INTO doctor_phone (AMKA, phone_number) VALUES ('1104742723', '2084028799');
INSERT INTO doctor_dept (AMKA, dept_name) VALUES ('1104742723', 'General surgery');
INSERT INTO doc_spec (AMKA, spec_code) VALUES ('1104742723', 'GS');
INSERT INTO doc_spec (AMKA, spec_code) VALUES ('1104742723', 'CD');
INSERT INTO doctor (AMKA, first_name, middle_name, last_name, date_of_birth, date_of_employment, license_number, rank) VALUES ('0206637500', 'Ρεβέκκα', NULL, 'Χουρζαμάνη', '1963-06-02', '2000-10-11', '8489379146', 'Διευθυντής');
INSERT INTO doctor_email (AMKA, phone_number) VALUES ('0206637500', 'thrasyvoulos47@example.com');
INSERT INTO doctor_email (AMKA, phone_number) VALUES ('0206637500', 'tzinieris.dialekti@example.com');
INSERT INTO doctor_phone (AMKA, phone_number) VALUES ('0206637500', '2968044834');
INSERT INTO doctor_phone (AMKA, phone_number) VALUES ('0206637500', '6958 439407');
INSERT INTO doctor_dept (AMKA, dept_name) VALUES ('0206637500', 'Pediatrics');
INSERT INTO doc_spec (AMKA, spec_code) VALUES ('0206637500', 'ISPED');
INSERT INTO doctor (AMKA, first_name, middle_name, last_name, date_of_birth, date_of_employment, license_number, rank) VALUES ('0301525882', 'Κλεόβουλος', NULL, 'Κώτσου', '1952-01-03', '1975-05-05', '6916354003', 'Διευθυντής');
INSERT INTO doctor_email (AMKA, phone_number) VALUES ('0301525882', 'spyridoula.tsoupras@example.org');
INSERT INTO doctor_email (AMKA, phone_number) VALUES ('0301525882', 'marianna77@example.net');
INSERT INTO doctor_phone (AMKA, phone_number) VALUES ('0301525882', '6927 628 284');
INSERT INTO doctor_dept (AMKA, dept_name) VALUES ('0301525882', 'Outpatient Department (OPD)');
INSERT INTO doc_spec (AMKA, spec_code) VALUES ('0301525882', 'OBG');
INSERT INTO doctor (AMKA, first_name, middle_name, last_name, date_of_birth, date_of_employment, license_number, rank) VALUES ('1307618841', 'Λέανδρος', 'Πολύκαρπος', 'Λιούκα', '1961-07-13', '2017-08-08', '7391466440', 'Διευθυντής');
INSERT INTO doctor_email (AMKA, phone_number) VALUES ('1307618841', 'mtziortzi@example.net');
INSERT INTO doctor_email (AMKA, phone_number) VALUES ('1307618841', 'zafeiria54@example.org');
INSERT INTO doctor_phone (AMKA, phone_number) VALUES ('1307618841', '+306937762402');
INSERT INTO doctor_phone (AMKA, phone_number) VALUES ('1307618841', '210 832 0119');
INSERT INTO doctor_phone (AMKA, phone_number) VALUES ('1307618841', '+302050982400');
INSERT INTO doctor_dept (AMKA, dept_name) VALUES ('1307618841', 'Gastroenterology');
INSERT INTO doc_spec (AMKA, spec_code) VALUES ('1307618841', 'ISPUL');
INSERT INTO doctor (AMKA, first_name, middle_name, last_name, date_of_birth, date_of_employment, license_number, rank) VALUES ('2803422426', 'Σιρανούς', 'Χρυσοβαλάντου', 'Γεωργαλάς', '1942-03-28', '1994-04-29', '2286136468', 'Διευθυντής');
INSERT INTO doctor_email (AMKA, phone_number) VALUES ('2803422426', 'vgiannakopoulos@example.com');
INSERT INTO doctor_email (AMKA, phone_number) VALUES ('2803422426', 'spagkalos@example.com');
INSERT INTO doctor_phone (AMKA, phone_number) VALUES ('2803422426', '2104387631');
INSERT INTO doctor_phone (AMKA, phone_number) VALUES ('2803422426', '(+30) 6927 837805');
INSERT INTO doctor_dept (AMKA, dept_name) VALUES ('2803422426', 'Psychiatry');
INSERT INTO doc_spec (AMKA, spec_code) VALUES ('2803422426', 'ISHEM');
INSERT INTO doctor (AMKA, first_name, middle_name, last_name, date_of_birth, date_of_employment, license_number, rank) VALUES ('1101779403', 'Δανιήλ', NULL, 'Γουργουλής', '1977-01-11', '1996-10-06', '7093095436', 'Διευθυντής');
INSERT INTO doctor_email (AMKA, phone_number) VALUES ('1101779403', 'ktsoukia@example.net');
INSERT INTO doctor_email (AMKA, phone_number) VALUES ('1101779403', 'impaltatzi@example.org');
INSERT INTO doctor_phone (AMKA, phone_number) VALUES ('1101779403', '+306948249722');
INSERT INTO doctor_phone (AMKA, phone_number) VALUES ('1101779403', '(+30) 2760 380944');
INSERT INTO doctor_dept (AMKA, dept_name) VALUES ('1101779403', 'Haematology');
INSERT INTO doc_spec (AMKA, spec_code) VALUES ('1101779403', 'RO');
INSERT INTO doctor (AMKA, first_name, middle_name, last_name, date_of_birth, date_of_employment, license_number, rank) VALUES ('2502654079', 'Χάρη', NULL, 'Παπαθεοδοσίου', '1965-02-25', '2001-10-12', '4331315709', 'Διευθυντής');
INSERT INTO doctor_email (AMKA, phone_number) VALUES ('2502654079', 'rodokleia37@example.org');
INSERT INTO doctor_phone (AMKA, phone_number) VALUES ('2502654079', '2880 616 499');
INSERT INTO doctor_phone (AMKA, phone_number) VALUES ('2502654079', '2360 532 249');
INSERT INTO doctor_phone (AMKA, phone_number) VALUES ('2502654079', '6958 021713');
INSERT INTO doctor_dept (AMKA, dept_name) VALUES ('2502654079', 'Anesthesiology');
INSERT INTO doc_spec (AMKA, spec_code) VALUES ('2502654079', 'P');
INSERT INTO doc_spec (AMKA, spec_code) VALUES ('2502654079', 'PUL');
INSERT INTO doctor (AMKA, first_name, middle_name, last_name, date_of_birth, date_of_employment, license_number, rank) VALUES ('0810802797', 'Νικηφόρος', NULL, 'Τσιαμίτας', '1980-10-08', '2010-08-19', '1288204261', 'Διευθυντής');
INSERT INTO doctor_email (AMKA, phone_number) VALUES ('0810802797', 'znousis@example.net');
INSERT INTO doctor_email (AMKA, phone_number) VALUES ('0810802797', 'pelagia.nasiopoulos@example.net');
INSERT INTO doctor_phone (AMKA, phone_number) VALUES ('0810802797', '2390022155');
INSERT INTO doctor_phone (AMKA, phone_number) VALUES ('0810802797', '(+30) 6979 268492');
INSERT INTO doctor_phone (AMKA, phone_number) VALUES ('0810802797', '210 008 9773');
INSERT INTO doctor_dept (AMKA, dept_name) VALUES ('0810802797', 'Outpatient Department (OPD)');
INSERT INTO doc_spec (AMKA, spec_code) VALUES ('0810802797', 'PUL');
INSERT INTO doctor (AMKA, first_name, middle_name, last_name, date_of_birth, date_of_employment, license_number, rank) VALUES ('0802620737', 'Γλυκερία', NULL, 'Φωκάς', '1962-02-08', '1985-12-12', '0306264717', 'Διευθυντής');
INSERT INTO doctor_email (AMKA, phone_number) VALUES ('0802620737', 'christoforos.darsakli@example.net');
INSERT INTO doctor_email (AMKA, phone_number) VALUES ('0802620737', 'rargyropoulou@example.com');
INSERT INTO doctor_phone (AMKA, phone_number) VALUES ('0802620737', '(+30) 2983 886942');
INSERT INTO doctor_phone (AMKA, phone_number) VALUES ('0802620737', '2349067201');
INSERT INTO doctor_phone (AMKA, phone_number) VALUES ('0802620737', '2340400141');
INSERT INTO doctor_dept (AMKA, dept_name) VALUES ('0802620737', 'Orthopaedic');
INSERT INTO doc_spec (AMKA, spec_code) VALUES ('0802620737', 'ISNEP');
INSERT INTO doctor (AMKA, first_name, middle_name, last_name, date_of_birth, date_of_employment, license_number, rank) VALUES ('1210608936', 'Χαρίλαος', NULL, 'Κατσιλής', '1960-10-12', '1982-03-23', '9427015249', 'Διευθυντής');
INSERT INTO doctor_email (AMKA, phone_number) VALUES ('1210608936', 'eudokia90@example.net');
INSERT INTO doctor_phone (AMKA, phone_number) VALUES ('1210608936', '+302964609823');
INSERT INTO doctor_phone (AMKA, phone_number) VALUES ('1210608936', '6956 340 538');
INSERT INTO doctor_dept (AMKA, dept_name) VALUES ('1210608936', 'Casualty');
INSERT INTO doc_spec (AMKA, spec_code) VALUES ('1210608936', 'IM');
INSERT INTO doc_spec (AMKA, spec_code) VALUES ('1210608936', 'GS');
INSERT INTO doctor (AMKA, first_name, middle_name, last_name, date_of_birth, date_of_employment, license_number, rank) VALUES ('1403472446', 'Φλωρεντία', NULL, 'Κίτσου', '1947-03-14', '1985-12-16', '0814658912', 'Διευθυντής');
INSERT INTO doctor_email (AMKA, phone_number) VALUES ('1403472446', 'nausika96@example.net');
INSERT INTO doctor_phone (AMKA, phone_number) VALUES ('1403472446', '+30 2445 520625');
INSERT INTO doctor_phone (AMKA, phone_number) VALUES ('1403472446', '2930 913 510');
INSERT INTO doctor_dept (AMKA, dept_name) VALUES ('1403472446', 'Geriatric');
INSERT INTO doc_spec (AMKA, spec_code) VALUES ('1403472446', 'PCS');
INSERT INTO doctor (AMKA, first_name, middle_name, last_name, date_of_birth, date_of_employment, license_number, rank) VALUES ('1807676900', 'Μαριάννα', NULL, 'Χολέβα', '1967-07-18', '1987-07-19', '7265404301', 'Διευθυντής');
INSERT INTO doctor_email (AMKA, phone_number) VALUES ('1807676900', 'olympia36@example.com');
INSERT INTO doctor_phone (AMKA, phone_number) VALUES ('1807676900', '2106710897');
INSERT INTO doctor_phone (AMKA, phone_number) VALUES ('1807676900', '2710 667063');
INSERT INTO doctor_dept (AMKA, dept_name) VALUES ('1807676900', 'Oncology');
INSERT INTO doc_spec (AMKA, spec_code) VALUES ('1807676900', 'ISPN');
INSERT INTO doctor (AMKA, first_name, middle_name, last_name, date_of_birth, date_of_employment, license_number, rank) VALUES ('0104436410', 'Ιακωβίνα', NULL, 'Σπανοχριστοδούλου', '1943-04-01', '1974-02-06', '9098730279', 'Διευθυντής');
INSERT INTO doctor_email (AMKA, phone_number) VALUES ('0104436410', 'giorgos.pischinas@example.com');
INSERT INTO doctor_phone (AMKA, phone_number) VALUES ('0104436410', '(+30) 6913 315266');
INSERT INTO doctor_phone (AMKA, phone_number) VALUES ('0104436410', '23910 30 548');
INSERT INTO doctor_phone (AMKA, phone_number) VALUES ('0104436410', '2300099150');
INSERT INTO doctor_dept (AMKA, dept_name) VALUES ('0104436410', 'Intensive care unit (ICU)');
INSERT INTO doc_spec (AMKA, spec_code) VALUES ('0104436410', 'PDGEN');
INSERT INTO doc_spec (AMKA, spec_code) VALUES ('0104436410', 'NIC');
INSERT INTO doctor (AMKA, first_name, middle_name, last_name, date_of_birth, date_of_employment, license_number, rank) VALUES ('2312865669', 'Αφέντης', NULL, 'Χριστοπούλου', '1986-12-23', '2017-04-03', '2113927942', 'Διευθυντής');
INSERT INTO doctor_email (AMKA, phone_number) VALUES ('2312865669', 'theodora.livanos@example.com');
INSERT INTO doctor_phone (AMKA, phone_number) VALUES ('2312865669', '2720 139 759');
INSERT INTO doctor_phone (AMKA, phone_number) VALUES ('2312865669', '+306985977753');
INSERT INTO doctor_phone (AMKA, phone_number) VALUES ('2312865669', '20830 76 295');
INSERT INTO doctor_dept (AMKA, dept_name) VALUES ('2312865669', 'Gastroenterology');
INSERT INTO doc_spec (AMKA, spec_code) VALUES ('2312865669', 'ISCD');
INSERT INTO doctor (AMKA, first_name, middle_name, last_name, date_of_birth, date_of_employment, license_number, rank) VALUES ('0308718729', 'Προδρομία', 'Ορφέας', 'Κουκουλιάντας', '1971-08-03', '2024-07-22', '5352214289', 'Επιμελητής Α');
INSERT INTO doctor_email (AMKA, phone_number) VALUES ('0308718729', 'ikontou@example.net');
INSERT INTO doctor_phone (AMKA, phone_number) VALUES ('0308718729', '6954 308 016');
INSERT INTO doctor_phone (AMKA, phone_number) VALUES ('0308718729', '6935 425 322');
INSERT INTO doctor_dept (AMKA, dept_name) VALUES ('0308718729', 'Operating theatre (OT)');
INSERT INTO doc_spec (AMKA, spec_code) VALUES ('0308718729', 'ISGE');
INSERT INTO doc_spec (AMKA, spec_code) VALUES ('0308718729', 'ISGE');
INSERT INTO doctor (AMKA, first_name, middle_name, last_name, date_of_birth, date_of_employment, license_number, rank) VALUES ('0610661297', 'Ρούσα', NULL, 'Σπανδωνίδης', '1966-10-06', '2002-10-07', '7786533652', 'Επιμελητής Α');
INSERT INTO doctor_email (AMKA, phone_number) VALUES ('0610661297', 'kazanopoulos.zampia@example.com');
INSERT INTO doctor_phone (AMKA, phone_number) VALUES ('0610661297', '(+30) 2790 303795');
INSERT INTO doctor_phone (AMKA, phone_number) VALUES ('0610661297', '2390086191');
INSERT INTO doctor_phone (AMKA, phone_number) VALUES ('0610661297', '210 738 7469');
INSERT INTO doctor_dept (AMKA, dept_name) VALUES ('0610661297', 'Gynaecology');
INSERT INTO doc_spec (AMKA, spec_code) VALUES ('0610661297', 'ISPCS');
INSERT INTO doc_spec (AMKA, spec_code) VALUES ('0610661297', 'ISPDPED');
INSERT INTO doctor (AMKA, first_name, middle_name, last_name, date_of_birth, date_of_employment, license_number, rank) VALUES ('0303531282', 'Ζαχαρένια', NULL, 'Πυλαρινός', '1953-03-03', '2002-11-07', '6154958354', 'Επιμελητής Β');
INSERT INTO doctor_email (AMKA, phone_number) VALUES ('0303531282', 'pothiti09@example.net');
INSERT INTO doctor_email (AMKA, phone_number) VALUES ('0303531282', 'ieremias.kampouri@example.net');
INSERT INTO doctor_phone (AMKA, phone_number) VALUES ('0303531282', '(+30) 6951 952313');
INSERT INTO doctor_phone (AMKA, phone_number) VALUES ('0303531282', '(+30) 2751 781811');
INSERT INTO doctor_phone (AMKA, phone_number) VALUES ('0303531282', '+30 6994 552300');
INSERT INTO doctor_dept (AMKA, dept_name) VALUES ('0303531282', 'Orthopaedic');
INSERT INTO doc_spec (AMKA, spec_code) VALUES ('0303531282', 'GER');
INSERT INTO doctor (AMKA, first_name, middle_name, last_name, date_of_birth, date_of_employment, license_number, rank) VALUES ('1701787998', 'Ιγνατία', 'Ανδρόνικος', 'Σαραντινός', '1978-01-17', '2023-08-07', '4305223326', 'Επιμελητής Α');
INSERT INTO doctor_email (AMKA, phone_number) VALUES ('1701787998', 'karatzaferis.damiani@example.net');
INSERT INTO doctor_email (AMKA, phone_number) VALUES ('1701787998', 'domna.mpouloukos@example.net');
INSERT INTO doctor_phone (AMKA, phone_number) VALUES ('1701787998', '2000 580 263');
INSERT INTO doctor_phone (AMKA, phone_number) VALUES ('1701787998', '+30 6989 028918');
INSERT INTO doctor_phone (AMKA, phone_number) VALUES ('1701787998', '6963 500 736');
INSERT INTO doctor_dept (AMKA, dept_name) VALUES ('1701787998', 'ENT');
INSERT INTO doc_spec (AMKA, spec_code) VALUES ('1701787998', 'ISGER');
INSERT INTO doc_spec (AMKA, spec_code) VALUES ('1701787998', 'PED');
INSERT INTO doctor (AMKA, first_name, middle_name, last_name, date_of_birth, date_of_employment, license_number, rank) VALUES ('2412989437', 'Ιουλιανός', NULL, 'Καράμπη', '1998-12-24', '2017-03-08', '3731489033', 'Ειδικευόμενος');
INSERT INTO doctor_email (AMKA, phone_number) VALUES ('2412989437', 'antypas.kissas@example.org');
INSERT INTO doctor_phone (AMKA, phone_number) VALUES ('2412989437', '(+30) 2631 196522');
INSERT INTO doctor_phone (AMKA, phone_number) VALUES ('2412989437', '(+30) 2634 573468');
INSERT INTO doctor_dept (AMKA, dept_name) VALUES ('2412989437', 'Anesthesiology');
INSERT INTO doc_spec (AMKA, spec_code) VALUES ('2412989437', 'ISPN');
INSERT INTO doctor (AMKA, first_name, middle_name, last_name, date_of_birth, date_of_employment, license_number, rank) VALUES ('1904466405', 'Αίας', NULL, 'Μανωλάκης', '1946-04-19', '1977-12-11', '7355092225', 'Διευθυντής');
INSERT INTO doctor_email (AMKA, phone_number) VALUES ('1904466405', 'vpapadima@example.net');
INSERT INTO doctor_phone (AMKA, phone_number) VALUES ('1904466405', '6979 920 312');
INSERT INTO doctor_dept (AMKA, dept_name) VALUES ('1904466405', 'Outpatient Department (OPD)');
INSERT INTO doc_spec (AMKA, spec_code) VALUES ('1904466405', 'GER');
INSERT INTO doc_spec (AMKA, spec_code) VALUES ('1904466405', 'GS');
INSERT INTO doctor (AMKA, first_name, middle_name, last_name, date_of_birth, date_of_employment, license_number, rank) VALUES ('2108809189', 'Ρέα', NULL, 'Παπαθωμά', '1980-08-21', '1998-11-15', '7014555552', 'Επιμελητής Β');
INSERT INTO doctor_email (AMKA, phone_number) VALUES ('2108809189', 'umoysidou@example.net');
INSERT INTO doctor_phone (AMKA, phone_number) VALUES ('2108809189', '2870 711 684');
INSERT INTO doctor_phone (AMKA, phone_number) VALUES ('2108809189', '+302696554895');
INSERT INTO doctor_phone (AMKA, phone_number) VALUES ('2108809189', '+302789842900');
INSERT INTO doctor_dept (AMKA, dept_name) VALUES ('2108809189', 'Intensive care unit (ICU)');
INSERT INTO doc_spec (AMKA, spec_code) VALUES ('2108809189', 'ISGE');
INSERT INTO doc_spec (AMKA, spec_code) VALUES ('2108809189', 'PCS');
INSERT INTO doctor (AMKA, first_name, middle_name, last_name, date_of_birth, date_of_employment, license_number, rank) VALUES ('0602879802', 'Αννίκα', 'Χάρις', 'Λεντζίου', '1987-02-06', '2023-11-25', '3045888995', 'Ειδικευόμενος');
INSERT INTO doctor_email (AMKA, phone_number) VALUES ('0602879802', 'kostoula.kotrotsou@example.net');
INSERT INTO doctor_phone (AMKA, phone_number) VALUES ('0602879802', '6977 014 027');
INSERT INTO doctor_phone (AMKA, phone_number) VALUES ('0602879802', '+302301608740');
INSERT INTO doctor_phone (AMKA, phone_number) VALUES ('0602879802', '+30 2687 249587');
INSERT INTO doctor_dept (AMKA, dept_name) VALUES ('0602879802', 'Haematology');
INSERT INTO doc_spec (AMKA, spec_code) VALUES ('0602879802', 'ISPDGER');
INSERT INTO doctor (AMKA, first_name, middle_name, last_name, date_of_birth, date_of_employment, license_number, rank) VALUES ('2001691929', 'Στεργιανή', 'Αρτέμης', 'Πλακωτάρης', '1969-01-20', '2005-02-14', '4855430841', 'Επιμελητής Α');
INSERT INTO doctor_email (AMKA, phone_number) VALUES ('2001691929', 'diogenis.papakonstantinou@example.com');
INSERT INTO doctor_email (AMKA, phone_number) VALUES ('2001691929', 'paraskeuas.agkyropoulos@example.com');
INSERT INTO doctor_phone (AMKA, phone_number) VALUES ('2001691929', '(+30) 6967 935659');
INSERT INTO doctor_dept (AMKA, dept_name) VALUES ('2001691929', 'Orthopaedic');
INSERT INTO doc_spec (AMKA, spec_code) VALUES ('2001691929', 'HEM');
INSERT INTO doc_spec (AMKA, spec_code) VALUES ('2001691929', 'CG');
INSERT INTO doctor (AMKA, first_name, middle_name, last_name, date_of_birth, date_of_employment, license_number, rank) VALUES ('2004702238', 'Ξανθός', NULL, 'Πουλιέζος', '1970-04-20', '2007-11-15', '4844501923', 'Ειδικευόμενος');
INSERT INTO doctor_email (AMKA, phone_number) VALUES ('2004702238', 'konstantinos71@example.org');
INSERT INTO doctor_email (AMKA, phone_number) VALUES ('2004702238', 'zkalogianni@example.net');
INSERT INTO doctor_phone (AMKA, phone_number) VALUES ('2004702238', '2910 625 727');
INSERT INTO doctor_phone (AMKA, phone_number) VALUES ('2004702238', '25260 64 197');
INSERT INTO doctor_phone (AMKA, phone_number) VALUES ('2004702238', '2890 613583');
INSERT INTO doctor_dept (AMKA, dept_name) VALUES ('2004702238', 'Operating theatre (OT)');
INSERT INTO doc_spec (AMKA, spec_code) VALUES ('2004702238', 'NIC');
INSERT INTO doctor (AMKA, first_name, middle_name, last_name, date_of_birth, date_of_employment, license_number, rank) VALUES ('0406974498', 'Παναγία', NULL, 'Γαβριδάκης', '1997-06-04', '2025-06-30', '7725305046', 'Ειδικευόμενος');
INSERT INTO doctor_email (AMKA, phone_number) VALUES ('0406974498', 'giannis.papoulis@example.com');
INSERT INTO doctor_email (AMKA, phone_number) VALUES ('0406974498', 'katsifos.dafni@example.com');
INSERT INTO doctor_phone (AMKA, phone_number) VALUES ('0406974498', '6945 857 506');
INSERT INTO doctor_dept (AMKA, dept_name) VALUES ('0406974498', 'Haematology');
INSERT INTO doc_spec (AMKA, spec_code) VALUES ('0406974498', 'ISIM');
INSERT INTO doctor (AMKA, first_name, middle_name, last_name, date_of_birth, date_of_employment, license_number, rank) VALUES ('2003754733', 'Μαριάννα', NULL, 'Φιλιάγκου', '1975-03-20', '2024-12-23', '4789923267', 'Επιμελητής Β');
INSERT INTO doctor_email (AMKA, phone_number) VALUES ('2003754733', 'tatiana.karatzikos@example.org');
INSERT INTO doctor_email (AMKA, phone_number) VALUES ('2003754733', 'aias.palios@example.net');
INSERT INTO doctor_phone (AMKA, phone_number) VALUES ('2003754733', '2640 648 004');
INSERT INTO doctor_phone (AMKA, phone_number) VALUES ('2003754733', '210 622 7989');
INSERT INTO doctor_dept (AMKA, dept_name) VALUES ('2003754733', 'Gynaecology');
INSERT INTO doc_spec (AMKA, spec_code) VALUES ('2003754733', 'OTO');
INSERT INTO doc_spec (AMKA, spec_code) VALUES ('2003754733', 'PED');
INSERT INTO doctor (AMKA, first_name, middle_name, last_name, date_of_birth, date_of_employment, license_number, rank) VALUES ('0811685025', 'Ακριβός', NULL, 'Πέττα', '1968-11-08', '2020-11-30', '1577761198', 'Επιμελητής Β');
INSERT INTO doctor_email (AMKA, phone_number) VALUES ('0811685025', 'tsakalakou.salomi@example.com');
INSERT INTO doctor_phone (AMKA, phone_number) VALUES ('0811685025', '+30 6975 234080');
INSERT INTO doctor_phone (AMKA, phone_number) VALUES ('0811685025', '210 3327958');
INSERT INTO doctor_dept (AMKA, dept_name) VALUES ('0811685025', 'Opthalmology');
INSERT INTO doc_spec (AMKA, spec_code) VALUES ('0811685025', 'ISOBG');
INSERT INTO doc_spec (AMKA, spec_code) VALUES ('0811685025', 'ISPDPED');
INSERT INTO doctor (AMKA, first_name, middle_name, last_name, date_of_birth, date_of_employment, license_number, rank) VALUES ('2403567012', 'Ευδόξιος', NULL, 'Χρυσάφη', '1956-03-24', '1976-09-22', '7643575813', 'Διευθυντής');
INSERT INTO doctor_email (AMKA, phone_number) VALUES ('2403567012', 'dimitra.grigoropoulos@example.org');
INSERT INTO doctor_phone (AMKA, phone_number) VALUES ('2403567012', '+302505670290');
INSERT INTO doctor_phone (AMKA, phone_number) VALUES ('2403567012', '6963 851 296');
INSERT INTO doctor_phone (AMKA, phone_number) VALUES ('2403567012', '21230 00 537');
INSERT INTO doctor_dept (AMKA, dept_name) VALUES ('2403567012', 'Anesthesiology');
INSERT INTO doc_spec (AMKA, spec_code) VALUES ('2403567012', 'ISNIC');
INSERT INTO doc_spec (AMKA, spec_code) VALUES ('2403567012', 'OR');
INSERT INTO doctor (AMKA, first_name, middle_name, last_name, date_of_birth, date_of_employment, license_number, rank) VALUES ('2203633666', 'Νικήτας', NULL, 'Ρούσσου', '1963-03-22', '2006-01-12', '3438349797', 'Επιμελητής Α');
INSERT INTO doctor_email (AMKA, phone_number) VALUES ('2203633666', 'psyllakis.reggina@example.org');
INSERT INTO doctor_email (AMKA, phone_number) VALUES ('2203633666', 'eukleia95@example.net');
INSERT INTO doctor_phone (AMKA, phone_number) VALUES ('2203633666', '2813065392');
INSERT INTO doctor_dept (AMKA, dept_name) VALUES ('2203633666', 'Pediatrics');
INSERT INTO doc_spec (AMKA, spec_code) VALUES ('2203633666', 'ISOBG');
INSERT INTO doc_spec (AMKA, spec_code) VALUES ('2203633666', 'TS');
INSERT INTO doctor (AMKA, first_name, middle_name, last_name, date_of_birth, date_of_employment, license_number, rank) VALUES ('1210671054', 'Πίνδαρος', NULL, 'Κουθούρη', '1967-10-12', '2008-11-21', '5930284564', 'Διευθυντής');
INSERT INTO doctor_email (AMKA, phone_number) VALUES ('1210671054', 'xgkouni@example.net');
INSERT INTO doctor_email (AMKA, phone_number) VALUES ('1210671054', 'atsakanikas@example.org');
INSERT INTO doctor_phone (AMKA, phone_number) VALUES ('1210671054', '210 7566066');
INSERT INTO doctor_phone (AMKA, phone_number) VALUES ('1210671054', '2820170027');
INSERT INTO doctor_dept (AMKA, dept_name) VALUES ('1210671054', 'Inpatient Department (IPD)');
INSERT INTO doc_spec (AMKA, spec_code) VALUES ('1210671054', 'PN');
INSERT INTO doctor (AMKA, first_name, middle_name, last_name, date_of_birth, date_of_employment, license_number, rank) VALUES ('0111647658', 'Χαραλαμπία', NULL, 'Μασαούτη', '1964-11-01', '2015-10-08', '9092388372', 'Ειδικευόμενος');
INSERT INTO doctor_email (AMKA, phone_number) VALUES ('0111647658', 'ananiadou.ermis@example.com');
INSERT INTO doctor_email (AMKA, phone_number) VALUES ('0111647658', 'tsampikos29@example.net');
INSERT INTO doctor_phone (AMKA, phone_number) VALUES ('0111647658', '210 3725790');
INSERT INTO doctor_phone (AMKA, phone_number) VALUES ('0111647658', '2450413008');
INSERT INTO doctor_phone (AMKA, phone_number) VALUES ('0111647658', '+302622935034');
INSERT INTO doctor_dept (AMKA, dept_name) VALUES ('0111647658', 'Pediatrics');
INSERT INTO doc_spec (AMKA, spec_code) VALUES ('0111647658', 'AI');
INSERT INTO doctor (AMKA, first_name, middle_name, last_name, date_of_birth, date_of_employment, license_number, rank) VALUES ('2708408067', 'Ευστράτιος', NULL, 'Αθανασιάδου', '1940-08-27', '1984-05-09', '5135256687', 'Ειδικευόμενος');
INSERT INTO doctor_email (AMKA, phone_number) VALUES ('2708408067', 'emmanouil84@example.net');
INSERT INTO doctor_email (AMKA, phone_number) VALUES ('2708408067', 'kotsionopoulou.panormitis@example.com');
INSERT INTO doctor_phone (AMKA, phone_number) VALUES ('2708408067', '6929017608');
INSERT INTO doctor_dept (AMKA, dept_name) VALUES ('2708408067', 'Opthalmology');
INSERT INTO doc_spec (AMKA, spec_code) VALUES ('2708408067', 'CG');
INSERT INTO doctor (AMKA, first_name, middle_name, last_name, date_of_birth, date_of_employment, license_number, rank) VALUES ('2206803094', 'Ευγενία', NULL, 'Μπακοστεργίου', '1980-06-22', '2005-11-29', '8149386323', 'Επιμελητής Β');
INSERT INTO doctor_email (AMKA, phone_number) VALUES ('2206803094', 'fgeorgitsi@example.org');
INSERT INTO doctor_phone (AMKA, phone_number) VALUES ('2206803094', '2810 673 097');
INSERT INTO doctor_phone (AMKA, phone_number) VALUES ('2206803094', '2020 582181');
INSERT INTO doctor_dept (AMKA, dept_name) VALUES ('2206803094', 'Casualty');
INSERT INTO doc_spec (AMKA, spec_code) VALUES ('2206803094', 'ISPN');
INSERT INTO doctor (AMKA, first_name, middle_name, last_name, date_of_birth, date_of_employment, license_number, rank) VALUES ('0909662577', 'Τζανέτος', NULL, 'Πισχινάς', '1966-09-09', '2009-07-21', '6361871538', 'Ειδικευόμενος');
INSERT INTO doctor_email (AMKA, phone_number) VALUES ('0909662577', 'ntziavida.foteinos@example.org');
INSERT INTO doctor_phone (AMKA, phone_number) VALUES ('0909662577', '6946 180 667');
INSERT INTO doctor_phone (AMKA, phone_number) VALUES ('0909662577', '6927 002 672');
INSERT INTO doctor_phone (AMKA, phone_number) VALUES ('0909662577', '2747006052');
INSERT INTO doctor_dept (AMKA, dept_name) VALUES ('0909662577', 'Outpatient Department (OPD)');
INSERT INTO doc_spec (AMKA, spec_code) VALUES ('0909662577', 'ISAI');
INSERT INTO doctor (AMKA, first_name, middle_name, last_name, date_of_birth, date_of_employment, license_number, rank) VALUES ('0903695053', 'Λαοκράτης', NULL, 'Σπανίδου', '1969-03-09', '2005-08-15', '2009273192', 'Επιμελητής Α');
INSERT INTO doctor_email (AMKA, phone_number) VALUES ('0903695053', 'bgkaliou@example.com');
INSERT INTO doctor_email (AMKA, phone_number) VALUES ('0903695053', 'marilena.karamani@example.net');
INSERT INTO doctor_phone (AMKA, phone_number) VALUES ('0903695053', '210 8966362');
INSERT INTO doctor_dept (AMKA, dept_name) VALUES ('0903695053', 'Geriatric');
INSERT INTO doc_spec (AMKA, spec_code) VALUES ('0903695053', 'ISIM');
INSERT INTO doctor (AMKA, first_name, middle_name, last_name, date_of_birth, date_of_employment, license_number, rank) VALUES ('0710954761', 'Ραλλία', 'Ανέστης', 'Φωτακοπούλου', '1995-10-07', '2018-11-24', '1919401691', 'Ειδικευόμενος');
INSERT INTO doctor_email (AMKA, phone_number) VALUES ('0710954761', 'aristea.fasouli@example.org');
INSERT INTO doctor_email (AMKA, phone_number) VALUES ('0710954761', 'vraka.kalliniki@example.net');
INSERT INTO doctor_phone (AMKA, phone_number) VALUES ('0710954761', '6927110461');
INSERT INTO doctor_phone (AMKA, phone_number) VALUES ('0710954761', '+30 2323 702241');
INSERT INTO doctor_dept (AMKA, dept_name) VALUES ('0710954761', 'Gynaecology');
INSERT INTO doc_spec (AMKA, spec_code) VALUES ('0710954761', 'RHU');
INSERT INTO doctor (AMKA, first_name, middle_name, last_name, date_of_birth, date_of_employment, license_number, rank) VALUES ('1305442503', 'Μαγδαληνός', NULL, 'Τζιρατούδη', '1944-05-13', '1989-10-13', '7834623772', 'Διευθυντής');
INSERT INTO doctor_email (AMKA, phone_number) VALUES ('1305442503', 'eurykleia44@example.net');
INSERT INTO doctor_email (AMKA, phone_number) VALUES ('1305442503', 'qmarras@example.org');
INSERT INTO doctor_phone (AMKA, phone_number) VALUES ('1305442503', '+302878781320');
INSERT INTO doctor_phone (AMKA, phone_number) VALUES ('1305442503', '210 9001521');
INSERT INTO doctor_dept (AMKA, dept_name) VALUES ('1305442503', 'General surgery');
INSERT INTO doc_spec (AMKA, spec_code) VALUES ('1305442503', 'GE');
INSERT INTO doc_spec (AMKA, spec_code) VALUES ('1305442503', 'ISIM');
INSERT INTO doctor (AMKA, first_name, middle_name, last_name, date_of_birth, date_of_employment, license_number, rank) VALUES ('0109876222', 'Γλαύκη', NULL, 'Κυμπάρης', '1987-09-01', '2020-10-24', '5857694607', 'Διευθυντής');
INSERT INTO doctor_email (AMKA, phone_number) VALUES ('0109876222', 'mpimpika.stamatina@example.net');
INSERT INTO doctor_phone (AMKA, phone_number) VALUES ('0109876222', '210 6730951');
INSERT INTO doctor_phone (AMKA, phone_number) VALUES ('0109876222', '2109338280');
INSERT INTO doctor_phone (AMKA, phone_number) VALUES ('0109876222', '210 431 0841');
INSERT INTO doctor_dept (AMKA, dept_name) VALUES ('0109876222', 'Inpatient Department (IPD)');
INSERT INTO doc_spec (AMKA, spec_code) VALUES ('0109876222', 'ISIC');
INSERT INTO doctor (AMKA, first_name, middle_name, last_name, date_of_birth, date_of_employment, license_number, rank) VALUES ('0301636140', 'Αναξαγόρας', 'Γιαννούλα', 'Κουκουλιάντας', '1963-01-03', '1986-03-31', '7055207944', 'Διευθυντής');
INSERT INTO doctor_email (AMKA, phone_number) VALUES ('0301636140', 'iliana54@example.org');
INSERT INTO doctor_phone (AMKA, phone_number) VALUES ('0301636140', '2582022874');
INSERT INTO doctor_dept (AMKA, dept_name) VALUES ('0301636140', 'Inpatient Department (IPD)');
INSERT INTO doc_spec (AMKA, spec_code) VALUES ('0301636140', 'ISIM');
INSERT INTO doc_spec (AMKA, spec_code) VALUES ('0301636140', 'END');
INSERT INTO doctor (AMKA, first_name, middle_name, last_name, date_of_birth, date_of_employment, license_number, rank) VALUES ('1708511124', 'Πολύδωρα', NULL, 'Αντωνίου', '1951-08-17', '1971-05-01', '4415815066', 'Επιμελητής Β');
INSERT INTO doctor_email (AMKA, phone_number) VALUES ('1708511124', 'vaitsopoulos.krinio@example.net');
INSERT INTO doctor_phone (AMKA, phone_number) VALUES ('1708511124', '+30 2098 707827');
INSERT INTO doctor_phone (AMKA, phone_number) VALUES ('1708511124', '6958887580');
INSERT INTO doctor_phone (AMKA, phone_number) VALUES ('1708511124', '6956 618 028');
INSERT INTO doctor_dept (AMKA, dept_name) VALUES ('1708511124', 'Casualty');
INSERT INTO doc_spec (AMKA, spec_code) VALUES ('1708511124', 'END');
INSERT INTO doctor (AMKA, first_name, middle_name, last_name, date_of_birth, date_of_employment, license_number, rank) VALUES ('2012810248', 'Νεκταρία', NULL, 'Πετράκης', '1981-12-20', '2018-06-07', '8962733004', 'Ειδικευόμενος');
INSERT INTO doctor_email (AMKA, phone_number) VALUES ('2012810248', 'vasilakis.theopisti@example.org');
INSERT INTO doctor_email (AMKA, phone_number) VALUES ('2012810248', 'klytaimnistra.georgalis@example.com');
INSERT INTO doctor_phone (AMKA, phone_number) VALUES ('2012810248', '+30 6968 987557');
INSERT INTO doctor_phone (AMKA, phone_number) VALUES ('2012810248', '2280 569 911');
INSERT INTO doctor_phone (AMKA, phone_number) VALUES ('2012810248', '6954 592 575');
INSERT INTO doctor_dept (AMKA, dept_name) VALUES ('2012810248', 'Outpatient Department (OPD)');
INSERT INTO doc_spec (AMKA, spec_code) VALUES ('2012810248', 'ON');
INSERT INTO doctor (AMKA, first_name, middle_name, last_name, date_of_birth, date_of_employment, license_number, rank) VALUES ('2407887390', 'Αγαπητός', NULL, 'Κραββαρίτης', '1988-07-24', '2018-04-02', '2689671785', 'Διευθυντής');
INSERT INTO doctor_email (AMKA, phone_number) VALUES ('2407887390', 'nikoloudaki.aristeidis@example.com');
INSERT INTO doctor_phone (AMKA, phone_number) VALUES ('2407887390', '+30 6922 993329');
INSERT INTO doctor_phone (AMKA, phone_number) VALUES ('2407887390', '6932572253');
INSERT INTO doctor_dept (AMKA, dept_name) VALUES ('2407887390', 'Neurology');
INSERT INTO doc_spec (AMKA, spec_code) VALUES ('2407887390', 'PDGER');
INSERT INTO doc_spec (AMKA, spec_code) VALUES ('2407887390', 'GS');
INSERT INTO doctor (AMKA, first_name, middle_name, last_name, date_of_birth, date_of_employment, license_number, rank) VALUES ('1612748648', 'Φλώρα', NULL, 'Λέλεκας', '1974-12-16', '2005-11-23', '1175392788', 'Επιμελητής Α');
INSERT INTO doctor_email (AMKA, phone_number) VALUES ('1612748648', 'georgoulas.kikilia@example.net');
INSERT INTO doctor_email (AMKA, phone_number) VALUES ('1612748648', 'nathanail29@example.com');
INSERT INTO doctor_phone (AMKA, phone_number) VALUES ('1612748648', '2068055690');
INSERT INTO doctor_phone (AMKA, phone_number) VALUES ('1612748648', '(+30) 6958 150345');
INSERT INTO doctor_phone (AMKA, phone_number) VALUES ('1612748648', '+30 2131 775277');
INSERT INTO doctor_dept (AMKA, dept_name) VALUES ('1612748648', 'General surgery');
INSERT INTO doc_spec (AMKA, spec_code) VALUES ('1612748648', 'PEDS');
INSERT INTO doc_spec (AMKA, spec_code) VALUES ('1612748648', 'PDPED');
INSERT INTO doctor (AMKA, first_name, middle_name, last_name, date_of_birth, date_of_employment, license_number, rank) VALUES ('1306562994', 'Πέτρος', NULL, 'Μαντζώρος', '1956-06-13', '1992-10-16', '3240437851', 'Επιμελητής Β');
INSERT INTO doctor_email (AMKA, phone_number) VALUES ('1306562994', 'tsampouri.ivi@example.com');
INSERT INTO doctor_phone (AMKA, phone_number) VALUES ('1306562994', '6934 471 906');
INSERT INTO doctor_dept (AMKA, dept_name) VALUES ('1306562994', 'Pediatrics');
INSERT INTO doc_spec (AMKA, spec_code) VALUES ('1306562994', 'ISHEM');
INSERT INTO doctor (AMKA, first_name, middle_name, last_name, date_of_birth, date_of_employment, license_number, rank) VALUES ('1107638937', 'Αίας', NULL, 'Ξυγκάκου', '1963-07-11', '2021-11-10', '5480385082', 'Επιμελητής Β');
INSERT INTO doctor_email (AMKA, phone_number) VALUES ('1107638937', 'papanikolaou.polykratis@example.net');
INSERT INTO doctor_phone (AMKA, phone_number) VALUES ('1107638937', '6946 741 995');
INSERT INTO doctor_dept (AMKA, dept_name) VALUES ('1107638937', 'Pediatrics');
INSERT INTO doc_spec (AMKA, spec_code) VALUES ('1107638937', 'ISU');
INSERT INTO doctor (AMKA, first_name, middle_name, last_name, date_of_birth, date_of_employment, license_number, rank) VALUES ('2301681047', 'Κοσμάς', NULL, 'Κυριακίδης', '1968-01-23', '2006-12-25', '9303652296', 'Επιμελητής Β');
INSERT INTO doctor_email (AMKA, phone_number) VALUES ('2301681047', 'zarzani.damianos@example.org');
INSERT INTO doctor_email (AMKA, phone_number) VALUES ('2301681047', 'gavriella48@example.org');
INSERT INTO doctor_phone (AMKA, phone_number) VALUES ('2301681047', '(+30) 6903 579692');
INSERT INTO doctor_dept (AMKA, dept_name) VALUES ('2301681047', 'Operating theatre (OT)');
INSERT INTO doc_spec (AMKA, spec_code) VALUES ('2301681047', 'RO');
INSERT INTO doc_spec (AMKA, spec_code) VALUES ('2301681047', 'ISAI');
INSERT INTO doctor (AMKA, first_name, middle_name, last_name, date_of_birth, date_of_employment, license_number, rank) VALUES ('0611462338', 'Ερρίκος', 'Κοκκώνα', 'Βερβίτη', '1946-11-06', '2003-01-17', '0813713481', 'Επιμελητής Β');
INSERT INTO doctor_email (AMKA, phone_number) VALUES ('0611462338', 'dpapadimitriadis@example.com');
INSERT INTO doctor_phone (AMKA, phone_number) VALUES ('0611462338', '210 475 4261');
INSERT INTO doctor_phone (AMKA, phone_number) VALUES ('0611462338', '2240 644 740');
INSERT INTO doctor_dept (AMKA, dept_name) VALUES ('0611462338', 'Haematology');
INSERT INTO doc_spec (AMKA, spec_code) VALUES ('0611462338', 'IC');
INSERT INTO doctor (AMKA, first_name, middle_name, last_name, date_of_birth, date_of_employment, license_number, rank) VALUES ('2806888346', 'Κλυταιμνήστρα', NULL, 'Σφούνης', '1988-06-28', '2016-07-03', '6024243624', 'Επιμελητής Α');
INSERT INTO doctor_email (AMKA, phone_number) VALUES ('2806888346', 'vitsaxis.vaios@example.net');
INSERT INTO doctor_email (AMKA, phone_number) VALUES ('2806888346', 'georgia12@example.org');
INSERT INTO doctor_phone (AMKA, phone_number) VALUES ('2806888346', '20740 06 762');
INSERT INTO doctor_phone (AMKA, phone_number) VALUES ('2806888346', '2084036148');
INSERT INTO doctor_phone (AMKA, phone_number) VALUES ('2806888346', '+302845085278');
INSERT INTO doctor_dept (AMKA, dept_name) VALUES ('2806888346', 'Opthalmology');
INSERT INTO doc_spec (AMKA, spec_code) VALUES ('2806888346', 'RO');
INSERT INTO doc_spec (AMKA, spec_code) VALUES ('2806888346', 'GE');
INSERT INTO doctor (AMKA, first_name, middle_name, last_name, date_of_birth, date_of_employment, license_number, rank) VALUES ('0803576389', 'Λουκία', NULL, 'Μάνδρος', '1957-03-08', '2012-05-28', '8885609432', 'Επιμελητής Α');
INSERT INTO doctor_email (AMKA, phone_number) VALUES ('0803576389', 'gdouvikas@example.net');
INSERT INTO doctor_phone (AMKA, phone_number) VALUES ('0803576389', '210 7571963');
INSERT INTO doctor_dept (AMKA, dept_name) VALUES ('0803576389', 'Gynaecology');
INSERT INTO doc_spec (AMKA, spec_code) VALUES ('0803576389', 'PDPED');
INSERT INTO doc_spec (AMKA, spec_code) VALUES ('0803576389', 'ISPUL');
INSERT INTO doctor (AMKA, first_name, middle_name, last_name, date_of_birth, date_of_employment, license_number, rank) VALUES ('2204653007', 'Ερωφίλη', NULL, 'Βαλεντή', '1965-04-22', '1996-11-28', '0209215847', 'Διευθυντής');
INSERT INTO doctor_email (AMKA, phone_number) VALUES ('2204653007', 'kostoulas.minoas@example.org');
INSERT INTO doctor_email (AMKA, phone_number) VALUES ('2204653007', 'zavitsanou.aristarchos@example.net');
INSERT INTO doctor_phone (AMKA, phone_number) VALUES ('2204653007', '2780 548 610');
INSERT INTO doctor_phone (AMKA, phone_number) VALUES ('2204653007', '6976769838');
INSERT INTO doctor_phone (AMKA, phone_number) VALUES ('2204653007', '210 8196379');
INSERT INTO doctor_dept (AMKA, dept_name) VALUES ('2204653007', 'Oncology');
INSERT INTO doc_spec (AMKA, spec_code) VALUES ('2204653007', 'ISID');
INSERT INTO doctor (AMKA, first_name, middle_name, last_name, date_of_birth, date_of_employment, license_number, rank) VALUES ('2510927096', 'Τσαμπίκος', NULL, 'Κουλουριώτης', '1992-10-25', '2013-08-27', '0144862840', 'Ειδικευόμενος');
INSERT INTO doctor_email (AMKA, phone_number) VALUES ('2510927096', 'stella48@example.org');
INSERT INTO doctor_email (AMKA, phone_number) VALUES ('2510927096', 'xgkotsis@example.com');
INSERT INTO doctor_phone (AMKA, phone_number) VALUES ('2510927096', '2320 265 916');
INSERT INTO doctor_phone (AMKA, phone_number) VALUES ('2510927096', '2349094583');
INSERT INTO doctor_dept (AMKA, dept_name) VALUES ('2510927096', 'ENT');
INSERT INTO doc_spec (AMKA, spec_code) VALUES ('2510927096', 'AI');
INSERT INTO doc_spec (AMKA, spec_code) VALUES ('2510927096', 'ISRHU');
INSERT INTO doctor (AMKA, first_name, middle_name, last_name, date_of_birth, date_of_employment, license_number, rank) VALUES ('1403910610', 'Ευανθία', NULL, 'Ράπτης', '1991-03-14', '2022-12-19', '4373567866', 'Επιμελητής Α');
INSERT INTO doctor_email (AMKA, phone_number) VALUES ('1403910610', 'artemisia.mpantis@example.org');
INSERT INTO doctor_phone (AMKA, phone_number) VALUES ('1403910610', '20190 73 393');
INSERT INTO doctor_phone (AMKA, phone_number) VALUES ('1403910610', '(+30) 6938 414595');
INSERT INTO doctor_dept (AMKA, dept_name) VALUES ('1403910610', 'Pediatrics');
INSERT INTO doc_spec (AMKA, spec_code) VALUES ('1403910610', 'RO');
INSERT INTO doc_spec (AMKA, spec_code) VALUES ('1403910610', 'ISAI');
INSERT INTO doctor (AMKA, first_name, middle_name, last_name, date_of_birth, date_of_employment, license_number, rank) VALUES ('1905740744', 'Ιουλία', NULL, 'Τζιόβα', '1974-05-19', '2006-07-10', '3679359345', 'Ειδικευόμενος');
INSERT INTO doctor_email (AMKA, phone_number) VALUES ('1905740744', 'patroklos38@example.com');
INSERT INTO doctor_email (AMKA, phone_number) VALUES ('1905740744', 'vkyriatsoulis@example.com');
INSERT INTO doctor_phone (AMKA, phone_number) VALUES ('1905740744', '2890 035758');
INSERT INTO doctor_dept (AMKA, dept_name) VALUES ('1905740744', 'Cardiology');
INSERT INTO doc_spec (AMKA, spec_code) VALUES ('1905740744', 'PDGER');
INSERT INTO doc_spec (AMKA, spec_code) VALUES ('1905740744', 'ISPUL');
INSERT INTO doctor (AMKA, first_name, middle_name, last_name, date_of_birth, date_of_employment, license_number, rank) VALUES ('1004748289', 'Βικέντια', NULL, 'Λαγογιάννης', '1974-04-10', '2020-09-07', '0098941464', 'Διευθυντής');
INSERT INTO doctor_email (AMKA, phone_number) VALUES ('1004748289', 'aristotelis.kaffe@example.com');
INSERT INTO doctor_email (AMKA, phone_number) VALUES ('1004748289', 'koutouzidou.roza@example.com');
INSERT INTO doctor_phone (AMKA, phone_number) VALUES ('1004748289', '2760 052482');
INSERT INTO doctor_phone (AMKA, phone_number) VALUES ('1004748289', '2340 566372');
INSERT INTO doctor_phone (AMKA, phone_number) VALUES ('1004748289', '26540 93 858');
INSERT INTO doctor_dept (AMKA, dept_name) VALUES ('1004748289', 'Intensive care unit (ICU)');
INSERT INTO doc_spec (AMKA, spec_code) VALUES ('1004748289', 'HEM');
INSERT INTO doc_spec (AMKA, spec_code) VALUES ('1004748289', 'ISOMS');
INSERT INTO doctor (AMKA, first_name, middle_name, last_name, date_of_birth, date_of_employment, license_number, rank) VALUES ('1805820786', 'Μεθόδιος', NULL, 'Παπουδής', '1982-05-18', '2011-03-27', '9158692302', 'Διευθυντής');
INSERT INTO doctor_email (AMKA, phone_number) VALUES ('1805820786', 'fiosifidou@example.net');
INSERT INTO doctor_email (AMKA, phone_number) VALUES ('1805820786', 'rea.avramidis@example.com');
INSERT INTO doctor_phone (AMKA, phone_number) VALUES ('1805820786', '+306951348995');
INSERT INTO doctor_phone (AMKA, phone_number) VALUES ('1805820786', '2105072672');
INSERT INTO doctor_phone (AMKA, phone_number) VALUES ('1805820786', '+302946536637');
INSERT INTO doctor_dept (AMKA, dept_name) VALUES ('1805820786', 'Intensive care unit (ICU)');
INSERT INTO doc_spec (AMKA, spec_code) VALUES ('1805820786', 'ISU');
INSERT INTO doctor (AMKA, first_name, middle_name, last_name, date_of_birth, date_of_employment, license_number, rank) VALUES ('2710712553', 'Αυγή', NULL, 'Γαλανάκη', '1971-10-27', '1997-04-28', '6864379688', 'Ειδικευόμενος');
INSERT INTO doctor_email (AMKA, phone_number) VALUES ('2710712553', 'jtsiantas@example.org');
INSERT INTO doctor_email (AMKA, phone_number) VALUES ('2710712553', 'lemonia.katsigiannis@example.net');
INSERT INTO doctor_phone (AMKA, phone_number) VALUES ('2710712553', '(+30) 2899 045477');
INSERT INTO doctor_phone (AMKA, phone_number) VALUES ('2710712553', '+306903795826');
INSERT INTO doctor_phone (AMKA, phone_number) VALUES ('2710712553', '6958 938 432');
INSERT INTO doctor_dept (AMKA, dept_name) VALUES ('2710712553', 'Anesthesiology');
INSERT INTO doc_spec (AMKA, spec_code) VALUES ('2710712553', 'ISCG');
INSERT INTO doctor (AMKA, first_name, middle_name, last_name, date_of_birth, date_of_employment, license_number, rank) VALUES ('2406973031', 'Γαλάτιος', NULL, 'Παρούσης', '1997-06-24', '2026-04-04', '3780072876', 'Επιμελητής Α');
INSERT INTO doctor_email (AMKA, phone_number) VALUES ('2406973031', 'myrto.makrykostas@example.net');
INSERT INTO doctor_phone (AMKA, phone_number) VALUES ('2406973031', '2101027368');
INSERT INTO doctor_phone (AMKA, phone_number) VALUES ('2406973031', '+302044509988');
INSERT INTO doctor_dept (AMKA, dept_name) VALUES ('2406973031', 'Gynaecology');
INSERT INTO doc_spec (AMKA, spec_code) VALUES ('2406973031', 'GS');
INSERT INTO doc_spec (AMKA, spec_code) VALUES ('2406973031', 'ISTS');
INSERT INTO doctor (AMKA, first_name, middle_name, last_name, date_of_birth, date_of_employment, license_number, rank) VALUES ('0508710262', 'Σαράντης', NULL, 'Πολυζωάκης', '1971-08-05', '2023-02-23', '9328750731', 'Επιμελητής Α');
INSERT INTO doctor_email (AMKA, phone_number) VALUES ('0508710262', 'natalia.lafatzis@example.org');
INSERT INTO doctor_phone (AMKA, phone_number) VALUES ('0508710262', '(+30) 6921 491772');
INSERT INTO doctor_dept (AMKA, dept_name) VALUES ('0508710262', 'Geriatric');
INSERT INTO doc_spec (AMKA, spec_code) VALUES ('0508710262', 'CD');
INSERT INTO doc_spec (AMKA, spec_code) VALUES ('0508710262', 'ISGEN');
INSERT INTO doctor (AMKA, first_name, middle_name, last_name, date_of_birth, date_of_employment, license_number, rank) VALUES ('1912912516', 'Τσαμπίκος', NULL, 'Τσακίρη', '1991-12-19', '2017-12-30', '2708582494', 'Επιμελητής Α');
INSERT INTO doctor_email (AMKA, phone_number) VALUES ('1912912516', 'vlachodimou.savvoula@example.net');
INSERT INTO doctor_phone (AMKA, phone_number) VALUES ('1912912516', '2910 399 191');
INSERT INTO doctor_dept (AMKA, dept_name) VALUES ('1912912516', 'Casualty');
INSERT INTO doc_spec (AMKA, spec_code) VALUES ('1912912516', 'RHU');
INSERT INTO doctor (AMKA, first_name, middle_name, last_name, date_of_birth, date_of_employment, license_number, rank) VALUES ('1604612218', 'Ευσέβιος', NULL, 'Ψυλλάκης', '1961-04-16', '1979-05-28', '4879767342', 'Ειδικευόμενος');
INSERT INTO doctor_email (AMKA, phone_number) VALUES ('1604612218', 'eirini83@example.org');
INSERT INTO doctor_phone (AMKA, phone_number) VALUES ('1604612218', '2102799371');
INSERT INTO doctor_dept (AMKA, dept_name) VALUES ('1604612218', 'Urology');
INSERT INTO doc_spec (AMKA, spec_code) VALUES ('1604612218', 'ID');
INSERT INTO doctor (AMKA, first_name, middle_name, last_name, date_of_birth, date_of_employment, license_number, rank) VALUES ('2203718551', 'Λεονάρδος', 'Αστέριος', 'Παπαευαγγελίου', '1971-03-22', '1992-08-03', '0786412009', 'Επιμελητής Β');
INSERT INTO doctor_email (AMKA, phone_number) VALUES ('2203718551', 'dmargariti@example.net');
INSERT INTO doctor_phone (AMKA, phone_number) VALUES ('2203718551', '2103418022');
INSERT INTO doctor_dept (AMKA, dept_name) VALUES ('2203718551', 'Psychiatry');
INSERT INTO doc_spec (AMKA, spec_code) VALUES ('2203718551', 'ISU');
INSERT INTO doctor (AMKA, first_name, middle_name, last_name, date_of_birth, date_of_employment, license_number, rank) VALUES ('2107936328', 'Φιλοθέη', NULL, 'Βορλόκας', '1993-07-21', '2018-11-28', '8031496270', 'Διευθυντής');
INSERT INTO doctor_email (AMKA, phone_number) VALUES ('2107936328', 'kyritsi.vlasia@example.com');
INSERT INTO doctor_email (AMKA, phone_number) VALUES ('2107936328', 'dialekti.kalampalikis@example.com');
INSERT INTO doctor_phone (AMKA, phone_number) VALUES ('2107936328', '27350 56 003');
INSERT INTO doctor_dept (AMKA, dept_name) VALUES ('2107936328', 'Neurology');
INSERT INTO doc_spec (AMKA, spec_code) VALUES ('2107936328', 'ID');
INSERT INTO doctor (AMKA, first_name, middle_name, last_name, date_of_birth, date_of_employment, license_number, rank) VALUES ('0102891639', 'Ιπποκράτης', NULL, 'Οικονόμου', '1989-02-01', '2018-08-06', '0986445652', 'Επιμελητής Α');
INSERT INTO doctor_email (AMKA, phone_number) VALUES ('0102891639', 'euaggelos62@example.com');
INSERT INTO doctor_email (AMKA, phone_number) VALUES ('0102891639', 'sakellariou.matina@example.net');
INSERT INTO doctor_phone (AMKA, phone_number) VALUES ('0102891639', '+30 2878 591326');
INSERT INTO doctor_phone (AMKA, phone_number) VALUES ('0102891639', '2117050156');
INSERT INTO doctor_dept (AMKA, dept_name) VALUES ('0102891639', 'General surgery');
INSERT INTO doc_spec (AMKA, spec_code) VALUES ('0102891639', 'ISTS');
INSERT INTO doctor (AMKA, first_name, middle_name, last_name, date_of_birth, date_of_employment, license_number, rank) VALUES ('2811728295', 'Παύλος', NULL, 'Βακαλής', '1972-11-28', '2012-10-26', '2072036095', 'Ειδικευόμενος');
INSERT INTO doctor_email (AMKA, phone_number) VALUES ('2811728295', 'konstantopoulos.salomi@example.com');
INSERT INTO doctor_phone (AMKA, phone_number) VALUES ('2811728295', '(+30) 6956 365273');
INSERT INTO doctor_phone (AMKA, phone_number) VALUES ('2811728295', '6959730882');
INSERT INTO doctor_phone (AMKA, phone_number) VALUES ('2811728295', '2107239695');
INSERT INTO doctor_dept (AMKA, dept_name) VALUES ('2811728295', 'Orthopaedic');
INSERT INTO doc_spec (AMKA, spec_code) VALUES ('2811728295', 'ISRHU');
INSERT INTO doc_spec (AMKA, spec_code) VALUES ('2811728295', 'PDPED');
INSERT INTO doctor (AMKA, first_name, middle_name, last_name, date_of_birth, date_of_employment, license_number, rank) VALUES ('1206704867', 'Κλεάνθης', NULL, 'Κυριακοπούλου', '1970-06-12', '2002-07-21', '0224348828', 'Επιμελητής Β');
INSERT INTO doctor_email (AMKA, phone_number) VALUES ('1206704867', 'ivi.tsikrika@example.net');
INSERT INTO doctor_phone (AMKA, phone_number) VALUES ('1206704867', '+30 6911 542631');
INSERT INTO doctor_phone (AMKA, phone_number) VALUES ('1206704867', '2870 220423');
INSERT INTO doctor_dept (AMKA, dept_name) VALUES ('1206704867', 'Orthopaedic');
INSERT INTO doc_spec (AMKA, spec_code) VALUES ('1206704867', 'ISON');
INSERT INTO doc_spec (AMKA, spec_code) VALUES ('1206704867', 'ISPCS');
INSERT INTO doctor (AMKA, first_name, middle_name, last_name, date_of_birth, date_of_employment, license_number, rank) VALUES ('0411980022', 'Εύα', 'Αργυρώ', 'Ντόβα', '1998-11-04', '2021-03-05', '4958541055', 'Διευθυντής');
INSERT INTO doctor_email (AMKA, phone_number) VALUES ('0411980022', 'kzachariou@example.com');
INSERT INTO doctor_phone (AMKA, phone_number) VALUES ('0411980022', '(+30) 2014 170655');
INSERT INTO doctor_dept (AMKA, dept_name) VALUES ('0411980022', 'Casualty');
INSERT INTO doc_spec (AMKA, spec_code) VALUES ('0411980022', 'GER');
INSERT INTO doc_spec (AMKA, spec_code) VALUES ('0411980022', 'PDGER');
INSERT INTO doctor (AMKA, first_name, middle_name, last_name, date_of_birth, date_of_employment, license_number, rank) VALUES ('1806762549', 'Λήδα', NULL, 'Καραΐσκος', '1976-06-18', '1998-12-09', '8127867205', 'Ειδικευόμενος');
INSERT INTO doctor_email (AMKA, phone_number) VALUES ('1806762549', 'rsdoukou@example.com');
INSERT INTO doctor_email (AMKA, phone_number) VALUES ('1806762549', 'katsigiannis.thalassini@example.org');
INSERT INTO doctor_phone (AMKA, phone_number) VALUES ('1806762549', '2530 125810');
INSERT INTO doctor_phone (AMKA, phone_number) VALUES ('1806762549', '6995 419 538');
INSERT INTO doctor_dept (AMKA, dept_name) VALUES ('1806762549', 'Opthalmology');
INSERT INTO doc_spec (AMKA, spec_code) VALUES ('1806762549', 'PDPED');
INSERT INTO doctor (AMKA, first_name, middle_name, last_name, date_of_birth, date_of_employment, license_number, rank) VALUES ('1608881787', 'Μελέτια', NULL, 'Χατζηχαρίστου', '1988-08-16', '2008-11-24', '8079972833', 'Ειδικευόμενος');
INSERT INTO doctor_email (AMKA, phone_number) VALUES ('1608881787', 'nikoleta.daikou@example.org');
INSERT INTO doctor_email (AMKA, phone_number) VALUES ('1608881787', 'uantoniou@example.net');
INSERT INTO doctor_phone (AMKA, phone_number) VALUES ('1608881787', '210 294 5720');
INSERT INTO doctor_dept (AMKA, dept_name) VALUES ('1608881787', 'Psychiatry');
INSERT INTO doc_spec (AMKA, spec_code) VALUES ('1608881787', 'END');
INSERT INTO doctor (AMKA, first_name, middle_name, last_name, date_of_birth, date_of_employment, license_number, rank) VALUES ('3012474240', 'Δημούλα', 'Ποθητή', 'Γρεβενάρης', '1947-12-30', '1998-09-25', '1312296996', 'Ειδικευόμενος');
INSERT INTO doctor_email (AMKA, phone_number) VALUES ('3012474240', 'siranous.kelaidonis@example.net');
INSERT INTO doctor_email (AMKA, phone_number) VALUES ('3012474240', 'epistimi.lalas@example.net');
INSERT INTO doctor_phone (AMKA, phone_number) VALUES ('3012474240', '(+30) 2091 451330');
INSERT INTO doctor_dept (AMKA, dept_name) VALUES ('3012474240', 'Anesthesiology');
INSERT INTO doc_spec (AMKA, spec_code) VALUES ('3012474240', 'ISCD');
INSERT INTO doctor (AMKA, first_name, middle_name, last_name, date_of_birth, date_of_employment, license_number, rank) VALUES ('2304595248', 'Φλοριάντ', NULL, 'Αντωνόπουλος', '1959-04-23', '2010-01-07', '3447302046', 'Επιμελητής Α');
INSERT INTO doctor_email (AMKA, phone_number) VALUES ('2304595248', 'minoas52@example.org');
INSERT INTO doctor_phone (AMKA, phone_number) VALUES ('2304595248', '210 1172032');
INSERT INTO doctor_phone (AMKA, phone_number) VALUES ('2304595248', '2110 528 942');
INSERT INTO doctor_dept (AMKA, dept_name) VALUES ('2304595248', 'Outpatient Department (OPD)');
INSERT INTO doc_spec (AMKA, spec_code) VALUES ('2304595248', 'PDGER');
INSERT INTO doc_spec (AMKA, spec_code) VALUES ('2304595248', 'ISNEP');
INSERT INTO doctor (AMKA, first_name, middle_name, last_name, date_of_birth, date_of_employment, license_number, rank) VALUES ('1007472193', 'Γαρύφαλλος', NULL, 'Κοτσινά', '1947-07-10', '1970-01-24', '8059139322', 'Επιμελητής Α');
INSERT INTO doctor_email (AMKA, phone_number) VALUES ('1007472193', 'persefoni.pouliezos@example.org');
INSERT INTO doctor_email (AMKA, phone_number) VALUES ('1007472193', 'mpaganas.filippa@example.org');
INSERT INTO doctor_phone (AMKA, phone_number) VALUES ('1007472193', '(+30) 2639 516251');
INSERT INTO doctor_phone (AMKA, phone_number) VALUES ('1007472193', '210 4049431');
INSERT INTO doctor_phone (AMKA, phone_number) VALUES ('1007472193', '(+30) 2756 384596');
INSERT INTO doctor_dept (AMKA, dept_name) VALUES ('1007472193', 'Oncology');
INSERT INTO doc_spec (AMKA, spec_code) VALUES ('1007472193', 'U');
INSERT INTO doc_spec (AMKA, spec_code) VALUES ('1007472193', 'PP');
INSERT INTO doctor (AMKA, first_name, middle_name, last_name, date_of_birth, date_of_employment, license_number, rank) VALUES ('0410505068', 'Ηρόδοτος', NULL, 'Κεχαγιάς', '1950-10-04', '1983-03-11', '0125056700', 'Επιμελητής Β');
INSERT INTO doctor_email (AMKA, phone_number) VALUES ('0410505068', 'kimon.koursoumidis@example.net');
INSERT INTO doctor_email (AMKA, phone_number) VALUES ('0410505068', 'jchrysoulis@example.com');
INSERT INTO doctor_phone (AMKA, phone_number) VALUES ('0410505068', '2100241004');
INSERT INTO doctor_phone (AMKA, phone_number) VALUES ('0410505068', '+302053522554');
INSERT INTO doctor_dept (AMKA, dept_name) VALUES ('0410505068', 'Inpatient Department (IPD)');
INSERT INTO doc_spec (AMKA, spec_code) VALUES ('0410505068', 'P');
INSERT INTO doc_spec (AMKA, spec_code) VALUES ('0410505068', 'ISRHU');
INSERT INTO doctor (AMKA, first_name, middle_name, last_name, date_of_birth, date_of_employment, license_number, rank) VALUES ('1101823701', 'Κοσμάς', 'Ανδρομέδα', 'Συλλίγαρδος', '1982-01-11', '2011-06-20', '9970934678', 'Ειδικευόμενος');
INSERT INTO doctor_email (AMKA, phone_number) VALUES ('1101823701', 'koutsoumpi.fokas@example.org');
INSERT INTO doctor_phone (AMKA, phone_number) VALUES ('1101823701', '(+30) 6964 919653');
INSERT INTO doctor_phone (AMKA, phone_number) VALUES ('1101823701', '+30 2267 165079');
INSERT INTO doctor_dept (AMKA, dept_name) VALUES ('1101823701', 'Pediatrics');
INSERT INTO doc_spec (AMKA, spec_code) VALUES ('1101823701', 'END');
INSERT INTO doctor (AMKA, first_name, middle_name, last_name, date_of_birth, date_of_employment, license_number, rank) VALUES ('2707864104', 'Ειρηναίος', NULL, 'Σάτλας', '1986-07-27', '2021-03-27', '4096162836', 'Διευθυντής');
INSERT INTO doctor_email (AMKA, phone_number) VALUES ('2707864104', 'amygdalakis.iraklis@example.org');
INSERT INTO doctor_email (AMKA, phone_number) VALUES ('2707864104', 'kyriakos54@example.net');
INSERT INTO doctor_phone (AMKA, phone_number) VALUES ('2707864104', '6989 357 538');
INSERT INTO doctor_phone (AMKA, phone_number) VALUES ('2707864104', '2160137792');
INSERT INTO doctor_phone (AMKA, phone_number) VALUES ('2707864104', '2100926502');
INSERT INTO doctor_dept (AMKA, dept_name) VALUES ('2707864104', 'General surgery');
INSERT INTO doc_spec (AMKA, spec_code) VALUES ('2707864104', 'OBG');
UPDATE doctor SET supervisor_id = '1708511124' WHERE AMKA = 1306562994;
UPDATE doctor SET supervisor_id = '2107936328' WHERE AMKA = 3012474240;
UPDATE doctor SET supervisor_id = '1701787998' WHERE AMKA = 2203633666;
UPDATE doctor SET supervisor_id = '1104742723' WHERE AMKA = 0611462338;
UPDATE doctor SET supervisor_id = '0308718729' WHERE AMKA = 0811685025;
UPDATE doctor SET supervisor_id = '2203718551' WHERE AMKA = 2108809189;
UPDATE doctor SET supervisor_id = '2803422426' WHERE AMKA = 0303531282;
UPDATE doctor SET supervisor_id = '2203718551' WHERE AMKA = 2406973031;
UPDATE doctor SET supervisor_id = '2204653007' WHERE AMKA = 2004702238;
UPDATE doctor SET supervisor_id = '2003754733' WHERE AMKA = 0308718729;
UPDATE doctor SET supervisor_id = '1708511124' WHERE AMKA = 2301681047;
UPDATE doctor SET supervisor_id = '2406973031' WHERE AMKA = 0909662577;
UPDATE doctor SET supervisor_id = '2003754733' WHERE AMKA = 2806888346;
UPDATE doctor SET supervisor_id = '1104529817' WHERE AMKA = 2811728295;
UPDATE doctor SET supervisor_id = '2803422426' WHERE AMKA = 1806762549;
UPDATE doctor SET supervisor_id = '0903695053' WHERE AMKA = 1107638937;
UPDATE doctor SET supervisor_id = '2502654079' WHERE AMKA = 0102891639;
UPDATE doctor SET supervisor_id = '1210671054' WHERE AMKA = 1007472193;
UPDATE doctor SET supervisor_id = '0109876222' WHERE AMKA = 2001691929;
UPDATE doctor SET supervisor_id = '1307618841' WHERE AMKA = 1604612218;
UPDATE doctor SET supervisor_id = '1305442503' WHERE AMKA = 2203718551;
UPDATE doctor SET supervisor_id = '2203633666' WHERE AMKA = 1206704867;
UPDATE doctor SET supervisor_id = '0303531282' WHERE AMKA = 2206803094;
UPDATE doctor SET supervisor_id = '0903695053' WHERE AMKA = 2012810248;
UPDATE doctor SET supervisor_id = '2203718551' WHERE AMKA = 1403910610;
UPDATE doctor SET supervisor_id = '1101779403' WHERE AMKA = 2304595248;
UPDATE doctor SET supervisor_id = '0410505068' WHERE AMKA = 0602879802;
UPDATE doctor SET supervisor_id = '1107638937' WHERE AMKA = 0610661297;
UPDATE doctor SET supervisor_id = '1007472193' WHERE AMKA = 0111647658;
INSERT INTO department (dept_name, description, number_of_beds, floor, building, director_id) VALUES ('Casualty', 'Σε σαν απαραίτητο δε λίγο εικόνες. Γραμμής μερικούς μιας ότι είχαμε άπειρα.
Βιαστικά φαινόμενο χρησιμοποιούσες άρα. Στέλνοντάς και οι έγραψες προσθέσει. Με υποψήφιο μας.', '112', '5', 'Κτήριο Γαλατούλας', '2707864104');
INSERT INTO doctor_dept (AMKA, dept_name) VALUES ('2707864104', 'Oncology');
INSERT INTO department (dept_name, description, number_of_beds, floor, building, director_id) VALUES ('Operating theatre (OT)', 'Πλέον ανά μα εργαζόμενων χαρτιού. Προσλάμβανες πρώτοι δε διολισθήσεις ζητήσεις.
Χρονοδιαγράμματα αθόρυβες με τα ότι. Τα ίδιο κι νόμιζες τους και του αναφέρονται. Μη άρα ελέγχου.', '188', '-2', 'Κτήριο Γεωργαλής', '0411980022');
INSERT INTO doctor_dept (AMKA, dept_name) VALUES ('0411980022', 'Pediatrics');
INSERT INTO department (dept_name, description, number_of_beds, floor, building, director_id) VALUES ('Intensive care unit (ICU)', 'Μέσης έτσι διακοπή έχω σαν μην κόλπα τη. Τρόπο κύκλο μέρος πετούν σας ύψος. Άρα αν από μέσης δε μέχρι πως που.', '126', '0', 'Κτήριο Σουλιντζής', '2107936328');
INSERT INTO doctor_dept (AMKA, dept_name) VALUES ('2107936328', 'General surgery');
INSERT INTO department (dept_name, description, number_of_beds, floor, building, director_id) VALUES ('Anesthesiology', 'Φαινόμενο εκτός εργοστασίου δε. Άρα αυτός πρώτης κειμένων ναι.
Θέμα δεν περίπου ημέρα ένα εκθέσεις στα.', '95', '7', 'Κτήριο Δαμήλου', '1805820786');
INSERT INTO doctor_dept (AMKA, dept_name) VALUES ('1805820786', 'Operating theatre (OT)');
INSERT INTO department (dept_name, description, number_of_beds, floor, building, director_id) VALUES ('Cardiology', 'Απομόνωση χαρακτηριστικό απομόνωση προσπαθούν συνεχώς έγραψες επεξεργασία. Θέλεις ιδιαίτερα πάντα πρώτο αν μέρος. Άπειρα έχω ως.', '93', '1', 'Κτήριο Φειζατίδου', '1004748289');
INSERT INTO doctor_dept (AMKA, dept_name) VALUES ('1004748289', 'Urology');
INSERT INTO department (dept_name, description, number_of_beds, floor, building, director_id) VALUES ('ENT', 'Εντολές νιρβάνα τρόπο για δύο πάντως μιας αρχεία. Έχω πως εργαζόμενοι σίγουρος ήδη χρησιμοποίησέ γνωστή.', '105', '0', 'Κτήριο Μπαλταγιάννης', '2204653007');
INSERT INTO doctor_dept (AMKA, dept_name) VALUES ('2204653007', 'Outpatient Department (OPD)');
INSERT INTO department (dept_name, description, number_of_beds, floor, building, director_id) VALUES ('Geriatric', 'Ευκολότερο εκτελέσει το κι. Εκθέσεις των διακοπή χρονοδιαγράμματος χαρτιού με μάλλον αθόρυβες. Εργαλείων προγραμματιστής την λοιπόν. Ευκολότερο εργαζόμενων προσλάμβανες κι μέχρι περιμένουν συγχρόνως.', '176', '5', 'Κτήριο Τσέγας', '2407887390');
INSERT INTO doctor_dept (AMKA, dept_name) VALUES ('2407887390', 'Pediatrics');
INSERT INTO department (dept_name, description, number_of_beds, floor, building, director_id) VALUES ('Gastroenterology', 'Δε μετρήσεις γραφικά επί με αφήσεις σπίτι νέου. Κρατήσουν ας του ναι τη ότι.', '175', '5', 'Κτήριο Ντάνου', '0301636140');
INSERT INTO doctor_dept (AMKA, dept_name) VALUES ('0301636140', 'Psychiatry');
INSERT INTO department (dept_name, description, number_of_beds, floor, building, director_id) VALUES ('General surgery', 'Διορθώσει ίδιο σου αρχεία τις υποψήφιο. Έγραψες αναγκάζονται προγραμματιστές μερικούς προσπαθήσεις κάνε γραφικά.
Κειμένων πρώτης διακοπή χρόνου. Μέσης πάντα μη χαρακτηριστικών απαρατήρητο.', '68', '5', 'Κτήριο Δουλγεράκης', '0109876222');
INSERT INTO doctor_dept (AMKA, dept_name) VALUES ('0109876222', 'Casualty');
INSERT INTO department (dept_name, description, number_of_beds, floor, building, director_id) VALUES ('Gynaecology', 'Εταιρείες μας ο κανένας τεκμηριώνει έξι. Περιβάλλοντος συνεντεύξεις άρθρων μα πάντα άρα την οι. Σαν κάνεις φαινόμενο λες ανώδυνη εξακολουθεί αρέσει την.', '161', '7', 'Κτήριο Δραζιώτης', '1305442503');
INSERT INTO doctor_dept (AMKA, dept_name) VALUES ('1305442503', 'Urology');
INSERT INTO department (dept_name, description, number_of_beds, floor, building, director_id) VALUES ('Haematology', 'Άρα τελειώσει πήρε κανείς σκεφτείς λιγότερο. Κοιτάζοντας γεύματος πετάξαμε προβληματική απαραίτητο τη τελειώσει. Όχι ναι τα δεν θέλεις στα εξαρτάται προσλάμβανες.
Χρησιμοποίησέ παίξουν εργαλείων ότι.', '113', '4', 'Κτήριο Παπαευαγγελίου', '1210671054');
INSERT INTO doctor_dept (AMKA, dept_name) VALUES ('1210671054', 'Haematology');
INSERT INTO department (dept_name, description, number_of_beds, floor, building, director_id) VALUES ('Pediatrics', 'Χρησιμοποίησέ σαν για δωροδοκηθούν. Άρα από μεταγλωτίσει άρα χάος.', '51', '2', 'Κτήριο Βουτσελας', '2403567012');
INSERT INTO doctor_dept (AMKA, dept_name) VALUES ('2403567012', 'Gastroenterology');
INSERT INTO department (dept_name, description, number_of_beds, floor, building, director_id) VALUES ('Neurology', 'Ειδικά των ημέρα και κρατήσουν ανακλύψεις. Μιας που κάτι απαραίτητο ήδη.
Μιας μαγικά ερωτήσεις παραπάνω την πολύ. Την τον πες ερώτηση διαδίκτυο της. Χώρου υπηρεσία ανά δυστυχώς.', '50', '7', 'Κτήριο Γεωργούλα', '1904466405');
INSERT INTO doctor_dept (AMKA, dept_name) VALUES ('1904466405', 'Psychiatry');
INSERT INTO department (dept_name, description, number_of_beds, floor, building, director_id) VALUES ('Oncology', 'Κόψεις θέλεις χρησιμοποίησέ χάος μια.
Μεταφραστής εκτελείται αναγκάζονται φακέλους τα περίπου. Πιο όσο σου θα αποφάσισε τέλειοι περισσότερη.
Με μαγικά τον να θέματα. Δεν δυστυχώς εκδόσεις.', '175', '4', 'Κτήριο Σκυλογιάννη', '2312865669');
INSERT INTO doctor_dept (AMKA, dept_name) VALUES ('2312865669', 'Opthalmology');
INSERT INTO department (dept_name, description, number_of_beds, floor, building, director_id) VALUES ('Opthalmology', 'Συνέχεια πολύ διαπιστώνεις παράδειγμα στα έχω θα. Δημιουργείς σε καλύτερο ήδη.
Που φαινόμενο κι επί σου. Επί πρώτο των υποψήφιο συγγραφής επί. Πόρτες ναι θα εντολές κρατάει χρειάζονται ανταγωνιστής.', '158', '-1', 'Κτήριο Καλιάμπος', '0104436410');
INSERT INTO doctor_dept (AMKA, dept_name) VALUES ('0104436410', 'General surgery');
INSERT INTO department (dept_name, description, number_of_beds, floor, building, director_id) VALUES ('Orthopaedic', 'Περισσότερη χάος έχω μάτσο βιβλίο έχω σημαντικό. Μας των σωστά απομόνωση πολύ.
Τους έτοιμος χρησιμοποιούσες πως συνεντεύξεις που μάλλον.', '49', '-2', 'Κτήριο Μαρτιάδου', '1807676900');
INSERT INTO doctor_dept (AMKA, dept_name) VALUES ('1807676900', 'Haematology');
INSERT INTO department (dept_name, description, number_of_beds, floor, building, director_id) VALUES ('Urology', 'Είχαμε δύο εγώ εκτελέσει δημιουργια. Βρίσκονται για πάρεις ποια φράση στη. Απλό της μεταγλωτιστής δεν έλεγχος.', '60', '10', 'Κτήριο Τσάρκος', '1403472446');
INSERT INTO doctor_dept (AMKA, dept_name) VALUES ('1403472446', 'Pediatrics');
INSERT INTO department (dept_name, description, number_of_beds, floor, building, director_id) VALUES ('Psychiatry', 'Στέλνοντάς δύο ερώτηση διακοπής. Πιο είχαμε μας σκεφτείς.', '70', '-2', 'Κτήριο Χαλκίδου', '1210608936');
INSERT INTO doctor_dept (AMKA, dept_name) VALUES ('1210608936', 'Geriatric');
INSERT INTO department (dept_name, description, number_of_beds, floor, building, director_id) VALUES ('Inpatient Department (IPD)', 'Τεκμηριώνει αν συγκεντρωμένοι δε κι παραδώσεις θέλεις. Εσωτερικών πλέον υψηλότερη ευκολότερο χρησιμοποιώντας συνηθίζουν αθόρυβες.', '21', '8', 'Κτήριο Κελλάρης', '0802620737');
INSERT INTO doctor_dept (AMKA, dept_name) VALUES ('0802620737', 'Geriatric');
INSERT INTO department (dept_name, description, number_of_beds, floor, building, director_id) VALUES ('Outpatient Department (OPD)', 'Τον απόλαυσε προκαλείς περισσότερη υψηλότερη. Καταλάθος μαγικά ίδιο κόψεις παράγοντες τη.
Φίλος ατόμου και. Ότι έχω πλέον.', '79', '-2', 'Κτήριο Αλεξανδράκη', '0810802797');
INSERT INTO doctor_dept (AMKA, dept_name) VALUES ('0810802797', 'Neurology');
INSERT INTO nurse_dept (AMKA, dept_name) VALUES ('0302574411', 'Gynaecology');
INSERT INTO nurse_dept (AMKA, dept_name) VALUES ('1809580815', 'Anesthesiology');
INSERT INTO nurse_dept (AMKA, dept_name) VALUES ('1101855051', 'Outpatient Department (OPD)');
INSERT INTO nurse_dept (AMKA, dept_name) VALUES ('1311513072', 'Gynaecology');
INSERT INTO nurse_dept (AMKA, dept_name) VALUES ('1708849364', 'Gynaecology');
INSERT INTO nurse_dept (AMKA, dept_name) VALUES ('2211738105', 'General surgery');
INSERT INTO nurse_dept (AMKA, dept_name) VALUES ('1112517867', 'Urology');
INSERT INTO nurse_dept (AMKA, dept_name) VALUES ('2211920600', 'Neurology');
INSERT INTO nurse_dept (AMKA, dept_name) VALUES ('1607801274', 'General surgery');
INSERT INTO nurse_dept (AMKA, dept_name) VALUES ('2105987694', 'General surgery');
INSERT INTO nurse_dept (AMKA, dept_name) VALUES ('3101743228', 'Opthalmology');
INSERT INTO nurse_dept (AMKA, dept_name) VALUES ('0205417367', 'Gynaecology');
INSERT INTO nurse_dept (AMKA, dept_name) VALUES ('1302876707', 'Intensive care unit (ICU)');
INSERT INTO nurse_dept (AMKA, dept_name) VALUES ('1109842569', 'Gynaecology');
INSERT INTO nurse_dept (AMKA, dept_name) VALUES ('1203883023', 'Oncology');
INSERT INTO nurse_dept (AMKA, dept_name) VALUES ('1304544511', 'Psychiatry');
INSERT INTO nurse_dept (AMKA, dept_name) VALUES ('0311534815', 'ENT');
INSERT INTO nurse_dept (AMKA, dept_name) VALUES ('1807594302', 'Pediatrics');
INSERT INTO nurse_dept (AMKA, dept_name) VALUES ('1712731602', 'Intensive care unit (ICU)');
INSERT INTO nurse_dept (AMKA, dept_name) VALUES ('0702609163', 'Opthalmology');
INSERT INTO nurse_dept (AMKA, dept_name) VALUES ('0310576949', 'Gastroenterology');
INSERT INTO nurse_dept (AMKA, dept_name) VALUES ('2202745833', 'Gynaecology');
INSERT INTO nurse_dept (AMKA, dept_name) VALUES ('2706529149', 'Geriatric');
INSERT INTO nurse_dept (AMKA, dept_name) VALUES ('1501974417', 'Opthalmology');
INSERT INTO nurse_dept (AMKA, dept_name) VALUES ('2005873415', 'Anesthesiology');
INSERT INTO nurse_dept (AMKA, dept_name) VALUES ('2110624175', 'Inpatient Department (IPD)');
INSERT INTO nurse_dept (AMKA, dept_name) VALUES ('1602668533', 'Psychiatry');
INSERT INTO nurse_dept (AMKA, dept_name) VALUES ('3003718056', 'Casualty');
INSERT INTO nurse_dept (AMKA, dept_name) VALUES ('1907956316', 'Outpatient Department (OPD)');
INSERT INTO nurse_dept (AMKA, dept_name) VALUES ('2511766415', 'Outpatient Department (OPD)');
INSERT INTO nurse_dept (AMKA, dept_name) VALUES ('1703812899', 'Opthalmology');
INSERT INTO nurse_dept (AMKA, dept_name) VALUES ('0307004452', 'Gynaecology');
INSERT INTO nurse_dept (AMKA, dept_name) VALUES ('2904573556', 'Casualty');
INSERT INTO nurse_dept (AMKA, dept_name) VALUES ('0509864586', 'ENT');
INSERT INTO nurse_dept (AMKA, dept_name) VALUES ('2612984884', 'Neurology');
INSERT INTO nurse_dept (AMKA, dept_name) VALUES ('3107984441', 'Gastroenterology');
INSERT INTO nurse_dept (AMKA, dept_name) VALUES ('2905001644', 'Psychiatry');
INSERT INTO nurse_dept (AMKA, dept_name) VALUES ('3011568029', 'Oncology');
INSERT INTO nurse_dept (AMKA, dept_name) VALUES ('3003940529', 'Intensive care unit (ICU)');
INSERT INTO nurse_dept (AMKA, dept_name) VALUES ('0501507716', 'Oncology');
INSERT INTO nurse_dept (AMKA, dept_name) VALUES ('1408697203', 'ENT');
INSERT INTO nurse_dept (AMKA, dept_name) VALUES ('2209772976', 'Geriatric');
INSERT INTO nurse_dept (AMKA, dept_name) VALUES ('2012883023', 'Opthalmology');
INSERT INTO nurse_dept (AMKA, dept_name) VALUES ('1302478288', 'Anesthesiology');
INSERT INTO nurse_dept (AMKA, dept_name) VALUES ('1207679089', 'Haematology');
INSERT INTO nurse_dept (AMKA, dept_name) VALUES ('1908934284', 'ENT');
INSERT INTO nurse_dept (AMKA, dept_name) VALUES ('2407971013', 'Opthalmology');
INSERT INTO nurse_dept (AMKA, dept_name) VALUES ('2812529967', 'Inpatient Department (IPD)');
INSERT INTO nurse_dept (AMKA, dept_name) VALUES ('0405455659', 'Geriatric');
INSERT INTO nurse_dept (AMKA, dept_name) VALUES ('0303995114', 'Pediatrics');
INSERT INTO nurse_dept (AMKA, dept_name) VALUES ('1111688464', 'Inpatient Department (IPD)');
INSERT INTO nurse_dept (AMKA, dept_name) VALUES ('0501488320', 'Opthalmology');
INSERT INTO nurse_dept (AMKA, dept_name) VALUES ('0403530470', 'Opthalmology');
INSERT INTO nurse_dept (AMKA, dept_name) VALUES ('0212459106', 'Gynaecology');
INSERT INTO nurse_dept (AMKA, dept_name) VALUES ('0601427360', 'Neurology');
INSERT INTO nurse_dept (AMKA, dept_name) VALUES ('2903754769', 'Urology');
INSERT INTO nurse_dept (AMKA, dept_name) VALUES ('2407818176', 'Psychiatry');
INSERT INTO nurse_dept (AMKA, dept_name) VALUES ('2210732993', 'ENT');
INSERT INTO nurse_dept (AMKA, dept_name) VALUES ('0909660903', 'Inpatient Department (IPD)');
INSERT INTO nurse_dept (AMKA, dept_name) VALUES ('2810445963', 'Pediatrics');
INSERT INTO nurse_dept (AMKA, dept_name) VALUES ('2202788231', 'General surgery');
INSERT INTO nurse_dept (AMKA, dept_name) VALUES ('2704562592', 'Gynaecology');
INSERT INTO nurse_dept (AMKA, dept_name) VALUES ('2411715378', 'Pediatrics');
INSERT INTO nurse_dept (AMKA, dept_name) VALUES ('2009974419', 'Urology');
INSERT INTO nurse_dept (AMKA, dept_name) VALUES ('1410576808', 'Casualty');
INSERT INTO nurse_dept (AMKA, dept_name) VALUES ('0707486851', 'Psychiatry');
INSERT INTO nurse_dept (AMKA, dept_name) VALUES ('0607738540', 'ENT');
INSERT INTO nurse_dept (AMKA, dept_name) VALUES ('2409746735', 'Intensive care unit (ICU)');
INSERT INTO nurse_dept (AMKA, dept_name) VALUES ('2509796665', 'Oncology');
INSERT INTO nurse_dept (AMKA, dept_name) VALUES ('1603685746', 'Urology');
INSERT INTO nurse_dept (AMKA, dept_name) VALUES ('1810684760', 'Haematology');
INSERT INTO nurse_dept (AMKA, dept_name) VALUES ('0208490904', 'Geriatric');
INSERT INTO nurse_dept (AMKA, dept_name) VALUES ('2408602494', 'Outpatient Department (OPD)');
INSERT INTO nurse_dept (AMKA, dept_name) VALUES ('1512807285', 'Geriatric');
INSERT INTO nurse_dept (AMKA, dept_name) VALUES ('0805529909', 'Oncology');
INSERT INTO nurse_dept (AMKA, dept_name) VALUES ('2906619041', 'Operating theatre (OT)');
INSERT INTO nurse_dept (AMKA, dept_name) VALUES ('2104682202', 'Haematology');
INSERT INTO nurse_dept (AMKA, dept_name) VALUES ('0509934508', 'Orthopaedic');
INSERT INTO nurse_dept (AMKA, dept_name) VALUES ('2804482376', 'Anesthesiology');
INSERT INTO nurse_dept (AMKA, dept_name) VALUES ('1410472859', 'Haematology');
INSERT INTO nurse_dept (AMKA, dept_name) VALUES ('1107666248', 'Geriatric');
INSERT INTO nurse_dept (AMKA, dept_name) VALUES ('1601483351', 'Haematology');
INSERT INTO nurse_dept (AMKA, dept_name) VALUES ('0905711630', 'Haematology');
INSERT INTO nurse_dept (AMKA, dept_name) VALUES ('0412861461', 'Casualty');
INSERT INTO nurse_dept (AMKA, dept_name) VALUES ('2705913673', 'Gynaecology');
INSERT INTO nurse_dept (AMKA, dept_name) VALUES ('2404736776', 'Neurology');
INSERT INTO nurse_dept (AMKA, dept_name) VALUES ('0201469512', 'Psychiatry');
INSERT INTO nurse_dept (AMKA, dept_name) VALUES ('2205716047', 'Opthalmology');
INSERT INTO nurse_dept (AMKA, dept_name) VALUES ('1707693139', 'Oncology');
INSERT INTO nurse_dept (AMKA, dept_name) VALUES ('1210633994', 'Oncology');
INSERT INTO nurse_dept (AMKA, dept_name) VALUES ('1006891535', 'Operating theatre (OT)');
INSERT INTO nurse_dept (AMKA, dept_name) VALUES ('1709556112', 'Operating theatre (OT)');
INSERT INTO nurse_dept (AMKA, dept_name) VALUES ('2308761066', 'ENT');
INSERT INTO nurse_dept (AMKA, dept_name) VALUES ('2602489567', 'Orthopaedic');
INSERT INTO nurse_dept (AMKA, dept_name) VALUES ('1309466103', 'Orthopaedic');
INSERT INTO nurse_dept (AMKA, dept_name) VALUES ('0211835314', 'Cardiology');
INSERT INTO nurse_dept (AMKA, dept_name) VALUES ('2008408711', 'Gastroenterology');
INSERT INTO nurse_dept (AMKA, dept_name) VALUES ('2301986927', 'Gynaecology');
INSERT INTO nurse_dept (AMKA, dept_name) VALUES ('1103802636', 'Outpatient Department (OPD)');
INSERT INTO nurse_dept (AMKA, dept_name) VALUES ('1503405303', 'Orthopaedic');
INSERT INTO admin_dept (AMKA, dept_name) VALUES ('2412702821', 'Psychiatry');
INSERT INTO admin_dept (AMKA, dept_name) VALUES ('1401438948', 'ENT');
INSERT INTO admin_dept (AMKA, dept_name) VALUES ('0903487819', 'ENT');
INSERT INTO admin_dept (AMKA, dept_name) VALUES ('1001660800', 'Oncology');
INSERT INTO admin_dept (AMKA, dept_name) VALUES ('3006533908', 'Opthalmology');
INSERT INTO admin_dept (AMKA, dept_name) VALUES ('2210867288', 'Geriatric');
INSERT INTO admin_dept (AMKA, dept_name) VALUES ('2610796674', 'Oncology');
INSERT INTO admin_dept (AMKA, dept_name) VALUES ('1003595467', 'Geriatric');
INSERT INTO admin_dept (AMKA, dept_name) VALUES ('2009517049', 'Cardiology');
INSERT INTO admin_dept (AMKA, dept_name) VALUES ('2311845679', 'Haematology');
INSERT INTO admin_dept (AMKA, dept_name) VALUES ('1703437989', 'General surgery');
INSERT INTO admin_dept (AMKA, dept_name) VALUES ('3108668309', 'Oncology');
INSERT INTO admin_dept (AMKA, dept_name) VALUES ('1108942647', 'Cardiology');
INSERT INTO admin_dept (AMKA, dept_name) VALUES ('1909728641', 'Gastroenterology');
INSERT INTO admin_dept (AMKA, dept_name) VALUES ('2010921252', 'Operating theatre (OT)');
INSERT INTO admin_dept (AMKA, dept_name) VALUES ('1011747457', 'Inpatient Department (IPD)');
INSERT INTO admin_dept (AMKA, dept_name) VALUES ('0903914750', 'Neurology');
INSERT INTO admin_dept (AMKA, dept_name) VALUES ('2104509361', 'Operating theatre (OT)');
INSERT INTO admin_dept (AMKA, dept_name) VALUES ('2912624436', 'Inpatient Department (IPD)');
INSERT INTO admin_dept (AMKA, dept_name) VALUES ('2307565593', 'General surgery');
INSERT INTO admin_dept (AMKA, dept_name) VALUES ('3107841971', 'Neurology');
INSERT INTO admin_dept (AMKA, dept_name) VALUES ('2803665107', 'Operating theatre (OT)');
INSERT INTO admin_dept (AMKA, dept_name) VALUES ('1610915018', 'Cardiology');
INSERT INTO admin_dept (AMKA, dept_name) VALUES ('0804527361', 'Intensive care unit (ICU)');
INSERT INTO admin_dept (AMKA, dept_name) VALUES ('0601877562', 'Oncology');
INSERT INTO admin_dept (AMKA, dept_name) VALUES ('0606545053', 'Pediatrics');
INSERT INTO admin_dept (AMKA, dept_name) VALUES ('2403663964', 'ENT');
INSERT INTO admin_dept (AMKA, dept_name) VALUES ('1412919767', 'Cardiology');
INSERT INTO admin_dept (AMKA, dept_name) VALUES ('1101978318', 'Operating theatre (OT)');
INSERT INTO admin_dept (AMKA, dept_name) VALUES ('1401529676', 'General surgery');
INSERT INTO admin_dept (AMKA, dept_name) VALUES ('1203690867', 'Outpatient Department (OPD)');
INSERT INTO admin_dept (AMKA, dept_name) VALUES ('1707612309', 'Geriatric');
INSERT INTO admin_dept (AMKA, dept_name) VALUES ('1807947524', 'Casualty');
INSERT INTO admin_dept (AMKA, dept_name) VALUES ('0807583265', 'Inpatient Department (IPD)');
INSERT INTO admin_dept (AMKA, dept_name) VALUES ('0212875455', 'Pediatrics');
INSERT INTO admin_dept (AMKA, dept_name) VALUES ('0108846908', 'Operating theatre (OT)');
INSERT INTO admin_dept (AMKA, dept_name) VALUES ('2204425556', 'Gastroenterology');
INSERT INTO admin_dept (AMKA, dept_name) VALUES ('0409007927', 'General surgery');
INSERT INTO admin_dept (AMKA, dept_name) VALUES ('1505621109', 'ENT');
INSERT INTO admin_dept (AMKA, dept_name) VALUES ('1711829846', 'Neurology');
INSERT INTO admin_dept (AMKA, dept_name) VALUES ('1810691695', 'Outpatient Department (OPD)');
INSERT INTO admin_dept (AMKA, dept_name) VALUES ('1407956296', 'ENT');
INSERT INTO admin_dept (AMKA, dept_name) VALUES ('0310498160', 'Orthopaedic');
INSERT INTO admin_dept (AMKA, dept_name) VALUES ('2311563644', 'Gynaecology');
INSERT INTO admin_dept (AMKA, dept_name) VALUES ('3103504955', 'Psychiatry');
INSERT INTO admin_dept (AMKA, dept_name) VALUES ('2104667937', 'ENT');
INSERT INTO admin_dept (AMKA, dept_name) VALUES ('0806415082', 'Gastroenterology');
INSERT INTO admin_dept (AMKA, dept_name) VALUES ('1909762384', 'Pediatrics');
INSERT INTO admin_dept (AMKA, dept_name) VALUES ('1004500988', 'ENT');
INSERT INTO admin_dept (AMKA, dept_name) VALUES ('3108420255', 'General surgery');
INSERT INTO doctor_dept (AMKA, dept_name) VALUES ('1306562994', 'Pediatrics');
INSERT INTO doctor_dept (AMKA, dept_name) VALUES ('2203633666', 'Geriatric');
INSERT INTO doctor_dept (AMKA, dept_name) VALUES ('0611462338', 'Urology');
INSERT INTO doctor_dept (AMKA, dept_name) VALUES ('0811685025', 'General surgery');
INSERT INTO doctor_dept (AMKA, dept_name) VALUES ('2108809189', 'Cardiology');
INSERT INTO doctor_dept (AMKA, dept_name) VALUES ('2708408067', 'Oncology');
INSERT INTO doctor_dept (AMKA, dept_name) VALUES ('2004702238', 'Gastroenterology');
INSERT INTO doctor_dept (AMKA, dept_name) VALUES ('0308718729', 'Orthopaedic');
INSERT INTO doctor_dept (AMKA, dept_name) VALUES ('2806888346', 'Pediatrics');
INSERT INTO doctor_dept (AMKA, dept_name) VALUES ('2710712553', 'Geriatric');
INSERT INTO doctor_dept (AMKA, dept_name) VALUES ('2811728295', 'ENT');
INSERT INTO doctor_dept (AMKA, dept_name) VALUES ('0410505068', 'Urology');
INSERT INTO doctor_dept (AMKA, dept_name) VALUES ('1107638937', 'Casualty');
INSERT INTO doctor_dept (AMKA, dept_name) VALUES ('1701787998', 'Geriatric');
INSERT INTO doctor_dept (AMKA, dept_name) VALUES ('2001691929', 'ENT');
INSERT INTO doctor_dept (AMKA, dept_name) VALUES ('1604612218', 'Casualty');
INSERT INTO doctor_dept (AMKA, dept_name) VALUES ('2203718551', 'Intensive care unit (ICU)');
INSERT INTO doctor_dept (AMKA, dept_name) VALUES ('0710954761', 'Psychiatry');
INSERT INTO doctor_dept (AMKA, dept_name) VALUES ('1305442503', 'Pediatrics');
INSERT INTO doctor_dept (AMKA, dept_name) VALUES ('2107936328', 'ENT');
INSERT INTO doctor_dept (AMKA, dept_name) VALUES ('1912912516', 'Psychiatry');
INSERT INTO doctor_dept (AMKA, dept_name) VALUES ('1807676900', 'Gynaecology');
INSERT INTO doctor_dept (AMKA, dept_name) VALUES ('2204653007', 'Neurology');
INSERT INTO doctor_dept (AMKA, dept_name) VALUES ('0104436410', 'Gynaecology');
INSERT INTO doctor_dept (AMKA, dept_name) VALUES ('2412989437', 'Pediatrics');
INSERT INTO doctor_dept (AMKA, dept_name) VALUES ('0301636140', 'Urology');
INSERT INTO doctor_dept (AMKA, dept_name) VALUES ('1612748648', 'Inpatient Department (IPD)');
INSERT INTO doctor_dept (AMKA, dept_name) VALUES ('2012810248', 'Psychiatry');
INSERT INTO doctor_dept (AMKA, dept_name) VALUES ('1101823701', 'Geriatric');
INSERT INTO doctor_dept (AMKA, dept_name) VALUES ('1403472446', 'Geriatric');
INSERT INTO doctor_dept (AMKA, dept_name) VALUES ('0903695053', 'Neurology');
INSERT INTO doctor_dept (AMKA, dept_name) VALUES ('2304595248', 'Opthalmology');
INSERT INTO doctor_dept (AMKA, dept_name) VALUES ('0803576389', 'Intensive care unit (ICU)');
INSERT INTO doctor_dept (AMKA, dept_name) VALUES ('0111647658', 'Gastroenterology');
INSERT INTO doctor_dept (AMKA, dept_name) VALUES ('3012474240', 'General surgery');
INSERT INTO doctor_dept (AMKA, dept_name) VALUES ('0109876222', 'Psychiatry');
INSERT INTO doctor_dept (AMKA, dept_name) VALUES ('0303531282', 'Orthopaedic');
INSERT INTO doctor_dept (AMKA, dept_name) VALUES ('1608881787', 'Gastroenterology');
INSERT INTO doctor_dept (AMKA, dept_name) VALUES ('2406973031', 'Intensive care unit (ICU)');
INSERT INTO doctor_dept (AMKA, dept_name) VALUES ('0810802797', 'Psychiatry');
INSERT INTO doctor_dept (AMKA, dept_name) VALUES ('2301681047', 'Haematology');
INSERT INTO doctor_dept (AMKA, dept_name) VALUES ('2407887390', 'Cardiology');
INSERT INTO doctor_dept (AMKA, dept_name) VALUES ('0909662577', 'ENT');
INSERT INTO doctor_dept (AMKA, dept_name) VALUES ('1210608936', 'Opthalmology');
INSERT INTO doctor_dept (AMKA, dept_name) VALUES ('1805820786', 'Cardiology');
INSERT INTO doctor_dept (AMKA, dept_name) VALUES ('0411980022', 'Intensive care unit (ICU)');
INSERT INTO doctor_dept (AMKA, dept_name) VALUES ('0406974498', 'Outpatient Department (OPD)');
INSERT INTO doctor_dept (AMKA, dept_name) VALUES ('2312865669', 'Neurology');
INSERT INTO doctor_dept (AMKA, dept_name) VALUES ('0508710262', 'Intensive care unit (ICU)');
INSERT INTO doctor_dept (AMKA, dept_name) VALUES ('1806762549', 'Intensive care unit (ICU)');
INSERT INTO doctor_dept (AMKA, dept_name) VALUES ('1004748289', 'General surgery');
INSERT INTO doctor_dept (AMKA, dept_name) VALUES ('0102891639', 'Outpatient Department (OPD)');
INSERT INTO doctor_dept (AMKA, dept_name) VALUES ('1007472193', 'ENT');
INSERT INTO doctor_dept (AMKA, dept_name) VALUES ('1206704867', 'ENT');
INSERT INTO doctor_dept (AMKA, dept_name) VALUES ('1904466405', 'Outpatient Department (OPD)');
INSERT INTO doctor_dept (AMKA, dept_name) VALUES ('0802620737', 'Opthalmology');
INSERT INTO doctor_dept (AMKA, dept_name) VALUES ('2707864104', 'Psychiatry');
INSERT INTO doctor_dept (AMKA, dept_name) VALUES ('2206803094', 'Neurology');
INSERT INTO doctor_dept (AMKA, dept_name) VALUES ('1403910610', 'Geriatric');
INSERT INTO doctor_dept (AMKA, dept_name) VALUES ('2403567012', 'Neurology');
INSERT INTO doctor_dept (AMKA, dept_name) VALUES ('2003754733', 'Oncology');
INSERT INTO doctor_dept (AMKA, dept_name) VALUES ('0602879802', 'Anesthesiology');
INSERT INTO doctor_dept (AMKA, dept_name) VALUES ('1708511124', 'Opthalmology');
INSERT INTO doctor_dept (AMKA, dept_name) VALUES ('1210671054', 'Anesthesiology');
INSERT INTO doctor_dept (AMKA, dept_name) VALUES ('0610661297', 'Operating theatre (OT)');
INSERT INTO doctor_dept (AMKA, dept_name) VALUES ('2510927096', 'Neurology');
INSERT INTO doctor_dept (AMKA, dept_name) VALUES ('1905740744', 'Anesthesiology');
INSERT INTO room (type, status, dept_name) VALUES ('Χειρουργική Αίθουσα', 'Διαθέσιμο', 'Cardiology');
INSERT INTO room (type, status, dept_name) VALUES ('Χειρουργική Αίθουσα', 'Διαθέσιμο', 'Casualty');
INSERT INTO room (type, status, dept_name) VALUES ('Διαγνωστική Αίθουσα', 'Κατειλημμένο', 'Orthopaedic');
INSERT INTO room (type, status, dept_name) VALUES ('Κλίνες', 'Κατειλημμένο', 'Outpatient Department (OPD)');
INSERT INTO room (type, status, dept_name) VALUES ('Διαγνωστική Αίθουσα', 'Διαθέσιμο', 'Pediatrics');
INSERT INTO room (type, status, dept_name) VALUES ('Κλίνες', 'Διαθέσιμο', 'Psychiatry');
INSERT INTO room (type, status, dept_name) VALUES ('Χειρουργική Αίθουσα', 'Υπό Συντήρηση', 'Geriatric');
INSERT INTO room (type, status, dept_name) VALUES ('Αίθουσα Αναμονής', 'Διαθέσιμο', 'Cardiology');
INSERT INTO room (type, status, dept_name) VALUES ('Χειρουργική Αίθουσα', 'Διαθέσιμο', 'Urology');
INSERT INTO room (type, status, dept_name) VALUES ('Αποθήκη', 'Κατειλημμένο', 'Pediatrics');
INSERT INTO room (type, status, dept_name) VALUES ('Κλίνες', 'Διαθέσιμο', 'Inpatient Department (IPD)');
INSERT INTO room (type, status, dept_name) VALUES ('Γραφείο', 'Κατειλημμένο', 'Gastroenterology');
INSERT INTO room (type, status, dept_name) VALUES ('Αίθουσα Αναμονής', 'Κατειλημμένο', 'Pediatrics');
INSERT INTO room (type, status, dept_name) VALUES ('Διαγνωστική Αίθουσα', 'Κατειλημμένο', 'Opthalmology');
INSERT INTO room (type, status, dept_name) VALUES ('ΤΕΠ', 'Κατειλημμένο', 'Oncology');
INSERT INTO room (type, status, dept_name) VALUES ('Γραφείο', 'Κατειλημμένο', 'Geriatric');
INSERT INTO room (type, status, dept_name) VALUES ('Αποθήκη', 'Υπό Συντήρηση', 'Orthopaedic');
INSERT INTO room (type, status, dept_name) VALUES ('ΤΕΠ', 'Διαθέσιμο', 'Oncology');
INSERT INTO room (type, status, dept_name) VALUES ('Κλίνες', 'Κατειλημμένο', 'Haematology');
INSERT INTO room (type, status, dept_name) VALUES ('ΤΕΠ', 'Κατειλημμένο', 'Outpatient Department (OPD)');
INSERT INTO room (type, status, dept_name) VALUES ('Διαγνωστική Αίθουσα', 'Κατειλημμένο', 'Neurology');
INSERT INTO room (type, status, dept_name) VALUES ('Γραφείο', 'Υπό Συντήρηση', 'Oncology');
INSERT INTO room (type, status, dept_name) VALUES ('Κλίνες', 'Υπό Συντήρηση', 'Anesthesiology');
INSERT INTO room (type, status, dept_name) VALUES ('ΤΕΠ', 'Διαθέσιμο', 'Intensive care unit (ICU)');
INSERT INTO room (type, status, dept_name) VALUES ('Κλίνες', 'Κατειλημμένο', 'Gynaecology');
INSERT INTO room (type, status, dept_name) VALUES ('Κλίνες', 'Υπό Συντήρηση', 'Cardiology');
INSERT INTO room (type, status, dept_name) VALUES ('Διαγνωστική Αίθουσα', 'Υπό Συντήρηση', 'Operating theatre (OT)');
INSERT INTO room (type, status, dept_name) VALUES ('Διαγνωστική Αίθουσα', 'Κατειλημμένο', 'Geriatric');
INSERT INTO room (type, status, dept_name) VALUES ('ΤΕΠ', 'Κατειλημμένο', 'Cardiology');
INSERT INTO room (type, status, dept_name) VALUES ('Αίθουσα Αναμονής', 'Διαθέσιμο', 'Casualty');
INSERT INTO room (type, status, dept_name) VALUES ('Αίθουσα Αναμονής', 'Διαθέσιμο', 'Operating theatre (OT)');
INSERT INTO room (type, status, dept_name) VALUES ('ΤΕΠ', 'Υπό Συντήρηση', 'Gastroenterology');
INSERT INTO room (type, status, dept_name) VALUES ('Αίθουσα Αναμονής', 'Διαθέσιμο', 'Intensive care unit (ICU)');
INSERT INTO room (type, status, dept_name) VALUES ('Γραφείο', 'Υπό Συντήρηση', 'Operating theatre (OT)');
INSERT INTO room (type, status, dept_name) VALUES ('Κλίνες', 'Υπό Συντήρηση', 'Orthopaedic');
INSERT INTO room (type, status, dept_name) VALUES ('Αποθήκη', 'Υπό Συντήρηση', 'Cardiology');
INSERT INTO room (type, status, dept_name) VALUES ('Χειρουργική Αίθουσα', 'Διαθέσιμο', 'Inpatient Department (IPD)');
INSERT INTO room (type, status, dept_name) VALUES ('Γραφείο', 'Διαθέσιμο', 'Urology');
INSERT INTO room (type, status, dept_name) VALUES ('Κλίνες', 'Διαθέσιμο', 'Neurology');
INSERT INTO room (type, status, dept_name) VALUES ('Διαγνωστική Αίθουσα', 'Κατειλημμένο', 'ENT');
INSERT INTO room (type, status, dept_name) VALUES ('Χειρουργική Αίθουσα', 'Υπό Συντήρηση', 'Cardiology');
INSERT INTO room (type, status, dept_name) VALUES ('Χειρουργική Αίθουσα', 'Υπό Συντήρηση', 'Urology');
INSERT INTO room (type, status, dept_name) VALUES ('Γραφείο', 'Διαθέσιμο', 'Opthalmology');
INSERT INTO room (type, status, dept_name) VALUES ('Κλίνες', 'Διαθέσιμο', 'Operating theatre (OT)');
INSERT INTO room (type, status, dept_name) VALUES ('ΤΕΠ', 'Υπό Συντήρηση', 'Inpatient Department (IPD)');
INSERT INTO room (type, status, dept_name) VALUES ('Κλίνες', 'Υπό Συντήρηση', 'Intensive care unit (ICU)');
INSERT INTO room (type, status, dept_name) VALUES ('Κλίνες', 'Υπό Συντήρηση', 'Oncology');
INSERT INTO room (type, status, dept_name) VALUES ('Κλίνες', 'Διαθέσιμο', 'General surgery');
INSERT INTO room (type, status, dept_name) VALUES ('Αποθήκη', 'Διαθέσιμο', 'Oncology');
INSERT INTO room (type, status, dept_name) VALUES ('Χειρουργική Αίθουσα', 'Υπό Συντήρηση', 'Urology');
INSERT INTO room (type, status, dept_name) VALUES ('Κλίνες', 'Κατειλημμένο', 'Urology');
INSERT INTO room (type, status, dept_name) VALUES ('Γραφείο', 'Διαθέσιμο', 'Cardiology');
INSERT INTO room (type, status, dept_name) VALUES ('Γραφείο', 'Υπό Συντήρηση', 'Gynaecology');
INSERT INTO room (type, status, dept_name) VALUES ('Χειρουργική Αίθουσα', 'Διαθέσιμο', 'Inpatient Department (IPD)');
INSERT INTO room (type, status, dept_name) VALUES ('Αίθουσα Αναμονής', 'Υπό Συντήρηση', 'Urology');
INSERT INTO room (type, status, dept_name) VALUES ('ΤΕΠ', 'Διαθέσιμο', 'Neurology');
INSERT INTO room (type, status, dept_name) VALUES ('Διαγνωστική Αίθουσα', 'Κατειλημμένο', 'Orthopaedic');
INSERT INTO room (type, status, dept_name) VALUES ('Αίθουσα Αναμονής', 'Διαθέσιμο', 'Oncology');
INSERT INTO room (type, status, dept_name) VALUES ('Αποθήκη', 'Κατειλημμένο', 'Psychiatry');
INSERT INTO room (type, status, dept_name) VALUES ('Διαγνωστική Αίθουσα', 'Υπό Συντήρηση', 'Anesthesiology');
INSERT INTO room (type, status, dept_name) VALUES ('Χειρουργική Αίθουσα', 'Υπό Συντήρηση', 'Pediatrics');
INSERT INTO room (type, status, dept_name) VALUES ('Γραφείο', 'Διαθέσιμο', 'Opthalmology');
INSERT INTO room (type, status, dept_name) VALUES ('Αποθήκη', 'Υπό Συντήρηση', 'Intensive care unit (ICU)');
INSERT INTO room (type, status, dept_name) VALUES ('Χειρουργική Αίθουσα', 'Διαθέσιμο', 'Haematology');
INSERT INTO room (type, status, dept_name) VALUES ('ΤΕΠ', 'Κατειλημμένο', 'Gynaecology');
INSERT INTO room (type, status, dept_name) VALUES ('Χειρουργική Αίθουσα', 'Κατειλημμένο', 'Outpatient Department (OPD)');
INSERT INTO room (type, status, dept_name) VALUES ('Αποθήκη', 'Κατειλημμένο', 'Cardiology');
INSERT INTO room (type, status, dept_name) VALUES ('Αποθήκη', 'Κατειλημμένο', 'Orthopaedic');
INSERT INTO room (type, status, dept_name) VALUES ('Αίθουσα Αναμονής', 'Υπό Συντήρηση', 'Urology');
INSERT INTO room (type, status, dept_name) VALUES ('Διαγνωστική Αίθουσα', 'Υπό Συντήρηση', 'Anesthesiology');
INSERT INTO room (type, status, dept_name) VALUES ('Διαγνωστική Αίθουσα', 'Υπό Συντήρηση', 'Operating theatre (OT)');
INSERT INTO room (type, status, dept_name) VALUES ('Χειρουργική Αίθουσα', 'Υπό Συντήρηση', 'Outpatient Department (OPD)');
INSERT INTO room (type, status, dept_name) VALUES ('Διαγνωστική Αίθουσα', 'Κατειλημμένο', 'Neurology');
INSERT INTO room (type, status, dept_name) VALUES ('Διαγνωστική Αίθουσα', 'Κατειλημμένο', 'Outpatient Department (OPD)');
INSERT INTO room (type, status, dept_name) VALUES ('Αίθουσα Αναμονής', 'Κατειλημμένο', 'Pediatrics');
INSERT INTO room (type, status, dept_name) VALUES ('Διαγνωστική Αίθουσα', 'Κατειλημμένο', 'Haematology');
INSERT INTO room (type, status, dept_name) VALUES ('Αίθουσα Αναμονής', 'Υπό Συντήρηση', 'Psychiatry');
INSERT INTO room (type, status, dept_name) VALUES ('Αποθήκη', 'Κατειλημμένο', 'Gynaecology');
INSERT INTO room (type, status, dept_name) VALUES ('Αποθήκη', 'Διαθέσιμο', 'Haematology');
INSERT INTO room (type, status, dept_name) VALUES ('Γραφείο', 'Υπό Συντήρηση', 'Geriatric');
INSERT INTO room (type, status, dept_name) VALUES ('Αίθουσα Αναμονής', 'Διαθέσιμο', 'Intensive care unit (ICU)');
INSERT INTO room (type, status, dept_name) VALUES ('Διαγνωστική Αίθουσα', 'Υπό Συντήρηση', 'Anesthesiology');
INSERT INTO room (type, status, dept_name) VALUES ('Διαγνωστική Αίθουσα', 'Διαθέσιμο', 'Geriatric');
INSERT INTO room (type, status, dept_name) VALUES ('Χειρουργική Αίθουσα', 'Υπό Συντήρηση', 'Intensive care unit (ICU)');
INSERT INTO room (type, status, dept_name) VALUES ('Χειρουργική Αίθουσα', 'Κατειλημμένο', 'Urology');
INSERT INTO room (type, status, dept_name) VALUES ('ΤΕΠ', 'Κατειλημμένο', 'Oncology');
INSERT INTO room (type, status, dept_name) VALUES ('Αίθουσα Αναμονής', 'Κατειλημμένο', 'Opthalmology');
INSERT INTO room (type, status, dept_name) VALUES ('Αίθουσα Αναμονής', 'Κατειλημμένο', 'ENT');
INSERT INTO room (type, status, dept_name) VALUES ('Χειρουργική Αίθουσα', 'Κατειλημμένο', 'Urology');
INSERT INTO room (type, status, dept_name) VALUES ('Αίθουσα Αναμονής', 'Διαθέσιμο', 'General surgery');
INSERT INTO room (type, status, dept_name) VALUES ('Αίθουσα Αναμονής', 'Κατειλημμένο', 'Orthopaedic');
INSERT INTO room (type, status, dept_name) VALUES ('Αποθήκη', 'Κατειλημμένο', 'Oncology');
INSERT INTO room (type, status, dept_name) VALUES ('Χειρουργική Αίθουσα', 'Διαθέσιμο', 'Orthopaedic');
INSERT INTO room (type, status, dept_name) VALUES ('ΤΕΠ', 'Κατειλημμένο', 'Inpatient Department (IPD)');
INSERT INTO room (type, status, dept_name) VALUES ('Γραφείο', 'Κατειλημμένο', 'Casualty');
INSERT INTO room (type, status, dept_name) VALUES ('Αποθήκη', 'Υπό Συντήρηση', 'Psychiatry');
INSERT INTO room (type, status, dept_name) VALUES ('Αποθήκη', 'Υπό Συντήρηση', 'Orthopaedic');
INSERT INTO room (type, status, dept_name) VALUES ('Γραφείο', 'Κατειλημμένο', 'Cardiology');
INSERT INTO room (type, status, dept_name) VALUES ('Χειρουργική Αίθουσα', 'Διαθέσιμο', 'General surgery');
INSERT INTO room (type, status, dept_name) VALUES ('Αποθήκη', 'Υπό Συντήρηση', 'Cardiology');
INSERT INTO room (type, status, dept_name) VALUES ('Αποθήκη', 'Υπό Συντήρηση', 'Neurology');
INSERT INTO room (type, status, dept_name) VALUES ('Αίθουσα Αναμονής', 'Υπό Συντήρηση', 'Operating theatre (OT)');
INSERT INTO room (type, status, dept_name) VALUES ('Κλίνες', 'Υπό Συντήρηση', 'Operating theatre (OT)');
INSERT INTO room (type, status, dept_name) VALUES ('Γραφείο', 'Διαθέσιμο', 'Gynaecology');
INSERT INTO room (type, status, dept_name) VALUES ('Αίθουσα Αναμονής', 'Διαθέσιμο', 'Urology');
INSERT INTO room (type, status, dept_name) VALUES ('ΤΕΠ', 'Διαθέσιμο', 'Urology');
INSERT INTO room (type, status, dept_name) VALUES ('Αποθήκη', 'Κατειλημμένο', 'Anesthesiology');
INSERT INTO room (type, status, dept_name) VALUES ('ΤΕΠ', 'Κατειλημμένο', 'Gastroenterology');
INSERT INTO room (type, status, dept_name) VALUES ('Γραφείο', 'Διαθέσιμο', 'Orthopaedic');
INSERT INTO room (type, status, dept_name) VALUES ('Χειρουργική Αίθουσα', 'Κατειλημμένο', 'ENT');
INSERT INTO room (type, status, dept_name) VALUES ('ΤΕΠ', 'Διαθέσιμο', 'Opthalmology');
INSERT INTO room (type, status, dept_name) VALUES ('Διαγνωστική Αίθουσα', 'Διαθέσιμο', 'Inpatient Department (IPD)');
INSERT INTO room (type, status, dept_name) VALUES ('Διαγνωστική Αίθουσα', 'Υπό Συντήρηση', 'Opthalmology');
INSERT INTO room (type, status, dept_name) VALUES ('ΤΕΠ', 'Διαθέσιμο', 'General surgery');
INSERT INTO room (type, status, dept_name) VALUES ('Χειρουργική Αίθουσα', 'Υπό Συντήρηση', 'Geriatric');
INSERT INTO room (type, status, dept_name) VALUES ('ΤΕΠ', 'Διαθέσιμο', 'ENT');
INSERT INTO room (type, status, dept_name) VALUES ('Γραφείο', 'Διαθέσιμο', 'Cardiology');
INSERT INTO room (type, status, dept_name) VALUES ('Γραφείο', 'Κατειλημμένο', 'Anesthesiology');
INSERT INTO room (type, status, dept_name) VALUES ('Γραφείο', 'Υπό Συντήρηση', 'General surgery');
INSERT INTO room (type, status, dept_name) VALUES ('Διαγνωστική Αίθουσα', 'Κατειλημμένο', 'Intensive care unit (ICU)');
INSERT INTO room (type, status, dept_name) VALUES ('Χειρουργική Αίθουσα', 'Κατειλημμένο', 'Intensive care unit (ICU)');
INSERT INTO room (type, status, dept_name) VALUES ('Αίθουσα Αναμονής', 'Υπό Συντήρηση', 'Gastroenterology');
INSERT INTO room (type, status, dept_name) VALUES ('Χειρουργική Αίθουσα', 'Κατειλημμένο', 'Gastroenterology');
INSERT INTO room (type, status, dept_name) VALUES ('ΤΕΠ', 'Διαθέσιμο', 'Neurology');
INSERT INTO room (type, status, dept_name) VALUES ('Αίθουσα Αναμονής', 'Υπό Συντήρηση', 'ENT');
INSERT INTO room (type, status, dept_name) VALUES ('Διαγνωστική Αίθουσα', 'Διαθέσιμο', 'General surgery');
INSERT INTO room (type, status, dept_name) VALUES ('Αίθουσα Αναμονής', 'Υπό Συντήρηση', 'ENT');
INSERT INTO room (type, status, dept_name) VALUES ('Χειρουργική Αίθουσα', 'Κατειλημμένο', 'ENT');
INSERT INTO room (type, status, dept_name) VALUES ('Γραφείο', 'Διαθέσιμο', 'Haematology');
INSERT INTO room (type, status, dept_name) VALUES ('Αίθουσα Αναμονής', 'Κατειλημμένο', 'Cardiology');
INSERT INTO room (type, status, dept_name) VALUES ('Διαγνωστική Αίθουσα', 'Υπό Συντήρηση', 'Gynaecology');
INSERT INTO room (type, status, dept_name) VALUES ('Χειρουργική Αίθουσα', 'Υπό Συντήρηση', 'Operating theatre (OT)');
INSERT INTO room (type, status, dept_name) VALUES ('Διαγνωστική Αίθουσα', 'Κατειλημμένο', 'ENT');
INSERT INTO room (type, status, dept_name) VALUES ('Γραφείο', 'Υπό Συντήρηση', 'Psychiatry');
INSERT INTO room (type, status, dept_name) VALUES ('Χειρουργική Αίθουσα', 'Διαθέσιμο', 'Geriatric');
INSERT INTO room (type, status, dept_name) VALUES ('ΤΕΠ', 'Υπό Συντήρηση', 'Outpatient Department (OPD)');
INSERT INTO room (type, status, dept_name) VALUES ('ΤΕΠ', 'Κατειλημμένο', 'Outpatient Department (OPD)');
INSERT INTO room (type, status, dept_name) VALUES ('ΤΕΠ', 'Υπό Συντήρηση', 'Gastroenterology');
INSERT INTO room (type, status, dept_name) VALUES ('Γραφείο', 'Υπό Συντήρηση', 'Pediatrics');
INSERT INTO room (type, status, dept_name) VALUES ('Κλίνες', 'Κατειλημμένο', 'Intensive care unit (ICU)');
INSERT INTO room (type, status, dept_name) VALUES ('ΤΕΠ', 'Διαθέσιμο', 'ENT');
INSERT INTO room (type, status, dept_name) VALUES ('Αίθουσα Αναμονής', 'Υπό Συντήρηση', 'Intensive care unit (ICU)');
INSERT INTO room (type, status, dept_name) VALUES ('Κλίνες', 'Διαθέσιμο', 'Outpatient Department (OPD)');
INSERT INTO room (type, status, dept_name) VALUES ('Διαγνωστική Αίθουσα', 'Υπό Συντήρηση', 'Operating theatre (OT)');
INSERT INTO room (type, status, dept_name) VALUES ('Αποθήκη', 'Διαθέσιμο', 'Casualty');
INSERT INTO room (type, status, dept_name) VALUES ('Αποθήκη', 'Κατειλημμένο', 'Neurology');
INSERT INTO room (type, status, dept_name) VALUES ('ΤΕΠ', 'Υπό Συντήρηση', 'Outpatient Department (OPD)');
INSERT INTO room (type, status, dept_name) VALUES ('Αίθουσα Αναμονής', 'Κατειλημμένο', 'Gynaecology');
INSERT INTO room (type, status, dept_name) VALUES ('Γραφείο', 'Κατειλημμένο', 'Haematology');
INSERT INTO room (type, status, dept_name) VALUES ('Διαγνωστική Αίθουσα', 'Υπό Συντήρηση', 'General surgery');
INSERT INTO bed (type, status, dept_name, room_id) VALUES ('Πολύκλινο', 'Κατειλημμένη', 'Outpatient Department (OPD)', '143');
INSERT INTO bed (type, status, dept_name, room_id) VALUES ('Πολύκλινο', 'Υπό Συντήρηση', 'Gynaecology', '140');
INSERT INTO bed (type, status, dept_name, room_id) VALUES ('Πολύκλινο', 'Υπό Συντήρηση', 'ENT', '103');
INSERT INTO bed (type, status, dept_name, room_id) VALUES ('ΜΕΘ', 'Κατειλημμένη', 'Urology', '51');
INSERT INTO bed (type, status, dept_name, room_id) VALUES ('Πολύκλινο', 'Υπό Συντήρηση', 'Opthalmology', '48');
INSERT INTO bed (type, status, dept_name, room_id) VALUES ('ΜΕΘ', 'Κατειλημμένη', 'Casualty', '47');
INSERT INTO bed (type, status, dept_name, room_id) VALUES ('Μονόκλινο', 'Υπό Συντήρηση', 'Neurology', '46');
INSERT INTO bed (type, status, dept_name, room_id) VALUES ('Πολύκλινο', 'Κατειλημμένη', 'General surgery', '44');
INSERT INTO bed (type, status, dept_name, room_id) VALUES ('Πολύκλινο', 'Υπό Συντήρηση', 'Haematology', '39');
INSERT INTO bed (type, status, dept_name, room_id) VALUES ('Μονόκλινο', 'Διαθέσιμη', 'Haematology', '35');
INSERT INTO bed (type, status, dept_name, room_id) VALUES ('ΜΕΘ', 'Υπό Συντήρηση', 'Neurology', '26');
INSERT INTO bed (type, status, dept_name, room_id) VALUES ('Πολύκλινο', 'Υπό Συντήρηση', 'Oncology', '25');
INSERT INTO bed (type, status, dept_name, room_id) VALUES ('Πολύκλινο', 'Κατειλημμένη', 'Orthopaedic', '23');
INSERT INTO bed (type, status, dept_name, room_id) VALUES ('ΜΕΘ', 'Διαθέσιμη', 'Casualty', '19');
INSERT INTO bed (type, status, dept_name, room_id) VALUES ('Μονόκλινο', 'Υπό Συντήρηση', 'Operating theatre (OT)', '11');
INSERT INTO bed (type, status, dept_name, room_id) VALUES ('Θάλαμος Νοσηλείας', 'Διαθέσιμη', 'Anesthesiology', '6');
INSERT INTO bed (type, status, dept_name, room_id) VALUES ('Πολύκλινο', 'Υπό Συντήρηση', 'Inpatient Department (IPD)', '4');
INSERT INTO equipment (UID, description, room_id, dept_name) VALUES ('b90adab0-7009-4fae-b986-09f811cfbab4', 'Μιας μου δε εκείνου διακοπής κοιτάζοντας παράδειγμα βασανίζουν. Παράγοντες πάρεις σε κοιτάζοντας έστελνε τις στέλνοντάς. Εργοστασίου για μάτσο μάθε.', '115', 'General surgery');
INSERT INTO equipment (UID, description, room_id, dept_name) VALUES ('6f013780-6637-4e5a-ab38-0a58142aa1db', 'Το μια επιχείριση ανά άρθρων διασφαλίζεται διάσημα δημιουργείς. Περίπου νέου θα συγγραφής χαρακτηριστικό μερικούς κοιτάζοντας.', '100', 'Opthalmology');
INSERT INTO equipment (UID, description, room_id, dept_name) VALUES ('7acb7910-d69a-444a-bab0-e94b3b04bd17', 'Υποψήφιο δημιουργια έτσι σημαντικό. Εξοργιστικά μια δημιουργια άρθρων μεταφραστής θα οι.', '120', 'Oncology');
INSERT INTO equipment (UID, description, room_id, dept_name) VALUES ('bd756d59-b742-4b49-ad8f-d6d4965d0129', 'Επί εκτελείται στραβά επιστρέφουν μεταφραστής. Εγώ πρώτοι επιδιόρθωση ότι κύκλο δημιουργια.', '60', 'Opthalmology');
INSERT INTO equipment (UID, description, room_id, dept_name) VALUES ('86695ced-aaac-4c78-825d-29bb8d00b395', 'Χαρτιού ένα μη στο ως δοκιμάσεις λιγότερο. Ωραίο ροή δοκιμάσεις ανώδυνη εκδόσεις πιο καλύτερο βιβλίο.
Χώρου αποθηκευτικού χάος έτσι ήδη πάντα. Άτομο εγώ ένα δούλευε. Μετρήσεις αναφέρονται στις.', '142', 'Pediatrics');
INSERT INTO equipment (UID, description, room_id, dept_name) VALUES ('fba9c3e3-75a7-4eeb-82ab-6eef6b030110', 'Προσοχή στο λέει διοικητικό μη γεγονός.
Σημαντικό λίγο χρησιμοποίησέ τι ημέρα χαρακτηριστικών δε. Παραγωγικής βιαστικά περισσότερες στις και κλπ.
Λες μέσης χαρακτηριστικών μιας λίγο ένα εκτός.', '21', 'Operating theatre (OT)');
INSERT INTO equipment (UID, description, room_id, dept_name) VALUES ('f4af3208-d9a6-4d31-a710-0dd7d8deb138', 'Εργάστηκε ίδιο ανώδυνη δε εντολές ποια μπουν. Ζητήσεις μέσης κειμένων διασφαλίζεται δούλευε κόλπα. Μέρος σημεία εργαζόμενων περισσότερη εκτελέσει επί δούλευε.', '126', 'Inpatient Department (IPD)');
INSERT INTO equipment (UID, description, room_id, dept_name) VALUES ('2880feaf-c89c-436f-8a26-cdd549a51a6d', 'Κάνεις πλέον προβληματική. Κρατήσουν παραδώσεις έτσι κόλπα. Πρόσληψη ερώτηση ανώδυνη λοιπόν μάθε χρησιμοποιούνταν.', '8', 'Oncology');
INSERT INTO equipment (UID, description, room_id, dept_name) VALUES ('b8cf348c-e917-4f5c-90f5-006c6db74234', 'Έξι γραμμές τρέξει εδώ μαγικά όχι μάλλον. Συνεχώς τη διακόψουμε διασφαλίζεται ερωτήσεις τύπους ο. Όταν να πλέον κανένας έρθει.', '24', 'Gastroenterology');
INSERT INTO equipment (UID, description, room_id, dept_name) VALUES ('39a85cd6-38b0-4e9d-b033-4f599337b2a9', 'Εκτός λες επιδιόρθωση νέου νέο εικόνες εκείνου. Διακοπής νιρβάνα αλγόριθμου έγραψες ο εξακολουθεί.', '134', 'Psychiatry');
INSERT INTO equipment (UID, description, room_id, dept_name) VALUES ('92754221-beb8-4034-9e68-3947d3e60e44', 'Αυτήν την αναφέρονται απίστευτα των όταν όσο.
Τα εκδόσεις αν πρώτης χειρότερα. Μας εργαζόμενων μάλλον. Πετούν της επιχείριση υπηρεσία έλεγχος διαπιστώνεις.', '14', 'Urology');
INSERT INTO equipment (UID, description, room_id, dept_name) VALUES ('345c85b2-5205-4d7f-8449-4bbc24a03a1d', 'Συγγραφής προσλάμβανες χρονοδιαγράμματα την φαινόμενο σαν άλγεβρα φαινόμενο.
Μα να εργαζόμενων συνεντεύξεις δείξει. Χρονοδιαγράμματος θέμα μιας έρθει στα διαδίκτυο την.', '30', 'Geriatric');
INSERT INTO equipment (UID, description, room_id, dept_name) VALUES ('4eaec440-3820-403a-81db-bfc91598554e', 'Σαν κοιτάζοντας σαν. Πετούν διαχειριστής συγχωνευτεί ποσοστό. Ήδη άλγεβρα στήλες απαρατήρητο υπηρεσία.
Του των εκθέσεις επί. Διασφαλίζεται νέο σε εφαρμογής ροή εταιρείες.', '124', 'Psychiatry');
INSERT INTO equipment (UID, description, room_id, dept_name) VALUES ('23d8e72c-0ae8-4909-a49b-2ece6dd4acdf', 'Επιχείριση σχεδιαστής μέγιστη. Προγραμματιστές βρίσκονται ως. Υόρκη κύκλο χαμηλός αν ας ποσοστό προκύπτουν.', '112', 'Inpatient Department (IPD)');
INSERT INTO equipment (UID, description, room_id, dept_name) VALUES ('d30b27ea-1223-4a3a-ae89-d9792b4c7718', 'Έξι ανεπιθύμητη έξι πλέον κανείς ευκολότερο δημιουργια ο. Χρονοδιαγράμματος εκτελείται συγγραφείς περίπου έγραψες κύκλο ειδικά μέσης. Συνέχεια ναι τέλειοι τις κανόνα.', '30', 'Opthalmology');
INSERT INTO equipment (UID, description, room_id, dept_name) VALUES ('13360cbb-c285-457a-a56e-70a11c8b53f3', 'Γνωρίζουμε σου άρα πως συνηθίζουν αυτός βιβλίο κρατήσουν. Ναι με πλέον διαπιστώνεις όταν.
Στις τις τις απαρατήρητο θυμάμαι συγκεντρωμένοι απίστευτα αυτήν. Δύο γνωστή εικόνες προκύπτουν μπορούσες.', '40', 'Pediatrics');
INSERT INTO equipment (UID, description, room_id, dept_name) VALUES ('85c5aca9-2ea9-438f-a55e-67dc7b7dc1a6', 'Εγώ πρώτο βιαστικά σαν ας το δίνοντας. Επιστρέφουν κανένας πάρα περισσότερη σίγουρος άλγεβρα. Προγραμματιστής προσεκτικά περιβάλλοντος άρα καλύτερο τον δεν. Το καλύτερο δύο.', '106', 'Haematology');
INSERT INTO equipment (UID, description, room_id, dept_name) VALUES ('7ed64dd3-afeb-4455-bb60-f24012a504b1', 'Ερωτήσεις εκτελείται διοικητικό. Κι ακούσει μη εκτελείται.
Αναφορά όταν κύκλο. Εργάστηκε βουτήξουν δυστυχής.', '143', 'Neurology');
INSERT INTO equipment (UID, description, room_id, dept_name) VALUES ('1ce89d3f-f0ae-46a7-9379-26b54252f371', 'Χάος που ανά συνάδελφος τα πάρα. Προσθέσει πρώτοι από περισσότερη πόρτες εξακολουθεί μη. Δε έτσι μηχανής τι παραγωγικής βάζοντας. Διάβασε περισσότερη μην.', '114', 'Gastroenterology');
INSERT INTO equipment (UID, description, room_id, dept_name) VALUES ('7defebcd-99b7-4d16-a4e7-0c61aad94573', 'Κάνε επί έγραψες όχι απλό σε όχι. Καταλάθος γεύματος θα περισσότερη εγώ προγραμματιστής προσθέσει. Απλό εργάστηκε παράδειγμα και μην όχι να.', '65', 'Urology');
INSERT INTO equipment (UID, description, room_id, dept_name) VALUES ('8ac7f66b-cacc-4261-b008-c6a7763345e4', 'Βαθμό μου με ωραίο πετάξαμε προκαλείς υψηλότερη. Τι κι κοιτάζοντας σπίτι μέγιστη παραγωγικής ημέρα μάλλον.', '91', 'Intensive care unit (ICU)');
INSERT INTO equipment (UID, description, room_id, dept_name) VALUES ('149e6dd2-a107-42d5-aec5-e5b9252de617', 'Εφαρμογή ξέχασε στη δίνοντας τρόποι. Κοιτάζοντας έρθει πάρα διάσημα επί προσπαθήσεις. Δύο δύο του άτομο έτσι χρειάζονται εξαρτάται έχω.', '3', 'Anesthesiology');
INSERT INTO equipment (UID, description, room_id, dept_name) VALUES ('0e82f612-43c3-463e-9b83-e9049924304b', 'Ένας χρησιμοποιώντας οι γεγονός. Τα εκτελέσεις εργασίας μέχρι είχαμε.
Προσεκτικά βγήκε κρατάει αφήσεις ζητήσεις εφαρμογή κάτι πες. Ζητήσεις σημαντικό απόλαυσε. Γεγονός έτσι χρησιμοποιώντας μου.', '33', 'Psychiatry');
INSERT INTO equipment (UID, description, room_id, dept_name) VALUES ('13168b8a-785e-430c-9336-d364379c5fdf', 'Εκθέσεις εγώ εγώ αναφορά εκτελέσεις. Χάος κάτι άρα γέλασαν. Αλγόριθμου κειμένων αφήσεις εργαζόμενοι μηχανής δεν επί απαραίτητο. Όσο μερικούς στις χρησιμοποιούσες.', '148', 'Psychiatry');
INSERT INTO equipment (UID, description, room_id, dept_name) VALUES ('8fa1d12f-9967-4021-9130-f4cac68ffb4b', 'Επιχείριση ροή μέχρι γνωρίζουμε έτσι ίδιο από. Στήλες ξέχασε γεγονός που φακέλους σας προκύπτουν μου.', '20', 'Outpatient Department (OPD)');
INSERT INTO equipment (UID, description, room_id, dept_name) VALUES ('977c0581-53f2-470e-b523-f69b85a7d9b2', 'Κειμένων ποσοστό σταματάς όχι δεν λέει. Επενδυτής δε έξι τρόπο αν δεν. Εργαζόμενοι περισσότερες χαρτιού χρησιμοποιώντας της χρησιμοποιούνταν άπειρα.', '89', 'Anesthesiology');
INSERT INTO equipment (UID, description, room_id, dept_name) VALUES ('898bf521-6452-4dee-afed-36ebd6a89606', 'Χάος γνωρίζουμε χρειάζονται περιμένουν τελειώσει χρονοδιαγράμματος. Εξακολουθεί ειδικά μη.
Περιμένουν περισσότερη μην εικόνες του συγγραφής. Συγχωνευτεί χρόνου θέλεις. Και λίγο παράδειγμα.', '76', 'Casualty');
INSERT INTO equipment (UID, description, room_id, dept_name) VALUES ('d2da88ad-6164-4cff-83ed-1f177ad36b59', 'Κώδικάς και μέχρι νιρβάνα νέο αρέσει σε συγγραφείς. Ήδη ταξινομεί μα δεν εργοστασίου άλγεβρα.', '1', 'General surgery');
INSERT INTO equipment (UID, description, room_id, dept_name) VALUES ('353c6041-c7e7-4b29-b8cc-754e49251d76', 'Ένα ατόμου προϊόντα. Εσωτερικών εσωτερικών πάντα τον εκτελείται.', '7', 'Gynaecology');
INSERT INTO equipment (UID, description, room_id, dept_name) VALUES ('ee20dac9-7b40-46d7-90bc-551873258963', 'Προσεκτικά παράδειγμα στο συνεντεύξεις μια τα σας. Προγραμματιστές ύψος ίδιο δεν εκτελείται εκτελέσεις.
Μεταφραστής εργασίας σου τη.', '114', 'ENT');
INSERT INTO equipment (UID, description, room_id, dept_name) VALUES ('c8a71d25-4a65-4618-b3b1-d9f3d21f059d', 'Θέματα μερικούς λιγότερο συγχρόνως θέμα.', '65', 'Operating theatre (OT)');
INSERT INTO equipment (UID, description, room_id, dept_name) VALUES ('f622d812-52a8-4d4b-96bf-327821b7cebc', 'Κάτι χαρτιού τρόποι θέμα του μέχρι. Υποψήφιο περίπου μας δοκιμάσεις τι. Τρόποι απαραίτητο περιβάλλοντος κώδικα.
Έξι συνάδελφος πάντα κειμένων πήρε πλέον νιρβάνα ποια. Απόλαυσε εκτός πλέον από.', '50', 'Inpatient Department (IPD)');
INSERT INTO equipment (UID, description, room_id, dept_name) VALUES ('76c58352-d83c-4f82-956d-427f251b1371', 'Πάντα τι καταλάθος μαγικά διαφήμιση γέλασαν κλπ εφαμοργής. Αποστηθίσει γράψει που πολύ απόλαυσε.
Υπηρεσία εκτός κόλπα έξι αλγόριθμου. Πες μια αρπάζεις διάσημα.', '53', 'Psychiatry');
INSERT INTO equipment (UID, description, room_id, dept_name) VALUES ('b7be2621-ff4f-4f67-a89c-cd50c22852d4', 'Λες χρονοδιαγράμματα λοιπόν τις κώδικα περισσότερες. Ξέχασε δεν επί πετούν πετάνε εδώ.', '126', 'Cardiology');
INSERT INTO equipment (UID, description, room_id, dept_name) VALUES ('2f2f50cd-bd20-4c37-aa7c-bcd4d219e54b', 'Ότι κάτι και επιδιορθώσεις τα έχω προϊόντα ως.
Στέλνοντάς περιμένουν ήδη. Πάντα ρωτήσει διαφήμιση παράγοντες.
Πάντα επενδυτής γνωρίζουμε έτσι εργασίας. Το σου άπειρα όχι.', '118', 'Orthopaedic');
INSERT INTO equipment (UID, description, room_id, dept_name) VALUES ('051f4c8e-bdec-4509-beae-e25e5dbf543a', 'Τα μερικούς χρησιμοποιούνταν βάζοντας. Χαρτιού έχω φίλος ώρα. Ακούσει εγώ ανώδυνη φίλος πιο τις.', '41', 'Geriatric');
INSERT INTO equipment (UID, description, room_id, dept_name) VALUES ('2d0da8a0-050b-4276-b0cc-7afec327be00', 'Γραφικά θέλεις μέσης θέματα από άτομο. Στα γραφικά άρθρων. Δεν τεκμηριώνει δύο μα μπουν σχεδιαστής.', '114', 'Orthopaedic');
INSERT INTO equipment (UID, description, room_id, dept_name) VALUES ('7504ba29-a8ea-4eb3-ae43-785d22a1db31', 'Προσλάμβανες κι διάσημα. Ο ορίστε ίδιο εξοργιστικά σχεδιαστής ότι. Επιδιορθώσεις συνάδελφος πιο ελέγχου τον τα.
Πάντα γραμμές δωροδοκηθούν και. Υόρκη περιμένουν δε ορίστε.', '103', 'ENT');
INSERT INTO equipment (UID, description, room_id, dept_name) VALUES ('28f36da5-412b-489f-9661-be2d67b9941d', 'Κόλπα ας μερικούς χρονοδιαγράμματα χρόνου γνωστή των. Τοπικές διαφήμιση ίδιο κοιτάζοντας κύκλο χρειάζονται. Νέο άρα κάτι από σας.', '83', 'ENT');
INSERT INTO equipment (UID, description, room_id, dept_name) VALUES ('4cdb9a41-aaee-4b4f-b6c4-0a14508dcacc', 'Στέλνοντάς συγγραφείς άτομο δοκιμάσεις αρέσει προγραμματιστής. Ένα πετούν φαινόμενο μπορούσες. Νέου έχω δείξει των πάντως τύπου.', '84', 'Opthalmology');
INSERT INTO equipment (UID, description, room_id, dept_name) VALUES ('c6d97b40-0ae0-42b2-a643-f69c7f100f68', 'Ναι βασανίζουν πάρεις όχι εδώ αν λετπά έστελνε. Εφαρμογή πως χρησιμοποίησέ τα παραδώσεις νέο.', '55', 'Gynaecology');
INSERT INTO equipment (UID, description, room_id, dept_name) VALUES ('274cf804-405d-4e6a-b854-19f3cef1b3bf', 'Κώδικάς εκτός ναι νόμιζες. Άρθρων χειρότερα επιδιόρθωση μιας ήδη.
Προσεκτικά μάτσο μεταγλωτιστής πηγαίου πλέον ατόμου θα μέχρι. Κάτι έτσι ζητήσεις ήδη διαχειριστής αγοράζοντας στις.', '27', 'Psychiatry');
INSERT INTO equipment (UID, description, room_id, dept_name) VALUES ('da909bdb-5c10-4e69-b6c1-96734e8efcce', 'Και τρόπο υποψήφιο φαινόμενο. Επί συγχρόνως αναφέρονται κάνε διασφαλίζεται κάνε σαν. Εξοργιστικά συνεντεύξεις επιδιορθώσεις τις. Δεν διολισθήσεις ίδιο εντολές που.', '105', 'Neurology');
INSERT INTO equipment (UID, description, room_id, dept_name) VALUES ('82118af0-6875-4511-9ade-7bc37c4f7842', 'Χρησιμοποίησέ άτομο νόμιζες ίδιο. Ίδιο έλεγχος παράγοντες φαινόμενο στα. Πηγαίου επεξεργασία ωραίο μέγιστη.
Φίλος στα πάντα εδώ.', '33', 'Pediatrics');
INSERT INTO equipment (UID, description, room_id, dept_name) VALUES ('4b66af76-ea6c-4520-86e0-edcfdf9f37b3', 'Γειτονιάς απόλαυσε κόλπα γραμμές. Κλπ μάθε φράση λοιπόν ανά διάσημα. Στα ύψος εργασίας στήλες μη.
Διακόψουμε αφήσεις νιρβάνα σωστά περίπου ποια τον.', '53', 'Gynaecology');
INSERT INTO equipment (UID, description, room_id, dept_name) VALUES ('04dedb8e-a937-4e26-85a1-1467482bc398', 'Χαρακτηριστικών διάσημα απλό ένα αγοράζοντας ας. Τύπου μέρος κι αποφάσισε παραδοτέου πολύ.
Πιο ίδιο εικόνες. Αρπάζεις άρα δείξει ερωτήσεις της είχαμε.', '73', 'Psychiatry');
INSERT INTO equipment (UID, description, room_id, dept_name) VALUES ('8c7d05aa-bf2c-4388-8c02-c1881966ca89', 'Επιδιορθώσεις ακούσει κρατάει μάτσο εφαρμογή αρέσει. Αν αθόρυβες διοικητικό άρα παραγωγικής. Τοπικές σου τέλειοι περιεχόμενα στη ημέρα αυτός.
Γραφικά κανένας εργάστηκε τοπικές επιχείριση.', '76', 'Neurology');
INSERT INTO equipment (UID, description, room_id, dept_name) VALUES ('360a2559-bbf3-4bc7-8a07-cdef59092f6c', 'Εργάστηκε υόρκη νέων υπηρεσία. Δείξει δεν βρίσκονται αποθηκευτικού κρατήσουν αποφάσισε τα γράψει.', '7', 'Psychiatry');
INSERT INTO equipment (UID, description, room_id, dept_name) VALUES ('63971ffc-7bf4-4245-a099-5089c4076aeb', 'Ρωτήσει κάτι έχω κρατάει. Εργασίας λιγότερο διασφαλίζεται σαν μην. Συγγραφής μετράει γνωρίζουμε.
Διάβασε συγγραφής ένα διευθυντές. Μου δε περισσότερες. Κανένας των εγώ αφήσεις μπουν γραμμής.', '113', 'Gynaecology');
INSERT INTO equipment (UID, description, room_id, dept_name) VALUES ('fe87be07-d8ee-4e22-ac5c-bde797f48f9c', 'Σαν θέλεις φακέλους. Πάντως μάθε διακόψουμε. Βάζοντας πάντως σου εκτός αν χαμηλός πλέον.
Έτσι επί πάντα κανένας προγραμματιστής ίδιο πλέον. Ήδη σκεφτείς μια. Εργαζόμενων ποσοστό πάντα.', '21', 'Psychiatry');
INSERT INTO equipment (UID, description, room_id, dept_name) VALUES ('33f15ac7-0857-4e21-b23d-697c32c0debf', 'Άπειρα συγχωνευτεί έξι κι. Γεύματος πάντα να κάτι διαφήμιση. Με πολύ πάντα χαμηλός διακοπή εγώ επί όχι.', '142', 'Outpatient Department (OPD)');
INSERT INTO equipment (UID, description, room_id, dept_name) VALUES ('6bc715a7-33a0-44bf-a54b-a9742f58cd82', 'Ωραίο εσωτερικών τις πετούν μετράει. Συγγραφείς ξέχασε ατόμου κανένας εκθέσεις προσπαθήσεις.', '122', 'Cardiology');
INSERT INTO equipment (UID, description, room_id, dept_name) VALUES ('fe691647-bed4-4ea5-b67f-ad9466e9b5a1', 'Πως μεταγλωτιστής τι σημαντικός. Εδώ αποφάσισε ποσοστό βαθμό βιαστικά κειμένων πήρε. Αποφάσισε και θα δυστυχής και.
Με μπουν έτσι σαν.
Προσοχή διακόψουμε συγχωνευτεί δωροδοκηθούν έτσι.', '30', 'Opthalmology');
INSERT INTO equipment (UID, description, room_id, dept_name) VALUES ('f1e1af0f-02d7-4627-8fe4-ab2a424626d4', 'Τα πάντα προγραμματιστές εκτελέσει. Ανά απίστευτα επιχείριση τις αθόρυβες. Με σου κάτι σίγουρος.', '88', 'Haematology');
INSERT INTO equipment (UID, description, room_id, dept_name) VALUES ('5c2a59c6-363e-4edf-a2f1-92292ea81f5e', 'Κύκλο αφήσεις σημαντικό πήρε.
Τα προγραμματιστές δύο. Προκύπτουν δύο πάντα μου. Εδώ πως ανεπιθύμητη τον και.
Υψηλότερη γιαυτό μάθε έχω. Εξακολουθεί αρέσει γεγονός βάζοντας πλέον με χαρτιού.', '65', 'Cardiology');
INSERT INTO equipment (UID, description, room_id, dept_name) VALUES ('a3cffc51-bee0-4b9a-9207-bdaf03fe93c1', 'Νόμιζες χρονοδιαγράμματος έλεγχος πόρτες την αναγκάζονται αρπάζεις. Τύπους πόρτες τα πιο κάτι.', '18', 'Geriatric');
INSERT INTO equipment (UID, description, room_id, dept_name) VALUES ('c9afff47-7afe-47f0-a6a5-1dadfe5bce74', 'Ότι έξι οι προσοχή. Οι έτσι γεύματος ναι εγώ διακόψουμε λοιπόν. Κανείς προβληματική δημιουργείς παίξουν γεύματος σε λίγο την.', '54', 'Intensive care unit (ICU)');
INSERT INTO equipment (UID, description, room_id, dept_name) VALUES ('9abdb7f8-1e23-47f0-8a52-6768f0e9a737', 'Εδώ προσεκτικά εκτελείται δε επιδιορθώσεις. Κάνεις άτομο της ρωτάει.', '103', 'Haematology');
INSERT INTO equipment (UID, description, room_id, dept_name) VALUES ('4458483c-cf8b-42b9-9c2b-b7ee29cc7393', 'Και μέχρι δημιουργια ελέγχου διακοπής πως. Έτσι στο ύψος χρησιμοποιώντας δοκιμάσεις γραμμές. Ημέρα εδώ νέο γεγονός.
Μας συνεχώς έτοιμος συνεχώς. Προσεκτικά έτσι εγώ συγγραφείς υποψήφιο τα τους.', '110', 'Neurology');
INSERT INTO equipment (UID, description, room_id, dept_name) VALUES ('e8b20a68-c1de-42e9-b91f-e7e9a27ef36a', 'Τρόποι πετάνε πολύ περίπου σου. Αναγκάζονται και εργασίας.
Έξι με διορθώσεις θέμα πήρε γραμμή μέχρι οι. Πετάξαμε παίρνουν λίγο νέων τύπου. Στις μαγικά σας αν μέχρι.', '95', 'Casualty');
INSERT INTO equipment (UID, description, room_id, dept_name) VALUES ('daf2b34f-197d-4d34-ba69-d9b604624779', 'Έτσι μπουν σου κώδικα σαν. Δυστυχώς πιο ωραίο εργάστηκε αποδείξεις μάτσο. Βγήκε και στις δε. Προβληματική σου μη νέου δεν.', '137', 'Opthalmology');
INSERT INTO equipment (UID, description, room_id, dept_name) VALUES ('60cf38d1-dc73-4030-8587-6a0e21a6ffc1', 'Συνέχεια της αναφορά σε ελέγχου με. Πεδία ίδιο φίλος σαν τον. Πολύ χαρακτηριστικών ένα εκτός.
Για εφαμοργής ήδη έχω. Επί αποκλειστικούς διαχειριστής ο κι αυτήν.', '122', 'Gynaecology');
INSERT INTO equipment (UID, description, room_id, dept_name) VALUES ('46de1f45-c1d1-44b5-a36c-73cc98b40207', 'Αθόρυβες αθόρυβες κύκλο πιο έλεγχος μεταφραστής τα. Άρα περισσότερες στήλες εργαλείων.
Γνωστή όχι κώδικάς κώδικάς τεσσαρών.', '8', 'Urology');
INSERT INTO equipment (UID, description, room_id, dept_name) VALUES ('f1241db2-fa34-4325-bee3-6654a9063ac5', 'Παραπάνω τι τι μεταφραστής επεξεργασία χαμηλός. Του άπειρα δύο μερικούς φράση ώρα. Ανεπιθύμητη μιας του μέσης μάλλον.
Σπίτι στέλνοντάς απόλαυσε συγχωνευτεί.', '109', 'Anesthesiology');
INSERT INTO equipment (UID, description, room_id, dept_name) VALUES ('b0004303-e004-4c7e-bdf6-655dbb40c4ce', 'Τρόπο απομόνωση βγήκε γειτονιάς τις μα. Ποσοστό ερωτήσεις προκαλείς κόλπα όσο πεδία ένας σωστά. Ημέρα δωροδοκηθούν διακοπή σημαντικό μεταγλωτιστής σταματάς κανένας.', '126', 'Orthopaedic');
INSERT INTO equipment (UID, description, room_id, dept_name) VALUES ('bef696c0-a299-47ce-877e-9b24b20090a0', 'Κι συγχρόνως ανώδυνη μπουν κοιτάζοντας επεξεργασία. Ιδιαίτερα αποθηκευτικού για τη διευθυντές μεταφραστής χρησιμοποιούσες.', '36', 'Anesthesiology');
INSERT INTO equipment (UID, description, room_id, dept_name) VALUES ('1a9bbe6a-eda5-436c-89d0-92de580dd544', 'Χρησιμοποίησέ πάρα ζητήσεις ναι διάσημα μα γράψει. Μέρος μα τεσσαρών έχω εκείνου αποστηθίσει. Βαθμό εφαρμογή κόψεις εφαρμογή. Έστελνε λετπά επί αποφάσισε μα.', '121', 'Oncology');
INSERT INTO equipment (UID, description, room_id, dept_name) VALUES ('ce2a31e0-6bec-4c95-93d3-0822372726c4', 'Ανώδυνη θέμα εδώ μιας γνωρίζουμε προσθέσει υόρκη στη. Υόρκη απαράδεκτη μέχρι δωροδοκηθούν συγχρόνως γραμμή αυτήν.', '69', 'ENT');
INSERT INTO equipment (UID, description, room_id, dept_name) VALUES ('ce018d59-3c4b-45ec-93ae-fefe992ef252', 'Συνεχώς βρίσκονται άρα φίλος έξι.
Φακέλους μιας βγήκε έλεγχος. Δυστυχής ας ημέρα παίρνει εκτελέσει στα.
Μα μα ανεπιθύμητη για. Έρθει στις ποια.', '144', 'Gynaecology');
INSERT INTO equipment (UID, description, room_id, dept_name) VALUES ('29630604-ddf3-4b75-87be-9a17df653683', 'Ξέχασε μη καταλάθος σε και διορθώσει έστελνε. Κάτι ειδικά αφήσεις ήδη κρατάει μεταγλωτιστής με μέχρι. Μα διοικητικό αυτός έτσι μεταφραστής μέρος κώδικα την. Κι αυτός συνεχώς την δείξει ελέγχου των.', '148', 'Outpatient Department (OPD)');
INSERT INTO equipment (UID, description, room_id, dept_name) VALUES ('b3e8e69b-ffe9-4a3d-9b33-336cd329061d', 'Διακοπή των συγγραφής κάνεις. Συγγραφής πετούν αναγκάζονται δωροδοκηθούν συνάδελφος καλύτερο. Ανά μέσης λοιπόν επενδυτής πως θέμα διορθώσει.
Σου ξέχασε μέχρι περίπου. Όχι λαμβάνουν ποια άπειρα πλέον.', '45', 'Neurology');
INSERT INTO equipment (UID, description, room_id, dept_name) VALUES ('39a47200-be34-4067-8131-f53e9da36fa0', 'Σημαντικό πολύ τα το. Πακέτων ξέχασε απαράδεκτη συγκεντρωμένοι της. Φίλος κάνεις εκτός.
Ανακλύψεις πετάξαμε ήδη. Μέρος πάντως χάος κάνεις πετάνε τον. Τύπου ανώδυνη προσεκτικά μετράει πολύ μάλλον.', '24', 'Orthopaedic');
INSERT INTO equipment (UID, description, room_id, dept_name) VALUES ('68377913-513d-4ff1-a832-157169be6f6b', 'Που καταλάθος ένα φίλος. Εφαρμογή μεταφραστής πάρα που πάντα. Άρα έστειλε κι οι μετρήσεις.
Βουτήξουν χώρου έλεγχος εργαλείων νιρβάνα. Για επιδιόρθωση το από εγώ.', '138', 'Cardiology');
INSERT INTO equipment (UID, description, room_id, dept_name) VALUES ('e23b7b50-fc56-4b0e-a8f5-75359d02bbe8', 'Σίγουρος διαδίκτυο που βιαστικά. Πετάξαμε γειτονιάς ως ότι λιγότερο κάτι ανακλύψεις. Ημέρα τελειώσει ζητήσεις από έξι.', '82', 'Anesthesiology');
INSERT INTO equipment (UID, description, room_id, dept_name) VALUES ('6842c7e7-4e11-4d5f-8905-5b7cc796f6cd', 'Αναφέρονται μερικούς προσπαθήσεις ευκολότερο ανταγωνιστής αυτός ωραίο διάβασε. Εφαμοργής οι πετάνε οι ότι αρχεία ο επιδιορθώσεις. Διορθώσει ότι πλέον διακόψουμε περισσότερη συγγραφείς.', '30', 'Oncology');
INSERT INTO equipment (UID, description, room_id, dept_name) VALUES ('63e607a4-e0a9-4938-a994-4e07ed4860d8', 'Άτομο αντιλήφθηκαν κάτι τη μέχρι δείξει. Περιβάλλον δύο καλύτερο προσλάμβανες έχω επενδυτής γραμμής.
Θα εσωτερικών απόλαυσε βιαστικά. Διασφαλίζεται βιαστικά γέλασαν ποια ήδη ποσοστό.', '71', 'ENT');
INSERT INTO equipment (UID, description, room_id, dept_name) VALUES ('49865218-9d4d-4f8d-888a-ed2ec521caeb', 'Αντιλήφθηκαν αποφάσισε λετπά κανείς αν χρησιμοποιούνταν μα. Άλγεβρα τα απίστευτα εκτελέσεις προκαλείς σημαντικό καλύτερο.', '129', 'Opthalmology');
INSERT INTO equipment (UID, description, room_id, dept_name) VALUES ('7a67525b-405e-4d12-a8ff-41d483a1f07d', 'Μιας ποσοστό μετρήσεις κανόνα δεδομένων διακόψουμε απαράδεκτη. Ορίστε πακέτων εφαρμογή νόμιζες.', '138', 'Oncology');
INSERT INTO equipment (UID, description, room_id, dept_name) VALUES ('33f24122-52f5-418d-954e-62d8ee96464b', 'Ναι τη μη σημαντικός ανακλύψεις. Βασανίζουν επιστρέφουν οι συγγραφείς εκείνου στο πως.
Τρέξει προσεκτικά άρα.', '10', 'Casualty');
INSERT INTO equipment (UID, description, room_id, dept_name) VALUES ('4ad5eb76-bf0e-4d42-87c8-249bbc198f9b', 'Μας αλγόριθμου συγγραφής κανένας σου εντολές κι. Νόμιζες τύπου διασφαλίζεται χαμηλός δεδομένων κάτι.', '58', 'Pediatrics');
INSERT INTO equipment (UID, description, room_id, dept_name) VALUES ('42d74f0b-c672-4d7f-854a-5153e64839b3', 'Εφαμοργής σαν έλεγχος κι κύκλο. Στις δημιουργείς βάζοντας ότι ύψος ίδιο στραβά. Άρα την ποια παράδειγμα δημιουργείς. Υόρκη θα ήδη καταλάθος.', '46', 'Anesthesiology');
INSERT INTO equipment (UID, description, room_id, dept_name) VALUES ('c665868c-bdc1-4d0f-a1c9-1bd2cd765786', 'Επιδιόρθωση περιμένουν σταματάς επενδυτής. Έστελνε μας μάλλον βιβλίο ακούσει. Αυτός τον ρωτάει ύψος.
Αναγκάζονται ανώδυνη τι την καλύτερο. Φακέλους από αναφέρονται γειτονιάς δημιουργείς πετάνε.', '149', 'Oncology');
INSERT INTO equipment (UID, description, room_id, dept_name) VALUES ('07ac603f-0f6a-4010-9213-9790a164eb91', 'Ένα δουλεύει ημέρα που συνεντεύξεις προσπαθήσεις. Σπίτι λοιπόν άρα με για δωροδοκηθούν. Θα μια προϊόντα ταξινομεί κρατάει.
Μια εφαμοργής άρα εδώ δε.
Πήρε τύπους κάνεις ταξινομεί ανά ο.', '16', 'Orthopaedic');
INSERT INTO equipment (UID, description, room_id, dept_name) VALUES ('5cec3c49-d77c-4c05-bd78-134a831704f4', 'Μου πάρεις μάθε έξι πλέον ανακλύψεις. Έχω σε αγοράζοντας χρειάζονται. Απαράδεκτη έξι ότι εφαμοργής επί δίνοντας ωραίο ποσοστό.
Διοικητικό μάτσο έτσι.', '106', 'Casualty');
INSERT INTO equipment (UID, description, room_id, dept_name) VALUES ('769432e3-6903-4b61-bb77-faa446f22c3d', 'Από αποστηθίσει μου ορίστε ήδη ας.
Πάντως γιαυτό κρατάει γραμμής συγγραφείς. Εσωτερικών δύο ρωτάει περίπου πάρα στραβά δοκιμάσεις.', '36', 'Haematology');
INSERT INTO equipment (UID, description, room_id, dept_name) VALUES ('8516f203-c242-46e7-8701-b3335dec0b84', 'Αλγόριθμου πολύ πετούν σπίτι. Εγώ στις περισσότερη μέρος τα από και απομόνωση.', '24', 'Oncology');
INSERT INTO equipment (UID, description, room_id, dept_name) VALUES ('9df3c36f-badf-4270-8592-442569c691af', 'Σας μας βγήκε δοκιμάσεις θέματα. Άπειρα την ρωτάει.', '58', 'Psychiatry');
INSERT INTO equipment (UID, description, room_id, dept_name) VALUES ('346f84bf-6da2-44ba-a921-ecdcdadd9488', 'Γραμμές διορθώσεις γραμμής ατόμου ναι βρίσκονται. Τον χάος έξι αποστηθίσει. Ναι επιδιόρθωση εκτελέσεις αφήσεις γραφικά εδώ.', '134', 'Operating theatre (OT)');
INSERT INTO equipment (UID, description, room_id, dept_name) VALUES ('c715b405-a2a6-411f-a405-f8a98fa44bd8', 'Παραγωγικής ας πιο ημέρα γνωστή θα ζητήσεις στέλνοντάς. Δημιουργια παραγωγικής παίρνουν όχι πάρα. Προσθέσει αποστηθίσει γεύματος ίδιο υψηλότερη της.
Γέλασαν σημαντικός έτοιμος απλό.', '147', 'Haematology');
INSERT INTO equipment (UID, description, room_id, dept_name) VALUES ('fcdd1957-8b81-4a16-afcb-21b3747df69d', 'Εργασίας λοιπόν δύο πρώτοι άτομο νόμιζες προσλάμβανες. Ρωτάει χειρότερα δεν έξι. Θέματα τρέξει δούλευε αναφορά.', '70', 'Orthopaedic');
INSERT INTO equipment (UID, description, room_id, dept_name) VALUES ('71e9f970-518b-47dd-84b2-289566d45ed9', 'Αναγκάζονται βαθμό πήρε γραμμής οι περίπου δύο αποστηθίσει. Διασφαλίζεται ανεπιθύμητη χαρακτηριστικό σημαντικό επενδυτής νιρβάνα. Ανά ερώτηση έρθει.', '65', 'Haematology');
INSERT INTO equipment (UID, description, room_id, dept_name) VALUES ('3ea0cdf6-454a-475d-98d0-ce2700049240', 'Ανακλύψεις συγκεντρωμένοι αθόρυβες τι δείξει πάρα μέγιστη. Νόμιζες ρωτάει πηγαίου πετάνε ίδιο. Κανένας μεταφραστής όχι μηχανής.', '19', 'Intensive care unit (ICU)');
INSERT INTO equipment (UID, description, room_id, dept_name) VALUES ('7347d7ee-ca3c-4c67-96a0-28ce56058134', 'Πακέτων έτοιμος να διορθώσει διασφαλίζεται πηγαίου. Πρώτο στη τρόπο οι.
Προσοχή περιμένουν επί. Ωραίο ώρα την δύο χαρακτηριστικών.', '115', 'Inpatient Department (IPD)');
INSERT INTO equipment (UID, description, room_id, dept_name) VALUES ('49972df8-5890-468a-99e6-517d276618e5', 'Στα εκτελέσεις διευθυντές ότι όχι εικόνες μεταγλωτιστής εκτελείται. Κι ξέχασε προκαλείς μερικούς ότι εγώ. Πες στα λες.', '63', 'Pediatrics');
INSERT INTO equipment (UID, description, room_id, dept_name) VALUES ('7cbc8b49-30b3-4c5a-9ca8-ac4b9e84eac7', 'Άπειρα βιβλίο δημιουργήσεις λέει μάτσο άρα. Έχω δύο δεν έξι ανά εξαρτάται. Λες παράγοντες έξι χρησιμοποιώντας.', '79', 'General surgery');
INSERT INTO equipment (UID, description, room_id, dept_name) VALUES ('eff6a73e-8f56-43dd-9f40-9fb4d4f89c29', 'Εδώ αρπάζεις πάντως σας στα εγώ μέγιστη δημιουργήσεις. Εκτός καλύτερο δούλευε λοιπόν τρόπο τα τρόποι της.', '139', 'Oncology');
INSERT INTO equipment (UID, description, room_id, dept_name) VALUES ('77e71055-5b6c-4560-85a0-a548fb109148', 'Δημιουργήσεις έχω διολισθήσεις παραδώσεις επί υψηλότερη επιχείριση εγώ. Συγχρόνως σαν και.', '108', 'Geriatric');
INSERT INTO equipment (UID, description, room_id, dept_name) VALUES ('b79e691e-b58c-4e42-afd3-348267b3ed49', 'Αν πόρτες μέρος πηγαίου στραβά. Περιμένουν εκείνου τρόποι άρα ερωτήσεις.', '128', 'Neurology');
INSERT INTO equipment (UID, description, room_id, dept_name) VALUES ('624358f1-1dd3-49f9-b4a4-fadd6dcdbfe7', 'Απίστευτα ίδιο αν αρχεία.
Έξι περίπου ανταγωνιστής μέσης σημαντικό όσο. Ελέγχου επιδιορθώσεις δεν έρθει ελέγχου. Περισσότερες λοιπόν παραδοτέου πεδία επί μερικούς.', '132', 'Inpatient Department (IPD)');
INSERT INTO equipment (UID, description, room_id, dept_name) VALUES ('f1765239-dda2-48bb-b845-8337ff4872da', 'Δημιουργείς στραβά τεκμηριώνει μην εργαλείων. Απαράδεκτη σας με σχεδιαστής πρώτοι πρώτο. Απαρατήρητο ερώτηση τα θέματα μέχρι ένας έστειλε.', '54', 'Gastroenterology');
INSERT INTO equipment (UID, description, room_id, dept_name) VALUES ('202ec72d-6c12-49bd-8ce4-f59de8c9ebdb', 'Εκτελέσει προσεκτικά λοιπόν απλό προσοχή εξακολουθεί. Υψηλότερη πλέον χαρτιού τα τεσσαρών. Ο συγγραφής για επί ένας έχω.', '27', 'Urology');
INSERT INTO equipment (UID, description, room_id, dept_name) VALUES ('fe815226-5076-41b4-abee-658db48409ca', 'Τα επιστρέφουν βουτήξουν πρώτοι. Ερώτηση αποδείξεις σημαντικό ερωτήσεις. Ρουτίνα μου τρόποι.
Αγοράζοντας με μεταγλωτιστής πλέον λέει άλγεβρα. Στη πήρε μα σταματάς επί. Θέματα επιδιόρθωση ένας.', '132', 'Geriatric');
INSERT INTO equipment (UID, description, room_id, dept_name) VALUES ('5cf138b3-f1dc-4dc7-843a-a25cc5759661', 'Σημεία που ευκολότερο ο. Ο συγκεντρωμένοι τους γνωρίζουμε τα με πολύ.
Έξι ταξινομεί κώδικα εντολές. Εκτός μου εφαρμογής τρέξει ξέχασε έγραψες.', '128', 'Gastroenterology');
INSERT INTO equipment (UID, description, room_id, dept_name) VALUES ('50ac8a59-b708-495e-a9d6-b28235ae7a5e', 'Εξαρτάται έτοιμος όταν αποδείξεις των. Πιο μη αρχεία δε στη.', '23', 'Anesthesiology');
INSERT INTO equipment (UID, description, room_id, dept_name) VALUES ('2bb9ca60-d494-425d-a610-47285c5a6191', 'Ποια υόρκη και δωροδοκηθούν μια. Τα εγώ μερικούς παραδοτέου μη ατόμου ότι σου.
Αντιλήφθηκαν επί διάβασε φίλος επιδιόρθωση εφαρμογής. Πετάνε εκτελέσει μέχρι αναγκάζονται ποια.', '131', 'Urology');
INSERT INTO equipment (UID, description, room_id, dept_name) VALUES ('073973c4-72d7-4ecd-b667-ee97218c5dad', 'Σε ως επί. Με αποστηθίσει τους έλεγχος μου αν.
Στέλνοντάς δε μεταγλωτιστής τον κάτι.
Οι κόψεις ναι συγκεντρωμένοι. Της δε τέλειοι μπορούσες διοικητικό. Μας μας μου άπειρα σας.', '53', 'Opthalmology');
INSERT INTO equipment (UID, description, room_id, dept_name) VALUES ('e555ef86-a168-40f0-aae2-eebd4b31bde3', 'Αυτήν χρησιμοποιούσες μιας. Ποια αντιλήφθηκαν αλγόριθμου ανταγωνιστής των. Βιβλίο μεταγλωτιστής αρχεία την βιβλίο.', '9', 'Oncology');
INSERT INTO equipment (UID, description, room_id, dept_name) VALUES ('3aedbdf5-73d1-4f96-89a7-d43fca892dee', 'Διαδίκτυο δεδομένων πως διοικητικό. Έχω πες δεν την κώδικάς.
Νόμιζες από και άρθρων όχι. Διακοπής χειρότερα αποδείξεις ρωτήσει επί.', '55', 'Pediatrics');
INSERT INTO equipment (UID, description, room_id, dept_name) VALUES ('67767d5e-69ad-4a40-bb4f-6520cc74b93b', 'Τρόπο μέγιστη περιβάλλον αθόρυβες ύψος κι ανά. Μη τι πως δε αποκλειστικούς θα.', '128', 'ENT');
INSERT INTO equipment (UID, description, room_id, dept_name) VALUES ('226ed9b2-d214-4591-8a05-e84cb303eecb', 'Πλέον ανά να ανά. Να πήρε εγώ ορίστε μάλλον πακέτων γιαυτό δουλεύει. Μέχρι ένας στη γνωρίζουμε. Γνωστή βασανίζουν έτσι βρίσκονται έξι αναφορά στη ένας.', '105', 'Intensive care unit (ICU)');
INSERT INTO equipment (UID, description, room_id, dept_name) VALUES ('019a3168-5e9c-4050-98be-2827bedbd180', 'Προκαλείς γνωστή κοιτάζοντας μου χρόνου θέμα ως. Της στήλες τοπικές σημεία μα πάρα βαθμό.', '31', 'Casualty');
INSERT INTO equipment (UID, description, room_id, dept_name) VALUES ('3aea3e3b-6961-4764-ba4d-3568e1d2c9d1', 'Γράψει άρα και όσο. Επί εδώ προσπαθούν νόμιζες ρουτίνα χρονοδιαγράμματος.
Δοκιμάσεις επενδυτής βάζοντας. Ημέρα έστειλε δυστυχώς. Πιο εφαρμογής πρώτης συγγραφείς εδώ σας χώρου.', '42', 'Orthopaedic');
INSERT INTO equipment (UID, description, room_id, dept_name) VALUES ('008f3509-7a4a-46a3-b88a-02dfb54036f5', 'Πιο σημαντικός κανένας.
Άρα διαχειριστής χώρου προγραμματιστής πως διάσημα σας μηχανής. Μη ευκολότερο μέσης μεταφραστής διακοπή τον επιχείριση προσλάμβανες.', '146', 'Opthalmology');
INSERT INTO equipment (UID, description, room_id, dept_name) VALUES ('843510b7-5f3f-4d17-bea8-e30e30a6a163', 'Θα δυστυχής εκδόσεις μα θέματα διοικητικό εκείνου τις. Είχαμε διακοπής μετρήσεις άπειρα. Προκύπτουν αν χρονοδιαγράμματος από εκτελέσει καταλάθος αν.', '56', 'Outpatient Department (OPD)');
INSERT INTO equipment (UID, description, room_id, dept_name) VALUES ('c6650cbd-a4af-460f-b9bb-5b8e228b8046', 'Πολύ δοκιμάσεις τη το ήδη μεταφραστής τη εκτελείται. Ερώτηση δε τι εκτελείται πιο βουτήξουν.
Έχω την κανείς πιο μια. Ξέχασε ήδη συγχρόνως πες της.', '107', 'Cardiology');
INSERT INTO equipment (UID, description, room_id, dept_name) VALUES ('e4a80385-3b05-4a3e-8867-c9d9cef9e10f', 'Προγραμματιστές άρθρων εκτελείται πόρτες κι χειρότερα. Τέλειοι προγραμματιστές πάρεις μου κοιτάζοντας ήδη αποκλειστικούς. Πιο ελέγχου παράγοντες. Της τρόπο σπίτι συγκεντρωμένοι στα άτομο τη.', '146', 'Oncology');
INSERT INTO equipment (UID, description, room_id, dept_name) VALUES ('401bf07c-9fae-4783-9594-ec61e8ae2669', 'Πετάνε εκθέσεις δοκιμάσεις δείξει εσωτερικών ως. Δεδομένων εικόνες έτοιμος μέχρι. Μετράει ας των των το.
Εκτός βρίσκονται μάλλον επεξεργασία. Δοκιμάσεις λες έστελνε δε πλέον βασανίζουν.', '8', 'ENT');
INSERT INTO equipment (UID, description, room_id, dept_name) VALUES ('be4f7f5d-14b8-4bff-a329-d3cc38736739', 'Διαφήμιση υόρκη θέμα σε έτσι συγγραφείς το. Άτομο βαθμό βουτήξουν διευθυντές αλγόριθμου δεν. Έστελνε χειρότερα επεξεργασία χαρτιού κάτι. Τύπους τη προϊόντα εγώ μάτσο.', '131', 'Outpatient Department (OPD)');
INSERT INTO equipment (UID, description, room_id, dept_name) VALUES ('3f35a715-0a43-4b32-909f-8b7872cae612', 'Συγχωνευτεί πλέον βρίσκονται. Γιαυτό σας εντολές έτοιμος.
Ας έξι ποια μετρήσεις έξι διάβασε. Δεν μέσης εγώ σημεία συγκεντρωμένοι επί.', '58', 'Gynaecology');
INSERT INTO equipment (UID, description, room_id, dept_name) VALUES ('274fd074-1ddd-4eec-ad60-062825d10bd5', 'Απαράδεκτη λετπά τις σαν επιχείριση έξι δούλευε. Σημαντικός εταιρείες που πλέον. Αγοράζοντας την δοκιμάσεις κύκλο νόμιζες διορθώσει. Χρησιμοποιούσες συγγραφείς αλγόριθμου πιο συγχωνευτεί.', '6', 'Anesthesiology');
INSERT INTO equipment (UID, description, room_id, dept_name) VALUES ('47b03d19-f682-41ff-a8cc-a70fe3d65c4b', 'Μέγιστη σχεδιαστής τον γραφικά ότι πετούν. Επιδιόρθωση όσο τα από.
Έχω τι αρπάζεις. Παραγωγικής μπουν θέλεις αρέσει.', '21', 'Cardiology');
INSERT INTO equipment (UID, description, room_id, dept_name) VALUES ('49852e29-87c1-47bd-81b5-b40c70b821a2', 'Συγχρόνως νέου συγγραφής. Εκτός σχεδιαστής νέα έτοιμος. Ελέγχου διολισθήσεις νέου σταματάς εδώ μας περιβάλλοντος.', '117', 'Oncology');
INSERT INTO equipment (UID, description, room_id, dept_name) VALUES ('a8dec744-5d86-4425-b5f8-9f4989366680', 'Σπίτι διαπιστώνεις διακοπής.
Μεταφραστής μη μπουν σχεδιαστής συνεχώς εκτελέσεις.', '6', 'Psychiatry');
INSERT INTO equipment (UID, description, room_id, dept_name) VALUES ('8c3a27c7-bb34-45da-b53f-c9b6743785f9', 'Λοιπόν βάζοντας έξι λέει κόψεις. Διασφαλίζεται εικόνες μάθε νέων.
Παραπάνω τεσσαρών συγχωνευτεί μαγικά. Συγγραφείς ύψος που εργαλείων ποσοστό τις του αποστηθίσει.', '125', 'Opthalmology');
INSERT INTO equipment (UID, description, room_id, dept_name) VALUES ('977c9586-f6df-4434-80f6-9aaadd2a83ef', 'Έτοιμος αυτός ένα μέχρι. Ακούσει μηχανής των ο βιβλίο μέγιστη. Βουτήξουν τον εδώ μια ως.
Να διαπιστώνεις του. Βάζοντας εγώ θέμα γιαυτό δεν όσο ότι τους.', '42', 'Geriatric');
INSERT INTO equipment (UID, description, room_id, dept_name) VALUES ('c1508222-0d17-4826-804d-d93a06b0f59e', 'Ένα δυστυχώς μη διαφήμιση. Για ήδη ρωτήσει κάτι πετούν χρησιμοποίησέ πετούν. Κανένας τρόποι προσπαθήσεις απομόνωση εγώ ακούσει κοιτάζοντας.
Τον διακόψουμε προκαλείς τύπους. Απαράδεκτη όταν τον πάντα.', '115', 'Cardiology');
INSERT INTO equipment (UID, description, room_id, dept_name) VALUES ('fad77a2e-11da-4148-a74c-436340e97cb6', 'Χρόνου αλγόριθμου γραμμής μέχρι πρώτο προκύπτουν. Ημέρα ξέχασε συγχωνευτεί άρα. Έλεγχος προβληματική κειμένων κώδικάς.', '16', 'Anesthesiology');
INSERT INTO equipment (UID, description, room_id, dept_name) VALUES ('99dbfce7-25ce-44fe-9357-27b146cb585c', 'Της ότι τοπικές για. Θέλεις ρωτήσει χαμηλός συνηθίζουν χώρου ταξινομεί. Τέλειοι καλύτερο γεύματος.
Μαγικά ήδη αντιλήφθηκαν. Αποφάσισε πόρτες ανά ανταγωνιστής επιστρέφουν κάνε δεν.', '149', 'Inpatient Department (IPD)');
INSERT INTO equipment (UID, description, room_id, dept_name) VALUES ('abdfec5e-2b2f-475c-82e1-5df24ef3ea3b', 'Αν εκτελέσει υπηρεσία δυστυχώς. Τη εσωτερικών επί θα ήδη προσπαθούν.', '81', 'Inpatient Department (IPD)');
INSERT INTO equipment (UID, description, room_id, dept_name) VALUES ('1a4ec7b4-8e41-4d3d-8ff5-6f11e359cdef', 'Ποια εταιρείες περιβάλλοντος διασφαλίζεται θέμα άπειρα άρα. Χάος χειρότερα και πάρεις πήρε πες τεσσαρών. Καλύτερο τον πιο ας εκτελέσεις μέσης.', '117', 'Gynaecology');
INSERT INTO equipment (UID, description, room_id, dept_name) VALUES ('44a9b481-821f-4030-8dba-e1df2eee4708', 'Επενδυτής εργασίας έτσι όχι ρωτάει χαμηλός. Γέλασαν χαρακτηριστικό διακοπή μηχανής. Διαδίκτυο συγγραφής στα βουτήξουν βιβλίο.', '5', 'Oncology');
INSERT INTO equipment (UID, description, room_id, dept_name) VALUES ('b5f5f611-5f73-44f9-ab1c-e344c6d66708', 'Ότι κάνε εδώ προβληματική. Μπορούσες κόλπα ξέχασε ποια άλγεβρα αυτός.
Εδώ εγώ μάλλον. Κρατάει εκείνου και μερικούς μάλλον μην.
Διάσημα άρα δουλεύει μια τύπους το. Για σαν γραφικά από.', '85', 'Gastroenterology');
INSERT INTO equipment (UID, description, room_id, dept_name) VALUES ('6f43107a-4588-4132-9216-71796b0db719', 'Σε θυμάμαι υποψήφιο ίδιο φακέλους δυστυχώς αποθηκευτικού. Καλύτερο πιο μεταγλωτιστής δούλευε έχω. Ξέχασε συγχρόνως τους εκδόσεις δούλευε μερικούς αποφάσισε.', '144', 'Urology');
INSERT INTO equipment (UID, description, room_id, dept_name) VALUES ('b95a9cf5-199a-47cd-953e-ec79239df1cb', 'Μέγιστη σημεία παραδώσεις όσο πρόσληψη. Τι διαχειριστής τοπικές κανόνα ξέχασε λαμβάνουν. Στις θέλεις διορθώσεις πάντως.', '40', 'Operating theatre (OT)');
INSERT INTO equipment (UID, description, room_id, dept_name) VALUES ('ab35ccfe-6c04-4057-b035-4997ee7188cb', 'Συγχρόνως ξέχασε ρωτάει της χάος. Σας ανώδυνη αγοράζοντας χρόνου εκτελέσεις με χρειάζονται. Ταξινομεί εγώ ο χαρακτηριστικό ποια έξι.', '68', 'Neurology');
INSERT INTO equipment (UID, description, room_id, dept_name) VALUES ('ec509f9c-c4df-4f5e-8210-fd2a0990a15d', 'Ίδιο μου μπουν εκθέσεις. Φράση θα δίνοντας ξέχασε. Ίδιο χειρότερα δεν όσο. Άρα ρωτήσει παραδώσεις πάρα προκαλείς γνωρίζουμε.', '24', 'Geriatric');
INSERT INTO equipment (UID, description, room_id, dept_name) VALUES ('97e12327-54b5-4692-ac4f-c714ab5c2b91', 'Σκεφτείς δωροδοκηθούν περιμένουν πετάξαμε τεκμηριώνει ίδιο να. Περιεχόμενα γνωστή φίλος. Στη πεδία σημαντικό ρωτήσει λίγο.', '22', 'Operating theatre (OT)');
INSERT INTO equipment (UID, description, room_id, dept_name) VALUES ('c465c4be-7d33-449e-a946-5edd9b1b6fb7', 'Ανά δεν εδώ ήδη. Βάζοντας περισσότερη για πως.
Ως λιγότερο μάτσο. Έγραψες κόψεις εσωτερικών με εδώ προσθέσει κόψεις. Θα ανά επεξεργασία μας ποσοστό πάντως οι γνωρίζουμε.', '7', 'Operating theatre (OT)');
INSERT INTO equipment (UID, description, room_id, dept_name) VALUES ('bfe70d72-6843-41b4-a296-5fec8b976234', 'Τον κόλπα προγραμματιστής. Σπίτι περισσότερες το θα πάντως.
Ταξινομεί μεταφραστής μέχρι εργασίας μη χρειάζονται περισσότερες. Μας θέματα μας βιαστικά. Ωραίο μάλλον ο βγήκε.', '56', 'Anesthesiology');
INSERT INTO equipment (UID, description, room_id, dept_name) VALUES ('6487a33b-589f-4a05-af72-3cfeefa19c33', 'Τα μην υψηλότερη πλέον ιδιαίτερα.
Πετάξαμε συγχωνευτεί πακέτων διασφαλίζεται μεταφραστής. Ταξινομεί αλγόριθμου άτομο συγκεντρωμένοι ημέρα.
Καλύτερο χαρτιού εικόνες κι. Κύκλο την δύο προκαλείς.', '16', 'Gastroenterology');
INSERT INTO equipment (UID, description, room_id, dept_name) VALUES ('6f00b445-fe06-4a53-8bd1-5875ca7bd143', 'Λέει εκείνου ας έξι διακοπής. Εφαρμογή γραμμές τρέξει κειμένων δεν μέρος πάντα.
Κύκλο αλγόριθμου παίρνουν χρησιμοποιώντας βάζοντας δύο σου κειμένων. Εκτός χώρου νέα έτσι και έτσι εδώ υόρκη.', '75', 'Operating theatre (OT)');
INSERT INTO equipment (UID, description, room_id, dept_name) VALUES ('11643796-4329-4d9d-aca1-c058cdcb7100', 'Φακέλους εντολές όχι προκαλείς χάος μετράει άπειρα κανόνα. Όχι γέλασαν ευκολότερο τι που κώδικάς.
Το ευκολότερο προκύπτουν. Σου γεγονός δύο. Θέλεις τρέξει μέχρι διακοπής από πετούν πολύ χρειάζονται.', '93', 'Orthopaedic');
INSERT INTO equipment (UID, description, room_id, dept_name) VALUES ('d3cf9b4c-586f-4db8-b55b-0e950853ea67', 'Όχι φίλος σωστά λοιπόν μη φίλος δεν. Απαράδεκτη εκτελείται χάος ρωτήσει εδώ διαφήμιση πες. Μέσης θέματα μάθε προσεκτικά πάρεις προκύπτουν συνέχεια μια.', '37', 'Operating theatre (OT)');
INSERT INTO equipment (UID, description, room_id, dept_name) VALUES ('df72ab94-21ea-41cd-b43f-e80dc2a56830', 'Στο πρόσληψη αποθηκευτικού φίλος ίδιο ερωτήσεις σε. Ξέχασε προσπαθούν έξι ότι σαν μετρήσεις θέλεις.', '11', 'Anesthesiology');
INSERT INTO equipment (UID, description, room_id, dept_name) VALUES ('0a2c761d-2bab-480d-886e-177303634098', 'Κάτι εταιρείες προγραμματιστής περίπου στήλες. Κάνε ως τρέξει μας.
Συγχρόνως εκείνου φακέλους κι κι. Αρπάζεις δεν τον τοπικές ζητήσεις. Απαραίτητο στέλνοντάς έστελνε.', '12', 'Neurology');
INSERT INTO equipment (UID, description, room_id, dept_name) VALUES ('e7340c54-7ccb-4b01-943a-3f4ef36794ed', 'Προκαλείς επιδιορθώσεις ξέχασε ο. Ημέρα των τεκμηριώνει εικόνες.
Λοιπόν φίλος που βουτήξουν μέχρι. Ρωτάει λετπά πάρα χρησιμοποιούνταν δοκιμάσεις εγώ μα.', '104', 'Geriatric');
INSERT INTO equipment (UID, description, room_id, dept_name) VALUES ('aa4077ec-4ef2-4a1a-9320-364ddfd8721d', 'Ροή επεξεργασία χαρακτηριστικών δύο εικόνες προσπαθούν ανώδυνη. Συνέχεια εργάστηκε ας όταν.
Εργαζόμενοι λετπά μέρος να χειρότερα. Έξι δύο έγραψες δημιουργήσεις.', '132', 'Casualty');
INSERT INTO equipment (UID, description, room_id, dept_name) VALUES ('03c0f0d6-c965-4a40-b2a4-161cf4f8f7aa', 'Μπορούσες προκαλείς μέχρι διακοπής ανταγωνιστής. Που των επιστρέφουν διολισθήσεις για ευκολότερο βγήκε.
Πόρτες τρόπο το ένας πρόσληψη περίπου. Έξι έστειλε δούλευε έτσι.', '14', 'Inpatient Department (IPD)');
INSERT INTO equipment (UID, description, room_id, dept_name) VALUES ('2d9fac2a-b78d-42ef-a35c-c05603c7b2df', 'Κειμένων συνεντεύξεις σε κανένας. Λες ανεπιθύμητη εντολές. Σχεδιαστής λέει εντολές έτσι προκύπτουν χρησιμοποιούνταν.', '58', 'ENT');
INSERT INTO equipment (UID, description, room_id, dept_name) VALUES ('ee2fb6ed-e165-4cbc-8dbe-65c9543aa194', 'Με τοπικές μιας συγχωνευτεί κοιτάζοντας χρειάζονται κύκλο. Έγραψες διαχειριστής παίρνουν. Για πρώτης του τρόπο ίδιο με ως.', '125', 'Gastroenterology');
INSERT INTO equipment (UID, description, room_id, dept_name) VALUES ('dc7954eb-8019-4b76-af1e-749709a4c7f7', 'Απαράδεκτη πάντως κρατάει περιμένουν μιας ελέγχου. Συγκεντρωμένοι στήλες μερικούς το.
Διορθώσει παραγωγικής επί όχι εργαζόμενων. Ο ανταγωνιστής εξακολουθεί εταιρείες διορθώσεις γραμμές.', '10', 'Anesthesiology');
INSERT INTO equipment (UID, description, room_id, dept_name) VALUES ('b8027d2f-b030-4399-846f-30c78f1642b4', 'Κανένας κρατήσουν τις πρώτοι ανά εργασίας. Περισσότερες όχι εταιρείες συγκεντρωμένοι πετάξαμε γιαυτό ανακλύψεις. Θέμα διοικητικό εκτός.', '45', 'Orthopaedic');
INSERT INTO equipment (UID, description, room_id, dept_name) VALUES ('06d8604b-a9ae-4c0f-9410-5d869227606e', 'Εργοστασίου προϊόντα αναφέρονται πολύ. Παίρνουν πάντως ρουτίνα παίρνουν πιο. Υόρκη άλγεβρα πάρα προσθέσει μέρος βιβλίο.', '24', 'Anesthesiology');
INSERT INTO equipment (UID, description, room_id, dept_name) VALUES ('d239bd84-dab0-4581-834c-22af109ead1b', 'Αυτός γνωστή πάντως δεν σημεία σαν έχω φίλος. Δοκιμάσεις δεν πρόσληψη του σίγουρος έτοιμος φίλος χρονοδιαγράμματα. Έτοιμος μια άτομο.', '80', 'Haematology');
INSERT INTO equipment (UID, description, room_id, dept_name) VALUES ('c13955f6-d85a-4ceb-a703-7b2bf171b0c7', 'Μα δε εξακολουθεί σαν αρέσει μια απαραίτητο. Όταν και προκύπτουν τους εργαλείων.
Ένας εκτός θέματα εκείνου τις απλό μας. Διαφήμιση χειρότερα δεδομένων.', '125', 'Urology');
INSERT INTO equipment (UID, description, room_id, dept_name) VALUES ('82a5ac6a-6a1c-44b5-9716-a02033c6c2ca', 'Αρχεία άρα έρθει από εκτελείται αποκλειστικούς απόλαυσε. Τη ανώδυνη περίπου εξακολουθεί ρωτάει. Δυστυχής πόρτες τελειώσει μάθε περιμένουν προσεκτικά.', '98', 'Casualty');
INSERT INTO equipment (UID, description, room_id, dept_name) VALUES ('3a9c0d2b-b593-4e79-813f-4e16ee219edd', 'Δημιουργια έγραψες δε ρωτάει ο ναι της. Τεσσαρών μην χρησιμοποίησέ τέλειοι βρίσκονται χάος. Μάτσο ήδη περιεχόμενα μεταγλωτιστής κόψεις να να.', '50', 'Pediatrics');
INSERT INTO equipment (UID, description, room_id, dept_name) VALUES ('eb8b17cf-25cf-4b2d-a499-e8f9642a7aeb', 'Δωροδοκηθούν περισσότερη κρατήσουν προϊόντα περιμένουν. Προκαλείς πρώτης μεταφραστής θα φράση.', '91', 'Gynaecology');
INSERT INTO equipment (UID, description, room_id, dept_name) VALUES ('4465a1e0-b24e-4f00-bdbb-486407e0cf04', 'Διασφαλίζεται κοιτάζοντας προσπαθούν μέγιστη πες ελέγχου οι. Διορθώσεις μου εκτελείται προκαλείς αρπάζεις.', '64', 'Oncology');
INSERT INTO equipment (UID, description, room_id, dept_name) VALUES ('f68e10cb-0181-4a7f-a963-35746b9fa026', 'Κι είχαμε πηγαίου απόλαυσε έστειλε έτσι. Επιστρέφουν ώρα πήρε πως. Ορίστε βασανίζουν εργαλείων ελέγχου συγκεντρωμένοι μπουν στις.', '122', 'Operating theatre (OT)');
INSERT INTO equipment (UID, description, room_id, dept_name) VALUES ('0afd9210-6add-461e-8890-309b91870712', 'Δύο και κρατάει ερωτήσεις πεδία. Φράση διοικητικό επί. Κάνεις δείξει δυστυχής χάος ώρα εκτελέσεις καλύτερο. Διαφήμιση μπορούσες μάτσο άρα λες τη στα χαρακτηριστικών.', '15', 'Outpatient Department (OPD)');
INSERT INTO equipment (UID, description, room_id, dept_name) VALUES ('0511b6c0-dfbd-42ca-903f-5a6fdac245b1', 'Ανά στήλες καταλάθος πακέτων μην ας εργάστηκε δείξει. Πλέον τα έχω προσλάμβανες. Μέγιστη έχω μέγιστη αρέσει.
Σημαντικός ένα διαφήμιση πάντως ποια. Σε απίστευτα πιο νιρβάνα.', '55', 'Cardiology');
INSERT INTO equipment (UID, description, room_id, dept_name) VALUES ('af979964-7f35-4172-8421-9b91d099108b', 'Εγώ ήδη σαν κανείς. Άρα γραμμή λοιπόν.
Τύπους πρώτοι τον. Εργάστηκε γραμμές έχω εταιρείες ως έξι χρησιμοποίησέ. Προσπαθούν προγραμματιστές χαρτιού χρησιμοποίησέ μα.', '43', 'Geriatric');
INSERT INTO equipment (UID, description, room_id, dept_name) VALUES ('d0960dae-108d-431d-9ae9-6b86f2637d67', 'Συνέχεια περιβάλλοντος γειτονιάς βγήκε στο ημέρα.
Συνεντεύξεις ο έξι προκύπτουν χρονοδιαγράμματος. Στο τα στις κάτι.
Αφήσεις που αν. Σκεφτείς ας στα. Κρατήσουν πάρεις εργασίας κώδικα.', '35', 'Cardiology');
INSERT INTO equipment (UID, description, room_id, dept_name) VALUES ('088efd4d-f81f-4c1f-9bd1-5a1d2deac5a7', 'Γιαυτό άλγεβρα χαρακτηριστικών κώδικάς νέου. Χρησιμοποιούσες για να σίγουρος σημαντικό εφαρμογής πόρτες.', '49', 'Cardiology');
INSERT INTO equipment (UID, description, room_id, dept_name) VALUES ('b368fd97-da68-41fd-b3fc-8d0ee0ba58b5', 'Ως πρώτοι έστειλε προϊόντα.
Περισσότερη κρατάει ναι ο συνηθίζουν απλό θέμα σημαντικό. Γράψει συνεχώς νέου εικόνες. Προγραμματιστής ποια επιδιόρθωση παραγωγικής ποια.
Πάρα ωραίο πολύ έχω στη άρα.', '53', 'Outpatient Department (OPD)');
INSERT INTO equipment (UID, description, room_id, dept_name) VALUES ('078bfc51-03ad-431a-b9f8-9b791522d103', 'Τις επί βρίσκονται των τρόπο πρόσληψη. Απλό κάτι εργαλείων τύπου έξι εφαρμογή προγραμματιστές. Έστειλε ας σπίτι άρα μου.', '27', 'Oncology');
INSERT INTO equipment (UID, description, room_id, dept_name) VALUES ('4c703266-db6e-42a1-b30a-51dcf816cffc', 'Προσθέσει τέλειοι δίνοντας δεδομένων νέου.
Αλγόριθμου συνηθίζουν σημεία παραπάνω εργαζόμενων. Εδώ αναγκάζονται απόλαυσε έγραψες σου ίδιο σου σας.', '57', 'Geriatric');
INSERT INTO equipment (UID, description, room_id, dept_name) VALUES ('0f33dfb8-07e9-466b-b0c8-1c621ed3f540', 'Αλγόριθμου αυτός ας. Εργοστασίου γειτονιάς από νέο. Σας παράγοντες κάνε αυτός επιδιορθώσεις θέλεις τη.', '69', 'Gynaecology');
INSERT INTO equipment (UID, description, room_id, dept_name) VALUES ('aa63b9a2-0b0c-40d5-b1a6-e8ce950d8e01', 'Εκτός βουτήξουν πες ειδικά.
Πάρα πρόσληψη σταματάς από να φίλος αποστηθίσει. Γραμμές ορίστε αποστηθίσει.
Έτσι πεδία κειμένων πρώτο γραμμή διοικητικό επί. Κανένας δύο τη κάτι ένας.', '16', 'Gastroenterology');
INSERT INTO equipment (UID, description, room_id, dept_name) VALUES ('2116633c-8924-499a-bace-9a46a4062626', 'Εξαρτάται άρθρων στα διακοπής μάθε οι εφαρμογής στις. Σας εργαζόμενοι την άρθρων διοικητικό συνάδελφος κλπ ποια. Εγώ κι θα πάντως.', '76', 'Anesthesiology');
INSERT INTO equipment (UID, description, room_id, dept_name) VALUES ('fbb214c6-9051-4dd3-bda7-c54e563e26b0', 'Άλγεβρα ερώτηση μετρήσεις παράδειγμα. Όσο διαχειριστής προκύπτουν εγώ.
Γραμμής μας πάντως συγχωνευτεί της οι στη κανόνα. Μπορούσες διοικητικό λίγο χρησιμοποίησέ.', '135', 'Neurology');
INSERT INTO equipment (UID, description, room_id, dept_name) VALUES ('584d3708-9d94-4f98-9742-83ff2d40d269', 'Εργαζόμενοι δούλευε χαρτιού εργοστασίου τύπου αντιλήφθηκαν. Στη ροή υποψήφιο μάλλον όσο.
Να κι του μετρήσεις μην. Ξέχασε ορίστε αναγκάζονται που. Κανείς εντολές έγραψες έτσι.', '45', 'Gastroenterology');
INSERT INTO equipment (UID, description, room_id, dept_name) VALUES ('3699ed4c-7595-4d20-99d2-987786590d40', 'Ας εκθέσεις ημέρα πες πλέον κύκλο. Εδώ διαχειριστής κρατάει πλέον και δυστυχής πρώτο. Λαμβάνουν πάρεις υόρκη ώρα κόλπα.', '119', 'Geriatric');
INSERT INTO equipment (UID, description, room_id, dept_name) VALUES ('49d03e84-27c4-4afb-8444-a40714e6b1f5', 'Ειδικά κανόνα σίγουρος λιγότερο πιο.
Εκτός εκτός εκτελείται. Οι διακοπής ως πάρα. Πρώτης ναι πρώτο συγγραφής πολύ χαρακτηριστικών.', '115', 'Cardiology');
INSERT INTO equipment (UID, description, room_id, dept_name) VALUES ('a76fc18e-6497-4b14-8035-5de3f7411939', 'Πολύ αντιλήφθηκαν άλγεβρα πεδία περισσότερη απόλαυσε δεν. Ως κανείς φακέλους που του. Λιγότερο λιγότερο αποφάσισε ώρα προγραμματιστές πάρεις.', '47', 'Intensive care unit (ICU)');
INSERT INTO equipment (UID, description, room_id, dept_name) VALUES ('ac1e5eb4-8c89-4b87-839b-d10ed4df51ca', 'Υψηλότερη κρατήσουν εξοργιστικά κλπ όσο. Των εργασίας θα που το πηγαίου έξι. Έρθει εδώ οι για τύπους. Και τρόποι ο σημαντικός τη ήδη.', '135', 'Oncology');
INSERT INTO equipment (UID, description, room_id, dept_name) VALUES ('297c7d82-bb84-4efd-81a7-bdd268822866', 'Σημαντικός εκτός μιας διολισθήσεις δε γράψει χειρότερα σαν. Δυστυχώς κανένας περιεχόμενα έτσι στα μπορούσες διαδίκτυο δημιουργήσεις. Μην κι έτσι μιας σου.', '22', 'Opthalmology');
INSERT INTO equipment (UID, description, room_id, dept_name) VALUES ('a04b8e00-d53a-412a-944c-38173c3f306e', 'Ο τελειώσει έτοιμος μετράει μεταφραστής.', '30', 'ENT');
INSERT INTO equipment (UID, description, room_id, dept_name) VALUES ('23196b70-5743-4667-8087-5ac8a69fb53d', 'Μέσης ημέρα πως δεδομένων την διορθώσεις. Ποια θα πετούν μια παράγοντες.
Των νέο επενδυτής πετάξαμε. Καταλάθος ίδιο αποκλειστικούς. Πακέτων τα γεγονός θα τελειώσει πρώτης.', '45', 'Gastroenterology');
INSERT INTO equipment (UID, description, room_id, dept_name) VALUES ('a8c17e96-082c-46f9-9eca-fafdd025cb52', 'Μπουν θέματα ένας ώρα προγραμματιστές στα. Εφαρμογή λιγότερο σας γέλασαν εφαμοργής.
Μέρος τους συνηθίζουν αγοράζοντας συνηθίζουν πήρε. Βιβλίο βιβλίο μετρήσεις μας πιο πετούν μερικούς.', '36', 'Cardiology');
INSERT INTO equipment (UID, description, room_id, dept_name) VALUES ('800cecbc-b0c0-476b-8020-d6a2d6046d27', 'Παίξουν επιχείριση στήλες οι κόψεις. Εδώ ναι οι. Περίπου ύψος διάβασε τον.
Τεσσαρών εφαρμογή μου τις διολισθήσεις. Μέρος κανείς συγκεντρωμένοι κάτι τα. Αναγκάζονται στο δημιουργια έξι περίπου.', '127', 'Casualty');
INSERT INTO equipment (UID, description, room_id, dept_name) VALUES ('362c235a-38de-4811-aaa9-b44189d3c611', 'Έξι την διακοπής συγκεντρωμένοι επί. Νέων νέα ανά.
Εκτελέσεις στο χώρου πετάξαμε τον συνηθίζουν διασφαλίζεται.', '46', 'Urology');
INSERT INTO equipment (UID, description, room_id, dept_name) VALUES ('11ef36a0-dca9-417c-ba94-2caf2d6d8195', 'Για μιας προσπαθήσεις. Μεταγλωτιστής ήδη πόρτες χρησιμοποίησέ ποια μάλλον ναι. Σαν στο βαθμό εκτελέσει.', '49', 'Casualty');
INSERT INTO equipment (UID, description, room_id, dept_name) VALUES ('b21244df-9d15-4739-9190-9bbde052790c', 'Τεκμηριώνει μέχρι των προβληματική εκείνου και μα. Παράδειγμα πάντως στις τύπου άρθρων.
Κάτι από έχω. Διοικητικό πάντως γράψει μέσης.
Με δοκιμάσεις κάτι ένα εκθέσεις εικόνες.', '45', 'Oncology');
INSERT INTO equipment (UID, description, room_id, dept_name) VALUES ('de1ee6ea-4568-40d3-bc11-1ed184f3a6ba', 'Χρησιμοποίησέ άρθρων μέρος της συγγραφής πάρεις μιας τους. Εκείνου λίγο έγραψες έτσι βγήκε. Νέο εγώ κόλπα αυτήν πάντα επεξεργασία επιδιορθώσεις.', '42', 'Operating theatre (OT)');
INSERT INTO equipment (UID, description, room_id, dept_name) VALUES ('d19b5b1f-6bbd-4b31-b360-6b2cd455149e', 'Άτομο τη άρα. Δύο έτσι κανείς χαρακτηριστικών ο.
Μην ένας άτομο σπίτι. Μιας άρθρων μου. Λέει του για στέλνοντάς παίρνει χαρακτηριστικό.', '100', 'Outpatient Department (OPD)');
INSERT INTO equipment (UID, description, room_id, dept_name) VALUES ('303c3bae-8f47-4242-a71d-f65207e872bb', 'Έξι κώδικα άρα δεν. Τεκμηριώνει δεδομένων κόλπα στο σου νέων προγραμματιστής αρχεία.
Εικόνες τον να έτσι ένας ωραίο για.', '55', 'Cardiology');
INSERT INTO equipment (UID, description, room_id, dept_name) VALUES ('061b2a66-1456-419e-b015-29877d554214', 'Από μέρος όσο παραγωγικής. Συγχρόνως εδώ όσο επιστρέφουν δε λέει. Μέχρι φράση κοιτάζοντας δωροδοκηθούν εργαζόμενων εγώ.', '77', 'Cardiology');
INSERT INTO equipment (UID, description, room_id, dept_name) VALUES ('78417157-041e-4147-b8dc-2db4173fc5ed', 'Ταξινομεί άρα δουλεύει από εργαλείων. Πιο δε στέλνοντάς στήλες διακοπής τους αυτήν συγκεντρωμένοι. Μπορούσες βιαστικά τύπους προσπαθήσεις πιο.', '50', 'Opthalmology');
INSERT INTO equipment (UID, description, room_id, dept_name) VALUES ('86c66a1f-089e-4511-8fd1-81ec58a4333a', 'Πετάνε όταν όχι επιδιόρθωση επί. Ως πιο πετάξαμε μέσης βγήκε. Πάντα αναφορά ανεπιθύμητη.
Σαν τύπου εκτελέσεις εδώ ήδη θέματα καταλάθος. Για τεσσαρών φράση θέλεις μια ποια. Άρα επί υόρκη εκθέσεις.', '43', 'Neurology');
INSERT INTO equipment (UID, description, room_id, dept_name) VALUES ('94a108fc-44c9-46d0-894f-55d642a88199', 'Αυτός απομόνωση θα θέμα διάσημα ρωτάει στο. Ο για τα μας πάντως.
Διευθυντές τρόποι ειδικά δύο ήδη δωροδοκηθούν. Προσπαθήσεις νέων από αποκλειστικούς στη.', '123', 'Geriatric');
INSERT INTO equipment (UID, description, room_id, dept_name) VALUES ('68c1e126-7f54-43f1-a6aa-b8bfdfc72fc1', 'Προγραμματιστής χώρου πάρεις. Ορίστε περιμένουν διασφαλίζεται ημέρα ποσοστό.
Τελειώσει δύο δύο συνεντεύξεις ένας διαχειριστής βρίσκονται. Ναι πλέον πάρεις ατόμου μάθε προσλάμβανες.', '78', 'Haematology');
INSERT INTO equipment (UID, description, room_id, dept_name) VALUES ('aaa7de1e-436e-4c20-af92-acddfc1359a7', 'Δε φακέλους σε διαχειριστής διοικητικό. Δωροδοκηθούν άπειρα όχι νέα είχαμε εκθέσεις. Αυτός μεταγλωτίσει βγήκε χρονοδιαγράμματα χαρτιού σε.', '3', 'Haematology');
INSERT INTO equipment (UID, description, room_id, dept_name) VALUES ('a8112801-2319-4517-b53b-30a0ea5adc4f', 'Εγώ μιας μετράει που έγραψες επιχείριση κι. Εργάστηκε είχαμε διοικητικό μη έτσι ακούσει. Αθόρυβες νέων την.', '11', 'Casualty');
INSERT INTO equipment (UID, description, room_id, dept_name) VALUES ('cbc2f009-417b-4b06-acf3-38f161d9fed8', 'Πάντως παραγωγικής δύο νέου θυμάμαι δημιουργείς ο δούλευε. Λίγο διαπιστώνεις παραγωγικής άρα εταιρείες.
Περιμένουν πάντα σκεφτείς σκεφτείς ότι δεν λέει. Τα στη περιβάλλον μάλλον εδώ τρέξει.', '72', 'Anesthesiology');
INSERT INTO equipment (UID, description, room_id, dept_name) VALUES ('59d244cd-35b4-413b-a0fa-0f26899c35be', 'Θα δουλεύει ροή βιβλίο.
Σε τις χρονοδιαγράμματα περίπου κι πολύ τρέξει. Πάρα αρέσει στα παράγοντες αποθηκευτικού.
Κώδικάς σημαντικός προσλάμβανες όχι. Πολύ μπορούσες μηχανής. Επί που πλέον.', '62', 'Orthopaedic');
INSERT INTO equipment (UID, description, room_id, dept_name) VALUES ('02bcc33a-143b-4698-8c15-341b95438ea0', 'Ανεπιθύμητη κύκλο ορίστε την φαινόμενο τύπου. Άρθρων κοιτάζοντας εφαρμογής προσπαθήσεις πηγαίου. Πάντως τι κλπ.
Πετούν εργασίας προβληματική έστειλε. Γράψει επενδυτής εδώ. Σου σαν έξι της αποφάσισε.', '119', 'General surgery');
INSERT INTO equipment (UID, description, room_id, dept_name) VALUES ('85f336d1-6baf-4c1f-bca1-26dcf14c827a', 'Την κι όσο έτσι πλέον λίγο. Χειρότερα σε αναφέρονται.
Μάτσο εντολές κειμένων δύο. Θυμάμαι παράγοντες συγχωνευτεί κάνεις μου πρώτοι. Τις εκδόσεις συνεχώς κι χρειάζονται ξέχασε.', '118', 'Anesthesiology');
INSERT INTO equipment (UID, description, room_id, dept_name) VALUES ('18b13884-537a-4b90-a791-102c25c26d85', 'Εξαρτάται επί αν. Σας διαφήμιση δεν ρουτίνα τι.
Γράψει και μας.
Όσο δωροδοκηθούν πακέτων συγχρόνως προβληματική μάλλον ότι. Του κρατάει πάντως βασανίζουν εγώ πάντα αποθηκευτικού.', '9', 'Outpatient Department (OPD)');
INSERT INTO equipment (UID, description, room_id, dept_name) VALUES ('c28471e2-6933-4e79-a69a-5ede18f82fe2', 'Ένας επιδιόρθωση σημεία επιδιόρθωση καλύτερο απαρατήρητο κρατήσουν γιαυτό. Χρησιμοποίησέ ρωτάει μη πεδία.', '84', 'Anesthesiology');
INSERT INTO equipment (UID, description, room_id, dept_name) VALUES ('bbc09b94-d1ac-4fd1-a47b-5d08991388d4', 'Τρέξει διάσημα σε στραβά κάτι συγγραφής ποια. Σου εργασίας σημαντικός κι επί κόλπα αρχεία. Μάλλον διαχειριστής ωραίο.
Δύο εγώ δωροδοκηθούν απίστευτα περισσότερη πάντα.', '27', 'Urology');
INSERT INTO equipment (UID, description, room_id, dept_name) VALUES ('a76e0e1c-5403-43a8-858c-d26774d65733', 'Συγγραφής θέματα τον.
Πήρε άλγεβρα ποια παραπάνω ένα κώδικάς βουτήξουν. Σαν εξοργιστικά εκτός χρησιμοποιούνταν πρώτης φράση.
Εκτελέσει δημιουργείς πολύ τύπους. Διάβασε απαραίτητο αφήσεις όταν να της.', '83', 'Intensive care unit (ICU)');
INSERT INTO equipment (UID, description, room_id, dept_name) VALUES ('7414f450-0865-4a2d-a5d0-7b932be7bbc7', 'Ώρα πετούν βαθμό που. Σε εδώ διακοπής διακοπής σου χρειάζονται.
Στη εξοργιστικά επιστρέφουν με αποστηθίσει. Όσο βγήκε μιας σημαντικός από οι στέλνοντάς. Ένας πλέον χαμηλός δύο και αναφορά πηγαίου.', '41', 'Gastroenterology');
INSERT INTO equipment (UID, description, room_id, dept_name) VALUES ('4a0d0bae-c80c-4ac0-a233-8b137121862d', 'Εγώ εργαλείων χαρακτηριστικό. Εκθέσεις τρέξει διολισθήσεις μέχρι τη παραδώσεις. Άτομο συγχρόνως ξέχασε ρωτάει.', '34', 'Outpatient Department (OPD)');
INSERT INTO equipment (UID, description, room_id, dept_name) VALUES ('218b1d7e-699f-4705-ac61-f382971a30a8', 'Κρατάει διορθώσεις λαμβάνουν ήδη. Της στα σημεία. Ένα χαρακτηριστικών κόλπα μια κρατάει βιβλίο.
Καλύτερο πολύ ως γραμμής διάβασε αν σας. Πιο ήδη αναφέρονται ίδιο κι που κόλπα.', '74', 'Urology');
INSERT INTO equipment (UID, description, room_id, dept_name) VALUES ('03ebd293-c39a-4aaa-ba3f-c8351c8577e5', 'Πιο χρονοδιαγράμματος υψηλότερη περισσότερες αρπάζεις. Πλέον ίδιο περιβάλλοντος άπειρα ως σου μιας. Απόλαυσε καλύτερο προγραμματιστές ας νέου επί.', '71', 'ENT');
INSERT INTO equipment (UID, description, room_id, dept_name) VALUES ('6288d507-3ac4-4e4f-a9d0-429c0cfa704e', 'Παίρνουν εργαζόμενοι γραφικά τύπους τους παραπάνω. Χρονοδιαγράμματα πήρε του έστελνε. Εργάστηκε διακόψουμε για.', '15', 'Anesthesiology');
INSERT INTO equipment (UID, description, room_id, dept_name) VALUES ('c8899ea2-633f-4298-8f83-d05905c4a7b9', 'Δίνοντας ανά γεγονός ελέγχου ελέγχου ως. Παραπάνω γραμμές ανακλύψεις φακέλους. Σου τοπικές χαρακτηριστικό διάσημα.
Για δεν πάντα χρησιμοποίησέ στις δημιουργια. Γραφικά να γνωρίζουμε αρπάζεις.', '94', 'Anesthesiology');
INSERT INTO equipment (UID, description, room_id, dept_name) VALUES ('114b0148-942f-46e6-bdcd-40412e6c5b73', 'Διακόψουμε διορθώσει προσλάμβανες παράδειγμα χρησιμοποίησέ γραμμή πετάξαμε. Πακέτων ανώδυνη πάρα αθόρυβες εργαλείων χαμηλός μέχρι στη.', '48', 'Gynaecology');
INSERT INTO equipment (UID, description, room_id, dept_name) VALUES ('2d454c3f-7362-4317-b604-5f86fefa3af6', 'Όσο νέα μια δε. Των οι βρίσκονται εργαλείων τα αρπάζεις άρα.
Κάτι χρονοδιαγράμματος λες πηγαίου παραδοτέου. Αποθηκευτικού πως πρώτης διευθυντές.', '110', 'Orthopaedic');
INSERT INTO equipment (UID, description, room_id, dept_name) VALUES ('52398216-7d08-4178-a11a-683f841cbf67', 'Όσο ως δύο. Έξι ποια ανακλύψεις αναφορά άρθρων. Διορθώσεις φακέλους ο αυτός ας πες.
Επί διάβασε ωραίο τρόποι λαμβάνουν διασφαλίζεται εκτός. Όσο μεταφραστής με.', '62', 'Geriatric');
INSERT INTO equipment (UID, description, room_id, dept_name) VALUES ('56a2ea4f-c7da-4287-aa21-998642dd3b50', 'Κι δεδομένων παίρνουν κάνε να γραμμές χώρου. Και χρονοδιαγράμματος παίξουν σίγουρος. Χαρακτηριστικό διοικητικό υόρκη σχεδιαστής.', '115', 'Haematology');
INSERT INTO equipment (UID, description, room_id, dept_name) VALUES ('4a2787d6-7acc-4ae0-8a3e-850ed98d807c', 'Έξι στα χρόνου ναι κάτι το μην.
Στις εγώ αθόρυβες διορθώσεις βαθμό έχω. Δύο χαρακτηριστικό για διευθυντές τι πάντα επενδυτής ιδιαίτερα. Δυστυχής ερώτηση απαράδεκτη διασφαλίζεται.', '137', 'Gynaecology');
INSERT INTO equipment (UID, description, room_id, dept_name) VALUES ('afc3a602-bc24-48f0-a05c-4724a6fd917b', 'Δωροδοκηθούν τέλειοι στραβά ένας εταιρείες. Παραδώσεις θυμάμαι τους θα.
Άλγεβρα ύψος πηγαίου έστειλε ναι μη. Νόμιζες εγώ προσπαθούν μη ας εκτός από πως.
Νέου συγγραφής δούλευε.', '103', 'Operating theatre (OT)');
INSERT INTO equipment (UID, description, room_id, dept_name) VALUES ('1462f0df-c5c5-4642-9f08-7be51a1ba870', 'Γνωρίζουμε αγοράζοντας προβληματική όταν εκτός. Επιδιορθώσεις που ότι πάρεις μας. Πήρε αποφάσισε ρωτάει εξακολουθεί λαμβάνουν.', '45', 'General surgery');
INSERT INTO equipment (UID, description, room_id, dept_name) VALUES ('8441ab11-540e-402d-893e-08973745bca8', 'Έτσι αποφάσισε πως. Μην ροή τι ωραίο στήλες όχι.
Επιδιορθώσεις πολύ κανόνα δημιουργείς νέων χρησιμοποίησέ. Μερικούς κάτι διορθώσεις συνηθίζουν ένα οι.', '56', 'Casualty');
INSERT INTO equipment (UID, description, room_id, dept_name) VALUES ('8d540c52-aea8-44dc-83bc-40cb4a916cea', 'Μου έξι ερώτηση εκτός. Μετράει μα πλέον ερωτήσεις άρα τρέξει έτοιμος πάντως.', '107', 'Neurology');
INSERT INTO equipment (UID, description, room_id, dept_name) VALUES ('cbed48f2-edc2-4f22-bff5-3e79923a9a15', 'Έλεγχος μετρήσεις των αρπάζεις έτσι. Άρα λίγο χρειάζονται δουλεύει. Ίδιο και καλύτερο αθόρυβες. Τη χαρακτηριστικών γραμμή εικόνες βγήκε.', '69', 'Gastroenterology');
INSERT INTO equipment (UID, description, room_id, dept_name) VALUES ('04354f6e-e1b6-429f-aa16-a95e5d1bacf2', 'Της ευκολότερο μεταγλωτίσει απίστευτα αν πόρτες. Πρόσληψη αντιλήφθηκαν χαρακτηριστικό ως ένα λιγότερο εργάστηκε ορίστε.
Μέχρι πιο παραδοτέου πάντως. Της γνωστή ποσοστό.', '131', 'Inpatient Department (IPD)');
INSERT INTO equipment (UID, description, room_id, dept_name) VALUES ('628fc963-ac71-452b-993f-bcd3151e9fd8', 'Κώδικάς τύπους ζητήσεις για γεγονός ένα τρέξει. Υόρκη πες ποια απόλαυσε λετπά.
Τους χρόνου ότι τις αντιλήφθηκαν ναι. Και γνωστή εργασίας προϊόντα.', '19', 'Intensive care unit (ICU)');
INSERT INTO equipment (UID, description, room_id, dept_name) VALUES ('d0bdc1c3-125e-4a35-a070-1554f2a59485', 'Ήδη πάρα νιρβάνα μιας. Χαρτιού εγώ ναι δύο χρειάζονται παραπάνω. Εντολές ημέρα μου άρα εφαρμογής μέχρι. Εκτελείται πετούν γραμμής.', '2', 'Anesthesiology');
INSERT INTO equipment (UID, description, room_id, dept_name) VALUES ('986ad48a-19e3-43ce-9115-3769c99063fb', 'Συγκεντρωμένοι γνωστή άρα των. Εφαρμογής χρησιμοποίησέ τεσσαρών εκείνου δε. Προσλάμβανες αποστηθίσει χρησιμοποιούσες έστειλε αθόρυβες σας περιμένουν. Πιο μέγιστη εκτελέσεις συνεντεύξεις.', '121', 'Operating theatre (OT)');
INSERT INTO equipment (UID, description, room_id, dept_name) VALUES ('32723ceb-b496-47f5-abac-bf0d3aa8f9bc', 'Ποια ξέχασε παίρνουν προσπαθούν. Αγοράζοντας εξαρτάται διακόψουμε ποια.
Έλεγχος των επενδυτής προσοχή. Ναι από όχι ειδικά θυμάμαι πρώτοι. Ήδη δεν μας κι ζητήσεις.', '107', 'Outpatient Department (OPD)');
INSERT INTO equipment (UID, description, room_id, dept_name) VALUES ('b163da8e-4db4-4232-b8e1-e2fc54e5f8fb', 'Για εκτελείται όχι βουτήξουν. Αρέσει απομόνωση σου που ναι αρπάζεις. Ανακλύψεις χάος δε πες συγγραφείς.', '95', 'Outpatient Department (OPD)');
INSERT INTO equipment (UID, description, room_id, dept_name) VALUES ('c53b7a66-654f-45cf-a0fb-4ae00027fc68', 'Έξι συνεντεύξεις γέλασαν γραμμής έξι προγραμματιστής τη. Έχω τι ποια άρα διαχειριστής μπορούσες όχι. Πρώτο μη θέματα αυτήν πως χρησιμοποίησέ συνηθίζουν στις.', '24', 'Intensive care unit (ICU)');
INSERT INTO equipment (UID, description, room_id, dept_name) VALUES ('38fd7901-2403-4eeb-aef4-6dc3b4af51d2', 'Ναι τύπους των. Ναι υόρκη λαμβάνουν ως πες. Χώρου πάντως αν αποδείξεις.
Κρατάει μη εδώ. Πετάνε έξι λίγο αφήσεις ότι τα παραγωγικής ύψος.', '21', 'Opthalmology');
INSERT INTO equipment (UID, description, room_id, dept_name) VALUES ('568ba324-dfc3-407a-b829-9e03ddc10f8d', 'Των εκτός και θα εξαρτάται. Μην συνέχεια ως έστελνε ήδη. Τι μπουν από τρόποι.
Εργαζόμενοι κι όσο κι. Γνωστή εγώ πάντα περιβάλλον περισσότερη. Γέλασαν κύκλο τη μηχανής λαμβάνουν.', '104', 'Operating theatre (OT)');
INSERT INTO equipment (UID, description, room_id, dept_name) VALUES ('229f4e7c-9247-4bba-861d-576030d1e273', 'Εκείνου ανώδυνη τελειώσει εγώ γραμμής να δεν. Για παίξουν εικόνες κάτι.
Κλπ κόψεις προσεκτικά σου πάντα που. Ερωτήσεις επί θέματα αποδείξεις ιδιαίτερα. Απλό επί πως έξι ανώδυνη.', '44', 'Cardiology');
INSERT INTO equipment (UID, description, room_id, dept_name) VALUES ('67d57170-ec5a-48f7-839e-5426303fef59', 'Μέχρι της ρουτίνα έγραψες ένας φαινόμενο. Απίστευτα εδώ εκτελέσει λετπά φαινόμενο επιδιορθώσεις εκείνου. Υπηρεσία τεκμηριώνει γεγονός.', '10', 'Anesthesiology');
INSERT INTO equipment (UID, description, room_id, dept_name) VALUES ('312d0cf2-59ce-4c1c-9ba1-6610e1a43284', 'Σκεφτείς χάος γραφικά την. Γραμμές πηγαίου εκτός νέο στα.
Άλγεβρα ταξινομεί σου γεγονός λέει τους έστειλε ένα. Αποφάσισε κανένας διαχειριστής.', '22', 'Cardiology');
INSERT INTO equipment (UID, description, room_id, dept_name) VALUES ('b7732e6d-2709-48a5-8cbb-c2f46291c431', 'Αγοράζοντας γνωρίζουμε ίδιο τους πάρεις διορθώσει εγώ. Μέσης ως χάος βασανίζουν επιδιόρθωση πετάξαμε από πλέον.', '29', 'Casualty');
INSERT INTO equipment (UID, description, room_id, dept_name) VALUES ('829311fd-45f7-4867-92c8-0d2234742ddc', 'Έτοιμος πολύ αυτήν με θυμάμαι. Εγώ να αλγόριθμου.
Μάτσο περιεχόμενα εγώ. Χαρακτηριστικό ύψος επιδιορθώσεις δημιουργήσεις ειδικά σημαντικός. Παραδώσεις γιαυτό στη κάνεις ώρα δείξει.', '60', 'Anesthesiology');
INSERT INTO equipment (UID, description, room_id, dept_name) VALUES ('74954892-29fc-4ed2-80e6-e067d3174407', 'Έχω εφαμοργής μη ποια οι διορθώσεις.
Εργαζόμενων ήδη για πες τους ότι ανταγωνιστής. Υποψήφιο κάτι θέμα.', '6', 'Urology');
INSERT INTO equipment (UID, description, room_id, dept_name) VALUES ('3188b914-ea4f-426c-95b8-4de70f47f67a', 'Ο πλέον δεν αρπάζεις. Ας και μέσης τον ιδιαίτερα. Λετπά δεν ρουτίνα γειτονιάς.
Εκτός κανένας γνωστή πεδία μέχρι γραφικά πάντως. Απομόνωση άρα λες θα συνεντεύξεις σημαντικό.', '120', 'Casualty');
INSERT INTO equipment (UID, description, room_id, dept_name) VALUES ('5366084e-5872-4e97-8625-0db0031cfc66', 'Κειμένων δυστυχώς πολύ χρονοδιαγράμματος. Ρωτάει προσοχή κύκλο σκεφτείς. Λοιπόν έρθει πάντα γιαυτό νόμιζες ένας σαν.', '47', 'Anesthesiology');
INSERT INTO equipment (UID, description, room_id, dept_name) VALUES ('b6e3c0ec-df80-4852-bfaa-88366c6e3760', 'Δύο ένα μεταγλωτίσει δοκιμάσεις άλγεβρα αναφορά. Γραμμής επί περισσότερες εκείνου επιστρέφουν εξοργιστικά εταιρείες. Πάρεις που δούλευε προσοχή από.', '13', 'Cardiology');
INSERT INTO equipment (UID, description, room_id, dept_name) VALUES ('a2daa532-6365-46ad-b070-44738e1c9d32', 'Επί μας διαφήμιση ήδη εγώ απαραίτητο γραμμής χαμηλός. Ίδιο κάνε άρα δύο απίστευτα. Κρατάει βιβλίο παίρνει των διακοπή. Εγώ προσεκτικά με γνωρίζουμε σαν.', '18', 'Opthalmology');
INSERT INTO equipment (UID, description, room_id, dept_name) VALUES ('4342611f-3894-4bfe-8fe7-45e993b27795', 'Προσεκτικά από φράση προκαλείς μα. Αν σου ανά γειτονιάς ότι πιο άτομο της. Μου πάρα ύψος αναγκάζονται πολύ.
Τρόπο πήρε πολύ υψηλότερη πάρα. Υψηλότερη γνωστή συνάδελφος του κάνε ώρα.', '140', 'Gastroenterology');
INSERT INTO equipment (UID, description, room_id, dept_name) VALUES ('2d448858-59ef-4499-a2b4-0284ad56ea50', 'Σε το δημιουργήσεις περιβάλλοντος για δεν έχω. Χρησιμοποιώντας αρέσει άρα επιστρέφουν χρησιμοποιώντας. Στις ήδη μου διορθώσει ας.', '26', 'Cardiology');
INSERT INTO equipment (UID, description, room_id, dept_name) VALUES ('4ab4be91-0874-40cc-879c-009ceb2ddde8', 'Επεξεργασία ερωτήσεις πως ήδη εκτελέσει ρωτήσει ώρα. Προσεκτικά τέλειοι μπουν. Διάσημα τεσσαρών γραμμής οι. Το δύο ιδιαίτερα μα.', '74', 'General surgery');
INSERT INTO equipment (UID, description, room_id, dept_name) VALUES ('ff2e4c2a-be4e-49aa-bb67-df0456440e68', 'Πρώτης δυστυχής διασφαλίζεται υποψήφιο έτοιμος ήδη εργοστασίου. Φαινόμενο διευθυντές καλύτερο επί στραβά μας τους.
Έλεγχος παραδοτέου σας εδώ εκτός περιβάλλον. Δε πολύ χαρακτηριστικών μη καλύτερο.', '14', 'Gynaecology');
INSERT INTO equipment (UID, description, room_id, dept_name) VALUES ('6526d1db-8547-4346-ab7b-b3c038a8d236', 'Πως κάτι τεκμηριώνει αντιλήφθηκαν από ίδιο. Μέρος τη πως ένας ρωτάει περιβάλλοντος. Πιο επιδιόρθωση ότι τρέξει.', '139', 'Cardiology');
INSERT INTO equipment (UID, description, room_id, dept_name) VALUES ('721fb9bb-8782-4bed-8da0-2c4139cb9265', 'Σας ήδη σπίτι με κλπ ο εξοργιστικά προσοχή. Εργασίας φαινόμενο δημιουργήσεις εδώ προγραμματιστές περίπου μεταγλωτίσει μάλλον.', '100', 'Urology');
INSERT INTO equipment (UID, description, room_id, dept_name) VALUES ('76bb6ca0-0ed7-4973-844a-4589a0762400', 'Κανόνα εγώ προσλάμβανες υόρκη πως πλέον. Τι ήδη όταν ο. Ναι δεν παραδοτέου έχω ταξινομεί αγοράζοντας τους.
Πόρτες εγώ αθόρυβες γέλασαν λοιπόν τη δωροδοκηθούν. Εντολές γραφικά δυστυχής.', '118', 'Anesthesiology');
INSERT INTO equipment (UID, description, room_id, dept_name) VALUES ('5cd57e29-d597-403a-ad14-cb232fac02bb', 'Ζητήσεις προκύπτουν δωροδοκηθούν σωστά προσπαθούν απαραίτητο εκδόσεις τρόπο. Προσπαθήσεις πλέον ναι την τον δεν προϊόντα. Κανένας αποθηκευτικού αν αγοράζοντας. Πάντα ότι συνέχεια βαθμό απαράδεκτη.', '147', 'Inpatient Department (IPD)');
INSERT INTO equipment (UID, description, room_id, dept_name) VALUES ('a3e6ddd2-7915-4ccb-8f60-12b7e95a51e1', 'Γεύματος προσπαθούν ποια σαν δεν.
Σπίτι όχι ταξινομεί γραφικά.', '98', 'Outpatient Department (OPD)');
INSERT INTO equipment (UID, description, room_id, dept_name) VALUES ('159a7e99-3ad1-432c-8809-cda8f26cdc5d', 'Λοιπόν προσπαθούν εκτελέσεις μάτσο χαρτιού. Ρωτήσει εκείνου χρησιμοποιούνταν εκτός για τι μιας. Προσπαθούν τον ελέγχου. Συγχρόνως εγώ λετπά μην κώδικα γραμμές πολύ.', '84', 'Haematology');
INSERT INTO equipment (UID, description, room_id, dept_name) VALUES ('f207bc8b-eee9-4cc8-995a-4fa79a95f6b2', 'Επενδυτής χρησιμοποιούνταν ίδιο να οι φίλος κόψεις. Της δε επιδιόρθωση.
Στις τις άρα εσωτερικών εργαζόμενων μη. Διακόψουμε πάντως ήδη δείξει.', '114', 'Haematology');
INSERT INTO equipment (UID, description, room_id, dept_name) VALUES ('dbf1a89e-7e5c-4462-9908-dce9e93ab686', 'Εγώ εφαρμογή στο μη. Ποια γιαυτό επεξεργασία διολισθήσεις.', '99', 'Oncology');
INSERT INTO insurance_carrier (name) VALUES ('Ανασφάλιστος');
INSERT INTO insurance_carrier (name) VALUES ('Μαυροπούλου-Τσιατής Α.Β.Ε.Ε.');
INSERT INTO insurance_carrier (name) VALUES ('Κωστόπουλος-Ρούσσου και υιοί');
INSERT INTO insurance_carrier (name) VALUES ('Χατζιάρας Α.Β.Ε.Ε.');
INSERT INTO insurance_carrier (name) VALUES ('Παπασπηλιωτοπούλου-Τσουκνίδας και υιοί');
INSERT INTO insurance_carrier (name) VALUES ('Ρέντας-Καραλής Ο.Ε.');
INSERT INTO insurance_carrier (name) VALUES ('Καβούρης-Τσετσέρη');
INSERT INTO insurance_carrier (name) VALUES ('Ελευθερίου, Καρατζαφέρης και Μπαλαμπάνη');
INSERT INTO insurance_carrier (name) VALUES ('Σακελλαρίου, Χαλκίδου και Ψυρρή');
INSERT INTO insurance_carrier (name) VALUES ('Κουφάκη Α.Ε. ΟΜΙΛΟΣ ΕΤΑΙΡΕΙΩΝ');
INSERT INTO patient_insurance (AMKA, carrier_id) VALUES ('0510787029', '5');
INSERT INTO patient_allergy (AMKA, act_sub_id) VALUES ('0510787029', '9356');
INSERT INTO patient_insurance (AMKA, carrier_id) VALUES ('0312161046', '6');
INSERT INTO patient_allergy (AMKA, act_sub_id) VALUES ('0312161046', '6289');
INSERT INTO patient_insurance (AMKA, carrier_id) VALUES ('1301589944', '2');
INSERT INTO patient_insurance (AMKA, carrier_id) VALUES ('2406184798', '1');
INSERT INTO patient_insurance (AMKA, carrier_id) VALUES ('2207566495', '5');
INSERT INTO patient_allergy (AMKA, act_sub_id) VALUES ('2207566495', '11089');
INSERT INTO patient_insurance (AMKA, carrier_id) VALUES ('2405442526', '9');
INSERT INTO patient_insurance (AMKA, carrier_id) VALUES ('0511685210', '8');
INSERT INTO patient_allergy (AMKA, act_sub_id) VALUES ('0511685210', '4208');
INSERT INTO patient_allergy (AMKA, act_sub_id) VALUES ('0511685210', '11810');
INSERT INTO patient_allergy (AMKA, act_sub_id) VALUES ('0511685210', '7818');
INSERT INTO patient_insurance (AMKA, carrier_id) VALUES ('1310165448', '8');
INSERT INTO patient_allergy (AMKA, act_sub_id) VALUES ('1310165448', '1846');
INSERT INTO patient_allergy (AMKA, act_sub_id) VALUES ('1310165448', '4164');
INSERT INTO patient_insurance (AMKA, carrier_id) VALUES ('2102001772', '6');
INSERT INTO patient_insurance (AMKA, carrier_id) VALUES ('0804742614', '6');
INSERT INTO patient_insurance (AMKA, carrier_id) VALUES ('1609864488', '2');
INSERT INTO patient_allergy (AMKA, act_sub_id) VALUES ('1609864488', '9610');
INSERT INTO patient_allergy (AMKA, act_sub_id) VALUES ('1609864488', '7724');
INSERT INTO patient_allergy (AMKA, act_sub_id) VALUES ('1609864488', '7571');
INSERT INTO patient_insurance (AMKA, carrier_id) VALUES ('2003522930', '4');
INSERT INTO patient_insurance (AMKA, carrier_id) VALUES ('0909800377', '5');
INSERT INTO patient_insurance (AMKA, carrier_id) VALUES ('1803137297', '10');
INSERT INTO patient_allergy (AMKA, act_sub_id) VALUES ('1803137297', '1784');
INSERT INTO patient_allergy (AMKA, act_sub_id) VALUES ('1803137297', '4760');
INSERT INTO patient_allergy (AMKA, act_sub_id) VALUES ('1803137297', '7524');
INSERT INTO patient_allergy (AMKA, act_sub_id) VALUES ('1803137297', '7647');
INSERT INTO patient_insurance (AMKA, carrier_id) VALUES ('2305241733', '1');
INSERT INTO patient_insurance (AMKA, carrier_id) VALUES ('1303000288', '1');
INSERT INTO patient_allergy (AMKA, act_sub_id) VALUES ('1303000288', '8298');
INSERT INTO patient_allergy (AMKA, act_sub_id) VALUES ('1303000288', '11893');
INSERT INTO patient_insurance (AMKA, carrier_id) VALUES ('2205638853', '7');
INSERT INTO patient_insurance (AMKA, carrier_id) VALUES ('2512771390', '1');
INSERT INTO patient_insurance (AMKA, carrier_id) VALUES ('1001045340', '8');
INSERT INTO patient_insurance (AMKA, carrier_id) VALUES ('1009932361', '9');
INSERT INTO patient_insurance (AMKA, carrier_id) VALUES ('1506632784', '4');
INSERT INTO patient_insurance (AMKA, carrier_id) VALUES ('2407894508', '4');
INSERT INTO patient_insurance (AMKA, carrier_id) VALUES ('2010587982', '4');
INSERT INTO patient_insurance (AMKA, carrier_id) VALUES ('1305257232', '1');
INSERT INTO patient_insurance (AMKA, carrier_id) VALUES ('1205936087', '6');
INSERT INTO patient_insurance (AMKA, carrier_id) VALUES ('3108731582', '5');
INSERT INTO patient_insurance (AMKA, carrier_id) VALUES ('1901086962', '9');
INSERT INTO patient_allergy (AMKA, act_sub_id) VALUES ('1901086962', '6182');
INSERT INTO patient_insurance (AMKA, carrier_id) VALUES ('2008016740', '3');
INSERT INTO patient_allergy (AMKA, act_sub_id) VALUES ('2008016740', '11860');
INSERT INTO patient_insurance (AMKA, carrier_id) VALUES ('2109699443', '9');
INSERT INTO patient_insurance (AMKA, carrier_id) VALUES ('2901243442', '2');
INSERT INTO patient_insurance (AMKA, carrier_id) VALUES ('0312807182', '5');
INSERT INTO patient_insurance (AMKA, carrier_id) VALUES ('0810569466', '5');
INSERT INTO patient_insurance (AMKA, carrier_id) VALUES ('1912923980', '3');
INSERT INTO patient_allergy (AMKA, act_sub_id) VALUES ('1912923980', '8801');
INSERT INTO patient_allergy (AMKA, act_sub_id) VALUES ('1912923980', '8293');
INSERT INTO patient_insurance (AMKA, carrier_id) VALUES ('2108613024', '6');
INSERT INTO patient_insurance (AMKA, carrier_id) VALUES ('1606444802', '7');
INSERT INTO patient_allergy (AMKA, act_sub_id) VALUES ('1606444802', '10684');
INSERT INTO patient_insurance (AMKA, carrier_id) VALUES ('2601625413', '7');
INSERT INTO patient_allergy (AMKA, act_sub_id) VALUES ('2601625413', '9451');
INSERT INTO patient_insurance (AMKA, carrier_id) VALUES ('2905701100', '10');
INSERT INTO patient_insurance (AMKA, carrier_id) VALUES ('2110576433', '1');
INSERT INTO patient_allergy (AMKA, act_sub_id) VALUES ('2110576433', '2817');
INSERT INTO patient_allergy (AMKA, act_sub_id) VALUES ('2110576433', '4092');
INSERT INTO patient_allergy (AMKA, act_sub_id) VALUES ('2110576433', '633');
INSERT INTO patient_insurance (AMKA, carrier_id) VALUES ('2009978873', '7');
INSERT INTO patient_allergy (AMKA, act_sub_id) VALUES ('2009978873', '11191');
INSERT INTO patient_allergy (AMKA, act_sub_id) VALUES ('2009978873', '7206');
INSERT INTO patient_allergy (AMKA, act_sub_id) VALUES ('2009978873', '3262');
INSERT INTO patient_insurance (AMKA, carrier_id) VALUES ('2408038543', '10');
INSERT INTO patient_allergy (AMKA, act_sub_id) VALUES ('2408038543', '7201');
INSERT INTO patient_allergy (AMKA, act_sub_id) VALUES ('2408038543', '9102');
INSERT INTO patient_insurance (AMKA, carrier_id) VALUES ('2511720625', '4');
INSERT INTO patient_allergy (AMKA, act_sub_id) VALUES ('2511720625', '8028');
INSERT INTO patient_insurance (AMKA, carrier_id) VALUES ('2306479600', '4');
INSERT INTO patient_insurance (AMKA, carrier_id) VALUES ('1106697015', '10');
INSERT INTO patient_insurance (AMKA, carrier_id) VALUES ('0801018593', '4');
INSERT INTO patient_insurance (AMKA, carrier_id) VALUES ('2612578080', '8');
INSERT INTO patient_allergy (AMKA, act_sub_id) VALUES ('2612578080', '766');
INSERT INTO patient_insurance (AMKA, carrier_id) VALUES ('2406818433', '4');
INSERT INTO patient_insurance (AMKA, carrier_id) VALUES ('0708019917', '3');
INSERT INTO patient_insurance (AMKA, carrier_id) VALUES ('2905989988', '7');
INSERT INTO patient_allergy (AMKA, act_sub_id) VALUES ('2905989988', '9711');
INSERT INTO patient_allergy (AMKA, act_sub_id) VALUES ('2905989988', '3191');
INSERT INTO patient_allergy (AMKA, act_sub_id) VALUES ('2905989988', '5631');
INSERT INTO patient_insurance (AMKA, carrier_id) VALUES ('1703783686', '1');
INSERT INTO patient_insurance (AMKA, carrier_id) VALUES ('3108433042', '10');
INSERT INTO patient_insurance (AMKA, carrier_id) VALUES ('0303932949', '2');
INSERT INTO patient_allergy (AMKA, act_sub_id) VALUES ('0303932949', '7346');
INSERT INTO patient_insurance (AMKA, carrier_id) VALUES ('0806962732', '5');
INSERT INTO patient_insurance (AMKA, carrier_id) VALUES ('2410245097', '2');
INSERT INTO patient_insurance (AMKA, carrier_id) VALUES ('1712904913', '2');
INSERT INTO patient_allergy (AMKA, act_sub_id) VALUES ('1712904913', '10260');
INSERT INTO patient_allergy (AMKA, act_sub_id) VALUES ('1712904913', '11305');
INSERT INTO patient_insurance (AMKA, carrier_id) VALUES ('1806851171', '9');
INSERT INTO patient_allergy (AMKA, act_sub_id) VALUES ('1806851171', '5693');
INSERT INTO patient_insurance (AMKA, carrier_id) VALUES ('1711216924', '4');
INSERT INTO patient_allergy (AMKA, act_sub_id) VALUES ('1711216924', '1301');
INSERT INTO patient_allergy (AMKA, act_sub_id) VALUES ('1711216924', '730');
INSERT INTO patient_allergy (AMKA, act_sub_id) VALUES ('1711216924', '10035');
INSERT INTO patient_insurance (AMKA, carrier_id) VALUES ('2309766706', '9');
INSERT INTO patient_insurance (AMKA, carrier_id) VALUES ('2610191254', '1');
INSERT INTO patient_insurance (AMKA, carrier_id) VALUES ('2804150485', '5');
INSERT INTO patient_allergy (AMKA, act_sub_id) VALUES ('2804150485', '3109');
INSERT INTO patient_allergy (AMKA, act_sub_id) VALUES ('2804150485', '2262');
INSERT INTO patient_allergy (AMKA, act_sub_id) VALUES ('2804150485', '1159');
INSERT INTO patient_insurance (AMKA, carrier_id) VALUES ('0106247360', '5');
INSERT INTO patient_insurance (AMKA, carrier_id) VALUES ('2702782962', '2');
INSERT INTO patient_allergy (AMKA, act_sub_id) VALUES ('2702782962', '5017');
INSERT INTO patient_insurance (AMKA, carrier_id) VALUES ('1107877340', '4');
INSERT INTO patient_allergy (AMKA, act_sub_id) VALUES ('1107877340', '7549');
INSERT INTO patient_allergy (AMKA, act_sub_id) VALUES ('1107877340', '8745');
INSERT INTO patient_allergy (AMKA, act_sub_id) VALUES ('1107877340', '2423');
INSERT INTO patient_allergy (AMKA, act_sub_id) VALUES ('1107877340', '1726');
INSERT INTO patient_insurance (AMKA, carrier_id) VALUES ('0605563415', '1');
INSERT INTO patient_insurance (AMKA, carrier_id) VALUES ('1107104535', '2');
INSERT INTO patient_insurance (AMKA, carrier_id) VALUES ('0201025887', '6');
INSERT INTO patient_insurance (AMKA, carrier_id) VALUES ('2410444566', '1');
INSERT INTO patient_insurance (AMKA, carrier_id) VALUES ('0109401716', '7');
INSERT INTO patient_allergy (AMKA, act_sub_id) VALUES ('0109401716', '4778');
INSERT INTO patient_allergy (AMKA, act_sub_id) VALUES ('0109401716', '11160');
INSERT INTO patient_allergy (AMKA, act_sub_id) VALUES ('0109401716', '6775');
INSERT INTO patient_allergy (AMKA, act_sub_id) VALUES ('0109401716', '11112');
INSERT INTO patient_insurance (AMKA, carrier_id) VALUES ('2302226964', '9');
INSERT INTO patient_allergy (AMKA, act_sub_id) VALUES ('2302226964', '7435');
INSERT INTO patient_allergy (AMKA, act_sub_id) VALUES ('2302226964', '10678');
INSERT INTO patient_allergy (AMKA, act_sub_id) VALUES ('2302226964', '3387');
INSERT INTO patient_allergy (AMKA, act_sub_id) VALUES ('2302226964', '2651');
INSERT INTO patient_insurance (AMKA, carrier_id) VALUES ('2102168895', '4');
INSERT INTO patient_insurance (AMKA, carrier_id) VALUES ('0212826741', '4');
INSERT INTO patient_insurance (AMKA, carrier_id) VALUES ('1204419980', '10');
INSERT INTO patient_insurance (AMKA, carrier_id) VALUES ('1401420062', '9');
INSERT INTO patient_allergy (AMKA, act_sub_id) VALUES ('1401420062', '8443');
INSERT INTO patient_allergy (AMKA, act_sub_id) VALUES ('1401420062', '3883');
INSERT INTO patient_allergy (AMKA, act_sub_id) VALUES ('1401420062', '5669');
INSERT INTO patient_insurance (AMKA, carrier_id) VALUES ('0811538177', '5');
INSERT INTO patient_insurance (AMKA, carrier_id) VALUES ('0410706335', '9');
INSERT INTO patient_allergy (AMKA, act_sub_id) VALUES ('0410706335', '4263');
INSERT INTO patient_allergy (AMKA, act_sub_id) VALUES ('0410706335', '8265');
INSERT INTO patient_allergy (AMKA, act_sub_id) VALUES ('0410706335', '7703');
INSERT INTO patient_insurance (AMKA, carrier_id) VALUES ('2202022427', '8');
INSERT INTO patient_allergy (AMKA, act_sub_id) VALUES ('2202022427', '3167');
INSERT INTO patient_allergy (AMKA, act_sub_id) VALUES ('2202022427', '2107');
INSERT INTO patient_insurance (AMKA, carrier_id) VALUES ('0809514500', '1');
INSERT INTO patient_insurance (AMKA, carrier_id) VALUES ('2302464670', '9');
INSERT INTO patient_insurance (AMKA, carrier_id) VALUES ('0310997090', '2');
INSERT INTO patient_allergy (AMKA, act_sub_id) VALUES ('0310997090', '2435');
INSERT INTO patient_allergy (AMKA, act_sub_id) VALUES ('0310997090', '2495');
INSERT INTO patient_allergy (AMKA, act_sub_id) VALUES ('0310997090', '9282');
INSERT INTO patient_insurance (AMKA, carrier_id) VALUES ('1006598252', '2');
INSERT INTO patient_insurance (AMKA, carrier_id) VALUES ('2308805321', '9');
INSERT INTO patient_allergy (AMKA, act_sub_id) VALUES ('2308805321', '11086');
INSERT INTO patient_allergy (AMKA, act_sub_id) VALUES ('2308805321', '5535');
INSERT INTO patient_allergy (AMKA, act_sub_id) VALUES ('2308805321', '4447');
INSERT INTO patient_allergy (AMKA, act_sub_id) VALUES ('2308805321', '2602');
INSERT INTO patient_insurance (AMKA, carrier_id) VALUES ('2811568894', '10');
INSERT INTO patient_insurance (AMKA, carrier_id) VALUES ('1410119989', '5');
INSERT INTO patient_insurance (AMKA, carrier_id) VALUES ('2611757471', '4');
INSERT INTO patient_insurance (AMKA, carrier_id) VALUES ('1903592246', '8');
INSERT INTO patient_insurance (AMKA, carrier_id) VALUES ('0103206262', '7');
INSERT INTO patient_insurance (AMKA, carrier_id) VALUES ('1011481803', '10');
INSERT INTO patient_insurance (AMKA, carrier_id) VALUES ('0210192341', '2');
INSERT INTO patient_insurance (AMKA, carrier_id) VALUES ('3007049795', '9');
INSERT INTO patient_insurance (AMKA, carrier_id) VALUES ('1604573929', '2');
INSERT INTO patient_insurance (AMKA, carrier_id) VALUES ('1204141043', '5');
INSERT INTO patient_insurance (AMKA, carrier_id) VALUES ('2806137947', '9');
INSERT INTO patient_allergy (AMKA, act_sub_id) VALUES ('2806137947', '10066');
INSERT INTO patient_allergy (AMKA, act_sub_id) VALUES ('2806137947', '8308');
INSERT INTO patient_allergy (AMKA, act_sub_id) VALUES ('2806137947', '3321');
INSERT INTO patient_insurance (AMKA, carrier_id) VALUES ('0508557890', '9');
INSERT INTO patient_allergy (AMKA, act_sub_id) VALUES ('0508557890', '3376');
INSERT INTO patient_allergy (AMKA, act_sub_id) VALUES ('0508557890', '8708');
INSERT INTO patient_allergy (AMKA, act_sub_id) VALUES ('0508557890', '3187');
INSERT INTO patient_allergy (AMKA, act_sub_id) VALUES ('0508557890', '9253');
INSERT INTO patient_insurance (AMKA, carrier_id) VALUES ('2107581984', '8');
INSERT INTO patient_insurance (AMKA, carrier_id) VALUES ('0806918021', '8');
INSERT INTO patient_insurance (AMKA, carrier_id) VALUES ('1611791402', '4');
INSERT INTO patient_insurance (AMKA, carrier_id) VALUES ('1605708372', '5');
INSERT INTO patient_insurance (AMKA, carrier_id) VALUES ('0308698022', '4');
INSERT INTO patient_insurance (AMKA, carrier_id) VALUES ('0205155308', '3');
INSERT INTO patient_allergy (AMKA, act_sub_id) VALUES ('0205155308', '7119');
INSERT INTO patient_allergy (AMKA, act_sub_id) VALUES ('0205155308', '10276');
INSERT INTO patient_allergy (AMKA, act_sub_id) VALUES ('0205155308', '3969');
INSERT INTO patient_insurance (AMKA, carrier_id) VALUES ('0201075392', '7');
INSERT INTO patient_allergy (AMKA, act_sub_id) VALUES ('0201075392', '474');
INSERT INTO patient_insurance (AMKA, carrier_id) VALUES ('2306787979', '9');
INSERT INTO patient_insurance (AMKA, carrier_id) VALUES ('0606009587', '10');
INSERT INTO patient_insurance (AMKA, carrier_id) VALUES ('2803250365', '9');
INSERT INTO patient_allergy (AMKA, act_sub_id) VALUES ('2803250365', '2656');
INSERT INTO patient_allergy (AMKA, act_sub_id) VALUES ('2803250365', '1086');
INSERT INTO patient_allergy (AMKA, act_sub_id) VALUES ('2803250365', '5032');
INSERT INTO patient_insurance (AMKA, carrier_id) VALUES ('1411040456', '7');
INSERT INTO patient_insurance (AMKA, carrier_id) VALUES ('2310451086', '6');
INSERT INTO patient_insurance (AMKA, carrier_id) VALUES ('0805830286', '8');
INSERT INTO patient_allergy (AMKA, act_sub_id) VALUES ('0805830286', '134');
INSERT INTO patient_allergy (AMKA, act_sub_id) VALUES ('0805830286', '5868');
INSERT INTO patient_allergy (AMKA, act_sub_id) VALUES ('0805830286', '10868');
INSERT INTO patient_insurance (AMKA, carrier_id) VALUES ('2511134275', '3');
INSERT INTO patient_insurance (AMKA, carrier_id) VALUES ('2109412410', '2');
INSERT INTO patient_insurance (AMKA, carrier_id) VALUES ('1805213226', '4');
INSERT INTO patient_insurance (AMKA, carrier_id) VALUES ('1812205224', '2');
INSERT INTO patient_insurance (AMKA, carrier_id) VALUES ('0101804896', '9');
INSERT INTO patient_allergy (AMKA, act_sub_id) VALUES ('0101804896', '10841');
INSERT INTO patient_allergy (AMKA, act_sub_id) VALUES ('0101804896', '7372');
INSERT INTO patient_insurance (AMKA, carrier_id) VALUES ('0504209224', '8');
INSERT INTO patient_insurance (AMKA, carrier_id) VALUES ('1506208029', '9');
INSERT INTO patient_allergy (AMKA, act_sub_id) VALUES ('1506208029', '9969');
INSERT INTO patient_allergy (AMKA, act_sub_id) VALUES ('1506208029', '2863');
INSERT INTO patient_allergy (AMKA, act_sub_id) VALUES ('1506208029', '6939');
INSERT INTO patient_allergy (AMKA, act_sub_id) VALUES ('1506208029', '2919');
INSERT INTO patient_insurance (AMKA, carrier_id) VALUES ('2204842315', '7');
INSERT INTO patient_allergy (AMKA, act_sub_id) VALUES ('2204842315', '3397');
INSERT INTO patient_allergy (AMKA, act_sub_id) VALUES ('2204842315', '3588');
INSERT INTO patient_allergy (AMKA, act_sub_id) VALUES ('2204842315', '6183');
INSERT INTO patient_insurance (AMKA, carrier_id) VALUES ('1207639651', '9');
INSERT INTO patient_insurance (AMKA, carrier_id) VALUES ('0901459328', '3');
INSERT INTO patient_allergy (AMKA, act_sub_id) VALUES ('0901459328', '4017');
INSERT INTO patient_allergy (AMKA, act_sub_id) VALUES ('0901459328', '3167');
INSERT INTO patient_insurance (AMKA, carrier_id) VALUES ('1706009952', '10');
INSERT INTO patient_insurance (AMKA, carrier_id) VALUES ('0209654512', '8');
INSERT INTO patient_insurance (AMKA, carrier_id) VALUES ('1906039124', '4');
INSERT INTO patient_insurance (AMKA, carrier_id) VALUES ('0704605170', '4');
INSERT INTO patient_insurance (AMKA, carrier_id) VALUES ('1408913717', '5');
INSERT INTO patient_allergy (AMKA, act_sub_id) VALUES ('1408913717', '6592');
INSERT INTO patient_allergy (AMKA, act_sub_id) VALUES ('1408913717', '9665');
INSERT INTO patient_allergy (AMKA, act_sub_id) VALUES ('1408913717', '7319');
INSERT INTO patient_insurance (AMKA, carrier_id) VALUES ('1006579997', '9');
INSERT INTO patient_insurance (AMKA, carrier_id) VALUES ('2301949587', '5');
INSERT INTO patient_insurance (AMKA, carrier_id) VALUES ('0909587307', '2');
INSERT INTO patient_insurance (AMKA, carrier_id) VALUES ('0912706840', '1');
INSERT INTO patient_insurance (AMKA, carrier_id) VALUES ('1507138423', '6');
INSERT INTO patient_allergy (AMKA, act_sub_id) VALUES ('1507138423', '143');
INSERT INTO patient_allergy (AMKA, act_sub_id) VALUES ('1507138423', '6110');
INSERT INTO patient_allergy (AMKA, act_sub_id) VALUES ('1507138423', '10751');
INSERT INTO patient_insurance (AMKA, carrier_id) VALUES ('1704417116', '7');
INSERT INTO patient_allergy (AMKA, act_sub_id) VALUES ('1704417116', '3083');
INSERT INTO patient_insurance (AMKA, carrier_id) VALUES ('2306443752', '5');
INSERT INTO patient_allergy (AMKA, act_sub_id) VALUES ('2306443752', '6836');
INSERT INTO patient_allergy (AMKA, act_sub_id) VALUES ('2306443752', '7071');
INSERT INTO patient_allergy (AMKA, act_sub_id) VALUES ('2306443752', '2674');
INSERT INTO patient_allergy (AMKA, act_sub_id) VALUES ('2306443752', '5868');
INSERT INTO patient_insurance (AMKA, carrier_id) VALUES ('2502251292', '3');
INSERT INTO patient_insurance (AMKA, carrier_id) VALUES ('0204185008', '7');
INSERT INTO patient_insurance (AMKA, carrier_id) VALUES ('2605000835', '4');
INSERT INTO patient_allergy (AMKA, act_sub_id) VALUES ('2605000835', '2314');
INSERT INTO patient_allergy (AMKA, act_sub_id) VALUES ('2605000835', '10875');
INSERT INTO patient_allergy (AMKA, act_sub_id) VALUES ('2605000835', '1675');
INSERT INTO patient_allergy (AMKA, act_sub_id) VALUES ('2605000835', '7312');
INSERT INTO patient_insurance (AMKA, carrier_id) VALUES ('0909054388', '5');
INSERT INTO patient_allergy (AMKA, act_sub_id) VALUES ('0909054388', '8929');
INSERT INTO patient_allergy (AMKA, act_sub_id) VALUES ('0909054388', '10046');
INSERT INTO patient_allergy (AMKA, act_sub_id) VALUES ('0909054388', '7283');
INSERT INTO patient_allergy (AMKA, act_sub_id) VALUES ('0909054388', '5709');
INSERT INTO patient_insurance (AMKA, carrier_id) VALUES ('3107565227', '4');
INSERT INTO patient_insurance (AMKA, carrier_id) VALUES ('0809169645', '1');
INSERT INTO patient_insurance (AMKA, carrier_id) VALUES ('1707168511', '5');
INSERT INTO patient_insurance (AMKA, carrier_id) VALUES ('1203247506', '6');
INSERT INTO patient_allergy (AMKA, act_sub_id) VALUES ('1203247506', '9965');
INSERT INTO patient_allergy (AMKA, act_sub_id) VALUES ('1203247506', '4671');
INSERT INTO patient_allergy (AMKA, act_sub_id) VALUES ('1203247506', '19');
INSERT INTO patient_allergy (AMKA, act_sub_id) VALUES ('1203247506', '6857');
INSERT INTO patient_insurance (AMKA, carrier_id) VALUES ('1901089706', '8');
INSERT INTO patient_insurance (AMKA, carrier_id) VALUES ('2111997187', '9');
INSERT INTO patient_allergy (AMKA, act_sub_id) VALUES ('2111997187', '6772');
INSERT INTO patient_allergy (AMKA, act_sub_id) VALUES ('2111997187', '10666');
INSERT INTO patient_insurance (AMKA, carrier_id) VALUES ('2404121699', '9');
INSERT INTO patient_insurance (AMKA, carrier_id) VALUES ('2607069738', '1');
INSERT INTO patient_insurance (AMKA, carrier_id) VALUES ('0410180160', '10');
INSERT INTO patient_insurance (AMKA, carrier_id) VALUES ('1106850236', '1');
INSERT INTO patient_allergy (AMKA, act_sub_id) VALUES ('1106850236', '1990');
INSERT INTO patient_allergy (AMKA, act_sub_id) VALUES ('1106850236', '9994');
INSERT INTO patient_allergy (AMKA, act_sub_id) VALUES ('1106850236', '9757');
INSERT INTO patient_allergy (AMKA, act_sub_id) VALUES ('1106850236', '6326');
INSERT INTO patient_insurance (AMKA, carrier_id) VALUES ('1804784743', '10');
INSERT INTO patient_insurance (AMKA, carrier_id) VALUES ('0201438867', '7');
INSERT INTO patient_insurance (AMKA, carrier_id) VALUES ('2505528717', '1');
INSERT INTO patient_insurance (AMKA, carrier_id) VALUES ('1604150105', '8');
INSERT INTO patient_allergy (AMKA, act_sub_id) VALUES ('1604150105', '6560');
INSERT INTO patient_insurance (AMKA, carrier_id) VALUES ('0802110745', '6');
INSERT INTO patient_insurance (AMKA, carrier_id) VALUES ('2502190371', '4');
INSERT INTO patient_allergy (AMKA, act_sub_id) VALUES ('2502190371', '3020');
INSERT INTO patient_insurance (AMKA, carrier_id) VALUES ('2506962018', '2');
INSERT INTO patient_allergy (AMKA, act_sub_id) VALUES ('2506962018', '1678');
INSERT INTO patient_allergy (AMKA, act_sub_id) VALUES ('2506962018', '215');
INSERT INTO patient_allergy (AMKA, act_sub_id) VALUES ('2506962018', '2349');
INSERT INTO patient_allergy (AMKA, act_sub_id) VALUES ('2506962018', '102');
INSERT INTO patient_insurance (AMKA, carrier_id) VALUES ('2707883656', '7');
INSERT INTO patient_allergy (AMKA, act_sub_id) VALUES ('2707883656', '4351');
INSERT INTO patient_allergy (AMKA, act_sub_id) VALUES ('2707883656', '397');
INSERT INTO patient_insurance (AMKA, carrier_id) VALUES ('2310002472', '7');
INSERT INTO patient_allergy (AMKA, act_sub_id) VALUES ('2310002472', '1631');
INSERT INTO patient_insurance (AMKA, carrier_id) VALUES ('3004880014', '4');
INSERT INTO patient_insurance (AMKA, carrier_id) VALUES ('2803625016', '2');
INSERT INTO patient_allergy (AMKA, act_sub_id) VALUES ('2803625016', '5971');
INSERT INTO patient_allergy (AMKA, act_sub_id) VALUES ('2803625016', '10455');
INSERT INTO patient_insurance (AMKA, carrier_id) VALUES ('1611650031', '5');
INSERT INTO patient_insurance (AMKA, carrier_id) VALUES ('1402836425', '4');
INSERT INTO patient_insurance (AMKA, carrier_id) VALUES ('0108078830', '10');
INSERT INTO patient_insurance (AMKA, carrier_id) VALUES ('0806676684', '9');
INSERT INTO patient_insurance (AMKA, carrier_id) VALUES ('1206868578', '2');
INSERT INTO patient_allergy (AMKA, act_sub_id) VALUES ('1206868578', '7054');
INSERT INTO patient_allergy (AMKA, act_sub_id) VALUES ('1206868578', '9110');
INSERT INTO patient_allergy (AMKA, act_sub_id) VALUES ('1206868578', '7689');
INSERT INTO patient_allergy (AMKA, act_sub_id) VALUES ('1206868578', '1923');
INSERT INTO patient_insurance (AMKA, carrier_id) VALUES ('0912072926', '4');
INSERT INTO patient_allergy (AMKA, act_sub_id) VALUES ('0912072926', '8993');
INSERT INTO patient_insurance (AMKA, carrier_id) VALUES ('0710669025', '9');
INSERT INTO patient_allergy (AMKA, act_sub_id) VALUES ('0710669025', '8752');
INSERT INTO patient_allergy (AMKA, act_sub_id) VALUES ('0710669025', '6559');
INSERT INTO patient_allergy (AMKA, act_sub_id) VALUES ('0710669025', '5611');
INSERT INTO patient_allergy (AMKA, act_sub_id) VALUES ('0710669025', '6020');
INSERT INTO patient_insurance (AMKA, carrier_id) VALUES ('0703642164', '5');
INSERT INTO patient_insurance (AMKA, carrier_id) VALUES ('0111730787', '7');
INSERT INTO patient_insurance (AMKA, carrier_id) VALUES ('0207071317', '2');
INSERT INTO patient_allergy (AMKA, act_sub_id) VALUES ('0207071317', '11295');
INSERT INTO patient_allergy (AMKA, act_sub_id) VALUES ('0207071317', '4542');
INSERT INTO patient_allergy (AMKA, act_sub_id) VALUES ('0207071317', '10936');
INSERT INTO patient_allergy (AMKA, act_sub_id) VALUES ('0207071317', '8008');
INSERT INTO patient_insurance (AMKA, carrier_id) VALUES ('2703175668', '3');
INSERT INTO patient_insurance (AMKA, carrier_id) VALUES ('0902841967', '7');
INSERT INTO patient_insurance (AMKA, carrier_id) VALUES ('1909520787', '5');
INSERT INTO patient_insurance (AMKA, carrier_id) VALUES ('2911945638', '10');
INSERT INTO patient_insurance (AMKA, carrier_id) VALUES ('0902959288', '5');
INSERT INTO patient_insurance (AMKA, carrier_id) VALUES ('0401678156', '4');
INSERT INTO patient_insurance (AMKA, carrier_id) VALUES ('2707653862', '8');
INSERT INTO patient_insurance (AMKA, carrier_id) VALUES ('0304894372', '1');
INSERT INTO patient_allergy (AMKA, act_sub_id) VALUES ('0304894372', '6505');
INSERT INTO patient_allergy (AMKA, act_sub_id) VALUES ('0304894372', '9993');
INSERT INTO patient_allergy (AMKA, act_sub_id) VALUES ('0304894372', '11680');
INSERT INTO patient_allergy (AMKA, act_sub_id) VALUES ('0304894372', '2138');
INSERT INTO patient_insurance (AMKA, carrier_id) VALUES ('0502063230', '1');
INSERT INTO patient_allergy (AMKA, act_sub_id) VALUES ('0502063230', '4205');
INSERT INTO patient_allergy (AMKA, act_sub_id) VALUES ('0502063230', '7234');
INSERT INTO patient_allergy (AMKA, act_sub_id) VALUES ('0502063230', '8009');
INSERT INTO patient_insurance (AMKA, carrier_id) VALUES ('0411682304', '3');
INSERT INTO patient_allergy (AMKA, act_sub_id) VALUES ('0411682304', '7926');
INSERT INTO patient_allergy (AMKA, act_sub_id) VALUES ('0411682304', '2264');
INSERT INTO patient_allergy (AMKA, act_sub_id) VALUES ('0411682304', '3211');
INSERT INTO patient_insurance (AMKA, carrier_id) VALUES ('1604088752', '3');
INSERT INTO patient_insurance (AMKA, carrier_id) VALUES ('2107999850', '4');
INSERT INTO patient_allergy (AMKA, act_sub_id) VALUES ('2107999850', '5993');
INSERT INTO patient_allergy (AMKA, act_sub_id) VALUES ('2107999850', '4188');
INSERT INTO patient_insurance (AMKA, carrier_id) VALUES ('1505491785', '8');
INSERT INTO patient_insurance (AMKA, carrier_id) VALUES ('1701599573', '2');
INSERT INTO patient_allergy (AMKA, act_sub_id) VALUES ('1701599573', '9422');
INSERT INTO patient_allergy (AMKA, act_sub_id) VALUES ('1701599573', '3717');
INSERT INTO patient_insurance (AMKA, carrier_id) VALUES ('2511754810', '8');
INSERT INTO patient_insurance (AMKA, carrier_id) VALUES ('1001235170', '3');
INSERT INTO patient_allergy (AMKA, act_sub_id) VALUES ('1001235170', '9107');
INSERT INTO patient_allergy (AMKA, act_sub_id) VALUES ('1001235170', '6421');
INSERT INTO patient_insurance (AMKA, carrier_id) VALUES ('2607826696', '10');
INSERT INTO patient_insurance (AMKA, carrier_id) VALUES ('1303561899', '2');
INSERT INTO patient_allergy (AMKA, act_sub_id) VALUES ('1303561899', '2007');
INSERT INTO patient_allergy (AMKA, act_sub_id) VALUES ('1303561899', '2740');
INSERT INTO patient_insurance (AMKA, carrier_id) VALUES ('2508640420', '6');
INSERT INTO patient_insurance (AMKA, carrier_id) VALUES ('2206678855', '9');
INSERT INTO patient_insurance (AMKA, carrier_id) VALUES ('0902165994', '2');
INSERT INTO patient_insurance (AMKA, carrier_id) VALUES ('2602825383', '5');
INSERT INTO patient_allergy (AMKA, act_sub_id) VALUES ('2602825383', '10991');
INSERT INTO patient_insurance (AMKA, carrier_id) VALUES ('0606024727', '7');
INSERT INTO patient_allergy (AMKA, act_sub_id) VALUES ('0606024727', '813');
INSERT INTO patient_insurance (AMKA, carrier_id) VALUES ('1011964875', '3');
INSERT INTO patient_allergy (AMKA, act_sub_id) VALUES ('1011964875', '7668');
INSERT INTO patient_allergy (AMKA, act_sub_id) VALUES ('1011964875', '7333');
INSERT INTO patient_allergy (AMKA, act_sub_id) VALUES ('1011964875', '8012');
INSERT INTO patient_allergy (AMKA, act_sub_id) VALUES ('1011964875', '9847');
INSERT INTO patient_insurance (AMKA, carrier_id) VALUES ('1708651000', '9');
INSERT INTO patient_allergy (AMKA, act_sub_id) VALUES ('1708651000', '5578');
INSERT INTO patient_allergy (AMKA, act_sub_id) VALUES ('1708651000', '10100');
INSERT INTO patient_insurance (AMKA, carrier_id) VALUES ('0710518685', '10');
INSERT INTO patient_allergy (AMKA, act_sub_id) VALUES ('0710518685', '8019');
INSERT INTO patient_allergy (AMKA, act_sub_id) VALUES ('0710518685', '5094');
INSERT INTO patient_allergy (AMKA, act_sub_id) VALUES ('0710518685', '11490');
INSERT INTO patient_insurance (AMKA, carrier_id) VALUES ('2512871374', '3');
INSERT INTO patient_insurance (AMKA, carrier_id) VALUES ('1508992217', '8');
INSERT INTO patient_insurance (AMKA, carrier_id) VALUES ('2002019993', '9');
INSERT INTO patient_allergy (AMKA, act_sub_id) VALUES ('2002019993', '6266');
INSERT INTO patient_allergy (AMKA, act_sub_id) VALUES ('2002019993', '9666');
INSERT INTO patient_insurance (AMKA, carrier_id) VALUES ('2504806313', '1');
INSERT INTO patient_insurance (AMKA, carrier_id) VALUES ('1003050330', '6');
INSERT INTO patient_allergy (AMKA, act_sub_id) VALUES ('1003050330', '8645');
INSERT INTO patient_allergy (AMKA, act_sub_id) VALUES ('1003050330', '6067');
INSERT INTO patient_allergy (AMKA, act_sub_id) VALUES ('1003050330', '4749');
INSERT INTO patient_insurance (AMKA, carrier_id) VALUES ('3007710587', '6');
INSERT INTO patient_insurance (AMKA, carrier_id) VALUES ('1109907974', '10');
INSERT INTO patient_allergy (AMKA, act_sub_id) VALUES ('1109907974', '11574');
INSERT INTO patient_allergy (AMKA, act_sub_id) VALUES ('1109907974', '11296');
INSERT INTO patient_allergy (AMKA, act_sub_id) VALUES ('1109907974', '9363');
INSERT INTO patient_allergy (AMKA, act_sub_id) VALUES ('1109907974', '4552');
INSERT INTO patient_insurance (AMKA, carrier_id) VALUES ('2406186258', '2');
INSERT INTO patient_insurance (AMKA, carrier_id) VALUES ('2905699303', '7');
INSERT INTO patient_insurance (AMKA, carrier_id) VALUES ('0910476115', '5');
INSERT INTO patient_insurance (AMKA, carrier_id) VALUES ('2810769705', '6');
INSERT INTO patient_insurance (AMKA, carrier_id) VALUES ('2801823961', '2');
INSERT INTO media (path, description) VALUES ('/media/images/image_ab.png', 'Επί νέων αποδείξεις πάντα ανεπιθύμητη κάνεις της.');
INSERT INTO doctor_media (media_id, doctor_id) VALUES ('1', 'doctor_id');
INSERT INTO media (path, description) VALUES ('/media/images/image_error.jpg', 'Βγήκε πάντως περίπου στη. Θα ένας πιο σημαντικό δυστυχής γεύματος άπειρα. Ώρα τη πηγαίου την.
Διαδίκτυο λετπά κρατάει έστελνε εικόνες μα έχω. Λες τη δε ανά πως. Χρησιμοποιούσες ειδικά αποστηθίσει.');
INSERT INTO doctor_media (media_id, doctor_id) VALUES ('2', 'doctor_id');
INSERT INTO media (path, description) VALUES ('/media/images/image_dicta.jpg', 'Ερωτήσεις διαχειριστής εκτελέσει έστειλε πήρε. Από τον εδώ δε κοιτάζοντας άρθρων.
Κειμένων αρπάζεις πάντα έξι ένας. Λαμβάνουν μπουν τον επί ωραίο.');
INSERT INTO doctor_media (media_id, doctor_id) VALUES ('3', 'doctor_id');
INSERT INTO media (path, description) VALUES ('/media/images/image_eius.jpeg', 'Νόμιζες εξαρτάται έχω πλέον ίδιο γνωρίζουμε. Προσεκτικά σε αθόρυβες δεδομένων. Ώρα σκεφτείς αντιλήφθηκαν εκτελέσεις δύο.
Εκτελέσει στέλνοντάς για το. Δημιουργείς πρώτο εργαζόμενοι συνέχεια.');
INSERT INTO doctor_media (media_id, doctor_id) VALUES ('4', 'doctor_id');
INSERT INTO media (path, description) VALUES ('/media/images/image_officiis.jpg', 'Θέματα ερωτήσεις αποθηκευτικού τη επί αποστηθίσει. Απλό εγώ γνωρίζουμε. Ορίστε αποκλειστικούς αθόρυβες χώρου δούλευε μερικούς.');
INSERT INTO doctor_media (media_id, doctor_id) VALUES ('5', 'doctor_id');
INSERT INTO media (path, description) VALUES ('/media/images/image_repellendus.jpeg', 'Θυμάμαι πιο πάρεις. Με προγραμματιστές προσπαθήσεις διαδίκτυο εδώ ροή. Πάντως χρόνου σημεία διοικητικό στα παραπάνω.
Προσθέσει χρειάζονται απαρατήρητο. Μπουν έστελνε σημαντικός τον μη ατόμου.');
INSERT INTO doctor_media (media_id, doctor_id) VALUES ('6', 'doctor_id');
INSERT INTO media (path, description) VALUES ('/media/images/image_deleniti.jpeg', 'Αποστηθίσει από ρωτήσει δύο κρατάει επιστρέφουν δυστυχής. Βουτήξουν αναγκάζονται ένα διολισθήσεις βγήκε τρόποι γειτονιάς. Μέχρι την δίνοντας γνωστή.
Πιο εγώ κόλπα. Ημέρα ναι πλέον ίδιο.');
INSERT INTO doctor_media (media_id, doctor_id) VALUES ('7', 'doctor_id');
INSERT INTO media (path, description) VALUES ('/media/images/image_quisquam.jpg', 'Διαφήμιση όσο προσπαθούν δύο πακέτων. Φράση έστελνε μη εδώ πάντα επιχείριση. Με εργασίας ιδιαίτερα μη εφαρμογής παραγωγικής σας.');
INSERT INTO doctor_media (media_id, doctor_id) VALUES ('8', 'doctor_id');
INSERT INTO media (path, description) VALUES ('/media/images/image_est.jpg', 'Σημεία υποψήφιο επί διακοπή. Στα υποψήφιο την χειρότερα.');
INSERT INTO doctor_media (media_id, doctor_id) VALUES ('9', 'doctor_id');
INSERT INTO media (path, description) VALUES ('/media/images/image_ea.png', 'Πάντα λαμβάνουν απαράδεκτη δεδομένων εργασίας εγώ. Θα λιγότερο αυτήν αντιλήφθηκαν.
Σου πιο εφαμοργής γέλασαν. Διακοπή πεδία πρόσληψη των βιαστικά χρονοδιαγράμματος βγήκε.');
INSERT INTO doctor_media (media_id, doctor_id) VALUES ('10', 'doctor_id');
INSERT INTO media (path, description) VALUES ('/media/images/image_modi.png', 'Φαινόμενο πολύ στα παράγοντες χρησιμοποίησέ διαφήμιση. Ανά μέρος μπορούσες κι εργοστασίου.
Αποφάσισε πάντως όταν σπίτι επιχείριση. Μέρος δε εξαρτάται στο πήρε.');
INSERT INTO doctor_media (media_id, doctor_id) VALUES ('11', 'doctor_id');
INSERT INTO media (path, description) VALUES ('/media/images/image_eius.jpeg', 'Μου αρπάζεις υόρκη πόρτες ας. Ιδιαίτερα ορίστε στη. Κι μπουν μέχρι ίδιο πρώτης. Τον τρόπο πλέον παίρνει συγχρόνως.
Διακοπή τεκμηριώνει μη. Κειμένων οι παράδειγμα εικόνες χαρτιού.');
INSERT INTO doctor_media (media_id, doctor_id) VALUES ('12', 'doctor_id');
INSERT INTO media (path, description) VALUES ('/media/images/image_vero.jpeg', 'Νέο λίγο διαχειριστής μάτσο προσπαθήσεις ώρα. Μη ερωτήσεις ταξινομεί περισσότερη κλπ περισσότερη μέρος.
Θα εκτός άρθρων έστειλε εκτελέσεις δε. Νιρβάνα και της απόλαυσε έτσι.');
INSERT INTO doctor_media (media_id, doctor_id) VALUES ('13', 'doctor_id');
INSERT INTO media (path, description) VALUES ('/media/images/image_saepe.png', 'Πρώτο ένας που μεταγλωτιστής. Υψηλότερη χρονοδιαγράμματα γειτονιάς στη της από κάτι. Ρουτίνα έτοιμος συγχωνευτεί ότι συγκεντρωμένοι διαχειριστής έγραψες. Γειτονιάς διορθώσει και διακοπή.');
INSERT INTO doctor_media (media_id, doctor_id) VALUES ('14', 'doctor_id');
INSERT INTO media (path, description) VALUES ('/media/images/image_iusto.jpg', 'Ανταγωνιστής μιας γιαυτό αυτήν ας. Σίγουρος χάος ευκολότερο τον τρόπο άτομο.');
INSERT INTO doctor_media (media_id, doctor_id) VALUES ('15', 'doctor_id');
INSERT INTO media (path, description) VALUES ('/media/images/image_id.jpeg', 'Ερώτηση αποθηκευτικού του δημιουργείς δυστυχώς. Υψηλότερη ταξινομεί πεδία είχαμε φράση σπίτι. Τα να περισσότερη μέγιστη περισσότερη προκύπτουν. Τεκμηριώνει μια κλπ και μέρος έτοιμος.');
INSERT INTO doctor_media (media_id, doctor_id) VALUES ('16', 'doctor_id');
INSERT INTO media (path, description) VALUES ('/media/images/image_odio.png', 'Έξι ανώδυνη μπουν σε.
Κάνεις μαγικά από μας κάτι στα δουλεύει.
Χρονοδιαγράμματος σκεφτείς πόρτες να πως κι άρα όταν. Πάντα σημαντικό μπουν να έστειλε. Τη παίρνουν κάτι να τύπου τρέξει μαγικά.');
INSERT INTO doctor_media (media_id, doctor_id) VALUES ('17', 'doctor_id');
INSERT INTO media (path, description) VALUES ('/media/images/image_quos.png', 'Βιβλίο εγώ σχεδιαστής τους σας ωραίο φίλος. Σημαντικός τι ίδιο πετούν χαρτιού στη.
Κάτι την ίδιο έξι αθόρυβες πες μου. Μην τη χάος.');
INSERT INTO doctor_media (media_id, doctor_id) VALUES ('18', 'doctor_id');
INSERT INTO media (path, description) VALUES ('/media/images/image_hic.jpg', 'Ερωτήσεις χάος μεταφραστής χρησιμοποιούνταν αντιλήφθηκαν. Επιδιόρθωση διαδίκτυο μα τι συνέχεια. Εξοργιστικά αυτήν μια υψηλότερη δοκιμάσεις χαρτιού.');
INSERT INTO doctor_media (media_id, doctor_id) VALUES ('19', 'doctor_id');
INSERT INTO media (path, description) VALUES ('/media/images/image_harum.jpg', 'Στη επιδιόρθωση εταιρείες όσο του συγκεντρωμένοι. Κλπ ρωτάει σημαντικό προσοχή προσθέσει βασανίζουν μια. Τον έστειλε με δημιουργήσεις λες προκύπτουν.');
INSERT INTO doctor_media (media_id, doctor_id) VALUES ('20', 'doctor_id');
INSERT INTO media (path, description) VALUES ('/media/images/image_vel.jpeg', 'Προκαλείς βάζοντας κάτι δε θα πολύ όταν. Επί θα σημεία. Κανένας κρατήσουν παραπάνω σου προσπαθήσεις τρόποι.');
INSERT INTO doctor_media (media_id, doctor_id) VALUES ('21', 'doctor_id');
INSERT INTO media (path, description) VALUES ('/media/images/image_aut.jpeg', 'Για δε έτοιμος αθόρυβες σχεδιαστής εκτελέσει. Εφαμοργής τα αντιλήφθηκαν πάρεις. Πήρε μεταγλωτιστής οι δημιουργια θέλεις.');
INSERT INTO doctor_media (media_id, doctor_id) VALUES ('22', 'doctor_id');
INSERT INTO media (path, description) VALUES ('/media/images/image_ad.jpeg', 'Κόψεις βιβλίο ποσοστό προσθέσει κειμένων επί. Τεκμηριώνει μας και. Αποδείξεις σαν να νέα πάντα πόρτες λετπά.');
INSERT INTO doctor_media (media_id, doctor_id) VALUES ('23', 'doctor_id');
INSERT INTO media (path, description) VALUES ('/media/images/image_sit.jpg', 'Τύπους δεδομένων κρατήσουν στο εδώ ποια. Διάβασε για δύο ανά επεξεργασία προσπαθούν.');
INSERT INTO doctor_media (media_id, doctor_id) VALUES ('24', 'doctor_id');
INSERT INTO media (path, description) VALUES ('/media/images/image_dolor.jpeg', 'Τη εδώ ωραίο χειρότερα. Σημαντικό κώδικάς εκτελέσει υόρκη λετπά αθόρυβες που αποστηθίσει. Επί κρατήσουν ως άπειρα πρώτο.
Συνεντεύξεις τέλειοι χώρου χρόνου για βαθμό. Ένας δεν ακούσει τρέξει λετπά αν.');
INSERT INTO doctor_media (media_id, doctor_id) VALUES ('25', 'doctor_id');
INSERT INTO media (path, description) VALUES ('/media/images/image_ullam.png', 'Μη στις φίλος τέλειοι προγραμματιστής βουτήξουν εσωτερικών αλγόριθμου. Διασφαλίζεται πρώτης ο έχω ήδη σε χρόνου εγώ. Παράγοντες ημέρα απαραίτητο καλύτερο κώδικάς περιβάλλον ατόμου την.');
INSERT INTO doctor_media (media_id, doctor_id) VALUES ('26', 'doctor_id');
INSERT INTO media (path, description) VALUES ('/media/images/image_commodi.jpg', 'Μιας ένας ως πολύ δίνοντας τον αναγκάζονται προσπαθούν. Παίξουν δωροδοκηθούν όσο.');
INSERT INTO doctor_media (media_id, doctor_id) VALUES ('27', 'doctor_id');
INSERT INTO media (path, description) VALUES ('/media/images/image_aliquam.jpg', 'Μεταγλωτίσει δεδομένων νιρβάνα δυστυχής ερωτήσεις ποσοστό. Των μερικούς γραμμές νέων. Ανεπιθύμητη ανά προσοχή εκτελέσει.');
INSERT INTO doctor_media (media_id, doctor_id) VALUES ('28', 'doctor_id');
INSERT INTO media (path, description) VALUES ('/media/images/image_commodi.png', 'Πολύ πρόσληψη λες μη εδώ τοπικές κρατήσουν εκτελέσει. Χρησιμοποιούσες επί ταξινομεί αποστηθίσει εδώ σημεία. Εικόνες της εγώ χρειάζονται δημιουργείς πλέον.');
INSERT INTO doctor_media (media_id, doctor_id) VALUES ('29', 'doctor_id');
INSERT INTO media (path, description) VALUES ('/media/images/image_beatae.png', 'Νιρβάνα ανακλύψεις ένας ίδιο διασφαλίζεται ζητήσεις διορθώσεις διάσημα. Συνεχώς υψηλότερη διευθυντές όταν φίλος. Ανακλύψεις ποια συνηθίζουν κανόνα της μέγιστη.');
INSERT INTO doctor_media (media_id, doctor_id) VALUES ('30', 'doctor_id');
INSERT INTO media (path, description) VALUES ('/media/images/image_assumenda.jpg', 'Φίλος μας σας πόρτες όταν προκύπτουν προκαλείς. Πάντως εκτελέσει κι παράγοντες εργαζόμενων εκτελείται αγοράζοντας. Εργάστηκε κάτι μέχρι έτοιμος αντιλήφθηκαν.');
INSERT INTO doctor_media (media_id, doctor_id) VALUES ('31', 'doctor_id');
INSERT INTO media (path, description) VALUES ('/media/images/image_nulla.jpg', 'Απαράδεκτη για ήδη κανόνα προκαλείς νιρβάνα εφαρμογή. Είχαμε πρώτης νέο σε έξι αυτήν λιγότερο αγοράζοντας.
Από την έγραψες μπορούσες τον. Μαγικά δυστυχώς αποφάσισε.');
INSERT INTO doctor_media (media_id, doctor_id) VALUES ('32', 'doctor_id');
INSERT INTO media (path, description) VALUES ('/media/images/image_voluptates.jpg', 'Εκτός χαρακτηριστικών στα πετούν σε κόψεις. Βρίσκονται μαγικά έλεγχος περιμένουν κάνε.
Φράση διακόψουμε διοικητικό βιβλίο κι της προβληματική.');
INSERT INTO doctor_media (media_id, doctor_id) VALUES ('33', 'doctor_id');
INSERT INTO media (path, description) VALUES ('/media/images/image_illum.png', 'Μιας δύο διευθυντές εδώ στο δουλεύει. Σε πιο κόψεις.
Ένας ήδη δεν ανώδυνη με επιστρέφουν ανώδυνη. Προσπαθούν κανένας σαν μέρος έστελνε. Δεδομένων έστειλε τύπου γεύματος έχω.');
INSERT INTO doctor_media (media_id, doctor_id) VALUES ('34', 'doctor_id');
INSERT INTO media (path, description) VALUES ('/media/images/image_sed.jpg', 'Δοκιμάσεις σίγουρος τους κοιτάζοντας σωστά. Βαθμό πες αναφορά προβληματική γειτονιάς σου νέο σχεδιαστής. Απαραίτητο στη πετάνε αποκλειστικούς δούλευε ας.');
INSERT INTO doctor_media (media_id, doctor_id) VALUES ('35', 'doctor_id');
INSERT INTO media (path, description) VALUES ('/media/images/image_accusantium.jpg', 'Μας πρώτο κανείς ας μηχανής αποθηκευτικού κι. Από συνέχεια έχω φακέλους πάρεις απομόνωση.');
INSERT INTO doctor_media (media_id, doctor_id) VALUES ('36', 'doctor_id');
INSERT INTO media (path, description) VALUES ('/media/images/image_nobis.jpg', 'Τα κόψεις κι γραμμές προϊόντα. Πόρτες θέματα συγκεντρωμένοι κι εργασίας μεταφραστής μια.');
INSERT INTO doctor_media (media_id, doctor_id) VALUES ('37', 'doctor_id');
INSERT INTO media (path, description) VALUES ('/media/images/image_quidem.png', 'Λοιπόν όχι τρέξει προσθέσει. Μας λες πλέον βάζοντας.
Δούλευε υόρκη προσεκτικά πακέτων και ο μετρήσεις. Ναι έχω έστελνε πάντως εξακολουθεί σημαντικό σταματάς. Χαρτιού κρατήσουν τις την.');
INSERT INTO doctor_media (media_id, doctor_id) VALUES ('38', 'doctor_id');
INSERT INTO media (path, description) VALUES ('/media/images/image_praesentium.png', 'Διολισθήσεις γραμμή χρησιμοποιούνταν εγώ πάντα χαρακτηριστικό δυστυχής. Έρθει άρθρων των επεξεργασία του ο ελέγχου. Υόρκη έτσι εργασίας δίνοντας τις άρθρων μιας δημιουργείς.');
INSERT INTO doctor_media (media_id, doctor_id) VALUES ('39', 'doctor_id');
INSERT INTO media (path, description) VALUES ('/media/images/image_excepturi.jpg', 'Χρησιμοποιούνταν εκτός παραγωγικής μη.
Χρονοδιαγράμματα ένας αθόρυβες δύο καλύτερο συνεχώς σας. Βρίσκονται εκείνου εκτελείται θα στις.');
INSERT INTO doctor_media (media_id, doctor_id) VALUES ('40', 'doctor_id');
INSERT INTO media (path, description) VALUES ('/media/images/image_pariatur.jpeg', 'Έχω έχω εδώ χρειάζονται κύκλο.
Αρέσει θέματα στραβά που κόλπα. Δημιουργια γνωστή αθόρυβες κάτι. Περιεχόμενα λετπά διοικητικό κι ταξινομεί ακούσει προκαλείς παραδώσεις.');
INSERT INTO doctor_media (media_id, doctor_id) VALUES ('41', 'doctor_id');
INSERT INTO media (path, description) VALUES ('/media/images/image_corporis.png', 'Εγώ διευθυντές μας προσλάμβανες περισσότερη. Σε τους διακόψουμε θα σαν.');
INSERT INTO doctor_media (media_id, doctor_id) VALUES ('42', 'doctor_id');
INSERT INTO media (path, description) VALUES ('/media/images/image_accusamus.png', 'Δεν ένα γραφικά δυστυχώς. Ρωτάει ανταγωνιστής αν διακοπή. Χρησιμοποιώντας έτσι εκτελείται χρησιμοποιώντας. Σου γραμμές ότι βρίσκονται ένα.');
INSERT INTO doctor_media (media_id, doctor_id) VALUES ('43', 'doctor_id');
INSERT INTO media (path, description) VALUES ('/media/images/image_repellat.jpg', 'Εγώ συγκεντρωμένοι δεδομένων γραμμή πάντα όσο δημιουργήσεις. Συνηθίζουν απαρατήρητο του κανένας. Ρωτάει επιδιορθώσεις όσο εφαμοργής ότι μα άρα κάτι.');
INSERT INTO doctor_media (media_id, doctor_id) VALUES ('44', 'doctor_id');
INSERT INTO media (path, description) VALUES ('/media/images/image_officia.jpg', 'Διακοπή εγώ που ο πως τεσσαρών.
Φίλος θέμα στο των ήδη πως. Πακέτων ένα κανένας διορθώσεις. Παράδειγμα μάλλον αρπάζεις εργαζόμενων πάντα.');
INSERT INTO doctor_media (media_id, doctor_id) VALUES ('45', 'doctor_id');
INSERT INTO media (path, description) VALUES ('/media/images/image_expedita.jpg', 'Καλύτερο όχι από μια προγραμματιστές. Μερικούς αποφάσισε διορθώσει πολύ τρέξει γεύματος παράγοντες. Συνεντεύξεις διαπιστώνεις θέματα έγραψες των σας χρησιμοποιούσες ήδη.');
INSERT INTO doctor_media (media_id, doctor_id) VALUES ('46', 'doctor_id');
INSERT INTO media (path, description) VALUES ('/media/images/image_voluptas.jpeg', 'Χρειάζονται τεσσαρών επιχείριση θα. Πάντα πάντα δύο μέχρι κάτι συγγραφείς έχω. Συγχρόνως έτσι βασανίζουν συνεχώς επί ήδη. Ποια εφαρμογής πρόσληψη πρώτης θέματα συγκεντρωμένοι θα.');
INSERT INTO doctor_media (media_id, doctor_id) VALUES ('47', 'doctor_id');
INSERT INTO media (path, description) VALUES ('/media/images/image_ipsa.jpeg', 'Προϊόντα ίδιο εκτός έγραψες μια γνωρίζουμε. Περισσότερες τον μετρήσεις πετούν χρειάζονται αρχεία λες.');
INSERT INTO doctor_media (media_id, doctor_id) VALUES ('48', 'doctor_id');
INSERT INTO media (path, description) VALUES ('/media/images/image_nihil.jpg', 'Να ο εκτελείται τοπικές ευκολότερο απαρατήρητο ήδη. Όσο θέμα δε μου. Έρθει επιδιορθώσεις αθόρυβες συγγραφής έτσι την εκτελέσεις.
Πάρα τι και κρατάει διάβασε. Τύπους από μερικούς.');
INSERT INTO doctor_media (media_id, doctor_id) VALUES ('49', 'doctor_id');
INSERT INTO media (path, description) VALUES ('/media/images/image_dolor.png', 'Δύο έλεγχος κόψεις στήλες σας προβληματική. Παίρνει μεταγλωτιστής διακόψουμε κάτι.
Την διαχειριστής συνάδελφος εφαρμογή. Μια επενδυτής νέο φαινόμενο μην κοιτάζοντας.');
INSERT INTO doctor_media (media_id, doctor_id) VALUES ('50', 'doctor_id');
INSERT INTO media (path, description) VALUES ('/media/images/image_adipisci.png', 'Τους επεξεργασία τύπους αλγόριθμου λίγο μου. Στο ανταγωνιστής πρόσληψη για βαθμό.
Εργαζόμενων με γειτονιάς. Συνηθίζουν λες ταξινομεί απαρατήρητο. Πολύ περίπου μιας εκτελείται.');
INSERT INTO doctor_media (media_id, doctor_id) VALUES ('51', 'doctor_id');
INSERT INTO media (path, description) VALUES ('/media/images/image_quaerat.png', 'Θυμάμαι πετάνε ρουτίνα πάντως μετράει. Πάντα διασφαλίζεται κόψεις εξακολουθεί συνεχώς παίρνει υποψήφιο.
Στη προσπαθούν προσθέσει μάλλον επιχείριση. Ίδιο σαν αν μέσης μάθε. Τύπους μη αποφάσισε.');
INSERT INTO doctor_media (media_id, doctor_id) VALUES ('52', 'doctor_id');
INSERT INTO media (path, description) VALUES ('/media/images/image_ea.png', 'Τι προγραμματιστής πάρα του αρέσει τρόποι. Δύο θέμα θέματα μετράει φαινόμενο. Σκεφτείς τι μα προσεκτικά λαμβάνουν γειτονιάς.');
INSERT INTO doctor_media (media_id, doctor_id) VALUES ('53', 'doctor_id');
INSERT INTO media (path, description) VALUES ('/media/images/image_magnam.png', 'Μέχρι κρατήσουν πως παίξουν όταν χρειάζονται χαρτιού. Υποψήφιο παραπάνω γεγονός πλέον σημεία των.');
INSERT INTO doctor_media (media_id, doctor_id) VALUES ('54', 'doctor_id');
INSERT INTO media (path, description) VALUES ('/media/images/image_nesciunt.jpg', 'Μας διοικητικό εικόνες κάτι. Σταματάς τεσσαρών χαρτιού τους νέων μέχρι.
Περιεχόμενα άλγεβρα ανά για συνηθίζουν του. Έστειλε πλέον αποδείξεις δημιουργείς για παραδώσεις. Όσο έτοιμος απόλαυσε τέλειοι.');
INSERT INTO doctor_media (media_id, doctor_id) VALUES ('55', 'doctor_id');
INSERT INTO media (path, description) VALUES ('/media/images/image_vel.png', 'Και διορθώσει τι απαρατήρητο προϊόντα. Αρπάζεις τρόποι απλό ρωτήσει λιγότερο των.
Εικόνες υόρκη πάντως αρχεία πεδία. Τα μην ότι συνεχώς. Έτσι πλέον κλπ παραδώσεις απομόνωση δύο έλεγχος.');
INSERT INTO doctor_media (media_id, doctor_id) VALUES ('56', 'doctor_id');
INSERT INTO media (path, description) VALUES ('/media/images/image_consequatur.png', 'Γνωρίζουμε χαρακτηριστικών μέχρι απαρατήρητο και. Έτσι ευκολότερο αφήσεις διαδίκτυο δημιουργήσεις.');
INSERT INTO doctor_media (media_id, doctor_id) VALUES ('57', 'doctor_id');
INSERT INTO media (path, description) VALUES ('/media/images/image_nemo.png', 'Λες τρέξει αν χαρακτηριστικών πετούν άπειρα χρησιμοποιούσες. Εκτός αναγκάζονται αναγκάζονται μη ρωτήσει.');
INSERT INTO doctor_media (media_id, doctor_id) VALUES ('58', 'doctor_id');
INSERT INTO media (path, description) VALUES ('/media/images/image_laudantium.png', 'Συνεχώς γνωρίζουμε χαρτιού πιο μην ένα διαπιστώνεις γραφικά. Αφήσεις βασανίζουν υποψήφιο πιο έρθει.');
INSERT INTO doctor_media (media_id, doctor_id) VALUES ('59', 'doctor_id');
INSERT INTO media (path, description) VALUES ('/media/images/image_nihil.jpg', 'Ότι διάβασε μεταφραστής άρα προϊόντα γραμμές εδώ. Στήλες ο όσο κι χαρακτηριστικό έχω. Πιο επιδιορθώσεις δημιουργήσεις εκτός υπηρεσία μετράει αποστηθίσει.');
INSERT INTO doctor_media (media_id, doctor_id) VALUES ('60', 'doctor_id');
INSERT INTO media (path, description) VALUES ('/media/images/image_ipsum.jpeg', 'Παίρνει εδώ όσο προϊόντα δείξει. Πλέον περιβάλλοντος ελέγχου ατόμου. Ο διακοπή διαφήμιση διάβασε.');
INSERT INTO doctor_media (media_id, doctor_id) VALUES ('61', 'doctor_id');
INSERT INTO media (path, description) VALUES ('/media/images/image_culpa.png', 'Λέει συγγραφής πιο τη μεταγλωτίσει αρχεία. Διακοπή ως κάτι πλέον πρόσληψη προβληματική.');
INSERT INTO doctor_media (media_id, doctor_id) VALUES ('62', 'doctor_id');
INSERT INTO media (path, description) VALUES ('/media/images/image_ipsum.png', 'Κλπ ποια ερώτηση που επεξεργασία.
Δημιουργια γνωστή μια ρουτίνα χώρου ο όσο. Χρησιμοποιούνταν πετάξαμε αναφορά σου. Μεταγλωτιστής ελέγχου υόρκη έξι άρα εργαζόμενοι.');
INSERT INTO doctor_media (media_id, doctor_id) VALUES ('63', 'doctor_id');
INSERT INTO media (path, description) VALUES ('/media/images/image_facilis.png', 'Περιβάλλοντος για τι δύο. Όταν σας χρησιμοποιούνταν.
Κοιτάζοντας εξοργιστικά προσθέσει τελειώσει πετάξαμε εντολές κάνεις εγώ. Ας δουλεύει έτοιμος εγώ χρόνου.');
INSERT INTO doctor_media (media_id, doctor_id) VALUES ('64', 'doctor_id');
INSERT INTO media (path, description) VALUES ('/media/images/image_voluptatibus.png', 'Ναι αυτός πλέον στα ημέρα και.
Ροή πιο σαν δουλεύει. Διοικητικό ερώτηση σας πιο.
Διακοπή δημιουργείς φαινόμενο έχω. Ναι δημιουργείς εκτός μάθε ήδη λαμβάνουν σαν.');
INSERT INTO doctor_media (media_id, doctor_id) VALUES ('65', 'doctor_id');
INSERT INTO media (path, description) VALUES ('/media/images/image_dolores.jpg', 'Δοκιμάσεις πιο αγοράζοντας νέου κρατάει λέει τον με. Σχεδιαστής γραμμές λαμβάνουν μη στη.
Δημιουργια διακοπής λες. Σε λαμβάνουν από εδώ ήδη σημεία σαν. Όσο ρωτάει δύο έξι απόλαυσε από σταματάς τις.');
INSERT INTO doctor_media (media_id, doctor_id) VALUES ('66', 'doctor_id');
INSERT INTO media (path, description) VALUES ('/media/images/image_minima.jpg', 'Δεν έξι δε εκτελέσει σημαντικός αντιλήφθηκαν πάντα βιαστικά. Από αλγόριθμου γραμμής ο πάντως εφαμοργής ελέγχου. Δημιουργείς καλύτερο μέχρι πολύ.');
INSERT INTO doctor_media (media_id, doctor_id) VALUES ('67', 'doctor_id');
INSERT INTO media (path, description) VALUES ('/media/images/image_laboriosam.jpg', 'Οι τρόπο μου τοπικές γεύματος κύκλο. Ως ποια απαραίτητο διολισθήσεις. Πιο μέχρι κάνεις εφαρμογή. Εικόνες παραγωγικής σκεφτείς χρονοδιαγράμματα πήρε μη άτομο συνεχώς.');
INSERT INTO doctor_media (media_id, doctor_id) VALUES ('68', 'doctor_id');
INSERT INTO media (path, description) VALUES ('/media/images/image_modi.jpg', 'Ο στο στραβά παραπάνω πες. Αναγκάζονται των προσπαθήσεις εγώ χρησιμοποιούνταν στα. Για ήδη αρπάζεις ωραίο.
Σίγουρος για κρατάει βουτήξουν χρησιμοποίησέ. Έχω στα γιαυτό χρειάζονται θέλεις ώρα.');
INSERT INTO doctor_media (media_id, doctor_id) VALUES ('69', 'doctor_id');
INSERT INTO media (path, description) VALUES ('/media/images/image_temporibus.jpg', 'Μα και προσλάμβανες. Παραγωγικής πρώτο τη εκθέσεις ταξινομεί αλγόριθμου. Ύψος δε συνηθίζουν παίρνει αφήσεις παράδειγμα. Χρησιμοποίησέ χρονοδιαγράμματα στη ρωτάει.');
INSERT INTO doctor_media (media_id, doctor_id) VALUES ('70', 'doctor_id');
INSERT INTO media (path, description) VALUES ('/media/images/image_aspernatur.png', 'Βάζοντας γεύματος παράδειγμα δεδομένων ένα. Δε εργοστασίου επιδιορθώσεις αναφορά ήδη ως.
Εφαμοργής δύο γραμμές δυστυχώς έστελνε ας. Ήδη εργοστασίου θα δυστυχής διαχειριστής βάζοντας έξι.');
INSERT INTO doctor_media (media_id, doctor_id) VALUES ('71', 'doctor_id');
INSERT INTO media (path, description) VALUES ('/media/images/image_dignissimos.jpg', 'Πάρα μας ένας θέλεις δούλευε κόψεις. Για πιο λιγότερο αποστηθίσει ποια διαπιστώνεις πρώτοι.
Εκτελείται συνηθίζουν έτσι.');
INSERT INTO doctor_media (media_id, doctor_id) VALUES ('72', 'doctor_id');
INSERT INTO media (path, description) VALUES ('/media/images/image_minus.png', 'Ναι πως για κοιτάζοντας συνάδελφος θέματα λες. Δεν διακοπής δούλευε έχω έχω μέρος.
Διορθώσεις μην δε κόψεις χρησιμοποιούσες τη. Που στη λαμβάνουν έστειλε μιας περίπου.');
INSERT INTO doctor_media (media_id, doctor_id) VALUES ('73', 'doctor_id');
INSERT INTO media (path, description) VALUES ('/media/images/image_nihil.jpeg', 'Μη άπειρα επί πες πόρτες εταιρείες περιμένουν διαφήμιση. Αναφέρονται επιδιόρθωση συνεντεύξεις εικόνες ανά ο εκτός λέει. Άρα έστελνε εικόνες.');
INSERT INTO doctor_media (media_id, doctor_id) VALUES ('74', 'doctor_id');
INSERT INTO media (path, description) VALUES ('/media/images/image_minima.jpeg', 'Γνωρίζουμε αναφορά παραπάνω τύπου επί ερώτηση. Εταιρείες διακοπή βουτήξουν.
Τελειώσει αλγόριθμου ήδη πλέον έρθει φαινόμενο χαμηλός.');
INSERT INTO doctor_media (media_id, doctor_id) VALUES ('75', 'doctor_id');
INSERT INTO media (path, description) VALUES ('/media/images/image_nostrum.png', 'Στη δίνοντας εγώ απαρατήρητο αποφάσισε οι χειρότερα. Μεταγλωτίσει ερώτηση οι δίνοντας έτοιμος πόρτες.
Γνωρίζουμε βγήκε ζητήσεις τι ως τεσσαρών. Τι σχεδιαστής όταν τις. Ώρα κώδικα έγραψες πακέτων έξι.');
INSERT INTO doctor_media (media_id, doctor_id) VALUES ('76', 'doctor_id');
INSERT INTO media (path, description) VALUES ('/media/images/image_corrupti.jpg', 'Επενδυτής οι ανώδυνη τι εκτελέσει σκεφτείς βιβλίο. Δεδομένων έχω επεξεργασία χρησιμοποιούνταν εφαρμογή εργαζόμενων δυστυχώς δοκιμάσεις.
Περιμένουν να δημιουργήσεις.');
INSERT INTO doctor_media (media_id, doctor_id) VALUES ('77', 'doctor_id');
INSERT INTO media (path, description) VALUES ('/media/images/image_possimus.jpg', 'Κώδικα κάτι εντολές δεν σαν παραπάνω προβληματική περίπου. Βασανίζουν μετρήσεις έτσι μη ας στα μετράει βάζοντας. Ήδη που δίνοντας έρθει συγχωνευτεί.');
INSERT INTO doctor_media (media_id, doctor_id) VALUES ('78', 'doctor_id');
INSERT INTO media (path, description) VALUES ('/media/images/image_qui.jpg', 'Περισσότερη περίπου κανόνα βιβλίο θέματα πάρεις πρώτης εγώ. Εξακολουθεί προβληματική εγώ αυτός μεταγλωτιστής άρα.
Μερικούς εδώ κι γειτονιάς άλγεβρα δεν. Δουλεύει για προϊόντα τους ωραίο το.');
INSERT INTO doctor_media (media_id, doctor_id) VALUES ('79', 'doctor_id');
INSERT INTO media (path, description) VALUES ('/media/images/image_dolorum.jpeg', 'Γραμμή καλύτερο ίδιο από θέμα προϊόντα βιβλίο αρπάζεις. Εργαζόμενων ατόμου εκτελέσεις έξι πιο κρατήσουν πολύ πάρεις. Μα όταν υποψήφιο χάος υπηρεσία αφήσεις.');
INSERT INTO doctor_media (media_id, doctor_id) VALUES ('80', 'doctor_id');
INSERT INTO media (path, description) VALUES ('/media/images/image_quos.png', 'Μάθε ήδη περισσότερη συγγραφής εδώ εδώ. Ατόμου για και των τελειώσει τις. Συγγραφής εγώ κι νέο πλέον ένας τη.');
INSERT INTO nurse_media (media_id, nurse_id) VALUES ('81', 'nurse_id');
INSERT INTO media (path, description) VALUES ('/media/images/image_dolor.jpg', 'Μέσης εξαρτάται προσεκτικά αποθηκευτικού. Τι παίρνουν λαμβάνουν εταιρείες πήρε πρώτοι.
Επεξεργασία πρώτοι γράψει σίγουρος. Δε ένα αρέσει δημιουργια.');
INSERT INTO nurse_media (media_id, nurse_id) VALUES ('82', 'nurse_id');
INSERT INTO media (path, description) VALUES ('/media/images/image_iste.png', 'Πάντα άρα μια σίγουρος. Μάτσο παραπάνω έχω μηχανής στο άλγεβρα.
Το πετάνε μεταφραστής φράση δείξει. Ύψος κλπ αναφέρονται έλεγχος λαμβάνουν.');
INSERT INTO nurse_media (media_id, nurse_id) VALUES ('83', 'nurse_id');
INSERT INTO media (path, description) VALUES ('/media/images/image_porro.jpeg', 'Από θέματα νέα απαράδεκτη προκαλείς. Μας χρονοδιαγράμματα σας δούλευε μας.');
INSERT INTO nurse_media (media_id, nurse_id) VALUES ('84', 'nurse_id');
INSERT INTO media (path, description) VALUES ('/media/images/image_explicabo.png', 'Σημαντικό ύψος βρίσκονται σου. Πιο εδώ πλέον πρώτοι αναφέρονται επενδυτής.');
INSERT INTO nurse_media (media_id, nurse_id) VALUES ('85', 'nurse_id');
INSERT INTO media (path, description) VALUES ('/media/images/image_pariatur.jpg', 'Φράση σπίτι εκτός να πως δεδομένων ένα. Περιμένουν πάντα περιβάλλον εγώ συγγραφής αποστηθίσει με. Ανακλύψεις ερωτήσεις από συγγραφής.
Αυτός γνωρίζουμε μιας δε πλέον γιαυτό μην υποψήφιο.');
INSERT INTO nurse_media (media_id, nurse_id) VALUES ('86', 'nurse_id');
INSERT INTO media (path, description) VALUES ('/media/images/image_consequatur.jpg', 'Περισσότερες κρατάει από στέλνοντάς. Εδώ μας σκεφτείς δείξει.
Οι παίξουν ζητήσεις προκύπτουν στραβά προκαλείς τον. Κανένας μπορούσες κειμένων μα παίρνουν εικόνες πάντως.');
INSERT INTO nurse_media (media_id, nurse_id) VALUES ('87', 'nurse_id');
INSERT INTO media (path, description) VALUES ('/media/images/image_magni.png', 'Και την προσπαθήσεις από.
Πάντως στέλνοντάς ένας πολύ δημιουργείς χρειάζονται ανακλύψεις περιεχόμενα. Λαμβάνουν ανεπιθύμητη τρέξει επί της θα πετάνε.');
INSERT INTO nurse_media (media_id, nurse_id) VALUES ('88', 'nurse_id');
INSERT INTO media (path, description) VALUES ('/media/images/image_ex.jpg', 'Σχεδιαστής φακέλους κάνεις μέχρι καλύτερο του πως τα. Πιο ίδιο έχω δημιουργήσεις. Χώρου παίρνει κάτι ίδιο προσοχή από πάντως.');
INSERT INTO nurse_media (media_id, nurse_id) VALUES ('89', 'nurse_id');
INSERT INTO media (path, description) VALUES ('/media/images/image_omnis.png', 'Χαρτιού αναγκάζονται αρπάζεις στη κάνεις τεκμηριώνει συνάδελφος. Και χρησιμοποίησέ αρέσει κειμένων μα.');
INSERT INTO nurse_media (media_id, nurse_id) VALUES ('90', 'nurse_id');
INSERT INTO media (path, description) VALUES ('/media/images/image_laborum.jpg', 'Θέμα με έτσι σαν αρπάζεις την. Μαγικά κάνε έτσι αυτήν.
Τρέξει τέλειοι πολύ. Με νόμιζες βαθμό νέου διασφαλίζεται.
Για παίρνει έστελνε πάρεις πάρα άλγεβρα. Μας συγκεντρωμένοι αναφέρονται στις τοπικές.');
INSERT INTO nurse_media (media_id, nurse_id) VALUES ('91', 'nurse_id');
INSERT INTO media (path, description) VALUES ('/media/images/image_id.png', 'Νόμιζες λοιπόν διολισθήσεις παίρνουν συνέχεια να νέα. Νέων έχω έχω είχαμε τι διασφαλίζεται. Μου δημιουργείς βιβλίο πρώτοι στο άρθρων.');
INSERT INTO nurse_media (media_id, nurse_id) VALUES ('92', 'nurse_id');
INSERT INTO media (path, description) VALUES ('/media/images/image_cupiditate.png', 'Των κι χρησιμοποιούνταν. Μπορούσες μου παίξουν αυτός διορθώσεις εγώ βγήκε. Μέσης εργαλείων προγραμματιστής σπίτι.
Βουτήξουν μεταγλωτίσει έξι πλέον γειτονιάς. Νέο και ήδη μας βγήκε.');
INSERT INTO nurse_media (media_id, nurse_id) VALUES ('93', 'nurse_id');
INSERT INTO media (path, description) VALUES ('/media/images/image_deleniti.jpg', 'Χρειάζονται πιο μερικούς στη εκτός από κανείς διαφήμιση. Να χαμηλός δημιουργήσεις χρησιμοποιούσες πιο τις. Γράψει λιγότερο εξαρτάται θα εργαζόμενοι από. Στήλες σαν προσοχή για.');
INSERT INTO nurse_media (media_id, nurse_id) VALUES ('94', 'nurse_id');
INSERT INTO media (path, description) VALUES ('/media/images/image_pariatur.jpeg', 'Μια επενδυτής συνεχώς χρησιμοποίησέ θέματα εκτελέσεις. Πάρα των εξακολουθεί εδώ παράγοντες αν απαραίτητο.
Νέο περιβάλλοντος ροή διορθώσει.');
INSERT INTO nurse_media (media_id, nurse_id) VALUES ('95', 'nurse_id');
INSERT INTO media (path, description) VALUES ('/media/images/image_rerum.png', 'Χαμηλός ανά κλπ κι εκτελείται ένα. Γραμμής μέσης το παραδώσεις εντολές χρονοδιαγράμματα. Πάντως πιο πήρε εκτελείται μαγικά έχω. Στη παίρνει στήλες έλεγχος νέων.');
INSERT INTO nurse_media (media_id, nurse_id) VALUES ('96', 'nurse_id');
INSERT INTO media (path, description) VALUES ('/media/images/image_consectetur.jpeg', 'Ημέρα τη δουλεύει άρα να κειμένων αγοράζοντας γέλασαν. Κάτι πιο περιεχόμενα επιχείριση.
Άρα αναφορά επενδυτής καταλάθος τα. Ωραίο περισσότερη γιαυτό ημέρα άρα προσπαθήσεις θα.');
INSERT INTO nurse_media (media_id, nurse_id) VALUES ('97', 'nurse_id');
INSERT INTO media (path, description) VALUES ('/media/images/image_provident.png', 'Νέα κι με ένας συγχρόνως συνεχώς αναφέρονται. Ξέχασε του εκτελέσει μην όταν διολισθήσεις οι.
Τέλειοι μέγιστη το κι. Τεσσαρών τέλειοι τρόποι πρώτο εργαζόμενων σε αποφάσισε προσλάμβανες.');
INSERT INTO nurse_media (media_id, nurse_id) VALUES ('98', 'nurse_id');
INSERT INTO media (path, description) VALUES ('/media/images/image_aspernatur.jpeg', 'Ίδιο προβληματική αποστηθίσει όταν εδώ κόλπα χρονοδιαγράμματος.');
INSERT INTO nurse_media (media_id, nurse_id) VALUES ('99', 'nurse_id');
INSERT INTO media (path, description) VALUES ('/media/images/image_magnam.jpeg', 'Προσεκτικά νέου σου λιγότερο λες οι εργοστασίου. Εργαλείων δύο πάντα μας. Έξι σε όχι κάτι αρχεία παραδοτέου εκδόσεις δε. Διοικητικό κώδικα τις για τεσσαρών των.');
INSERT INTO nurse_media (media_id, nurse_id) VALUES ('100', 'nurse_id');
INSERT INTO media (path, description) VALUES ('/media/images/image_illum.jpeg', 'Δίνοντας άπειρα στις πηγαίου πολύ μιας. Πάντα περισσότερες δωροδοκηθούν και εργαλείων δημιουργήσεις.
Μην κάτι απίστευτα δε. Πως παραπάνω ότι. Περιβάλλον δυστυχώς λίγο.');
INSERT INTO nurse_media (media_id, nurse_id) VALUES ('101', 'nurse_id');
INSERT INTO media (path, description) VALUES ('/media/images/image_assumenda.png', 'Με διασφαλίζεται εκείνου έτσι. Δύο διαχειριστής μπορούσες έχω.
Περιβάλλοντος έξι προσεκτικά και. Πάρα στο εργασίας μηχανής περιβάλλον κόλπα. Εργαζόμενοι τρόπο όχι σου ιδιαίτερα.');
INSERT INTO nurse_media (media_id, nurse_id) VALUES ('102', 'nurse_id');
INSERT INTO media (path, description) VALUES ('/media/images/image_quisquam.png', 'Προσπαθούν δείξει καταλάθος παραγωγικής σημαντικός.
Εκτελείται αρπάζεις ιδιαίτερα λιγότερο πεδία παραδώσεις τις. Έστειλε τους ναι παίξουν παράδειγμα όχι να.');
INSERT INTO nurse_media (media_id, nurse_id) VALUES ('103', 'nurse_id');
INSERT INTO media (path, description) VALUES ('/media/images/image_sunt.jpg', 'Δίνοντας άρα κάνεις συνεχώς. Παράδειγμα ειδικά ανακλύψεις ερωτήσεις μην.
Σαν ως ακούσει πήρε εκτός. Απαραίτητο προκύπτουν μπορούσες απόλαυσε έστελνε δε.');
INSERT INTO nurse_media (media_id, nurse_id) VALUES ('104', 'nurse_id');
INSERT INTO media (path, description) VALUES ('/media/images/image_animi.png', 'Τα επί χαμηλός συνέχεια τρέξει. Ερωτήσεις ανά διακόψουμε συγκεντρωμένοι εκθέσεις πάντα αρχεία σε.
Αγοράζοντας έστελνε έξι. Διορθώσεις εγώ συγγραφείς δεδομένων.
Πάρεις κι θα διαχειριστής.');
INSERT INTO nurse_media (media_id, nurse_id) VALUES ('105', 'nurse_id');
INSERT INTO media (path, description) VALUES ('/media/images/image_at.jpeg', 'Πετάξαμε μέχρι διαχειριστής γεύματος. Φίλος παραπάνω στη ζητήσεις πολύ υπηρεσία σε. Επιδιόρθωση μια δεν λες ως στα. Από να συνέχεια από.');
INSERT INTO nurse_media (media_id, nurse_id) VALUES ('106', 'nurse_id');
INSERT INTO media (path, description) VALUES ('/media/images/image_voluptatibus.jpg', 'Όχι μάλλον άρα. Συνεντεύξεις στέλνοντάς παράδειγμα δεν. Σε παραγωγικής ας του δύο πολύ πως.
Υόρκη χρονοδιαγράμματος διακοπή οι αυτός. Αφήσεις ναι προϊόντα. Συνεχώς σωστά στις.');
INSERT INTO nurse_media (media_id, nurse_id) VALUES ('107', 'nurse_id');
INSERT INTO media (path, description) VALUES ('/media/images/image_error.jpg', 'Αναφέρονται εργοστασίου ρωτήσει όταν γραμμή νόμιζες. Διοικητικό αφήσεις στο χρησιμοποιούσες βγήκε.
Εδώ ανά κι άρα. Ατόμου αν ίδιο εργασίας συγχωνευτεί.');
INSERT INTO nurse_media (media_id, nurse_id) VALUES ('108', 'nurse_id');
INSERT INTO media (path, description) VALUES ('/media/images/image_facilis.jpg', 'Τρόπο φράση παίρνει διακοπή άρα χρονοδιαγράμματα.
Διορθώσεις υόρκη δοκιμάσεις τελειώσει πλέον πακέτων. Λετπά στη χαμηλός υόρκη κόλπα συνεντεύξεις ήδη κρατάει. Εκτός χρησιμοποιούνταν την πάρεις.');
INSERT INTO nurse_media (media_id, nurse_id) VALUES ('109', 'nurse_id');
INSERT INTO media (path, description) VALUES ('/media/images/image_odio.png', 'Το έστελνε παραπάνω προκαλείς.
Διακόψουμε κώδικάς επιχείριση. Πες να προσλάμβανες τεκμηριώνει θυμάμαι.
Συγγραφείς άρα πετάξαμε στα γραμμής ένα και.');
INSERT INTO nurse_media (media_id, nurse_id) VALUES ('110', 'nurse_id');
INSERT INTO media (path, description) VALUES ('/media/images/image_dolor.jpeg', 'Έχω τύπους πιο μιας όχι. Μεταγλωτίσει πρώτο πλέον. Κι μη άτομο παραδοτέου τρόποι ζητήσεις και παραδώσεις.');
INSERT INTO nurse_media (media_id, nurse_id) VALUES ('111', 'nurse_id');
INSERT INTO media (path, description) VALUES ('/media/images/image_possimus.png', 'Τα προϊόντα ανεπιθύμητη εργοστασίου σου. Ανά μπορούσες γιαυτό ίδιο.
Έξι στη γραφικά κάτι προσοχή. Μην ρουτίνα δε υπηρεσία.');
INSERT INTO nurse_media (media_id, nurse_id) VALUES ('112', 'nurse_id');
INSERT INTO media (path, description) VALUES ('/media/images/image_temporibus.jpg', 'Ανά υόρκη συγγραφής που νιρβάνα θυμάμαι σωστά προσοχή. Με τρέξει περιεχόμενα πλέον ελέγχου δυστυχώς ερώτηση.
Ποια ένας εδώ θέματα.');
INSERT INTO nurse_media (media_id, nurse_id) VALUES ('113', 'nurse_id');
INSERT INTO media (path, description) VALUES ('/media/images/image_quasi.jpg', 'Γραμμής ροή σε σε τα που.
Ναι πρώτο δωροδοκηθούν βαθμό διάβασε αυτήν. Συγγραφής κοιτάζοντας μου έξι προκύπτουν.
Οι μετράει τη λιγότερο ακούσει όσο. Μέχρι υόρκη θα ποια λες προκύπτουν. Πως βγήκε ροή.');
INSERT INTO nurse_media (media_id, nurse_id) VALUES ('114', 'nurse_id');
INSERT INTO media (path, description) VALUES ('/media/images/image_ipsa.jpeg', 'Αρχεία στο διακόψουμε ερωτήσεις πλέον ανά. Έξι πλέον προϊόντα ίδιο εξοργιστικά συνάδελφος. Αλγόριθμου δύο πακέτων πλέον ευκολότερο επί.
Δε χρόνου δύο αναφορά ναι. Κύκλο πεδία ήδη πάρεις αγοράζοντας.');
INSERT INTO nurse_media (media_id, nurse_id) VALUES ('115', 'nurse_id');
INSERT INTO media (path, description) VALUES ('/media/images/image_labore.jpeg', 'Ελέγχου πολύ εργαζόμενοι εκείνου. Σου ειδικά απόλαυσε αγοράζοντας απόλαυσε.
Την έτσι πάντως παραπάνω. Ερώτηση γραμμής απλό τους ορίστε από.
Σημαντικό απλό ας τους νιρβάνα γραμμή. Σαν κανείς μα του.');
INSERT INTO nurse_media (media_id, nurse_id) VALUES ('116', 'nurse_id');
INSERT INTO media (path, description) VALUES ('/media/images/image_molestias.jpg', 'Των μέχρι της απίστευτα λέει.
Άτομο δείξει άρα κι χρησιμοποιώντας. Λέει αποφάσισε μάτσο πρώτο χρόνου.');
INSERT INTO nurse_media (media_id, nurse_id) VALUES ('117', 'nurse_id');
INSERT INTO media (path, description) VALUES ('/media/images/image_velit.jpg', 'Πλέον πως που έτοιμος επιδιορθώσεις τον. Ποια ο μέχρι χρησιμοποιούνταν που ένα. Συνάδελφος δεδομένων σχεδιαστής εγώ μια που.');
INSERT INTO nurse_media (media_id, nurse_id) VALUES ('118', 'nurse_id');
INSERT INTO media (path, description) VALUES ('/media/images/image_esse.png', 'Τα ανταγωνιστής αντιλήφθηκαν διάσημα ως ίδιο ένα σταματάς. Συγγραφής έγραψες τύπου ας μου. Ο ύψος χρονοδιαγράμματα χαρακτηριστικό.');
INSERT INTO nurse_media (media_id, nurse_id) VALUES ('119', 'nurse_id');
INSERT INTO media (path, description) VALUES ('/media/images/image_ipsum.jpeg', 'Ευκολότερο καλύτερο ζητήσεις για με. Χρησιμοποιώντας αυτός εργοστασίου νέων. Τα μερικούς σημαντικό λέει. Προκύπτουν ναι ένας ημέρα ας.');
INSERT INTO nurse_media (media_id, nurse_id) VALUES ('120', 'nurse_id');
INSERT INTO media (path, description) VALUES ('/media/images/image_consequuntur.jpg', 'Της εξαρτάται βαθμό δυστυχώς μας.');
INSERT INTO nurse_media (media_id, nurse_id) VALUES ('121', 'nurse_id');
INSERT INTO media (path, description) VALUES ('/media/images/image_officiis.jpg', 'Εντολές περίπου πιο πόρτες ανά επί. Γραμμές κάνε σαν αφήσεις αφήσεις τον.');
INSERT INTO nurse_media (media_id, nurse_id) VALUES ('122', 'nurse_id');
INSERT INTO media (path, description) VALUES ('/media/images/image_exercitationem.jpeg', 'Πηγαίου έξι πετούν αλγόριθμου με άρα πήρε. Εδώ δε πρώτοι σπίτι ήδη με μάτσο αναφέρονται. Προσθέσει μετράει συνεντεύξεις πάντως κλπ παραγωγικής κρατήσουν προσθέσει.');
INSERT INTO nurse_media (media_id, nurse_id) VALUES ('123', 'nurse_id');
INSERT INTO media (path, description) VALUES ('/media/images/image_rem.png', 'Πάντως στις κρατάει. Εγώ διευθυντές εσωτερικών που απαράδεκτη ήδη πρώτης πεδία. Κανείς δε σίγουρος ήδη.');
INSERT INTO nurse_media (media_id, nurse_id) VALUES ('124', 'nurse_id');
INSERT INTO media (path, description) VALUES ('/media/images/image_eius.jpeg', 'Να δυστυχώς για. Γνωστή τα αν δούλευε πάρα περιβάλλοντος επί. Ορίστε αποδείξεις σημεία ας απλό γνωστή.
Της εδώ πάντως γιαυτό πολύ. Τι αρχεία συγγραφής.');
INSERT INTO nurse_media (media_id, nurse_id) VALUES ('125', 'nurse_id');
INSERT INTO media (path, description) VALUES ('/media/images/image_tempore.png', 'Κάνε απλό ρουτίνα άρα. Λέει μέρος δύο με δε χώρου τους. Στέλνοντάς νέων ταξινομεί κόψεις δημιουργείς.');
INSERT INTO nurse_media (media_id, nurse_id) VALUES ('126', 'nurse_id');
INSERT INTO media (path, description) VALUES ('/media/images/image_nesciunt.png', 'Μέχρι κάνε εγώ μετράει ταξινομεί διαδίκτυο χαμηλός. Μαγικά εξοργιστικά διακόψουμε προσπαθούν να κι σημεία. Των εταιρείες απαράδεκτη βαθμό γραφικά δωροδοκηθούν απλό ναι.');
INSERT INTO nurse_media (media_id, nurse_id) VALUES ('127', 'nurse_id');
INSERT INTO media (path, description) VALUES ('/media/images/image_totam.jpg', 'Παράδειγμα μέγιστη τελειώσει. Προσθέσει πρώτοι όσο συγχωνευτεί.
Θα όταν επί πάντως πολύ ο μέγιστη πολύ. Αυτήν είχαμε μπορούσες νέων.');
INSERT INTO nurse_media (media_id, nurse_id) VALUES ('128', 'nurse_id');
INSERT INTO media (path, description) VALUES ('/media/images/image_occaecati.jpeg', 'Φράση περιβάλλον ίδιο προσθέσει διακοπής. Ρουτίνα απαράδεκτη χαρτιού τεσσαρών παίρνουν πετάξαμε επεξεργασία όσο. Πολύ συγχρόνως των.');
INSERT INTO nurse_media (media_id, nurse_id) VALUES ('129', 'nurse_id');
INSERT INTO media (path, description) VALUES ('/media/images/image_ducimus.jpeg', 'Σαν ορίστε ανεπιθύμητη νόμιζες τοπικές.
Εκθέσεις κι μας πάντως κάτι. Χαρακτηριστικό εργασίας κάτι παράγοντες χειρότερα οι ας.');
INSERT INTO nurse_media (media_id, nurse_id) VALUES ('130', 'nurse_id');
INSERT INTO media (path, description) VALUES ('/media/images/image_mollitia.jpeg', 'Σκεφτείς μου έλεγχος προσλάμβανες διορθώσεις τελειώσει. Αρπάζεις περισσότερη λοιπόν δυστυχώς φακέλους ο.');
INSERT INTO nurse_media (media_id, nurse_id) VALUES ('131', 'nurse_id');
INSERT INTO media (path, description) VALUES ('/media/images/image_quo.png', 'Μηχανής αγοράζοντας μάθε κάνε περιβάλλον. Σαν κώδικάς δημιουργήσεις γραμμές πρώτοι στα. Επί επί μετράει στα μεταγλωτιστής.');
INSERT INTO nurse_media (media_id, nurse_id) VALUES ('132', 'nurse_id');
INSERT INTO media (path, description) VALUES ('/media/images/image_pariatur.jpg', 'Τον ατόμου ρωτήσει εργάστηκε μιας. Πιο ο στη απαρατήρητο χρησιμοποιούνταν.
Χρόνου οι προβληματική διορθώσει. Στις κι ποσοστό αθόρυβες.');
INSERT INTO nurse_media (media_id, nurse_id) VALUES ('133', 'nurse_id');
INSERT INTO media (path, description) VALUES ('/media/images/image_ea.png', 'Βασανίζουν παίρνει ότι αν άρα. Κι τύπου ελέγχου τοπικές ρωτάει πάντως. Επιχείριση αρπάζεις γνωστή άρα έτοιμος.');
INSERT INTO nurse_media (media_id, nurse_id) VALUES ('134', 'nurse_id');
INSERT INTO media (path, description) VALUES ('/media/images/image_nesciunt.png', 'Εκτός για χρησιμοποιούνταν λες προσεκτικά περισσότερη. Απλό δύο σίγουρος δημιουργείς τι διάσημα.
Χρησιμοποίησέ φακέλους έτσι μέγιστη ρωτάει διολισθήσεις ότι. Κάτι χαρακτηριστικό εκτός σημαντικό τις.');
INSERT INTO nurse_media (media_id, nurse_id) VALUES ('135', 'nurse_id');
INSERT INTO media (path, description) VALUES ('/media/images/image_expedita.png', 'Θέμα ναι όχι χρόνου. Επί εντολές νέων στα του μεταφραστής συγκεντρωμένοι. Κοιτάζοντας επιχείριση υόρκη ίδιο δημιουργήσεις στο. Και άλγεβρα κοιτάζοντας εργάστηκε προσθέσει ο τον.');
INSERT INTO nurse_media (media_id, nurse_id) VALUES ('136', 'nurse_id');
INSERT INTO media (path, description) VALUES ('/media/images/image_ipsa.jpeg', 'Πάρεις μεταφραστής εδώ ανώδυνη. Απαρατήρητο πήρε αγοράζοντας εφαρμογής βαθμό.
Περιεχόμενα πάντως στις γράψει. Έλεγχος τα τι προγραμματιστές των. Σε έστελνε σαν βιβλίο και.');
INSERT INTO nurse_media (media_id, nurse_id) VALUES ('137', 'nurse_id');
INSERT INTO media (path, description) VALUES ('/media/images/image_a.jpg', 'Της δωροδοκηθούν εργαζόμενων δύο διοικητικό σχεδιαστής. Εκείνου πάρεις με εργαλείων ως.
Σωστά πρώτο ένας προσπαθήσεις σας πως προσθέσει τη. Από εκτός κι χαρακτηριστικό ανεπιθύμητη.');
INSERT INTO nurse_media (media_id, nurse_id) VALUES ('138', 'nurse_id');
INSERT INTO media (path, description) VALUES ('/media/images/image_neque.jpeg', 'Βαθμό στήλες χώρου πλέον. Εικόνες φακέλους πολύ φακέλους εργαλείων.');
INSERT INTO nurse_media (media_id, nurse_id) VALUES ('139', 'nurse_id');
INSERT INTO media (path, description) VALUES ('/media/images/image_id.png', 'Σχεδιαστής δημιουργήσεις μάλλον εγώ απαράδεκτη διορθώσεις δεν. Θα πλέον στη των. Φακέλους διάβασε πετούν ίδιο εκτελέσει χρησιμοποιούσες αν.');
INSERT INTO nurse_media (media_id, nurse_id) VALUES ('140', 'nurse_id');
INSERT INTO media (path, description) VALUES ('/media/images/image_neque.jpeg', 'Τοπικές έξι κι διαφήμιση. Έτσι σας της νιρβάνα θα τελειώσει δουλεύει. Ο μηχανής διαδίκτυο.');
INSERT INTO nurse_media (media_id, nurse_id) VALUES ('141', 'nurse_id');
INSERT INTO media (path, description) VALUES ('/media/images/image_praesentium.jpg', 'Τους σαν κλπ σας. Εκτός κάτι προγραμματιστές διάσημα. Πάντα διάβασε μάλλον θέλεις αποστηθίσει.');
INSERT INTO nurse_media (media_id, nurse_id) VALUES ('142', 'nurse_id');
INSERT INTO media (path, description) VALUES ('/media/images/image_provident.jpeg', 'Είχαμε λέει εργαζόμενοι. Στη εκείνου προσπαθήσεις αν γραμμής.');
INSERT INTO nurse_media (media_id, nurse_id) VALUES ('143', 'nurse_id');
INSERT INTO media (path, description) VALUES ('/media/images/image_blanditiis.jpeg', 'Κανόνα έτσι πολύ πάντα τις της χαρακτηριστικό.');
INSERT INTO nurse_media (media_id, nurse_id) VALUES ('144', 'nurse_id');
INSERT INTO media (path, description) VALUES ('/media/images/image_dicta.jpg', 'Ένας πάρα ελέγχου αποστηθίσει ένας διακοπή χάος.
Γραμμή τέλειοι κι. Μην επιστρέφουν μέσης ρωτήσει.
Εικόνες διασφαλίζεται προσπαθούν τις πολύ τις. Σε φαινόμενο προγραμματιστής βάζοντας.');
INSERT INTO nurse_media (media_id, nurse_id) VALUES ('145', 'nurse_id');
INSERT INTO media (path, description) VALUES ('/media/images/image_nobis.jpeg', 'Κι πιο τους. Κάτι χώρου νέων εγώ διαπιστώνεις. Από τους νέου νέο σκεφτείς ανεπιθύμητη βιαστικά.');
INSERT INTO nurse_media (media_id, nurse_id) VALUES ('146', 'nurse_id');
INSERT INTO media (path, description) VALUES ('/media/images/image_repellat.jpeg', 'Έτοιμος δούλευε γραφικά ανταγωνιστής πάρεις τύπους. Εγώ υπηρεσία προσπαθούν πάντα διοικητικό πρώτοι. Πετούν πλέον πολύ θα παραδοτέου συγχρόνως.');
INSERT INTO nurse_media (media_id, nurse_id) VALUES ('147', 'nurse_id');
INSERT INTO media (path, description) VALUES ('/media/images/image_quibusdam.png', 'Τι παραδοτέου χρονοδιαγράμματα έξι για μιας. Τύπους ροή ένα και μη μιας γνωρίζουμε.');
INSERT INTO nurse_media (media_id, nurse_id) VALUES ('148', 'nurse_id');
INSERT INTO media (path, description) VALUES ('/media/images/image_ab.jpeg', 'Νιρβάνα πρώτοι ωραίο εφαμοργής ποια. Ρωτήσει εργοστασίου έξι βαθμό να κόλπα. Ανταγωνιστής διαφήμιση αλγόριθμου κανένας.');
INSERT INTO nurse_media (media_id, nurse_id) VALUES ('149', 'nurse_id');
INSERT INTO media (path, description) VALUES ('/media/images/image_repellendus.jpeg', 'Ειδικά πες αποκλειστικούς πάντως μια δημιουργια πετούν. Μου συγχωνευτεί λιγότερο εργαζόμενων να συγγραφής.
Διορθώσεις πάντως προγραμματιστής φράση και. Νιρβάνα τα παίξουν καλύτερο.');
INSERT INTO nurse_media (media_id, nurse_id) VALUES ('150', 'nurse_id');
INSERT INTO media (path, description) VALUES ('/media/images/image_enim.jpg', 'Δε διορθώσει απαρατήρητο εκτελέσεις. Τους ευκολότερο έτσι ύψος χάος τους. Διάσημα δημιουργια ανακλύψεις συνεντεύξεις προβληματική σαν όχι όταν.');
INSERT INTO nurse_media (media_id, nurse_id) VALUES ('151', 'nurse_id');
INSERT INTO media (path, description) VALUES ('/media/images/image_ullam.jpeg', 'Μετράει τη χρησιμοποίησέ εκτός. Ερωτήσεις μπουν μου συνεντεύξεις μέρος περίπου. Μη δημιουργήσεις περισσότερη αποκλειστικούς πολύ θα εργαζόμενων μάλλον.');
INSERT INTO nurse_media (media_id, nurse_id) VALUES ('152', 'nurse_id');
INSERT INTO media (path, description) VALUES ('/media/images/image_aperiam.png', 'Είχαμε απαρατήρητο νέου άρθρων απόλαυσε θέμα βρίσκονται. Σας ήδη αλγόριθμου. Δυστυχής μας χάος μάθε ποσοστό θα εξακολουθεί χειρότερα.');
INSERT INTO nurse_media (media_id, nurse_id) VALUES ('153', 'nurse_id');
INSERT INTO media (path, description) VALUES ('/media/images/image_quo.jpg', 'Διαδίκτυο μην δεν στο πλέον πάντα παίρνει. Βρίσκονται τρόποι επεξεργασία μην. Ναι και συνεχώς μέχρι.');
INSERT INTO nurse_media (media_id, nurse_id) VALUES ('154', 'nurse_id');
INSERT INTO media (path, description) VALUES ('/media/images/image_dolorum.png', 'Την γεγονός διαπιστώνεις στο τι ανακλύψεις. Όσο δουλεύει επεξεργασία διευθυντές. Πως δε στις εκθέσεις ώρα δύο πρώτοι όταν.
Εκτελέσεις γειτονιάς ρουτίνα μέσης προκύπτουν.');
INSERT INTO nurse_media (media_id, nurse_id) VALUES ('155', 'nurse_id');
INSERT INTO media (path, description) VALUES ('/media/images/image_ipsa.png', 'Μηχανής στα σταματάς περιεχόμενα μέγιστη διαχειριστής. Τον βιβλίο περιβάλλον. Οι που μιας όσο λετπά διακόψουμε.
Τον το αυτός εκείνου ημέρα κανένας έτσι. Την κώδικα ένα ήδη.');
INSERT INTO nurse_media (media_id, nurse_id) VALUES ('156', 'nurse_id');
INSERT INTO media (path, description) VALUES ('/media/images/image_inventore.jpg', 'Άρα εκτελέσεις μέχρι πλέον μέρος εργαζόμενοι. Κανένας λες κάνεις έχω μηχανής.
Σταματάς απίστευτα πρώτης υπηρεσία. Σε διορθώσει διακοπής εντολές. Συνηθίζουν του μα περισσότερες προϊόντα αρχεία.');
INSERT INTO nurse_media (media_id, nurse_id) VALUES ('157', 'nurse_id');
INSERT INTO media (path, description) VALUES ('/media/images/image_molestias.png', 'Τα προσπαθήσεις τις βιβλίο μη μαγικά λιγότερο ας. Προκύπτουν μεταγλωτιστής σπίτι σε. Τρόποι επί παίξουν δίνοντας πως πετούν κύκλο.
Φράση δημιουργια έχω τους.');
INSERT INTO nurse_media (media_id, nurse_id) VALUES ('158', 'nurse_id');
INSERT INTO media (path, description) VALUES ('/media/images/image_dignissimos.jpg', 'Εταιρείες ζητήσεις μα συνηθίζουν χειρότερα να χρονοδιαγράμματος.');
INSERT INTO nurse_media (media_id, nurse_id) VALUES ('159', 'nurse_id');
INSERT INTO media (path, description) VALUES ('/media/images/image_quibusdam.jpeg', 'Σου αυτήν σημεία χρησιμοποιώντας. Ροή ιδιαίτερα χαρακτηριστικών σπίτι. Χρησιμοποιούσες παίρνει κειμένων ένα μάτσο εδώ ένας.');
INSERT INTO nurse_media (media_id, nurse_id) VALUES ('160', 'nurse_id');
INSERT INTO media (path, description) VALUES ('/media/images/image_ipsum.jpeg', 'Πηγαίου διακοπής προσπαθούν εργοστασίου πάντως. Εδώ ως κάτι ορίστε ταξινομεί. Κοιτάζοντας τρέξει ένας προσοχή που.');
INSERT INTO nurse_media (media_id, nurse_id) VALUES ('161', 'nurse_id');
INSERT INTO media (path, description) VALUES ('/media/images/image_corporis.png', 'Άπειρα βιαστικά αν. Νέου χρονοδιαγράμματος τη.
Γειτονιάς μεταφραστής αυτός δεν επί μετρήσεις άτομο. Αθόρυβες χρόνου εδώ τι.');
INSERT INTO nurse_media (media_id, nurse_id) VALUES ('162', 'nurse_id');
INSERT INTO media (path, description) VALUES ('/media/images/image_adipisci.png', 'Δείξει κανόνα όχι έτσι φακέλους ο πάντα μη. Το σωστά δυστυχής παραπάνω μέχρι καταλάθος εκθέσεις έξι. Εκτός μέχρι ο της.');
INSERT INTO nurse_media (media_id, nurse_id) VALUES ('163', 'nurse_id');
INSERT INTO media (path, description) VALUES ('/media/images/image_totam.png', 'Στέλνοντάς νιρβάνα χρησιμοποιώντας απίστευτα ημέρα. Εντολές στο μας ερωτήσεις πηγαίου μηχανής που. Ένας μπορούσες τους αγοράζοντας χρησιμοποιούνταν σε ως νέων.');
INSERT INTO nurse_media (media_id, nurse_id) VALUES ('164', 'nurse_id');
INSERT INTO media (path, description) VALUES ('/media/images/image_perferendis.png', 'Μέσης κάτι βαθμό μας εκτός. Στέλνοντάς διορθώσεις λες στις.
Τον εικόνες διακοπής μέρος είχαμε θα κάτι. Κύκλο σε για.');
INSERT INTO nurse_media (media_id, nurse_id) VALUES ('165', 'nurse_id');
INSERT INTO media (path, description) VALUES ('/media/images/image_delectus.jpg', 'Πως προσπαθήσεις νόμιζες κρατήσουν. Πάρεις αποδείξεις άρα πετούν πάντως. Πόρτες διακοπής προϊόντα γνωστή.');
INSERT INTO nurse_media (media_id, nurse_id) VALUES ('166', 'nurse_id');
INSERT INTO media (path, description) VALUES ('/media/images/image_occaecati.jpg', 'Πιο τα αποφάσισε αυτήν το την αντιλήφθηκαν. Αγοράζοντας μέσης έγραψες χρησιμοποιούνταν και πρώτης.');
INSERT INTO nurse_media (media_id, nurse_id) VALUES ('167', 'nurse_id');
INSERT INTO media (path, description) VALUES ('/media/images/image_fugit.jpeg', 'Εργάστηκε δημιουργείς δοκιμάσεις χαρακτηριστικών εσωτερικών μα. Νέο βρίσκονται νέο κώδικα σημεία εξακολουθεί αρπάζεις. Έστειλε προσπαθήσεις απομόνωση ήδη ναι.');
INSERT INTO nurse_media (media_id, nurse_id) VALUES ('168', 'nurse_id');
INSERT INTO media (path, description) VALUES ('/media/images/image_eum.jpg', 'Γραφικά στο ρουτίνα γειτονιάς εφαρμογή θέλεις ανεπιθύμητη. Κάτι ένας κι μετρήσεις αν ερώτηση όσο.
Κανείς πόρτες ατόμου αρχεία αλγόριθμου ένας. Γραμμή σημεία γνωστή διοικητικό μέρος.');
INSERT INTO nurse_media (media_id, nurse_id) VALUES ('169', 'nurse_id');
INSERT INTO media (path, description) VALUES ('/media/images/image_laborum.jpg', 'Σου από στις εδώ τι την βιαστικά. Ειδικά πεδία της προσθέσει βαθμό που. Αποδείξεις πιο πες αντιλήφθηκαν διευθυντές εργασίας πιο. Διευθυντές ο κλπ ευκολότερο τους φαινόμενο που.');
INSERT INTO nurse_media (media_id, nurse_id) VALUES ('170', 'nurse_id');
INSERT INTO media (path, description) VALUES ('/media/images/image_at.png', 'Δημιουργείς περισσότερες κάνεις εξακολουθεί τέλειοι. Αυτήν κύκλο γραμμής παράγοντες πάντως συγχρόνως εκτελείται βρίσκονται. Έτσι απλό εργαζόμενοι.');
INSERT INTO nurse_media (media_id, nurse_id) VALUES ('171', 'nurse_id');
INSERT INTO media (path, description) VALUES ('/media/images/image_temporibus.jpeg', 'Απαρατήρητο προσπαθήσεις πήρε πετάξαμε εγώ ίδιο τις.
Δύο ανεπιθύμητη δυστυχώς επί αφήσεις παραδοτέου. Χρονοδιαγράμματα δεν εργάστηκε νέων κάτι πάντα. Των διορθώσεις περίπου χρονοδιαγράμματα.');
INSERT INTO nurse_media (media_id, nurse_id) VALUES ('172', 'nurse_id');
INSERT INTO media (path, description) VALUES ('/media/images/image_quod.jpeg', 'Άλγεβρα φαινόμενο εξοργιστικά παίρνει απλό επί ειδικά έξι. Κρατάει απομόνωση ήδη εφαμοργής βαθμό ότι.
Τελειώσει χειρότερα μάθε. Τη για αγοράζοντας εργαζόμενοι με.');
INSERT INTO nurse_media (media_id, nurse_id) VALUES ('173', 'nurse_id');
INSERT INTO media (path, description) VALUES ('/media/images/image_non.png', 'Γραμμής θέλεις άρα κρατάει πήρε νιρβάνα. Τους αποδείξεις κι ελέγχου σου βιαστικά κανένας. Επί αναγκάζονται εγώ έχω ημέρα ήδη.');
INSERT INTO nurse_media (media_id, nurse_id) VALUES ('174', 'nurse_id');
INSERT INTO media (path, description) VALUES ('/media/images/image_at.jpg', 'Έστειλε προσλάμβανες απομόνωση συγκεντρωμένοι μέγιστη. Τα εσωτερικών ειδικά δημιουργείς τοπικές ύψος έχω.');
INSERT INTO nurse_media (media_id, nurse_id) VALUES ('175', 'nurse_id');
INSERT INTO media (path, description) VALUES ('/media/images/image_facere.jpg', 'Κόλπα ήδη πες χρησιμοποίησέ ήδη έχω προγραμματιστές. Κειμένων σκεφτείς ανώδυνη ημέρα επεξεργασία προσθέσει. Διαχειριστής δημιουργια δίνοντας κόλπα χάος μηχανής.');
INSERT INTO nurse_media (media_id, nurse_id) VALUES ('176', 'nurse_id');
INSERT INTO media (path, description) VALUES ('/media/images/image_hic.png', 'Μάτσο σίγουρος μη οι κύκλο όταν συγχρόνως εκθέσεις. Τη εκτελέσει για. Συνέχεια δημιουργήσεις χρησιμοποιούνταν προσθέσει πλέον προσθέσει.');
INSERT INTO nurse_media (media_id, nurse_id) VALUES ('177', 'nurse_id');
INSERT INTO media (path, description) VALUES ('/media/images/image_iste.jpg', 'Μια πάντως υπηρεσία. Ένα μια ότι πόρτες πεδία διασφαλίζεται. Με ρωτάει νιρβάνα εκτός σκεφτείς ταξινομεί.');
INSERT INTO nurse_media (media_id, nurse_id) VALUES ('178', 'nurse_id');
INSERT INTO media (path, description) VALUES ('/media/images/image_eligendi.png', 'Παράδειγμα τα επί. Διακόψουμε ποσοστό αθόρυβες διολισθήσεις νέα συνάδελφος και αναφορά.');
INSERT INTO nurse_media (media_id, nurse_id) VALUES ('179', 'nurse_id');
INSERT INTO media (path, description) VALUES ('/media/images/image_aperiam.jpeg', 'Τι πάντα ζητήσεις μαγικά του. Ώρα άτομο άρα. Άρα χαρακτηριστικό πάντως ρωτάει αθόρυβες έστελνε.
Μια πάντα των ποσοστό. Προσπαθήσεις σου εγώ.');
INSERT INTO nurse_media (media_id, nurse_id) VALUES ('180', 'nurse_id');
INSERT INTO media (path, description) VALUES ('/media/images/image_ipsum.png', 'Του περιεχόμενα μάλλον αποδείξεις γραφικά περιεχόμενα. Χώρου αποφάσισε παραδώσεις σκεφτείς πάντως κάτι γνωρίζουμε νέων. Δεν απαραίτητο αναφέρονται δεδομένων χρειάζονται.');
INSERT INTO admin_media (media_id, admin_id) VALUES ('181', 'admin_id');
INSERT INTO media (path, description) VALUES ('/media/images/image_odit.jpeg', 'Λιγότερο επί υποψήφιο. Περιβάλλοντος τα αρχεία έστελνε σχεδιαστής ναι διάσημα αποκλειστικούς.');
INSERT INTO admin_media (media_id, admin_id) VALUES ('182', 'admin_id');
INSERT INTO media (path, description) VALUES ('/media/images/image_doloremque.jpg', 'Μέχρι όταν ζητήσεις παραγωγικής. Πεδία εργαζόμενων κοιτάζοντας επιχείριση πρώτης επιδιόρθωση χρησιμοποιούνταν. Πολύ κάνεις αν λοιπόν.');
INSERT INTO admin_media (media_id, admin_id) VALUES ('183', 'admin_id');
INSERT INTO media (path, description) VALUES ('/media/images/image_officia.jpg', 'Την εσωτερικών προϊόντα εδώ. Ποια παραγωγικής γραφικά χρόνου υποψήφιο διορθώσεις κλπ δυστυχώς. Πολύ απλό για.');
INSERT INTO admin_media (media_id, admin_id) VALUES ('184', 'admin_id');
INSERT INTO media (path, description) VALUES ('/media/images/image_possimus.png', 'Ωραίο μιας διαφήμιση παράδειγμα όταν. Πάντα μέχρι πάντα επί γραφικά βαθμό το.');
INSERT INTO admin_media (media_id, admin_id) VALUES ('185', 'admin_id');
INSERT INTO media (path, description) VALUES ('/media/images/image_quibusdam.jpg', 'Στη ανά και πάρα δούλευε πλέον διαπιστώνεις μα. Λιγότερο συγγραφής παραπάνω το μέγιστη λιγότερο. Παίξουν κοιτάζοντας εσωτερικών ποσοστό εκτελέσεις μας εφαρμογής μάθε.');
INSERT INTO admin_media (media_id, admin_id) VALUES ('186', 'admin_id');
INSERT INTO media (path, description) VALUES ('/media/images/image_alias.jpeg', 'Παραδώσεις για διαφήμιση αρχεία. Αποδείξεις διευθυντές ίδιο εργαζόμενοι ελέγχου. Πολύ αρπάζεις χαρακτηριστικό δύο διακοπής κάνεις.');
INSERT INTO admin_media (media_id, admin_id) VALUES ('187', 'admin_id');
INSERT INTO media (path, description) VALUES ('/media/images/image_aspernatur.jpg', 'Ανεπιθύμητη άρα ερώτηση χρόνου και των πήρε. Παίρνουν πήρε μαγικά άλγεβρα ας τον. Κάνε δεν που ερώτηση χρησιμοποιώντας σημαντικό τους. Ανά ερωτήσεις για θυμάμαι ποσοστό γέλασαν για.');
INSERT INTO admin_media (media_id, admin_id) VALUES ('188', 'admin_id');
INSERT INTO media (path, description) VALUES ('/media/images/image_soluta.jpeg', 'Πρώτο λοιπόν δε. Διασφαλίζεται άλγεβρα πρώτοι αντιλήφθηκαν. Εργάστηκε προσοχή τους ανά.
Μην όταν ο. Εγώ γιαυτό διάβασε πάντα που της αυτός.');
INSERT INTO admin_media (media_id, admin_id) VALUES ('189', 'admin_id');
INSERT INTO media (path, description) VALUES ('/media/images/image_eum.jpg', 'Ερωτήσεις πάρα μέρος. Επί κάνε μα χρησιμοποίησέ χαρτιού ξέχασε εφαρμογή.
Άρα βιβλίο λέει τι ρωτάει μετρήσεις προσπαθήσεις. Δεν τεκμηριώνει άπειρα ως. Ρουτίνα σχεδιαστής διακοπή περιμένουν.');
INSERT INTO admin_media (media_id, admin_id) VALUES ('190', 'admin_id');
INSERT INTO media (path, description) VALUES ('/media/images/image_temporibus.jpg', 'Μεταγλωτιστής και θα έτσι. Λετπά περισσότερες μέχρι. Της έχω μέχρι απίστευτα αποφάσισε γραμμής ζητήσεις.
Είχαμε εντολές μα ερωτήσεις βαθμό. Φράση υποψήφιο τι βάζοντας θυμάμαι πιο.');
INSERT INTO admin_media (media_id, admin_id) VALUES ('191', 'admin_id');
INSERT INTO media (path, description) VALUES ('/media/images/image_perspiciatis.jpeg', 'Ναι εσωτερικών θέματα κι. Δύο έτσι σαν.
Και μεταγλωτιστής στη νόμιζες ταξινομεί νιρβάνα την στη.
Λες εργαζόμενοι έλεγχος δεδομένων δε τεκμηριώνει με. Ποια για πρώτης εφαρμογή χρειάζονται.');
INSERT INTO admin_media (media_id, admin_id) VALUES ('192', 'admin_id');
INSERT INTO media (path, description) VALUES ('/media/images/image_nulla.jpeg', 'Γέλασαν λέει απόλαυσε ρωτήσει περισσότερες δεν διαδίκτυο τη. Την χώρου λοιπόν τρόπο μα επιδιόρθωση. Παραγωγικής εργασίας συνάδελφος.');
INSERT INTO admin_media (media_id, admin_id) VALUES ('193', 'admin_id');
INSERT INTO media (path, description) VALUES ('/media/images/image_ullam.png', 'Στα το βιαστικά ναι γραμμές. Το περίπου παραδοτέου δεν έστελνε τεκμηριώνει συγχρόνως βασανίζουν.
Σου διάβασε πλέον προσπαθήσεις. Προσπαθούν του στήλες και παίξουν ζητήσεις μου.');
INSERT INTO admin_media (media_id, admin_id) VALUES ('194', 'admin_id');
INSERT INTO media (path, description) VALUES ('/media/images/image_rem.png', 'Μάθε χειρότερα ανακλύψεις σου μια λετπά. Έξι επιδιόρθωση μας πετάνε.');
INSERT INTO admin_media (media_id, admin_id) VALUES ('195', 'admin_id');
INSERT INTO media (path, description) VALUES ('/media/images/image_deserunt.jpeg', 'Όσο εγώ σου κρατήσουν αρέσει χαρακτηριστικό. Τους μερικούς και φακέλους εικόνες αρπάζεις χειρότερα. Πάρεις έτοιμος φακέλους επεξεργασία τι.');
INSERT INTO admin_media (media_id, admin_id) VALUES ('196', 'admin_id');
INSERT INTO media (path, description) VALUES ('/media/images/image_temporibus.jpeg', 'Γράψει γραμμής δυστυχώς δημιουργήσεις τεσσαρών ήδη θέλεις. Ο ατόμου ερώτηση χάος μην ως.');
INSERT INTO admin_media (media_id, admin_id) VALUES ('197', 'admin_id');
INSERT INTO media (path, description) VALUES ('/media/images/image_id.jpeg', 'Νέα ύψος έχω πήρε. Λέει πετάξαμε πλέον τεσσαρών ως απαρατήρητο. Παράγοντες πιο επιδιόρθωση χειρότερα. Ας σε βουτήξουν αφήσεις ρωτήσει διευθυντές μετράει από.');
INSERT INTO admin_media (media_id, admin_id) VALUES ('198', 'admin_id');
INSERT INTO media (path, description) VALUES ('/media/images/image_totam.jpg', 'Δοκιμάσεις μπορούσες δύο χαρακτηριστικών άπειρα.
Δύο αθόρυβες τα σαν εργαλείων. Τεκμηριώνει διευθυντές πως συγκεντρωμένοι διαπιστώνεις. Ανά τα ίδιο ποια.');
INSERT INTO admin_media (media_id, admin_id) VALUES ('199', 'admin_id');
INSERT INTO media (path, description) VALUES ('/media/images/image_incidunt.png', 'Ζητήσεις ημέρα κρατήσουν. Στα δοκιμάσεις προσθέσει απλό.
Στα επιστρέφουν σημαντικό εντολές δύο εδώ ώρα. Τι σας σε κι κώδικα παίρνουν. Προϊόντα ανά εφαμοργής τις πάντα.');
INSERT INTO admin_media (media_id, admin_id) VALUES ('200', 'admin_id');
INSERT INTO media (path, description) VALUES ('/media/images/image_accusamus.png', 'Αναφορά άρθρων όσο φακέλους αυτός. Ένας εικόνες δε συνέχεια διευθυντές μερικούς εκτός. Εκτελείται στις εξαρτάται.');
INSERT INTO admin_media (media_id, admin_id) VALUES ('201', 'admin_id');
INSERT INTO media (path, description) VALUES ('/media/images/image_sunt.jpeg', 'Όταν που τους πιο ανακλύψεις έχω. Ο δημιουργείς ημέρα εντολές εργαζόμενοι ας στα.');
INSERT INTO admin_media (media_id, admin_id) VALUES ('202', 'admin_id');
INSERT INTO media (path, description) VALUES ('/media/images/image_a.jpg', 'Διορθώσει σημαντικό πρόσληψη παίξουν για. Ας άρθρων στο χαρακτηριστικό γέλασαν.
Επί διακόψουμε χρονοδιαγράμματα. Την γνωρίζουμε άρα εντολές. Ροή ένας πάντως δύο μέσης.');
INSERT INTO admin_media (media_id, admin_id) VALUES ('203', 'admin_id');
INSERT INTO media (path, description) VALUES ('/media/images/image_voluptatum.jpeg', 'Στέλνοντάς έξι κι απόλαυσε στις. Φαινόμενο τους φράση αποκλειστικούς.
Θυμάμαι μην για του μη πάντα διαχειριστής. Μέγιστη έστελνε χαρακτηριστικών ότι μην.');
INSERT INTO admin_media (media_id, admin_id) VALUES ('204', 'admin_id');
INSERT INTO media (path, description) VALUES ('/media/images/image_officia.png', 'Τοπικές διακοπής δοκιμάσεις εκτελέσει. Παίρνει είχαμε ρωτάει στα. Χώρου νιρβάνα εφαμοργής προκύπτουν. Τον κειμένων προσλάμβανες μερικούς.');
INSERT INTO admin_media (media_id, admin_id) VALUES ('205', 'admin_id');
INSERT INTO media (path, description) VALUES ('/media/images/image_atque.jpg', 'Πολύ στέλνοντάς οι. Στις κι μηχανής περίπου καλύτερο. Στη πάρεις ρουτίνα καλύτερο.');
INSERT INTO admin_media (media_id, admin_id) VALUES ('206', 'admin_id');
INSERT INTO media (path, description) VALUES ('/media/images/image_placeat.png', 'Τις δυστυχής που διαπιστώνεις ρωτήσει στήλες μπουν ορίστε. Πολύ κειμένων στα όσο αντιλήφθηκαν απαράδεκτη περισσότερη κανένας. Χρονοδιαγράμματος επεξεργασία θα ποια εκθέσεις.');
INSERT INTO admin_media (media_id, admin_id) VALUES ('207', 'admin_id');
INSERT INTO media (path, description) VALUES ('/media/images/image_quod.jpeg', 'Χαρακτηριστικό εσωτερικών διευθυντές γράψει μαγικά τρέξει. Της τι στήλες.
Ταξινομεί σημαντικό προσπαθούν εσωτερικών εργαζόμενων έγραψες λέει ας. Εκθέσεις κανένας λέει συγκεντρωμένοι.');
INSERT INTO admin_media (media_id, admin_id) VALUES ('208', 'admin_id');
INSERT INTO media (path, description) VALUES ('/media/images/image_doloribus.jpeg', 'Δυστυχής αυτός στήλες του πλέον δωροδοκηθούν θα. Σε ιδιαίτερα συνεχώς ορίστε. Στις πιο δε ρωτήσει προβληματική σημαντικό με εφαρμογής.');
INSERT INTO admin_media (media_id, admin_id) VALUES ('209', 'admin_id');
INSERT INTO media (path, description) VALUES ('/media/images/image_eius.png', 'Έξι εγώ δε τα έτσι μα. Ημέρα περιμένουν χρησιμοποίησέ αναφέρονται διακόψουμε. Μηχανής ήδη μην ταξινομεί πιο απαράδεκτη.');
INSERT INTO admin_media (media_id, admin_id) VALUES ('210', 'admin_id');
INSERT INTO media (path, description) VALUES ('/media/images/image_quidem.png', 'Αποθηκευτικού προσθέσει δημιουργήσεις δημιουργια μια. Ήδη ανταγωνιστής πόρτες προσθέσει χρησιμοποιούνταν γνωστή. Κάνεις μεταγλωτιστής κόψεις δεδομένων.');
INSERT INTO admin_media (media_id, admin_id) VALUES ('211', 'admin_id');
INSERT INTO media (path, description) VALUES ('/media/images/image_non.jpeg', 'Απλό που αναφέρονται προσθέσει δεν έλεγχος μπουν δύο. Χρησιμοποιούνταν δημιουργήσεις πάρεις. Ποια τα επενδυτής προγραμματιστές.');
INSERT INTO admin_media (media_id, admin_id) VALUES ('212', 'admin_id');
INSERT INTO media (path, description) VALUES ('/media/images/image_deleniti.jpeg', 'Μιας έχω με παραδοτέου γεύματος.
Κι πετούν ας κι με που άρα. Ανταγωνιστής δίνοντας δείξει σε. Εγώ χρησιμοποιώντας μέρος παραδώσεις μέρος χαρακτηριστικό.');
INSERT INTO admin_media (media_id, admin_id) VALUES ('213', 'admin_id');
INSERT INTO media (path, description) VALUES ('/media/images/image_dicta.jpeg', 'Τεσσαρών ερωτήσεις εφαμοργής σαν τρόπο εξακολουθεί. Εκτός εκτελέσει γεγονός πιο.
Ίδιο από της έτσι καλύτερο ορίστε μα.');
INSERT INTO admin_media (media_id, admin_id) VALUES ('214', 'admin_id');
INSERT INTO media (path, description) VALUES ('/media/images/image_ea.jpeg', 'Συνηθίζουν πιο βιαστικά ρωτήσει σωστά. Προσπαθήσεις δε οι λέει δεδομένων χειρότερα. Δε αποθηκευτικού δουλεύει εκτελείται μέχρι από διακοπής παράγοντες.');
INSERT INTO admin_media (media_id, admin_id) VALUES ('215', 'admin_id');
INSERT INTO media (path, description) VALUES ('/media/images/image_suscipit.jpg', 'Ο πιο αθόρυβες έστειλε φίλος. Κι το ότι δεν προσθέσει μια αθόρυβες.
Οι προσπαθούν πετούν. Μέγιστη αρπάζεις τελειώσει ανακλύψεις εργαλείων ίδιο αρπάζεις ας.');
INSERT INTO admin_media (media_id, admin_id) VALUES ('216', 'admin_id');
INSERT INTO media (path, description) VALUES ('/media/images/image_voluptates.jpg', 'Περιβάλλοντος λίγο παίρνει ναι μιας συγγραφής αυτήν. Λετπά λοιπόν τις το κι απαρατήρητο λαμβάνουν.');
INSERT INTO admin_media (media_id, admin_id) VALUES ('217', 'admin_id');
INSERT INTO media (path, description) VALUES ('/media/images/image_dolor.jpeg', 'Κόλπα εφαρμογής που ποια πάρεις προκύπτουν. Σημαντικό υόρκη απαρατήρητο ένα. Όσο πάρεις ο που.
Αποδείξεις ευκολότερο ημέρα αυτός εδώ στη.');
INSERT INTO admin_media (media_id, admin_id) VALUES ('218', 'admin_id');
INSERT INTO media (path, description) VALUES ('/media/images/image_voluptatum.png', 'Εκτελέσεις νόμιζες φίλος πλέον μου ημέρα. Σαν διοικητικό συγγραφείς ένα.
Έλεγχος ώρα εικόνες ως. Που εφαμοργής βάζοντας προβληματική.
Κι μέχρι σε ένα. Ανακλύψεις από άρα λίγο.');
INSERT INTO admin_media (media_id, admin_id) VALUES ('219', 'admin_id');
INSERT INTO media (path, description) VALUES ('/media/images/image_aliquid.png', 'Κανένας φίλος μια γνωρίζουμε αν ανεπιθύμητη. Εργαλείων μέχρι μάλλον μη συνηθίζουν. Σας επεξεργασία σταματάς τεκμηριώνει.');
INSERT INTO admin_media (media_id, admin_id) VALUES ('220', 'admin_id');
INSERT INTO media (path, description) VALUES ('/media/images/image_quisquam.jpeg', 'Βάζοντας τη τι κανόνα λοιπόν καταλάθος.
Μια μη βουτήξουν τα τύπου χώρου κώδικα δημιουργείς. Σκεφτείς κάτι μια ορίστε πάντα δούλευε έλεγχος αναγκάζονται.');
INSERT INTO admin_media (media_id, admin_id) VALUES ('221', 'admin_id');
INSERT INTO media (path, description) VALUES ('/media/images/image_eos.jpg', 'Κώδικα ταξινομεί να προϊόντα μέχρι αθόρυβες.
Συγχρόνως εργαλείων στραβά. Όταν ακούσει ίδιο απόλαυσε άρα μου τη στραβά. Των σε φίλος σου.');
INSERT INTO admin_media (media_id, admin_id) VALUES ('222', 'admin_id');
INSERT INTO media (path, description) VALUES ('/media/images/image_sequi.png', 'Νέων πως επιδιόρθωση κρατήσουν φακέλους συνέχεια. Κύκλο εκθέσεις τύπου.
Μιας γιαυτό επιχείριση διαχειριστής. Ένα παράδειγμα πηγαίου εκτός διασφαλίζεται πεδία.');
INSERT INTO admin_media (media_id, admin_id) VALUES ('223', 'admin_id');
INSERT INTO media (path, description) VALUES ('/media/images/image_laudantium.jpg', 'Μα θέλεις από πιο τη δύο του. Ας παραγωγικής νέων έστελνε προκύπτουν. Κι τη έστελνε.');
INSERT INTO admin_media (media_id, admin_id) VALUES ('224', 'admin_id');
INSERT INTO media (path, description) VALUES ('/media/images/image_nulla.jpg', 'Εδώ εξοργιστικά προσθέσει προσοχή υπηρεσία. Τον εκτός ωραίο ναι γραφικά συνέχεια δυστυχώς. Χάος κανένας με αν πετάνε βουτήξουν συνεχώς. Αποθηκευτικού παραπάνω γράψει ποια.');
INSERT INTO admin_media (media_id, admin_id) VALUES ('225', 'admin_id');
INSERT INTO media (path, description) VALUES ('/media/images/image_deleniti.jpg', 'Ένας απόλαυσε εγώ στη. Για αυτός συγχρόνως απίστευτα μιας. Τους λαμβάνουν ημέρα προσοχή.');
INSERT INTO admin_media (media_id, admin_id) VALUES ('226', 'admin_id');
INSERT INTO media (path, description) VALUES ('/media/images/image_illo.jpeg', 'Ερώτηση παραδοτέου σαν ότι να αναγκάζονται. Μη στη ανεπιθύμητη δύο από από σπίτι. Ημέρα γεγονός ρωτήσει νέων δε νέων συνέχεια.');
INSERT INTO admin_media (media_id, admin_id) VALUES ('227', 'admin_id');
INSERT INTO media (path, description) VALUES ('/media/images/image_occaecati.jpg', 'Απόλαυσε χαρακτηριστικό ίδιο χρησιμοποιούσες ας. Ρωτήσει θα ζητήσεις προσπαθήσεις επιχείριση. Κάνε πολύ δε νέο. Δεν μέγιστη θυμάμαι συνάδελφος.
Πάντως κι κανόνα που ανταγωνιστής.');
INSERT INTO admin_media (media_id, admin_id) VALUES ('228', 'admin_id');
INSERT INTO media (path, description) VALUES ('/media/images/image_deleniti.png', 'Εξακολουθεί έστελνε δύο μιας δε βιβλίο. Παραπάνω της και διαπιστώνεις διαδίκτυο όχι. Πακέτων σταματάς προκαλείς αναφέρονται απίστευτα τέλειοι μου.');
INSERT INTO admin_media (media_id, admin_id) VALUES ('229', 'admin_id');
INSERT INTO media (path, description) VALUES ('/media/images/image_ipsum.png', 'Την βιαστικά μερικούς ένας τα εκτός. Ειδικά διαφήμιση γνωστή γιαυτό μεταγλωτιστής άρα εκτελέσει την. Ας κλπ μερικούς επιχείριση ως.
Ποσοστό σκεφτείς πες προσπαθήσεις ίδιο εφαμοργής.');
INSERT INTO admin_media (media_id, admin_id) VALUES ('230', 'admin_id');
INSERT INTO media (path, description) VALUES ('/media/images/image_sint.png', 'Του πολύ ατόμου ποια ίδιο εργοστασίου. Αυτήν αγοράζοντας στις κρατήσουν μέχρι γραμμή.');
INSERT INTO equipment_media (media_id, equipment_id) VALUES ('231', 'equipment_id');
INSERT INTO media (path, description) VALUES ('/media/images/image_dolorum.png', 'Εξαρτάται το εκτελείται γειτονιάς. Ώρα σημαντικό αρπάζεις έγραψες. Έχω νέων μιας αναγκάζονται προϊόντα διαχειριστής.');
INSERT INTO equipment_media (media_id, equipment_id) VALUES ('232', 'equipment_id');
INSERT INTO media (path, description) VALUES ('/media/images/image_ratione.jpg', 'Τις απόλαυσε κρατάει αλγόριθμου τα. Αλγόριθμου μιας σας δεν.');
INSERT INTO equipment_media (media_id, equipment_id) VALUES ('233', 'equipment_id');
INSERT INTO media (path, description) VALUES ('/media/images/image_quas.jpeg', 'Εξακολουθεί μέγιστη διοικητικό αντιλήφθηκαν. Ανταγωνιστής όχι τις κλπ δεδομένων προβληματική.
Γραφικά σου άρα έτσι έξι. Επεξεργασία άτομο προσοχή σωστά από. Μα ποσοστό καταλάθος εντολές.');
INSERT INTO equipment_media (media_id, equipment_id) VALUES ('234', 'equipment_id');
INSERT INTO media (path, description) VALUES ('/media/images/image_necessitatibus.jpg', 'Απαρατήρητο γραμμές δεν εκτός τι. Κάνεις ατόμου εικόνες εκδόσεις ναι. Της προγραμματιστής αρχεία άπειρα. Χρόνου επιχείριση στις.
Ως δούλευε εγώ σας στη μεταφραστής. Εγώ ότι και ας απαρατήρητο κανείς.');
INSERT INTO equipment_media (media_id, equipment_id) VALUES ('235', 'equipment_id');
INSERT INTO media (path, description) VALUES ('/media/images/image_dolore.png', 'Μην δυστυχώς επί συγγραφείς. Προσθέσει το βάζοντας διορθώσεις σας για της.');
INSERT INTO equipment_media (media_id, equipment_id) VALUES ('236', 'equipment_id');
INSERT INTO media (path, description) VALUES ('/media/images/image_voluptatibus.jpg', 'Ελέγχου το ναι ποια συγχωνευτεί. Κάνεις νόμιζες ήδη απομόνωση μέχρι τον φακέλους. Διοικητικό όσο έτσι σε μη.');
INSERT INTO equipment_media (media_id, equipment_id) VALUES ('237', 'equipment_id');
INSERT INTO media (path, description) VALUES ('/media/images/image_tempora.jpg', 'Αποκλειστικούς πετάνε κόλπα μάλλον ας. Στο δε παραδοτέου χάος να. Περισσότερη εργασίας ρωτήσει έχω συγγραφείς.
Δε προσπαθούν ρουτίνα προβληματική. Κάτι πολύ χαρακτηριστικών δε που πετούν.');
INSERT INTO equipment_media (media_id, equipment_id) VALUES ('238', 'equipment_id');
INSERT INTO media (path, description) VALUES ('/media/images/image_minima.jpg', 'Μιας διορθώσει νέων πάρεις να αντιλήφθηκαν αν. Διαφήμιση ευκολότερο δύο εντολές τη. Έχω ήδη την κειμένων.
Μια στις δίνοντας τα για επιδιόρθωση.');
INSERT INTO equipment_media (media_id, equipment_id) VALUES ('239', 'equipment_id');
INSERT INTO media (path, description) VALUES ('/media/images/image_consequatur.jpg', 'Συγχωνευτεί πετάνε κόλπα μέρος ταξινομεί διαπιστώνεις θυμάμαι. Δίνοντας απαράδεκτη αποθηκευτικού εικόνες που μέχρι.');
INSERT INTO equipment_media (media_id, equipment_id) VALUES ('240', 'equipment_id');
INSERT INTO media (path, description) VALUES ('/media/images/image_vitae.jpg', 'Δημιουργείς πετούν τι αποφάσισε ύψος. Δυστυχής χρειάζονται δοκιμάσεις ας. Επιδιόρθωση μερικούς γειτονιάς κι κάτι χρησιμοποίησέ εκτελέσεις δε.
Επί ατόμου εργαλείων προσοχή τρόποι.');
INSERT INTO equipment_media (media_id, equipment_id) VALUES ('241', 'equipment_id');
INSERT INTO media (path, description) VALUES ('/media/images/image_dolorem.jpeg', 'Προσεκτικά για εικόνες γραφικά ρωτάει. Εκτός πρόσληψη έξι μην θέμα κώδικάς.
Υπηρεσία διακοπή αυτήν περιμένουν. Ρωτήσει μαγικά εργασίας γιαυτό στις. Ευκολότερο φράση σταματάς όταν έτσι να.');
INSERT INTO equipment_media (media_id, equipment_id) VALUES ('242', 'equipment_id');
INSERT INTO media (path, description) VALUES ('/media/images/image_praesentium.jpg', 'Και βαθμό εφαμοργής πάρεις έτσι. Αποφάσισε τους αρχεία κρατάει βιαστικά επί. Χαρακτηριστικό ναι βασανίζουν στο μερικούς.');
INSERT INTO equipment_media (media_id, equipment_id) VALUES ('243', 'equipment_id');
INSERT INTO media (path, description) VALUES ('/media/images/image_doloribus.png', 'Περιβάλλοντος χειρότερα συγγραφείς πάντως βρίσκονται σαν τύπου. Εργαζόμενοι διοικητικό συνέχεια τους μάλλον εγώ.');
INSERT INTO equipment_media (media_id, equipment_id) VALUES ('244', 'equipment_id');
INSERT INTO media (path, description) VALUES ('/media/images/image_porro.jpeg', 'Προσθέσει μηχανής προσπαθούν μην ποια αρχεία πλέον. Δίνοντας ρωτάει τελειώσει απλό. Σου όχι συγχωνευτεί της δυστυχώς ήδη ερώτηση εργαλείων. Κάτι χρειάζονται με κρατάει μεταγλωτιστής.');
INSERT INTO equipment_media (media_id, equipment_id) VALUES ('245', 'equipment_id');
INSERT INTO media (path, description) VALUES ('/media/images/image_officiis.jpeg', 'Στραβά σημαντικό επενδυτής πόρτες συγγραφείς μετρήσεις. Ξέχασε εδώ χώρου ένα. Δοκιμάσεις χρησιμοποίησέ λαμβάνουν εγώ εταιρείες.');
INSERT INTO equipment_media (media_id, equipment_id) VALUES ('246', 'equipment_id');
INSERT INTO media (path, description) VALUES ('/media/images/image_doloribus.jpg', 'Ήδη αναφορά και ήδη. Μάθε ανά κειμένων απλό στα ορίστε πες απομόνωση.
Σαν μέρος μέχρι παράγοντες. Θα διάσημα με έχω επεξεργασία βουτήξουν προσλάμβανες.');
INSERT INTO equipment_media (media_id, equipment_id) VALUES ('247', 'equipment_id');
INSERT INTO media (path, description) VALUES ('/media/images/image_quaerat.png', 'Εγώ μην που. Και αποθηκευτικού μηχανής τρέξει συγχωνευτεί. Δύο του έξι μπορούσες υπηρεσία πλέον στη του.
Όχι μας προγραμματιστές θέλεις εκτός μα εδώ. Εγώ χρονοδιαγράμματα χαρακτηριστικών.');
INSERT INTO equipment_media (media_id, equipment_id) VALUES ('248', 'equipment_id');
INSERT INTO media (path, description) VALUES ('/media/images/image_suscipit.jpg', 'Χάος αρέσει διοικητικό λετπά κάτι στις αν. Ανά χρονοδιαγράμματος εργαλείων συνεντεύξεις περισσότερες. Κρατήσουν έλεγχος θέματα χάος επί.');
INSERT INTO equipment_media (media_id, equipment_id) VALUES ('249', 'equipment_id');
INSERT INTO media (path, description) VALUES ('/media/images/image_possimus.jpg', 'Λες εργαζόμενων χρησιμοποιώντας ήδη ορίστε τέλειοι. Όχι φακέλους περιμένουν στα. Τύπους βαθμό χρονοδιαγράμματος.
Όταν νέου κώδικα.');
INSERT INTO equipment_media (media_id, equipment_id) VALUES ('250', 'equipment_id');
INSERT INTO media (path, description) VALUES ('/media/images/image_beatae.png', 'Βιβλίο χρονοδιαγράμματος πλέον περιβάλλον εδώ. Λαμβάνουν ρωτάει εργαλείων κάνε.
Χάος μέρος εργαζόμενοι έτσι ταξινομεί. Προβληματική λες έξι προγραμματιστές.');
INSERT INTO equipment_media (media_id, equipment_id) VALUES ('251', 'equipment_id');
INSERT INTO media (path, description) VALUES ('/media/images/image_voluptate.jpeg', 'Ήδη μπορούσες τεσσαρών μεταφραστής εργοστασίου μια συγγραφείς. Να μέγιστη έχω στο χαρακτηριστικό περίπου το. Ίδιο αφήσεις ποια βγήκε μέχρι εκτός.');
INSERT INTO equipment_media (media_id, equipment_id) VALUES ('252', 'equipment_id');
INSERT INTO media (path, description) VALUES ('/media/images/image_inventore.jpeg', 'Παίρνει πάντως μιας βιβλίο. Ημέρα σαν αυτός ροή τα. Απομόνωση ερώτηση θέλεις τα βουτήξουν συγγραφής.
Να φίλος νιρβάνα το διακοπής χαρτιού κάτι. Παραπάνω αρέσει γραμμές έστειλε σε ερώτηση.');
INSERT INTO equipment_media (media_id, equipment_id) VALUES ('253', 'equipment_id');
INSERT INTO media (path, description) VALUES ('/media/images/image_accusantium.jpg', 'Ήδη έξι εκτελείται τις εκδόσεις γεύματος συνηθίζουν. Τελειώσει έτοιμος σαν πρώτοι του σε.');
INSERT INTO equipment_media (media_id, equipment_id) VALUES ('254', 'equipment_id');
INSERT INTO media (path, description) VALUES ('/media/images/image_quaerat.jpg', 'Από του έξι απλό βρίσκονται διασφαλίζεται. Σταματάς εργασίας προσοχή να ένα την. Εσωτερικών μέχρι πηγαίου τεκμηριώνει πιο άρθρων για νέων.');
INSERT INTO equipment_media (media_id, equipment_id) VALUES ('255', 'equipment_id');
INSERT INTO media (path, description) VALUES ('/media/images/image_voluptatibus.png', 'Αποστηθίσει γνωρίζουμε γραμμή εργασίας προσλάμβανες ήδη. Επί στη αλγόριθμου πολύ διαπιστώνεις. Μου γραφικά αποθηκευτικού πακέτων μέχρι βάζοντας πετάξαμε.');
INSERT INTO equipment_media (media_id, equipment_id) VALUES ('256', 'equipment_id');
INSERT INTO media (path, description) VALUES ('/media/images/image_non.png', 'Μου τι σας τοπικές σας γραμμές προσπαθούν. Και πρώτοι εκτός να δεδομένων.');
INSERT INTO equipment_media (media_id, equipment_id) VALUES ('257', 'equipment_id');
INSERT INTO media (path, description) VALUES ('/media/images/image_eum.jpg', 'Τα απαράδεκτη επί προσπαθήσεις χαμηλός δίνοντας κάνεις κι. Δίνοντας πάντα αυτός μαγικά δύο κόλπα. Πολύ στη έξι.');
INSERT INTO equipment_media (media_id, equipment_id) VALUES ('258', 'equipment_id');
INSERT INTO media (path, description) VALUES ('/media/images/image_delectus.jpg', 'Ώρα και συγγραφής όσο πρώτο. Προκαλείς μην σημαντικός τύπου ροή περιβάλλον αναφέρονται αποδείξεις.
Δίνοντας λες δωροδοκηθούν δεν ένας ύψος. Τρόπο μου δύο.');
INSERT INTO equipment_media (media_id, equipment_id) VALUES ('259', 'equipment_id');
INSERT INTO media (path, description) VALUES ('/media/images/image_quidem.jpeg', 'Επί ο γεύματος ανταγωνιστής. Στο διακοπής δυστυχής μαγικά. Αρέσει άτομο υποψήφιο.
Χρειάζονται προσλάμβανες εργασίας συγγραφείς. Έχω απλό τους δοκιμάσεις γειτονιάς τύπου.');
INSERT INTO equipment_media (media_id, equipment_id) VALUES ('260', 'equipment_id');
INSERT INTO media (path, description) VALUES ('/media/images/image_quidem.png', 'Συνηθίζουν τι ίδιο. Ταξινομεί στο αυτήν γεύματος.
Μετρήσεις προσοχή ας πιο.
Δύο στα και. Φαινόμενο ταξινομεί γραμμής διαφήμιση πάντως.');
INSERT INTO equipment_media (media_id, equipment_id) VALUES ('261', 'equipment_id');
INSERT INTO media (path, description) VALUES ('/media/images/image_quaerat.jpg', 'Φαινόμενο ειδικά μεταφραστής σαν σαν των πολύ. Αυτήν μερικούς τεσσαρών περιμένουν. Ώρα γνωστή χρόνου θα εδώ δεν σου. Μια λιγότερο σίγουρος διακοπής κύκλο δύο.');
INSERT INTO equipment_media (media_id, equipment_id) VALUES ('262', 'equipment_id');
INSERT INTO media (path, description) VALUES ('/media/images/image_accusantium.png', 'Πάντα περισσότερες νέου τους πολύ προσθέσει υόρκη. Σε δούλευε υποψήφιο οι μέχρι μια τα τοπικές.');
INSERT INTO equipment_media (media_id, equipment_id) VALUES ('263', 'equipment_id');
INSERT INTO media (path, description) VALUES ('/media/images/image_placeat.png', 'Υποψήφιο σε σε νόμιζες έτσι. Δημιουργια συγχωνευτεί χώρου βαθμό τοπικές. Έστελνε άπειρα άπειρα.');
INSERT INTO equipment_media (media_id, equipment_id) VALUES ('264', 'equipment_id');
INSERT INTO media (path, description) VALUES ('/media/images/image_adipisci.jpg', 'Οι προσλάμβανες συγχωνευτεί μην δυστυχώς. Τους και ρουτίνα διορθώσεις μερικούς αθόρυβες. Μας με του περισσότερη που του ναι.');
INSERT INTO equipment_media (media_id, equipment_id) VALUES ('265', 'equipment_id');
INSERT INTO media (path, description) VALUES ('/media/images/image_eligendi.jpeg', 'Διευθυντές αυτός κι σχεδιαστής εγώ τύπου. Κύκλο προγραμματιστές πάρεις εργοστασίου αυτός για κι. Σκεφτείς νόμιζες δημιουργήσεις απίστευτα συνεχώς.');
INSERT INTO equipment_media (media_id, equipment_id) VALUES ('266', 'equipment_id');
INSERT INTO media (path, description) VALUES ('/media/images/image_praesentium.png', 'Σου τι έτσι ορίστε και. Δε πρόσληψη ιδιαίτερα ξέχασε.
Αποστηθίσει που κι. Μάτσο καταλάθος δυστυχώς έλεγχος μετρήσεις έτσι.
Πως ένας προκαλείς. Ταξινομεί έχω την βάζοντας γράψει. Κάνε άλγεβρα πιο.');
INSERT INTO equipment_media (media_id, equipment_id) VALUES ('267', 'equipment_id');
INSERT INTO media (path, description) VALUES ('/media/images/image_illum.jpg', 'Μέγιστη μεταγλωτίσει μη του. Μα υψηλότερη τις απόλαυσε πάντα της τη.
Αναφορά σου έγραψες τρέξει από όχι εντολές.');
INSERT INTO equipment_media (media_id, equipment_id) VALUES ('268', 'equipment_id');
INSERT INTO media (path, description) VALUES ('/media/images/image_ex.png', 'Περισσότερες μπουν τρόπο στα πόρτες έλεγχος.
Διαφήμιση λίγο σημεία πρόσληψη φακέλους στο. Πως δείξει διακόψουμε έτοιμος διαχειριστής.');
INSERT INTO equipment_media (media_id, equipment_id) VALUES ('269', 'equipment_id');
INSERT INTO media (path, description) VALUES ('/media/images/image_libero.jpg', 'Όχι ναι έτσι. Εκτός νόμιζες τοπικές παράγοντες. Διασφαλίζεται συνέχεια παίρνουν χειρότερα παράδειγμα τύπους να.');
INSERT INTO equipment_media (media_id, equipment_id) VALUES ('270', 'equipment_id');
INSERT INTO media (path, description) VALUES ('/media/images/image_deleniti.png', 'Εκτελέσει δίνοντας ήδη πιο άρα προσοχή. Προκύπτουν πετάξαμε δοκιμάσεις. Μη μερικούς συγχωνευτεί κρατήσουν δοκιμάσεις ανά πάρα.');
INSERT INTO equipment_media (media_id, equipment_id) VALUES ('271', 'equipment_id');
INSERT INTO media (path, description) VALUES ('/media/images/image_delectus.jpg', 'Προγραμματιστής σκεφτείς χρονοδιαγράμματα έξι. Σαν χρησιμοποιούσες έτσι έλεγχος νέων κώδικάς.
Ένα μας λέει να. Εργάστηκε ένα που αναγκάζονται δεδομένων οι ποια.');
INSERT INTO equipment_media (media_id, equipment_id) VALUES ('272', 'equipment_id');
INSERT INTO media (path, description) VALUES ('/media/images/image_aspernatur.png', 'Ας δημιουργείς να ναι. Πες γιαυτό παραδώσεις σε τα απίστευτα.');
INSERT INTO equipment_media (media_id, equipment_id) VALUES ('273', 'equipment_id');
INSERT INTO media (path, description) VALUES ('/media/images/image_corporis.jpeg', 'Έχω και ανά γεγονός βάζοντας έτσι πάντως. Προγραμματιστής από ποια συνηθίζουν. Μεταγλωτίσει έξι εγώ πήρε περιβάλλον.');
INSERT INTO equipment_media (media_id, equipment_id) VALUES ('274', 'equipment_id');
INSERT INTO media (path, description) VALUES ('/media/images/image_eaque.png', 'Συγκεντρωμένοι κανείς πρώτοι κλπ.
Εκτελέσει στα εκτελέσει σπίτι έχω όταν μέσης όχι. Ακούσει εκείνου εδώ απαραίτητο πολύ έχω. Τον την άλγεβρα βασανίζουν προκαλείς αλγόριθμου.');
INSERT INTO equipment_media (media_id, equipment_id) VALUES ('275', 'equipment_id');
INSERT INTO media (path, description) VALUES ('/media/images/image_qui.jpg', 'Τρόπο μέχρι αν νέο πάντως μη άτομο. Κρατήσουν δημιουργια προσλάμβανες δημιουργείς στο σας. Πως ο επί αρχεία τους.
Τα πάντα πρώτοι βάζοντας έχω βιαστικά. Βουτήξουν ρωτάει νέου τους.');
INSERT INTO equipment_media (media_id, equipment_id) VALUES ('276', 'equipment_id');
INSERT INTO media (path, description) VALUES ('/media/images/image_quia.jpeg', 'Δεν εξοργιστικά πως όχι από.
Στα την πάρα απαράδεκτη. Ναι προγραμματιστές βαθμό λέει άρα κι δυστυχής συγχρόνως.');
INSERT INTO equipment_media (media_id, equipment_id) VALUES ('277', 'equipment_id');
INSERT INTO media (path, description) VALUES ('/media/images/image_voluptates.jpeg', 'Τα πως και λίγο πάρεις. Κάνε δε μάλλον παίρνει φαινόμενο έτοιμος. Παραπάνω τεκμηριώνει υόρκη ερώτηση να όσο νέων.
Να καλύτερο οι δούλευε εφαμοργής μα. Αγοράζοντας πλέον πακέτων της επιστρέφουν άρα.');
INSERT INTO equipment_media (media_id, equipment_id) VALUES ('278', 'equipment_id');
INSERT INTO media (path, description) VALUES ('/media/images/image_commodi.png', 'Ποσοστό απόλαυσε αλγόριθμου πάντα τι. Πολύ δημιουργια τη έτσι πετάξαμε θέματα αλγόριθμου.');
INSERT INTO equipment_media (media_id, equipment_id) VALUES ('279', 'equipment_id');
INSERT INTO media (path, description) VALUES ('/media/images/image_corporis.png', 'Τρέξει πως κάτι για διακοπή επί. Χρησιμοποιούσες δύο ανακλύψεις.');
INSERT INTO equipment_media (media_id, equipment_id) VALUES ('280', 'equipment_id');
INSERT INTO media (path, description) VALUES ('/media/images/image_minus.jpg', 'Νέου πες παίρνουν χρησιμοποιούσες έξι όσο πάντως. Σου που εγώ επί. Απλό και λοιπόν από στις να μη.');
INSERT INTO equipment_media (media_id, equipment_id) VALUES ('281', 'equipment_id');
INSERT INTO media (path, description) VALUES ('/media/images/image_saepe.jpg', 'Κάτι περισσότερες από. Αφήσεις συνέχεια των του απλό. Ο διάσημα λετπά αναγκάζονται ως ατόμου.
Ένα διορθώσεις λετπά ήδη συνεντεύξεις. Λετπά δεδομένων μιας.');
INSERT INTO equipment_media (media_id, equipment_id) VALUES ('282', 'equipment_id');
INSERT INTO media (path, description) VALUES ('/media/images/image_magni.png', 'Πολύ και στις έξι απόλαυσε νέων.
Εγώ δεδομένων προσπαθούν συγγραφείς στη. Απαρατήρητο ποια συνέχεια. Προκύπτουν μιας χαρακτηριστικό πολύ εργασίας.');
INSERT INTO equipment_media (media_id, equipment_id) VALUES ('283', 'equipment_id');
INSERT INTO media (path, description) VALUES ('/media/images/image_accusamus.png', 'Ο φακέλους ανεπιθύμητη κάτι. Οι σπίτι μέρος εφαμοργής πρώτης. Επιχείριση έξι των πρόσληψη.
Λιγότερο αυτήν πλέον εσωτερικών προσοχή ρωτάει επιστρέφουν. Νόμιζες μην ας έχω ακούσει νέο.');
INSERT INTO equipment_media (media_id, equipment_id) VALUES ('284', 'equipment_id');
INSERT INTO media (path, description) VALUES ('/media/images/image_quaerat.png', 'Ελέγχου έτσι και εδώ φίλος κάνεις θέμα. Δημιουργείς μερικούς έτσι παράδειγμα ναι αναφορά. Προσπαθούν είχαμε γραμμές εδώ. Εργαζόμενοι τι δεδομένων αυτός ναι.');
INSERT INTO equipment_media (media_id, equipment_id) VALUES ('285', 'equipment_id');
INSERT INTO media (path, description) VALUES ('/media/images/image_ullam.jpeg', 'Συνέχεια στα ως ένας. Χρειάζονται υψηλότερη μη περιμένουν. Χαρακτηριστικών μια εκτελέσεις επεξεργασία λες κρατάει εγώ.');
INSERT INTO equipment_media (media_id, equipment_id) VALUES ('286', 'equipment_id');
INSERT INTO media (path, description) VALUES ('/media/images/image_aliquid.jpeg', 'Από εργαζόμενοι ότι πήρε. Με γιαυτό τεκμηριώνει έχω αποθηκευτικού.
Εργάστηκε έγραψες από. Μας πλέον ανά μας αυτήν τεσσαρών έρθει. Απαράδεκτη όταν πολύ πετάξαμε πόρτες εκδόσεις.');
INSERT INTO equipment_media (media_id, equipment_id) VALUES ('287', 'equipment_id');
INSERT INTO media (path, description) VALUES ('/media/images/image_sunt.jpg', 'Εσωτερικών διορθώσει πόρτες επενδυτής χρειάζονται προσθέσει. Μηχανής διακοπής έγραψες σαν παράγοντες δεν. Νέα σημαντικό άλγεβρα δημιουργήσεις όταν. Έξι εκτελέσεις πλέον προκύπτουν βιβλίο.');
INSERT INTO equipment_media (media_id, equipment_id) VALUES ('288', 'equipment_id');
INSERT INTO media (path, description) VALUES ('/media/images/image_pariatur.jpg', 'Στραβά και αθόρυβες. Αποκλειστικούς θυμάμαι ίδιο με απαρατήρητο πάντως. Αρπάζεις κάνεις ανά ναι.
Από το παίρνει εργαζόμενοι εδώ.
Σου συγγραφής όσο. Ότι για νόμιζες διολισθήσεις ένα αρχεία.');
INSERT INTO equipment_media (media_id, equipment_id) VALUES ('289', 'equipment_id');
INSERT INTO media (path, description) VALUES ('/media/images/image_ullam.jpeg', 'Μιας πως νέα κόλπα εκτός. Στο παράδειγμα σαν ήδη τους διακοπή πεδία κοιτάζοντας. Θα ανώδυνη προκαλείς μου που. Διορθώσεις ποια άλγεβρα λες μάλλον και.');
INSERT INTO equipment_media (media_id, equipment_id) VALUES ('290', 'equipment_id');
INSERT INTO media (path, description) VALUES ('/media/images/image_sint.jpeg', 'Ταξινομεί ότι γράψει του μέχρι συνεχώς για. Σημεία εντολές λίγο πακέτων.
Στις κύκλο πολύ. Τύπου τα χρειάζονται ευκολότερο φίλος έστειλε. Εντολές έχω δεδομένων ωραίο που γεύματος και.');
INSERT INTO equipment_media (media_id, equipment_id) VALUES ('291', 'equipment_id');
INSERT INTO media (path, description) VALUES ('/media/images/image_quis.jpg', 'Τύπους εργαζόμενοι αποφάσισε κώδικάς. Δεδομένων εκτός υψηλότερη αυτήν πεδία.
Μην είχαμε στη ανά αυτός ροή αποκλειστικούς. Μας πάντα πακέτων απόλαυσε. Ταξινομεί στη εφαμοργής ας απαρατήρητο.');
INSERT INTO equipment_media (media_id, equipment_id) VALUES ('292', 'equipment_id');
INSERT INTO media (path, description) VALUES ('/media/images/image_perspiciatis.jpeg', 'Μας πως χρονοδιαγράμματα γιαυτό τα ότι. Δημιουργείς πλέον ρωτάει σπίτι στο. Συγχρόνως μια εκτός ταξινομεί μέχρι ανά.
Σπίτι πλέον πάρεις ας συγγραφής. Κόψεις πάντα σε ο για όταν.');
INSERT INTO equipment_media (media_id, equipment_id) VALUES ('293', 'equipment_id');
INSERT INTO media (path, description) VALUES ('/media/images/image_repellendus.jpg', 'Λίγο αναφορά γεγονός περισσότερη. Χρησιμοποιώντας αφήσεις τα φακέλους έξι γραμμή νέων. Ανεπιθύμητη διαχειριστής ευκολότερο στη ο.');
INSERT INTO equipment_media (media_id, equipment_id) VALUES ('294', 'equipment_id');
INSERT INTO media (path, description) VALUES ('/media/images/image_minima.jpg', 'Εκτελέσεις ναι θα παραπάνω θέματα απόλαυσε ώρα. Πετάνε δουλεύει πηγαίου φράση.
Συνάδελφος ανεπιθύμητη παίξουν όσο πηγαίου γνωρίζουμε. Ρουτίνα πετούν πολύ εργαζόμενων ένας κρατάει.');
INSERT INTO equipment_media (media_id, equipment_id) VALUES ('295', 'equipment_id');
INSERT INTO media (path, description) VALUES ('/media/images/image_quos.jpeg', 'Ανακλύψεις τον αποκλειστικούς αρπάζεις παραπάνω στο. Σας περισσότερη από σχεδιαστής τις λαμβάνουν. Εκτελείται αποδείξεις δύο υποψήφιο ποια παράγοντες διακοπής. Εδώ άτομο προγραμματιστές.');
INSERT INTO equipment_media (media_id, equipment_id) VALUES ('296', 'equipment_id');
INSERT INTO media (path, description) VALUES ('/media/images/image_officiis.png', 'Επεξεργασία κανόνα ροή αναφέρονται. Πες τεσσαρών βιβλίο τοπικές δύο πλέον. Ξέχασε άλγεβρα εγώ κάτι δε και.
Γραμμή αποθηκευτικού του. Σίγουρος ότι νέου.');
INSERT INTO equipment_media (media_id, equipment_id) VALUES ('297', 'equipment_id');
INSERT INTO media (path, description) VALUES ('/media/images/image_quibusdam.jpg', 'Επεξεργασία εκτός εδώ πιο. Επιχείριση φράση θέματα θα.
Πακέτων καταλάθος ημέρα στο. Όταν ένας τη ανά των. Πιο εκείνου σε δεν αν στις.');
INSERT INTO equipment_media (media_id, equipment_id) VALUES ('298', 'equipment_id');
INSERT INTO media (path, description) VALUES ('/media/images/image_nihil.jpg', 'Στα διάσημα δημιουργείς ανεπιθύμητη προκύπτουν ότι. Οι μεταγλωτιστής μάθε ζητήσεις τύπους των στα μέσης. Λες πρόσληψη άτομο προκαλείς πρόσληψη βιβλίο.');
INSERT INTO equipment_media (media_id, equipment_id) VALUES ('299', 'equipment_id');
INSERT INTO media (path, description) VALUES ('/media/images/image_unde.jpg', 'Διαφήμιση πάρεις περισσότερη πολύ. Αναφέρονται της πάρα. Τρέξει των σωστά προσοχή συνεχώς πολύ συγχωνευτεί.');
INSERT INTO equipment_media (media_id, equipment_id) VALUES ('300', 'equipment_id');
INSERT INTO media (path, description) VALUES ('/media/images/image_natus.jpg', 'Μα βάζοντας μιας παίρνει παίρνουν. Ας μάλλον πολύ μέχρι προσθέσει από περισσότερες. Θέλεις και τα μεταγλωτίσει. Ίδιο πρώτο χρονοδιαγράμματα γνωρίζουμε μην θέλεις εργαζόμενοι.');
INSERT INTO equipment_media (media_id, equipment_id) VALUES ('301', 'equipment_id');
INSERT INTO media (path, description) VALUES ('/media/images/image_deserunt.png', 'Ο σωστά τα. Όχι μέχρι αρέσει.
Μέγιστη συνηθίζουν φακέλους για γραμμές. Γραμμές τη τα νιρβάνα αντιλήφθηκαν γεγονός στα μαγικά. Πως εδώ εγώ και αναφέρονται. Αυτός ναι γνωστή.');
INSERT INTO equipment_media (media_id, equipment_id) VALUES ('302', 'equipment_id');
INSERT INTO media (path, description) VALUES ('/media/images/image_assumenda.jpg', 'Διάσημα περισσότερες επιδιόρθωση πάντα από υψηλότερη. Ευκολότερο δούλευε σπίτι ως συγγραφείς συγχωνευτεί ροή καλύτερο.');
INSERT INTO equipment_media (media_id, equipment_id) VALUES ('303', 'equipment_id');
INSERT INTO media (path, description) VALUES ('/media/images/image_praesentium.png', 'Θέματα κάνε βασανίζουν. Ανά ανά ερωτήσεις ροή. Διοικητικό ναι περιβάλλοντος ήδη.
Συνεχώς ίδιο κάτι υόρκη περίπου. Έτσι δεν μπουν τα παραδώσεις πετάξαμε.');
INSERT INTO equipment_media (media_id, equipment_id) VALUES ('304', 'equipment_id');
INSERT INTO media (path, description) VALUES ('/media/images/image_distinctio.jpg', 'Νέα πάρεις άλγεβρα μεταγλωτίσει εργαλείων κανείς ζητήσεις. Υψηλότερη κλπ σας λοιπόν ένας λιγότερο.
Απόλαυσε άρα μέχρι. Άπειρα πηγαίου αυτήν επεξεργασία διορθώσεις έλεγχος την.
Μη αν έλεγχος στα.');
INSERT INTO equipment_media (media_id, equipment_id) VALUES ('305', 'equipment_id');
INSERT INTO media (path, description) VALUES ('/media/images/image_architecto.png', 'Κι αποφάσισε όχι στις. Νιρβάνα δυστυχώς διορθώσεις πλέον.');
INSERT INTO equipment_media (media_id, equipment_id) VALUES ('306', 'equipment_id');
INSERT INTO media (path, description) VALUES ('/media/images/image_ipsa.jpeg', 'Τύπου προσλάμβανες του αποθηκευτικού εξαρτάται τοπικές. Κρατήσουν ναι θέματα αφήσεις από ας. Κι της μην φίλος παράδειγμα.
Προκαλείς τέλειοι ακούσει. Σημεία ανεπιθύμητη πολύ αντιλήφθηκαν δυστυχής.');
INSERT INTO equipment_media (media_id, equipment_id) VALUES ('307', 'equipment_id');
INSERT INTO media (path, description) VALUES ('/media/images/image_sequi.jpeg', 'Εγώ σχεδιαστής παραγωγικής προβληματική έτσι μου περίπου.
Τα χρονοδιαγράμματος απομόνωση μετράει. Χρόνου ότι βγήκε παραδοτέου ρουτίνα. Απόλαυσε αντιλήφθηκαν λέει τη χρόνου σου λίγο.');
INSERT INTO equipment_media (media_id, equipment_id) VALUES ('308', 'equipment_id');
INSERT INTO media (path, description) VALUES ('/media/images/image_autem.png', 'Του άρα πολύ. Πολύ διάβασε γεγονός εργαλείων κάτι.');
INSERT INTO equipment_media (media_id, equipment_id) VALUES ('309', 'equipment_id');
INSERT INTO media (path, description) VALUES ('/media/images/image_soluta.jpg', 'Προγραμματιστής πρώτης εργασίας εκθέσεις πλέον σίγουρος. Το με υποψήφιο περιβάλλον πλέον δίνοντας. Με δύο ένα από ανακλύψεις.');
INSERT INTO equipment_media (media_id, equipment_id) VALUES ('310', 'equipment_id');
INSERT INTO media (path, description) VALUES ('/media/images/image_accusamus.jpg', 'Ένας χαρτιού βουτήξουν άλγεβρα μια απόλαυσε στη απομόνωση. Σαν μιας απίστευτα αρέσει όσο αντιλήφθηκαν.');
INSERT INTO equipment_media (media_id, equipment_id) VALUES ('311', 'equipment_id');
INSERT INTO media (path, description) VALUES ('/media/images/image_ipsam.jpg', 'Έγραψες δυστυχής ώρα εκτός. Ναι μαγικά μιας λοιπόν διασφαλίζεται ρουτίνα σας έξι. Κώδικάς γιαυτό αλγόριθμου. Συγκεντρωμένοι τρόπο σε ποια.');
INSERT INTO equipment_media (media_id, equipment_id) VALUES ('312', 'equipment_id');
INSERT INTO media (path, description) VALUES ('/media/images/image_voluptatem.png', 'Δοκιμάσεις λιγότερο τις εντολές συγχωνευτεί των εκθέσεις τεκμηριώνει. Εκτός που ορίστε μετράει εδώ.');
INSERT INTO equipment_media (media_id, equipment_id) VALUES ('313', 'equipment_id');
INSERT INTO media (path, description) VALUES ('/media/images/image_ab.jpeg', 'Συνεντεύξεις εκτελέσει μη συνάδελφος διασφαλίζεται. Νέα μη τοπικές διευθυντές πετάνε.');
INSERT INTO equipment_media (media_id, equipment_id) VALUES ('314', 'equipment_id');
INSERT INTO media (path, description) VALUES ('/media/images/image_magni.jpeg', 'Ήδη μηχανής αναγκάζονται αναφορά. Έτοιμος επιχείριση σου.');
INSERT INTO equipment_media (media_id, equipment_id) VALUES ('315', 'equipment_id');
INSERT INTO media (path, description) VALUES ('/media/images/image_eum.jpg', 'Σπίτι τους μη με ιδιαίτερα αντιλήφθηκαν. Στις ρωτάει εξαρτάται απαρατήρητο θέμα πετάνε πολύ. Τα συγχρόνως νέο διακοπή δυστυχώς.');
INSERT INTO equipment_media (media_id, equipment_id) VALUES ('316', 'equipment_id');
INSERT INTO media (path, description) VALUES ('/media/images/image_architecto.jpeg', 'Των παραδοτέου στο νέο. Εκείνου χειρότερα το διορθώσει εγώ έξι λοιπόν.
Για κάτι τη για αναφορά χρησιμοποίησέ τον. Αυτήν ας ανταγωνιστής. Κύκλο λετπά ανά αρέσει δείξει κάτι όσο.');
INSERT INTO equipment_media (media_id, equipment_id) VALUES ('317', 'equipment_id');
INSERT INTO media (path, description) VALUES ('/media/images/image_ratione.jpg', 'Οι από παράδειγμα λιγότερο δούλευε. Λες μα βασανίζουν πάντα αποδείξεις.
Δε ως όσο περιβάλλοντος άπειρα. Προκύπτουν δούλευε και παραγωγικής αρέσει διορθώσει φαινόμενο.');
INSERT INTO equipment_media (media_id, equipment_id) VALUES ('318', 'equipment_id');
INSERT INTO media (path, description) VALUES ('/media/images/image_libero.png', 'Σημαντικός μιας τα έξι ως εδώ αποθηκευτικού.
Πολύ εντολές κώδικα κρατάει. Αυτήν έτσι ένας εκείνου διακοπής. Αυτός βασανίζουν κρατήσουν νέο ένας εργασίας εξοργιστικά.');
INSERT INTO equipment_media (media_id, equipment_id) VALUES ('319', 'equipment_id');
INSERT INTO media (path, description) VALUES ('/media/images/image_nam.jpg', 'Τέλειοι σημεία πρώτης κανείς κανείς γραμμές για. Συγγραφής διορθώσεις επιδιόρθωση χαμηλός έχω παίρνουν εργάστηκε. Πλέον συνεντεύξεις διάβασε φράση στα διαπιστώνεις δείξει αποθηκευτικού.');
INSERT INTO equipment_media (media_id, equipment_id) VALUES ('320', 'equipment_id');
INSERT INTO media (path, description) VALUES ('/media/images/image_sequi.png', 'Μετράει συγγραφής πλέον όταν και δεν εγώ βγήκε. Τι έτσι σου νόμιζες πηγαίου. Πως παραπάνω θα δύο και.
Θα απόλαυσε μέχρι βιβλίο πόρτες. Τρέξει παραδοτέου θα σπίτι τύπους αρπάζεις σταματάς.');
INSERT INTO equipment_media (media_id, equipment_id) VALUES ('321', 'equipment_id');
INSERT INTO media (path, description) VALUES ('/media/images/image_aliquam.jpg', 'Περιβάλλον αποθηκευτικού σας πλέον. Τους τη μέχρι εφαρμογή ας μέγιστη.
Αποστηθίσει δείξει τη παράγοντες φίλος διαπιστώνεις. Τρόποι εργασίας πεδία εκείνου βασανίζουν ερωτήσεις υποψήφιο.');
INSERT INTO equipment_media (media_id, equipment_id) VALUES ('322', 'equipment_id');
INSERT INTO media (path, description) VALUES ('/media/images/image_assumenda.png', 'Μέρος χώρου διάσημα μην γραμμές εφαμοργής. Τα εφαμοργής μα. Αποφάσισε εκθέσεις δε πάντως μιας.
Διευθυντές διαπιστώνεις κόψεις επεξεργασία.');
INSERT INTO equipment_media (media_id, equipment_id) VALUES ('323', 'equipment_id');
INSERT INTO media (path, description) VALUES ('/media/images/image_iusto.png', 'Ήδη μα κόλπα επί ρωτάει προγραμματιστής μετράει. Κρατήσουν προκαλείς περιβάλλοντος δυστυχής εκδόσεις απίστευτα διοικητικό.
Άρα τελειώσει την μάθε. Διαδίκτυο γεγονός άλγεβρα λες.');
INSERT INTO equipment_media (media_id, equipment_id) VALUES ('324', 'equipment_id');
INSERT INTO media (path, description) VALUES ('/media/images/image_ipsa.png', 'Δυστυχής γραμμή τρέξει.
Γράψει συνεντεύξεις τους ο. Βασανίζουν γραφικά σας απλό.
Βασανίζουν σε διάβασε. Ώρα εκτελέσει πεδία διάβασε χάος μου πακέτων υόρκη.
Ερώτηση δυστυχής μια πήρε στις ταξινομεί.');
INSERT INTO equipment_media (media_id, equipment_id) VALUES ('325', 'equipment_id');
INSERT INTO media (path, description) VALUES ('/media/images/image_tempore.jpeg', 'Ήδη πάντως το πρώτοι. Εφαρμογή έχω υπηρεσία προγραμματιστής ας εργαζόμενων προκύπτουν φίλος.
Ήδη εργοστασίου πετούν κάτι μην χαρακτηριστικό της.');
INSERT INTO equipment_media (media_id, equipment_id) VALUES ('326', 'equipment_id');
INSERT INTO media (path, description) VALUES ('/media/images/image_officiis.jpg', 'Στις βγήκε ανά γραφικά συνεντεύξεις. Εδώ μα ακούσει παραδοτέου. Διακοπή μα θα ότι κανείς σημαντικό έστελνε.
Εγώ διάβασε εσωτερικών λίγο. Θέμα δεν το βασανίζουν σημαντικός.');
INSERT INTO equipment_media (media_id, equipment_id) VALUES ('327', 'equipment_id');
INSERT INTO media (path, description) VALUES ('/media/images/image_nesciunt.jpeg', 'Να επί μιας μην έτσι. Έχω θέλεις έξι φακέλους εργάστηκε μιας. Λετπά εφαρμογή σας προσλάμβανες πάρα μέσης.
Τις κι κι σαν ναι. Μιας των εδώ υόρκη.');
INSERT INTO equipment_media (media_id, equipment_id) VALUES ('328', 'equipment_id');
INSERT INTO media (path, description) VALUES ('/media/images/image_voluptatum.jpeg', 'Επιδιορθώσεις όχι κι τον. Όταν ποσοστό έχω ευκολότερο ελέγχου πετάξαμε λίγο. Μεταγλωτιστής όσο χρονοδιαγράμματος μέχρι.');
INSERT INTO equipment_media (media_id, equipment_id) VALUES ('329', 'equipment_id');
INSERT INTO media (path, description) VALUES ('/media/images/image_officia.jpg', 'Διάσημα μπουν αναφέρονται. Χρησιμοποιούνταν βουτήξουν ημέρα που αθόρυβες. Πρόσληψη πλέον τον κάνε παίρνουν. Εκτελέσεις σωστά ταξινομεί σου κειμένων του.');
INSERT INTO equipment_media (media_id, equipment_id) VALUES ('330', 'equipment_id');
INSERT INTO media (path, description) VALUES ('/media/images/image_minima.jpg', 'Πολύ συνεντεύξεις ωραίο προσπαθούν. Εκτός σωστά συγχρόνως επενδυτής διακοπής. Του βαθμό μεταφραστής στα βαθμό πολύ πετάνε βιβλίο.
Προσπαθούν ύψος και εντολές. Δε μου νέα μας μα μα εργαζόμενοι πολύ.');
INSERT INTO equipment_media (media_id, equipment_id) VALUES ('331', 'equipment_id');
INSERT INTO media (path, description) VALUES ('/media/images/image_aspernatur.jpg', 'Τον σχεδιαστής μεταγλωτιστής έστειλε έχω τρέξει. Εργαλείων απόλαυσε ώρα πολύ.
Δοκιμάσεις προγραμματιστές ως σπίτι της πλέον. Εξοργιστικά ποσοστό κόλπα ο έστειλε επιχείριση.');
INSERT INTO equipment_media (media_id, equipment_id) VALUES ('332', 'equipment_id');
INSERT INTO media (path, description) VALUES ('/media/images/image_eaque.png', 'Τρόποι κοιτάζοντας πάρεις. Ξέχασε αναφορά πιο επενδυτής ημέρα. Λοιπόν δούλευε λαμβάνουν εδώ διαπιστώνεις. Ημέρα τις την χώρου προσοχή.');
INSERT INTO equipment_media (media_id, equipment_id) VALUES ('333', 'equipment_id');
INSERT INTO media (path, description) VALUES ('/media/images/image_fugit.jpeg', 'Αποφάσισε από πολύ εκτός κάνεις θυμάμαι πηγαίου. Παραπάνω αναφέρονται αρέσει βαθμό ναι ανά φράση διευθυντές. Λέει κι ο κόψεις μεταγλωτιστής το για.');
INSERT INTO equipment_media (media_id, equipment_id) VALUES ('334', 'equipment_id');
INSERT INTO media (path, description) VALUES ('/media/images/image_porro.png', 'Κι και σπίτι λαμβάνουν ροή τις ένας. Σαν ναι ένας σε άτομο ημέρα εργαζόμενοι τα.
Απομόνωση πλέον αν την να νέων άτομο. Εφαρμογής έστειλε προσπαθούν.');
INSERT INTO equipment_media (media_id, equipment_id) VALUES ('335', 'equipment_id');
INSERT INTO media (path, description) VALUES ('/media/images/image_quae.jpeg', 'Για κρατάει λιγότερο μην αναφέρονται αθόρυβες. Διακόψουμε μα εκτελείται ήδη τελειώσει. Εγώ μέγιστη πιο από άλγεβρα μέχρι τύπους.');
INSERT INTO equipment_media (media_id, equipment_id) VALUES ('336', 'equipment_id');
INSERT INTO media (path, description) VALUES ('/media/images/image_provident.jpg', 'Άπειρα χειρότερα ορίστε ροή. Αν συγγραφείς τεσσαρών πάντως θέλεις. Άρα χειρότερα γεγονός ώρα ποσοστό.
Γραμμές μεταφραστής επιστρέφουν πήρε δημιουργια τη όταν. Έτσι διορθώσει τρόποι ερωτήσεις.');
INSERT INTO equipment_media (media_id, equipment_id) VALUES ('337', 'equipment_id');
INSERT INTO media (path, description) VALUES ('/media/images/image_corrupti.png', 'Ο εκτελέσεις εντολές ότι τύπους εκδόσεις. Χρησιμοποίησέ βάζοντας μέρος ο τρόποι χρονοδιαγράμματα με παίρνει. Στο αντιλήφθηκαν δίνοντας επιδιόρθωση επί που.');
INSERT INTO equipment_media (media_id, equipment_id) VALUES ('338', 'equipment_id');
INSERT INTO media (path, description) VALUES ('/media/images/image_amet.png', 'Ήδη μάτσο πρόσληψη κανείς εργοστασίου διακόψουμε εσωτερικών βρίσκονται. Κι πλέον πεδία.
Εργοστασίου όταν γέλασαν ελέγχου ήδη ωραίο συνηθίζουν. Ώρα βιβλίο ότι κύκλο. Και έτσι λες έξι σαν μια πήρε.');
INSERT INTO equipment_media (media_id, equipment_id) VALUES ('339', 'equipment_id');
INSERT INTO media (path, description) VALUES ('/media/images/image_harum.png', 'Υψηλότερη ορίστε αρπάζεις αθόρυβες περισσότερη.
Συνέχεια κρατήσουν τις γράψει είχαμε πιο χρονοδιαγράμματα. Κανένας οι αποστηθίσει. Περιεχόμενα τη μα κανένας.');
INSERT INTO equipment_media (media_id, equipment_id) VALUES ('340', 'equipment_id');
INSERT INTO media (path, description) VALUES ('/media/images/image_neque.png', 'Χρονοδιαγράμματα γράψει άπειρα ανταγωνιστής διολισθήσεις. Τέλειοι κάνε να. Εκτός επιστρέφουν προσεκτικά λίγο δύο απαραίτητο επεξεργασία. Περισσότερες μπουν έχω δεδομένων μεταγλωτίσει του νέου θέμα.');
INSERT INTO equipment_media (media_id, equipment_id) VALUES ('341', 'equipment_id');
INSERT INTO media (path, description) VALUES ('/media/images/image_modi.jpeg', 'Υπηρεσία σαν ναι. Επιδιόρθωση δουλεύει μέγιστη συγγραφείς σε. Δίνοντας στη ανά εκτελείται προκύπτουν παράδειγμα απίστευτα γνωστή.');
INSERT INTO equipment_media (media_id, equipment_id) VALUES ('342', 'equipment_id');
INSERT INTO media (path, description) VALUES ('/media/images/image_quo.jpeg', 'Παραπάνω κι θέματα πεδία νόμιζες πήρε γεύματος. Προκύπτουν διοικητικό γραφικά χρειάζονται. Ποια κρατάει ύψος όχι της δυστυχής γραμμή κόλπα. Σίγουρος γνωστή μην δεν όχι πλέον κανόνα διαφήμιση.');
INSERT INTO equipment_media (media_id, equipment_id) VALUES ('343', 'equipment_id');
INSERT INTO media (path, description) VALUES ('/media/images/image_tenetur.jpeg', 'Ήδη φράση κλπ δε. Πεδία κύκλο εξαρτάται για όχι ότι αποκλειστικούς παίξουν. Λιγότερο τα παίξουν νέα των.');
INSERT INTO equipment_media (media_id, equipment_id) VALUES ('344', 'equipment_id');
INSERT INTO media (path, description) VALUES ('/media/images/image_ad.png', 'Σαν βιβλίο μετρήσεις όταν προϊόντα προκύπτουν προσπαθήσεις. Συγκεντρωμένοι μάθε όχι πολύ τρόπο.');
INSERT INTO equipment_media (media_id, equipment_id) VALUES ('345', 'equipment_id');
INSERT INTO media (path, description) VALUES ('/media/images/image_numquam.jpeg', 'Από επιχείριση κανένας κανείς.
Δεν πάντως εταιρείες στραβά πεδία ανταγωνιστής. Στο ας κρατήσουν ποια άρα. Περιβάλλοντος ποια παραδοτέου με εσωτερικών. Αναφορά χρησιμοποίησέ πετάνε λοιπόν ανά.');
INSERT INTO equipment_media (media_id, equipment_id) VALUES ('346', 'equipment_id');
INSERT INTO media (path, description) VALUES ('/media/images/image_beatae.png', 'Επενδυτής γραμμές τι οι τη λαμβάνουν. Στα πιο καλύτερο.
Περισσότερες επί αναφορά και μας επιστρέφουν. Μάτσο πάρεις μέχρι φαινόμενο κόψεις κειμένων. Και μην άρθρων.');
INSERT INTO equipment_media (media_id, equipment_id) VALUES ('347', 'equipment_id');
INSERT INTO media (path, description) VALUES ('/media/images/image_cumque.jpeg', 'Κώδικα πετάνε αναφορά. Παίρνει οι μιας ναι ναι αρέσει. Ρουτίνα τη εφαρμογής πλέον το φακέλους διάσημα.');
INSERT INTO equipment_media (media_id, equipment_id) VALUES ('348', 'equipment_id');
INSERT INTO media (path, description) VALUES ('/media/images/image_corporis.jpeg', 'Ως κώδικάς ο διαδίκτυο σημαντικό περισσότερες. Απαράδεκτη χρειάζονται του τοπικές ατόμου δύο διάσημα χρονοδιαγράμματος. Πλέον επί πηγαίου αποκλειστικούς ας απλό πολύ.
Γεύματος δεν ποσοστό.');
INSERT INTO equipment_media (media_id, equipment_id) VALUES ('349', 'equipment_id');
INSERT INTO media (path, description) VALUES ('/media/images/image_quibusdam.jpeg', 'Αυτός έρθει σας επεξεργασία διευθυντές τι τον. Χρονοδιαγράμματα δύο μιας δείξει ναι τις πετούν.');
INSERT INTO equipment_media (media_id, equipment_id) VALUES ('350', 'equipment_id');
INSERT INTO media (path, description) VALUES ('/media/images/image_vero.jpg', 'Πετούν παράγοντες εργασίας μπουν πετάξαμε φαινόμενο τελειώσει. Προσεκτικά διακόψουμε δυστυχώς απλό αρπάζεις. Ίδιο μέσης στα θέματα θυμάμαι. Λέει επιδιόρθωση πάντως ίδιο σημαντικός.');
INSERT INTO equipment_media (media_id, equipment_id) VALUES ('351', 'equipment_id');
INSERT INTO media (path, description) VALUES ('/media/images/image_quasi.png', 'Ο λες παίξουν εργαλείων χώρου. Μεταγλωτιστής εργαζόμενων έλεγχος αποκλειστικούς έτσι απαρατήρητο σίγουρος σταματάς. Πετάνε βρίσκονται παραδώσεις σε.');
INSERT INTO equipment_media (media_id, equipment_id) VALUES ('352', 'equipment_id');
INSERT INTO media (path, description) VALUES ('/media/images/image_fugiat.jpeg', 'Ποσοστό μη πες. Έστειλε μια γνωστή παράδειγμα.
Εκτελείται που κειμένων στο ας γεγονός. Εκείνου παραπάνω δείξει εταιρείες δεδομένων.');
INSERT INTO equipment_media (media_id, equipment_id) VALUES ('353', 'equipment_id');
INSERT INTO media (path, description) VALUES ('/media/images/image_voluptates.jpeg', 'Φακέλους σας οι μην παραγωγικής. Επεξεργασία δεδομένων ποια όσο. Μέχρι μπορούσες τρόποι σε. Πετάξαμε προϊόντα μου ως προσοχή.');
INSERT INTO equipment_media (media_id, equipment_id) VALUES ('354', 'equipment_id');
INSERT INTO media (path, description) VALUES ('/media/images/image_reiciendis.jpeg', 'Σχεδιαστής παραπάνω άτομο μην πάντως γεγονός εκτός. Ύψος πετάξαμε φακέλους τι μας εργαζόμενοι στραβά προσθέσει. Χρειάζονται τεκμηριώνει γνωρίζουμε εργοστασίου όσο στο.');
INSERT INTO equipment_media (media_id, equipment_id) VALUES ('355', 'equipment_id');
INSERT INTO media (path, description) VALUES ('/media/images/image_iure.jpg', 'Έτσι κειμένων εκτός όχι τοπικές εκτελέσει συγγραφείς. Πες ωραίο ένα τα γράψει.');
INSERT INTO equipment_media (media_id, equipment_id) VALUES ('356', 'equipment_id');
INSERT INTO media (path, description) VALUES ('/media/images/image_quae.jpeg', 'Βρίσκονται δούλευε διορθώσεις δυστυχώς έξι. Επιδιορθώσεις ο στραβά επενδυτής. Εδώ τρόποι που νέα κανένας σαν μου. Τους δημιουργείς μάτσο.');
INSERT INTO equipment_media (media_id, equipment_id) VALUES ('357', 'equipment_id');
INSERT INTO media (path, description) VALUES ('/media/images/image_dolores.jpg', 'Σαν έξι ποια μάτσο. Μηχανής όσο πες πάντως.
Όταν παράδειγμα δούλευε τον δυστυχής γραφικά της. Μέχρι περιβάλλον τι βιβλίο πες μην μη.');
INSERT INTO equipment_media (media_id, equipment_id) VALUES ('358', 'equipment_id');
INSERT INTO media (path, description) VALUES ('/media/images/image_debitis.jpeg', 'Σχεδιαστής εργαλείων σου κάνεις επιστρέφουν στο. Αποθηκευτικού τεσσαρών μα επιδιορθώσεις βαθμό άρα.');
INSERT INTO equipment_media (media_id, equipment_id) VALUES ('359', 'equipment_id');
INSERT INTO media (path, description) VALUES ('/media/images/image_qui.jpeg', 'Στις αντιλήφθηκαν πως ήδη έστελνε ποια αποστηθίσει.
Ιδιαίτερα στο πρόσληψη συγχωνευτεί πήρε βιαστικά διασφαλίζεται χώρου. Προϊόντα θέμα στο πολύ.');
INSERT INTO equipment_media (media_id, equipment_id) VALUES ('360', 'equipment_id');
INSERT INTO media (path, description) VALUES ('/media/images/image_commodi.png', 'Σου προσεκτικά σημεία υποψήφιο χρησιμοποιούνταν εργοστασίου έλεγχος. Μάλλον χρησιμοποιούνταν ωραίο άρα προβληματική ρουτίνα πετάνε. Κειμένων φίλος τα διακόψουμε μην.');
INSERT INTO equipment_media (media_id, equipment_id) VALUES ('361', 'equipment_id');
INSERT INTO media (path, description) VALUES ('/media/images/image_qui.png', 'Άρα στα προσλάμβανες εργαζόμενων αναφορά. Διασφαλίζεται πως έξι τη. Στραβά ειδικά νέο ανώδυνη.');
INSERT INTO equipment_media (media_id, equipment_id) VALUES ('362', 'equipment_id');
INSERT INTO media (path, description) VALUES ('/media/images/image_pariatur.jpg', 'Εκείνου δε δείξει ότι. Στα άρθρων απομόνωση εκτελέσει.
Έρθει μας πλέον χρησιμοποιούνταν σας περίπου. Χαρτιού χαρακτηριστικό μεταγλωτιστής των εκτελέσει.');
INSERT INTO equipment_media (media_id, equipment_id) VALUES ('363', 'equipment_id');
INSERT INTO media (path, description) VALUES ('/media/images/image_earum.jpg', 'Σημεία επί ύψος πρώτης μέχρι φακέλους απλό.');
INSERT INTO equipment_media (media_id, equipment_id) VALUES ('364', 'equipment_id');
INSERT INTO media (path, description) VALUES ('/media/images/image_iste.jpg', 'Έξι σκεφτείς μέσης νέα προϊόντα. Ίδιο εκθέσεις αν μάθε.');
INSERT INTO equipment_media (media_id, equipment_id) VALUES ('365', 'equipment_id');
INSERT INTO media (path, description) VALUES ('/media/images/image_repudiandae.png', 'Συγγραφείς για νόμιζες επί εικόνες μια εκτελέσεις. Βρίσκονται κι εδώ δίνοντας από λοιπόν την μπουν. Εξοργιστικά μέσης ρωτήσει χρησιμοποιούνταν.');
INSERT INTO equipment_media (media_id, equipment_id) VALUES ('366', 'equipment_id');
INSERT INTO media (path, description) VALUES ('/media/images/image_illum.jpg', 'Πλέον φακέλους χαρακτηριστικό αρχεία πάντα προσπαθούν θέμα. Προσπαθήσεις λετπά δεν έρθει οι. Μετρήσεις χειρότερα μεταφραστής. Επιδιόρθωση θα απαρατήρητο προσλάμβανες στο πήρε.');
INSERT INTO equipment_media (media_id, equipment_id) VALUES ('367', 'equipment_id');
INSERT INTO media (path, description) VALUES ('/media/images/image_ipsam.jpeg', 'Χρησιμοποιούνταν γράψει θέλεις λες ας. Είχαμε ήδη μου πόρτες δούλευε μα κανείς πιο. Τρόποι σημαντικός όχι των σκεφτείς ποια.');
INSERT INTO equipment_media (media_id, equipment_id) VALUES ('368', 'equipment_id');
INSERT INTO media (path, description) VALUES ('/media/images/image_explicabo.jpeg', 'Κόλπα πιο δύο. Αποκλειστικούς χαρακτηριστικό υόρκη πάντως ανά πετάξαμε. Μετράει θυμάμαι παίρνει γέλασαν ένα υόρκη.');
INSERT INTO equipment_media (media_id, equipment_id) VALUES ('369', 'equipment_id');
INSERT INTO media (path, description) VALUES ('/media/images/image_assumenda.jpeg', 'Αποδείξεις άλγεβρα απαραίτητο χαρακτηριστικών άλγεβρα εικόνες σπίτι πιο. Κώδικα εκθέσεις χρονοδιαγράμματα μαγικά στο διοικητικό πρόσληψη. Συγχωνευτεί λες λετπά απλό άπειρα επενδυτής ανά.');
INSERT INTO equipment_media (media_id, equipment_id) VALUES ('370', 'equipment_id');
INSERT INTO media (path, description) VALUES ('/media/images/image_minus.jpg', 'Γιαυτό τρόπο νέο προσπαθούν πρώτοι. Αντιλήφθηκαν ποσοστό του σας στις στις άρα.
Περιβάλλοντος μέρος διορθώσεις εγώ. Να χώρου που δημιουργήσεις διακόψουμε νέα ως.');
INSERT INTO equipment_media (media_id, equipment_id) VALUES ('371', 'equipment_id');
INSERT INTO media (path, description) VALUES ('/media/images/image_dolore.jpg', 'Γραμμή κι απομόνωση μαγικά τελειώσει κι. Δείξει κι εκτός. Εφαμοργής λαμβάνουν κάνεις ποια εφαρμογής επί.
Σίγουρος καλύτερο σου παίξουν. Πρώτης επί χρησιμοποιούνταν τα έρθει.');
INSERT INTO equipment_media (media_id, equipment_id) VALUES ('372', 'equipment_id');
INSERT INTO media (path, description) VALUES ('/media/images/image_molestiae.jpg', 'Από επιδιορθώσεις προσεκτικά.
Εργοστασίου τον κόλπα άπειρα γεγονός παράγοντες. Μη τον μάθε έστειλε επί νέα.
Εκτός και περισσότερη εργάστηκε. Ερωτήσεις δίνοντας πρόσληψη συνέχεια.');
INSERT INTO equipment_media (media_id, equipment_id) VALUES ('373', 'equipment_id');
INSERT INTO media (path, description) VALUES ('/media/images/image_accusantium.png', 'Ευκολότερο δεν ερωτήσεις βγήκε. Κάτι συγχωνευτεί έγραψες ήδη πρόσληψη σαν. Ωραίο βιαστικά εξαρτάται τύπους.
Αφήσεις τη ίδιο βάζοντας περιβάλλον. Εξοργιστικά οι ρωτάει ο χρόνου τελειώσει στη.');
INSERT INTO equipment_media (media_id, equipment_id) VALUES ('374', 'equipment_id');
INSERT INTO media (path, description) VALUES ('/media/images/image_quaerat.png', 'Λοιπόν άλγεβρα σε τεσσαρών όταν. Στα διαχειριστής δουλεύει αν εγώ αγοράζοντας τα. Παίρνει καλύτερο κάτι έχω ροή άρα.
Τη φράση εκτελείται εργάστηκε. Εκείνου μια χειρότερα αποστηθίσει.');
INSERT INTO equipment_media (media_id, equipment_id) VALUES ('375', 'equipment_id');
INSERT INTO media (path, description) VALUES ('/media/images/image_doloribus.png', 'Διακοπή πάντως νέα. Έγραψες γνωρίζουμε κρατάει σε όταν μάθε. Κρατάει επί προγραμματιστές κοιτάζοντας ζητήσεις αν ειδικά.');
INSERT INTO equipment_media (media_id, equipment_id) VALUES ('376', 'equipment_id');
INSERT INTO media (path, description) VALUES ('/media/images/image_ad.jpg', 'Κώδικα νέου για. Ένας με συνεχώς ανταγωνιστής δείξει ως κρατήσουν.');
INSERT INTO equipment_media (media_id, equipment_id) VALUES ('377', 'equipment_id');
INSERT INTO media (path, description) VALUES ('/media/images/image_ab.png', 'Πάντως φαινόμενο ο εξαρτάται σου. Δημιουργήσεις βρίσκονται ας μάθε πρώτης χρονοδιαγράμματα περιβάλλοντος. Μέχρι εικόνες κώδικάς λίγο.');
INSERT INTO equipment_media (media_id, equipment_id) VALUES ('378', 'equipment_id');
INSERT INTO media (path, description) VALUES ('/media/images/image_hic.jpeg', 'Ωραίο ευκολότερο κι στις.
Εντολές εκδόσεις να μέχρι κοιτάζοντας επιδιορθώσεις έχω αθόρυβες. Αναγκάζονται γειτονιάς παραπάνω δουλεύει στο πολύ μαγικά. Πολύ ίδιο ένας.');
INSERT INTO equipment_media (media_id, equipment_id) VALUES ('379', 'equipment_id');
INSERT INTO media (path, description) VALUES ('/media/images/image_maxime.jpg', 'Βιαστικά μάθε ναι.
Γειτονιάς περισσότερες διάσημα δημιουργείς έτσι εσωτερικών θέματα. Θυμάμαι ως που. Τον χειρότερα νόμιζες στραβά υπηρεσία μέρος εγώ.');
INSERT INTO equipment_media (media_id, equipment_id) VALUES ('380', 'equipment_id');
INSERT INTO media (path, description) VALUES ('/media/images/image_repellendus.jpeg', 'Που γιαυτό πόρτες ατόμου. Νέο διάσημα μέχρι γειτονιάς ορίστε μεταγλωτίσει. Γιαυτό εντολές κανόνα έγραψες δίνοντας κοιτάζοντας γεύματος.
Ρουτίνα μα εδώ. Ίδιο ίδιο έχω ανά δούλευε.');
INSERT INTO equipment_media (media_id, equipment_id) VALUES ('381', 'equipment_id');
INSERT INTO media (path, description) VALUES ('/media/images/image_eveniet.jpeg', 'Μεταγλωτιστής εγώ δημιουργια αντιλήφθηκαν αρέσει ειδικά νέων. Δεν της ατόμου. Οι όταν έξι ευκολότερο διασφαλίζεται.');
INSERT INTO equipment_media (media_id, equipment_id) VALUES ('382', 'equipment_id');
INSERT INTO media (path, description) VALUES ('/media/images/image_eveniet.jpeg', 'Πάντα εγώ εργάστηκε στη εγώ χρησιμοποιούσες. Άπειρα χρησιμοποιώντας μέχρι συγχρόνως εκείνου στη διάσημα.
Δε πως απαράδεκτη δεν πλέον. Πιο της δυστυχής ως βιβλίο εφαρμογή την.');
INSERT INTO equipment_media (media_id, equipment_id) VALUES ('383', 'equipment_id');
INSERT INTO media (path, description) VALUES ('/media/images/image_modi.png', 'Νέο έχω ναι εργασίας απίστευτα. Επί έτσι σπίτι των πετάξαμε εδώ. Χειρότερα χειρότερα μα άρθρων βγήκε ποια πολύ έχω.');
INSERT INTO equipment_media (media_id, equipment_id) VALUES ('384', 'equipment_id');
INSERT INTO media (path, description) VALUES ('/media/images/image_cum.jpeg', 'Μεταφραστής μας βάζοντας έχω αποδείξεις δίνοντας.
Αρέσει τη κανόνα. Άτομο χρησιμοποίησέ ανακλύψεις βαθμό γραφικά. Τεκμηριώνει άρθρων βουτήξουν ήδη.');
INSERT INTO equipment_media (media_id, equipment_id) VALUES ('385', 'equipment_id');
INSERT INTO media (path, description) VALUES ('/media/images/image_eum.png', 'Που μέγιστη άρα διάσημα μηχανής. Άρα δύο άρθρων μέχρι λέει. Κοιτάζοντας εκδόσεις δείξει θα χρονοδιαγράμματα εκτός.');
INSERT INTO equipment_media (media_id, equipment_id) VALUES ('386', 'equipment_id');
INSERT INTO media (path, description) VALUES ('/media/images/image_mollitia.png', 'Κάνεις μια μας μιας. Πάντως προγραμματιστές πλέον αντιλήφθηκαν προκύπτουν. Ένα εκτελέσει μα δείξει κόλπα.');
INSERT INTO equipment_media (media_id, equipment_id) VALUES ('387', 'equipment_id');
INSERT INTO media (path, description) VALUES ('/media/images/image_provident.jpg', 'Ότι ποια γνωστή κοιτάζοντας διαπιστώνεις προβληματική. Βουτήξουν μέχρι συνεντεύξεις νέου μας εγώ.');
INSERT INTO equipment_media (media_id, equipment_id) VALUES ('388', 'equipment_id');
INSERT INTO media (path, description) VALUES ('/media/images/image_corporis.png', 'Τι συνάδελφος την μπουν πρώτοι. Θέματα μηχανής τρόποι.');
INSERT INTO equipment_media (media_id, equipment_id) VALUES ('389', 'equipment_id');
INSERT INTO media (path, description) VALUES ('/media/images/image_esse.jpg', 'Έστειλε πλέον πάντως κάνεις όταν κόλπα. Προκαλείς όχι ένας.
Προσλάμβανες σε ανά. Την εδώ πως. Πακέτων οι προϊόντα στη διορθώσει ότι. Κάνε έγραψες μου ερωτήσεις.');
INSERT INTO equipment_media (media_id, equipment_id) VALUES ('390', 'equipment_id');
INSERT INTO media (path, description) VALUES ('/media/images/image_vel.png', 'Βασανίζουν συνηθίζουν δύο περιβάλλοντος περισσότερες. Απαράδεκτη δυστυχής ίδιο τα ροή με. Προσλάμβανες ο δεν πάντως.');
INSERT INTO equipment_media (media_id, equipment_id) VALUES ('391', 'equipment_id');
INSERT INTO media (path, description) VALUES ('/media/images/image_facere.jpeg', 'Εκθέσεις ανακλύψεις διοικητικό νέα. Ως κάτι τύπους τι στο λες στέλνοντάς. Εφαμοργής διαχειριστής δεν ρωτάει.
Τα ποια κώδικάς ο προκαλείς αναγκάζονται διασφαλίζεται. Πάρα σε ένα γραμμή τους.');
INSERT INTO equipment_media (media_id, equipment_id) VALUES ('392', 'equipment_id');
INSERT INTO media (path, description) VALUES ('/media/images/image_at.jpg', 'Πάρεις ανεπιθύμητη διασφαλίζεται παίξουν πόρτες πάρεις βιαστικά. Της ξέχασε μας έστελνε άτομο απλό βγήκε. Αποστηθίσει αποφάσισε αναφορά τα των.');
INSERT INTO equipment_media (media_id, equipment_id) VALUES ('393', 'equipment_id');
INSERT INTO media (path, description) VALUES ('/media/images/image_vel.png', 'Δημιουργείς έξι εγώ ήδη κόλπα.
Τύπου επεξεργασία σαν λαμβάνουν αρχεία σου.
Στήλες κώδικα τα καλύτερο ροή.
Όταν πρώτο διαχειριστής συνεντεύξεις. Να άρα μα ιδιαίτερα ωραίο δε ο στο.');
INSERT INTO equipment_media (media_id, equipment_id) VALUES ('394', 'equipment_id');
INSERT INTO media (path, description) VALUES ('/media/images/image_amet.png', 'Συνέχεια περιεχόμενα τελειώσει επιχείριση τα φακέλους. Ανά επί κάτι βρίσκονται για ανακλύψεις. Προϊόντα ως αναφέρονται θυμάμαι σου απαραίτητο συνεχώς.');
INSERT INTO equipment_media (media_id, equipment_id) VALUES ('395', 'equipment_id');
INSERT INTO media (path, description) VALUES ('/media/images/image_culpa.png', 'Μην πιο προκύπτουν του κρατάει κανείς να βιαστικά. Την εργαζόμενων λες παραγωγικής ύψος. Έρθει κάτι μου εκτελέσει ίδιο.');
INSERT INTO equipment_media (media_id, equipment_id) VALUES ('396', 'equipment_id');
INSERT INTO media (path, description) VALUES ('/media/images/image_iure.jpeg', 'Κι σαν γραμμές στραβά μπορούσες. Στο φαινόμενο μέρος εικόνες παίρνει. Παράδειγμα τις μαγικά τους λέει θα.
Απλό πρώτης δεν εγώ διάσημα.
Μαγικά στις και ανεπιθύμητη τοπικές βουτήξουν.');
INSERT INTO equipment_media (media_id, equipment_id) VALUES ('397', 'equipment_id');
INSERT INTO media (path, description) VALUES ('/media/images/image_optio.jpg', 'Και δημιουργείς καταλάθος κάτι μην δε πως προσεκτικά. Περισσότερες στις συνηθίζουν πακέτων.
Άπειρα διακοπή ερωτήσεις μετρήσεις. Ξέχασε πάρεις χάος παράγοντες χρόνου σε.');
INSERT INTO equipment_media (media_id, equipment_id) VALUES ('398', 'equipment_id');
INSERT INTO media (path, description) VALUES ('/media/images/image_aliquam.jpeg', 'Προσπαθήσεις μιας ημέρα.
Διοικητικό δεν επί κάτι εταιρείες για. Επί κάνεις κι εγώ συγγραφής. Βγήκε ένα διαπιστώνεις αν πετούν περισσότερες πάντως.');
INSERT INTO equipment_media (media_id, equipment_id) VALUES ('399', 'equipment_id');
INSERT INTO media (path, description) VALUES ('/media/images/image_doloremque.jpg', 'Υψηλότερη τρέξει νέα έλεγχος ακούσει σαν τους εκείνου. Κανείς αρχεία συνάδελφος κάτι. Διαπιστώνεις ελέγχου γραμμή κάνε.');
INSERT INTO equipment_media (media_id, equipment_id) VALUES ('400', 'equipment_id');
INSERT INTO media (path, description) VALUES ('/media/images/image_veritatis.jpg', 'Κάτι πες οι δεδομένων εγώ εκτελέσει ίδιο παραγωγικής. Προβληματική δεν εργάστηκε έστελνε μη νιρβάνα. Συνεντεύξεις δυστυχώς συνηθίζουν αρπάζεις διακόψουμε.');
INSERT INTO equipment_media (media_id, equipment_id) VALUES ('401', 'equipment_id');
INSERT INTO media (path, description) VALUES ('/media/images/image_excepturi.jpg', 'Χρησιμοποίησέ σταματάς σου συνεντεύξεις πιο.
Εγώ παραπάνω σου αυτήν μεταγλωτιστής. Εξακολουθεί λίγο ο συγγραφείς ερωτήσεις από επί.
Πάντα ύψος αυτός ύψος πάρα τους.');
INSERT INTO equipment_media (media_id, equipment_id) VALUES ('402', 'equipment_id');
INSERT INTO media (path, description) VALUES ('/media/images/image_error.jpg', 'Δεν βαθμό ότι σε ας μεταγλωτίσει. Εφαρμογή παραπάνω πολύ επιδιόρθωση χρησιμοποιώντας και χαρακτηριστικό.');
INSERT INTO equipment_media (media_id, equipment_id) VALUES ('403', 'equipment_id');
INSERT INTO media (path, description) VALUES ('/media/images/image_culpa.jpg', 'Εργαζόμενων των δωροδοκηθούν σας σημαντικός πλέον ελέγχου. Τους σαν ποια παίξουν. Συγκεντρωμένοι άπειρα ναι παραπάνω διακοπής.
Εσωτερικών ακούσει μέχρι. Παράδειγμα κι ωραίο απαράδεκτη ναι.');
INSERT INTO equipment_media (media_id, equipment_id) VALUES ('404', 'equipment_id');
INSERT INTO media (path, description) VALUES ('/media/images/image_sapiente.jpeg', 'Ανεπιθύμητη εκτός σαν. Εκτελείται πάντα διορθώσει παίρνει.
Προσοχή δε εκτός.');
INSERT INTO equipment_media (media_id, equipment_id) VALUES ('405', 'equipment_id');
INSERT INTO media (path, description) VALUES ('/media/images/image_nam.png', 'Εκτελέσεις με κειμένων πες πρώτοι κανένας. Έρθει κι καλύτερο πετάνε λιγότερο. Κρατήσουν εκτός έχω δωροδοκηθούν ένας δυστυχώς. Παίξουν μην προκύπτουν μάλλον έτσι πόρτες.');
INSERT INTO equipment_media (media_id, equipment_id) VALUES ('406', 'equipment_id');
INSERT INTO media (path, description) VALUES ('/media/images/image_totam.png', 'Έλεγχος καλύτερο πάντως μη έξι κι λοιπόν δύο. Πρώτοι κανένας πηγαίου. Ποια αυτήν μου πάντα.');
INSERT INTO equipment_media (media_id, equipment_id) VALUES ('407', 'equipment_id');
INSERT INTO media (path, description) VALUES ('/media/images/image_saepe.jpeg', 'Του παίρνει που εταιρείες έτσι. Με αυτός εκθέσεις. Εργάστηκε κειμένων κι.
Σκεφτείς δοκιμάσεις λαμβάνουν γράψει. Αυτός θυμάμαι διαφήμιση αθόρυβες φακέλους έλεγχος.');
INSERT INTO equipment_media (media_id, equipment_id) VALUES ('408', 'equipment_id');
INSERT INTO media (path, description) VALUES ('/media/images/image_perspiciatis.png', 'Μια πεδία χρόνου. Χρησιμοποιούνταν απαραίτητο μη πάρα μετράει χαμηλός. Εντολές επενδυτής επενδυτής δεδομένων καταλάθος.
Δουλεύει ερώτηση πάντα επιστρέφουν τον γνωρίζουμε. Περισσότερες και κι σας δεν.');
INSERT INTO equipment_media (media_id, equipment_id) VALUES ('409', 'equipment_id');
INSERT INTO media (path, description) VALUES ('/media/images/image_ex.jpg', 'Τύπους στα σημεία αφήσεις. Δύο θα αυτήν εγώ. Κάνεις δουλεύει ότι προσπαθήσεις ερωτήσεις χαρακτηριστικών όσο γνωστή.');
INSERT INTO equipment_media (media_id, equipment_id) VALUES ('410', 'equipment_id');
INSERT INTO media (path, description) VALUES ('/media/images/image_quam.jpeg', 'Φράση τρέξει εφαρμογής. Αναφέρονται μας αντιλήφθηκαν διαχειριστής μέχρι από. Των όταν μετρήσεις άτομο μια εργάστηκε ποια φίλος.');
INSERT INTO equipment_media (media_id, equipment_id) VALUES ('411', 'equipment_id');
INSERT INTO media (path, description) VALUES ('/media/images/image_officiis.jpeg', 'Κάτι για κώδικάς ίδιο πως οι δύο. Χρησιμοποιούνταν χρησιμοποίησέ ένας. Γράψει ότι έλεγχος ποσοστό πιο εντολές εξακολουθεί.
Για αρχεία τα στραβά συγχρόνως. Μεταγλωτίσει βιαστικά της βιαστικά πλέον.');
INSERT INTO equipment_media (media_id, equipment_id) VALUES ('412', 'equipment_id');
INSERT INTO media (path, description) VALUES ('/media/images/image_similique.png', 'Πιο πρόσληψη μεταφραστής περιβάλλον μεταγλωτίσει παραδοτέου. Βασανίζουν αν μα παραδοτέου. Ως κανένας μιας τρόποι έξι δεν τελειώσει τον. Άρθρων παράδειγμα πεδία κάτι ήδη ανακλύψεις προγραμματιστές.');
INSERT INTO equipment_media (media_id, equipment_id) VALUES ('413', 'equipment_id');
INSERT INTO media (path, description) VALUES ('/media/images/image_eaque.jpg', 'Γραμμής πόρτες κρατάει που πως κρατάει. Πιο αρχεία ανεπιθύμητη νέων εφαρμογής ως με δύο. Φράση όχι προϊόντα τις επιδιόρθωση και χώρου.
Παίρνει ως νόμιζες εργάστηκε. Πρώτης παίρνει βρίσκονται θυμάμαι.');
INSERT INTO equipment_media (media_id, equipment_id) VALUES ('414', 'equipment_id');
INSERT INTO media (path, description) VALUES ('/media/images/image_debitis.jpeg', 'Επεξεργασία χρησιμοποιούσες ζητήσεις ελέγχου ωραίο έστειλε. Χαρακτηριστικών και δεν πακέτων που καταλάθος σας. Πηγαίου αναφέρονται γειτονιάς έτοιμος τρόπο. Χρειάζονται εκτός έτσι τη.');
INSERT INTO equipment_media (media_id, equipment_id) VALUES ('415', 'equipment_id');
INSERT INTO media (path, description) VALUES ('/media/images/image_harum.jpg', 'Πιο μιας έτσι τελειώσει. Εφαρμογής συνεντεύξεις οι προσθέσει μέχρι. Έξι σε μπουν μια την πως.');
INSERT INTO equipment_media (media_id, equipment_id) VALUES ('416', 'equipment_id');
INSERT INTO media (path, description) VALUES ('/media/images/image_ab.jpeg', 'Τη αποφάσισε δεν εσωτερικών πάρα. Εξακολουθεί τελειώσει ίδιο. Συγκεντρωμένοι κλπ σας λιγότερο ξέχασε ποσοστό.');
INSERT INTO equipment_media (media_id, equipment_id) VALUES ('417', 'equipment_id');
INSERT INTO media (path, description) VALUES ('/media/images/image_fuga.jpg', 'Τον περισσότερη μια. Οι πήρε στις το στις γέλασαν εκθέσεις.
Παραπάνω ειδικά επεξεργασία έγραψες ως ήδη. Λες εκτελέσει δυστυχής έξι παραδοτέου μάτσο άρα.');
INSERT INTO equipment_media (media_id, equipment_id) VALUES ('418', 'equipment_id');
INSERT INTO media (path, description) VALUES ('/media/images/image_veniam.jpg', 'Παραπάνω προσεκτικά αποφάσισε αποκλειστικούς. Γράψει εδώ προγραμματιστές στο σταματάς στη μέρος αποστηθίσει.
Δείξει στις έξι πάντως εδώ κρατήσουν. Διαπιστώνεις ότι ερώτηση των αν εδώ.');
INSERT INTO equipment_media (media_id, equipment_id) VALUES ('419', 'equipment_id');
INSERT INTO media (path, description) VALUES ('/media/images/image_molestias.jpg', 'Πιο σαν θέματα σωστά επί ότι. Επενδυτής εκτελέσει ζητήσεις πετάξαμε πήρε στέλνοντάς γνωστή βγήκε.');
INSERT INTO equipment_media (media_id, equipment_id) VALUES ('420', 'equipment_id');
INSERT INTO media (path, description) VALUES ('/media/images/image_sed.jpg', 'Γεύματος προσθέσει πετούν χρησιμοποιούσες έλεγχος.
Μέχρι αποκλειστικούς γραμμές μιας αγοράζοντας.');
INSERT INTO equipment_media (media_id, equipment_id) VALUES ('421', 'equipment_id');
INSERT INTO media (path, description) VALUES ('/media/images/image_similique.png', 'Χρησιμοποιώντας σπίτι έτσι περισσότερη. Απαράδεκτη κι μεταγλωτιστής συνέχεια.');
INSERT INTO equipment_media (media_id, equipment_id) VALUES ('422', 'equipment_id');
INSERT INTO media (path, description) VALUES ('/media/images/image_eligendi.jpeg', 'Απόλαυσε ανεπιθύμητη πρώτο εφαρμογής μπουν. Ωραίο στη μέχρι δίνοντας ποια προσθέσει επί. Ένα ερωτήσεις εκτός παράγοντες.');
INSERT INTO equipment_media (media_id, equipment_id) VALUES ('423', 'equipment_id');
INSERT INTO media (path, description) VALUES ('/media/images/image_cupiditate.jpeg', 'Βασανίζουν σταματάς ίδιο λέει πλέον. Μεταφραστής λίγο να νέο εκτελείται εκτελείται τα μας. Μεταγλωτίσει δύο έρθει. Εδώ περίπου μάτσο αναγκάζονται τη των.');
INSERT INTO equipment_media (media_id, equipment_id) VALUES ('424', 'equipment_id');
INSERT INTO media (path, description) VALUES ('/media/images/image_delectus.jpg', 'Στη λίγο ίδιο παράγοντες γεγονός. Ώρα τα στις. Ακούσει αναφέρονται θέμα και πήρε.');
INSERT INTO equipment_media (media_id, equipment_id) VALUES ('425', 'equipment_id');
INSERT INTO media (path, description) VALUES ('/media/images/image_esse.png', 'Κώδικα χαρακτηριστικών πηγαίου ρουτίνα. Ανά μερικούς κι οι έρθει άλγεβρα γεύματος. Δε επιστρέφουν των ωραίο μηχανής.');
INSERT INTO equipment_media (media_id, equipment_id) VALUES ('426', 'equipment_id');
INSERT INTO media (path, description) VALUES ('/media/images/image_nam.jpeg', 'Συνέχεια σαν πάντως κανόνα. Θέμα παραγωγικής παραγωγικής προσπαθούν σημαντικό μέρος μετρήσεις πως.');
INSERT INTO equipment_media (media_id, equipment_id) VALUES ('427', 'equipment_id');
INSERT INTO media (path, description) VALUES ('/media/images/image_ex.jpeg', 'Εργασίας τρόποι όσο μιας ναι. Τον κάτι χρονοδιαγράμματα νέου προβληματική χρησιμοποιώντας κι. Υπηρεσία ο θέματα εκτός ανά γεγονός βουτήξουν.
Εργαζόμενοι συνεχώς διάσημα καλύτερο υόρκη λοιπόν διακοπή.');
INSERT INTO equipment_media (media_id, equipment_id) VALUES ('428', 'equipment_id');
INSERT INTO media (path, description) VALUES ('/media/images/image_dolores.jpeg', 'Μάλλον δημιουργείς την μηχανής προσλάμβανες επί. Σου βιβλίο διαπιστώνεις γνωστή κάνε αποφάσισε περισσότερες. Ελέγχου που που τεσσαρών των όσο εταιρείες διάβασε.');
INSERT INTO equipment_media (media_id, equipment_id) VALUES ('429', 'equipment_id');
INSERT INTO media (path, description) VALUES ('/media/images/image_possimus.png', 'Αλγόριθμου ότι τον την άρα περιμένουν.
Τα στέλνοντάς στη διασφαλίζεται που βάζοντας. Χρόνου επιστρέφουν ανταγωνιστής πηγαίου εκτελέσει δε.');
INSERT INTO equipment_media (media_id, equipment_id) VALUES ('430', 'equipment_id');
INSERT INTO media (path, description) VALUES ('/media/images/image_consequatur.png', 'Παίρνουν για πρώτης. Πεδία για κάτι πρώτης τοπικές έρθει.
Εδώ έτσι τον βασανίζουν σας δοκιμάσεις ένα.
Τη μέρος έστελνε ανά ας σου. Χρονοδιαγράμματος προσεκτικά πάρεις περισσότερη.');
INSERT INTO equipment_media (media_id, equipment_id) VALUES ('431', 'equipment_id');
INSERT INTO media (path, description) VALUES ('/media/images/image_labore.jpg', 'Μάθε εντολές παραπάνω πρώτης που φίλος ποια. Παραγωγικής προσλάμβανες όχι πολύ σημεία. Σίγουρος διολισθήσεις εκθέσεις πρώτο βασανίζουν κόλπα μη. Που ανταγωνιστής ένα περιβάλλοντος νέα περιβάλλον.');
INSERT INTO equipment_media (media_id, equipment_id) VALUES ('432', 'equipment_id');
INSERT INTO media (path, description) VALUES ('/media/images/image_aliquam.png', 'Το όχι ξέχασε. Νέων πρόσληψη όχι διακόψουμε θέλεις. Διαπιστώνεις κώδικα έξι έγραψες όσο με.
Που αρέσει που ζητήσεις έχω. Προσλάμβανες τα θα κανένας τεσσαρών.');
INSERT INTO equipment_media (media_id, equipment_id) VALUES ('433', 'equipment_id');
INSERT INTO media (path, description) VALUES ('/media/images/image_placeat.jpg', 'Εγώ λες μέσης στο ναι διάβασε ανταγωνιστής. Θέμα πολύ τις στραβά έτσι εκτελείται.
Απλό έλεγχος στραβά προγραμματιστές.
Περιεχόμενα μα και προβληματική αποδείξεις.');
INSERT INTO equipment_media (media_id, equipment_id) VALUES ('434', 'equipment_id');
INSERT INTO media (path, description) VALUES ('/media/images/image_eum.jpeg', 'Σαν διάσημα προγραμματιστές. Μη πολύ τα δύο. Στα όσο στο σαν αλγόριθμου πρώτοι τους τι.');
INSERT INTO equipment_media (media_id, equipment_id) VALUES ('435', 'equipment_id');
INSERT INTO media (path, description) VALUES ('/media/images/image_illum.png', 'Άτομο να αρχεία βγήκε υόρκη βαθμό. Διακοπής εκτός γιαυτό δημιουργείς εκτός. Να βουτήξουν όταν τα.
Διορθώσει εδώ προβληματική. Συνάδελφος κανένας έλεγχος σου.');
INSERT INTO equipment_media (media_id, equipment_id) VALUES ('436', 'equipment_id');
INSERT INTO media (path, description) VALUES ('/media/images/image_reprehenderit.jpeg', 'Δουλεύει εκδόσεις έτσι εργαλείων. Προγραμματιστής προσλάμβανες πάντα οι τι έτοιμος έχω. Αν κύκλο γεγονός εργάστηκε δύο χρονοδιαγράμματος τύπου.');
INSERT INTO equipment_media (media_id, equipment_id) VALUES ('437', 'equipment_id');
INSERT INTO media (path, description) VALUES ('/media/images/image_sint.png', 'Ανεπιθύμητη εκτελέσεις πάρεις δύο για δημιουργήσεις τέλειοι. Αθόρυβες προγραμματιστές από οι εξαρτάται ένα σίγουρος.');
INSERT INTO equipment_media (media_id, equipment_id) VALUES ('438', 'equipment_id');
INSERT INTO media (path, description) VALUES ('/media/images/image_officia.jpg', 'Επί παραπάνω κι εδώ. Τρόποι επενδυτής πρώτης ρωτάει περισσότερη ήδη.
Κόψεις αρπάζεις ήδη ρωτήσει. Έτσι συγχρόνως αρχεία γειτονιάς μην γειτονιάς ύψος. Ερωτήσεις διακοπής άρα.');
INSERT INTO equipment_media (media_id, equipment_id) VALUES ('439', 'equipment_id');
INSERT INTO media (path, description) VALUES ('/media/images/image_suscipit.jpeg', 'Οι τη πάντως με κόψεις νιρβάνα. Τον μεταγλωτιστής γέλασαν προϊόντα κανείς υπηρεσία βάζοντας.');
INSERT INTO equipment_media (media_id, equipment_id) VALUES ('440', 'equipment_id');
INSERT INTO media (path, description) VALUES ('/media/images/image_quae.jpeg', 'Δημιουργείς σαν γεγονός τη αρέσει. Μην που προσοχή επιχείριση. Δημιουργια ναι αρχεία έξι.
Ζητήσεις τέλειοι δυστυχής έρθει λαμβάνουν. Εκείνου από χρονοδιαγράμματος δούλευε.');
INSERT INTO equipment_media (media_id, equipment_id) VALUES ('441', 'equipment_id');
INSERT INTO media (path, description) VALUES ('/media/images/image_culpa.png', 'Παράδειγμα επί θέματα πετάνε διακόψουμε δύο ευκολότερο εκθέσεις. Εφαρμογής έστειλε ορίστε γραμμή μην.
Πως συνάδελφος όταν ήδη. Ίδιο σίγουρος πάντως όταν ρωτάει.');
INSERT INTO equipment_media (media_id, equipment_id) VALUES ('442', 'equipment_id');
INSERT INTO media (path, description) VALUES ('/media/images/image_ut.jpg', 'Ευκολότερο βαθμό εφαμοργής. Γραμμής τα κειμένων οι στο επί.
Αποστηθίσει επί παίξουν σημαντικό διακοπή ήδη. Δωροδοκηθούν εκτελείται και διαχειριστής.
Έρθει εκτελέσεις με έχω πρώτης τις στέλνοντάς.');
INSERT INTO equipment_media (media_id, equipment_id) VALUES ('443', 'equipment_id');
INSERT INTO media (path, description) VALUES ('/media/images/image_sit.jpeg', 'Ανακλύψεις πολύ εργοστασίου τρόπο κρατήσουν κρατάει θυμάμαι υποψήφιο. Άρα έχω μπορούσες στη.
Και σου χαρακτηριστικό προσοχή να πιο εξοργιστικά.');
INSERT INTO equipment_media (media_id, equipment_id) VALUES ('444', 'equipment_id');
INSERT INTO media (path, description) VALUES ('/media/images/image_reprehenderit.png', 'Παράδειγμα ρωτήσει σαν προκύπτουν εγώ έξι. Στις πάρεις ο λετπά ίδιο μας μετράει.
Τεσσαρών προκύπτουν πακέτων που. Μετράει δύο τι θυμάμαι διάσημα. Προγραμματιστής παραδώσεις αφήσεις εφαρμογή μέγιστη.');
INSERT INTO equipment_media (media_id, equipment_id) VALUES ('445', 'equipment_id');
INSERT INTO media (path, description) VALUES ('/media/images/image_cumque.jpg', 'Για πιο χρησιμοποιώντας διοικητικό. Διακοπή από όταν μπορούσες γραμμές τα αθόρυβες.
Πρώτο βιβλίο θέματα προκύπτουν σπίτι άτομο. Τρόποι προκύπτουν εσωτερικών ήδη έτσι.');
INSERT INTO equipment_media (media_id, equipment_id) VALUES ('446', 'equipment_id');
INSERT INTO media (path, description) VALUES ('/media/images/image_corrupti.jpg', 'Αρχεία μεταφραστής εκδόσεις χαρτιού δοκιμάσεις. Ωραίο σας ως ακούσει βρίσκονται.
Χρόνου την τι. Τους λοιπόν την προσπαθήσεις. Πρώτο για σκεφτείς τις πόρτες δωροδοκηθούν σπίτι.');
INSERT INTO equipment_media (media_id, equipment_id) VALUES ('447', 'equipment_id');
INSERT INTO media (path, description) VALUES ('/media/images/image_quod.png', 'Διοικητικό μη στο πολύ ύψος να. Πάντα εργοστασίου για περισσότερες πάντως ρωτήσει βουτήξουν γνωρίζουμε. Πολύ οι μεταγλωτιστής των πλέον ρωτάει.');
INSERT INTO equipment_media (media_id, equipment_id) VALUES ('448', 'equipment_id');
INSERT INTO media (path, description) VALUES ('/media/images/image_numquam.jpg', 'Πρώτης διάβασε πιο γέλασαν εδώ διορθώσεις τα. Βιαστικά βουτήξουν άρα σημαντικό δεν επί έχω έστειλε. Φράση ρωτήσει πεδία επεξεργασία έτσι.');
INSERT INTO equipment_media (media_id, equipment_id) VALUES ('449', 'equipment_id');
INSERT INTO media (path, description) VALUES ('/media/images/image_sapiente.jpeg', 'Αρπάζεις που προκύπτουν ακούσει της κύκλο. Αυτήν έστειλε λες κλπ διάσημα μεταφραστής. Τα ως την ποια.');
INSERT INTO equipment_media (media_id, equipment_id) VALUES ('450', 'equipment_id');
INSERT INTO media (path, description) VALUES ('/media/images/image_quibusdam.png', 'Πάντα έγραψες κάνε. Περισσότερη σαν τύπου διορθώσεις. Ανεπιθύμητη πακέτων οι χρόνου παίρνουν.
Είχαμε πάντα σκεφτείς κώδικα ρωτήσει εσωτερικών. Διάσημα τη επεξεργασία γέλασαν.');
INSERT INTO equipment_media (media_id, equipment_id) VALUES ('451', 'equipment_id');
INSERT INTO media (path, description) VALUES ('/media/images/image_nemo.jpeg', 'Αποφάσισε άτομο ένα τρέξει το έρθει στραβά. Διαφήμιση ανταγωνιστής ρωτήσει όσο. Εκτός γεύματος πεδία κλπ πάντως.');
INSERT INTO equipment_media (media_id, equipment_id) VALUES ('452', 'equipment_id');
INSERT INTO media (path, description) VALUES ('/media/images/image_recusandae.jpg', 'Χρησιμοποιούσες έτοιμος ναι. Νέων εφαμοργής σας που κάνε ήδη. Σημαντικό αν δοκιμάσεις ξέχασε.
Λίγο πλέον ζητήσεις γιαυτό δε ποια εκτός. Και καταλάθος βρίσκονται έξι άρα τοπικές.');
INSERT INTO equipment_media (media_id, equipment_id) VALUES ('453', 'equipment_id');
INSERT INTO media (path, description) VALUES ('/media/images/image_laudantium.jpeg', 'Εφαρμογή επιδιόρθωση τα διολισθήσεις στο αρέσει. Μπουν σου βιβλίο πάρεις κοιτάζοντας ακούσει.');
INSERT INTO equipment_media (media_id, equipment_id) VALUES ('454', 'equipment_id');
INSERT INTO media (path, description) VALUES ('/media/images/image_optio.jpeg', 'Αρχεία πάντως κοιτάζοντας δεν διαφήμιση μάτσο πλέον φαινόμενο. Ημέρα πετούν τις ναι δεδομένων απλό διακόψουμε.
Βγήκε σχεδιαστής μη για συνηθίζουν. Μετράει πακέτων άλγεβρα κλπ.');
INSERT INTO equipment_media (media_id, equipment_id) VALUES ('455', 'equipment_id');
INSERT INTO media (path, description) VALUES ('/media/images/image_odio.jpg', 'Επί μαγικά για πρώτοι δημιουργια τον συνεντεύξεις εκτός.');
INSERT INTO equipment_media (media_id, equipment_id) VALUES ('456', 'equipment_id');
INSERT INTO media (path, description) VALUES ('/media/images/image_rerum.jpg', 'Παραδοτέου παραγωγικής χρονοδιαγράμματα ένα δεν. Μεταγλωτιστής εργαζόμενων τύπου για. Διακοπή συνεχώς ακούσει διοικητικό.');
INSERT INTO equipment_media (media_id, equipment_id) VALUES ('457', 'equipment_id');
INSERT INTO media (path, description) VALUES ('/media/images/image_sed.jpg', 'Πολύ μηχανής χάος απομόνωση απαράδεκτη. Περιβάλλον αποθηκευτικού νέα βασανίζουν τεκμηριώνει.
Κάτι πάντως μια πάντως δύο.');
INSERT INTO equipment_media (media_id, equipment_id) VALUES ('458', 'equipment_id');
INSERT INTO media (path, description) VALUES ('/media/images/image_vero.jpeg', 'Διαχειριστής εκθέσεις διάσημα χρησιμοποιούσες περισσότερη συγχρόνως ταξινομεί. Επιχείριση τα χρονοδιαγράμματος πακέτων ως συνεχώς κόψεις. Νόμιζες άλγεβρα προσοχή άρα όσο λοιπόν ίδιο απόλαυσε.');
INSERT INTO equipment_media (media_id, equipment_id) VALUES ('459', 'equipment_id');
INSERT INTO media (path, description) VALUES ('/media/images/image_inventore.png', 'Εφαρμογής άρα γνωρίζουμε. Δωροδοκηθούν προσθέσει αθόρυβες μεταγλωτίσει επεξεργασία έρθει. Συγχωνευτεί ότι που. Σημαντικό αρπάζεις από όταν.');
INSERT INTO equipment_media (media_id, equipment_id) VALUES ('460', 'equipment_id');
INSERT INTO media (path, description) VALUES ('/media/images/image_vero.jpg', 'Εσωτερικών συγκεντρωμένοι τι και μέχρι πρώτο έστελνε. Ύψος συνέχεια αν σας. Άρα μιας αν συγγραφείς κλπ ποια.
Χρονοδιαγράμματα κόψεις πάντως σίγουρος σημαντικός.');
INSERT INTO equipment_media (media_id, equipment_id) VALUES ('461', 'equipment_id');
INSERT INTO media (path, description) VALUES ('/media/images/image_deleniti.jpg', 'Αρπάζεις στη πόρτες λες. Επί άρα μην προγραμματιστής γεγονός. Ανεπιθύμητη άρα ωραίο σου. Τι πλέον αρχεία ερωτήσεις προσεκτικά ένα τη.');
INSERT INTO equipment_media (media_id, equipment_id) VALUES ('462', 'equipment_id');
INSERT INTO media (path, description) VALUES ('/media/images/image_dolorem.jpeg', 'Δύο αποφάσισε μέσης περισσότερες φίλος δείξει.
Μιας πιο δίνοντας από. Θα ένα ας στη μέχρι αν χειρότερα. Αποστηθίσει ας χαμηλός ώρα πετούν. Οι βαθμό σου επεξεργασία ιδιαίτερα γραμμής.');
INSERT INTO equipment_media (media_id, equipment_id) VALUES ('463', 'equipment_id');
INSERT INTO media (path, description) VALUES ('/media/images/image_architecto.png', 'Ερωτήσεις σημαντικός και πετούν κάνε υπηρεσία σπίτι. Το γιαυτό διάσημα διολισθήσεις κόψεις αγοράζοντας όχι μέχρι.');
INSERT INTO equipment_media (media_id, equipment_id) VALUES ('464', 'equipment_id');
INSERT INTO media (path, description) VALUES ('/media/images/image_error.jpg', 'Ναι κι μέσης γράψει θα. Πήρε πάντως σταματάς. Γραφικά τις έχω. Κρατήσουν διαπιστώνεις μου παίρνουν.
Της αρέσει επί στις ύψος ροή έρθει πετούν. Διοικητικό παράδειγμα δε δύο.');
INSERT INTO equipment_media (media_id, equipment_id) VALUES ('465', 'equipment_id');
INSERT INTO media (path, description) VALUES ('/media/images/image_in.jpg', 'Ρωτάει ρουτίνα στις χάος άλγεβρα μέρος. Ύψος εργάστηκε κάτι προκύπτουν μας πάντα επιχείριση. Χρησιμοποιώντας τέλειοι προγραμματιστές αποδείξεις διάσημα οι ειδικά προσπαθήσεις.');
INSERT INTO equipment_media (media_id, equipment_id) VALUES ('466', 'equipment_id');
INSERT INTO media (path, description) VALUES ('/media/images/image_quidem.jpg', 'Σημαντικό συνάδελφος κώδικα πιο που αθόρυβες με. Ναι εκτελέσεις πες εγώ.
Χρησιμοποίησέ αρχεία προσοχή δημιουργήσεις. Ύψος ποσοστό σωστά κάτι πετούν ανεπιθύμητη γραμμή. Γραμμή μην άρθρων που.');
INSERT INTO equipment_media (media_id, equipment_id) VALUES ('467', 'equipment_id');
INSERT INTO media (path, description) VALUES ('/media/images/image_repellat.jpg', 'Μας διευθυντές ημέρα μέγιστη έτσι χρησιμοποίησέ πως. Δουλεύει αρχεία συνέχεια από ο. Εντολές στέλνοντάς τοπικές λέει προσεκτικά έστειλε.
Κάνεις μέσης διακόψουμε πάρα.');
INSERT INTO equipment_media (media_id, equipment_id) VALUES ('468', 'equipment_id');
INSERT INTO media (path, description) VALUES ('/media/images/image_quo.jpg', 'Την που ορίστε χαρακτηριστικών πετάνε βαθμό. Βαθμό μας χρειάζονται ευκολότερο οι. Λιγότερο μπουν χρονοδιαγράμματος δεδομένων. Γραμμές αποστηθίσει δοκιμάσεις γράψει πήρε.');
INSERT INTO equipment_media (media_id, equipment_id) VALUES ('469', 'equipment_id');
INSERT INTO media (path, description) VALUES ('/media/images/image_pariatur.png', 'Απλό χαρακτηριστικό συνεχώς νέα έξι φίλος.');
INSERT INTO equipment_media (media_id, equipment_id) VALUES ('470', 'equipment_id');
INSERT INTO media (path, description) VALUES ('/media/images/image_architecto.png', 'Διευθυντές όταν παίξουν έλεγχος και κώδικα συνηθίζουν. Παραπάνω φαινόμενο προϊόντα αν εφαρμογή πηγαίου.');
INSERT INTO equipment_media (media_id, equipment_id) VALUES ('471', 'equipment_id');
INSERT INTO media (path, description) VALUES ('/media/images/image_alias.jpg', 'Πήρε ως δε στο περιμένουν επιδιορθώσεις. Παράγοντες απαράδεκτη μηχανής δε. Μέχρι πετούν πάντως.
Τους απλό συνέχεια εγώ χρησιμοποιούνταν σε διαπιστώνεις διάβασε.');
INSERT INTO equipment_media (media_id, equipment_id) VALUES ('472', 'equipment_id');
INSERT INTO media (path, description) VALUES ('/media/images/image_dolores.jpg', 'Αναφορά προγραμματιστές κάνεις φακέλους παράδειγμα εδώ βιβλίο προσπαθούν. Έτσι έτσι μέσης σου.
Εργαλείων νέα σου προκύπτουν. Αγοράζοντας βγήκε φίλος. Αναγκάζονται άλγεβρα ποια να τις.');
INSERT INTO equipment_media (media_id, equipment_id) VALUES ('473', 'equipment_id');
INSERT INTO media (path, description) VALUES ('/media/images/image_temporibus.png', 'Σημαντικός σχεδιαστής κοιτάζοντας στα νέο. Διευθυντές δούλευε στο στο των.
Δουλεύει κάτι άρα σαν μεταφραστής. Στα μάλλον μερικούς. Διορθώσει προκύπτουν ώρα στα σαν θυμάμαι.
Έξι πρώτο συγχρόνως χάος.');
INSERT INTO equipment_media (media_id, equipment_id) VALUES ('474', 'equipment_id');
INSERT INTO media (path, description) VALUES ('/media/images/image_unde.jpg', 'Κρατήσουν αναφορά τύπους πρόσληψη χρησιμοποιούνταν. Χαρτιού γράψει μας χαρτιού.');
INSERT INTO equipment_media (media_id, equipment_id) VALUES ('475', 'equipment_id');
INSERT INTO media (path, description) VALUES ('/media/images/image_enim.png', 'Κάτι παράδειγμα κόλπα για τεσσαρών ακούσει. Διαπιστώνεις νιρβάνα περιμένουν περίπου.
Εντολές πιο ήδη. Βγήκε την που ατόμου. Παραγωγικής όσο κύκλο επιδιορθώσεις.');
INSERT INTO equipment_media (media_id, equipment_id) VALUES ('476', 'equipment_id');
INSERT INTO media (path, description) VALUES ('/media/images/image_ducimus.jpg', 'Κανείς λέει διολισθήσεις προσπαθήσεις ήδη χώρου εδώ.
Μιας του φράση μαγικά. Επιστρέφουν εκτός πετάνε μάλλον.
Αγοράζοντας του δημιουργια μη σου δημιουργήσεις.');
INSERT INTO equipment_media (media_id, equipment_id) VALUES ('477', 'equipment_id');
INSERT INTO media (path, description) VALUES ('/media/images/image_magnam.jpg', 'Τρέξει και οι δυστυχής χρειάζονται εργαλείων. Ημέρα μεταγλωτίσει μετράει διαπιστώνεις παίξουν. Των χαρακτηριστικό κάνε συνεντεύξεις σε αφήσεις έτσι ίδιο.');
INSERT INTO equipment_media (media_id, equipment_id) VALUES ('478', 'equipment_id');
INSERT INTO media (path, description) VALUES ('/media/images/image_eaque.jpg', 'Θέλεις διοικητικό ότι πλέον πάντως πρώτης. Υόρκη εργοστασίου θα μερικούς σημεία παράγοντες ένας.
Νέα αναφορά μέχρι μεταγλωτιστής φράση ιδιαίτερα. Τέλειοι ποια ήδη στα.');
INSERT INTO equipment_media (media_id, equipment_id) VALUES ('479', 'equipment_id');
INSERT INTO media (path, description) VALUES ('/media/images/image_nostrum.png', 'Από στο έξι πολύ έξι ένα. Τους στα τις τρόποι. Λιγότερο αγοράζοντας ώρα κάτι απόλαυσε πολύ.');
INSERT INTO equipment_media (media_id, equipment_id) VALUES ('480', 'equipment_id');
INSERT INTO media (path, description) VALUES ('/media/images/image_assumenda.png', 'Κώδικα εργάστηκε προσθέσει αναγκάζονται χρονοδιαγράμματα. Κοιτάζοντας εργασίας δουλεύει έγραψες πιο.
Πήρε ναι τελειώσει μην ειδικά. Δε των τους. Μην συγγραφής τη ώρα υπηρεσία εργοστασίου διευθυντές.');
INSERT INTO bed_media (media_id, bed_id) VALUES ('481', 'bed_id');
INSERT INTO media (path, description) VALUES ('/media/images/image_voluptatum.png', 'Απόλαυσε με ανακλύψεις τις συγκεντρωμένοι. Κανείς μη αποθηκευτικού εξαρτάται το γραμμής μιας. Τι χαμηλός ποια μα νόμιζες τους φίλος.');
INSERT INTO bed_media (media_id, bed_id) VALUES ('482', 'bed_id');
INSERT INTO media (path, description) VALUES ('/media/images/image_minima.png', 'Δεν μα θέμα ότι διαδίκτυο. Δύο στη γέλασαν ώρα.
Τι εδώ άλγεβρα. Μέρος επενδυτής ανταγωνιστής ανά στις. Να πρώτο κόψεις άλγεβρα.');
INSERT INTO bed_media (media_id, bed_id) VALUES ('483', 'bed_id');
INSERT INTO media (path, description) VALUES ('/media/images/image_saepe.jpg', 'Ανά δεν πιο εκτελείται φράση δεδομένων. Ναι σημαντικό μην σημεία πάντα χαμηλός τα και. Ίδιο αντιλήφθηκαν λιγότερο δεν κύκλο τη.');
INSERT INTO bed_media (media_id, bed_id) VALUES ('484', 'bed_id');
INSERT INTO media (path, description) VALUES ('/media/images/image_similique.jpg', 'Συγγραφής σίγουρος έγραψες παίρνουν ατόμου λίγο εξοργιστικά. Και φράση χρειάζονται σας αποστηθίσει κι μας. Απομόνωση συγγραφής διολισθήσεις πάρεις απομόνωση.');
INSERT INTO bed_media (media_id, bed_id) VALUES ('485', 'bed_id');
INSERT INTO media (path, description) VALUES ('/media/images/image_aliquid.jpg', 'Εδώ τρέξει χαμηλός συγχρόνως. Πάρεις εκθέσεις παραγωγικής λίγο. Τεκμηριώνει κανείς ημέρα διακοπής. Γραμμές ο ίδιο αν.');
INSERT INTO bed_media (media_id, bed_id) VALUES ('486', 'bed_id');
INSERT INTO media (path, description) VALUES ('/media/images/image_consequuntur.png', 'Τέλειοι πηγαίου τον αναφέρονται εφαρμογής προγραμματιστές δε. Του εκτός αρέσει ώρα εκτός.
Πως βουτήξουν αντιλήφθηκαν στέλνοντάς. Δεν μεταγλωτιστής ποια πρόσληψη βιβλίο διακόψουμε.
Για εκθέσεις τη.');
INSERT INTO bed_media (media_id, bed_id) VALUES ('487', 'bed_id');
INSERT INTO media (path, description) VALUES ('/media/images/image_aliquam.png', 'Εταιρείες μάλλον χρησιμοποιούσες προκύπτουν.');
INSERT INTO bed_media (media_id, bed_id) VALUES ('488', 'bed_id');
INSERT INTO media (path, description) VALUES ('/media/images/image_quidem.jpeg', 'Αναγκάζονται ταξινομεί ρωτάει με. Ειδικά ότι συγγραφής μπορούσες εργασίας έστειλε. Παίρνει παράδειγμα το βάζοντας κανένας δυστυχής.');
INSERT INTO bed_media (media_id, bed_id) VALUES ('489', 'bed_id');
INSERT INTO media (path, description) VALUES ('/media/images/image_voluptatibus.png', 'Βιαστικά ανά πάντα χρησιμοποιούσες μάθε πάντα. Κώδικα κειμένων νέων το σκεφτείς εργαλείων.
Παραδοτέου παραπάνω πόρτες γράψει τον δοκιμάσεις μηχανής επί. Σημεία χρειάζονται και λίγο χρησιμοποιώντας.');
INSERT INTO bed_media (media_id, bed_id) VALUES ('490', 'bed_id');
INSERT INTO media (path, description) VALUES ('/media/images/image_laboriosam.jpeg', 'Αλγόριθμου τελειώσει σημαντικός χαρτιού βρίσκονται επιδιόρθωση φακέλους. Συνεχώς σίγουρος τα. Τα ήδη να διολισθήσεις επί φίλος για παράδειγμα.');
INSERT INTO bed_media (media_id, bed_id) VALUES ('491', 'bed_id');
INSERT INTO media (path, description) VALUES ('/media/images/image_dignissimos.jpeg', 'Σε ερωτήσεις λέει με εγώ παραδοτέου κι. Συγχρόνως δεδομένων πηγαίου λοιπόν πετάνε χάος.
Λοιπόν δουλεύει δύο απίστευτα παράγοντες κρατήσουν έχω εγώ. Επί πιο βιαστικά αυτήν πρώτης αφήσεις κάνε γνωστή.');
INSERT INTO bed_media (media_id, bed_id) VALUES ('492', 'bed_id');
INSERT INTO media (path, description) VALUES ('/media/images/image_dicta.png', 'Κι στέλνοντάς γέλασαν ανά παραδοτέου ένα. Χρόνου τα χάος έτοιμος πλέον δοκιμάσεις σχεδιαστής. Γειτονιάς αφήσεις αποφάσισε οι το το.');
INSERT INTO bed_media (media_id, bed_id) VALUES ('493', 'bed_id');
INSERT INTO media (path, description) VALUES ('/media/images/image_totam.png', 'Πετάνε εργάστηκε έχω άλγεβρα που δωροδοκηθούν χαρτιού. Σωστά αντιλήφθηκαν ποια ανά. Αποδείξεις φακέλους κάτι μη σχεδιαστής στις δύο.');
INSERT INTO bed_media (media_id, bed_id) VALUES ('494', 'bed_id');
INSERT INTO media (path, description) VALUES ('/media/images/image_saepe.jpeg', 'Παραδώσεις όταν ποια εκείνου εξαρτάται τους. Το κι προκύπτουν ξέχασε κλπ γραφικά ας. Ποια πρώτο πάρα να κύκλο κανένας.');
INSERT INTO bed_media (media_id, bed_id) VALUES ('495', 'bed_id');
INSERT INTO media (path, description) VALUES ('/media/images/image_rerum.png', 'Άπειρα ο πάντα κώδικάς μέρος. Συνεχώς εγώ μέγιστη διοικητικό μέχρι μια.');
INSERT INTO bed_media (media_id, bed_id) VALUES ('496', 'bed_id');
INSERT INTO media (path, description) VALUES ('/media/images/image_atque.jpg', 'Βιαστικά γειτονιάς κώδικάς ως. Καλύτερο τον χάος διακοπή εξοργιστικά αρέσει εφαρμογής. Καταλάθος συνεχώς κάτι εκθέσεις μα.
Ότι ναι ρωτάει γραμμής ένας. Επί πλέον περιεχόμενα δείξει πολύ μιας ξέχασε.');
INSERT INTO bed_media (media_id, bed_id) VALUES ('497', 'bed_id');
INSERT INTO media (path, description) VALUES ('/media/images/image_distinctio.png', 'Ως τις δε στραβά πάρα έτσι να. Συνηθίζουν έχω με ξέχασε σαν. Προσπαθούν μεταγλωτίσει ήδη κώδικάς πιο σωστά.
Εξακολουθεί να το δείξει κάνεις στη. Βγήκε ανεπιθύμητη ο πες ας.');
INSERT INTO room_media (media_id, room_id) VALUES ('498', 'room_id');
INSERT INTO media (path, description) VALUES ('/media/images/image_et.png', 'Ήδη μέχρι είχαμε πετάξαμε λιγότερο δίνοντας. Με στραβά στο πως έλεγχος.');
INSERT INTO room_media (media_id, room_id) VALUES ('499', 'room_id');
INSERT INTO media (path, description) VALUES ('/media/images/image_reiciendis.jpg', 'Ότι διακοπή μα κανείς.
Ύψος εγώ στέλνοντάς. Επί με απίστευτα παίρνει νιρβάνα. Είχαμε αρέσει απόλαυσε στο μέσης στα.');
INSERT INTO room_media (media_id, room_id) VALUES ('500', 'room_id');
INSERT INTO media (path, description) VALUES ('/media/images/image_neque.png', 'Φακέλους στα βασανίζουν όταν ερώτηση δε μέχρι. Αποδείξεις έτσι αποφάσισε μην.
Γραμμής λοιπόν μάθε ειδικά συνεχώς θέμα γειτονιάς. Διακοπή να αντιλήφθηκαν τη έρθει.');
INSERT INTO room_media (media_id, room_id) VALUES ('501', 'room_id');
INSERT INTO media (path, description) VALUES ('/media/images/image_inventore.png', 'Υποψήφιο πακέτων ρωτήσει. Στήλες αρέσει μην σκεφτείς. Διαπιστώνεις διάβασε ατόμου ποια.
Μέχρι ανταγωνιστής δημιουργια έχω επενδυτής. Τρόπο ερώτηση χαρακτηριστικό κάνε άπειρα διαπιστώνεις.');
INSERT INTO room_media (media_id, room_id) VALUES ('502', 'room_id');
INSERT INTO media (path, description) VALUES ('/media/images/image_eum.png', 'Ανά ποσοστό αναφορά ερώτηση πετούν.
Αφήσεις τι θα κόψεις. Από συγχωνευτεί όταν να κόλπα οι παράγοντες. Σε κάτι αφήσεις εκτός στη κι.');
INSERT INTO room_media (media_id, room_id) VALUES ('503', 'room_id');
INSERT INTO media (path, description) VALUES ('/media/images/image_saepe.jpg', 'Ποσοστό εργάστηκε έχω κλπ. Βασανίζουν αποκλειστικούς προβληματική συγχρόνως κι. Ανώδυνη των μηχανής.');
INSERT INTO room_media (media_id, room_id) VALUES ('504', 'room_id');
INSERT INTO media (path, description) VALUES ('/media/images/image_magni.png', 'Νέου τι δε. Και συνέχεια υψηλότερη των τη κόλπα σαν.
Αποφάσισε μάθε κόλπα μέγιστη. Κάνεις βουτήξουν αποφάσισε σου έλεγχος. Πρόσληψη σε γεύματος νόμιζες. Κάτι δουλεύει παραγωγικής άρα.');
INSERT INTO room_media (media_id, room_id) VALUES ('505', 'room_id');
INSERT INTO media (path, description) VALUES ('/media/images/image_ex.jpg', 'Δημιουργείς άτομο όχι ρωτήσει διαπιστώνεις επί επιδιόρθωση. Συνάδελφος ποια σπίτι διακοπή πρώτης. Έχω επί ρωτήσει δύο έχω ας εγώ χειρότερα.');
INSERT INTO room_media (media_id, room_id) VALUES ('506', 'room_id');
INSERT INTO media (path, description) VALUES ('/media/images/image_officia.jpeg', 'Δημιουργήσεις νέου από νέων εκτελέσει.
Αποστηθίσει άρα όχι ας σίγουρος σχεδιαστής ίδιο. Ανά επιστρέφουν μετρήσεις άρα. Μπουν ροή αθόρυβες ακούσει.');
INSERT INTO room_media (media_id, room_id) VALUES ('507', 'room_id');
INSERT INTO media (path, description) VALUES ('/media/images/image_libero.png', 'Σταματάς και διαδίκτυο. Περισσότερη προκύπτουν ήδη έτοιμος.
Τι εργοστασίου πάρα μην λοιπόν. Από έρθει γραμμές σας δεν βουτήξουν. Κλπ βρίσκονται πετάξαμε εργασίας.');
INSERT INTO room_media (media_id, room_id) VALUES ('508', 'room_id');
INSERT INTO media (path, description) VALUES ('/media/images/image_sequi.jpeg', 'Αυτήν συνεχώς συγχρόνως άρα της. Για ένα αρχεία έτοιμος.
Υποψήφιο στις μέρος θέλεις. Των διορθώσει χρησιμοποιούνταν αποδείξεις. Μεταφραστής με έρθει περιβάλλοντος πάντα όταν αφήσεις μια.');
INSERT INTO room_media (media_id, room_id) VALUES ('509', 'room_id');
INSERT INTO media (path, description) VALUES ('/media/images/image_praesentium.jpg', 'Μιας λοιπόν πλέον διορθώσει εδώ. Πρώτοι επιδιόρθωση μεταφραστής προσπαθήσεις μιας σταματάς.');
INSERT INTO room_media (media_id, room_id) VALUES ('510', 'room_id');
INSERT INTO media (path, description) VALUES ('/media/images/image_nesciunt.png', 'Ξέχασε σχεδιαστής μιας. Δε απίστευτα επί αλγόριθμου.
Αποστηθίσει πεδία κανένας κόλπα εκθέσεις εκδόσεις. Ένα νέου εφαμοργής από.');
INSERT INTO room_media (media_id, room_id) VALUES ('511', 'room_id');
INSERT INTO media (path, description) VALUES ('/media/images/image_velit.jpeg', 'Ναι υπηρεσία βιαστικά στραβά. Ερωτήσεις γεύματος εκθέσεις δημιουργια. Τεκμηριώνει ποια πάντα προσεκτικά έστειλε εκτός το.');
INSERT INTO room_media (media_id, room_id) VALUES ('512', 'room_id');
INSERT INTO media (path, description) VALUES ('/media/images/image_eius.jpg', 'Άπειρα κοιτάζοντας χρονοδιαγράμματα πολύ εδώ απαραίτητο για. Γραμμή φαινόμενο μη κάνεις παραδοτέου σε. Έξι της γεύματος του εφαρμογής. Μεταφραστής μια πάντα ένα έρθει.');
INSERT INTO room_media (media_id, room_id) VALUES ('513', 'room_id');
INSERT INTO media (path, description) VALUES ('/media/images/image_nulla.jpeg', 'Δουλεύει ρουτίνα σε κάτι. Αγοράζοντας νέων προκύπτουν ίδιο.
Αρχεία ας μα γειτονιάς πακέτων. Έστελνε απλό τα φαινόμενο. Τρόπο έχω όταν. Έξι κώδικάς λοιπόν πάντως οι.');
INSERT INTO room_media (media_id, room_id) VALUES ('514', 'room_id');
INSERT INTO media (path, description) VALUES ('/media/images/image_numquam.jpeg', 'Τύπου απλό επιστρέφουν στα ας.
Για φράση δύο ειδικά εσωτερικών της απόλαυσε. Συγγραφής άρα κώδικάς περίπου.
Της πάντως λιγότερο υόρκη βγήκε. Από ανά παίξουν. Της διακόψουμε αρχεία.');
INSERT INTO room_media (media_id, room_id) VALUES ('515', 'room_id');
INSERT INTO media (path, description) VALUES ('/media/images/image_magnam.png', 'Μέγιστη έτσι εικόνες βαθμό δε. Κάτι οι διευθυντές κώδικα ίδιο δύο γεύματος δυστυχής. Πετάνε βιβλίο παίρνει από τον θυμάμαι.');
INSERT INTO room_media (media_id, room_id) VALUES ('516', 'room_id');
INSERT INTO media (path, description) VALUES ('/media/images/image_veritatis.png', 'Συγχωνευτεί για κανόνα στο μια. Χρονοδιαγράμματα εφαμοργής διακοπής διακοπή προγραμματιστής. Μεταγλωτιστής εκείνου τις μιας.');
INSERT INTO room_media (media_id, room_id) VALUES ('517', 'room_id');
INSERT INTO media (path, description) VALUES ('/media/images/image_deserunt.png', 'Εικόνες τις βιαστικά πως.
Σαν διακοπής του. Συγχρόνως αποστηθίσει φαινόμενο λετπά νέου με. Των ας συγχρόνως μηχανής.');
INSERT INTO room_media (media_id, room_id) VALUES ('518', 'room_id');
INSERT INTO media (path, description) VALUES ('/media/images/image_repellendus.png', 'Σκεφτείς δεν φίλος. Απόλαυσε ως τις λιγότερο εκθέσεις να. Ένα απαραίτητο κι επιδιορθώσεις παίρνουν αν γνωστή. Αντιλήφθηκαν μπουν έχω απαραίτητο δύο δυστυχώς πάρεις σημεία.');
INSERT INTO room_media (media_id, room_id) VALUES ('519', 'room_id');
INSERT INTO media (path, description) VALUES ('/media/images/image_possimus.png', 'Προσπαθούν επί κόλπα ένας κειμένων τεκμηριώνει. Εκτελέσεις πάντα όχι πολύ παραπάνω είχαμε σαν. Χρόνου δωροδοκηθούν τύπου άρθρων σωστά αρέσει.');
INSERT INTO room_media (media_id, room_id) VALUES ('520', 'room_id');
INSERT INTO media (path, description) VALUES ('/media/images/image_commodi.jpg', 'Διαπιστώνεις μάλλον προσθέσει πολύ περισσότερη. Αναγκάζονται φακέλους απομόνωση πρώτο.');
INSERT INTO room_media (media_id, room_id) VALUES ('521', 'room_id');
INSERT INTO media (path, description) VALUES ('/media/images/image_officiis.jpg', 'Σαν αντιλήφθηκαν τελειώσει παίξουν χειρότερα δίνοντας.
Προγραμματιστής ροή εξοργιστικά ο ο διαδίκτυο. Τα πιο χαμηλός πρώτο χάος.');
INSERT INTO room_media (media_id, room_id) VALUES ('522', 'room_id');
INSERT INTO media (path, description) VALUES ('/media/images/image_cumque.png', 'Εκτός μπορούσες ποσοστό μιας έτσι συγκεντρωμένοι διαδίκτυο. Εφαρμογής άπειρα μηχανής προσθέσει. Μέχρι μας ίδιο δοκιμάσεις αποστηθίσει διορθώσεις. Πάντως ανταγωνιστής ροή.');
INSERT INTO room_media (media_id, room_id) VALUES ('523', 'room_id');
INSERT INTO media (path, description) VALUES ('/media/images/image_sapiente.png', 'Από εδώ οι αποθηκευτικού βγήκε τα. Χρησιμοποίησέ σπίτι σαν απαραίτητο ποια δε προκαλείς κι. Γνωρίζουμε σχεδιαστής μάθε έτσι εξακολουθεί.');
INSERT INTO room_media (media_id, room_id) VALUES ('524', 'room_id');
INSERT INTO media (path, description) VALUES ('/media/images/image_quaerat.png', 'Άτομο προσπαθήσεις ποσοστό παράγοντες μην εργασίας απλό. Έχω αναγκάζονται πάντα επιχείριση να στη μαγικά.
Προγραμματιστές ρουτίνα μου της. Όσο δύο πετάξαμε καλύτερο.');
INSERT INTO room_media (media_id, room_id) VALUES ('525', 'room_id');
INSERT INTO media (path, description) VALUES ('/media/images/image_architecto.png', 'Μεταγλωτιστής τεσσαρών πόρτες κρατάει οι ώρα έστειλε. Εξακολουθεί της παραγωγικής γράψει υπηρεσία. Παραπάνω σκεφτείς κάτι ζητήσεις για.');
INSERT INTO room_media (media_id, room_id) VALUES ('526', 'room_id');
INSERT INTO media (path, description) VALUES ('/media/images/image_occaecati.jpeg', 'Αποστηθίσει αρέσει σαν αρέσει ακούσει πάρεις εδώ. Μεταγλωτίσει αποστηθίσει τα νέων πάντα.
Με πάρα έγραψες αν πιο ήδη. Έξι αποκλειστικούς χώρου αγοράζοντας.');
INSERT INTO room_media (media_id, room_id) VALUES ('527', 'room_id');
INSERT INTO media (path, description) VALUES ('/media/images/image_ducimus.jpeg', 'Απαραίτητο εκτός και από εργαζόμενων. Περισσότερες λοιπόν προκαλείς νέων έστειλε μπουν. Νέα μιας τύπου εφαρμογή εγώ προσπαθούν στήλες.
Στο λέει και επεξεργασία. Απίστευτα βάζοντας όσο στήλες.');
INSERT INTO room_media (media_id, room_id) VALUES ('528', 'room_id');
INSERT INTO media (path, description) VALUES ('/media/images/image_in.png', 'Κι χρησιμοποιούνταν σημεία. Του πιο εργάστηκε περισσότερη μια κι.');
INSERT INTO room_media (media_id, room_id) VALUES ('529', 'room_id');
INSERT INTO media (path, description) VALUES ('/media/images/image_eligendi.jpeg', 'Σημεία δεν βρίσκονται προγραμματιστής θέλεις. Κανένας των ακούσει χαρακτηριστικών. Νόμιζες εκείνου κι θα διαχειριστής πιο.
Πετάξαμε κρατάει χρόνου που δύο των μιας.');
INSERT INTO room_media (media_id, room_id) VALUES ('530', 'room_id');
INSERT INTO media (path, description) VALUES ('/media/images/image_fuga.jpeg', 'Προσπαθήσεις σου με του θα συνέχεια. Απλό βιβλίο και τρέξει φίλος ώρα ας όταν.
Καλύτερο ο την δημιουργήσεις. Ίδιο αλγόριθμου μετράει της.');
INSERT INTO room_media (media_id, room_id) VALUES ('531', 'room_id');
INSERT INTO media (path, description) VALUES ('/media/images/image_vitae.png', 'Γεύματος πρώτο εγώ συγχρόνως. Αναφέρονται εντολές χρησιμοποίησέ τις οι γραφικά. Νόμιζες προσεκτικά ύψος που.
Διολισθήσεις μας ήδη στη. Πρώτο μα χαρακτηριστικό χρησιμοποιούνταν σου ημέρα.');
INSERT INTO room_media (media_id, room_id) VALUES ('532', 'room_id');
INSERT INTO media (path, description) VALUES ('/media/images/image_qui.jpeg', 'Τελειώσει γράψει κανείς αντιλήφθηκαν φαινόμενο τέλειοι. Επιδιορθώσεις πολύ τα πάντα επιδιόρθωση παίξουν. Διαχειριστής παραδώσεις σταματάς. Σε συγγραφείς μου εκτός αποδείξεις όσο περισσότερη.');
INSERT INTO room_media (media_id, room_id) VALUES ('533', 'room_id');
INSERT INTO media (path, description) VALUES ('/media/images/image_rem.jpg', 'Ήδη έρθει εφαρμογή κλπ. Συγγραφής συγκεντρωμένοι διαχειριστής έχω ήδη προσλάμβανες ωραίο.
Γέλασαν έξι εδώ βρίσκονται κειμένων τα νέου. Εργαζόμενοι του κι ο μας παίρνει.');
INSERT INTO room_media (media_id, room_id) VALUES ('534', 'room_id');
INSERT INTO media (path, description) VALUES ('/media/images/image_laboriosam.png', 'Λέει τρόποι αποφάσισε προβληματική πρώτο ναι άτομο. Μια δύο ρουτίνα εργαλείων που διολισθήσεις ζητήσεις. Όχι εκτελέσει αλγόριθμου μου.');
INSERT INTO room_media (media_id, room_id) VALUES ('535', 'room_id');
INSERT INTO media (path, description) VALUES ('/media/images/image_beatae.jpeg', 'Πιο εξοργιστικά διάσημα ότι δυστυχώς πολύ νέα. Προκαλείς έτσι χάος αυτός πάρεις. Ατόμου πως βαθμό αθόρυβες.');
INSERT INTO room_media (media_id, room_id) VALUES ('536', 'room_id');
INSERT INTO media (path, description) VALUES ('/media/images/image_sint.png', 'Κανένας πάντως πρόσληψη και. Αν της εργαλείων ίδιο ίδιο. Διάβασε κανείς των. Χρόνου αναφέρονται πάρα αποκλειστικούς εκτελέσεις θα.');
INSERT INTO room_media (media_id, room_id) VALUES ('537', 'room_id');
INSERT INTO media (path, description) VALUES ('/media/images/image_officia.jpeg', 'Αποκλειστικούς δεν άλγεβρα ερώτηση καταλάθος τεκμηριώνει. Τους αντιλήφθηκαν δοκιμάσεις κανείς.
Προσπαθούν δυστυχώς στη καταλάθος τύπου. Υψηλότερη εκδόσεις φακέλους κι παραδοτέου πολύ.');
INSERT INTO room_media (media_id, room_id) VALUES ('538', 'room_id');
INSERT INTO media (path, description) VALUES ('/media/images/image_ipsa.png', 'Μιας παίρνουν μέγιστη προϊόντα πρώτο σημεία νέων. Υποψήφιο παράδειγμα συνεντεύξεις χρονοδιαγράμματα έρθει αθόρυβες. Όταν χαρτιού αυτήν μηχανής.');
INSERT INTO room_media (media_id, room_id) VALUES ('539', 'room_id');
INSERT INTO media (path, description) VALUES ('/media/images/image_alias.png', 'Χρονοδιαγράμματος γραμμές γιαυτό φράση ο. Δίνοντας πόρτες θέμα εργαλείων προσλάμβανες.');
INSERT INTO room_media (media_id, room_id) VALUES ('540', 'room_id');
INSERT INTO media (path, description) VALUES ('/media/images/image_aut.jpg', 'Χαμηλός κόλπα δυστυχώς πλέον από. Κώδικάς απίστευτα πλέον δε πιο. Έγραψες από και. Ακούσει γνωστή πάντως και.');
INSERT INTO room_media (media_id, room_id) VALUES ('541', 'room_id');
INSERT INTO media (path, description) VALUES ('/media/images/image_cum.jpg', 'Ανταγωνιστής δεδομένων κάτι λίγο. Εκτός ρωτήσει έχω. Θέματα απαραίτητο δεν ως προβληματική μέγιστη βγήκε των. Για φακέλους λοιπόν αλγόριθμου.');
INSERT INTO room_media (media_id, room_id) VALUES ('542', 'room_id');
INSERT INTO media (path, description) VALUES ('/media/images/image_eius.jpeg', 'Κύκλο ναι κλπ κανείς. Πάντως θα κόλπα εγώ.
Άρα λιγότερο πες ήδη σε προσπαθούν. Πλέον δυστυχής παίρνουν όχι.');
INSERT INTO room_media (media_id, room_id) VALUES ('543', 'room_id');
INSERT INTO media (path, description) VALUES ('/media/images/image_est.png', 'Μέρος μέρος κλπ αποκλειστικούς δυστυχώς είχαμε. Παίξουν επιδιόρθωση ένα θέμα πάντως εργοστασίου μεταγλωτίσει.');
INSERT INTO room_media (media_id, room_id) VALUES ('544', 'room_id');
INSERT INTO media (path, description) VALUES ('/media/images/image_nostrum.png', 'Επί χαμηλός θα δυστυχώς. Απαράδεκτη αναφορά προσοχή ότι. Οι συνηθίζουν περιβάλλον αποφάσισε διαπιστώνεις τύπους κόλπα. Δημιουργια διευθυντές τη.');
INSERT INTO room_media (media_id, room_id) VALUES ('545', 'room_id');
INSERT INTO media (path, description) VALUES ('/media/images/image_quas.jpeg', 'Δεν ίδιο έτσι διάβασε στέλνοντάς δύο κι. Χειρότερα έστειλε χρειάζονται πάντως αυτήν εφαρμογής. Ερωτήσεις νόμιζες τον συνέχεια ποσοστό πετάξαμε πιο.');
INSERT INTO room_media (media_id, room_id) VALUES ('546', 'room_id');
INSERT INTO media (path, description) VALUES ('/media/images/image_debitis.png', 'Ύψος δύο πάρεις μια προσπαθούν εργοστασίου αρέσει. Μάθε σου αποκλειστικούς ας. Αναγκάζονται ευκολότερο ένα διολισθήσεις.');
INSERT INTO room_media (media_id, room_id) VALUES ('547', 'room_id');
INSERT INTO media (path, description) VALUES ('/media/images/image_alias.jpeg', 'Ένας έτσι πλέον διακοπής αναφορά δεν. Άπειρα εδώ κάνεις οι αγοράζοντας την.
Δυστυχώς πετάξαμε απίστευτα γραμμής στραβά. Πως πόρτες πάρεις κόψεις μας βασανίζουν. Αναφορά δε νόμιζες έτσι.');
INSERT INTO room_media (media_id, room_id) VALUES ('548', 'room_id');
INSERT INTO media (path, description) VALUES ('/media/images/image_reiciendis.jpeg', 'Μαγικά ένας εξαρτάται χρονοδιαγράμματα έλεγχος μαγικά. Δε υπηρεσία ναι ανά καλύτερο εργαζόμενων τεσσαρών έχω. Πάρεις σε νέο σημεία βαθμό.');
INSERT INTO room_media (media_id, room_id) VALUES ('549', 'room_id');
INSERT INTO media (path, description) VALUES ('/media/images/image_aut.jpg', 'Είχαμε γράψει ύψος την. Γιαυτό τις την κύκλο σημεία τις αφήσεις βαθμό.
Τις τις θέλεις ερωτήσεις τα που. Τρόπο των άρα που.');
INSERT INTO room_media (media_id, room_id) VALUES ('550', 'room_id');
INSERT INTO media (path, description) VALUES ('/media/images/image_repellendus.jpeg', 'Βρίσκονται δε ως πολύ επιστρέφουν εκτελέσεις όταν. Κώδικάς πλέον τύπου πετάνε. Μην δημιουργήσεις συγκεντρωμένοι όσο.
Πήρε αθόρυβες ανακλύψεις σας δύο. Φράση έχω πάντως εδώ στα τις είχαμε.');
INSERT INTO room_media (media_id, room_id) VALUES ('551', 'room_id');
INSERT INTO media (path, description) VALUES ('/media/images/image_aperiam.jpeg', 'Μιας από διασφαλίζεται ο. Πάρα παράγοντες το.
Ρωτήσει προκύπτουν για πλέον που που. Τον ύψος μια συγγραφείς χρησιμοποιώντας. Διασφαλίζεται προσθέσει υποψήφιο.');
INSERT INTO room_media (media_id, room_id) VALUES ('552', 'room_id');
INSERT INTO media (path, description) VALUES ('/media/images/image_beatae.jpeg', 'Τον περισσότερες άλγεβρα βασανίζουν καταλάθος ξέχασε. Δημιουργείς δυστυχώς δεν μπορούσες εξαρτάται πετάνε.
Μας πρόσληψη πήρε πόρτες διάσημα. Ευκολότερο έξι συνέχεια μέχρι πετάνε.');
INSERT INTO room_media (media_id, room_id) VALUES ('553', 'room_id');
INSERT INTO media (path, description) VALUES ('/media/images/image_pariatur.png', 'Επί εκτελέσει φακέλους ανά άλγεβρα σπίτι μα. Τους εφαρμογής μου τις ανά δοκιμάσεις εγώ. Των όσο νιρβάνα άλγεβρα. Αρχεία αθόρυβες αρχεία.
Σου ερώτηση την προσθέσει δημιουργείς. Δυστυχώς ας διακοπή.');
INSERT INTO room_media (media_id, room_id) VALUES ('554', 'room_id');
INSERT INTO media (path, description) VALUES ('/media/images/image_sunt.jpg', 'Χαρακτηριστικών ανταγωνιστής σίγουρος βγήκε ζητήσεις τον. Έγραψες μερικούς διαπιστώνεις τύπου περισσότερη.');
INSERT INTO room_media (media_id, room_id) VALUES ('555', 'room_id');
INSERT INTO media (path, description) VALUES ('/media/images/image_id.jpg', 'Εκτός μάλλον γεύματος ένα θυμάμαι αρέσει παραπάνω. Έχω δεδομένων εκτός κοιτάζοντας. Την βασανίζουν εργοστασίου λέει οι πήρε.');
INSERT INTO room_media (media_id, room_id) VALUES ('556', 'room_id');
INSERT INTO media (path, description) VALUES ('/media/images/image_rerum.jpg', 'Όταν δε έτσι ύψος εγώ. Μου συνεντεύξεις μου σου διολισθήσεις μου να άρα.');
INSERT INTO room_media (media_id, room_id) VALUES ('557', 'room_id');
INSERT INTO media (path, description) VALUES ('/media/images/image_accusantium.png', 'Χαρακτηριστικών έρθει ορίστε παράγοντες σαν. Ποσοστό χειρότερα ο κάτι χρησιμοποιούνταν. Σημεία εδώ στέλνοντάς ποια κι.
Πιο εγώ αλγόριθμου στο θυμάμαι. Υόρκη που εξακολουθεί γραφικά όταν.');
INSERT INTO room_media (media_id, room_id) VALUES ('558', 'room_id');
INSERT INTO media (path, description) VALUES ('/media/images/image_autem.jpeg', 'Όχι εγώ σημαντικό. Έτσι της τέλειοι ωραίο αγοράζοντας δεν έλεγχος. Στο πρώτοι λιγότερο ήδη νέο.
Εκτός μη επιστρέφουν. Χάος κώδικα πλέον πάντως κόψεις κι. Ανώδυνη εγώ ανά στραβά με.');
INSERT INTO room_media (media_id, room_id) VALUES ('559', 'room_id');
INSERT INTO media (path, description) VALUES ('/media/images/image_soluta.jpg', 'Ωραίο μέχρι βαθμό εξοργιστικά μιας σίγουρος κρατήσουν. Χρονοδιαγράμματος ξέχασε λοιπόν λαμβάνουν. Ίδιο πιο ξέχασε στα μη. Επιδιορθώσεις αποστηθίσει δυστυχής θέμα σπίτι κοιτάζοντας.');
INSERT INTO room_media (media_id, room_id) VALUES ('560', 'room_id');
INSERT INTO media (path, description) VALUES ('/media/images/image_voluptates.png', 'Κρατάει τα στις σχεδιαστής αναφορά χρόνου. Να τα από μέσης. Απομόνωση για κάτι τι δυστυχώς απαρατήρητο έχω.');
INSERT INTO room_media (media_id, room_id) VALUES ('561', 'room_id');
INSERT INTO media (path, description) VALUES ('/media/images/image_nemo.png', 'Βουτήξουν σε άρθρων πολύ σε διάβασε. Διακοπής επιστρέφουν άρα σωστά. Της ρωτήσει ώρα επί. Νέων έχω δε μετράει ποια εκτελέσει.');
INSERT INTO room_media (media_id, room_id) VALUES ('562', 'room_id');
INSERT INTO media (path, description) VALUES ('/media/images/image_mollitia.jpg', 'Συγχρόνως για μπορούσες τέλειοι πρώτο κάτι. Δε έξι που ταξινομεί. Πολύ σαν ανά διορθώσει μας.');
INSERT INTO room_media (media_id, room_id) VALUES ('563', 'room_id');
INSERT INTO media (path, description) VALUES ('/media/images/image_distinctio.png', 'Στέλνοντάς νέα όχι όσο δοκιμάσεις συγγραφείς τρόπο. Προβληματική δίνοντας προϊόντα συγγραφείς επιδιορθώσεις.
Επί γεύματος σπίτι. Άλγεβρα θέματα πολύ μεταγλωτιστής μας.');
INSERT INTO room_media (media_id, room_id) VALUES ('564', 'room_id');
INSERT INTO media (path, description) VALUES ('/media/images/image_dolore.jpeg', 'Λίγο αναφέρονται πως από κλπ. Γραμμές τέλειοι ανά βγήκε. Των βγήκε πάντως απλό πάντα σχεδιαστής αν. Μάλλον νέα πόρτες προϊόντα παράδειγμα απλό ποια.');
INSERT INTO room_media (media_id, room_id) VALUES ('565', 'room_id');
INSERT INTO media (path, description) VALUES ('/media/images/image_velit.jpeg', 'Διαχειριστής στήλες προκύπτουν μάτσο περιεχόμενα παράδειγμα άτομο μα.
Δίνοντας δίνοντας μιας για. Τελειώσει χειρότερα δημιουργήσεις.');
INSERT INTO room_media (media_id, room_id) VALUES ('566', 'room_id');
INSERT INTO media (path, description) VALUES ('/media/images/image_sequi.jpeg', 'Παραγωγικής ανά γνωστή σαν μεταγλωτίσει εικόνες. Χαρτιού τελειώσει πετάξαμε κι.
Μέρος ερωτήσεις ωραίο διάσημα περισσότερες. Αναφορά ανακλύψεις παραπάνω φράση. Μια έχω ωραίο σταματάς αρέσει.');
INSERT INTO room_media (media_id, room_id) VALUES ('567', 'room_id');
INSERT INTO media (path, description) VALUES ('/media/images/image_odit.jpeg', 'Παραδώσεις κανείς ότι. Ορίστε εντολές σπίτι έξι. Πάντα όταν ανακλύψεις κοιτάζοντας υψηλότερη βασανίζουν μου. Χρησιμοποιούνταν μαγικά δύο βιαστικά ως.');
INSERT INTO room_media (media_id, room_id) VALUES ('568', 'room_id');
INSERT INTO media (path, description) VALUES ('/media/images/image_aliquid.jpg', 'Γεύματος πεδία σαν κόψεις δύο. Των τις φράση. Πλέον επί συνεντεύξεις τοπικές σε.
Δοκιμάσεις μπουν έχω. Αποκλειστικούς προσθέσει στραβά περίπου από έτσι για. Αποστηθίσει πάντως χαρακτηριστικών.');
INSERT INTO room_media (media_id, room_id) VALUES ('569', 'room_id');
INSERT INTO media (path, description) VALUES ('/media/images/image_saepe.png', 'Μπορούσες πάρεις ναι όχι εφαμοργής. Περισσότερες νέου κάνεις ερωτήσεις. Αναφέρονται μου παραγωγικής τη πακέτων κανείς στο ανεπιθύμητη.
Ταξινομεί επιδιόρθωση εγώ. Άρα έλεγχος δεν απλό.');
INSERT INTO room_media (media_id, room_id) VALUES ('570', 'room_id');
INSERT INTO media (path, description) VALUES ('/media/images/image_sint.jpeg', 'Καταλάθος δημιουργείς έτσι αρέσει. Θα μηχανής νέο πάντα μάτσο με τις.
Ρωτάει τρέξει το κοιτάζοντας ήδη κι. Ρωτάει έξι κανόνα συγγραφείς ύψος.');
INSERT INTO room_media (media_id, room_id) VALUES ('571', 'room_id');
INSERT INTO media (path, description) VALUES ('/media/images/image_quasi.jpeg', 'Μέχρι ίδιο διολισθήσεις του πετούν. Ένας σχεδιαστής ζητήσεις βρίσκονται. Πρώτο απομόνωση παραπάνω έτοιμος νόμιζες δείξει. Διακόψουμε ο ελέγχου αντιλήφθηκαν δουλεύει.');
INSERT INTO room_media (media_id, room_id) VALUES ('572', 'room_id');
INSERT INTO media (path, description) VALUES ('/media/images/image_numquam.png', 'Πάρεις διαχειριστής ειδικά άρα έρθει. Έτσι τους μπορούσες πλέον τα.
Νέου δύο κρατήσουν των διαφήμιση έχω να. Γιαυτό χρησιμοποίησέ δημιουργήσεις διοικητικό.');
INSERT INTO room_media (media_id, room_id) VALUES ('573', 'room_id');
INSERT INTO media (path, description) VALUES ('/media/images/image_corporis.png', 'Βιβλίο δεδομένων ότι. Πάρα έξι αποστηθίσει ότι πεδία.
Χρησιμοποιούσες υποψήφιο έξι χρονοδιαγράμματος. Τεσσαρών ένα κειμένων. Ως κόλπα συγχωνευτεί προσοχή πιο πρώτης.');
INSERT INTO room_media (media_id, room_id) VALUES ('574', 'room_id');
INSERT INTO media (path, description) VALUES ('/media/images/image_neque.png', 'Τρόπο έλεγχος διορθώσεις κάτι διακόψουμε πολύ χώρου να. Επί συγγραφής τέλειοι σημαντικός. Θέμα αρέσει όσο έτσι.
Από ωραίο χάος. Εκτός δωροδοκηθούν όταν προγραμματιστής γραμμής.
Πάντα ποσοστό όταν.');
INSERT INTO room_media (media_id, room_id) VALUES ('575', 'room_id');
INSERT INTO media (path, description) VALUES ('/media/images/image_asperiores.png', 'Εκτός και τα στα. Ήδη βασανίζουν ποσοστό μας γιαυτό. Γράψει τι δύο τους ποσοστό έρθει οι.
Πεδία τον μηχανής λοιπόν κόψεις προϊόντα σκεφτείς μη.
Αναφορά ροή συνάδελφος μέχρι. Προϊόντα έχω ζητήσεις.');
INSERT INTO room_media (media_id, room_id) VALUES ('576', 'room_id');
INSERT INTO media (path, description) VALUES ('/media/images/image_minus.jpg', 'Απαραίτητο μετράει δούλευε σε δυστυχώς μπουν. Νόμιζες αυτός διακόψουμε.');
INSERT INTO room_media (media_id, room_id) VALUES ('577', 'room_id');
INSERT INTO media (path, description) VALUES ('/media/images/image_optio.jpeg', 'Εκείνου δε κανόνα παίρνει λοιπόν άλγεβρα διοικητικό. Των εργάστηκε υποψήφιο έξι συνηθίζουν. Με ιδιαίτερα υόρκη βιαστικά.');
INSERT INTO room_media (media_id, room_id) VALUES ('578', 'room_id');
INSERT INTO media (path, description) VALUES ('/media/images/image_exercitationem.jpeg', 'Γνωρίζουμε κοιτάζοντας διαπιστώνεις μια μια. Από περίπου ο εκτελείται εργασίας μηχανής δύο. Βαθμό πάντως στη δουλεύει.');
INSERT INTO room_media (media_id, room_id) VALUES ('579', 'room_id');
INSERT INTO media (path, description) VALUES ('/media/images/image_officia.jpg', 'Βασανίζουν εκτελείται εγώ αυτός χρειάζονται. Προκαλείς εσωτερικών τρόποι εργαζόμενοι. Έτσι λαμβάνουν δε επενδυτής πάντως εκείνου. Μα κλπ εργάστηκε εκτός φαινόμενο.');
INSERT INTO room_media (media_id, room_id) VALUES ('580', 'room_id');
INSERT INTO media (path, description) VALUES ('/media/images/image_iste.jpg', 'Δημιουργια με παραδοτέου δύο ατόμου γειτονιάς κόψεις. Περιβάλλοντος γεύματος ανακλύψεις συγγραφείς διάσημα εργαζόμενων.');
INSERT INTO room_media (media_id, room_id) VALUES ('581', 'room_id');
INSERT INTO media (path, description) VALUES ('/media/images/image_possimus.jpeg', 'Παραγωγικής βουτήξουν συγχρόνως έτοιμος ρουτίνα πήρε. Παραγωγικής τρόποι εκτελείται εταιρείες πιο προκύπτουν. Σας επί ρουτίνα τέλειοι γνωστή απλό βρίσκονται.');
INSERT INTO room_media (media_id, room_id) VALUES ('582', 'room_id');
INSERT INTO media (path, description) VALUES ('/media/images/image_qui.jpeg', 'Χρονοδιαγράμματος πιο συγκεντρωμένοι ορίστε πολύ υψηλότερη τρόποι. Κώδικα ύψος ανεπιθύμητη σου του.
Τελειώσει πολύ δοκιμάσεις μέχρι. Άρα τα και να λέει δημιουργια μιας. Αν χρονοδιαγράμματα τύπους.');
INSERT INTO room_media (media_id, room_id) VALUES ('583', 'room_id');
INSERT INTO media (path, description) VALUES ('/media/images/image_aliquam.png', 'Ταξινομεί ανταγωνιστής κάτι εκτός. Επί σίγουρος κόψεις καταλάθος έτοιμος πρώτοι ακούσει. Διακοπής για εκτελείται κι. Διακόψουμε γιαυτό υποψήφιο γραμμές.');
INSERT INTO room_media (media_id, room_id) VALUES ('584', 'room_id');
INSERT INTO media (path, description) VALUES ('/media/images/image_voluptate.png', 'Πρόσληψη νέων στο αφήσεις την εικόνες. Νιρβάνα επιστρέφουν κάνεις κανόνα απαράδεκτη γραφικά σπίτι. Και επιδιόρθωση μηχανής μα πρώτο.');
INSERT INTO room_media (media_id, room_id) VALUES ('585', 'room_id');
INSERT INTO media (path, description) VALUES ('/media/images/image_sapiente.jpeg', 'Περισσότερη εντολές μετρήσεις άρθρων. Πετάνε στο ποια βασανίζουν διάβασε ποια.
Τον πηγαίου κάνεις διαφήμιση εδώ απίστευτα παράγοντες. Νέα τι συγκεντρωμένοι παίξουν έχω.');
INSERT INTO room_media (media_id, room_id) VALUES ('586', 'room_id');
INSERT INTO media (path, description) VALUES ('/media/images/image_excepturi.jpeg', 'Τα κανόνα που και μπορούσες καλύτερο μια. Που προϊόντα απομόνωση των.
Πακέτων επί διαδίκτυο. Τι γράψει πολύ.');
INSERT INTO room_media (media_id, room_id) VALUES ('587', 'room_id');
INSERT INTO media (path, description) VALUES ('/media/images/image_similique.jpeg', 'Ένα αποθηκευτικού κι χρονοδιαγράμματος διευθυντές. Παίρνουν σου εργαλείων. Γέλασαν τύπους επί.');
INSERT INTO room_media (media_id, room_id) VALUES ('588', 'room_id');
INSERT INTO media (path, description) VALUES ('/media/images/image_iste.jpg', 'Απίστευτα κώδικα πάντως σου εφαρμογής. Ζητήσεις ήδη διάβασε προσπαθούν.
Δύο γεύματος το κόψεις. Πάρα πρώτο πάρεις νέου. Κανόνα τι εκδόσεις τύπου ποσοστό έρθει.');
INSERT INTO room_media (media_id, room_id) VALUES ('589', 'room_id');
INSERT INTO media (path, description) VALUES ('/media/images/image_consequuntur.jpg', 'Προσπαθούν μιας βρίσκονται πάντως οι περισσότερες βιαστικά λετπά. Εξακολουθεί λες τρόποι έστειλε γειτονιάς τύπου.');
INSERT INTO room_media (media_id, room_id) VALUES ('590', 'room_id');
INSERT INTO media (path, description) VALUES ('/media/images/image_delectus.jpeg', 'Μηχανής τα από στο λέει όχι πλέον. Επιστρέφουν ας ως τα εργαζόμενων θέλεις.
Άρα παίρνει με τι. Διορθώσεις τα ένας δεν προσοχή εσωτερικών την.');
INSERT INTO room_media (media_id, room_id) VALUES ('591', 'room_id');
INSERT INTO media (path, description) VALUES ('/media/images/image_nemo.jpeg', 'Πες χρειάζονται εκείνου πάρεις. Σωστά μιας μετράει τεσσαρών. Για τύπους ρωτήσει τύπους τα πάντα δεδομένων.');
INSERT INTO room_media (media_id, room_id) VALUES ('592', 'room_id');
INSERT INTO media (path, description) VALUES ('/media/images/image_soluta.jpg', 'Κλπ προβληματική χρησιμοποιούσες απλό γνωρίζουμε. Ναι συνηθίζουν με μιας απίστευτα του.
Ίδιο δημιουργείς διορθώσεις τον απόλαυσε μεταγλωτίσει ανώδυνη. Καταλάθος της εδώ ακούσει.');
INSERT INTO room_media (media_id, room_id) VALUES ('593', 'room_id');
INSERT INTO media (path, description) VALUES ('/media/images/image_occaecati.jpeg', 'Σωστά σαν μια κύκλο συνέχεια. Ανά λοιπόν τι την μιας ποσοστό. Άπειρα συνηθίζουν του περιεχόμενα οι συνηθίζουν.
Ο διακοπής τους χειρότερα. Το αλγόριθμου παραδώσεις κόψεις πρόσληψη.');
INSERT INTO room_media (media_id, room_id) VALUES ('594', 'room_id');
INSERT INTO media (path, description) VALUES ('/media/images/image_voluptas.jpg', 'Πάντως λίγο μέχρι εντολές. Θέματα μερικούς τύπους έχω. Μου δεν προϊόντα άπειρα.
Περισσότερες περιεχόμενα γραμμές υποψήφιο. Το έχω μιας σε παράδειγμα παραδοτέου.');
INSERT INTO room_media (media_id, room_id) VALUES ('595', 'room_id');
INSERT INTO media (path, description) VALUES ('/media/images/image_nihil.png', 'Γεύματος εκδόσεις εντολές μέχρι χειρότερα. Ρωτήσει από επί φακέλους που έτσι.');
INSERT INTO room_media (media_id, room_id) VALUES ('596', 'room_id');
INSERT INTO media (path, description) VALUES ('/media/images/image_quidem.jpeg', 'Δουλεύει με αρέσει εγώ επενδυτής τις ποσοστό. Προκύπτουν πλέον δωροδοκηθούν συνέχεια.');
INSERT INTO room_media (media_id, room_id) VALUES ('597', 'room_id');
INSERT INTO media (path, description) VALUES ('/media/images/image_illo.jpg', 'Εσωτερικών δε φράση βγήκε διάσημα πακέτων υψηλότερη διακόψουμε. Λιγότερο χειρότερα σταματάς γραμμής τις παραδώσεις του. Νέο τους μια ήδη.');
INSERT INTO room_media (media_id, room_id) VALUES ('598', 'room_id');
INSERT INTO media (path, description) VALUES ('/media/images/image_quaerat.jpeg', 'Και μεταγλωτιστής στα την. Αλγόριθμου τις έτοιμος. Πρώτης συγκεντρωμένοι γιαυτό κι βγήκε.
Εκθέσεις χρειάζονται εκθέσεις φαινόμενο. Όχι ανά χρειάζονται τέλειοι. Ανά γεύματος έχω δύο αναφορά μέχρι για.');
INSERT INTO room_media (media_id, room_id) VALUES ('599', 'room_id');
INSERT INTO media (path, description) VALUES ('/media/images/image_amet.jpeg', 'Λέει μέχρι έτσι άτομο πως εκδόσεις. Κάτι απίστευτα των μην μην.');
INSERT INTO room_media (media_id, room_id) VALUES ('600', 'room_id');
INSERT INTO media (path, description) VALUES ('/media/images/image_reiciendis.jpeg', 'Πάντως ανώδυνη που ζητήσεις δύο κάνε διαχειριστής. Εργασίας όταν μια αποστηθίσει.
Όχι μας γραμμή εκδόσεις τρόποι. Διαφήμιση τεκμηριώνει συγγραφείς βιβλίο έτσι εκτελέσεις εγώ.');
INSERT INTO room_media (media_id, room_id) VALUES ('601', 'room_id');
INSERT INTO media (path, description) VALUES ('/media/images/image_nemo.jpg', 'Από χρησιμοποιούσες συνεντεύξεις ατόμου συγγραφείς κάτι. Εκτός στραβά εκτελέσεις ας έχω ρωτήσει. Κανείς κειμένων πλέον. Ταξινομεί κρατάει αφήσεις γραμμής το.');
INSERT INTO room_media (media_id, room_id) VALUES ('602', 'room_id');
INSERT INTO media (path, description) VALUES ('/media/images/image_illum.jpg', 'Μην μέχρι πολύ στα κι. Δουλεύει προϊόντα τα κοιτάζοντας έγραψες αθόρυβες. Αποθηκευτικού στα εγώ φράση εκδόσεις χρησιμοποιούνταν.');
INSERT INTO room_media (media_id, room_id) VALUES ('603', 'room_id');
INSERT INTO media (path, description) VALUES ('/media/images/image_perferendis.png', 'Προγραμματιστές λέει χρησιμοποιούσες πλέον δοκιμάσεις βιβλίο με.
Πολύ επιστρέφουν σου ήδη. Γέλασαν δουλεύει υψηλότερη δεδομένων άρα αυτήν τους.
Νέο δε έστειλε.
Σαν δεν έχω.');
INSERT INTO room_media (media_id, room_id) VALUES ('604', 'room_id');
INSERT INTO media (path, description) VALUES ('/media/images/image_sapiente.jpeg', 'Ρωτάει εντολές μάτσο περίπου χώρου κώδικα σου. Ότι αντιλήφθηκαν συνέχεια συγγραφείς.');
INSERT INTO room_media (media_id, room_id) VALUES ('605', 'room_id');
INSERT INTO media (path, description) VALUES ('/media/images/image_voluptatibus.jpg', 'Χρονοδιαγράμματος γιαυτό διορθώσει συνεντεύξεις έτσι έχω μετράει. Ήδη ποσοστό διολισθήσεις ελέγχου σταματάς. Εγώ χρονοδιαγράμματος εργασίας χρησιμοποίησέ καλύτερο ανώδυνη.');
INSERT INTO room_media (media_id, room_id) VALUES ('606', 'room_id');
INSERT INTO media (path, description) VALUES ('/media/images/image_at.jpeg', 'Πολύ προσοχή αγοράζοντας στο πως. Σου πλέον πετούν νέο προγραμματιστές κόλπα.');
INSERT INTO room_media (media_id, room_id) VALUES ('607', 'room_id');
INSERT INTO media (path, description) VALUES ('/media/images/image_minus.png', 'Διάβασε διαδίκτυο νέων τεσσαρών στα.
Και έρθει έτσι κρατήσουν έχω. Άπειρα οι νόμιζες τι όσο κρατάει. Γραμμής έρθει της τελειώσει προβληματική όσο.');
INSERT INTO room_media (media_id, room_id) VALUES ('608', 'room_id');
INSERT INTO media (path, description) VALUES ('/media/images/image_illo.jpeg', 'Μεταγλωτιστής όσο έξι προβληματική δωροδοκηθούν λοιπόν παραδώσεις για. Εκτός εταιρείες πάντα λοιπόν έξι επί λίγο στα. Συγχρόνως μας κάτι πάντως έξι. Απαρατήρητο εδώ πες γραμμές δυστυχώς.');
INSERT INTO room_media (media_id, room_id) VALUES ('609', 'room_id');
INSERT INTO media (path, description) VALUES ('/media/images/image_minima.jpg', 'Έγραψες πιο δεν άρα προσθέσει μεταγλωτιστής ότι του. Θυμάμαι διαχειριστής ένας πετούν μεταγλωτίσει πάντα σίγουρος περισσότερη. Μην διαπιστώνεις βασανίζουν διακοπή εφαρμογή αναγκάζονται δύο.');
INSERT INTO room_media (media_id, room_id) VALUES ('610', 'room_id');
INSERT INTO media (path, description) VALUES ('/media/images/image_officiis.jpeg', 'Διάβασε ας κοιτάζοντας ήδη ποια. Πάντως ένας βιβλίο ποια. Ειδικά σου άρα πολύ ορίστε ιδιαίτερα εργαζόμενοι.
Συνεντεύξεις σαν ίδιο βουτήξουν βιβλίο.');
INSERT INTO room_media (media_id, room_id) VALUES ('611', 'room_id');
INSERT INTO media (path, description) VALUES ('/media/images/image_consequatur.jpeg', 'Δίνοντας είχαμε προγραμματιστής του επενδυτής. Τεκμηριώνει της σε ανταγωνιστής τρέξει. Κανόνα κύκλο ένα μετράει πάντα συγκεντρωμένοι τα.
Στις πετούν αν επεξεργασία άρα. Στις που στη δουλεύει.');
INSERT INTO room_media (media_id, room_id) VALUES ('612', 'room_id');
INSERT INTO media (path, description) VALUES ('/media/images/image_culpa.jpg', 'Οι ακούσει στη ανώδυνη προσλάμβανες. Στις αν προκύπτουν άλγεβρα σας μέχρι. Εκτός κάτι επί χάος πάντα μου.
Πηγαίου αυτήν μέχρι αφήσεις.');
INSERT INTO room_media (media_id, room_id) VALUES ('613', 'room_id');
INSERT INTO media (path, description) VALUES ('/media/images/image_quisquam.jpg', 'Να διάσημα εγώ εφαμοργής τα. Μια εξακολουθεί ανακλύψεις περισσότερες στις του.
Ως χρησιμοποιούσες σε χρησιμοποίησέ υόρκη. Πρώτης εργάστηκε μας απομόνωση αφήσεις πάντως και. Κώδικα θέμα θα άρα.');
INSERT INTO room_media (media_id, room_id) VALUES ('614', 'room_id');
INSERT INTO media (path, description) VALUES ('/media/images/image_iste.jpeg', 'Δύο εξαρτάται νόμιζες δουλεύει. Ποσοστό εργαζόμενων αντιλήφθηκαν άρα τα.
Μα βαθμό εκείνου έτσι. Περιβάλλον γιαυτό παράδειγμα πως ένας δεδομένων περιβάλλοντος υποψήφιο.');
INSERT INTO room_media (media_id, room_id) VALUES ('615', 'room_id');
INSERT INTO media (path, description) VALUES ('/media/images/image_laboriosam.jpg', 'Διαφήμιση σημαντικό μας να. Εντολές εκτός κάνεις.
Ένα χρησιμοποιούνταν προσπαθήσεις προσοχή.
Έχω παράγοντες το ερωτήσεις στέλνοντάς προγραμματιστής και. Σου ότι τέλειοι μα τοπικές που κόψεις.');
INSERT INTO room_media (media_id, room_id) VALUES ('616', 'room_id');
INSERT INTO media (path, description) VALUES ('/media/images/image_porro.jpg', 'Νέα πεδία που συνηθίζουν. Δύο ξέχασε εργαζόμενοι προγραμματιστές ερώτηση κειμένων. Ιδιαίτερα γιαυτό φαινόμενο αναγκάζονται να ρωτάει.');
INSERT INTO room_media (media_id, room_id) VALUES ('617', 'room_id');
INSERT INTO media (path, description) VALUES ('/media/images/image_sapiente.jpg', 'Στις ο εξοργιστικά κάτι μιας διαπιστώνεις έστειλε γνωστή. Δημιουργήσεις εργαλείων αναφορά ιδιαίτερα εξοργιστικά εγώ συνέχεια δοκιμάσεις. Θα μάλλον και. Του εκδόσεις κρατάει όσο κειμένων ένας.');
INSERT INTO room_media (media_id, room_id) VALUES ('618', 'room_id');
INSERT INTO media (path, description) VALUES ('/media/images/image_aut.png', 'Απομόνωση προσπαθούν χάος. Πρόσληψη νόμιζες αυτήν. Πάντως εκτός εκτός να συνάδελφος δύο γειτονιάς.
Του νέου του τελειώσει μετρήσεις λέει προϊόντα. Σίγουρος πάντα χώρου αποδείξεις χρησιμοποιούνταν.');
INSERT INTO room_media (media_id, room_id) VALUES ('619', 'room_id');
INSERT INTO media (path, description) VALUES ('/media/images/image_assumenda.jpg', 'Ήδη διακόψουμε παράδειγμα. Τα απαράδεκτη ερωτήσεις αν παράδειγμα του εκτελείται. Μην υψηλότερη παραγωγικής γραμμής.');
INSERT INTO room_media (media_id, room_id) VALUES ('620', 'room_id');
INSERT INTO media (path, description) VALUES ('/media/images/image_explicabo.jpeg', 'Για σας σωστά έχω γνωστή αρχεία. Διαχειριστής μπουν επί έλεγχος τα τη με συγχωνευτεί. Προσπαθήσεις χαρακτηριστικό γραμμή σκεφτείς πες πετούν έξι. Προσπαθήσεις τι ανώδυνη χαρακτηριστικό.');
INSERT INTO room_media (media_id, room_id) VALUES ('621', 'room_id');
INSERT INTO media (path, description) VALUES ('/media/images/image_quibusdam.jpeg', 'Τεκμηριώνει για εξαρτάται κώδικάς τις.
Διαδίκτυο γραμμής ζητήσεις περιβάλλον δε γραμμής. Πάρα επιδιορθώσεις ανακλύψεις προσεκτικά πρόσληψη γράψει θα λετπά.');
INSERT INTO room_media (media_id, room_id) VALUES ('622', 'room_id');
INSERT INTO media (path, description) VALUES ('/media/images/image_a.png', 'Έξι μάλλον νέο χαρακτηριστικών διασφαλίζεται υπηρεσία στις. Τι συνάδελφος ωραίο ως χρειάζονται εργαλείων. Ήδη παραδώσεις δύο μιας άπειρα διακοπή έξι.');
INSERT INTO room_media (media_id, room_id) VALUES ('623', 'room_id');
INSERT INTO media (path, description) VALUES ('/media/images/image_laudantium.png', 'Ως συνέχεια άλγεβρα αποθηκευτικού μας ποια χρόνου στο. Την από πόρτες γράψει πακέτων.
Επιδιορθώσεις διακόψουμε γνωστή εξακολουθεί είχαμε. Χρονοδιαγράμματα ότι μέσης έρθει.');
INSERT INTO room_media (media_id, room_id) VALUES ('624', 'room_id');
INSERT INTO media (path, description) VALUES ('/media/images/image_consectetur.jpg', 'Πετάξαμε έγραψες λιγότερο αποφάσισε τοπικές στα. Συγκεντρωμένοι δε εξοργιστικά άρα αλγόριθμου αποφάσισε τύπου. Άτομο χρόνου συνέχεια ήδη εργασίας στραβά. Ένας τους περίπου ανά φράση ένα παράγοντες.');
INSERT INTO room_media (media_id, room_id) VALUES ('625', 'room_id');
INSERT INTO media (path, description) VALUES ('/media/images/image_ut.png', 'Ας ανεπιθύμητη ανεπιθύμητη πακέτων χρησιμοποίησέ. Σου στις μπορούσες δημιουργείς δουλεύει.');
INSERT INTO room_media (media_id, room_id) VALUES ('626', 'room_id');
INSERT INTO media (path, description) VALUES ('/media/images/image_quas.jpg', 'Όσο συνάδελφος αποθηκευτικού χρόνου. Λέει διαπιστώνεις χρονοδιαγράμματα εκτός ώρα μεταφραστής λαμβάνουν. Ναι εφαρμογή ένα γραμμή στη εκτελείται.');
INSERT INTO room_media (media_id, room_id) VALUES ('627', 'room_id');
INSERT INTO media (path, description) VALUES ('/media/images/image_repellat.jpg', 'Μετρήσεις έχω αθόρυβες λοιπόν για.
Κανόνα πρώτοι για τις στο στις. Πάντως τις ελέγχου ένα βιαστικά ακούσει είχαμε.');
INSERT INTO room_media (media_id, room_id) VALUES ('628', 'room_id');
INSERT INTO media (path, description) VALUES ('/media/images/image_nesciunt.jpg', 'Εργάστηκε αναφορά θέμα περισσότερες.
Συνηθίζουν συνεντεύξεις δημιουργια ποια και. Επί σημαντικό αποκλειστικούς συνεντεύξεις αποστηθίσει δημιουργήσεις. Τρέξει στήλες επί υψηλότερη συνάδελφος.');
INSERT INTO room_media (media_id, room_id) VALUES ('629', 'room_id');
INSERT INTO media (path, description) VALUES ('/media/images/image_beatae.jpeg', 'Δεν πρώτοι πως τον επιδιορθώσεις διορθώσει. Κανόνα ρωτήσει βασανίζουν ένας εγώ.
Μαγικά πετάνε ύψος ρωτήσει προσθέσει κάτι αναγκάζονται. Εγώ περιβάλλον πάρα καλύτερο μπορούσες έγραψες βιαστικά.');
INSERT INTO room_media (media_id, room_id) VALUES ('630', 'room_id');
INSERT INTO media (path, description) VALUES ('/media/images/image_a.jpeg', 'Να σας έχω δε. Πιο δε την.
Παράγοντες πλέον γραμμή σας ορίστε οι. Αναγκάζονται κανείς παίρνει γεύματος. Όσο αναγκάζονται πάντως ιδιαίτερα. Άπειρα μα για χρονοδιαγράμματα κάτι υψηλότερη σκεφτείς.');
INSERT INTO room_media (media_id, room_id) VALUES ('631', 'room_id');
INSERT INTO media (path, description) VALUES ('/media/images/image_impedit.jpg', 'Θέμα σας πεδία συνεντεύξεις πολύ βιβλίο. Ίδιο χρόνου συνάδελφος δε τους πολύ. Από επιδιορθώσεις αρχεία δεδομένων εκτός επεξεργασία στήλες ότι.');
INSERT INTO room_media (media_id, room_id) VALUES ('632', 'room_id');
INSERT INTO media (path, description) VALUES ('/media/images/image_nobis.jpeg', 'Προβληματική είχαμε θυμάμαι δημιουργια διορθώσει. Απομόνωση κώδικάς μέχρι. Άρα λέει εταιρείες πολύ εργάστηκε νέων τύπου.
Γειτονιάς περισσότερη κόλπα ναι αν. Καταλάθος φακέλους ο.');
INSERT INTO room_media (media_id, room_id) VALUES ('633', 'room_id');
INSERT INTO media (path, description) VALUES ('/media/images/image_error.jpg', 'Πετάνε ήδη εδώ εγώ βάζοντας δυστυχώς έρθει. Μέχρι ναι ανά μπορούσες τοπικές μα δεν. Τεκμηριώνει κύκλο μας πήρε με χειρότερα.');
INSERT INTO room_media (media_id, room_id) VALUES ('634', 'room_id');
INSERT INTO media (path, description) VALUES ('/media/images/image_deleniti.png', 'Παίρνει των δυστυχώς πρώτης εκθέσεις προγραμματιστές αθόρυβες. Άπειρα το μερικούς πηγαίου που κι.');
INSERT INTO room_media (media_id, room_id) VALUES ('635', 'room_id');
INSERT INTO media (path, description) VALUES ('/media/images/image_cupiditate.jpg', 'Σταματάς περιεχόμενα δοκιμάσεις λετπά μερικούς. Εργάστηκε μετρήσεις παίξουν πετάνε. Για που έγραψες χρόνου δυστυχώς δεδομένων.');
INSERT INTO room_media (media_id, room_id) VALUES ('636', 'room_id');
INSERT INTO media (path, description) VALUES ('/media/images/image_maxime.jpg', 'Συγγραφής να εγώ ως εγώ. Στη τύπου παίρνει παραδοτέου. Σαν νέων των ερώτηση στο ανεπιθύμητη ήδη.
Τέλειοι εικόνες όχι κώδικάς εξακολουθεί. Ειδικά χρονοδιαγράμματα χαρακτηριστικών.');
INSERT INTO room_media (media_id, room_id) VALUES ('637', 'room_id');
INSERT INTO media (path, description) VALUES ('/media/images/image_dicta.jpg', 'Οι θέμα αρπάζεις βασανίζουν πάντα κανείς διάσημα. Άρθρων μη πρώτοι ως επί απίστευτα πάντα.
Ζητήσεις σε αρέσει πλέον δε όσο όχι. Ταξινομεί κρατήσουν φράση έγραψες χρόνου.');
INSERT INTO room_media (media_id, room_id) VALUES ('638', 'room_id');
INSERT INTO media (path, description) VALUES ('/media/images/image_tempore.png', 'Έξι κάνε σκεφτείς άρα έστελνε λαμβάνουν.
Διοικητικό μερικούς σωστά διευθυντές. Με αυτήν πλέον τεσσαρών πολύ. Αποφάσισε σας περισσότερη έρθει.');
INSERT INTO room_media (media_id, room_id) VALUES ('639', 'room_id');
INSERT INTO media (path, description) VALUES ('/media/images/image_quisquam.jpeg', 'Κανόνα άρα ως διαπιστώνεις. Ας ο νέου εδώ.
Εφαρμογή πάρα αναφέρονται συγγραφής προσπαθούν μέχρι. Στις αυτήν ήδη ίδιο ακούσει. Απαραίτητο του πάντως πάντα.');
INSERT INTO room_media (media_id, room_id) VALUES ('640', 'room_id');
INSERT INTO media (path, description) VALUES ('/media/images/image_porro.jpeg', 'Μάθε δούλευε πηγαίου στις ποια. Έρθει κλπ μη εκτός. Από έχω ίδιο επιστρέφουν για.');
INSERT INTO room_media (media_id, room_id) VALUES ('641', 'room_id');
INSERT INTO media (path, description) VALUES ('/media/images/image_quaerat.jpeg', 'Άρθρων τους κειμένων τεσσαρών δυστυχώς θέματα σημαντικό. Προγραμματιστής άρθρων ακούσει δε τέλειοι χρησιμοποίησέ. Έρθει θέματα τους με θέμα παραπάνω.');
INSERT INTO room_media (media_id, room_id) VALUES ('642', 'room_id');
INSERT INTO media (path, description) VALUES ('/media/images/image_ullam.jpg', 'Εκδόσεις τον λοιπόν ιδιαίτερα όταν. Πάντως σχεδιαστής λέει εγώ γραμμή επιστρέφουν. Πολύ για να περίπου ας δε.');
INSERT INTO room_media (media_id, room_id) VALUES ('643', 'room_id');
INSERT INTO media (path, description) VALUES ('/media/images/image_perferendis.jpeg', 'Παράγοντες κάνε αθόρυβες εκτός άπειρα. Εδώ κανένας πηγαίου ίδιο.
Πρόσληψη ο προγραμματιστές σίγουρος πως ατόμου εξακολουθεί. Πλέον πιο προσπαθούν νέο εταιρείες.');
INSERT INTO room_media (media_id, room_id) VALUES ('644', 'room_id');
INSERT INTO media (path, description) VALUES ('/media/images/image_culpa.jpg', 'Όχι ποια μέχρι έστελνε γνωρίζουμε διάσημα πάντα μέγιστη. Δύο τα πακέτων ίδιο έτσι πιο εξοργιστικά. Ταξινομεί μάθε επιχείριση.
Εκθέσεις διοικητικό γνωρίζουμε τα. Μιας κλπ τοπικές διαδίκτυο πιο.');
INSERT INTO room_media (media_id, room_id) VALUES ('645', 'room_id');
INSERT INTO media (path, description) VALUES ('/media/images/image_reiciendis.jpeg', 'Γεγονός απλό χρονοδιαγράμματα κύκλο ευκολότερο γειτονιάς μην. Ποσοστό χαρακτηριστικών πετάξαμε έρθει. Αποστηθίσει τρέξει νιρβάνα τι συνεντεύξεις προσπαθούν πάντως κι. Βάζοντας βάζοντας βάζοντας μα.');
INSERT INTO room_media (media_id, room_id) VALUES ('646', 'room_id');
INSERT INTO media (path, description) VALUES ('/media/images/image_quaerat.jpg', 'Κάτι δημιουργήσεις δυστυχώς συνάδελφος κάτι. Περιμένουν ποια δεν την υπηρεσία. Περισσότερες πλέον κρατάει τύπου υπηρεσία.
Στις μεταγλωτιστής εργαζόμενων άρα μιας λιγότερο.');
INSERT INTO room_media (media_id, room_id) VALUES ('647', 'room_id');
INSERT INTO admission_diagnosis (hosp_id, diag_id) VALUES ('1', 'M43');
INSERT INTO hospitalisation (admission_date, discharge_date, dept_name, bed_id, costing_id, carrier_id) VALUES ('2014-03-09', NULL, 'Haematology', '9', '411', '5');
INSERT INTO patient_record (AMKA, hosp_id) VALUES ('1804784743', '1');
INSERT INTO admission_diagnosis (hosp_id, diag_id) VALUES ('2', 'M35');
INSERT INTO discharge_diagnosis (hosp_id, diag_id) VALUES ('2', 'H65.0');
INSERT INTO hospitalisation (admission_date, discharge_date, dept_name, bed_id, costing_id, carrier_id) VALUES ('2019-09-16', '2020-01-03', 'Neurology', '1', '606', '4');
INSERT INTO lab_test (med_proc_id, doc_id, date, result, cost) VALUES ('608', '0810802797', '1963-11-20 00:00:00', 'Κρατάει τρέξει θα ροή προσθέσει υποψήφιο άρα. Τα που των εξαρτάται στήλες δεδομένων.
Δημιουργια πρώτο άρα σίγουρος πλέον κάνε. Σαν ως χρησιμοποίησέ τα.', '8622.57');
INSERT INTO hosp_lab_test (lab_test_id, hosp_id) VALUES ('1', '2');
INSERT INTO patient_record (AMKA, hosp_id) VALUES ('2410245097', '2');
INSERT INTO rating (AMKA, hosp_id, medical_care, nursing_care, cleanliness, food, experience) VALUES ('2410245097', '2', '4', '1', '2', '1', '3');
INSERT INTO admission_diagnosis (hosp_id, diag_id) VALUES ('3', 'O90.1');
INSERT INTO hospitalisation (admission_date, discharge_date, dept_name, bed_id, costing_id, carrier_id) VALUES ('2008-08-08', NULL, 'Geriatric', '11', '448', '2');
INSERT INTO lab_test (med_proc_id, doc_id, date, result, cost) VALUES ('246', '0109876222', '1973-04-18 00:00:00', 'Βάζοντας νιρβάνα συγγραφείς τους.
Και ροή προσοχή αποκλειστικούς.
Δούλευε σωστά διακοπής εργασίας. Λαμβάνουν ατόμου ανά των και.', '3119.59');
INSERT INTO hosp_lab_test (lab_test_id, hosp_id) VALUES ('2', '3');
INSERT INTO patient_record (AMKA, hosp_id) VALUES ('2810769705', '3');
INSERT INTO admission_diagnosis (hosp_id, diag_id) VALUES ('4', 'O90.4');
INSERT INTO hospitalisation (admission_date, discharge_date, dept_name, bed_id, costing_id, carrier_id) VALUES ('2021-01-25', NULL, 'Intensive care unit (ICU)', '10', '99', '5');
INSERT INTO lab_test (med_proc_id, doc_id, date, result, cost) VALUES ('9490', '2708408067', '1959-09-18 00:00:00', 'Δε έτσι ορίστε μην. Σημαντικός όχι εκτελέσει για χαρακτηριστικών μας προϊόντα. Παραπάνω χρησιμοποιούσες γραμμής γιαυτό.', '7236.5');
INSERT INTO hosp_lab_test (lab_test_id, hosp_id) VALUES ('3', '4');
INSERT INTO surgical_act (med_act_id, primary_doc_id) VALUES ('1', '0102891639');
INSERT INTO surgical_act_doctor_assistants (med_act_id, assistant_id) VALUES ('1', '2811728295');
INSERT INTO surgical_act_doctor_assistants (med_act_id, assistant_id) VALUES ('1', '0802620737');
INSERT INTO surgical_act_nurse_assistants (med_act_id, assistant_id) VALUES ('1', '1207679089');
INSERT INTO surgical_act_nurse_assistants (med_act_id, assistant_id) VALUES ('1', '0607738540');
INSERT INTO medical_act (type, med_proc_id, start_datetime, end_datetime, room_id, cost) VALUES ('Χειρουργική', '5654', '1953-08-11 00:00:00', '1953-09-06 00:00:00', '37', '3614.83');
INSERT INTO hosp_med_act (med_act_id, hosp_id) VALUES ('1', '4');
INSERT INTO patient_record (AMKA, hosp_id) VALUES ('1205936087', '4');
INSERT INTO admission_diagnosis (hosp_id, diag_id) VALUES ('5', 'L45*');
INSERT INTO hospitalisation (admission_date, discharge_date, dept_name, bed_id, costing_id, carrier_id) VALUES ('1993-08-19', NULL, 'Gynaecology', '17', '360', '1');
INSERT INTO lab_test (med_proc_id, doc_id, date, result, cost) VALUES ('3379', '0102891639', '2026-04-20 00:00:00', 'Νέου πετούν τέλειοι νέου σκεφτείς σε. Όταν ίδιο σου να ατόμου του εργαζόμενοι.', '6744.86');
INSERT INTO hosp_lab_test (lab_test_id, hosp_id) VALUES ('4', '5');
INSERT INTO surgical_act (med_act_id, primary_doc_id) VALUES ('2', '1104742723');
INSERT INTO surgical_act_doctor_assistants (med_act_id, assistant_id) VALUES ('2', '0410505068');
INSERT INTO surgical_act_doctor_assistants (med_act_id, assistant_id) VALUES ('2', '0406974498');
INSERT INTO surgical_act_nurse_assistants (med_act_id, assistant_id) VALUES ('2', '0607738540');
INSERT INTO surgical_act_nurse_assistants (med_act_id, assistant_id) VALUES ('2', '2202745833');
INSERT INTO medical_act (type, med_proc_id, start_datetime, end_datetime, room_id, cost) VALUES ('Χειρουργική', '743', '1996-03-06 00:00:00', '1996-04-29 00:00:00', '41', '3425.84');
INSERT INTO hosp_med_act (med_act_id, hosp_id) VALUES ('2', '5');
INSERT INTO patient_record (AMKA, hosp_id) VALUES ('3108433042', '5');
INSERT INTO admission_diagnosis (hosp_id, diag_id) VALUES ('6', 'M24.4');
INSERT INTO hospitalisation (admission_date, discharge_date, dept_name, bed_id, costing_id, carrier_id) VALUES ('1991-12-15', NULL, 'Intensive care unit (ICU)', '4', '370', '5');
INSERT INTO medical_act (type, med_proc_id, start_datetime, end_datetime, room_id, cost) VALUES ('Θεραπευτική', '5718', '1951-02-27 00:00:00', '1951-05-07 00:00:00', '150', '7887.13');
INSERT INTO hosp_med_act (med_act_id, hosp_id) VALUES ('3', '6');
INSERT INTO patient_record (AMKA, hosp_id) VALUES ('0909800377', '6');
INSERT INTO admission_diagnosis (hosp_id, diag_id) VALUES ('7', 'S34.5');
INSERT INTO discharge_diagnosis (hosp_id, diag_id) VALUES ('7', 'H91.8');
INSERT INTO hospitalisation (admission_date, discharge_date, dept_name, bed_id, costing_id, carrier_id) VALUES ('2023-08-07', '2023-10-20', 'Oncology', '11', '172', '2');
INSERT INTO medical_act (type, med_proc_id, start_datetime, end_datetime, room_id, cost) VALUES ('Διαγνωστική', '7507', '1998-07-01 00:00:00', '1998-08-23 00:00:00', '106', '7267.57');
INSERT INTO hosp_med_act (med_act_id, hosp_id) VALUES ('4', '7');
INSERT INTO patient_record (AMKA, hosp_id) VALUES ('1704417116', '7');
INSERT INTO rating (AMKA, hosp_id, medical_care, nursing_care, cleanliness, food, experience) VALUES ('1704417116', '7', '3', '1', '4', '5', '1');
INSERT INTO admission_diagnosis (hosp_id, diag_id) VALUES ('8', 'Y40.9');
INSERT INTO hospitalisation (admission_date, discharge_date, dept_name, bed_id, costing_id, carrier_id) VALUES ('1996-12-17', NULL, 'Outpatient Department (OPD)', '12', '417', '2');
INSERT INTO lab_test (med_proc_id, doc_id, date, result, cost) VALUES ('8020', '1403910610', '1998-11-12 00:00:00', 'Νέων όταν υψηλότερη εφαρμογής επί σας αν περισσότερη. Δημιουργήσεις προγραμματιστής ένας. Πες ίδιο παράδειγμα.', '6539.91');
INSERT INTO hosp_lab_test (lab_test_id, hosp_id) VALUES ('5', '8');
INSERT INTO patient_record (AMKA, hosp_id) VALUES ('2602825383', '8');
INSERT INTO admission_diagnosis (hosp_id, diag_id) VALUES ('9', 'G35');
INSERT INTO discharge_diagnosis (hosp_id, diag_id) VALUES ('9', 'Q14.8');
INSERT INTO hospitalisation (admission_date, discharge_date, dept_name, bed_id, costing_id, carrier_id) VALUES ('2014-09-08', '2015-08-18', 'Oncology', '13', '307', '10');
INSERT INTO surgical_act (med_act_id, primary_doc_id) VALUES ('5', '0206637500');
INSERT INTO surgical_act_doctor_assistants (med_act_id, assistant_id) VALUES ('5', '2004702238');
INSERT INTO surgical_act_nurse_assistants (med_act_id, assistant_id) VALUES ('5', '0211835314');
INSERT INTO surgical_act_nurse_assistants (med_act_id, assistant_id) VALUES ('5', '0403530470');
INSERT INTO surgical_act_nurse_assistants (med_act_id, assistant_id) VALUES ('5', '1810684760');
INSERT INTO medical_act (type, med_proc_id, start_datetime, end_datetime, room_id, cost) VALUES ('Χειρουργική', '3958', '1990-04-08 00:00:00', '1990-07-08 00:00:00', '84', '7380.44');
INSERT INTO hosp_med_act (med_act_id, hosp_id) VALUES ('5', '9');
INSERT INTO patient_record (AMKA, hosp_id) VALUES ('2405442526', '9');
INSERT INTO rating (AMKA, hosp_id, medical_care, nursing_care, cleanliness, food, experience) VALUES ('2405442526', '9', '1', '3', '1', '3', '2');
INSERT INTO admission_diagnosis (hosp_id, diag_id) VALUES ('10', 'R70.0');
INSERT INTO discharge_diagnosis (hosp_id, diag_id) VALUES ('10', 'T24.4');
INSERT INTO hospitalisation (admission_date, discharge_date, dept_name, bed_id, costing_id, carrier_id) VALUES ('1998-02-17', '1998-04-08', 'Casualty', '3', '610', '4');
INSERT INTO patient_record (AMKA, hosp_id) VALUES ('0912706840', '10');
INSERT INTO rating (AMKA, hosp_id, medical_care, nursing_care, cleanliness, food, experience) VALUES ('0912706840', '10', '1', '4', '3', '5', '1');
INSERT INTO admission_diagnosis (hosp_id, diag_id) VALUES ('11', 'O22.0');
INSERT INTO hospitalisation (admission_date, discharge_date, dept_name, bed_id, costing_id, carrier_id) VALUES ('2011-07-21', NULL, 'Haematology', '12', '624', '4');
INSERT INTO medical_act (type, med_proc_id, start_datetime, end_datetime, room_id, cost) VALUES ('Θεραπευτική', '876', '1974-01-20 00:00:00', '1974-03-03 00:00:00', '110', '3215.14');
INSERT INTO hosp_med_act (med_act_id, hosp_id) VALUES ('6', '11');
INSERT INTO patient_record (AMKA, hosp_id) VALUES ('2109699443', '11');
INSERT INTO admission_diagnosis (hosp_id, diag_id) VALUES ('12', 'T25');
INSERT INTO hospitalisation (admission_date, discharge_date, dept_name, bed_id, costing_id, carrier_id) VALUES ('1995-09-29', NULL, 'Psychiatry', '8', '174', '10');
INSERT INTO lab_test (med_proc_id, doc_id, date, result, cost) VALUES ('3086', '0803576389', '1960-04-11 00:00:00', 'Χρονοδιαγράμματος έγραψες συνηθίζουν. Αποφάσισε απαράδεκτη εταιρείες άρα αφήσεις βρίσκονται προκαλείς. Σε άρα αρχεία προγραμματιστές βγήκε πήρε ανά αθόρυβες.', '5667.28');
INSERT INTO hosp_lab_test (lab_test_id, hosp_id) VALUES ('6', '12');
INSERT INTO patient_record (AMKA, hosp_id) VALUES ('1506208029', '12');
INSERT INTO admission_diagnosis (hosp_id, diag_id) VALUES ('13', 'C16.8');
INSERT INTO discharge_diagnosis (hosp_id, diag_id) VALUES ('13', 'L73.2');
INSERT INTO hospitalisation (admission_date, discharge_date, dept_name, bed_id, costing_id, carrier_id) VALUES ('2014-05-09', '2014-10-13', 'Orthopaedic', '16', '583', '10');
INSERT INTO lab_test (med_proc_id, doc_id, date, result, cost) VALUES ('10774', '0411550543', '2015-08-31 00:00:00', 'Άρα ανά ιδιαίτερα μερικούς δύο θα. Λοιπόν μη έτσι τον εφαμοργής ανταγωνιστής έγραψες.', '7129.85');
INSERT INTO hosp_lab_test (lab_test_id, hosp_id) VALUES ('7', '13');
INSERT INTO patient_record (AMKA, hosp_id) VALUES ('1006598252', '13');
INSERT INTO rating (AMKA, hosp_id, medical_care, nursing_care, cleanliness, food, experience) VALUES ('1006598252', '13', '3', '3', '1', '2', '2');
INSERT INTO admission_diagnosis (hosp_id, diag_id) VALUES ('14', 'S97.1');
INSERT INTO discharge_diagnosis (hosp_id, diag_id) VALUES ('14', 'F64.0');
INSERT INTO hospitalisation (admission_date, discharge_date, dept_name, bed_id, costing_id, carrier_id) VALUES ('2016-08-16', '2016-09-10', 'Psychiatry', '15', '363', '3');
INSERT INTO lab_test (med_proc_id, doc_id, date, result, cost) VALUES ('4811', '0710954761', '1959-11-06 00:00:00', 'Μου εγώ πρώτης σε. Τύπους ελέγχου ωραίο βρίσκονται υποψήφιο σε χαρακτηριστικών προγραμματιστής. Καταλάθος εκτελέσει ευκολότερο οι σαν εγώ μας.', '3947.09');
INSERT INTO hosp_lab_test (lab_test_id, hosp_id) VALUES ('8', '14');
INSERT INTO patient_record (AMKA, hosp_id) VALUES ('1806851171', '14');
INSERT INTO rating (AMKA, hosp_id, medical_care, nursing_care, cleanliness, food, experience) VALUES ('1806851171', '14', '3', '5', '4', '3', '3');
INSERT INTO admission_diagnosis (hosp_id, diag_id) VALUES ('15', 'O29.8');
INSERT INTO discharge_diagnosis (hosp_id, diag_id) VALUES ('15', 'I44.3');
INSERT INTO hospitalisation (admission_date, discharge_date, dept_name, bed_id, costing_id, carrier_id) VALUES ('2007-10-02', '2008-06-17', 'Orthopaedic', '16', '525', '2');
INSERT INTO surgical_act (med_act_id, primary_doc_id) VALUES ('7', '0410505068');
INSERT INTO surgical_act_doctor_assistants (med_act_id, assistant_id) VALUES ('7', '1210671054');
INSERT INTO surgical_act_nurse_assistants (med_act_id, assistant_id) VALUES ('7', '2511766415');
INSERT INTO medical_act (type, med_proc_id, start_datetime, end_datetime, room_id, cost) VALUES ('Χειρουργική', '7059', '2014-07-27 00:00:00', '2014-09-21 00:00:00', '64', '7386.17');
INSERT INTO hosp_med_act (med_act_id, hosp_id) VALUES ('7', '15');
INSERT INTO patient_record (AMKA, hosp_id) VALUES ('2406818433', '15');
INSERT INTO rating (AMKA, hosp_id, medical_care, nursing_care, cleanliness, food, experience) VALUES ('2406818433', '15', '4', '2', '1', '3', '2');
INSERT INTO admission_diagnosis (hosp_id, diag_id) VALUES ('16', 'I40.8');
INSERT INTO discharge_diagnosis (hosp_id, diag_id) VALUES ('16', 'D25.1');
INSERT INTO hospitalisation (admission_date, discharge_date, dept_name, bed_id, costing_id, carrier_id) VALUES ('2002-12-07', '2003-01-25', 'Casualty', '11', '96', '4');
INSERT INTO lab_test (med_proc_id, doc_id, date, result, cost) VALUES ('10315', '0410505068', '1981-01-22 00:00:00', 'Εδώ πάρεις εγώ πάντα δε. Ότι εξαρτάται κάτι επεξεργασία.
Ανά απίστευτα νέου χρονοδιαγράμματα να αποστηθίσει.', '2976.65');
INSERT INTO hosp_lab_test (lab_test_id, hosp_id) VALUES ('9', '16');
INSERT INTO medical_act (type, med_proc_id, start_datetime, end_datetime, room_id, cost) VALUES ('Θεραπευτική', '2247', '1971-03-19 00:00:00', '1971-04-03 00:00:00', '85', '5601.77');
INSERT INTO hosp_med_act (med_act_id, hosp_id) VALUES ('8', '16');
INSERT INTO patient_record (AMKA, hosp_id) VALUES ('1804784743', '16');
INSERT INTO rating (AMKA, hosp_id, medical_care, nursing_care, cleanliness, food, experience) VALUES ('1804784743', '16', '5', '3', '5', '3', '2');
INSERT INTO admission_diagnosis (hosp_id, diag_id) VALUES ('17', 'I60.5');
INSERT INTO hospitalisation (admission_date, discharge_date, dept_name, bed_id, costing_id, carrier_id) VALUES ('1995-12-14', NULL, 'Gynaecology', '5', '412', '8');
INSERT INTO patient_record (AMKA, hosp_id) VALUES ('2302464670', '17');
INSERT INTO admission_diagnosis (hosp_id, diag_id) VALUES ('18', 'M36*');
INSERT INTO hospitalisation (admission_date, discharge_date, dept_name, bed_id, costing_id, carrier_id) VALUES ('1994-07-06', NULL, 'Pediatrics', '3', '330', '9');
INSERT INTO medical_act (type, med_proc_id, start_datetime, end_datetime, room_id, cost) VALUES ('Θεραπευτική', '2783', '1975-10-17 00:00:00', '1975-12-15 00:00:00', '18', '3588.78');
INSERT INTO hosp_med_act (med_act_id, hosp_id) VALUES ('9', '18');
INSERT INTO patient_record (AMKA, hosp_id) VALUES ('2009978873', '18');
INSERT INTO admission_diagnosis (hosp_id, diag_id) VALUES ('19', 'L11.0');
INSERT INTO discharge_diagnosis (hosp_id, diag_id) VALUES ('19', 'Z01.2');
INSERT INTO hospitalisation (admission_date, discharge_date, dept_name, bed_id, costing_id, carrier_id) VALUES ('1997-04-23', '1997-10-18', 'General surgery', '2', '215', '2');
INSERT INTO patient_record (AMKA, hosp_id) VALUES ('1701599573', '19');
INSERT INTO rating (AMKA, hosp_id, medical_care, nursing_care, cleanliness, food, experience) VALUES ('1701599573', '19', '5', '1', '2', '3', '3');
INSERT INTO admission_diagnosis (hosp_id, diag_id) VALUES ('20', 'N35.9');
INSERT INTO hospitalisation (admission_date, discharge_date, dept_name, bed_id, costing_id, carrier_id) VALUES ('2014-09-28', NULL, 'Gynaecology', '8', '447', '5');
INSERT INTO lab_test (med_proc_id, doc_id, date, result, cost) VALUES ('10361', '0102891639', '1978-07-22 00:00:00', 'Λαμβάνουν ανώδυνη το συνηθίζουν τα. Άλγεβρα τρόπο πάρεις έστειλε στις κοιτάζοντας. Νέα πηγαίου εγώ ένας γεύματος γνωστή.', '6756.18');
INSERT INTO hosp_lab_test (lab_test_id, hosp_id) VALUES ('10', '20');
INSERT INTO patient_record (AMKA, hosp_id) VALUES ('1508992217', '20');
INSERT INTO admission_diagnosis (hosp_id, diag_id) VALUES ('21', 'H72.1');
INSERT INTO discharge_diagnosis (hosp_id, diag_id) VALUES ('21', 'O22');
INSERT INTO hospitalisation (admission_date, discharge_date, dept_name, bed_id, costing_id, carrier_id) VALUES ('1995-08-29', '1996-08-05', 'Haematology', '9', '306', '3');
INSERT INTO medical_act (type, med_proc_id, start_datetime, end_datetime, room_id, cost) VALUES ('Διαγνωστική', '8601', '1992-03-23 00:00:00', '1992-05-01 00:00:00', '5', '5458.83');
INSERT INTO hosp_med_act (med_act_id, hosp_id) VALUES ('10', '21');
INSERT INTO patient_record (AMKA, hosp_id) VALUES ('0912706840', '21');
INSERT INTO rating (AMKA, hosp_id, medical_care, nursing_care, cleanliness, food, experience) VALUES ('0912706840', '21', '1', '2', '1', '4', '4');
INSERT INTO admission_diagnosis (hosp_id, diag_id) VALUES ('22', 'M09*');
INSERT INTO hospitalisation (admission_date, discharge_date, dept_name, bed_id, costing_id, carrier_id) VALUES ('2010-03-02', NULL, 'Operating theatre (OT)', '9', '351', '3');
INSERT INTO lab_test (med_proc_id, doc_id, date, result, cost) VALUES ('8889', '1403910610', '1991-10-16 00:00:00', 'Μέσης άρα έλεγχος ορίστε. Απαρατήρητο μέγιστη μηχανής κόψεις αν από στα μερικούς. Θυμάμαι συνεχώς λοιπόν διασφαλίζεται χρησιμοποιούσες χρονοδιαγράμματος μηχανής εκτός.', '7653.85');
INSERT INTO hosp_lab_test (lab_test_id, hosp_id) VALUES ('11', '22');
INSERT INTO surgical_act (med_act_id, primary_doc_id) VALUES ('11', '2304595248');
INSERT INTO surgical_act_doctor_assistants (med_act_id, assistant_id) VALUES ('11', '1912912516');
INSERT INTO surgical_act_doctor_assistants (med_act_id, assistant_id) VALUES ('11', '1805820786');
INSERT INTO surgical_act_nurse_assistants (med_act_id, assistant_id) VALUES ('11', '0509864586');
INSERT INTO surgical_act_nurse_assistants (med_act_id, assistant_id) VALUES ('11', '1907956316');
INSERT INTO medical_act (type, med_proc_id, start_datetime, end_datetime, room_id, cost) VALUES ('Χειρουργική', '375', '2018-08-21 00:00:00', '2018-11-06 00:00:00', '64', '4275.4');
INSERT INTO hosp_med_act (med_act_id, hosp_id) VALUES ('11', '22');
INSERT INTO patient_record (AMKA, hosp_id) VALUES ('0902841967', '22');
INSERT INTO admission_diagnosis (hosp_id, diag_id) VALUES ('23', 'Z45.1');
INSERT INTO hospitalisation (admission_date, discharge_date, dept_name, bed_id, costing_id, carrier_id) VALUES ('1999-01-29', NULL, 'Anesthesiology', '13', '628', '1');
INSERT INTO lab_test (med_proc_id, doc_id, date, result, cost) VALUES ('1656', '0508710262', '1999-06-30 00:00:00', 'Δύο δύο γειτονιάς κειμένων διοικητικό αναφέρονται. Εκθέσεις μάτσο εγώ ας. Νέου προσθέσει έρθει εκτός άρα.
Σας κώδικάς ξέχασε διακοπή εδώ. Πολύ δεν χρησιμοποιούσες θέματα μεταγλωτίσει τα παίξουν.', '4190.0');
INSERT INTO hosp_lab_test (lab_test_id, hosp_id) VALUES ('12', '23');
INSERT INTO patient_record (AMKA, hosp_id) VALUES ('2905701100', '23');
INSERT INTO admission_diagnosis (hosp_id, diag_id) VALUES ('24', 'Y84.6');
INSERT INTO discharge_diagnosis (hosp_id, diag_id) VALUES ('24', 'C83');
INSERT INTO hospitalisation (admission_date, discharge_date, dept_name, bed_id, costing_id, carrier_id) VALUES ('2009-07-07', '2010-03-16', 'Geriatric', '3', '125', '10');
INSERT INTO lab_test (med_proc_id, doc_id, date, result, cost) VALUES ('5432', '2803422426', '1965-01-02 00:00:00', 'Εκτελέσεις γνωρίζουμε μια όταν όταν. Πολύ σαν ερώτηση έτσι πάντα προσλάμβανες τοπικές. Αποδείξεις τύπου εκείνου όσο δείξει νέα βαθμό ήδη.', '1230.39');
INSERT INTO hosp_lab_test (lab_test_id, hosp_id) VALUES ('13', '24');
INSERT INTO medical_act (type, med_proc_id, start_datetime, end_datetime, room_id, cost) VALUES ('Διαγνωστική', '9734', '1981-10-28 00:00:00', '1982-01-03 00:00:00', '51', '9266.41');
INSERT INTO hosp_med_act (med_act_id, hosp_id) VALUES ('12', '24');
INSERT INTO patient_record (AMKA, hosp_id) VALUES ('0210192341', '24');
INSERT INTO rating (AMKA, hosp_id, medical_care, nursing_care, cleanliness, food, experience) VALUES ('0210192341', '24', '5', '3', '2', '4', '1');
INSERT INTO admission_diagnosis (hosp_id, diag_id) VALUES ('25', 'J67.2');
INSERT INTO discharge_diagnosis (hosp_id, diag_id) VALUES ('25', 'R96.0');
INSERT INTO hospitalisation (admission_date, discharge_date, dept_name, bed_id, costing_id, carrier_id) VALUES ('2015-06-04', '2016-02-25', 'Intensive care unit (ICU)', '8', '569', '5');
INSERT INTO lab_test (med_proc_id, doc_id, date, result, cost) VALUES ('957', '2502654079', '2009-03-15 00:00:00', 'Ανά τέλειοι μη τεσσαρών λέει άτομο. Βάζοντας αναφορά ναι επί κάτι αν δύο. Πάντα προκύπτουν μπορούσες βουτήξουν όχι πιο.
Αυτός εργαζόμενοι παράδειγμα. Της τι αγοράζοντας στις επεξεργασία.', '5775.61');
INSERT INTO hosp_lab_test (lab_test_id, hosp_id) VALUES ('14', '25');
INSERT INTO medical_act (type, med_proc_id, start_datetime, end_datetime, room_id, cost) VALUES ('Διαγνωστική', '9191', '2018-11-15 00:00:00', '2019-02-20 00:00:00', '97', '532.67');
INSERT INTO hosp_med_act (med_act_id, hosp_id) VALUES ('13', '25');
INSERT INTO patient_record (AMKA, hosp_id) VALUES ('2905699303', '25');
INSERT INTO rating (AMKA, hosp_id, medical_care, nursing_care, cleanliness, food, experience) VALUES ('2905699303', '25', '2', '2', '2', '5', '5');
INSERT INTO admission_diagnosis (hosp_id, diag_id) VALUES ('26', 'Y56.7');
INSERT INTO discharge_diagnosis (hosp_id, diag_id) VALUES ('26', 'Q31.1');
INSERT INTO hospitalisation (admission_date, discharge_date, dept_name, bed_id, costing_id, carrier_id) VALUES ('2015-09-28', '2015-10-06', 'Psychiatry', '7', '243', '7');
INSERT INTO lab_test (med_proc_id, doc_id, date, result, cost) VALUES ('3964', '1210608936', '1940-12-24 00:00:00', 'Ακούσει σχεδιαστής αποδείξεις λοιπόν απαρατήρητο. Στραβά δίνοντας χρόνου τι πεδία ρουτίνα όταν τους. Κώδικάς εργοστασίου χαρακτηριστικών βουτήξουν κλπ ορίστε απλό.', '4566.4');
INSERT INTO hosp_lab_test (lab_test_id, hosp_id) VALUES ('15', '26');
INSERT INTO surgical_act (med_act_id, primary_doc_id) VALUES ('14', '2301681047');
INSERT INTO surgical_act_doctor_assistants (med_act_id, assistant_id) VALUES ('14', '1210671054');
INSERT INTO surgical_act_doctor_assistants (med_act_id, assistant_id) VALUES ('14', '1306562994');
INSERT INTO surgical_act_nurse_assistants (med_act_id, assistant_id) VALUES ('14', '1006891535');
INSERT INTO surgical_act_nurse_assistants (med_act_id, assistant_id) VALUES ('14', '2005873415');
INSERT INTO medical_act (type, med_proc_id, start_datetime, end_datetime, room_id, cost) VALUES ('Χειρουργική', '4138', '1993-07-28 00:00:00', '1993-08-28 00:00:00', '2', '4962.09');
INSERT INTO hosp_med_act (med_act_id, hosp_id) VALUES ('14', '26');
INSERT INTO patient_record (AMKA, hosp_id) VALUES ('0703642164', '26');
INSERT INTO rating (AMKA, hosp_id, medical_care, nursing_care, cleanliness, food, experience) VALUES ('0703642164', '26', '4', '3', '5', '2', '5');
INSERT INTO admission_diagnosis (hosp_id, diag_id) VALUES ('27', 'C03');
INSERT INTO discharge_diagnosis (hosp_id, diag_id) VALUES ('27', 'D26.0');
INSERT INTO hospitalisation (admission_date, discharge_date, dept_name, bed_id, costing_id, carrier_id) VALUES ('2004-09-10', '2005-03-02', 'ENT', '10', '665', '6');
INSERT INTO lab_test (med_proc_id, doc_id, date, result, cost) VALUES ('10540', '2001691929', '1967-10-30 00:00:00', 'Παίρνει υποψήφιο πρόσληψη δύο μα. Ακούσει έξι προσπαθούν σε κάνεις ερώτηση. Εκτός εκδόσεις αρέσει όχι εξαρτάται όχι αν στη.', '8697.51');
INSERT INTO hosp_lab_test (lab_test_id, hosp_id) VALUES ('16', '27');
INSERT INTO medical_act (type, med_proc_id, start_datetime, end_datetime, room_id, cost) VALUES ('Θεραπευτική', '2608', '1991-05-20 00:00:00', '1991-06-04 00:00:00', '106', '9593.74');
INSERT INTO hosp_med_act (med_act_id, hosp_id) VALUES ('15', '27');
INSERT INTO patient_record (AMKA, hosp_id) VALUES ('1803137297', '27');
INSERT INTO rating (AMKA, hosp_id, medical_care, nursing_care, cleanliness, food, experience) VALUES ('1803137297', '27', '4', '3', '4', '1', '3');
INSERT INTO admission_diagnosis (hosp_id, diag_id) VALUES ('28', 'D71');
INSERT INTO discharge_diagnosis (hosp_id, diag_id) VALUES ('28', 'P35.3');
INSERT INTO hospitalisation (admission_date, discharge_date, dept_name, bed_id, costing_id, carrier_id) VALUES ('1998-03-05', '1998-09-06', 'Inpatient Department (IPD)', '3', '213', '9');
INSERT INTO lab_test (med_proc_id, doc_id, date, result, cost) VALUES ('5510', '2708408067', '2010-05-25 00:00:00', 'Το εντολές στέλνοντάς προσθέσει περιβάλλον ας παραδώσεις. Βγήκε πιο προβληματική αντιλήφθηκαν μου πρόσληψη.
Δεδομένων ας σταματάς φράση. Τα ένας ένας τα σκεφτείς τον εργάστηκε.', '3396.69');
INSERT INTO hosp_lab_test (lab_test_id, hosp_id) VALUES ('17', '28');
INSERT INTO patient_record (AMKA, hosp_id) VALUES ('1909520787', '28');
INSERT INTO rating (AMKA, hosp_id, medical_care, nursing_care, cleanliness, food, experience) VALUES ('1909520787', '28', '5', '3', '5', '3', '3');
INSERT INTO admission_diagnosis (hosp_id, diag_id) VALUES ('29', 'K56.3');
INSERT INTO discharge_diagnosis (hosp_id, diag_id) VALUES ('29', 'V80.8');
INSERT INTO hospitalisation (admission_date, discharge_date, dept_name, bed_id, costing_id, carrier_id) VALUES ('1991-01-20', '1991-09-22', 'Neurology', '5', '623', '4');
INSERT INTO lab_test (med_proc_id, doc_id, date, result, cost) VALUES ('6341', '1912912516', '1992-07-07 00:00:00', 'Πάρεις υόρκη θέματα εφαρμογή πες. Δεδομένων μιας των σου. Πως μπορούσες εδώ διακοπή.', '3673.94');
INSERT INTO hosp_lab_test (lab_test_id, hosp_id) VALUES ('18', '29');
INSERT INTO patient_record (AMKA, hosp_id) VALUES ('2601625413', '29');
INSERT INTO rating (AMKA, hosp_id, medical_care, nursing_care, cleanliness, food, experience) VALUES ('2601625413', '29', '1', '3', '3', '4', '1');
INSERT INTO admission_diagnosis (hosp_id, diag_id) VALUES ('30', 'J70.4');
INSERT INTO discharge_diagnosis (hosp_id, diag_id) VALUES ('30', 'B81.8');
INSERT INTO hospitalisation (admission_date, discharge_date, dept_name, bed_id, costing_id, carrier_id) VALUES ('1995-02-14', '1996-01-12', 'Geriatric', '16', '361', '6');
INSERT INTO lab_test (med_proc_id, doc_id, date, result, cost) VALUES ('3884', '2203633666', '1973-06-25 00:00:00', 'Πρώτης γράψει ποσοστό μια εργάστηκε τον. Κειμένων δεν πρώτης έστειλε. Έστειλε όταν τις εργοστασίου κόλπα.
Μεταφραστής σε του πάρα προκαλείς. Μπουν μπορούσες ρωτάει μεταγλωτιστής. Πηγαίου και πάντα.', '3705.44');
INSERT INTO hosp_lab_test (lab_test_id, hosp_id) VALUES ('19', '30');
INSERT INTO surgical_act (med_act_id, primary_doc_id) VALUES ('16', '2304595248');
INSERT INTO surgical_act_doctor_assistants (med_act_id, assistant_id) VALUES ('16', '1307618841');
INSERT INTO surgical_act_doctor_assistants (med_act_id, assistant_id) VALUES ('16', '1708511124');
INSERT INTO surgical_act_nurse_assistants (med_act_id, assistant_id) VALUES ('16', '2409746735');
INSERT INTO surgical_act_nurse_assistants (med_act_id, assistant_id) VALUES ('16', '2511766415');
INSERT INTO surgical_act_nurse_assistants (med_act_id, assistant_id) VALUES ('16', '1501974417');
INSERT INTO medical_act (type, med_proc_id, start_datetime, end_datetime, room_id, cost) VALUES ('Χειρουργική', '3489', '1966-03-12 00:00:00', '1966-06-20 00:00:00', '110', '3258.73');
INSERT INTO hosp_med_act (med_act_id, hosp_id) VALUES ('16', '30');
INSERT INTO patient_record (AMKA, hosp_id) VALUES ('0902959288', '30');
INSERT INTO rating (AMKA, hosp_id, medical_care, nursing_care, cleanliness, food, experience) VALUES ('0902959288', '30', '3', '4', '4', '3', '5');
INSERT INTO admission_diagnosis (hosp_id, diag_id) VALUES ('31', 'R78.3');
INSERT INTO hospitalisation (admission_date, discharge_date, dept_name, bed_id, costing_id, carrier_id) VALUES ('1994-03-13', NULL, 'Psychiatry', '1', '345', '3');
INSERT INTO lab_test (med_proc_id, doc_id, date, result, cost) VALUES ('3057', '2204653007', '2008-05-28 00:00:00', 'Χώρου χαρακτηριστικών πήρε επιχείριση μη τη φράση. Προκύπτουν ποια απόλαυσε βαθμό κόψεις δουλεύει. Κοιτάζοντας πως βασανίζουν στέλνοντάς. Που χώρου πιο ένας σκεφτείς.', '2414.24');
INSERT INTO hosp_lab_test (lab_test_id, hosp_id) VALUES ('20', '31');
INSERT INTO patient_record (AMKA, hosp_id) VALUES ('0502063230', '31');
INSERT INTO admission_diagnosis (hosp_id, diag_id) VALUES ('32', 'C45');
INSERT INTO hospitalisation (admission_date, discharge_date, dept_name, bed_id, costing_id, carrier_id) VALUES ('2009-03-08', NULL, 'Oncology', '15', '284', '8');
INSERT INTO lab_test (med_proc_id, doc_id, date, result, cost) VALUES ('10346', '2412989437', '1958-11-30 00:00:00', 'Κάνε εξακολουθεί μα άπειρα γνωρίζουμε προσλάμβανες αναφέρονται. Γράψει πάντως ξέχασε μην. Θέμα τεκμηριώνει εκτελέσεις τη τα και παράδειγμα.', '8671.74');
INSERT INTO hosp_lab_test (lab_test_id, hosp_id) VALUES ('21', '32');
INSERT INTO medical_act (type, med_proc_id, start_datetime, end_datetime, room_id, cost) VALUES ('Θεραπευτική', '6341', '1973-12-28 00:00:00', '1974-02-14 00:00:00', '68', '952.89');
INSERT INTO hosp_med_act (med_act_id, hosp_id) VALUES ('17', '32');
INSERT INTO patient_record (AMKA, hosp_id) VALUES ('0912072926', '32');
INSERT INTO admission_diagnosis (hosp_id, diag_id) VALUES ('33', 'D37.3');
INSERT INTO discharge_diagnosis (hosp_id, diag_id) VALUES ('33', 'M90.8*');
INSERT INTO hospitalisation (admission_date, discharge_date, dept_name, bed_id, costing_id, carrier_id) VALUES ('2018-10-30', '2019-06-04', 'Oncology', '14', '478', '10');
INSERT INTO lab_test (med_proc_id, doc_id, date, result, cost) VALUES ('6804', '0206637500', '2024-12-24 00:00:00', 'Το πάντως εγώ εικόνες στη. Θέμα εξακολουθεί το πλέον ταξινομεί ένα.', '7943.71');
INSERT INTO hosp_lab_test (lab_test_id, hosp_id) VALUES ('22', '33');
INSERT INTO surgical_act (med_act_id, primary_doc_id) VALUES ('18', '0301525882');
INSERT INTO surgical_act_doctor_assistants (med_act_id, assistant_id) VALUES ('18', '1206704867');
INSERT INTO surgical_act_nurse_assistants (med_act_id, assistant_id) VALUES ('18', '2903754769');
INSERT INTO surgical_act_nurse_assistants (med_act_id, assistant_id) VALUES ('18', '2810445963');
INSERT INTO medical_act (type, med_proc_id, start_datetime, end_datetime, room_id, cost) VALUES ('Χειρουργική', '713', '1961-09-06 00:00:00', '1961-10-07 00:00:00', '135', '7061.47');
INSERT INTO hosp_med_act (med_act_id, hosp_id) VALUES ('18', '33');
INSERT INTO patient_record (AMKA, hosp_id) VALUES ('0101804896', '33');
INSERT INTO rating (AMKA, hosp_id, medical_care, nursing_care, cleanliness, food, experience) VALUES ('0101804896', '33', '4', '1', '3', '2', '4');
INSERT INTO admission_diagnosis (hosp_id, diag_id) VALUES ('34', 'S13.3');
INSERT INTO discharge_diagnosis (hosp_id, diag_id) VALUES ('34', 'J37');
INSERT INTO hospitalisation (admission_date, discharge_date, dept_name, bed_id, costing_id, carrier_id) VALUES ('2022-10-25', '2023-07-02', 'Psychiatry', '17', '514', '3');
INSERT INTO patient_record (AMKA, hosp_id) VALUES ('0109401716', '34');
INSERT INTO rating (AMKA, hosp_id, medical_care, nursing_care, cleanliness, food, experience) VALUES ('0109401716', '34', '3', '5', '5', '3', '3');
INSERT INTO admission_diagnosis (hosp_id, diag_id) VALUES ('35', 'Q63.1');
INSERT INTO hospitalisation (admission_date, discharge_date, dept_name, bed_id, costing_id, carrier_id) VALUES ('2004-10-04', NULL, 'Pediatrics', '6', '210', '1');
INSERT INTO surgical_act (med_act_id, primary_doc_id) VALUES ('19', '2107936328');
INSERT INTO surgical_act_doctor_assistants (med_act_id, assistant_id) VALUES ('19', '1101779403');
INSERT INTO surgical_act_nurse_assistants (med_act_id, assistant_id) VALUES ('19', '2404736776');
INSERT INTO medical_act (type, med_proc_id, start_datetime, end_datetime, room_id, cost) VALUES ('Χειρουργική', '9509', '2010-07-11 00:00:00', '2010-08-20 00:00:00', '128', '8125.35');
INSERT INTO hosp_med_act (med_act_id, hosp_id) VALUES ('19', '35');
INSERT INTO patient_record (AMKA, hosp_id) VALUES ('2008016740', '35');
INSERT INTO admission_diagnosis (hosp_id, diag_id) VALUES ('36', 'D80.6');
INSERT INTO hospitalisation (admission_date, discharge_date, dept_name, bed_id, costing_id, carrier_id) VALUES ('2007-09-19', NULL, 'General surgery', '2', '248', '4');
INSERT INTO surgical_act (med_act_id, primary_doc_id) VALUES ('20', '0803576389');
INSERT INTO surgical_act_doctor_assistants (med_act_id, assistant_id) VALUES ('20', '1305442503');
INSERT INTO surgical_act_doctor_assistants (med_act_id, assistant_id) VALUES ('20', '1701787998');
INSERT INTO surgical_act_nurse_assistants (med_act_id, assistant_id) VALUES ('20', '1712731602');
INSERT INTO surgical_act_nurse_assistants (med_act_id, assistant_id) VALUES ('20', '0509864586');
INSERT INTO surgical_act_nurse_assistants (med_act_id, assistant_id) VALUES ('20', '2705913673');
INSERT INTO medical_act (type, med_proc_id, start_datetime, end_datetime, room_id, cost) VALUES ('Χειρουργική', '4519', '2000-08-29 00:00:00', '2000-11-16 00:00:00', '50', '7162.48');
INSERT INTO hosp_med_act (med_act_id, hosp_id) VALUES ('20', '36');
INSERT INTO patient_record (AMKA, hosp_id) VALUES ('0101804896', '36');
INSERT INTO admission_diagnosis (hosp_id, diag_id) VALUES ('37', 'Z04.5');
INSERT INTO discharge_diagnosis (hosp_id, diag_id) VALUES ('37', 'S02.6');
INSERT INTO hospitalisation (admission_date, discharge_date, dept_name, bed_id, costing_id, carrier_id) VALUES ('1996-04-08', '1996-07-09', 'ENT', '17', '563', '4');
INSERT INTO medical_act (type, med_proc_id, start_datetime, end_datetime, room_id, cost) VALUES ('Διαγνωστική', '3414', '1949-02-15 00:00:00', '1949-04-11 00:00:00', '139', '3539.84');
INSERT INTO hosp_med_act (med_act_id, hosp_id) VALUES ('21', '37');
INSERT INTO patient_record (AMKA, hosp_id) VALUES ('0810569466', '37');
INSERT INTO rating (AMKA, hosp_id, medical_care, nursing_care, cleanliness, food, experience) VALUES ('0810569466', '37', '2', '2', '5', '4', '5');
INSERT INTO admission_diagnosis (hosp_id, diag_id) VALUES ('38', 'G02.8*');
INSERT INTO discharge_diagnosis (hosp_id, diag_id) VALUES ('38', 'T02.2');
INSERT INTO hospitalisation (admission_date, discharge_date, dept_name, bed_id, costing_id, carrier_id) VALUES ('2002-08-17', '2003-07-01', 'Urology', '15', '32', '10');
INSERT INTO lab_test (med_proc_id, doc_id, date, result, cost) VALUES ('7426', '1905740744', '1969-08-29 00:00:00', 'Βαθμό απλό παραπάνω. Επί κι με με τα.
Εδώ πάντα καλύτερο δείξει παίρνει. Παίρνουν και χαρακτηριστικών υόρκη ήδη προκύπτουν όταν.', '9002.8');
INSERT INTO hosp_lab_test (lab_test_id, hosp_id) VALUES ('23', '38');
INSERT INTO medical_act (type, med_proc_id, start_datetime, end_datetime, room_id, cost) VALUES ('Διαγνωστική', '8410', '2020-12-06 00:00:00', '2020-12-24 00:00:00', '114', '5327.82');
INSERT INTO hosp_med_act (med_act_id, hosp_id) VALUES ('22', '38');
INSERT INTO patient_record (AMKA, hosp_id) VALUES ('2804150485', '38');
INSERT INTO rating (AMKA, hosp_id, medical_care, nursing_care, cleanliness, food, experience) VALUES ('2804150485', '38', '5', '4', '1', '5', '5');
INSERT INTO admission_diagnosis (hosp_id, diag_id) VALUES ('39', 'X40');
INSERT INTO discharge_diagnosis (hosp_id, diag_id) VALUES ('39', 'Z96.3');
INSERT INTO hospitalisation (admission_date, discharge_date, dept_name, bed_id, costing_id, carrier_id) VALUES ('1992-01-20', '1992-09-17', 'Intensive care unit (ICU)', '1', '673', '3');
INSERT INTO lab_test (med_proc_id, doc_id, date, result, cost) VALUES ('8759', '1107638937', '1943-02-14 00:00:00', 'Βασανίζουν μη κόλπα επί άρα. Χειρότερα επενδυτής μιας πιο την.
Σημαντικός ιδιαίτερα άλγεβρα τεκμηριώνει. Ένα πήρε κειμένων διαφήμιση ώρα.', '4260.0');
INSERT INTO hosp_lab_test (lab_test_id, hosp_id) VALUES ('24', '39');
INSERT INTO patient_record (AMKA, hosp_id) VALUES ('1107104535', '39');
INSERT INTO rating (AMKA, hosp_id, medical_care, nursing_care, cleanliness, food, experience) VALUES ('1107104535', '39', '5', '2', '1', '5', '5');
INSERT INTO admission_diagnosis (hosp_id, diag_id) VALUES ('40', 'P07');
INSERT INTO discharge_diagnosis (hosp_id, diag_id) VALUES ('40', 'R19.6');
INSERT INTO hospitalisation (admission_date, discharge_date, dept_name, bed_id, costing_id, carrier_id) VALUES ('2018-07-03', '2018-12-20', 'ENT', '6', '492', '1');
INSERT INTO patient_record (AMKA, hosp_id) VALUES ('0310997090', '40');
INSERT INTO rating (AMKA, hosp_id, medical_care, nursing_care, cleanliness, food, experience) VALUES ('0310997090', '40', '1', '3', '1', '4', '2');
INSERT INTO admission_diagnosis (hosp_id, diag_id) VALUES ('41', 'M68.0*');
INSERT INTO hospitalisation (admission_date, discharge_date, dept_name, bed_id, costing_id, carrier_id) VALUES ('2015-02-16', NULL, 'Gastroenterology', '16', '245', '1');
INSERT INTO lab_test (med_proc_id, doc_id, date, result, cost) VALUES ('2854', '1403910610', '1986-07-17 00:00:00', 'Παράγοντες κόψεις γραμμές επιχείριση όσο διορθώσει υόρκη. Χρησιμοποιούνταν τα στέλνοντάς πεδία είχαμε χώρου. Ποια την μας βασανίζουν.', '6825.2');
INSERT INTO hosp_lab_test (lab_test_id, hosp_id) VALUES ('25', '41');
INSERT INTO surgical_act (med_act_id, primary_doc_id) VALUES ('23', '2108809189');
INSERT INTO surgical_act_doctor_assistants (med_act_id, assistant_id) VALUES ('23', '2206803094');
INSERT INTO surgical_act_nurse_assistants (med_act_id, assistant_id) VALUES ('23', '0509864586');
INSERT INTO surgical_act_nurse_assistants (med_act_id, assistant_id) VALUES ('23', '2906619041');
INSERT INTO medical_act (type, med_proc_id, start_datetime, end_datetime, room_id, cost) VALUES ('Χειρουργική', '8897', '1944-08-03 00:00:00', '1944-09-27 00:00:00', '41', '3664.24');
INSERT INTO hosp_med_act (med_act_id, hosp_id) VALUES ('23', '41');
INSERT INTO patient_record (AMKA, hosp_id) VALUES ('1701599573', '41');
INSERT INTO admission_diagnosis (hosp_id, diag_id) VALUES ('42', 'T20.3');
INSERT INTO hospitalisation (admission_date, discharge_date, dept_name, bed_id, costing_id, carrier_id) VALUES ('2019-12-17', NULL, 'Oncology', '11', '640', '9');
INSERT INTO lab_test (med_proc_id, doc_id, date, result, cost) VALUES ('5916', '2204653007', '1955-02-09 00:00:00', 'Κι παραγωγικής βγήκε και μάλλον και απαράδεκτη. Δωροδοκηθούν στα έχω. Της φακέλους αρχεία διορθώσει ορίστε διακοπής προσεκτικά από.
Διακόψουμε υψηλότερη κοιτάζοντας αναφέρονται πως.', '8467.62');
INSERT INTO hosp_lab_test (lab_test_id, hosp_id) VALUES ('26', '42');
INSERT INTO patient_record (AMKA, hosp_id) VALUES ('3004880014', '42');
INSERT INTO admission_diagnosis (hosp_id, diag_id) VALUES ('43', 'G70.8');
INSERT INTO discharge_diagnosis (hosp_id, diag_id) VALUES ('43', 'K01.1');
INSERT INTO hospitalisation (admission_date, discharge_date, dept_name, bed_id, costing_id, carrier_id) VALUES ('2015-10-12', '2016-04-30', 'Anesthesiology', '13', '532', '3');
INSERT INTO lab_test (med_proc_id, doc_id, date, result, cost) VALUES ('9511', '2406973031', '1945-05-19 00:00:00', 'Εδώ αν διορθώσεις. Δε όσο συγγραφής χαμηλός λοιπόν κι εκτελέσεις. Αποδείξεις διαδίκτυο προγραμματιστής δίνοντας γιαυτό. Διαφήμιση έλεγχος δυστυχής στη όσο θέματα.', '7322.67');
INSERT INTO hosp_lab_test (lab_test_id, hosp_id) VALUES ('27', '43');
INSERT INTO patient_record (AMKA, hosp_id) VALUES ('0108078830', '43');
INSERT INTO rating (AMKA, hosp_id, medical_care, nursing_care, cleanliness, food, experience) VALUES ('0108078830', '43', '3', '4', '2', '4', '1');
INSERT INTO admission_diagnosis (hosp_id, diag_id) VALUES ('44', 'M72.8');
INSERT INTO hospitalisation (admission_date, discharge_date, dept_name, bed_id, costing_id, carrier_id) VALUES ('2014-07-24', NULL, 'Casualty', '4', '83', '3');
INSERT INTO lab_test (med_proc_id, doc_id, date, result, cost) VALUES ('2501', '2412989437', '1997-06-13 00:00:00', 'Νέα παράδειγμα σωστά μη πάρεις. Με εφαμοργής παράδειγμα προκαλείς.
Εκδόσεις αφήσεις προκαλείς νέων βουτήξουν άρα. Πήρε αποστηθίσει αναφέρονται κάνε ότι μια έξι.', '8882.95');
INSERT INTO hosp_lab_test (lab_test_id, hosp_id) VALUES ('28', '44');
INSERT INTO patient_record (AMKA, hosp_id) VALUES ('1604150105', '44');
INSERT INTO admission_diagnosis (hosp_id, diag_id) VALUES ('45', 'Y90.2');
INSERT INTO hospitalisation (admission_date, discharge_date, dept_name, bed_id, costing_id, carrier_id) VALUES ('2019-01-07', NULL, 'Intensive care unit (ICU)', '10', '165', '5');
INSERT INTO medical_act (type, med_proc_id, start_datetime, end_datetime, room_id, cost) VALUES ('Διαγνωστική', '929', '2017-09-20 00:00:00', '2017-12-27 00:00:00', '149', '8531.4');
INSERT INTO hosp_med_act (med_act_id, hosp_id) VALUES ('24', '45');
INSERT INTO patient_record (AMKA, hosp_id) VALUES ('0111730787', '45');
INSERT INTO admission_diagnosis (hosp_id, diag_id) VALUES ('46', 'K05.3');
INSERT INTO discharge_diagnosis (hosp_id, diag_id) VALUES ('46', 'Q95.0');
INSERT INTO hospitalisation (admission_date, discharge_date, dept_name, bed_id, costing_id, carrier_id) VALUES ('2021-04-17', '2021-06-15', 'Anesthesiology', '16', '111', '3');
INSERT INTO lab_test (med_proc_id, doc_id, date, result, cost) VALUES ('4126', '2502654079', '1989-03-07 00:00:00', 'Προσπαθούν κανόνα χρησιμοποιώντας αγοράζοντας λιγότερο σταματάς. Μέρος κώδικάς λέει ταξινομεί προγραμματιστής. Συγκεντρωμένοι σίγουρος δεδομένων απομόνωση πως με.', '7078.79');
INSERT INTO hosp_lab_test (lab_test_id, hosp_id) VALUES ('29', '46');
INSERT INTO medical_act (type, med_proc_id, start_datetime, end_datetime, room_id, cost) VALUES ('Θεραπευτική', '1219', '1983-08-12 00:00:00', '1983-08-17 00:00:00', '25', '9851.23');
INSERT INTO hosp_med_act (med_act_id, hosp_id) VALUES ('25', '46');
INSERT INTO patient_record (AMKA, hosp_id) VALUES ('2504806313', '46');
INSERT INTO rating (AMKA, hosp_id, medical_care, nursing_care, cleanliness, food, experience) VALUES ('2504806313', '46', '2', '1', '1', '2', '2');
INSERT INTO admission_diagnosis (hosp_id, diag_id) VALUES ('47', 'P08');
INSERT INTO hospitalisation (admission_date, discharge_date, dept_name, bed_id, costing_id, carrier_id) VALUES ('2013-04-21', NULL, 'Psychiatry', '3', '430', '10');
INSERT INTO lab_test (med_proc_id, doc_id, date, result, cost) VALUES ('10654', '0301525882', '1975-02-26 00:00:00', 'Ένας διακόψουμε άπειρα τους ότι έτσι δε. Γειτονιάς συγκεντρωμένοι προβληματική προσεκτικά διαφήμιση εργάστηκε ημέρα. Δύο στο ορίστε κανείς παίρνει δε.', '7754.27');
INSERT INTO hosp_lab_test (lab_test_id, hosp_id) VALUES ('30', '47');
INSERT INTO patient_record (AMKA, hosp_id) VALUES ('3004880014', '47');
INSERT INTO admission_diagnosis (hosp_id, diag_id) VALUES ('48', 'T92.3');
INSERT INTO discharge_diagnosis (hosp_id, diag_id) VALUES ('48', 'P08.0');
INSERT INTO hospitalisation (admission_date, discharge_date, dept_name, bed_id, costing_id, carrier_id) VALUES ('2014-07-31', '2015-01-26', 'Cardiology', '13', '599', '10');
INSERT INTO medical_act (type, med_proc_id, start_datetime, end_datetime, room_id, cost) VALUES ('Θεραπευτική', '7505', '1991-01-29 00:00:00', '1991-02-07 00:00:00', '121', '8133.38');
INSERT INTO hosp_med_act (med_act_id, hosp_id) VALUES ('26', '48');
INSERT INTO patient_record (AMKA, hosp_id) VALUES ('2206678855', '48');
INSERT INTO rating (AMKA, hosp_id, medical_care, nursing_care, cleanliness, food, experience) VALUES ('2206678855', '48', '2', '2', '5', '5', '5');
INSERT INTO admission_diagnosis (hosp_id, diag_id) VALUES ('49', 'S29.7');
INSERT INTO hospitalisation (admission_date, discharge_date, dept_name, bed_id, costing_id, carrier_id) VALUES ('2001-10-11', NULL, 'General surgery', '3', '431', '1');
INSERT INTO surgical_act (med_act_id, primary_doc_id) VALUES ('27', '2806888346');
INSERT INTO surgical_act_doctor_assistants (med_act_id, assistant_id) VALUES ('27', '2403567012');
INSERT INTO surgical_act_nurse_assistants (med_act_id, assistant_id) VALUES ('27', '1809580815');
INSERT INTO medical_act (type, med_proc_id, start_datetime, end_datetime, room_id, cost) VALUES ('Χειρουργική', '5561', '1975-12-04 00:00:00', '1975-12-26 00:00:00', '54', '178.85');
INSERT INTO hosp_med_act (med_act_id, hosp_id) VALUES ('27', '49');
INSERT INTO patient_record (AMKA, hosp_id) VALUES ('0111730787', '49');
INSERT INTO admission_diagnosis (hosp_id, diag_id) VALUES ('50', 'A03');
INSERT INTO hospitalisation (admission_date, discharge_date, dept_name, bed_id, costing_id, carrier_id) VALUES ('2003-12-22', NULL, 'Orthopaedic', '13', '263', '3');
INSERT INTO patient_record (AMKA, hosp_id) VALUES ('0909054388', '50');
INSERT INTO admission_diagnosis (hosp_id, diag_id) VALUES ('51', 'P76.9');
INSERT INTO discharge_diagnosis (hosp_id, diag_id) VALUES ('51', 'R82.3');
INSERT INTO hospitalisation (admission_date, discharge_date, dept_name, bed_id, costing_id, carrier_id) VALUES ('1993-08-22', '1994-03-01', 'Opthalmology', '15', '592', '10');
INSERT INTO lab_test (med_proc_id, doc_id, date, result, cost) VALUES ('202', '1807676900', '2026-04-30 00:00:00', 'Αποθηκευτικού περισσότερη δείξει και συνηθίζουν όταν μα γεγονός. Θέλεις μπορούσες την για συγκεντρωμένοι ανώδυνη. Χώρου πετούν γέλασαν.
Πάντα ημέρα σημαντικό στη. Έχω πόρτες άρα τι.', '1574.52');
INSERT INTO hosp_lab_test (lab_test_id, hosp_id) VALUES ('31', '51');
INSERT INTO medical_act (type, med_proc_id, start_datetime, end_datetime, room_id, cost) VALUES ('Θεραπευτική', '2615', '1974-02-28 00:00:00', '1974-03-03 00:00:00', '104', '2003.39');
INSERT INTO hosp_med_act (med_act_id, hosp_id) VALUES ('28', '51');
INSERT INTO patient_record (AMKA, hosp_id) VALUES ('2511134275', '51');
INSERT INTO rating (AMKA, hosp_id, medical_care, nursing_care, cleanliness, food, experience) VALUES ('2511134275', '51', '5', '4', '2', '5', '3');
INSERT INTO admission_diagnosis (hosp_id, diag_id) VALUES ('52', 'C00');
INSERT INTO discharge_diagnosis (hosp_id, diag_id) VALUES ('52', 'A92.1');
INSERT INTO hospitalisation (admission_date, discharge_date, dept_name, bed_id, costing_id, carrier_id) VALUES ('1996-12-28', '1997-02-02', 'Inpatient Department (IPD)', '16', '368', '5');
INSERT INTO patient_record (AMKA, hosp_id) VALUES ('0207071317', '52');
INSERT INTO rating (AMKA, hosp_id, medical_care, nursing_care, cleanliness, food, experience) VALUES ('0207071317', '52', '3', '5', '5', '4', '4');
INSERT INTO admission_diagnosis (hosp_id, diag_id) VALUES ('53', 'I62.9');
INSERT INTO hospitalisation (admission_date, discharge_date, dept_name, bed_id, costing_id, carrier_id) VALUES ('1990-10-27', NULL, 'Psychiatry', '3', '518', '1');
INSERT INTO lab_test (med_proc_id, doc_id, date, result, cost) VALUES ('4872', '2003754733', '1950-08-18 00:00:00', 'Αν πάντα αυτός σαν αποστηθίσει ήδη. Δοκιμάσεις σημαντικό άρθρων ο περιμένουν βγήκε σας δύο.
Συνεντεύξεις γραμμή ας ένα συνεχώς. Να σας πολύ τελειώσει γέλασαν σε δε εδώ.', '1183.23');
INSERT INTO hosp_lab_test (lab_test_id, hosp_id) VALUES ('32', '53');
INSERT INTO patient_record (AMKA, hosp_id) VALUES ('2010587982', '53');
INSERT INTO admission_diagnosis (hosp_id, diag_id) VALUES ('54', 'Q73');
INSERT INTO discharge_diagnosis (hosp_id, diag_id) VALUES ('54', 'D17.6');
INSERT INTO hospitalisation (admission_date, discharge_date, dept_name, bed_id, costing_id, carrier_id) VALUES ('1992-09-25', '1993-08-29', 'ENT', '6', '233', '7');
INSERT INTO medical_act (type, med_proc_id, start_datetime, end_datetime, room_id, cost) VALUES ('Διαγνωστική', '8293', '1963-12-16 00:00:00', '1964-02-01 00:00:00', '136', '7424.94');
INSERT INTO hosp_med_act (med_act_id, hosp_id) VALUES ('29', '54');
INSERT INTO patient_record (AMKA, hosp_id) VALUES ('0811538177', '54');
INSERT INTO rating (AMKA, hosp_id, medical_care, nursing_care, cleanliness, food, experience) VALUES ('0811538177', '54', '5', '4', '2', '4', '5');
INSERT INTO admission_diagnosis (hosp_id, diag_id) VALUES ('55', 'N16.5*');
INSERT INTO discharge_diagnosis (hosp_id, diag_id) VALUES ('55', 'A85.1+');
INSERT INTO hospitalisation (admission_date, discharge_date, dept_name, bed_id, costing_id, carrier_id) VALUES ('2023-10-09', '2024-05-20', 'Intensive care unit (ICU)', '2', '313', '10');
INSERT INTO lab_test (med_proc_id, doc_id, date, result, cost) VALUES ('3877', '3005978572', '1992-12-04 00:00:00', 'Εκτός στέλνοντάς τη βιβλίο. Χρονοδιαγράμματα την θα γραμμής ροή προσοχή. Ότι όχι τις επεξεργασία δεν.', '1306.79');
INSERT INTO hosp_lab_test (lab_test_id, hosp_id) VALUES ('33', '55');
INSERT INTO patient_record (AMKA, hosp_id) VALUES ('2605000835', '55');
INSERT INTO rating (AMKA, hosp_id, medical_care, nursing_care, cleanliness, food, experience) VALUES ('2605000835', '55', '4', '4', '2', '3', '3');
INSERT INTO admission_diagnosis (hosp_id, diag_id) VALUES ('56', 'I27.0');
INSERT INTO hospitalisation (admission_date, discharge_date, dept_name, bed_id, costing_id, carrier_id) VALUES ('2011-11-23', NULL, 'ENT', '17', '13', '1');
INSERT INTO lab_test (med_proc_id, doc_id, date, result, cost) VALUES ('6266', '1708511124', '2023-04-07 00:00:00', 'Κάνε εκτός γράψει αντιλήφθηκαν κανένας απαράδεκτη διακόψουμε ποια. Υπηρεσία πολύ περιεχόμενα.', '5839.33');
INSERT INTO hosp_lab_test (lab_test_id, hosp_id) VALUES ('34', '56');
INSERT INTO medical_act (type, med_proc_id, start_datetime, end_datetime, room_id, cost) VALUES ('Θεραπευτική', '8086', '1960-07-28 00:00:00', '1960-09-10 00:00:00', '136', '6453.58');
INSERT INTO hosp_med_act (med_act_id, hosp_id) VALUES ('30', '56');
INSERT INTO patient_record (AMKA, hosp_id) VALUES ('2003522930', '56');
INSERT INTO admission_diagnosis (hosp_id, diag_id) VALUES ('57', 'J64');
INSERT INTO discharge_diagnosis (hosp_id, diag_id) VALUES ('57', 'Z86.1');
INSERT INTO hospitalisation (admission_date, discharge_date, dept_name, bed_id, costing_id, carrier_id) VALUES ('1992-02-22', '1993-02-09', 'Anesthesiology', '7', '635', '10');
INSERT INTO patient_record (AMKA, hosp_id) VALUES ('0703642164', '57');
INSERT INTO rating (AMKA, hosp_id, medical_care, nursing_care, cleanliness, food, experience) VALUES ('0703642164', '57', '4', '2', '1', '5', '5');
INSERT INTO admission_diagnosis (hosp_id, diag_id) VALUES ('58', 'J70.8');
INSERT INTO hospitalisation (admission_date, discharge_date, dept_name, bed_id, costing_id, carrier_id) VALUES ('2024-01-31', NULL, 'Outpatient Department (OPD)', '9', '532', '8');
INSERT INTO lab_test (med_proc_id, doc_id, date, result, cost) VALUES ('10579', '1101823701', '2002-06-03 00:00:00', 'Τα δεν το τοπικές. Είχαμε ας σπίτι το περιβάλλον.
Γεγονός στο να ρουτίνα κύκλο βιβλίο λέει. Χαρακτηριστικό εκθέσεις εκτός τις συνέχεια πάντως.', '7742.78');
INSERT INTO hosp_lab_test (lab_test_id, hosp_id) VALUES ('35', '58');
INSERT INTO medical_act (type, med_proc_id, start_datetime, end_datetime, room_id, cost) VALUES ('Θεραπευτική', '9648', '2023-07-15 00:00:00', '2023-08-25 00:00:00', '20', '6671.4');
INSERT INTO hosp_med_act (med_act_id, hosp_id) VALUES ('31', '58');
INSERT INTO patient_record (AMKA, hosp_id) VALUES ('1703783686', '58');
INSERT INTO admission_diagnosis (hosp_id, diag_id) VALUES ('59', 'I43.2*');
INSERT INTO discharge_diagnosis (hosp_id, diag_id) VALUES ('59', 'G83.4');
INSERT INTO hospitalisation (admission_date, discharge_date, dept_name, bed_id, costing_id, carrier_id) VALUES ('2014-10-07', '2015-01-29', 'Intensive care unit (ICU)', '4', '404', '1');
INSERT INTO surgical_act (med_act_id, primary_doc_id) VALUES ('32', '2502654079');
INSERT INTO surgical_act_doctor_assistants (med_act_id, assistant_id) VALUES ('32', '0102891639');
INSERT INTO surgical_act_doctor_assistants (med_act_id, assistant_id) VALUES ('32', '2412989437');
INSERT INTO surgical_act_nurse_assistants (med_act_id, assistant_id) VALUES ('32', '2509796665');
INSERT INTO surgical_act_nurse_assistants (med_act_id, assistant_id) VALUES ('32', '2211738105');
INSERT INTO surgical_act_nurse_assistants (med_act_id, assistant_id) VALUES ('32', '0707486851');
INSERT INTO medical_act (type, med_proc_id, start_datetime, end_datetime, room_id, cost) VALUES ('Χειρουργική', '6438', '2015-02-07 00:00:00', '2015-02-17 00:00:00', '85', '256.85');
INSERT INTO hosp_med_act (med_act_id, hosp_id) VALUES ('32', '59');
INSERT INTO patient_record (AMKA, hosp_id) VALUES ('0312807182', '59');
INSERT INTO rating (AMKA, hosp_id, medical_care, nursing_care, cleanliness, food, experience) VALUES ('0312807182', '59', '4', '4', '3', '5', '3');
INSERT INTO admission_diagnosis (hosp_id, diag_id) VALUES ('60', 'D21.5');
INSERT INTO discharge_diagnosis (hosp_id, diag_id) VALUES ('60', 'V88.8');
INSERT INTO hospitalisation (admission_date, discharge_date, dept_name, bed_id, costing_id, carrier_id) VALUES ('2024-09-20', '2025-08-15', 'Pediatrics', '9', '546', '8');
INSERT INTO patient_record (AMKA, hosp_id) VALUES ('1606444802', '60');
INSERT INTO rating (AMKA, hosp_id, medical_care, nursing_care, cleanliness, food, experience) VALUES ('1606444802', '60', '3', '2', '5', '1', '3');
INSERT INTO admission_diagnosis (hosp_id, diag_id) VALUES ('61', 'O32.0');
INSERT INTO discharge_diagnosis (hosp_id, diag_id) VALUES ('61', 'M75.0');
INSERT INTO hospitalisation (admission_date, discharge_date, dept_name, bed_id, costing_id, carrier_id) VALUES ('2021-08-19', '2022-02-11', 'Operating theatre (OT)', '2', '697', '7');
INSERT INTO lab_test (med_proc_id, doc_id, date, result, cost) VALUES ('1968', '0406974498', '1963-04-20 00:00:00', 'Αποστηθίσει ένα μην περιεχόμενα πιο. Πλέον στήλες αναφέρονται τεσσαρών εγώ.
Θέλεις εδώ αρέσει εφαμοργής.', '1595.05');
INSERT INTO hosp_lab_test (lab_test_id, hosp_id) VALUES ('36', '61');
INSERT INTO patient_record (AMKA, hosp_id) VALUES ('3004880014', '61');
INSERT INTO rating (AMKA, hosp_id, medical_care, nursing_care, cleanliness, food, experience) VALUES ('3004880014', '61', '3', '1', '5', '5', '1');
INSERT INTO admission_diagnosis (hosp_id, diag_id) VALUES ('62', 'T79.0');
INSERT INTO hospitalisation (admission_date, discharge_date, dept_name, bed_id, costing_id, carrier_id) VALUES ('2016-11-14', NULL, 'Operating theatre (OT)', '3', '425', '4');
INSERT INTO lab_test (med_proc_id, doc_id, date, result, cost) VALUES ('5648', '1604612218', '2021-12-26 00:00:00', 'Περιεχόμενα συνεχώς ανακλύψεις τους. Και όταν και οι απαραίτητο ιδιαίτερα συγκεντρωμένοι.
Βαθμό εξοργιστικά απίστευτα αποφάσισε μια κειμένων χαρτιού εσωτερικών.
Άπειρα μεταγλωτίσει σαν γραμμής.', '744.18');
INSERT INTO hosp_lab_test (lab_test_id, hosp_id) VALUES ('37', '62');
INSERT INTO patient_record (AMKA, hosp_id) VALUES ('0901459328', '62');
INSERT INTO admission_diagnosis (hosp_id, diag_id) VALUES ('63', 'Q38.1');
INSERT INTO hospitalisation (admission_date, discharge_date, dept_name, bed_id, costing_id, carrier_id) VALUES ('1996-11-22', NULL, 'Psychiatry', '13', '432', '5');
INSERT INTO patient_record (AMKA, hosp_id) VALUES ('0809514500', '63');
INSERT INTO admission_diagnosis (hosp_id, diag_id) VALUES ('64', 'N39.3');
INSERT INTO discharge_diagnosis (hosp_id, diag_id) VALUES ('64', 'S15.1');
INSERT INTO hospitalisation (admission_date, discharge_date, dept_name, bed_id, costing_id, carrier_id) VALUES ('1998-03-12', '1998-11-27', 'Pediatrics', '9', '622', '4');
INSERT INTO medical_act (type, med_proc_id, start_datetime, end_datetime, room_id, cost) VALUES ('Θεραπευτική', '8446', '2018-07-02 00:00:00', '2018-08-15 00:00:00', '140', '5040.23');
INSERT INTO hosp_med_act (med_act_id, hosp_id) VALUES ('33', '64');
INSERT INTO patient_record (AMKA, hosp_id) VALUES ('2108613024', '64');
INSERT INTO rating (AMKA, hosp_id, medical_care, nursing_care, cleanliness, food, experience) VALUES ('2108613024', '64', '5', '5', '5', '2', '5');
INSERT INTO admission_diagnosis (hosp_id, diag_id) VALUES ('65', 'L44.1');
INSERT INTO discharge_diagnosis (hosp_id, diag_id) VALUES ('65', 'D07');
INSERT INTO hospitalisation (admission_date, discharge_date, dept_name, bed_id, costing_id, carrier_id) VALUES ('2008-03-10', '2009-02-01', 'Opthalmology', '6', '243', '4');
INSERT INTO lab_test (med_proc_id, doc_id, date, result, cost) VALUES ('1214', '1608881787', '2020-01-16 00:00:00', 'Έξι εξακολουθεί νέου. Όχι ιδιαίτερα σου φαινόμενο που κρατήσουν φίλος. Κρατήσουν γεγονός επενδυτής τύπους παραπάνω.
Εκθέσεις νόμιζες προσθέσει μου για λέει δε δύο. Δεν εκτός έρθει πετάνε δε.', '6066.23');
INSERT INTO hosp_lab_test (lab_test_id, hosp_id) VALUES ('38', '65');
INSERT INTO medical_act (type, med_proc_id, start_datetime, end_datetime, room_id, cost) VALUES ('Διαγνωστική', '8608', '1954-01-08 00:00:00', '1954-01-28 00:00:00', '61', '7177.44');
INSERT INTO hosp_med_act (med_act_id, hosp_id) VALUES ('34', '65');
INSERT INTO patient_record (AMKA, hosp_id) VALUES ('1401420062', '65');
INSERT INTO rating (AMKA, hosp_id, medical_care, nursing_care, cleanliness, food, experience) VALUES ('1401420062', '65', '4', '3', '5', '2', '2');
INSERT INTO admission_diagnosis (hosp_id, diag_id) VALUES ('66', 'A51.2');
INSERT INTO discharge_diagnosis (hosp_id, diag_id) VALUES ('66', 'S24.2');
INSERT INTO hospitalisation (admission_date, discharge_date, dept_name, bed_id, costing_id, carrier_id) VALUES ('2022-04-19', '2022-07-17', 'Anesthesiology', '11', '448', '8');
INSERT INTO lab_test (med_proc_id, doc_id, date, result, cost) VALUES ('3308', '1104742723', '1993-01-14 00:00:00', 'Χαρακτηριστικών κι αφήσεις εργοστασίου ένα. Ήδη κώδικα ιδιαίτερα θέμα. Χρησιμοποιούσες μια εγώ νέων εξαρτάται τη.', '1553.78');
INSERT INTO hosp_lab_test (lab_test_id, hosp_id) VALUES ('39', '66');
INSERT INTO patient_record (AMKA, hosp_id) VALUES ('0710669025', '66');
INSERT INTO rating (AMKA, hosp_id, medical_care, nursing_care, cleanliness, food, experience) VALUES ('0710669025', '66', '1', '3', '1', '4', '5');
INSERT INTO admission_diagnosis (hosp_id, diag_id) VALUES ('67', 'H30');
INSERT INTO hospitalisation (admission_date, discharge_date, dept_name, bed_id, costing_id, carrier_id) VALUES ('2000-09-26', NULL, 'Oncology', '11', '123', '10');
INSERT INTO lab_test (med_proc_id, doc_id, date, result, cost) VALUES ('2651', '0308718729', '2015-03-28 00:00:00', 'Πάρεις κι συγχωνευτεί βγήκε δείξει συγγραφής νέου. Ευκολότερο ως μέσης όταν εργοστασίου νέων. Αφήσεις σταματάς υποψήφιο.', '8656.79');
INSERT INTO hosp_lab_test (lab_test_id, hosp_id) VALUES ('40', '67');
INSERT INTO medical_act (type, med_proc_id, start_datetime, end_datetime, room_id, cost) VALUES ('Θεραπευτική', '6053', '1943-06-02 00:00:00', '1943-08-05 00:00:00', '76', '3606.9');
INSERT INTO hosp_med_act (med_act_id, hosp_id) VALUES ('35', '67');
INSERT INTO patient_record (AMKA, hosp_id) VALUES ('0703642164', '67');
INSERT INTO admission_diagnosis (hosp_id, diag_id) VALUES ('68', 'C50.8');
INSERT INTO hospitalisation (admission_date, discharge_date, dept_name, bed_id, costing_id, carrier_id) VALUES ('2011-11-30', NULL, 'Haematology', '15', '125', '4');
INSERT INTO lab_test (med_proc_id, doc_id, date, result, cost) VALUES ('4228', '0710954761', '2023-11-17 00:00:00', 'Συγκεντρωμένοι ποια σαν που κανείς ζητήσεις. Ρωτάει έλεγχος βασανίζουν αντιλήφθηκαν.', '6785.74');
INSERT INTO hosp_lab_test (lab_test_id, hosp_id) VALUES ('41', '68');
INSERT INTO surgical_act (med_act_id, primary_doc_id) VALUES ('36', '2403567012');
INSERT INTO surgical_act_doctor_assistants (med_act_id, assistant_id) VALUES ('36', '2203633666');
INSERT INTO surgical_act_doctor_assistants (med_act_id, assistant_id) VALUES ('36', '2406973031');
INSERT INTO surgical_act_nurse_assistants (med_act_id, assistant_id) VALUES ('36', '0909660903');
INSERT INTO surgical_act_nurse_assistants (med_act_id, assistant_id) VALUES ('36', '2202745833');
INSERT INTO surgical_act_nurse_assistants (med_act_id, assistant_id) VALUES ('36', '2005873415');
INSERT INTO medical_act (type, med_proc_id, start_datetime, end_datetime, room_id, cost) VALUES ('Χειρουργική', '5432', '1999-11-20 00:00:00', '1999-12-08 00:00:00', '41', '6885.8');
INSERT INTO hosp_med_act (med_act_id, hosp_id) VALUES ('36', '68');
INSERT INTO patient_record (AMKA, hosp_id) VALUES ('1707168511', '68');
INSERT INTO admission_diagnosis (hosp_id, diag_id) VALUES ('69', 'K75.8');
INSERT INTO hospitalisation (admission_date, discharge_date, dept_name, bed_id, costing_id, carrier_id) VALUES ('2019-05-30', NULL, 'Urology', '13', '186', '7');
INSERT INTO patient_record (AMKA, hosp_id) VALUES ('2205638853', '69');
INSERT INTO admission_diagnosis (hosp_id, diag_id) VALUES ('70', 'Z37.6');
INSERT INTO discharge_diagnosis (hosp_id, diag_id) VALUES ('70', 'B78.1');
INSERT INTO hospitalisation (admission_date, discharge_date, dept_name, bed_id, costing_id, carrier_id) VALUES ('2007-02-08', '2007-05-14', 'Geriatric', '2', '254', '4');
INSERT INTO lab_test (med_proc_id, doc_id, date, result, cost) VALUES ('1495', '3012474240', '2004-10-21 00:00:00', 'Και υπηρεσία από. Μας καλύτερο έλεγχος εργοστασίου τρέξει ύψος δημιουργείς κι. Κάνε πάντως έξι προσθέσει.', '6885.89');
INSERT INTO hosp_lab_test (lab_test_id, hosp_id) VALUES ('42', '70');
INSERT INTO medical_act (type, med_proc_id, start_datetime, end_datetime, room_id, cost) VALUES ('Θεραπευτική', '2182', '2022-02-22 00:00:00', '2022-04-24 00:00:00', '29', '7992.91');
INSERT INTO hosp_med_act (med_act_id, hosp_id) VALUES ('37', '70');
INSERT INTO patient_record (AMKA, hosp_id) VALUES ('2407894508', '70');
INSERT INTO rating (AMKA, hosp_id, medical_care, nursing_care, cleanliness, food, experience) VALUES ('2407894508', '70', '3', '3', '4', '5', '4');
INSERT INTO admission_diagnosis (hosp_id, diag_id) VALUES ('71', 'V19.0');
INSERT INTO discharge_diagnosis (hosp_id, diag_id) VALUES ('71', 'A67.3');
INSERT INTO hospitalisation (admission_date, discharge_date, dept_name, bed_id, costing_id, carrier_id) VALUES ('1996-08-17', '1997-02-13', 'Haematology', '17', '145', '8');
INSERT INTO medical_act (type, med_proc_id, start_datetime, end_datetime, room_id, cost) VALUES ('Διαγνωστική', '530', '2025-08-03 00:00:00', '2025-09-04 00:00:00', '27', '846.34');
INSERT INTO hosp_med_act (med_act_id, hosp_id) VALUES ('38', '71');
INSERT INTO patient_record (AMKA, hosp_id) VALUES ('2610191254', '71');
INSERT INTO rating (AMKA, hosp_id, medical_care, nursing_care, cleanliness, food, experience) VALUES ('2610191254', '71', '2', '1', '3', '4', '4');
INSERT INTO admission_diagnosis (hosp_id, diag_id) VALUES ('72', 'J33.8');
INSERT INTO hospitalisation (admission_date, discharge_date, dept_name, bed_id, costing_id, carrier_id) VALUES ('2018-04-28', NULL, 'Casualty', '5', '525', '8');
INSERT INTO lab_test (med_proc_id, doc_id, date, result, cost) VALUES ('7157', '0411550543', '1955-03-09 00:00:00', 'Μας της πετάνε περισσότερη περιεχόμενα μεταγλωτιστής. Συγχρόνως συγγραφείς ζητήσεις διορθώσει. Τον του έτσι λες κι μάθε.', '6925.01');
INSERT INTO hosp_lab_test (lab_test_id, hosp_id) VALUES ('43', '72');
INSERT INTO patient_record (AMKA, hosp_id) VALUES ('0606009587', '72');
INSERT INTO admission_diagnosis (hosp_id, diag_id) VALUES ('73', 'N11.1');
INSERT INTO discharge_diagnosis (hosp_id, diag_id) VALUES ('73', 'V59.8');
INSERT INTO hospitalisation (admission_date, discharge_date, dept_name, bed_id, costing_id, carrier_id) VALUES ('2011-11-21', '2012-04-22', 'Pediatrics', '14', '639', '4');
INSERT INTO lab_test (med_proc_id, doc_id, date, result, cost) VALUES ('4101', '0909662577', '1957-04-09 00:00:00', 'Ανεπιθύμητη όταν στη τι. Συγχωνευτεί τους φαινόμενο επί μπορούσες. Εφαρμογής τύπους άρα τι. Κι κι απαραίτητο φράση ωραίο ένας.', '9885.13');
INSERT INTO hosp_lab_test (lab_test_id, hosp_id) VALUES ('44', '73');
INSERT INTO medical_act (type, med_proc_id, start_datetime, end_datetime, room_id, cost) VALUES ('Διαγνωστική', '7651', '2017-03-31 00:00:00', '2017-04-01 00:00:00', '139', '8068.18');
INSERT INTO hosp_med_act (med_act_id, hosp_id) VALUES ('39', '73');
INSERT INTO patient_record (AMKA, hosp_id) VALUES ('0902841967', '73');
INSERT INTO rating (AMKA, hosp_id, medical_care, nursing_care, cleanliness, food, experience) VALUES ('0902841967', '73', '5', '5', '2', '5', '4');
INSERT INTO admission_diagnosis (hosp_id, diag_id) VALUES ('74', 'Q40.8');
INSERT INTO discharge_diagnosis (hosp_id, diag_id) VALUES ('74', 'X63');
INSERT INTO hospitalisation (admission_date, discharge_date, dept_name, bed_id, costing_id, carrier_id) VALUES ('2018-10-19', '2019-01-01', 'Gastroenterology', '4', '608', '9');
INSERT INTO patient_record (AMKA, hosp_id) VALUES ('2506962018', '74');
INSERT INTO rating (AMKA, hosp_id, medical_care, nursing_care, cleanliness, food, experience) VALUES ('2506962018', '74', '1', '1', '2', '4', '3');
INSERT INTO admission_diagnosis (hosp_id, diag_id) VALUES ('75', 'L88');
INSERT INTO hospitalisation (admission_date, discharge_date, dept_name, bed_id, costing_id, carrier_id) VALUES ('2025-12-22', NULL, 'Gynaecology', '13', '321', '7');
INSERT INTO lab_test (med_proc_id, doc_id, date, result, cost) VALUES ('5000', '0602879802', '1960-06-08 00:00:00', 'Ναι ξέχασε βάζοντας ένας. Τι πιο ένας. Έχω ένα σκεφτείς κώδικα να.', '4462.73');
INSERT INTO hosp_lab_test (lab_test_id, hosp_id) VALUES ('45', '75');
INSERT INTO patient_record (AMKA, hosp_id) VALUES ('2310002472', '75');
INSERT INTO admission_diagnosis (hosp_id, diag_id) VALUES ('76', 'Y44.0');
INSERT INTO hospitalisation (admission_date, discharge_date, dept_name, bed_id, costing_id, carrier_id) VALUES ('1999-10-10', NULL, 'Anesthesiology', '16', '519', '9');
INSERT INTO lab_test (med_proc_id, doc_id, date, result, cost) VALUES ('9428', '1004748289', '1983-07-10 00:00:00', 'Τις νιρβάνα επιστρέφουν και σταματάς ότι σημαντικό. Ίδιο κανείς απόλαυσε από πεδία κοιτάζοντας ερωτήσεις.', '1469.24');
INSERT INTO hosp_lab_test (lab_test_id, hosp_id) VALUES ('46', '76');
INSERT INTO medical_act (type, med_proc_id, start_datetime, end_datetime, room_id, cost) VALUES ('Θεραπευτική', '7420', '2015-08-26 00:00:00', '2015-09-05 00:00:00', '30', '2470.67');
INSERT INTO hosp_med_act (med_act_id, hosp_id) VALUES ('40', '76');
INSERT INTO patient_record (AMKA, hosp_id) VALUES ('0411682304', '76');
INSERT INTO admission_diagnosis (hosp_id, diag_id) VALUES ('77', 'P71.3');
INSERT INTO discharge_diagnosis (hosp_id, diag_id) VALUES ('77', 'R49.8');
INSERT INTO hospitalisation (admission_date, discharge_date, dept_name, bed_id, costing_id, carrier_id) VALUES ('2019-05-01', '2019-05-03', 'Inpatient Department (IPD)', '3', '220', '7');
INSERT INTO patient_record (AMKA, hosp_id) VALUES ('2703175668', '77');
INSERT INTO rating (AMKA, hosp_id, medical_care, nursing_care, cleanliness, food, experience) VALUES ('2703175668', '77', '3', '1', '2', '3', '1');
INSERT INTO admission_diagnosis (hosp_id, diag_id) VALUES ('78', 'S49.9');
INSERT INTO discharge_diagnosis (hosp_id, diag_id) VALUES ('78', 'K43.1');
INSERT INTO hospitalisation (admission_date, discharge_date, dept_name, bed_id, costing_id, carrier_id) VALUES ('1997-09-22', '1998-02-08', 'Opthalmology', '16', '526', '9');
INSERT INTO lab_test (med_proc_id, doc_id, date, result, cost) VALUES ('397', '1104529817', '1996-11-23 00:00:00', 'Προσθέσει στέλνοντάς εγώ νέο τους ανά. Συνηθίζουν στα περισσότερες δωροδοκηθούν περιεχόμενα. Που περιβάλλοντος κι κώδικάς.', '6893.71');
INSERT INTO hosp_lab_test (lab_test_id, hosp_id) VALUES ('47', '78');
INSERT INTO patient_record (AMKA, hosp_id) VALUES ('2811568894', '78');
INSERT INTO rating (AMKA, hosp_id, medical_care, nursing_care, cleanliness, food, experience) VALUES ('2811568894', '78', '5', '1', '1', '4', '3');
INSERT INTO admission_diagnosis (hosp_id, diag_id) VALUES ('79', 'B52.9');
INSERT INTO hospitalisation (admission_date, discharge_date, dept_name, bed_id, costing_id, carrier_id) VALUES ('2009-04-29', NULL, 'General surgery', '3', '87', '5');
INSERT INTO lab_test (med_proc_id, doc_id, date, result, cost) VALUES ('10640', '1004748289', '2025-02-26 00:00:00', 'Έχω της ως αντιλήφθηκαν περιβάλλοντος μάλλον εργάστηκε. Ανά να συνεχώς εξαρτάται στήλες. Έστελνε μια δε προσπαθούν κι τα. Διακοπή τύπους εδώ υόρκη δύο εδώ σημαντικός εξακολουθεί.', '94.45');
INSERT INTO hosp_lab_test (lab_test_id, hosp_id) VALUES ('48', '79');
INSERT INTO patient_record (AMKA, hosp_id) VALUES ('2009978873', '79');
INSERT INTO admission_diagnosis (hosp_id, diag_id) VALUES ('80', 'B94.9');
INSERT INTO discharge_diagnosis (hosp_id, diag_id) VALUES ('80', 'L23.2');
INSERT INTO hospitalisation (admission_date, discharge_date, dept_name, bed_id, costing_id, carrier_id) VALUES ('2013-12-01', '2014-11-10', 'Operating theatre (OT)', '5', '354', '4');
INSERT INTO medical_act (type, med_proc_id, start_datetime, end_datetime, room_id, cost) VALUES ('Θεραπευτική', '6752', '2024-06-01 00:00:00', '2024-06-17 00:00:00', '24', '171.35');
INSERT INTO hosp_med_act (med_act_id, hosp_id) VALUES ('41', '80');
INSERT INTO patient_record (AMKA, hosp_id) VALUES ('1806851171', '80');
INSERT INTO rating (AMKA, hosp_id, medical_care, nursing_care, cleanliness, food, experience) VALUES ('1806851171', '80', '2', '1', '2', '4', '4');
INSERT INTO admission_diagnosis (hosp_id, diag_id) VALUES ('81', 'S98.4');
INSERT INTO discharge_diagnosis (hosp_id, diag_id) VALUES ('81', 'A26.0');
INSERT INTO hospitalisation (admission_date, discharge_date, dept_name, bed_id, costing_id, carrier_id) VALUES ('1994-03-29', '1994-08-14', 'Casualty', '11', '452', '10');
INSERT INTO medical_act (type, med_proc_id, start_datetime, end_datetime, room_id, cost) VALUES ('Θεραπευτική', '7526', '1964-04-07 00:00:00', '1964-05-29 00:00:00', '88', '1753.12');
INSERT INTO hosp_med_act (med_act_id, hosp_id) VALUES ('42', '81');
INSERT INTO patient_record (AMKA, hosp_id) VALUES ('0809514500', '81');
INSERT INTO rating (AMKA, hosp_id, medical_care, nursing_care, cleanliness, food, experience) VALUES ('0809514500', '81', '2', '5', '5', '4', '1');
INSERT INTO admission_diagnosis (hosp_id, diag_id) VALUES ('82', 'I52*');
INSERT INTO hospitalisation (admission_date, discharge_date, dept_name, bed_id, costing_id, carrier_id) VALUES ('2018-05-22', NULL, 'Cardiology', '13', '634', '5');
INSERT INTO lab_test (med_proc_id, doc_id, date, result, cost) VALUES ('2036', '0308718729', '1962-01-05 00:00:00', 'Μεταγλωτίσει ναι δημιουργια. Ερωτήσεις συγγραφής διάβασε αν λαμβάνουν από εκείνου.', '7878.63');
INSERT INTO hosp_lab_test (lab_test_id, hosp_id) VALUES ('49', '82');
INSERT INTO surgical_act (med_act_id, primary_doc_id) VALUES ('43', '0411550543');
INSERT INTO surgical_act_doctor_assistants (med_act_id, assistant_id) VALUES ('43', '0104436410');
INSERT INTO surgical_act_nurse_assistants (med_act_id, assistant_id) VALUES ('43', '1109842569');
INSERT INTO surgical_act_nurse_assistants (med_act_id, assistant_id) VALUES ('43', '1501974417');
INSERT INTO surgical_act_nurse_assistants (med_act_id, assistant_id) VALUES ('43', '1302478288');
INSERT INTO medical_act (type, med_proc_id, start_datetime, end_datetime, room_id, cost) VALUES ('Χειρουργική', '272', '1946-06-22 00:00:00', '1946-08-04 00:00:00', '1', '4268.59');
INSERT INTO hosp_med_act (med_act_id, hosp_id) VALUES ('43', '82');
INSERT INTO patient_record (AMKA, hosp_id) VALUES ('1401420062', '82');
INSERT INTO admission_diagnosis (hosp_id, diag_id) VALUES ('83', 'Z42.9');
INSERT INTO hospitalisation (admission_date, discharge_date, dept_name, bed_id, costing_id, carrier_id) VALUES ('2003-03-04', NULL, 'Oncology', '15', '676', '6');
INSERT INTO patient_record (AMKA, hosp_id) VALUES ('0809514500', '83');
INSERT INTO admission_diagnosis (hosp_id, diag_id) VALUES ('84', 'N25.8');
INSERT INTO hospitalisation (admission_date, discharge_date, dept_name, bed_id, costing_id, carrier_id) VALUES ('2006-04-17', NULL, 'Oncology', '7', '62', '3');
INSERT INTO lab_test (med_proc_id, doc_id, date, result, cost) VALUES ('6670', '2206803094', '1988-11-09 00:00:00', 'Αυτός ένας ότι αγοράζοντας.
Παραπάνω συγγραφείς παραπάνω πάντα ναι. Περισσότερη τη ένα. Απόλαυσε παραγωγικής κρατάει μιας υψηλότερη σας.', '4138.75');
INSERT INTO hosp_lab_test (lab_test_id, hosp_id) VALUES ('50', '84');
INSERT INTO medical_act (type, med_proc_id, start_datetime, end_datetime, room_id, cost) VALUES ('Θεραπευτική', '10210', '1974-02-08 00:00:00', '1974-02-09 00:00:00', '119', '8112.65');
INSERT INTO hosp_med_act (med_act_id, hosp_id) VALUES ('44', '84');
INSERT INTO patient_record (AMKA, hosp_id) VALUES ('1310165448', '84');
INSERT INTO admission_diagnosis (hosp_id, diag_id) VALUES ('85', 'D89');
INSERT INTO hospitalisation (admission_date, discharge_date, dept_name, bed_id, costing_id, carrier_id) VALUES ('2015-07-04', NULL, 'ENT', '14', '73', '10');
INSERT INTO lab_test (med_proc_id, doc_id, date, result, cost) VALUES ('1220', '0909662577', '1957-06-21 00:00:00', 'Ερωτήσεις συνηθίζουν αποφάσισε προϊόντα. Εταιρείες παίρνει συγχωνευτεί νέου συνέχεια ότι συγγραφής.
Αυτήν μέχρι βασανίζουν αθόρυβες μια. Ατόμου διαφήμιση επιδιόρθωση σίγουρος.', '7964.94');
INSERT INTO hosp_lab_test (lab_test_id, hosp_id) VALUES ('51', '85');
INSERT INTO patient_record (AMKA, hosp_id) VALUES ('2002019993', '85');
INSERT INTO admission_diagnosis (hosp_id, diag_id) VALUES ('86', 'D61.8');
INSERT INTO hospitalisation (admission_date, discharge_date, dept_name, bed_id, costing_id, carrier_id) VALUES ('2017-04-27', NULL, 'Intensive care unit (ICU)', '12', '534', '7');
INSERT INTO lab_test (med_proc_id, doc_id, date, result, cost) VALUES ('9156', '2406973031', '1987-04-10 00:00:00', 'Του ένας πάντα ήδη. Εσωτερικών τύπου σκεφτείς περισσότερη περιβάλλοντος δυστυχής μην έστελνε.', '4776.8');
INSERT INTO hosp_lab_test (lab_test_id, hosp_id) VALUES ('52', '86');
INSERT INTO surgical_act (med_act_id, primary_doc_id) VALUES ('45', '0610661297');
INSERT INTO surgical_act_doctor_assistants (med_act_id, assistant_id) VALUES ('45', '1104742723');
INSERT INTO surgical_act_doctor_assistants (med_act_id, assistant_id) VALUES ('45', '1904466405');
INSERT INTO surgical_act_nurse_assistants (med_act_id, assistant_id) VALUES ('45', '2705913673');
INSERT INTO surgical_act_nurse_assistants (med_act_id, assistant_id) VALUES ('45', '1408697203');
INSERT INTO surgical_act_nurse_assistants (med_act_id, assistant_id) VALUES ('45', '2511766415');
INSERT INTO medical_act (type, med_proc_id, start_datetime, end_datetime, room_id, cost) VALUES ('Χειρουργική', '1062', '1978-12-21 00:00:00', '1979-01-31 00:00:00', '135', '8587.59');
INSERT INTO hosp_med_act (med_act_id, hosp_id) VALUES ('45', '86');
INSERT INTO patient_record (AMKA, hosp_id) VALUES ('2911945638', '86');
INSERT INTO admission_diagnosis (hosp_id, diag_id) VALUES ('87', 'B97.3');
INSERT INTO hospitalisation (admission_date, discharge_date, dept_name, bed_id, costing_id, carrier_id) VALUES ('2020-07-13', NULL, 'General surgery', '12', '501', '4');
INSERT INTO medical_act (type, med_proc_id, start_datetime, end_datetime, room_id, cost) VALUES ('Θεραπευτική', '2653', '1983-05-27 00:00:00', '1983-09-01 00:00:00', '67', '6806.19');
INSERT INTO hosp_med_act (med_act_id, hosp_id) VALUES ('46', '87');
INSERT INTO patient_record (AMKA, hosp_id) VALUES ('1001045340', '87');
INSERT INTO admission_diagnosis (hosp_id, diag_id) VALUES ('88', 'R00');
INSERT INTO discharge_diagnosis (hosp_id, diag_id) VALUES ('88', 'S36.9');
INSERT INTO hospitalisation (admission_date, discharge_date, dept_name, bed_id, costing_id, carrier_id) VALUES ('2023-09-16', '2024-04-21', 'Neurology', '3', '204', '10');
INSERT INTO medical_act (type, med_proc_id, start_datetime, end_datetime, room_id, cost) VALUES ('Διαγνωστική', '9459', '1957-12-20 00:00:00', '1958-01-19 00:00:00', '72', '3388.33');
INSERT INTO hosp_med_act (med_act_id, hosp_id) VALUES ('47', '88');
INSERT INTO patient_record (AMKA, hosp_id) VALUES ('1611791402', '88');
INSERT INTO rating (AMKA, hosp_id, medical_care, nursing_care, cleanliness, food, experience) VALUES ('1611791402', '88', '2', '2', '5', '1', '2');
INSERT INTO admission_diagnosis (hosp_id, diag_id) VALUES ('89', 'S22.0');
INSERT INTO discharge_diagnosis (hosp_id, diag_id) VALUES ('89', 'K66.8');
INSERT INTO hospitalisation (admission_date, discharge_date, dept_name, bed_id, costing_id, carrier_id) VALUES ('1990-11-14', '1991-06-17', 'Anesthesiology', '4', '33', '9');
INSERT INTO lab_test (med_proc_id, doc_id, date, result, cost) VALUES ('8923', '1611592474', '1995-01-24 00:00:00', 'Λες καλύτερο ανά χρησιμοποίησέ. Το γεύματος γεύματος αθόρυβες εργάστηκε θέλεις. Δε συγκεντρωμένοι να.
Απλό κάνεις διαδίκτυο διακοπή λετπά πιο δυστυχής. Δημιουργήσεις που άπειρα.', '8597.66');
INSERT INTO hosp_lab_test (lab_test_id, hosp_id) VALUES ('53', '89');
INSERT INTO medical_act (type, med_proc_id, start_datetime, end_datetime, room_id, cost) VALUES ('Θεραπευτική', '766', '2017-07-19 00:00:00', '2017-09-30 00:00:00', '131', '8594.77');
INSERT INTO hosp_med_act (med_act_id, hosp_id) VALUES ('48', '89');
INSERT INTO patient_record (AMKA, hosp_id) VALUES ('0111730787', '89');
INSERT INTO rating (AMKA, hosp_id, medical_care, nursing_care, cleanliness, food, experience) VALUES ('0111730787', '89', '4', '4', '2', '5', '4');
INSERT INTO admission_diagnosis (hosp_id, diag_id) VALUES ('90', 'A55');
INSERT INTO discharge_diagnosis (hosp_id, diag_id) VALUES ('90', 'P94');
INSERT INTO hospitalisation (admission_date, discharge_date, dept_name, bed_id, costing_id, carrier_id) VALUES ('2011-09-30', '2012-07-16', 'Gastroenterology', '2', '519', '5');
INSERT INTO lab_test (med_proc_id, doc_id, date, result, cost) VALUES ('261', '0903695053', '2005-10-17 00:00:00', 'Μέσης χρονοδιαγράμματος περισσότερη ιδιαίτερα τις καταλάθος τεσσαρών αποθηκευτικού.', '6640.61');
INSERT INTO hosp_lab_test (lab_test_id, hosp_id) VALUES ('54', '90');
INSERT INTO medical_act (type, med_proc_id, start_datetime, end_datetime, room_id, cost) VALUES ('Διαγνωστική', '5129', '1962-03-28 00:00:00', '1962-05-13 00:00:00', '54', '4123.69');
INSERT INTO hosp_med_act (med_act_id, hosp_id) VALUES ('49', '90');
INSERT INTO patient_record (AMKA, hosp_id) VALUES ('2202022427', '90');
INSERT INTO rating (AMKA, hosp_id, medical_care, nursing_care, cleanliness, food, experience) VALUES ('2202022427', '90', '1', '3', '4', '4', '2');
INSERT INTO admission_diagnosis (hosp_id, diag_id) VALUES ('91', 'N74.3*');
INSERT INTO hospitalisation (admission_date, discharge_date, dept_name, bed_id, costing_id, carrier_id) VALUES ('1992-01-20', NULL, 'Urology', '13', '319', '1');
INSERT INTO lab_test (med_proc_id, doc_id, date, result, cost) VALUES ('1486', '2708408067', '1973-01-18 00:00:00', 'Αν στήλες πρόσληψη. Μιας κάτι σας πως ατόμου οι πάρεις εγώ.
Ώρα την σε. Σου τρόποι προβληματική διακοπή. Αυτός ποσοστό ανταγωνιστής για όταν.', '587.56');
INSERT INTO hosp_lab_test (lab_test_id, hosp_id) VALUES ('55', '91');
INSERT INTO patient_record (AMKA, hosp_id) VALUES ('3007710587', '91');
INSERT INTO admission_diagnosis (hosp_id, diag_id) VALUES ('92', 'Z63.3');
INSERT INTO hospitalisation (admission_date, discharge_date, dept_name, bed_id, costing_id, carrier_id) VALUES ('2011-01-16', NULL, 'Operating theatre (OT)', '4', '159', '10');
INSERT INTO lab_test (med_proc_id, doc_id, date, result, cost) VALUES ('2876', '1612748648', '1987-03-06 00:00:00', 'Εκτελέσεις μηχανής τη προσθέσει ίδιο.
Ανά τη εδώ μετρήσεις και άρα. Σαν άρθρων στις. Ύψος το νόμιζες του άρα εκτελέσει.
Για χρονοδιαγράμματος αποφάσισε ημέρα. Υψηλότερη εταιρείες ανεπιθύμητη του.', '6121.77');
INSERT INTO hosp_lab_test (lab_test_id, hosp_id) VALUES ('56', '92');
INSERT INTO surgical_act (med_act_id, primary_doc_id) VALUES ('50', '1101779403');
INSERT INTO surgical_act_doctor_assistants (med_act_id, assistant_id) VALUES ('50', '2312865669');
INSERT INTO surgical_act_nurse_assistants (med_act_id, assistant_id) VALUES ('50', '1602668533');
INSERT INTO surgical_act_nurse_assistants (med_act_id, assistant_id) VALUES ('50', '0311534815');
INSERT INTO surgical_act_nurse_assistants (med_act_id, assistant_id) VALUES ('50', '2211738105');
INSERT INTO medical_act (type, med_proc_id, start_datetime, end_datetime, room_id, cost) VALUES ('Χειρουργική', '3196', '2013-10-04 00:00:00', '2013-11-22 00:00:00', '64', '7721.82');
INSERT INTO hosp_med_act (med_act_id, hosp_id) VALUES ('50', '92');
INSERT INTO patient_record (AMKA, hosp_id) VALUES ('2605000835', '92');
INSERT INTO admission_diagnosis (hosp_id, diag_id) VALUES ('93', 'B30.0+');
INSERT INTO hospitalisation (admission_date, discharge_date, dept_name, bed_id, costing_id, carrier_id) VALUES ('2012-12-18', NULL, 'Inpatient Department (IPD)', '15', '521', '2');
INSERT INTO medical_act (type, med_proc_id, start_datetime, end_datetime, room_id, cost) VALUES ('Θεραπευτική', '8744', '2008-07-07 00:00:00', '2008-07-31 00:00:00', '66', '3395.4');
INSERT INTO hosp_med_act (med_act_id, hosp_id) VALUES ('51', '93');
INSERT INTO patient_record (AMKA, hosp_id) VALUES ('0201438867', '93');
INSERT INTO admission_diagnosis (hosp_id, diag_id) VALUES ('94', 'T94');
INSERT INTO discharge_diagnosis (hosp_id, diag_id) VALUES ('94', 'K45');
INSERT INTO hospitalisation (admission_date, discharge_date, dept_name, bed_id, costing_id, carrier_id) VALUES ('2002-10-31', '2002-11-25', 'Anesthesiology', '6', '269', '7');
INSERT INTO surgical_act (med_act_id, primary_doc_id) VALUES ('52', '0411550543');
INSERT INTO surgical_act_doctor_assistants (med_act_id, assistant_id) VALUES ('52', '0410505068');
INSERT INTO surgical_act_doctor_assistants (med_act_id, assistant_id) VALUES ('52', '0411980022');
INSERT INTO surgical_act_nurse_assistants (med_act_id, assistant_id) VALUES ('52', '0211835314');
INSERT INTO surgical_act_nurse_assistants (med_act_id, assistant_id) VALUES ('52', '1809580815');
INSERT INTO surgical_act_nurse_assistants (med_act_id, assistant_id) VALUES ('52', '2009974419');
INSERT INTO medical_act (type, med_proc_id, start_datetime, end_datetime, room_id, cost) VALUES ('Χειρουργική', '1115', '1949-07-07 00:00:00', '1949-08-17 00:00:00', '9', '1282.71');
INSERT INTO hosp_med_act (med_act_id, hosp_id) VALUES ('52', '94');
INSERT INTO patient_record (AMKA, hosp_id) VALUES ('1003050330', '94');
INSERT INTO rating (AMKA, hosp_id, medical_care, nursing_care, cleanliness, food, experience) VALUES ('1003050330', '94', '1', '4', '5', '4', '1');
INSERT INTO admission_diagnosis (hosp_id, diag_id) VALUES ('95', 'C81.0');
INSERT INTO hospitalisation (admission_date, discharge_date, dept_name, bed_id, costing_id, carrier_id) VALUES ('1994-11-06', NULL, 'Haematology', '2', '208', '2');
INSERT INTO patient_record (AMKA, hosp_id) VALUES ('2707653862', '95');
INSERT INTO admission_diagnosis (hosp_id, diag_id) VALUES ('96', 'H10.1');
INSERT INTO hospitalisation (admission_date, discharge_date, dept_name, bed_id, costing_id, carrier_id) VALUES ('2008-01-08', NULL, 'ENT', '3', '513', '9');
INSERT INTO medical_act (type, med_proc_id, start_datetime, end_datetime, room_id, cost) VALUES ('Θεραπευτική', '5267', '1966-12-06 00:00:00', '1967-02-09 00:00:00', '37', '879.96');
INSERT INTO hosp_med_act (med_act_id, hosp_id) VALUES ('53', '96');
INSERT INTO patient_record (AMKA, hosp_id) VALUES ('1812205224', '96');
INSERT INTO admission_diagnosis (hosp_id, diag_id) VALUES ('97', 'F65');
INSERT INTO discharge_diagnosis (hosp_id, diag_id) VALUES ('97', 'F48.0');
INSERT INTO hospitalisation (admission_date, discharge_date, dept_name, bed_id, costing_id, carrier_id) VALUES ('2009-04-17', '2009-09-08', 'Oncology', '5', '697', '5');
INSERT INTO lab_test (med_proc_id, doc_id, date, result, cost) VALUES ('10287', '0803989228', '2005-10-10 00:00:00', 'Στις εκδόσεις απαρατήρητο μαγικά παραπάνω χρησιμοποίησέ. Σπίτι γιαυτό δύο στα τέλειοι ρωτήσει την.', '6543.12');
INSERT INTO hosp_lab_test (lab_test_id, hosp_id) VALUES ('57', '97');
INSERT INTO patient_record (AMKA, hosp_id) VALUES ('1301589944', '97');
INSERT INTO rating (AMKA, hosp_id, medical_care, nursing_care, cleanliness, food, experience) VALUES ('1301589944', '97', '3', '2', '5', '2', '3');
INSERT INTO admission_diagnosis (hosp_id, diag_id) VALUES ('98', 'S09');
INSERT INTO hospitalisation (admission_date, discharge_date, dept_name, bed_id, costing_id, carrier_id) VALUES ('2023-01-27', NULL, 'Casualty', '15', '140', '5');
INSERT INTO lab_test (med_proc_id, doc_id, date, result, cost) VALUES ('6463', '1104529817', '1994-10-11 00:00:00', 'Όταν περιβάλλον μεταγλωτίσει εκείνου πάντως. Περιβάλλοντος τελειώσει τι.
Μη για θέμα μου από διασφαλίζεται λέει. Σας μηχανής άτομο μετράει που. Επενδυτής τεσσαρών περιεχόμενα εικόνες.', '245.0');
INSERT INTO hosp_lab_test (lab_test_id, hosp_id) VALUES ('58', '98');
INSERT INTO patient_record (AMKA, hosp_id) VALUES ('0201075392', '98');
INSERT INTO admission_diagnosis (hosp_id, diag_id) VALUES ('99', 'B33.4+');
INSERT INTO discharge_diagnosis (hosp_id, diag_id) VALUES ('99', 'B35.3');
INSERT INTO hospitalisation (admission_date, discharge_date, dept_name, bed_id, costing_id, carrier_id) VALUES ('2013-02-07', '2013-10-06', 'Orthopaedic', '2', '46', '1');
INSERT INTO lab_test (med_proc_id, doc_id, date, result, cost) VALUES ('1459', '1912912516', '1999-10-27 00:00:00', 'Μια συγχωνευτεί στο φράση. Γεύματος γνωρίζουμε οι μου μεταγλωτίσει διασφαλίζεται.', '1934.39');
INSERT INTO hosp_lab_test (lab_test_id, hosp_id) VALUES ('59', '99');
INSERT INTO patient_record (AMKA, hosp_id) VALUES ('0111730787', '99');
INSERT INTO rating (AMKA, hosp_id, medical_care, nursing_care, cleanliness, food, experience) VALUES ('0111730787', '99', '5', '3', '5', '3', '4');
INSERT INTO admission_diagnosis (hosp_id, diag_id) VALUES ('100', 'N14.3');
INSERT INTO hospitalisation (admission_date, discharge_date, dept_name, bed_id, costing_id, carrier_id) VALUES ('2014-12-24', NULL, 'Operating theatre (OT)', '9', '566', '4');
INSERT INTO medical_act (type, med_proc_id, start_datetime, end_datetime, room_id, cost) VALUES ('Θεραπευτική', '10635', '1983-01-06 00:00:00', '1983-02-07 00:00:00', '45', '615.14');
INSERT INTO hosp_med_act (med_act_id, hosp_id) VALUES ('54', '100');
INSERT INTO patient_record (AMKA, hosp_id) VALUES ('1912923980', '100');
INSERT INTO admission_diagnosis (hosp_id, diag_id) VALUES ('101', 'Q78.1');
INSERT INTO hospitalisation (admission_date, discharge_date, dept_name, bed_id, costing_id, carrier_id) VALUES ('2001-07-26', NULL, 'Oncology', '5', '485', '9');
INSERT INTO lab_test (med_proc_id, doc_id, date, result, cost) VALUES ('8720', '3012474240', '2000-06-21 00:00:00', 'Χρονοδιαγράμματος περισσότερη συγχρόνως τον τι μετράει. Διαδίκτυο τύπους χρειάζονται πιο. Τις πλέον πρώτοι πετάνε δοκιμάσεις.
Περιμένουν απίστευτα τι. Όσο ποια απόλαυσε έτοιμος δεν.', '273.24');
INSERT INTO hosp_lab_test (lab_test_id, hosp_id) VALUES ('60', '101');
INSERT INTO patient_record (AMKA, hosp_id) VALUES ('0304894372', '101');
INSERT INTO admission_diagnosis (hosp_id, diag_id) VALUES ('102', 'P01.9');
INSERT INTO discharge_diagnosis (hosp_id, diag_id) VALUES ('102', 'T79.3');
INSERT INTO hospitalisation (admission_date, discharge_date, dept_name, bed_id, costing_id, carrier_id) VALUES ('2014-09-15', '2015-07-03', 'Gastroenterology', '14', '355', '3');
INSERT INTO medical_act (type, med_proc_id, start_datetime, end_datetime, room_id, cost) VALUES ('Θεραπευτική', '3631', '1946-05-20 00:00:00', '1946-06-04 00:00:00', '139', '3942.66');
INSERT INTO hosp_med_act (med_act_id, hosp_id) VALUES ('55', '102');
INSERT INTO patient_record (AMKA, hosp_id) VALUES ('2309766706', '102');
INSERT INTO rating (AMKA, hosp_id, medical_care, nursing_care, cleanliness, food, experience) VALUES ('2309766706', '102', '4', '5', '1', '2', '5');
INSERT INTO admission_diagnosis (hosp_id, diag_id) VALUES ('103', 'R78.5');
INSERT INTO hospitalisation (admission_date, discharge_date, dept_name, bed_id, costing_id, carrier_id) VALUES ('2009-04-22', NULL, 'Pediatrics', '10', '217', '7');
INSERT INTO medical_act (type, med_proc_id, start_datetime, end_datetime, room_id, cost) VALUES ('Θεραπευτική', '10061', '1995-05-21 00:00:00', '1995-07-01 00:00:00', '48', '9898.19');
INSERT INTO hosp_med_act (med_act_id, hosp_id) VALUES ('56', '103');
INSERT INTO patient_record (AMKA, hosp_id) VALUES ('1006579997', '103');
INSERT INTO admission_diagnosis (hosp_id, diag_id) VALUES ('104', 'V59.8');
INSERT INTO discharge_diagnosis (hosp_id, diag_id) VALUES ('104', 'Z71.8');
INSERT INTO hospitalisation (admission_date, discharge_date, dept_name, bed_id, costing_id, carrier_id) VALUES ('2014-12-12', '2015-01-15', 'Psychiatry', '13', '546', '4');
INSERT INTO lab_test (med_proc_id, doc_id, date, result, cost) VALUES ('7526', '0909662577', '1968-10-14 00:00:00', 'Γνωστή σωστά παραδώσεις αυτήν ρουτίνα μια. Αυτός τη διακοπής δυστυχώς τους. Έχω γεύματος πηγαίου τρέξει χρειάζονται αποθηκευτικού αρέσει ανεπιθύμητη.', '8349.07');
INSERT INTO hosp_lab_test (lab_test_id, hosp_id) VALUES ('61', '104');
INSERT INTO medical_act (type, med_proc_id, start_datetime, end_datetime, room_id, cost) VALUES ('Θεραπευτική', '3575', '1987-10-05 00:00:00', '1987-12-28 00:00:00', '5', '8312.68');
INSERT INTO hosp_med_act (med_act_id, hosp_id) VALUES ('57', '104');
INSERT INTO patient_record (AMKA, hosp_id) VALUES ('2110576433', '104');
INSERT INTO rating (AMKA, hosp_id, medical_care, nursing_care, cleanliness, food, experience) VALUES ('2110576433', '104', '2', '4', '3', '3', '3');
INSERT INTO admission_diagnosis (hosp_id, diag_id) VALUES ('105', 'I23.3');
INSERT INTO discharge_diagnosis (hosp_id, diag_id) VALUES ('105', 'Q81.1');
INSERT INTO hospitalisation (admission_date, discharge_date, dept_name, bed_id, costing_id, carrier_id) VALUES ('1995-05-02', '1996-03-20', 'Gynaecology', '6', '470', '7');
INSERT INTO lab_test (med_proc_id, doc_id, date, result, cost) VALUES ('10338', '2203633666', '2009-06-02 00:00:00', 'Ανεπιθύμητη του με τοπικές στα πως επεξεργασία λέει. Καλύτερο γειτονιάς χαρτιού απαρατήρητο. Αναγκάζονται χρησιμοποίησέ πάντως στα ρωτάει άρα.
Πλέον επιδιόρθωση προσθέσει αποστηθίσει ως.', '3493.8');
INSERT INTO hosp_lab_test (lab_test_id, hosp_id) VALUES ('62', '105');
INSERT INTO surgical_act (med_act_id, primary_doc_id) VALUES ('58', '1210608936');
INSERT INTO surgical_act_doctor_assistants (med_act_id, assistant_id) VALUES ('58', '1305442503');
INSERT INTO surgical_act_nurse_assistants (med_act_id, assistant_id) VALUES ('58', '1708849364');
INSERT INTO surgical_act_nurse_assistants (med_act_id, assistant_id) VALUES ('58', '2205716047');
INSERT INTO surgical_act_nurse_assistants (med_act_id, assistant_id) VALUES ('58', '3003940529');
INSERT INTO medical_act (type, med_proc_id, start_datetime, end_datetime, room_id, cost) VALUES ('Χειρουργική', '4613', '2010-03-11 00:00:00', '2010-03-29 00:00:00', '110', '6101.27');
INSERT INTO hosp_med_act (med_act_id, hosp_id) VALUES ('58', '105');
INSERT INTO patient_record (AMKA, hosp_id) VALUES ('0810569466', '105');
INSERT INTO rating (AMKA, hosp_id, medical_care, nursing_care, cleanliness, food, experience) VALUES ('0810569466', '105', '2', '4', '5', '5', '4');
INSERT INTO admission_diagnosis (hosp_id, diag_id) VALUES ('106', 'M41');
INSERT INTO discharge_diagnosis (hosp_id, diag_id) VALUES ('106', 'Z61.9');
INSERT INTO hospitalisation (admission_date, discharge_date, dept_name, bed_id, costing_id, carrier_id) VALUES ('2008-04-28', '2008-06-25', 'Oncology', '13', '358', '5');
INSERT INTO lab_test (med_proc_id, doc_id, date, result, cost) VALUES ('10782', '2510927096', '1945-05-19 00:00:00', 'Να εκτελέσει μέχρι σημαντικό κι κόλπα. Προσλάμβανες ίδιο εφαρμογής χαμηλός θέματα πρώτης. Πετάξαμε εκτελέσεις ότι αποστηθίσει.', '2742.74');
INSERT INTO hosp_lab_test (lab_test_id, hosp_id) VALUES ('63', '106');
INSERT INTO medical_act (type, med_proc_id, start_datetime, end_datetime, room_id, cost) VALUES ('Θεραπευτική', '6299', '1996-05-23 00:00:00', '1996-06-23 00:00:00', '67', '1713.44');
INSERT INTO hosp_med_act (med_act_id, hosp_id) VALUES ('59', '106');
INSERT INTO patient_record (AMKA, hosp_id) VALUES ('2310451086', '106');
INSERT INTO rating (AMKA, hosp_id, medical_care, nursing_care, cleanliness, food, experience) VALUES ('2310451086', '106', '1', '5', '3', '3', '5');
INSERT INTO admission_diagnosis (hosp_id, diag_id) VALUES ('107', 'A23.2');
INSERT INTO discharge_diagnosis (hosp_id, diag_id) VALUES ('107', 'A08.2');
INSERT INTO hospitalisation (admission_date, discharge_date, dept_name, bed_id, costing_id, carrier_id) VALUES ('1994-09-25', '1995-05-28', 'Orthopaedic', '15', '119', '3');
INSERT INTO lab_test (med_proc_id, doc_id, date, result, cost) VALUES ('321', '2403567012', '1962-08-14 00:00:00', 'Απίστευτα όχι αγοράζοντας αγοράζοντας κόλπα γραμμής. Λες διορθώσει τύπους έχω επιδιόρθωση μη.
Μιας σκεφτείς θυμάμαι έξι υόρκη ποια. Διάβασε έλεγχος δοκιμάσεις που.', '1242.33');
INSERT INTO hosp_lab_test (lab_test_id, hosp_id) VALUES ('64', '107');
INSERT INTO surgical_act (med_act_id, primary_doc_id) VALUES ('60', '0411980022');
INSERT INTO surgical_act_doctor_assistants (med_act_id, assistant_id) VALUES ('60', '2203718551');
INSERT INTO surgical_act_nurse_assistants (med_act_id, assistant_id) VALUES ('60', '1207679089');
INSERT INTO surgical_act_nurse_assistants (med_act_id, assistant_id) VALUES ('60', '2409746735');
INSERT INTO surgical_act_nurse_assistants (med_act_id, assistant_id) VALUES ('60', '2008408711');
INSERT INTO medical_act (type, med_proc_id, start_datetime, end_datetime, room_id, cost) VALUES ('Χειρουργική', '10614', '1942-02-24 00:00:00', '1942-03-17 00:00:00', '37', '5661.75');
INSERT INTO hosp_med_act (med_act_id, hosp_id) VALUES ('60', '107');
INSERT INTO patient_record (AMKA, hosp_id) VALUES ('2306443752', '107');
INSERT INTO rating (AMKA, hosp_id, medical_care, nursing_care, cleanliness, food, experience) VALUES ('2306443752', '107', '1', '3', '5', '3', '5');
INSERT INTO admission_diagnosis (hosp_id, diag_id) VALUES ('108', 'L40');
INSERT INTO discharge_diagnosis (hosp_id, diag_id) VALUES ('108', 'Z29.0');
INSERT INTO hospitalisation (admission_date, discharge_date, dept_name, bed_id, costing_id, carrier_id) VALUES ('2009-01-31', '2009-03-24', 'Orthopaedic', '16', '172', '8');
INSERT INTO lab_test (med_proc_id, doc_id, date, result, cost) VALUES ('3533', '2803422426', '2006-12-22 00:00:00', 'Εδώ γραμμή επενδυτής. Χρησιμοποιώντας μην απίστευτα μάτσο.
Σου θέματα γεύματος κόλπα ιδιαίτερα. Ίδιο λετπά περιβάλλοντος τρόποι έτσι. Κειμένων σου ιδιαίτερα έχω όταν σημαντικός ποια.', '9382.06');
INSERT INTO hosp_lab_test (lab_test_id, hosp_id) VALUES ('65', '108');
INSERT INTO patient_record (AMKA, hosp_id) VALUES ('1206868578', '108');
INSERT INTO rating (AMKA, hosp_id, medical_care, nursing_care, cleanliness, food, experience) VALUES ('1206868578', '108', '3', '5', '1', '5', '4');
INSERT INTO admission_diagnosis (hosp_id, diag_id) VALUES ('109', 'P78.3');
INSERT INTO hospitalisation (admission_date, discharge_date, dept_name, bed_id, costing_id, carrier_id) VALUES ('1999-08-28', NULL, 'Neurology', '5', '73', '1');
INSERT INTO lab_test (med_proc_id, doc_id, date, result, cost) VALUES ('9196', '2204653007', '1983-01-19 00:00:00', 'Δε ευκολότερο δουλεύει διακοπής. Σημαντικό μην ένα λες ίδιο.
Κανόνα προϊόντα χαρακτηριστικό νέο. Θέμα οι δούλευε. Υπηρεσία διευθυντές στη ναι.
Άρθρων παράδειγμα φράση έτσι αναφορά τη τύπου.', '502.34');
INSERT INTO hosp_lab_test (lab_test_id, hosp_id) VALUES ('66', '109');
INSERT INTO medical_act (type, med_proc_id, start_datetime, end_datetime, room_id, cost) VALUES ('Θεραπευτική', '6325', '1967-01-07 00:00:00', '1967-02-06 00:00:00', '14', '9817.9');
INSERT INTO hosp_med_act (med_act_id, hosp_id) VALUES ('61', '109');
INSERT INTO patient_record (AMKA, hosp_id) VALUES ('2102001772', '109');
INSERT INTO admission_diagnosis (hosp_id, diag_id) VALUES ('110', 'Z71.3');
INSERT INTO discharge_diagnosis (hosp_id, diag_id) VALUES ('110', 'H26.3');
INSERT INTO hospitalisation (admission_date, discharge_date, dept_name, bed_id, costing_id, carrier_id) VALUES ('2014-04-23', '2014-10-23', 'Intensive care unit (ICU)', '6', '260', '9');
INSERT INTO lab_test (med_proc_id, doc_id, date, result, cost) VALUES ('7552', '0903695053', '2008-08-02 00:00:00', 'Ορίστε χαρτιού εταιρείες βασανίζουν ροή πρώτο. Πλέον άρα μεταγλωτιστής διορθώσεις περιβάλλοντος. Τον ως χαρακτηριστικό πρώτοι και.', '1978.38');
INSERT INTO hosp_lab_test (lab_test_id, hosp_id) VALUES ('67', '110');
INSERT INTO patient_record (AMKA, hosp_id) VALUES ('0902165994', '110');
INSERT INTO rating (AMKA, hosp_id, medical_care, nursing_care, cleanliness, food, experience) VALUES ('0902165994', '110', '4', '1', '4', '5', '5');
INSERT INTO admission_diagnosis (hosp_id, diag_id) VALUES ('111', 'S97.0');
INSERT INTO hospitalisation (admission_date, discharge_date, dept_name, bed_id, costing_id, carrier_id) VALUES ('1999-09-09', NULL, 'ENT', '11', '239', '4');
INSERT INTO medical_act (type, med_proc_id, start_datetime, end_datetime, room_id, cost) VALUES ('Διαγνωστική', '846', '2000-12-10 00:00:00', '2001-02-25 00:00:00', '42', '4571.65');
INSERT INTO hosp_med_act (med_act_id, hosp_id) VALUES ('62', '111');
INSERT INTO patient_record (AMKA, hosp_id) VALUES ('2901243442', '111');
INSERT INTO admission_diagnosis (hosp_id, diag_id) VALUES ('112', 'Z01.0');
INSERT INTO discharge_diagnosis (hosp_id, diag_id) VALUES ('112', 'V39.8');
INSERT INTO hospitalisation (admission_date, discharge_date, dept_name, bed_id, costing_id, carrier_id) VALUES ('2022-05-20', '2022-08-04', 'Neurology', '16', '288', '2');
INSERT INTO patient_record (AMKA, hosp_id) VALUES ('3004880014', '112');
INSERT INTO rating (AMKA, hosp_id, medical_care, nursing_care, cleanliness, food, experience) VALUES ('3004880014', '112', '3', '1', '5', '2', '1');
INSERT INTO admission_diagnosis (hosp_id, diag_id) VALUES ('113', 'T92.4');
INSERT INTO hospitalisation (admission_date, discharge_date, dept_name, bed_id, costing_id, carrier_id) VALUES ('2017-08-15', NULL, 'Inpatient Department (IPD)', '13', '53', '10');
INSERT INTO lab_test (med_proc_id, doc_id, date, result, cost) VALUES ('6991', '2301681047', '1988-08-22 00:00:00', 'Εγώ μεταγλωτίσει δε δείξει και περιεχόμενα εδώ. Συνέχεια σημαντικό επιδιορθώσεις επενδυτής.
Βασανίζουν την διακοπής πηγαίου μας ποσοστό το ναι. Επιδιορθώσεις σαν αν γνωστή κώδικάς την θα διορθώσεις.', '3469.25');
INSERT INTO hosp_lab_test (lab_test_id, hosp_id) VALUES ('68', '113');
INSERT INTO medical_act (type, med_proc_id, start_datetime, end_datetime, room_id, cost) VALUES ('Διαγνωστική', '2587', '1980-11-08 00:00:00', '1980-11-14 00:00:00', '86', '9488.8');
INSERT INTO hosp_med_act (med_act_id, hosp_id) VALUES ('63', '113');
INSERT INTO patient_record (AMKA, hosp_id) VALUES ('2010587982', '113');
INSERT INTO admission_diagnosis (hosp_id, diag_id) VALUES ('114', 'C20');
INSERT INTO hospitalisation (admission_date, discharge_date, dept_name, bed_id, costing_id, carrier_id) VALUES ('2001-04-21', NULL, 'Haematology', '5', '431', '7');
INSERT INTO lab_test (med_proc_id, doc_id, date, result, cost) VALUES ('7101', '1604612218', '2004-08-18 00:00:00', 'Διορθώσει βασανίζουν κόψεις πρόσληψη παράγοντες όταν παράγοντες. Γνωστή θυμάμαι κώδικα εφαμοργής δούλευε τις ρωτήσει. Για ευκολότερο οι. Κόψεις δύο δείξει περισσότερη πιο.', '6136.59');
INSERT INTO hosp_lab_test (lab_test_id, hosp_id) VALUES ('69', '114');
INSERT INTO medical_act (type, med_proc_id, start_datetime, end_datetime, room_id, cost) VALUES ('Διαγνωστική', '881', '2001-02-20 00:00:00', '2001-05-16 00:00:00', '26', '2397.07');
INSERT INTO hosp_med_act (med_act_id, hosp_id) VALUES ('64', '114');
INSERT INTO patient_record (AMKA, hosp_id) VALUES ('0312161046', '114');
INSERT INTO admission_diagnosis (hosp_id, diag_id) VALUES ('115', 'T61.2');
INSERT INTO hospitalisation (admission_date, discharge_date, dept_name, bed_id, costing_id, carrier_id) VALUES ('2009-10-20', NULL, 'Neurology', '7', '101', '1');
INSERT INTO lab_test (med_proc_id, doc_id, date, result, cost) VALUES ('2803', '0206637500', '1981-11-06 00:00:00', 'Ναι διακοπή λες που τεσσαρών εργαλείων.
Παίρνει τα για εκδόσεις τρόποι εργασίας επί. Γνωρίζουμε τα εντολές εκείνου πρώτης νέου. Ευκολότερο παράδειγμα φακέλους καλύτερο διευθυντές μέσης.', '7518.54');
INSERT INTO hosp_lab_test (lab_test_id, hosp_id) VALUES ('70', '115');
INSERT INTO medical_act (type, med_proc_id, start_datetime, end_datetime, room_id, cost) VALUES ('Διαγνωστική', '1413', '1998-05-02 00:00:00', '1998-06-07 00:00:00', '7', '1086.87');
INSERT INTO hosp_med_act (med_act_id, hosp_id) VALUES ('65', '115');
INSERT INTO patient_record (AMKA, hosp_id) VALUES ('1711216924', '115');
INSERT INTO admission_diagnosis (hosp_id, diag_id) VALUES ('116', 'Q91.5');
INSERT INTO hospitalisation (admission_date, discharge_date, dept_name, bed_id, costing_id, carrier_id) VALUES ('2000-07-15', NULL, 'Opthalmology', '17', '316', '9');
INSERT INTO lab_test (med_proc_id, doc_id, date, result, cost) VALUES ('883', '2107936328', '1980-06-13 00:00:00', 'Ποσοστό για χρησιμοποιούσες θέματα κόλπα βιβλίο τους. Και απαραίτητο παράγοντες ποια μεταφραστής διαφήμιση.', '8348.55');
INSERT INTO hosp_lab_test (lab_test_id, hosp_id) VALUES ('71', '116');
INSERT INTO medical_act (type, med_proc_id, start_datetime, end_datetime, room_id, cost) VALUES ('Διαγνωστική', '2901', '1979-05-09 00:00:00', '1979-07-18 00:00:00', '9', '8200.3');
INSERT INTO hosp_med_act (med_act_id, hosp_id) VALUES ('66', '116');
INSERT INTO patient_record (AMKA, hosp_id) VALUES ('2408038543', '116');
INSERT INTO admission_diagnosis (hosp_id, diag_id) VALUES ('117', 'H62*');
INSERT INTO discharge_diagnosis (hosp_id, diag_id) VALUES ('117', 'T49.9');
INSERT INTO hospitalisation (admission_date, discharge_date, dept_name, bed_id, costing_id, carrier_id) VALUES ('2013-08-02', '2013-12-17', 'Neurology', '9', '352', '5');
INSERT INTO lab_test (med_proc_id, doc_id, date, result, cost) VALUES ('373', '1608881787', '1952-12-05 00:00:00', 'Πλέον διαχειριστής στο. Δε μέχρι τελειώσει πως όχι.
Προσεκτικά πάντως διάβασε κανένας δυστυχώς. Χάος πάντως μεταγλωτιστής τοπικές πετάνε σταματάς υποψήφιο. Τεκμηριώνει μέχρι πακέτων άρθρων.', '8216.5');
INSERT INTO hosp_lab_test (lab_test_id, hosp_id) VALUES ('72', '117');
INSERT INTO patient_record (AMKA, hosp_id) VALUES ('0909800377', '117');
INSERT INTO rating (AMKA, hosp_id, medical_care, nursing_care, cleanliness, food, experience) VALUES ('0909800377', '117', '5', '2', '2', '5', '4');
INSERT INTO admission_diagnosis (hosp_id, diag_id) VALUES ('118', 'G13.0*');
INSERT INTO hospitalisation (admission_date, discharge_date, dept_name, bed_id, costing_id, carrier_id) VALUES ('2000-08-11', NULL, 'Cardiology', '16', '457', '2');
INSERT INTO medical_act (type, med_proc_id, start_datetime, end_datetime, room_id, cost) VALUES ('Διαγνωστική', '3489', '1943-08-31 00:00:00', '1943-12-03 00:00:00', '106', '3542.59');
INSERT INTO hosp_med_act (med_act_id, hosp_id) VALUES ('67', '118');
INSERT INTO patient_record (AMKA, hosp_id) VALUES ('2406184798', '118');
INSERT INTO admission_diagnosis (hosp_id, diag_id) VALUES ('119', 'K74.3');
INSERT INTO hospitalisation (admission_date, discharge_date, dept_name, bed_id, costing_id, carrier_id) VALUES ('1991-09-18', NULL, 'Intensive care unit (ICU)', '17', '22', '1');
INSERT INTO medical_act (type, med_proc_id, start_datetime, end_datetime, room_id, cost) VALUES ('Διαγνωστική', '2303', '1996-10-11 00:00:00', '1996-10-20 00:00:00', '83', '9504.83');
INSERT INTO hosp_med_act (med_act_id, hosp_id) VALUES ('68', '119');
INSERT INTO patient_record (AMKA, hosp_id) VALUES ('2009978873', '119');
INSERT INTO admission_diagnosis (hosp_id, diag_id) VALUES ('120', 'Y20');
INSERT INTO hospitalisation (admission_date, discharge_date, dept_name, bed_id, costing_id, carrier_id) VALUES ('2000-10-02', NULL, 'Gastroenterology', '8', '619', '6');
INSERT INTO lab_test (med_proc_id, doc_id, date, result, cost) VALUES ('9479', '1206704867', '1943-01-15 00:00:00', 'Χώρου λιγότερο ίδιο έτσι οι εργαζόμενοι. Επενδυτής διάβασε θέματα διασφαλίζεται εργάστηκε μέσης νέα έστειλε. Όσο που πάρα του πλέον ώρα μέγιστη έγραψες.', '6697.1');
INSERT INTO hosp_lab_test (lab_test_id, hosp_id) VALUES ('73', '120');
INSERT INTO surgical_act (med_act_id, primary_doc_id) VALUES ('69', '1107638937');
INSERT INTO surgical_act_doctor_assistants (med_act_id, assistant_id) VALUES ('69', '0109876222');
INSERT INTO surgical_act_doctor_assistants (med_act_id, assistant_id) VALUES ('69', '0803989228');
INSERT INTO surgical_act_nurse_assistants (med_act_id, assistant_id) VALUES ('69', '2012883023');
INSERT INTO surgical_act_nurse_assistants (med_act_id, assistant_id) VALUES ('69', '0302574411');
INSERT INTO surgical_act_nurse_assistants (med_act_id, assistant_id) VALUES ('69', '0707486851');
INSERT INTO medical_act (type, med_proc_id, start_datetime, end_datetime, room_id, cost) VALUES ('Χειρουργική', '7095', '1968-06-21 00:00:00', '1968-08-05 00:00:00', '128', '8884.4');
INSERT INTO hosp_med_act (med_act_id, hosp_id) VALUES ('69', '120');
INSERT INTO patient_record (AMKA, hosp_id) VALUES ('1605708372', '120');
INSERT INTO admission_diagnosis (hosp_id, diag_id) VALUES ('121', 'P01.8');
INSERT INTO hospitalisation (admission_date, discharge_date, dept_name, bed_id, costing_id, carrier_id) VALUES ('1991-05-06', NULL, 'Intensive care unit (ICU)', '10', '106', '5');
INSERT INTO patient_record (AMKA, hosp_id) VALUES ('2508640420', '121');
INSERT INTO admission_diagnosis (hosp_id, diag_id) VALUES ('122', 'G83.2');
INSERT INTO discharge_diagnosis (hosp_id, diag_id) VALUES ('122', 'M13.9');
INSERT INTO hospitalisation (admission_date, discharge_date, dept_name, bed_id, costing_id, carrier_id) VALUES ('2018-05-28', '2019-03-28', 'Inpatient Department (IPD)', '8', '219', '5');
INSERT INTO lab_test (med_proc_id, doc_id, date, result, cost) VALUES ('4032', '2502654079', '2021-07-05 00:00:00', 'Εργαζόμενων του σημαντικός πετάξαμε. Ο άπειρα εκτός εγώ. Σαν λοιπόν τους θέλεις δύο έξι κάνεις.', '9694.25');
INSERT INTO hosp_lab_test (lab_test_id, hosp_id) VALUES ('74', '122');
INSERT INTO surgical_act (med_act_id, primary_doc_id) VALUES ('70', '2107936328');
INSERT INTO surgical_act_doctor_assistants (med_act_id, assistant_id) VALUES ('70', '0803989228');
INSERT INTO surgical_act_doctor_assistants (med_act_id, assistant_id) VALUES ('70', '1004748289');
INSERT INTO surgical_act_nurse_assistants (med_act_id, assistant_id) VALUES ('70', '1302876707');
INSERT INTO medical_act (type, med_proc_id, start_datetime, end_datetime, room_id, cost) VALUES ('Χειρουργική', '9278', '1950-12-19 00:00:00', '1951-01-11 00:00:00', '110', '1047.69');
INSERT INTO hosp_med_act (med_act_id, hosp_id) VALUES ('70', '122');
INSERT INTO patient_record (AMKA, hosp_id) VALUES ('0902841967', '122');
INSERT INTO rating (AMKA, hosp_id, medical_care, nursing_care, cleanliness, food, experience) VALUES ('0902841967', '122', '3', '3', '3', '2', '4');
INSERT INTO admission_diagnosis (hosp_id, diag_id) VALUES ('123', 'T32.2');
INSERT INTO hospitalisation (admission_date, discharge_date, dept_name, bed_id, costing_id, carrier_id) VALUES ('2014-06-19', NULL, 'Anesthesiology', '9', '60', '10');
INSERT INTO lab_test (med_proc_id, doc_id, date, result, cost) VALUES ('5594', '1210671054', '1970-08-07 00:00:00', 'Τι προσεκτικά σε χρησιμοποιούσες.
Προβληματική τη παραπάνω εγώ ναι. Τρέξει που δύο κάνεις. Ζητήσεις πλέον εταιρείες παίρνει πρώτο ποσοστό αναφορά. Αποστηθίσει όταν απομόνωση λοιπόν σκεφτείς ρουτίνα.', '1306.83');
INSERT INTO hosp_lab_test (lab_test_id, hosp_id) VALUES ('75', '123');
INSERT INTO surgical_act (med_act_id, primary_doc_id) VALUES ('71', '0303531282');
INSERT INTO surgical_act_doctor_assistants (med_act_id, assistant_id) VALUES ('71', '0811685025');
INSERT INTO surgical_act_nurse_assistants (med_act_id, assistant_id) VALUES ('71', '1601483351');
INSERT INTO surgical_act_nurse_assistants (med_act_id, assistant_id) VALUES ('71', '2105987694');
INSERT INTO medical_act (type, med_proc_id, start_datetime, end_datetime, room_id, cost) VALUES ('Χειρουργική', '4062', '1995-10-19 00:00:00', '1996-01-15 00:00:00', '123', '1077.36');
INSERT INTO hosp_med_act (med_act_id, hosp_id) VALUES ('71', '123');
INSERT INTO patient_record (AMKA, hosp_id) VALUES ('2511720625', '123');
INSERT INTO admission_diagnosis (hosp_id, diag_id) VALUES ('124', 'N41.1');
INSERT INTO discharge_diagnosis (hosp_id, diag_id) VALUES ('124', 'E67.0');
INSERT INTO hospitalisation (admission_date, discharge_date, dept_name, bed_id, costing_id, carrier_id) VALUES ('1991-10-24', '1992-09-29', 'Outpatient Department (OPD)', '2', '362', '8');
INSERT INTO lab_test (med_proc_id, doc_id, date, result, cost) VALUES ('3086', '1912912516', '1946-12-11 00:00:00', 'Μάτσο αρχεία δε νέο. Κάτι για μην κώδικα.
Μπορούσες κλπ το προβληματική. Παραπάνω υπηρεσία γραμμής ταξινομεί διοικητικό. Αναφορά δε πες τις χρονοδιαγράμματα παραπάνω γιαυτό.', '216.29');
INSERT INTO hosp_lab_test (lab_test_id, hosp_id) VALUES ('76', '124');
INSERT INTO patient_record (AMKA, hosp_id) VALUES ('2003522930', '124');
INSERT INTO rating (AMKA, hosp_id, medical_care, nursing_care, cleanliness, food, experience) VALUES ('2003522930', '124', '4', '3', '2', '2', '5');
INSERT INTO admission_diagnosis (hosp_id, diag_id) VALUES ('125', 'M08.2');
INSERT INTO discharge_diagnosis (hosp_id, diag_id) VALUES ('125', 'K03.6');
INSERT INTO hospitalisation (admission_date, discharge_date, dept_name, bed_id, costing_id, carrier_id) VALUES ('2023-09-11', '2024-04-11', 'Oncology', '3', '627', '7');
INSERT INTO lab_test (med_proc_id, doc_id, date, result, cost) VALUES ('547', '0109876222', '1992-01-21 00:00:00', 'Πηγαίου χαρακτηριστικό σχεδιαστής εργοστασίου διακόψουμε ποσοστό.', '8148.21');
INSERT INTO hosp_lab_test (lab_test_id, hosp_id) VALUES ('77', '125');
INSERT INTO medical_act (type, med_proc_id, start_datetime, end_datetime, room_id, cost) VALUES ('Θεραπευτική', '381', '2001-04-10 00:00:00', '2001-06-08 00:00:00', '36', '4122.16');
INSERT INTO hosp_med_act (med_act_id, hosp_id) VALUES ('72', '125');
INSERT INTO patient_record (AMKA, hosp_id) VALUES ('2301949587', '125');
INSERT INTO rating (AMKA, hosp_id, medical_care, nursing_care, cleanliness, food, experience) VALUES ('2301949587', '125', '1', '1', '4', '1', '3');
INSERT INTO admission_diagnosis (hosp_id, diag_id) VALUES ('126', 'D60.8');
INSERT INTO discharge_diagnosis (hosp_id, diag_id) VALUES ('126', 'F43.8');
INSERT INTO hospitalisation (admission_date, discharge_date, dept_name, bed_id, costing_id, carrier_id) VALUES ('2022-11-28', '2023-09-20', 'Outpatient Department (OPD)', '15', '619', '8');
INSERT INTO patient_record (AMKA, hosp_id) VALUES ('1305257232', '126');
INSERT INTO rating (AMKA, hosp_id, medical_care, nursing_care, cleanliness, food, experience) VALUES ('1305257232', '126', '2', '3', '4', '3', '3');
INSERT INTO admission_diagnosis (hosp_id, diag_id) VALUES ('127', 'Z61.6');
INSERT INTO hospitalisation (admission_date, discharge_date, dept_name, bed_id, costing_id, carrier_id) VALUES ('1991-09-27', NULL, 'Haematology', '9', '436', '10');
INSERT INTO lab_test (med_proc_id, doc_id, date, result, cost) VALUES ('3641', '0903695053', '1982-11-15 00:00:00', 'Από είχαμε επιστρέφουν σας σου δείξει. Σχεδιαστής δίνοντας παραδοτέου μην μέρος.', '3421.73');
INSERT INTO hosp_lab_test (lab_test_id, hosp_id) VALUES ('78', '127');
INSERT INTO medical_act (type, med_proc_id, start_datetime, end_datetime, room_id, cost) VALUES ('Θεραπευτική', '988', '1943-10-05 00:00:00', '1943-11-17 00:00:00', '47', '1114.28');
INSERT INTO hosp_med_act (med_act_id, hosp_id) VALUES ('73', '127');
INSERT INTO patient_record (AMKA, hosp_id) VALUES ('2204842315', '127');
INSERT INTO admission_diagnosis (hosp_id, diag_id) VALUES ('128', 'J95.8');
INSERT INTO hospitalisation (admission_date, discharge_date, dept_name, bed_id, costing_id, carrier_id) VALUES ('2015-11-09', NULL, 'Outpatient Department (OPD)', '11', '310', '9');
INSERT INTO lab_test (med_proc_id, doc_id, date, result, cost) VALUES ('3868', '1403910610', '2015-09-15 00:00:00', 'Πως μετρήσεις γράψει γνωστή να ανά παραδοτέου. Έρθει μεταφραστής πιο φαινόμενο σπίτι στη.
Στα ιδιαίτερα δημιουργια στη. Σημεία μάθε πιο αλγόριθμου. Μου διακοπής χρόνου.', '9668.46');
INSERT INTO hosp_lab_test (lab_test_id, hosp_id) VALUES ('79', '128');
INSERT INTO medical_act (type, med_proc_id, start_datetime, end_datetime, room_id, cost) VALUES ('Διαγνωστική', '5250', '2009-05-02 00:00:00', '2009-05-16 00:00:00', '7', '7829.17');
INSERT INTO hosp_med_act (med_act_id, hosp_id) VALUES ('74', '128');
INSERT INTO patient_record (AMKA, hosp_id) VALUES ('2607069738', '128');
INSERT INTO admission_diagnosis (hosp_id, diag_id) VALUES ('129', 'M90.0*');
INSERT INTO hospitalisation (admission_date, discharge_date, dept_name, bed_id, costing_id, carrier_id) VALUES ('1995-05-09', NULL, 'Outpatient Department (OPD)', '2', '138', '2');
INSERT INTO lab_test (med_proc_id, doc_id, date, result, cost) VALUES ('696', '0602879802', '1952-07-25 00:00:00', 'Έχω διακόψουμε τύπου τύπου έξι τη σημαντικός. Υόρκη γιαυτό μάτσο στέλνοντάς.', '8746.33');
INSERT INTO hosp_lab_test (lab_test_id, hosp_id) VALUES ('80', '129');
INSERT INTO surgical_act (med_act_id, primary_doc_id) VALUES ('75', '1912912516');
INSERT INTO surgical_act_doctor_assistants (med_act_id, assistant_id) VALUES ('75', '2203633666');
INSERT INTO surgical_act_nurse_assistants (med_act_id, assistant_id) VALUES ('75', '1703812899');
INSERT INTO medical_act (type, med_proc_id, start_datetime, end_datetime, room_id, cost) VALUES ('Χειρουργική', '3159', '1994-04-18 00:00:00', '1994-07-03 00:00:00', '85', '1125.04');
INSERT INTO hosp_med_act (med_act_id, hosp_id) VALUES ('75', '129');
INSERT INTO patient_record (AMKA, hosp_id) VALUES ('2109412410', '129');
INSERT INTO admission_diagnosis (hosp_id, diag_id) VALUES ('130', 'I30.0');
INSERT INTO hospitalisation (admission_date, discharge_date, dept_name, bed_id, costing_id, carrier_id) VALUES ('1998-05-20', NULL, 'Orthopaedic', '9', '165', '4');
INSERT INTO patient_record (AMKA, hosp_id) VALUES ('2310451086', '130');
INSERT INTO admission_diagnosis (hosp_id, diag_id) VALUES ('131', 'T57.2');
INSERT INTO hospitalisation (admission_date, discharge_date, dept_name, bed_id, costing_id, carrier_id) VALUES ('2020-11-03', NULL, 'Outpatient Department (OPD)', '2', '351', '6');
INSERT INTO lab_test (med_proc_id, doc_id, date, result, cost) VALUES ('8041', '0803576389', '1941-09-06 00:00:00', 'Χρονοδιαγράμματα υποψήφιο κοιτάζοντας. Μιας πόρτες ας.
Μην μέχρι όχι σημαντικός απομόνωση τη πάντα. Νέου όσο εκτελείται της πως πολύ.', '5752.93');
INSERT INTO hosp_lab_test (lab_test_id, hosp_id) VALUES ('81', '131');
INSERT INTO surgical_act (med_act_id, primary_doc_id) VALUES ('76', '2403567012');
INSERT INTO surgical_act_doctor_assistants (med_act_id, assistant_id) VALUES ('76', '2203633666');
INSERT INTO surgical_act_doctor_assistants (med_act_id, assistant_id) VALUES ('76', '2004702238');
INSERT INTO surgical_act_nurse_assistants (med_act_id, assistant_id) VALUES ('76', '0405455659');
INSERT INTO surgical_act_nurse_assistants (med_act_id, assistant_id) VALUES ('76', '2005873415');
INSERT INTO medical_act (type, med_proc_id, start_datetime, end_datetime, room_id, cost) VALUES ('Χειρουργική', '1202', '2001-08-28 00:00:00', '2001-09-12 00:00:00', '110', '960.57');
INSERT INTO hosp_med_act (med_act_id, hosp_id) VALUES ('76', '131');
INSERT INTO patient_record (AMKA, hosp_id) VALUES ('1204141043', '131');
INSERT INTO admission_diagnosis (hosp_id, diag_id) VALUES ('132', 'Q91');
INSERT INTO hospitalisation (admission_date, discharge_date, dept_name, bed_id, costing_id, carrier_id) VALUES ('2012-07-28', NULL, 'Intensive care unit (ICU)', '15', '533', '1');
INSERT INTO lab_test (med_proc_id, doc_id, date, result, cost) VALUES ('8569', '0308718729', '1941-10-08 00:00:00', 'Φαινόμενο μια να έτσι δυστυχής. Δυστυχής αυτός ανταγωνιστής πάντως. Ίδιο όταν υπηρεσία ανά. Κανένας ως ανταγωνιστής έτοιμος γειτονιάς γιαυτό γνωστή απαρατήρητο.', '8099.04');
INSERT INTO hosp_lab_test (lab_test_id, hosp_id) VALUES ('82', '132');
INSERT INTO medical_act (type, med_proc_id, start_datetime, end_datetime, room_id, cost) VALUES ('Θεραπευτική', '9750', '1989-04-09 00:00:00', '1989-06-26 00:00:00', '111', '8899.49');
INSERT INTO hosp_med_act (med_act_id, hosp_id) VALUES ('77', '132');
INSERT INTO patient_record (AMKA, hosp_id) VALUES ('0806676684', '132');
INSERT INTO admission_diagnosis (hosp_id, diag_id) VALUES ('133', 'Z60.2');
INSERT INTO discharge_diagnosis (hosp_id, diag_id) VALUES ('133', 'L88');
INSERT INTO hospitalisation (admission_date, discharge_date, dept_name, bed_id, costing_id, carrier_id) VALUES ('2021-05-30', '2022-04-01', 'Intensive care unit (ICU)', '11', '379', '7');
INSERT INTO lab_test (med_proc_id, doc_id, date, result, cost) VALUES ('4917', '1701787998', '1982-10-24 00:00:00', 'Αλγόριθμου ροή παράδειγμα πλέον. Απίστευτα ροή συγχωνευτεί. Κι ας ένας οι δουλεύει στήλες.
Άπειρα ανώδυνη έγραψες είχαμε για. Μην ερωτήσεις δεν γραμμές αν ήδη εδώ.', '6764.56');
INSERT INTO hosp_lab_test (lab_test_id, hosp_id) VALUES ('83', '133');
INSERT INTO patient_record (AMKA, hosp_id) VALUES ('0802110745', '133');
INSERT INTO rating (AMKA, hosp_id, medical_care, nursing_care, cleanliness, food, experience) VALUES ('0802110745', '133', '5', '5', '4', '1', '1');
INSERT INTO admission_diagnosis (hosp_id, diag_id) VALUES ('134', 'T43.9');
INSERT INTO discharge_diagnosis (hosp_id, diag_id) VALUES ('134', 'T11.6');
INSERT INTO hospitalisation (admission_date, discharge_date, dept_name, bed_id, costing_id, carrier_id) VALUES ('2011-10-16', '2011-11-21', 'Urology', '10', '671', '3');
INSERT INTO surgical_act (med_act_id, primary_doc_id) VALUES ('78', '1104529817');
INSERT INTO surgical_act_doctor_assistants (med_act_id, assistant_id) VALUES ('78', '2708408067');
INSERT INTO surgical_act_nurse_assistants (med_act_id, assistant_id) VALUES ('78', '0509934508');
INSERT INTO surgical_act_nurse_assistants (med_act_id, assistant_id) VALUES ('78', '1607801274');
INSERT INTO medical_act (type, med_proc_id, start_datetime, end_datetime, room_id, cost) VALUES ('Χειρουργική', '7071', '2023-08-05 00:00:00', '2023-10-28 00:00:00', '2', '1093.02');
INSERT INTO hosp_med_act (med_act_id, hosp_id) VALUES ('78', '134');
INSERT INTO patient_record (AMKA, hosp_id) VALUES ('1303000288', '134');
INSERT INTO rating (AMKA, hosp_id, medical_care, nursing_care, cleanliness, food, experience) VALUES ('1303000288', '134', '4', '2', '2', '2', '4');
INSERT INTO admission_diagnosis (hosp_id, diag_id) VALUES ('135', 'J12.1');
INSERT INTO discharge_diagnosis (hosp_id, diag_id) VALUES ('135', 'F73');
INSERT INTO hospitalisation (admission_date, discharge_date, dept_name, bed_id, costing_id, carrier_id) VALUES ('2015-01-22', '2015-12-14', 'Cardiology', '5', '132', '10');
INSERT INTO medical_act (type, med_proc_id, start_datetime, end_datetime, room_id, cost) VALUES ('Διαγνωστική', '7168', '1973-10-19 00:00:00', '1973-10-20 00:00:00', '37', '3322.2');
INSERT INTO hosp_med_act (med_act_id, hosp_id) VALUES ('79', '135');
INSERT INTO patient_record (AMKA, hosp_id) VALUES ('1712904913', '135');
INSERT INTO rating (AMKA, hosp_id, medical_care, nursing_care, cleanliness, food, experience) VALUES ('1712904913', '135', '3', '3', '2', '1', '5');
INSERT INTO admission_diagnosis (hosp_id, diag_id) VALUES ('136', 'O41.9');
INSERT INTO discharge_diagnosis (hosp_id, diag_id) VALUES ('136', 'B67');
INSERT INTO hospitalisation (admission_date, discharge_date, dept_name, bed_id, costing_id, carrier_id) VALUES ('2006-12-16', '2007-06-01', 'Gastroenterology', '1', '232', '9');
INSERT INTO patient_record (AMKA, hosp_id) VALUES ('2901243442', '136');
INSERT INTO rating (AMKA, hosp_id, medical_care, nursing_care, cleanliness, food, experience) VALUES ('2901243442', '136', '5', '1', '1', '2', '2');
INSERT INTO admission_diagnosis (hosp_id, diag_id) VALUES ('137', 'F20.5');
INSERT INTO discharge_diagnosis (hosp_id, diag_id) VALUES ('137', 'D26.0');
INSERT INTO hospitalisation (admission_date, discharge_date, dept_name, bed_id, costing_id, carrier_id) VALUES ('2005-07-21', '2006-04-14', 'Oncology', '4', '534', '2');
INSERT INTO lab_test (med_proc_id, doc_id, date, result, cost) VALUES ('9362', '2012810248', '1990-10-07 00:00:00', 'Κλπ εδώ αναγκάζονται με στις περιβάλλοντος το άρα. Πιο κειμένων περιεχόμενα εγώ τεσσαρών. Χρονοδιαγράμματα επιστρέφουν όχι δύο.', '4789.23');
INSERT INTO hosp_lab_test (lab_test_id, hosp_id) VALUES ('84', '137');
INSERT INTO patient_record (AMKA, hosp_id) VALUES ('2612578080', '137');
INSERT INTO rating (AMKA, hosp_id, medical_care, nursing_care, cleanliness, food, experience) VALUES ('2612578080', '137', '3', '2', '2', '4', '2');
INSERT INTO admission_diagnosis (hosp_id, diag_id) VALUES ('138', 'V29.0');
INSERT INTO discharge_diagnosis (hosp_id, diag_id) VALUES ('138', 'Q79.8');
INSERT INTO hospitalisation (admission_date, discharge_date, dept_name, bed_id, costing_id, carrier_id) VALUES ('2023-09-18', '2024-08-26', 'Opthalmology', '14', '408', '10');
INSERT INTO lab_test (med_proc_id, doc_id, date, result, cost) VALUES ('2036', '0308718729', '1949-03-23 00:00:00', 'Για χαρακτηριστικών ένα πιο με γνωστή έξι διολισθήσεις. Τελειώσει τρόπο περιβάλλον. Δεν προγραμματιστής δε άρθρων λέει πλέον πάρα.', '2624.79');
INSERT INTO hosp_lab_test (lab_test_id, hosp_id) VALUES ('85', '138');
INSERT INTO medical_act (type, med_proc_id, start_datetime, end_datetime, room_id, cost) VALUES ('Θεραπευτική', '1107', '2001-04-10 00:00:00', '2001-04-14 00:00:00', '22', '1733.77');
INSERT INTO hosp_med_act (med_act_id, hosp_id) VALUES ('80', '138');
INSERT INTO patient_record (AMKA, hosp_id) VALUES ('1011964875', '138');
INSERT INTO rating (AMKA, hosp_id, medical_care, nursing_care, cleanliness, food, experience) VALUES ('1011964875', '138', '4', '2', '4', '4', '3');
INSERT INTO admission_diagnosis (hosp_id, diag_id) VALUES ('139', 'T81.5');
INSERT INTO hospitalisation (admission_date, discharge_date, dept_name, bed_id, costing_id, carrier_id) VALUES ('2018-01-25', NULL, 'Urology', '3', '375', '5');
INSERT INTO lab_test (med_proc_id, doc_id, date, result, cost) VALUES ('814', '2203718551', '1955-06-06 00:00:00', 'Συγχωνευτεί τύπους δεν βασανίζουν. Στις δύο προσπαθήσεις υψηλότερη εργαζόμενοι πιο πάρεις.', '4070.7');
INSERT INTO hosp_lab_test (lab_test_id, hosp_id) VALUES ('86', '139');
INSERT INTO patient_record (AMKA, hosp_id) VALUES ('2605000835', '139');
INSERT INTO admission_diagnosis (hosp_id, diag_id) VALUES ('140', 'F22.8');
INSERT INTO discharge_diagnosis (hosp_id, diag_id) VALUES ('140', 'Q40.1');
INSERT INTO hospitalisation (admission_date, discharge_date, dept_name, bed_id, costing_id, carrier_id) VALUES ('2015-11-04', '2015-12-25', 'Anesthesiology', '14', '206', '5');
INSERT INTO medical_act (type, med_proc_id, start_datetime, end_datetime, room_id, cost) VALUES ('Διαγνωστική', '3882', '1989-08-19 00:00:00', '1989-09-21 00:00:00', '119', '9576.53');
INSERT INTO hosp_med_act (med_act_id, hosp_id) VALUES ('81', '140');
INSERT INTO patient_record (AMKA, hosp_id) VALUES ('2502190371', '140');
INSERT INTO rating (AMKA, hosp_id, medical_care, nursing_care, cleanliness, food, experience) VALUES ('2502190371', '140', '3', '4', '4', '4', '3');
INSERT INTO admission_diagnosis (hosp_id, diag_id) VALUES ('141', 'S66.5');
INSERT INTO hospitalisation (admission_date, discharge_date, dept_name, bed_id, costing_id, carrier_id) VALUES ('1996-08-30', NULL, 'Haematology', '3', '197', '5');
INSERT INTO lab_test (med_proc_id, doc_id, date, result, cost) VALUES ('1024', '2312865669', '1988-02-01 00:00:00', 'Μια απίστευτα έρθει πλέον δωροδοκηθούν. Θέλεις κανένας πιο από χαρακτηριστικών. Αφήσεις εργαζόμενων δύο χρονοδιαγράμματα παράδειγμα πακέτων.', '1017.16');
INSERT INTO hosp_lab_test (lab_test_id, hosp_id) VALUES ('87', '141');
INSERT INTO patient_record (AMKA, hosp_id) VALUES ('0201075392', '141');
INSERT INTO admission_diagnosis (hosp_id, diag_id) VALUES ('142', 'H04.1');
INSERT INTO hospitalisation (admission_date, discharge_date, dept_name, bed_id, costing_id, carrier_id) VALUES ('2021-07-29', NULL, 'Casualty', '2', '412', '5');
INSERT INTO lab_test (med_proc_id, doc_id, date, result, cost) VALUES ('2479', '0811685025', '1991-03-27 00:00:00', 'Θα βασανίζουν χρησιμοποιούσες πήρε παράγοντες του. Βρίσκονται όσο προκαλείς πάντα ήδη ροή.', '5636.69');
INSERT INTO hosp_lab_test (lab_test_id, hosp_id) VALUES ('88', '142');
INSERT INTO medical_act (type, med_proc_id, start_datetime, end_datetime, room_id, cost) VALUES ('Θεραπευτική', '7257', '1981-11-18 00:00:00', '1981-11-20 00:00:00', '5', '5373.6');
INSERT INTO hosp_med_act (med_act_id, hosp_id) VALUES ('82', '142');
INSERT INTO patient_record (AMKA, hosp_id) VALUES ('2612578080', '142');
INSERT INTO admission_diagnosis (hosp_id, diag_id) VALUES ('143', 'E61.5');
INSERT INTO discharge_diagnosis (hosp_id, diag_id) VALUES ('143', 'O22.5');
INSERT INTO hospitalisation (admission_date, discharge_date, dept_name, bed_id, costing_id, carrier_id) VALUES ('2025-01-30', '2025-07-24', 'Haematology', '2', '35', '6');
INSERT INTO lab_test (med_proc_id, doc_id, date, result, cost) VALUES ('2663', '1102752591', '1971-02-27 00:00:00', 'Εδώ εκδόσεις δούλευε μην μια διακοπή. Συγγραφής ποσοστό δούλευε χρησιμοποιώντας.
Έστειλε που σταματάς. Σημαντικός στη καταλάθος έρθει ευκολότερο.', '9034.17');
INSERT INTO hosp_lab_test (lab_test_id, hosp_id) VALUES ('89', '143');
INSERT INTO patient_record (AMKA, hosp_id) VALUES ('2905989988', '143');
INSERT INTO rating (AMKA, hosp_id, medical_care, nursing_care, cleanliness, food, experience) VALUES ('2905989988', '143', '1', '1', '5', '3', '1');
INSERT INTO admission_diagnosis (hosp_id, diag_id) VALUES ('144', 'F06.6');
INSERT INTO discharge_diagnosis (hosp_id, diag_id) VALUES ('144', 'C41.2');
INSERT INTO hospitalisation (admission_date, discharge_date, dept_name, bed_id, costing_id, carrier_id) VALUES ('2008-11-23', '2009-03-15', 'Gastroenterology', '1', '39', '8');
INSERT INTO lab_test (med_proc_id, doc_id, date, result, cost) VALUES ('2943', '3005978572', '1974-06-27 00:00:00', 'Δύο συνάδελφος αναγκάζονται μάθε. Αναγκάζονται χρησιμοποιώντας κρατήσουν των ανώδυνη. Πολύ συγγραφείς ατόμου διολισθήσεις σταματάς πεδία. Γειτονιάς χαρακτηριστικό ανταγωνιστής πρώτοι δούλευε.', '663.68');
INSERT INTO hosp_lab_test (lab_test_id, hosp_id) VALUES ('90', '144');
INSERT INTO patient_record (AMKA, hosp_id) VALUES ('2408038543', '144');
INSERT INTO rating (AMKA, hosp_id, medical_care, nursing_care, cleanliness, food, experience) VALUES ('2408038543', '144', '4', '5', '2', '5', '3');
INSERT INTO admission_diagnosis (hosp_id, diag_id) VALUES ('145', 'L68.2');
INSERT INTO hospitalisation (admission_date, discharge_date, dept_name, bed_id, costing_id, carrier_id) VALUES ('2010-12-28', NULL, 'Oncology', '17', '35', '8');
INSERT INTO lab_test (med_proc_id, doc_id, date, result, cost) VALUES ('3301', '0903695053', '1946-05-08 00:00:00', 'Πετάνε επί επιστρέφουν. Χαμηλός μέρος στέλνοντάς αν βιβλίο μάλλον νόμιζες. Διακοπή βιβλίο επιστρέφουν κειμένων τρόποι τέλειοι.', '606.78');
INSERT INTO hosp_lab_test (lab_test_id, hosp_id) VALUES ('91', '145');
INSERT INTO medical_act (type, med_proc_id, start_datetime, end_datetime, room_id, cost) VALUES ('Διαγνωστική', '4344', '1976-07-10 00:00:00', '1976-09-17 00:00:00', '126', '3018.03');
INSERT INTO hosp_med_act (med_act_id, hosp_id) VALUES ('83', '145');
INSERT INTO patient_record (AMKA, hosp_id) VALUES ('3007049795', '145');
INSERT INTO admission_diagnosis (hosp_id, diag_id) VALUES ('146', 'E27.0');
INSERT INTO discharge_diagnosis (hosp_id, diag_id) VALUES ('146', 'B77');
INSERT INTO hospitalisation (admission_date, discharge_date, dept_name, bed_id, costing_id, carrier_id) VALUES ('1995-10-16', '1995-11-01', 'Orthopaedic', '3', '232', '9');
INSERT INTO medical_act (type, med_proc_id, start_datetime, end_datetime, room_id, cost) VALUES ('Διαγνωστική', '60', '1960-02-21 00:00:00', '1960-04-11 00:00:00', '70', '7231.5');
INSERT INTO hosp_med_act (med_act_id, hosp_id) VALUES ('84', '146');
INSERT INTO patient_record (AMKA, hosp_id) VALUES ('1609864488', '146');
INSERT INTO rating (AMKA, hosp_id, medical_care, nursing_care, cleanliness, food, experience) VALUES ('1609864488', '146', '1', '1', '1', '4', '3');
INSERT INTO admission_diagnosis (hosp_id, diag_id) VALUES ('147', 'D10.9');
INSERT INTO hospitalisation (admission_date, discharge_date, dept_name, bed_id, costing_id, carrier_id) VALUES ('1998-03-10', NULL, 'Intensive care unit (ICU)', '4', '259', '10');
INSERT INTO lab_test (med_proc_id, doc_id, date, result, cost) VALUES ('10136', '2312865669', '1993-08-20 00:00:00', 'Σπίτι γεύματος προσπαθήσεις τα κάτι λέει πιο. Ορίστε πεδία το τους ροή ένας. Μιας για προϊόντα.
Στις αποθηκευτικού παράγοντες υποψήφιο για θέμα. Πιο σαν αποθηκευτικού εργοστασίου βάζοντας.', '2605.07');
INSERT INTO hosp_lab_test (lab_test_id, hosp_id) VALUES ('92', '147');
INSERT INTO patient_record (AMKA, hosp_id) VALUES ('0111730787', '147');
INSERT INTO admission_diagnosis (hosp_id, diag_id) VALUES ('148', 'C60.8');
INSERT INTO hospitalisation (admission_date, discharge_date, dept_name, bed_id, costing_id, carrier_id) VALUES ('2020-07-27', NULL, 'Haematology', '10', '654', '7');
INSERT INTO lab_test (med_proc_id, doc_id, date, result, cost) VALUES ('6101', '0411550543', '1990-09-12 00:00:00', 'Ζητήσεις πάντως μέσης ποια χάος επιδιορθώσεις ανά. Έχω τρέξει προβληματική ναι νέου που απαράδεκτη.
Αρπάζεις ροή την τελειώσει. Σου ευκολότερο ωραίο επιδιόρθωση. Αποθηκευτικού περίπου λες της.', '6202.81');
INSERT INTO hosp_lab_test (lab_test_id, hosp_id) VALUES ('93', '148');
INSERT INTO patient_record (AMKA, hosp_id) VALUES ('2911945638', '148');
INSERT INTO admission_diagnosis (hosp_id, diag_id) VALUES ('149', 'A71.1');
INSERT INTO discharge_diagnosis (hosp_id, diag_id) VALUES ('149', 'H49.9');
INSERT INTO hospitalisation (admission_date, discharge_date, dept_name, bed_id, costing_id, carrier_id) VALUES ('2014-12-31', '2015-03-31', 'Haematology', '15', '542', '4');
INSERT INTO lab_test (med_proc_id, doc_id, date, result, cost) VALUES ('5718', '2304595248', '1952-08-19 00:00:00', 'Γνωστή πάντως έτσι συνηθίζουν χειρότερα. Όχι τρόπο αρπάζεις νέα ναι αποκλειστικούς μάλλον πετούν. Πετάξαμε εργοστασίου πρόσληψη άτομο χαρακτηριστικών ήδη τοπικές χαρτιού.', '8266.44');
INSERT INTO hosp_lab_test (lab_test_id, hosp_id) VALUES ('94', '149');
INSERT INTO patient_record (AMKA, hosp_id) VALUES ('1305257232', '149');
INSERT INTO rating (AMKA, hosp_id, medical_care, nursing_care, cleanliness, food, experience) VALUES ('1305257232', '149', '5', '1', '2', '1', '1');
INSERT INTO admission_diagnosis (hosp_id, diag_id) VALUES ('150', 'K63.3');
INSERT INTO discharge_diagnosis (hosp_id, diag_id) VALUES ('150', 'B18');
INSERT INTO hospitalisation (admission_date, discharge_date, dept_name, bed_id, costing_id, carrier_id) VALUES ('2009-12-22', '2010-11-05', 'General surgery', '2', '547', '7');
INSERT INTO medical_act (type, med_proc_id, start_datetime, end_datetime, room_id, cost) VALUES ('Θεραπευτική', '215', '2008-11-18 00:00:00', '2009-02-19 00:00:00', '64', '9779.49');
INSERT INTO hosp_med_act (med_act_id, hosp_id) VALUES ('85', '150');
INSERT INTO patient_record (AMKA, hosp_id) VALUES ('2009978873', '150');
INSERT INTO rating (AMKA, hosp_id, medical_care, nursing_care, cleanliness, food, experience) VALUES ('2009978873', '150', '1', '2', '4', '2', '1');
INSERT INTO admission_diagnosis (hosp_id, diag_id) VALUES ('151', 'E80');
INSERT INTO hospitalisation (admission_date, discharge_date, dept_name, bed_id, costing_id, carrier_id) VALUES ('2019-12-31', NULL, 'Gynaecology', '6', '259', '3');
INSERT INTO surgical_act (med_act_id, primary_doc_id) VALUES ('86', '2403567012');
INSERT INTO surgical_act_doctor_assistants (med_act_id, assistant_id) VALUES ('86', '1805820786');
INSERT INTO surgical_act_doctor_assistants (med_act_id, assistant_id) VALUES ('86', '1004748289');
INSERT INTO surgical_act_nurse_assistants (med_act_id, assistant_id) VALUES ('86', '2906619041');
INSERT INTO surgical_act_nurse_assistants (med_act_id, assistant_id) VALUES ('86', '0501507716');
INSERT INTO surgical_act_nurse_assistants (med_act_id, assistant_id) VALUES ('86', '1709556112');
INSERT INTO medical_act (type, med_proc_id, start_datetime, end_datetime, room_id, cost) VALUES ('Χειρουργική', '6694', '1970-09-11 00:00:00', '1970-10-28 00:00:00', '115', '757.85');
INSERT INTO hosp_med_act (med_act_id, hosp_id) VALUES ('86', '151');
INSERT INTO patient_record (AMKA, hosp_id) VALUES ('1001045340', '151');
INSERT INTO admission_diagnosis (hosp_id, diag_id) VALUES ('152', 'K12.2');
INSERT INTO discharge_diagnosis (hosp_id, diag_id) VALUES ('152', 'C02.1');
INSERT INTO hospitalisation (admission_date, discharge_date, dept_name, bed_id, costing_id, carrier_id) VALUES ('2023-04-25', '2024-02-07', 'Geriatric', '1', '76', '1');
INSERT INTO lab_test (med_proc_id, doc_id, date, result, cost) VALUES ('2458', '1306562994', '1965-07-17 00:00:00', 'Δε μας συγκεντρωμένοι λες τις για παράδειγμα.
Πόρτες μην δύο στις παίρνουν μαγικά συγκεντρωμένοι. Δυστυχής προσθέσει όχι. Διοικητικό απαράδεκτη ως.
Ποια διευθυντές πολύ ανακλύψεις.', '1401.8');
INSERT INTO hosp_lab_test (lab_test_id, hosp_id) VALUES ('95', '152');
INSERT INTO medical_act (type, med_proc_id, start_datetime, end_datetime, room_id, cost) VALUES ('Θεραπευτική', '3950', '1964-03-31 00:00:00', '1964-04-08 00:00:00', '25', '3330.73');
INSERT INTO hosp_med_act (med_act_id, hosp_id) VALUES ('87', '152');
INSERT INTO patient_record (AMKA, hosp_id) VALUES ('0304894372', '152');
INSERT INTO rating (AMKA, hosp_id, medical_care, nursing_care, cleanliness, food, experience) VALUES ('0304894372', '152', '4', '4', '1', '2', '1');
INSERT INTO admission_diagnosis (hosp_id, diag_id) VALUES ('153', 'A17+');
INSERT INTO hospitalisation (admission_date, discharge_date, dept_name, bed_id, costing_id, carrier_id) VALUES ('1996-09-12', NULL, 'Orthopaedic', '1', '576', '3');
INSERT INTO lab_test (med_proc_id, doc_id, date, result, cost) VALUES ('7718', '2107936328', '1997-06-18 00:00:00', 'Αναφέρονται χαρτιού θα με διαδίκτυο ως. Χαμηλός καλύτερο υποψήφιο εργάστηκε εκτός εδώ. Συνεχώς μου ευκολότερο της αφήσεις στις δείξει πως.', '2763.08');
INSERT INTO hosp_lab_test (lab_test_id, hosp_id) VALUES ('96', '153');
INSERT INTO medical_act (type, med_proc_id, start_datetime, end_datetime, room_id, cost) VALUES ('Διαγνωστική', '10822', '1975-05-09 00:00:00', '1975-06-02 00:00:00', '117', '907.29');
INSERT INTO hosp_med_act (med_act_id, hosp_id) VALUES ('88', '153');
INSERT INTO patient_record (AMKA, hosp_id) VALUES ('2511720625', '153');
INSERT INTO admission_diagnosis (hosp_id, diag_id) VALUES ('154', 'B34.4');
INSERT INTO discharge_diagnosis (hosp_id, diag_id) VALUES ('154', 'M65.3');
INSERT INTO hospitalisation (admission_date, discharge_date, dept_name, bed_id, costing_id, carrier_id) VALUES ('2014-10-11', '2015-05-05', 'Operating theatre (OT)', '13', '335', '7');
INSERT INTO lab_test (med_proc_id, doc_id, date, result, cost) VALUES ('6175', '1307618841', '1954-03-14 00:00:00', 'Πρώτοι τη ημέρα του ένας όσο. Χρειάζονται άλγεβρα σημεία τα δυστυχής μια άρθρων. Με της μέχρι.
Έξι διάβασε νέα μέρος μιας ερώτηση. Μη αρχεία για τον.', '8555.48');
INSERT INTO hosp_lab_test (lab_test_id, hosp_id) VALUES ('97', '154');
INSERT INTO patient_record (AMKA, hosp_id) VALUES ('1806851171', '154');
INSERT INTO rating (AMKA, hosp_id, medical_care, nursing_care, cleanliness, food, experience) VALUES ('1806851171', '154', '1', '3', '3', '4', '4');
INSERT INTO admission_diagnosis (hosp_id, diag_id) VALUES ('155', 'I51.1');
INSERT INTO hospitalisation (admission_date, discharge_date, dept_name, bed_id, costing_id, carrier_id) VALUES ('2023-07-02', NULL, 'Casualty', '7', '446', '3');
INSERT INTO lab_test (med_proc_id, doc_id, date, result, cost) VALUES ('232', '2204653007', '2026-02-13 00:00:00', 'Τις ένας αρπάζεις συνηθίζουν κρατάει. Διευθυντές εργάστηκε μεταγλωτίσει χρησιμοποιούσες δεν μας δύο γνωστή. Κάτι γεύματος παίξουν και άρθρων πρώτο αντιλήφθηκαν.', '5205.69');
INSERT INTO hosp_lab_test (lab_test_id, hosp_id) VALUES ('98', '155');
INSERT INTO patient_record (AMKA, hosp_id) VALUES ('2207566495', '155');
INSERT INTO admission_diagnosis (hosp_id, diag_id) VALUES ('156', 'D82.3');
INSERT INTO discharge_diagnosis (hosp_id, diag_id) VALUES ('156', 'I25.4');
INSERT INTO hospitalisation (admission_date, discharge_date, dept_name, bed_id, costing_id, carrier_id) VALUES ('2024-10-11', '2024-11-01', 'Inpatient Department (IPD)', '16', '644', '6');
INSERT INTO lab_test (med_proc_id, doc_id, date, result, cost) VALUES ('2289', '2003754733', '2025-10-01 00:00:00', 'Ερώτηση ακούσει τύπου τις βρίσκονται άλγεβρα χρησιμοποιούνταν. Προκύπτουν αρπάζεις κι ελέγχου παραπάνω ημέρα. Προσεκτικά έξι διακόψουμε βάζοντας.', '3436.81');
INSERT INTO hosp_lab_test (lab_test_id, hosp_id) VALUES ('99', '156');
INSERT INTO medical_act (type, med_proc_id, start_datetime, end_datetime, room_id, cost) VALUES ('Διαγνωστική', '6780', '1988-01-08 00:00:00', '1988-02-11 00:00:00', '145', '8439.78');
INSERT INTO hosp_med_act (med_act_id, hosp_id) VALUES ('89', '156');
INSERT INTO patient_record (AMKA, hosp_id) VALUES ('2406186258', '156');
INSERT INTO rating (AMKA, hosp_id, medical_care, nursing_care, cleanliness, food, experience) VALUES ('2406186258', '156', '2', '4', '4', '4', '5');
INSERT INTO admission_diagnosis (hosp_id, diag_id) VALUES ('157', 'K91.4');
INSERT INTO discharge_diagnosis (hosp_id, diag_id) VALUES ('157', 'M49.2*');
INSERT INTO hospitalisation (admission_date, discharge_date, dept_name, bed_id, costing_id, carrier_id) VALUES ('2016-05-17', '2016-09-22', 'ENT', '12', '202', '3');
INSERT INTO patient_record (AMKA, hosp_id) VALUES ('1106850236', '157');
INSERT INTO rating (AMKA, hosp_id, medical_care, nursing_care, cleanliness, food, experience) VALUES ('1106850236', '157', '3', '2', '4', '1', '4');
INSERT INTO admission_diagnosis (hosp_id, diag_id) VALUES ('158', 'T83.8');
INSERT INTO hospitalisation (admission_date, discharge_date, dept_name, bed_id, costing_id, carrier_id) VALUES ('2007-09-26', NULL, 'Cardiology', '2', '407', '1');
INSERT INTO lab_test (med_proc_id, doc_id, date, result, cost) VALUES ('5957', '1904466405', '1945-05-01 00:00:00', 'Ίδιο πλέον πρώτης δυστυχώς συγκεντρωμένοι στραβά. Γράψει κάνε σαν σας διαπιστώνεις ως δημιουργείς τρόπο.
Διαδίκτυο άρα που. Κι έτσι ειδικά μετράει.', '4007.07');
INSERT INTO hosp_lab_test (lab_test_id, hosp_id) VALUES ('100', '158');
INSERT INTO medical_act (type, med_proc_id, start_datetime, end_datetime, room_id, cost) VALUES ('Διαγνωστική', '9635', '1959-12-16 00:00:00', '1960-02-14 00:00:00', '43', '7903.59');
INSERT INTO hosp_med_act (med_act_id, hosp_id) VALUES ('90', '158');
INSERT INTO patient_record (AMKA, hosp_id) VALUES ('2605000835', '158');
INSERT INTO admission_diagnosis (hosp_id, diag_id) VALUES ('159', 'Q64.5');
INSERT INTO hospitalisation (admission_date, discharge_date, dept_name, bed_id, costing_id, carrier_id) VALUES ('2011-02-17', NULL, 'Intensive care unit (ICU)', '11', '267', '7');
INSERT INTO lab_test (med_proc_id, doc_id, date, result, cost) VALUES ('10062', '0710954761', '1959-08-23 00:00:00', 'Έξι περιβάλλοντος τους εργαζόμενων. Συνάδελφος αποθηκευτικού έστελνε κάτι εργασίας παραδοτέου δείξει. Τοπικές στα στέλνοντάς ο χαρτιού ζητήσεις.', '4477.68');
INSERT INTO hosp_lab_test (lab_test_id, hosp_id) VALUES ('101', '159');
INSERT INTO medical_act (type, med_proc_id, start_datetime, end_datetime, room_id, cost) VALUES ('Θεραπευτική', '4359', '1999-08-20 00:00:00', '1999-11-04 00:00:00', '54', '7434.36');
INSERT INTO hosp_med_act (med_act_id, hosp_id) VALUES ('91', '159');
INSERT INTO patient_record (AMKA, hosp_id) VALUES ('1207639651', '159');
INSERT INTO admission_diagnosis (hosp_id, diag_id) VALUES ('160', 'Q75.0');
INSERT INTO discharge_diagnosis (hosp_id, diag_id) VALUES ('160', 'J96');
INSERT INTO hospitalisation (admission_date, discharge_date, dept_name, bed_id, costing_id, carrier_id) VALUES ('1993-01-05', '1993-03-27', 'General surgery', '5', '341', '5');
INSERT INTO lab_test (med_proc_id, doc_id, date, result, cost) VALUES ('286', '2403567012', '1941-04-09 00:00:00', 'Στέλνοντάς πιο ανεπιθύμητη έξι μου παραδώσεις γράψει.
Σημαντικός ένας πάντως λιγότερο μεταγλωτίσει ζητήσεις. Ανακλύψεις ανά γνωρίζουμε κάτι έτσι πλέον. Κάνεις μέχρι ίδιο.', '431.22');
INSERT INTO hosp_lab_test (lab_test_id, hosp_id) VALUES ('102', '160');
INSERT INTO patient_record (AMKA, hosp_id) VALUES ('0212826741', '160');
INSERT INTO rating (AMKA, hosp_id, medical_care, nursing_care, cleanliness, food, experience) VALUES ('0212826741', '160', '1', '5', '4', '4', '4');
INSERT INTO admission_diagnosis (hosp_id, diag_id) VALUES ('161', 'T01.9');
INSERT INTO hospitalisation (admission_date, discharge_date, dept_name, bed_id, costing_id, carrier_id) VALUES ('1991-06-28', NULL, 'Psychiatry', '7', '335', '1');
INSERT INTO medical_act (type, med_proc_id, start_datetime, end_datetime, room_id, cost) VALUES ('Διαγνωστική', '6434', '2005-08-15 00:00:00', '2005-09-25 00:00:00', '47', '4153.8');
INSERT INTO hosp_med_act (med_act_id, hosp_id) VALUES ('92', '161');
INSERT INTO patient_record (AMKA, hosp_id) VALUES ('1106697015', '161');
INSERT INTO admission_diagnosis (hosp_id, diag_id) VALUES ('162', 'K60.5');
INSERT INTO hospitalisation (admission_date, discharge_date, dept_name, bed_id, costing_id, carrier_id) VALUES ('1997-10-26', NULL, 'Pediatrics', '8', '270', '5');
INSERT INTO lab_test (med_proc_id, doc_id, date, result, cost) VALUES ('4555', '0303531282', '2002-04-30 00:00:00', 'Πιο μη για κάνε δείξει συνεχώς. Εκείνου θα λιγότερο τα μην γεύματος.
Δείξει απλό συγχωνευτεί ελέγχου φίλος κι πως. Άρθρων βιβλίο της.', '7176.59');
INSERT INTO hosp_lab_test (lab_test_id, hosp_id) VALUES ('103', '162');
INSERT INTO patient_record (AMKA, hosp_id) VALUES ('1909520787', '162');
INSERT INTO admission_diagnosis (hosp_id, diag_id) VALUES ('163', 'I49.8');
INSERT INTO discharge_diagnosis (hosp_id, diag_id) VALUES ('163', 'R49');
INSERT INTO hospitalisation (admission_date, discharge_date, dept_name, bed_id, costing_id, carrier_id) VALUES ('2008-10-01', '2009-06-15', 'Psychiatry', '7', '570', '5');
INSERT INTO lab_test (med_proc_id, doc_id, date, result, cost) VALUES ('3535', '1708511124', '1956-07-15 00:00:00', 'Στις μεταγλωτιστής χάος κόλπα χαρτιού θα απαράδεκτη. Πιο προσπαθήσεις βιβλίο δεν πολύ.
Δείξει μερικούς πολύ μέρος τεκμηριώνει σε όχι. Αποκλειστικούς απαράδεκτη σας.', '4298.44');
INSERT INTO hosp_lab_test (lab_test_id, hosp_id) VALUES ('104', '163');
INSERT INTO patient_record (AMKA, hosp_id) VALUES ('1006579997', '163');
INSERT INTO rating (AMKA, hosp_id, medical_care, nursing_care, cleanliness, food, experience) VALUES ('1006579997', '163', '2', '5', '3', '1', '3');
INSERT INTO admission_diagnosis (hosp_id, diag_id) VALUES ('164', 'A48.2');
INSERT INTO hospitalisation (admission_date, discharge_date, dept_name, bed_id, costing_id, carrier_id) VALUES ('2021-05-01', NULL, 'Opthalmology', '16', '473', '9');
INSERT INTO lab_test (med_proc_id, doc_id, date, result, cost) VALUES ('3663', '0301525882', '1979-08-07 00:00:00', 'Λετπά μερικούς θα έρθει συγγραφείς προϊόντα κλπ. Διαχειριστής βουτήξουν έξι γνωρίζουμε διακοπής.
Επιστρέφουν έρθει τη στις των υόρκη εφαμοργής. Όσο κανένας του των τύπου. Εκδόσεις του συγγραφής.', '5344.36');
INSERT INTO hosp_lab_test (lab_test_id, hosp_id) VALUES ('105', '164');
INSERT INTO patient_record (AMKA, hosp_id) VALUES ('2204842315', '164');
INSERT INTO admission_diagnosis (hosp_id, diag_id) VALUES ('165', 'P11.5');
INSERT INTO hospitalisation (admission_date, discharge_date, dept_name, bed_id, costing_id, carrier_id) VALUES ('2011-11-25', NULL, 'ENT', '6', '134', '6');
INSERT INTO lab_test (med_proc_id, doc_id, date, result, cost) VALUES ('5964', '0602879802', '2010-11-17 00:00:00', 'Πήρε πάρεις συνεντεύξεις χρονοδιαγράμματα που επί ώρα.
Απόλαυσε διορθώσει πετάνε όχι άπειρα λετπά συγχωνευτεί. Μπορούσες εδώ έτσι στέλνοντάς συγχρόνως χώρου. Άρθρων υπηρεσία λίγο μου κι άρα.', '3903.62');
INSERT INTO hosp_lab_test (lab_test_id, hosp_id) VALUES ('106', '165');
INSERT INTO patient_record (AMKA, hosp_id) VALUES ('0704605170', '165');
INSERT INTO admission_diagnosis (hosp_id, diag_id) VALUES ('166', 'K55');
INSERT INTO discharge_diagnosis (hosp_id, diag_id) VALUES ('166', 'T40.4');
INSERT INTO hospitalisation (admission_date, discharge_date, dept_name, bed_id, costing_id, carrier_id) VALUES ('2022-11-07', '2023-02-19', 'Operating theatre (OT)', '3', '386', '10');
INSERT INTO medical_act (type, med_proc_id, start_datetime, end_datetime, room_id, cost) VALUES ('Διαγνωστική', '2817', '2019-12-29 00:00:00', '2020-03-07 00:00:00', '109', '3126.36');
INSERT INTO hosp_med_act (med_act_id, hosp_id) VALUES ('93', '166');
INSERT INTO patient_record (AMKA, hosp_id) VALUES ('0310997090', '166');
INSERT INTO rating (AMKA, hosp_id, medical_care, nursing_care, cleanliness, food, experience) VALUES ('0310997090', '166', '1', '3', '4', '1', '5');
INSERT INTO admission_diagnosis (hosp_id, diag_id) VALUES ('167', 'T80.9');
INSERT INTO discharge_diagnosis (hosp_id, diag_id) VALUES ('167', 'E16.0');
INSERT INTO hospitalisation (admission_date, discharge_date, dept_name, bed_id, costing_id, carrier_id) VALUES ('2009-03-12', '2009-05-26', 'Outpatient Department (OPD)', '2', '160', '2');
INSERT INTO patient_record (AMKA, hosp_id) VALUES ('0101804896', '167');
INSERT INTO rating (AMKA, hosp_id, medical_care, nursing_care, cleanliness, food, experience) VALUES ('0101804896', '167', '1', '2', '2', '2', '3');
INSERT INTO admission_diagnosis (hosp_id, diag_id) VALUES ('168', 'O42.1');
INSERT INTO hospitalisation (admission_date, discharge_date, dept_name, bed_id, costing_id, carrier_id) VALUES ('2022-01-31', NULL, 'Intensive care unit (ICU)', '10', '675', '2');
INSERT INTO lab_test (med_proc_id, doc_id, date, result, cost) VALUES ('2330', '2304595248', '1947-08-11 00:00:00', 'Προβληματική βγήκε παραδοτέου χρόνου αναγκάζονται. Πάντα τι λοιπόν στο ίδιο γειτονιάς.', '8877.3');
INSERT INTO hosp_lab_test (lab_test_id, hosp_id) VALUES ('107', '168');
INSERT INTO medical_act (type, med_proc_id, start_datetime, end_datetime, room_id, cost) VALUES ('Θεραπευτική', '8269', '1949-12-04 00:00:00', '1950-01-13 00:00:00', '85', '2758.31');
INSERT INTO hosp_med_act (med_act_id, hosp_id) VALUES ('94', '168');
INSERT INTO patient_record (AMKA, hosp_id) VALUES ('2911945638', '168');
INSERT INTO admission_diagnosis (hosp_id, diag_id) VALUES ('169', 'P25.3');
INSERT INTO hospitalisation (admission_date, discharge_date, dept_name, bed_id, costing_id, carrier_id) VALUES ('2011-10-06', NULL, 'Cardiology', '15', '257', '6');
INSERT INTO surgical_act (med_act_id, primary_doc_id) VALUES ('95', '1101779403');
INSERT INTO surgical_act_doctor_assistants (med_act_id, assistant_id) VALUES ('95', '1403910610');
INSERT INTO surgical_act_doctor_assistants (med_act_id, assistant_id) VALUES ('95', '2710712553');
INSERT INTO surgical_act_nurse_assistants (med_act_id, assistant_id) VALUES ('95', '2812529967');
INSERT INTO surgical_act_nurse_assistants (med_act_id, assistant_id) VALUES ('95', '1210633994');
INSERT INTO medical_act (type, med_proc_id, start_datetime, end_datetime, room_id, cost) VALUES ('Χειρουργική', '1941', '1970-02-02 00:00:00', '1970-05-05 00:00:00', '110', '7195.75');
INSERT INTO hosp_med_act (med_act_id, hosp_id) VALUES ('95', '169');
INSERT INTO patient_record (AMKA, hosp_id) VALUES ('3004880014', '169');
INSERT INTO admission_diagnosis (hosp_id, diag_id) VALUES ('170', 'C76.8');
INSERT INTO hospitalisation (admission_date, discharge_date, dept_name, bed_id, costing_id, carrier_id) VALUES ('1997-10-05', NULL, 'Haematology', '6', '175', '1');
INSERT INTO patient_record (AMKA, hosp_id) VALUES ('2002019993', '170');
INSERT INTO admission_diagnosis (hosp_id, diag_id) VALUES ('171', 'B56.1');
INSERT INTO discharge_diagnosis (hosp_id, diag_id) VALUES ('171', 'Q86.8');
INSERT INTO hospitalisation (admission_date, discharge_date, dept_name, bed_id, costing_id, carrier_id) VALUES ('2004-10-31', '2005-09-24', 'Neurology', '14', '170', '5');
INSERT INTO lab_test (med_proc_id, doc_id, date, result, cost) VALUES ('7179', '2301681047', '1942-07-24 00:00:00', 'Δυστυχώς ένας περιμένουν ως. Εκθέσεις επιδιόρθωση τους ναι χρησιμοποιούσες εγώ δε.
Εκείνου δεν εκτός αλγόριθμου έξι. Διάβασε κοιτάζοντας την βάζοντας.
Ήδη κάνε κανένας πολύ εφαμοργής.', '5014.97');
INSERT INTO hosp_lab_test (lab_test_id, hosp_id) VALUES ('108', '171');
INSERT INTO patient_record (AMKA, hosp_id) VALUES ('2810769705', '171');
INSERT INTO rating (AMKA, hosp_id, medical_care, nursing_care, cleanliness, food, experience) VALUES ('2810769705', '171', '5', '2', '2', '4', '5');
INSERT INTO admission_diagnosis (hosp_id, diag_id) VALUES ('172', 'Q33.1');
INSERT INTO discharge_diagnosis (hosp_id, diag_id) VALUES ('172', 'B00.2');
INSERT INTO hospitalisation (admission_date, discharge_date, dept_name, bed_id, costing_id, carrier_id) VALUES ('2007-08-28', '2008-07-29', 'Psychiatry', '8', '352', '10');
INSERT INTO surgical_act (med_act_id, primary_doc_id) VALUES ('96', '0411980022');
INSERT INTO surgical_act_doctor_assistants (med_act_id, assistant_id) VALUES ('96', '2312865669');
INSERT INTO surgical_act_doctor_assistants (med_act_id, assistant_id) VALUES ('96', '1912912516');
INSERT INTO surgical_act_nurse_assistants (med_act_id, assistant_id) VALUES ('96', '1302876707');
INSERT INTO surgical_act_nurse_assistants (med_act_id, assistant_id) VALUES ('96', '2008408711');
INSERT INTO surgical_act_nurse_assistants (med_act_id, assistant_id) VALUES ('96', '1304544511');
INSERT INTO medical_act (type, med_proc_id, start_datetime, end_datetime, room_id, cost) VALUES ('Χειρουργική', '1632', '1948-11-13 00:00:00', '1949-02-09 00:00:00', '121', '3435.73');
INSERT INTO hosp_med_act (med_act_id, hosp_id) VALUES ('96', '172');
INSERT INTO patient_record (AMKA, hosp_id) VALUES ('2406186258', '172');
INSERT INTO rating (AMKA, hosp_id, medical_care, nursing_care, cleanliness, food, experience) VALUES ('2406186258', '172', '5', '4', '1', '4', '4');
INSERT INTO admission_diagnosis (hosp_id, diag_id) VALUES ('173', 'D19.7');
INSERT INTO discharge_diagnosis (hosp_id, diag_id) VALUES ('173', 'M15.1');
INSERT INTO hospitalisation (admission_date, discharge_date, dept_name, bed_id, costing_id, carrier_id) VALUES ('1995-11-25', '1996-10-26', 'Neurology', '8', '680', '2');
INSERT INTO patient_record (AMKA, hosp_id) VALUES ('1001045340', '173');
INSERT INTO rating (AMKA, hosp_id, medical_care, nursing_care, cleanliness, food, experience) VALUES ('1001045340', '173', '4', '3', '1', '3', '1');
INSERT INTO admission_diagnosis (hosp_id, diag_id) VALUES ('174', 'N86');
INSERT INTO discharge_diagnosis (hosp_id, diag_id) VALUES ('174', 'L11.8');
INSERT INTO hospitalisation (admission_date, discharge_date, dept_name, bed_id, costing_id, carrier_id) VALUES ('1993-09-09', '1993-12-30', 'Haematology', '15', '164', '8');
INSERT INTO lab_test (med_proc_id, doc_id, date, result, cost) VALUES ('7680', '1805820786', '1963-02-04 00:00:00', 'Ότι μιας απλό. Διαφήμιση γνωστή αν αναγκάζονται. Πιο απαραίτητο χαρτιού ήδη εκτελέσει.
Διάβασε δύο ρωτάει διακοπή όχι των πλέον. Στη πηγαίου αυτός ύψος σε.', '3219.26');
INSERT INTO hosp_lab_test (lab_test_id, hosp_id) VALUES ('109', '174');
INSERT INTO medical_act (type, med_proc_id, start_datetime, end_datetime, room_id, cost) VALUES ('Διαγνωστική', '5424', '2025-09-19 00:00:00', '2025-11-05 00:00:00', '49', '632.74');
INSERT INTO hosp_med_act (med_act_id, hosp_id) VALUES ('97', '174');
INSERT INTO patient_record (AMKA, hosp_id) VALUES ('1901086962', '174');
INSERT INTO rating (AMKA, hosp_id, medical_care, nursing_care, cleanliness, food, experience) VALUES ('1901086962', '174', '5', '1', '5', '1', '5');
INSERT INTO admission_diagnosis (hosp_id, diag_id) VALUES ('175', 'T48.3');
INSERT INTO discharge_diagnosis (hosp_id, diag_id) VALUES ('175', 'C11.3');
INSERT INTO hospitalisation (admission_date, discharge_date, dept_name, bed_id, costing_id, carrier_id) VALUES ('2018-09-23', '2019-09-11', 'Inpatient Department (IPD)', '5', '26', '1');
INSERT INTO lab_test (med_proc_id, doc_id, date, result, cost) VALUES ('9236', '2001691929', '1946-12-18 00:00:00', 'Το μιας εργάστηκε απαράδεκτη έχω. Επιχείριση ένα αναφορά δημιουργια νιρβάνα διακόψουμε άρα. Μεταγλωτιστής προσεκτικά μη μου κανένας σημαντικό έξι. Νέο εγώ νόμιζες.', '6582.22');
INSERT INTO hosp_lab_test (lab_test_id, hosp_id) VALUES ('110', '175');
INSERT INTO medical_act (type, med_proc_id, start_datetime, end_datetime, room_id, cost) VALUES ('Θεραπευτική', '4168', '2022-02-24 00:00:00', '2022-05-08 00:00:00', '149', '3526.68');
INSERT INTO hosp_med_act (med_act_id, hosp_id) VALUES ('98', '175');
INSERT INTO patient_record (AMKA, hosp_id) VALUES ('2502251292', '175');
INSERT INTO rating (AMKA, hosp_id, medical_care, nursing_care, cleanliness, food, experience) VALUES ('2502251292', '175', '4', '2', '2', '2', '1');
INSERT INTO admission_diagnosis (hosp_id, diag_id) VALUES ('176', 'Q52.5');
INSERT INTO discharge_diagnosis (hosp_id, diag_id) VALUES ('176', 'D03.8');
INSERT INTO hospitalisation (admission_date, discharge_date, dept_name, bed_id, costing_id, carrier_id) VALUES ('1998-08-14', '1999-03-12', 'Inpatient Department (IPD)', '16', '27', '3');
INSERT INTO medical_act (type, med_proc_id, start_datetime, end_datetime, room_id, cost) VALUES ('Θεραπευτική', '705', '1949-02-16 00:00:00', '1949-02-18 00:00:00', '91', '3721.93');
INSERT INTO hosp_med_act (med_act_id, hosp_id) VALUES ('99', '176');
INSERT INTO patient_record (AMKA, hosp_id) VALUES ('1204141043', '176');
INSERT INTO rating (AMKA, hosp_id, medical_care, nursing_care, cleanliness, food, experience) VALUES ('1204141043', '176', '2', '5', '2', '4', '4');
INSERT INTO admission_diagnosis (hosp_id, diag_id) VALUES ('177', 'O67.8');
INSERT INTO hospitalisation (admission_date, discharge_date, dept_name, bed_id, costing_id, carrier_id) VALUES ('2010-06-05', NULL, 'Gastroenterology', '12', '554', '9');
INSERT INTO lab_test (med_proc_id, doc_id, date, result, cost) VALUES ('584', '2407887390', '2009-08-22 00:00:00', 'Μάθε δε πως εκθέσεις. Μιας γειτονιάς από τον ας.
Όχι τύπους δε. Τα στη ξέχασε συνέχεια φακέλους. Κάτι που εργαζόμενοι μπορούσες χρονοδιαγράμματος.', '526.51');
INSERT INTO hosp_lab_test (lab_test_id, hosp_id) VALUES ('111', '177');
INSERT INTO patient_record (AMKA, hosp_id) VALUES ('2905699303', '177');
INSERT INTO admission_diagnosis (hosp_id, diag_id) VALUES ('178', 'N83.2');
INSERT INTO discharge_diagnosis (hosp_id, diag_id) VALUES ('178', 'O71');
INSERT INTO hospitalisation (admission_date, discharge_date, dept_name, bed_id, costing_id, carrier_id) VALUES ('2011-04-21', '2012-02-29', 'Gastroenterology', '10', '231', '3');
INSERT INTO lab_test (med_proc_id, doc_id, date, result, cost) VALUES ('8446', '2806888346', '1954-10-14 00:00:00', 'Χρησιμοποιούνταν γραμμής αποστηθίσει περισσότερες. Χρόνου παραδώσεις κάτι πλέον. Εργοστασίου τεκμηριώνει πάντα εκτελέσεις βιβλίο. Διορθώσει γιαυτό όχι βιβλίο γραφικά έτσι όσο.', '2085.7');
INSERT INTO hosp_lab_test (lab_test_id, hosp_id) VALUES ('112', '178');
INSERT INTO surgical_act (med_act_id, primary_doc_id) VALUES ('100', '2001691929');
INSERT INTO surgical_act_doctor_assistants (med_act_id, assistant_id) VALUES ('100', '2811728295');
INSERT INTO surgical_act_nurse_assistants (med_act_id, assistant_id) VALUES ('100', '2511766415');
INSERT INTO surgical_act_nurse_assistants (med_act_id, assistant_id) VALUES ('100', '2407818176');
INSERT INTO surgical_act_nurse_assistants (med_act_id, assistant_id) VALUES ('100', '2804482376');
INSERT INTO medical_act (type, med_proc_id, start_datetime, end_datetime, room_id, cost) VALUES ('Χειρουργική', '3730', '2007-02-18 00:00:00', '2007-05-06 00:00:00', '121', '7702.44');
INSERT INTO hosp_med_act (med_act_id, hosp_id) VALUES ('100', '178');
INSERT INTO patient_record (AMKA, hosp_id) VALUES ('1909520787', '178');
INSERT INTO rating (AMKA, hosp_id, medical_care, nursing_care, cleanliness, food, experience) VALUES ('1909520787', '178', '1', '4', '4', '5', '4');
INSERT INTO admission_diagnosis (hosp_id, diag_id) VALUES ('179', 'A92');
INSERT INTO discharge_diagnosis (hosp_id, diag_id) VALUES ('179', 'A39.2');
INSERT INTO hospitalisation (admission_date, discharge_date, dept_name, bed_id, costing_id, carrier_id) VALUES ('2003-02-09', '2003-07-30', 'Cardiology', '12', '191', '10');
INSERT INTO surgical_act (med_act_id, primary_doc_id) VALUES ('101', '1007472193');
INSERT INTO surgical_act_doctor_assistants (med_act_id, assistant_id) VALUES ('101', '0508710262');
INSERT INTO surgical_act_doctor_assistants (med_act_id, assistant_id) VALUES ('101', '2206803094');
INSERT INTO surgical_act_nurse_assistants (med_act_id, assistant_id) VALUES ('101', '2301986927');
INSERT INTO surgical_act_nurse_assistants (med_act_id, assistant_id) VALUES ('101', '1707693139');
INSERT INTO surgical_act_nurse_assistants (med_act_id, assistant_id) VALUES ('101', '1712731602');
INSERT INTO medical_act (type, med_proc_id, start_datetime, end_datetime, room_id, cost) VALUES ('Χειρουργική', '5692', '1992-04-25 00:00:00', '1992-05-17 00:00:00', '115', '7922.05');
INSERT INTO hosp_med_act (med_act_id, hosp_id) VALUES ('101', '179');
INSERT INTO patient_record (AMKA, hosp_id) VALUES ('0804742614', '179');
INSERT INTO rating (AMKA, hosp_id, medical_care, nursing_care, cleanliness, food, experience) VALUES ('0804742614', '179', '3', '2', '4', '2', '4');
INSERT INTO admission_diagnosis (hosp_id, diag_id) VALUES ('180', 'G46.7*');
INSERT INTO hospitalisation (admission_date, discharge_date, dept_name, bed_id, costing_id, carrier_id) VALUES ('1994-12-20', NULL, 'Psychiatry', '3', '319', '2');
INSERT INTO lab_test (med_proc_id, doc_id, date, result, cost) VALUES ('2042', '0411550543', '1969-12-24 00:00:00', 'Ανεπιθύμητη χρόνου στις ότι δυστυχώς γεύματος. Πρώτο εικόνες δίνοντας υψηλότερη πρόσληψη κανόνα. Σε άλγεβρα εγώ της ωραίο διαδίκτυο όχι.', '7967.95');
INSERT INTO hosp_lab_test (lab_test_id, hosp_id) VALUES ('113', '180');
INSERT INTO medical_act (type, med_proc_id, start_datetime, end_datetime, room_id, cost) VALUES ('Διαγνωστική', '11005', '1946-07-22 00:00:00', '1946-08-17 00:00:00', '17', '5135.08');
INSERT INTO hosp_med_act (med_act_id, hosp_id) VALUES ('102', '180');
INSERT INTO patient_record (AMKA, hosp_id) VALUES ('0411682304', '180');
INSERT INTO admission_diagnosis (hosp_id, diag_id) VALUES ('181', 'L87.1');
INSERT INTO hospitalisation (admission_date, discharge_date, dept_name, bed_id, costing_id, carrier_id) VALUES ('2006-04-07', NULL, 'Pediatrics', '12', '689', '1');
INSERT INTO lab_test (med_proc_id, doc_id, date, result, cost) VALUES ('6269', '1007472193', '1972-12-25 00:00:00', 'Ανά μάθε ποια έτοιμος άλγεβρα λετπά θέλεις. Ορίστε εικόνες τέλειοι μηχανής. Φίλος εδώ πάντα ροή οι νέο.
Στις θα ίδιο άπειρα. Περισσότερη μας προκύπτουν συνεχώς πακέτων.', '9361.63');
INSERT INTO hosp_lab_test (lab_test_id, hosp_id) VALUES ('114', '181');
INSERT INTO medical_act (type, med_proc_id, start_datetime, end_datetime, room_id, cost) VALUES ('Θεραπευτική', '5494', '1943-09-10 00:00:00', '1943-11-08 00:00:00', '128', '8566.69');
INSERT INTO hosp_med_act (med_act_id, hosp_id) VALUES ('103', '181');
INSERT INTO patient_record (AMKA, hosp_id) VALUES ('1206868578', '181');
INSERT INTO admission_diagnosis (hosp_id, diag_id) VALUES ('182', 'J90');
INSERT INTO discharge_diagnosis (hosp_id, diag_id) VALUES ('182', 'M95.4');
INSERT INTO hospitalisation (admission_date, discharge_date, dept_name, bed_id, costing_id, carrier_id) VALUES ('1992-09-02', '1992-11-24', 'Cardiology', '16', '350', '6');
INSERT INTO patient_record (AMKA, hosp_id) VALUES ('2602825383', '182');
INSERT INTO rating (AMKA, hosp_id, medical_care, nursing_care, cleanliness, food, experience) VALUES ('2602825383', '182', '5', '2', '2', '1', '3');
INSERT INTO admission_diagnosis (hosp_id, diag_id) VALUES ('183', 'I31.9');
INSERT INTO hospitalisation (admission_date, discharge_date, dept_name, bed_id, costing_id, carrier_id) VALUES ('1992-10-20', NULL, 'Neurology', '17', '212', '6');
INSERT INTO patient_record (AMKA, hosp_id) VALUES ('1701599573', '183');
INSERT INTO admission_diagnosis (hosp_id, diag_id) VALUES ('184', 'P78.9');
INSERT INTO hospitalisation (admission_date, discharge_date, dept_name, bed_id, costing_id, carrier_id) VALUES ('1997-07-27', NULL, 'Outpatient Department (OPD)', '1', '126', '10');
INSERT INTO surgical_act (med_act_id, primary_doc_id) VALUES ('104', '1403910610');
INSERT INTO surgical_act_doctor_assistants (med_act_id, assistant_id) VALUES ('104', '1004748289');
INSERT INTO surgical_act_doctor_assistants (med_act_id, assistant_id) VALUES ('104', '2502654079');
INSERT INTO surgical_act_nurse_assistants (med_act_id, assistant_id) VALUES ('104', '1203883023');
INSERT INTO surgical_act_nurse_assistants (med_act_id, assistant_id) VALUES ('104', '2211738105');
INSERT INTO medical_act (type, med_proc_id, start_datetime, end_datetime, room_id, cost) VALUES ('Χειρουργική', '6745', '1974-12-20 00:00:00', '1975-02-01 00:00:00', '9', '3120.15');
INSERT INTO hosp_med_act (med_act_id, hosp_id) VALUES ('104', '184');
INSERT INTO patient_record (AMKA, hosp_id) VALUES ('1906039124', '184');
INSERT INTO admission_diagnosis (hosp_id, diag_id) VALUES ('185', 'H31.2');
INSERT INTO hospitalisation (admission_date, discharge_date, dept_name, bed_id, costing_id, carrier_id) VALUES ('2025-02-28', NULL, 'Anesthesiology', '13', '101', '4');
INSERT INTO patient_record (AMKA, hosp_id) VALUES ('0504209224', '185');
INSERT INTO admission_diagnosis (hosp_id, diag_id) VALUES ('186', 'T83.6');
INSERT INTO hospitalisation (admission_date, discharge_date, dept_name, bed_id, costing_id, carrier_id) VALUES ('2002-04-09', NULL, 'Neurology', '13', '660', '8');
INSERT INTO lab_test (med_proc_id, doc_id, date, result, cost) VALUES ('8234', '2312865669', '1954-12-24 00:00:00', 'Τα πως δυστυχώς πλέον δοκιμάσεις προσθέσει. Ποια αρέσει εκδόσεις πιο ωραίο καταλάθος.', '992.53');
INSERT INTO hosp_lab_test (lab_test_id, hosp_id) VALUES ('115', '186');
INSERT INTO medical_act (type, med_proc_id, start_datetime, end_datetime, room_id, cost) VALUES ('Διαγνωστική', '5990', '2024-05-21 00:00:00', '2024-08-09 00:00:00', '147', '2042.58');
INSERT INTO hosp_med_act (med_act_id, hosp_id) VALUES ('105', '186');
INSERT INTO patient_record (AMKA, hosp_id) VALUES ('2410245097', '186');
INSERT INTO admission_diagnosis (hosp_id, diag_id) VALUES ('187', 'O00.9');
INSERT INTO hospitalisation (admission_date, discharge_date, dept_name, bed_id, costing_id, carrier_id) VALUES ('2000-11-30', NULL, 'Anesthesiology', '12', '128', '7');
INSERT INTO lab_test (med_proc_id, doc_id, date, result, cost) VALUES ('253', '0111647658', '2005-04-20 00:00:00', 'Πακέτων αν επεξεργασία προκαλείς. Έτσι πολύ αν τύπου λίγο διαχειριστής μαγικά συγχωνευτεί. Προγραμματιστές εικόνες ένα λαμβάνουν κώδικα. Άλγεβρα διοικητικό όταν σχεδιαστής κάτι.', '8208.74');
INSERT INTO hosp_lab_test (lab_test_id, hosp_id) VALUES ('116', '187');
INSERT INTO medical_act (type, med_proc_id, start_datetime, end_datetime, room_id, cost) VALUES ('Θεραπευτική', '2391', '1944-11-23 00:00:00', '1945-02-13 00:00:00', '34', '1529.99');
INSERT INTO hosp_med_act (med_act_id, hosp_id) VALUES ('106', '187');
INSERT INTO patient_record (AMKA, hosp_id) VALUES ('0205155308', '187');
INSERT INTO admission_diagnosis (hosp_id, diag_id) VALUES ('188', 'X95');
INSERT INTO discharge_diagnosis (hosp_id, diag_id) VALUES ('188', 'S01.1');
INSERT INTO hospitalisation (admission_date, discharge_date, dept_name, bed_id, costing_id, carrier_id) VALUES ('2022-05-03', '2022-08-28', 'Inpatient Department (IPD)', '13', '184', '4');
INSERT INTO lab_test (med_proc_id, doc_id, date, result, cost) VALUES ('9344', '1708511124', '2018-05-21 00:00:00', 'Ανώδυνη αλγόριθμου ποια φακέλους αναγκάζονται βαθμό. Κι που σκεφτείς ανταγωνιστής.', '364.09');
INSERT INTO hosp_lab_test (lab_test_id, hosp_id) VALUES ('117', '188');
INSERT INTO surgical_act (med_act_id, primary_doc_id) VALUES ('107', '2206803094');
INSERT INTO surgical_act_doctor_assistants (med_act_id, assistant_id) VALUES ('107', '0710954761');
INSERT INTO surgical_act_nurse_assistants (med_act_id, assistant_id) VALUES ('107', '1101855051');
INSERT INTO surgical_act_nurse_assistants (med_act_id, assistant_id) VALUES ('107', '2210732993');
INSERT INTO surgical_act_nurse_assistants (med_act_id, assistant_id) VALUES ('107', '1309466103');
INSERT INTO medical_act (type, med_proc_id, start_datetime, end_datetime, room_id, cost) VALUES ('Χειρουργική', '2401', '2017-07-19 00:00:00', '2017-08-25 00:00:00', '110', '1124.87');
INSERT INTO hosp_med_act (med_act_id, hosp_id) VALUES ('107', '188');
INSERT INTO patient_record (AMKA, hosp_id) VALUES ('1606444802', '188');
INSERT INTO rating (AMKA, hosp_id, medical_care, nursing_care, cleanliness, food, experience) VALUES ('1606444802', '188', '3', '4', '3', '1', '4');
INSERT INTO admission_diagnosis (hosp_id, diag_id) VALUES ('189', 'N13.3');
INSERT INTO hospitalisation (admission_date, discharge_date, dept_name, bed_id, costing_id, carrier_id) VALUES ('1995-07-22', NULL, 'Gynaecology', '15', '168', '4');
INSERT INTO lab_test (med_proc_id, doc_id, date, result, cost) VALUES ('5255', '2203718551', '1988-11-26 00:00:00', 'Εκθέσεις προσπαθούν τα μια δύο διαχειριστής για. Πάντως πολύ των δείξει στα τοπικές. Ίδιο νιρβάνα λες δουλεύει πήρε δουλεύει προβληματική.', '11.19');
INSERT INTO hosp_lab_test (lab_test_id, hosp_id) VALUES ('118', '189');
INSERT INTO patient_record (AMKA, hosp_id) VALUES ('1310165448', '189');
INSERT INTO admission_diagnosis (hosp_id, diag_id) VALUES ('190', 'B39');
INSERT INTO discharge_diagnosis (hosp_id, diag_id) VALUES ('190', 'O14.1');
INSERT INTO hospitalisation (admission_date, discharge_date, dept_name, bed_id, costing_id, carrier_id) VALUES ('2000-06-05', '2000-06-28', 'Operating theatre (OT)', '14', '101', '3');
INSERT INTO lab_test (med_proc_id, doc_id, date, result, cost) VALUES ('8708', '1206704867', '1946-08-19 00:00:00', 'Αυτός τη ροή ίδιο. Πολύ συνέχεια σπίτι ο εκτός τους.
Υόρκη που πιο πάντως είχαμε ποια διοικητικό. Μετράει ήδη απαράδεκτη μη. Επιδιόρθωση μα και χρονοδιαγράμματος μέγιστη τι.', '8048.79');
INSERT INTO hosp_lab_test (lab_test_id, hosp_id) VALUES ('119', '190');
INSERT INTO surgical_act (med_act_id, primary_doc_id) VALUES ('108', '1305442503');
INSERT INTO surgical_act_doctor_assistants (med_act_id, assistant_id) VALUES ('108', '2707864104');
INSERT INTO surgical_act_nurse_assistants (med_act_id, assistant_id) VALUES ('108', '0607738540');
INSERT INTO surgical_act_nurse_assistants (med_act_id, assistant_id) VALUES ('108', '1512807285');
INSERT INTO medical_act (type, med_proc_id, start_datetime, end_datetime, room_id, cost) VALUES ('Χειρουργική', '2455', '1965-05-14 00:00:00', '1965-05-14 00:00:00', '85', '2503.2');
INSERT INTO hosp_med_act (med_act_id, hosp_id) VALUES ('108', '190');
INSERT INTO patient_record (AMKA, hosp_id) VALUES ('1708651000', '190');
INSERT INTO rating (AMKA, hosp_id, medical_care, nursing_care, cleanliness, food, experience) VALUES ('1708651000', '190', '2', '3', '3', '5', '1');
INSERT INTO admission_diagnosis (hosp_id, diag_id) VALUES ('191', 'M80.5');
INSERT INTO discharge_diagnosis (hosp_id, diag_id) VALUES ('191', 'Z04.3');
INSERT INTO hospitalisation (admission_date, discharge_date, dept_name, bed_id, costing_id, carrier_id) VALUES ('1995-12-21', '1996-05-26', 'Casualty', '13', '430', '1');
INSERT INTO lab_test (med_proc_id, doc_id, date, result, cost) VALUES ('7347', '1206704867', '2013-08-28 00:00:00', 'Προσπαθούν για γέλασαν στη λετπά τύπου. Πετάξαμε κρατήσουν τοπικές δεν μέσης ύψος πιο.', '1285.63');
INSERT INTO hosp_lab_test (lab_test_id, hosp_id) VALUES ('120', '191');
INSERT INTO surgical_act (med_act_id, primary_doc_id) VALUES ('109', '0610661297');
INSERT INTO surgical_act_doctor_assistants (med_act_id, assistant_id) VALUES ('109', '1102752591');
INSERT INTO surgical_act_doctor_assistants (med_act_id, assistant_id) VALUES ('109', '1904466405');
INSERT INTO surgical_act_nurse_assistants (med_act_id, assistant_id) VALUES ('109', '1712731602');
INSERT INTO surgical_act_nurse_assistants (med_act_id, assistant_id) VALUES ('109', '2411715378');
INSERT INTO medical_act (type, med_proc_id, start_datetime, end_datetime, room_id, cost) VALUES ('Χειρουργική', '4138', '2009-12-28 00:00:00', '2010-02-14 00:00:00', '72', '7789.83');
INSERT INTO hosp_med_act (med_act_id, hosp_id) VALUES ('109', '191');
INSERT INTO patient_record (AMKA, hosp_id) VALUES ('0806918021', '191');
INSERT INTO rating (AMKA, hosp_id, medical_care, nursing_care, cleanliness, food, experience) VALUES ('0806918021', '191', '2', '3', '1', '1', '4');
INSERT INTO admission_diagnosis (hosp_id, diag_id) VALUES ('192', 'G44.8');
INSERT INTO discharge_diagnosis (hosp_id, diag_id) VALUES ('192', 'Z02.7');
INSERT INTO hospitalisation (admission_date, discharge_date, dept_name, bed_id, costing_id, carrier_id) VALUES ('1990-05-05', '1990-07-07', 'Intensive care unit (ICU)', '3', '12', '9');
INSERT INTO lab_test (med_proc_id, doc_id, date, result, cost) VALUES ('6251', '1806762549', '1967-02-20 00:00:00', 'Παράδειγμα περίπου εξακολουθεί πάντα προκαλείς εταιρείες αλγόριθμου. Διάσημα ανά απαράδεκτη εντολές γνωστή το των. Τι μιας των στα εξακολουθεί.', '1811.44');
INSERT INTO hosp_lab_test (lab_test_id, hosp_id) VALUES ('121', '192');
INSERT INTO patient_record (AMKA, hosp_id) VALUES ('0510787029', '192');
INSERT INTO rating (AMKA, hosp_id, medical_care, nursing_care, cleanliness, food, experience) VALUES ('0510787029', '192', '5', '4', '2', '5', '1');
INSERT INTO admission_diagnosis (hosp_id, diag_id) VALUES ('193', 'Z90.3');
INSERT INTO hospitalisation (admission_date, discharge_date, dept_name, bed_id, costing_id, carrier_id) VALUES ('1991-07-12', NULL, 'Anesthesiology', '16', '106', '6');
INSERT INTO lab_test (med_proc_id, doc_id, date, result, cost) VALUES ('10656', '0104436410', '1955-05-09 00:00:00', 'Ίδιο καλύτερο πάντα ανταγωνιστής. Πρώτης μάλλον μάλλον περιβάλλον. Βαθμό κι προϊόντα επεξεργασία προσθέσει.', '3768.73');
INSERT INTO hosp_lab_test (lab_test_id, hosp_id) VALUES ('122', '193');
INSERT INTO medical_act (type, med_proc_id, start_datetime, end_datetime, room_id, cost) VALUES ('Διαγνωστική', '5729', '1989-05-05 00:00:00', '1989-07-02 00:00:00', '49', '4333.37');
INSERT INTO hosp_med_act (med_act_id, hosp_id) VALUES ('110', '193');
INSERT INTO patient_record (AMKA, hosp_id) VALUES ('0801018593', '193');
INSERT INTO admission_diagnosis (hosp_id, diag_id) VALUES ('194', 'W27');
INSERT INTO hospitalisation (admission_date, discharge_date, dept_name, bed_id, costing_id, carrier_id) VALUES ('2010-10-24', NULL, 'Inpatient Department (IPD)', '14', '235', '6');
INSERT INTO lab_test (med_proc_id, doc_id, date, result, cost) VALUES ('2280', '1604612218', '2010-06-13 00:00:00', 'Σαν στις διολισθήσεις τα. Αντιλήφθηκαν απόλαυσε διακοπή ελέγχου ήδη.
Ως λες των κι άπειρα απαράδεκτη. Βαθμό έχω πολύ ξέχασε εξαρτάται.', '3701.78');
INSERT INTO hosp_lab_test (lab_test_id, hosp_id) VALUES ('123', '194');
INSERT INTO medical_act (type, med_proc_id, start_datetime, end_datetime, room_id, cost) VALUES ('Διαγνωστική', '6046', '2020-05-19 00:00:00', '2020-07-18 00:00:00', '48', '3445.02');
INSERT INTO hosp_med_act (med_act_id, hosp_id) VALUES ('111', '194');
INSERT INTO patient_record (AMKA, hosp_id) VALUES ('2504806313', '194');
INSERT INTO admission_diagnosis (hosp_id, diag_id) VALUES ('195', 'S11.2');
INSERT INTO hospitalisation (admission_date, discharge_date, dept_name, bed_id, costing_id, carrier_id) VALUES ('1991-08-20', NULL, 'Cardiology', '3', '303', '6');
INSERT INTO lab_test (med_proc_id, doc_id, date, result, cost) VALUES ('8202', '0803989228', '1954-07-02 00:00:00', 'Προκύπτουν έξι κλπ υπηρεσία κλπ επί φράση μας.
Ίδιο κάτι κι θέμα. Ώρα χρησιμοποιούσες διευθυντές χρόνου απίστευτα ήδη. Διαπιστώνεις έχω αν μας γεγονός στις.', '6448.07');
INSERT INTO hosp_lab_test (lab_test_id, hosp_id) VALUES ('124', '195');
INSERT INTO patient_record (AMKA, hosp_id) VALUES ('0606009587', '195');
INSERT INTO admission_diagnosis (hosp_id, diag_id) VALUES ('196', 'F66.8');
INSERT INTO discharge_diagnosis (hosp_id, diag_id) VALUES ('196', 'T62.2');
INSERT INTO hospitalisation (admission_date, discharge_date, dept_name, bed_id, costing_id, carrier_id) VALUES ('2025-07-06', '2025-09-25', 'Intensive care unit (ICU)', '5', '340', '7');
INSERT INTO lab_test (med_proc_id, doc_id, date, result, cost) VALUES ('7523', '1612748648', '2011-04-05 00:00:00', 'Ένας ρωτάει χρησιμοποιούνταν ροή. Ένα εκτός εγώ γνωρίζουμε πιο ρουτίνα. Κόλπα πρώτης λες ποια πρώτο παραπάνω ξέχασε δούλευε.', '6380.23');
INSERT INTO hosp_lab_test (lab_test_id, hosp_id) VALUES ('125', '196');
INSERT INTO surgical_act (med_act_id, primary_doc_id) VALUES ('112', '2203633666');
INSERT INTO surgical_act_doctor_assistants (med_act_id, assistant_id) VALUES ('112', '2803422426');
INSERT INTO surgical_act_nurse_assistants (med_act_id, assistant_id) VALUES ('112', '2308761066');
INSERT INTO surgical_act_nurse_assistants (med_act_id, assistant_id) VALUES ('112', '0412861461');
INSERT INTO medical_act (type, med_proc_id, start_datetime, end_datetime, room_id, cost) VALUES ('Χειρουργική', '7604', '1973-10-22 00:00:00', '1974-01-25 00:00:00', '54', '2961.92');
INSERT INTO hosp_med_act (med_act_id, hosp_id) VALUES ('112', '196');
INSERT INTO patient_record (AMKA, hosp_id) VALUES ('3107565227', '196');
INSERT INTO rating (AMKA, hosp_id, medical_care, nursing_care, cleanliness, food, experience) VALUES ('3107565227', '196', '3', '3', '3', '5', '2');
INSERT INTO admission_diagnosis (hosp_id, diag_id) VALUES ('197', 'Y06.9');
INSERT INTO discharge_diagnosis (hosp_id, diag_id) VALUES ('197', 'X99');
INSERT INTO hospitalisation (admission_date, discharge_date, dept_name, bed_id, costing_id, carrier_id) VALUES ('2012-01-04', '2012-03-13', 'Opthalmology', '17', '14', '7');
INSERT INTO medical_act (type, med_proc_id, start_datetime, end_datetime, room_id, cost) VALUES ('Διαγνωστική', '6483', '1956-08-04 00:00:00', '1956-10-25 00:00:00', '18', '940.86');
INSERT INTO hosp_med_act (med_act_id, hosp_id) VALUES ('113', '197');
INSERT INTO patient_record (AMKA, hosp_id) VALUES ('0201025887', '197');
INSERT INTO rating (AMKA, hosp_id, medical_care, nursing_care, cleanliness, food, experience) VALUES ('0201025887', '197', '2', '2', '4', '4', '4');
INSERT INTO admission_diagnosis (hosp_id, diag_id) VALUES ('198', 'O94');
INSERT INTO hospitalisation (admission_date, discharge_date, dept_name, bed_id, costing_id, carrier_id) VALUES ('1995-08-27', NULL, 'Oncology', '10', '127', '10');
INSERT INTO lab_test (med_proc_id, doc_id, date, result, cost) VALUES ('8890', '1107638937', '1994-02-25 00:00:00', 'Ίδιο εφαρμογής κι. Κύκλο τι σαν κάτι. Κανείς πετάνε πάντως τι τους αγοράζοντας.', '3921.62');
INSERT INTO hosp_lab_test (lab_test_id, hosp_id) VALUES ('126', '198');
INSERT INTO surgical_act (med_act_id, primary_doc_id) VALUES ('114', '0903695053');
INSERT INTO surgical_act_doctor_assistants (med_act_id, assistant_id) VALUES ('114', '1104742723');
INSERT INTO surgical_act_nurse_assistants (med_act_id, assistant_id) VALUES ('114', '1708849364');
INSERT INTO surgical_act_nurse_assistants (med_act_id, assistant_id) VALUES ('114', '1311513072');
INSERT INTO medical_act (type, med_proc_id, start_datetime, end_datetime, room_id, cost) VALUES ('Χειρουργική', '9557', '1986-03-05 00:00:00', '1986-05-11 00:00:00', '121', '381.43');
INSERT INTO hosp_med_act (med_act_id, hosp_id) VALUES ('114', '198');
INSERT INTO patient_record (AMKA, hosp_id) VALUES ('0910476115', '198');
INSERT INTO admission_diagnosis (hosp_id, diag_id) VALUES ('199', 'Z58.9');
INSERT INTO discharge_diagnosis (hosp_id, diag_id) VALUES ('199', 'C04.0');
INSERT INTO hospitalisation (admission_date, discharge_date, dept_name, bed_id, costing_id, carrier_id) VALUES ('2019-08-25', '2020-06-06', 'Oncology', '8', '99', '9');
INSERT INTO lab_test (med_proc_id, doc_id, date, result, cost) VALUES ('1108', '0104436410', '2018-03-15 00:00:00', 'Τι πάντως άρα με πεδία. Επιδιόρθωση κάτι ήδη επί φίλος όσο λίγο πρώτοι. Των πετάνε διορθώσεις όσο τα παραπάνω παίξουν. Εργασίας γραμμής κάτι σαν έτσι στα κόψεις.', '3371.67');
INSERT INTO hosp_lab_test (lab_test_id, hosp_id) VALUES ('127', '199');
INSERT INTO medical_act (type, med_proc_id, start_datetime, end_datetime, room_id, cost) VALUES ('Θεραπευτική', '936', '1941-08-05 00:00:00', '1941-08-17 00:00:00', '119', '1848.12');
INSERT INTO hosp_med_act (med_act_id, hosp_id) VALUES ('115', '199');
INSERT INTO patient_record (AMKA, hosp_id) VALUES ('2008016740', '199');
INSERT INTO rating (AMKA, hosp_id, medical_care, nursing_care, cleanliness, food, experience) VALUES ('2008016740', '199', '5', '1', '2', '3', '2');
INSERT INTO admission_diagnosis (hosp_id, diag_id) VALUES ('200', 'P50.0');
INSERT INTO hospitalisation (admission_date, discharge_date, dept_name, bed_id, costing_id, carrier_id) VALUES ('2024-06-18', NULL, 'Opthalmology', '16', '517', '7');
INSERT INTO lab_test (med_proc_id, doc_id, date, result, cost) VALUES ('6222', '1004748289', '1983-09-23 00:00:00', 'Λέει διασφαλίζεται ποια μέγιστη.
Υψηλότερη ορίστε ρωτήσει πάρεις όσο. Εκείνου μερικούς και συγγραφής στη άρα έστειλε.', '5103.28');
INSERT INTO hosp_lab_test (lab_test_id, hosp_id) VALUES ('128', '200');
INSERT INTO medical_act (type, med_proc_id, start_datetime, end_datetime, room_id, cost) VALUES ('Διαγνωστική', '10004', '1952-11-08 00:00:00', '1952-11-27 00:00:00', '108', '6550.92');
INSERT INTO hosp_med_act (med_act_id, hosp_id) VALUES ('116', '200');
INSERT INTO patient_record (AMKA, hosp_id) VALUES ('0303932949', '200');
INSERT INTO admission_diagnosis (hosp_id, diag_id) VALUES ('201', 'S83.4');
INSERT INTO hospitalisation (admission_date, discharge_date, dept_name, bed_id, costing_id, carrier_id) VALUES ('2018-03-12', NULL, 'Operating theatre (OT)', '2', '80', '5');
INSERT INTO lab_test (med_proc_id, doc_id, date, result, cost) VALUES ('2645', '1912912516', '1983-11-28 00:00:00', 'Εκτελέσει κοιτάζοντας δημιουργια κι. Σε μάτσο προβληματική τρόπο θυμάμαι συγχρόνως τη.', '8527.11');
INSERT INTO hosp_lab_test (lab_test_id, hosp_id) VALUES ('129', '201');
INSERT INTO medical_act (type, med_proc_id, start_datetime, end_datetime, room_id, cost) VALUES ('Θεραπευτική', '2680', '2023-10-17 00:00:00', '2024-01-20 00:00:00', '133', '7360.79');
INSERT INTO hosp_med_act (med_act_id, hosp_id) VALUES ('117', '201');
INSERT INTO patient_record (AMKA, hosp_id) VALUES ('2607069738', '201');
INSERT INTO admission_diagnosis (hosp_id, diag_id) VALUES ('202', 'P15.6');
INSERT INTO discharge_diagnosis (hosp_id, diag_id) VALUES ('202', 'O33.6');
INSERT INTO hospitalisation (admission_date, discharge_date, dept_name, bed_id, costing_id, carrier_id) VALUES ('2016-01-25', '2016-05-01', 'Orthopaedic', '15', '564', '1');
INSERT INTO patient_record (AMKA, hosp_id) VALUES ('2406818433', '202');
INSERT INTO rating (AMKA, hosp_id, medical_care, nursing_care, cleanliness, food, experience) VALUES ('2406818433', '202', '2', '3', '2', '5', '5');
INSERT INTO admission_diagnosis (hosp_id, diag_id) VALUES ('203', 'B25.9');
INSERT INTO hospitalisation (admission_date, discharge_date, dept_name, bed_id, costing_id, carrier_id) VALUES ('2014-06-10', NULL, 'Urology', '10', '60', '10');
INSERT INTO lab_test (med_proc_id, doc_id, date, result, cost) VALUES ('5412', '0308718729', '2011-08-21 00:00:00', 'Άτομο ο αντιλήφθηκαν επί αρπάζεις χρονοδιαγράμματα κώδικάς. Που πλέον μα κάνε πετάνε παράδειγμα τεκμηριώνει συγγραφείς. Νέο αναφέρονται μη εξαρτάται με παίξουν.', '4594.5');
INSERT INTO hosp_lab_test (lab_test_id, hosp_id) VALUES ('130', '203');
INSERT INTO surgical_act (med_act_id, primary_doc_id) VALUES ('118', '0411550543');
INSERT INTO surgical_act_doctor_assistants (med_act_id, assistant_id) VALUES ('118', '0802620737');
INSERT INTO surgical_act_doctor_assistants (med_act_id, assistant_id) VALUES ('118', '1210671054');
INSERT INTO surgical_act_nurse_assistants (med_act_id, assistant_id) VALUES ('118', '1410472859');
INSERT INTO surgical_act_nurse_assistants (med_act_id, assistant_id) VALUES ('118', '2110624175');
INSERT INTO medical_act (type, med_proc_id, start_datetime, end_datetime, room_id, cost) VALUES ('Χειρουργική', '284', '2006-09-23 00:00:00', '2006-09-26 00:00:00', '50', '6785.52');
INSERT INTO hosp_med_act (med_act_id, hosp_id) VALUES ('118', '203');
INSERT INTO patient_record (AMKA, hosp_id) VALUES ('0308698022', '203');
INSERT INTO admission_diagnosis (hosp_id, diag_id) VALUES ('204', 'Q86.0');
INSERT INTO discharge_diagnosis (hosp_id, diag_id) VALUES ('204', 'L86*');
INSERT INTO hospitalisation (admission_date, discharge_date, dept_name, bed_id, costing_id, carrier_id) VALUES ('2006-09-14', '2007-08-02', 'Neurology', '16', '540', '2');
INSERT INTO lab_test (med_proc_id, doc_id, date, result, cost) VALUES ('3435', '2012810248', '1954-01-18 00:00:00', 'Τις από επιστρέφουν εργαζόμενων μεταφραστής. Εργοστασίου αθόρυβες ναι. Εφαρμογής ίδιο εκτός γραφικά προσπαθούν.
Μάτσο μια προσθέσει δε ύψος μέχρι άπειρα. Απλό στη χρειάζονται ανεπιθύμητη ελέγχου να.', '8464.33');
INSERT INTO hosp_lab_test (lab_test_id, hosp_id) VALUES ('131', '204');
INSERT INTO surgical_act (med_act_id, primary_doc_id) VALUES ('119', '2206803094');
INSERT INTO surgical_act_doctor_assistants (med_act_id, assistant_id) VALUES ('119', '0308718729');
INSERT INTO surgical_act_doctor_assistants (med_act_id, assistant_id) VALUES ('119', '0308718729');
INSERT INTO surgical_act_nurse_assistants (med_act_id, assistant_id) VALUES ('119', '1707693139');
INSERT INTO surgical_act_nurse_assistants (med_act_id, assistant_id) VALUES ('119', '1112517867');
INSERT INTO surgical_act_nurse_assistants (med_act_id, assistant_id) VALUES ('119', '2511766415');
INSERT INTO medical_act (type, med_proc_id, start_datetime, end_datetime, room_id, cost) VALUES ('Χειρουργική', '9143', '1961-05-02 00:00:00', '1961-07-03 00:00:00', '128', '2399.37');
INSERT INTO hosp_med_act (med_act_id, hosp_id) VALUES ('119', '204');
INSERT INTO patient_record (AMKA, hosp_id) VALUES ('0710518685', '204');
INSERT INTO rating (AMKA, hosp_id, medical_care, nursing_care, cleanliness, food, experience) VALUES ('0710518685', '204', '4', '4', '3', '5', '2');
INSERT INTO admission_diagnosis (hosp_id, diag_id) VALUES ('205', 'C95');
INSERT INTO hospitalisation (admission_date, discharge_date, dept_name, bed_id, costing_id, carrier_id) VALUES ('1998-04-11', NULL, 'Gastroenterology', '16', '504', '1');
INSERT INTO medical_act (type, med_proc_id, start_datetime, end_datetime, room_id, cost) VALUES ('Διαγνωστική', '10562', '1984-08-26 00:00:00', '1984-09-21 00:00:00', '12', '8004.07');
INSERT INTO hosp_med_act (med_act_id, hosp_id) VALUES ('120', '205');
INSERT INTO patient_record (AMKA, hosp_id) VALUES ('2502251292', '205');
INSERT INTO admission_diagnosis (hosp_id, diag_id) VALUES ('206', 'R57.8');
INSERT INTO discharge_diagnosis (hosp_id, diag_id) VALUES ('206', 'Q99.9');
INSERT INTO hospitalisation (admission_date, discharge_date, dept_name, bed_id, costing_id, carrier_id) VALUES ('2000-11-15', '2000-12-17', 'ENT', '1', '393', '3');
INSERT INTO medical_act (type, med_proc_id, start_datetime, end_datetime, room_id, cost) VALUES ('Θεραπευτική', '3968', '2021-09-03 00:00:00', '2021-11-23 00:00:00', '136', '3256.36');
INSERT INTO hosp_med_act (med_act_id, hosp_id) VALUES ('121', '206');
INSERT INTO patient_record (AMKA, hosp_id) VALUES ('2410444566', '206');
INSERT INTO rating (AMKA, hosp_id, medical_care, nursing_care, cleanliness, food, experience) VALUES ('2410444566', '206', '3', '5', '1', '1', '3');
INSERT INTO admission_diagnosis (hosp_id, diag_id) VALUES ('207', 'Q78.9');
INSERT INTO hospitalisation (admission_date, discharge_date, dept_name, bed_id, costing_id, carrier_id) VALUES ('2009-08-11', NULL, 'Oncology', '16', '98', '5');
INSERT INTO patient_record (AMKA, hosp_id) VALUES ('3108731582', '207');
INSERT INTO admission_diagnosis (hosp_id, diag_id) VALUES ('208', 'P29.9');
INSERT INTO discharge_diagnosis (hosp_id, diag_id) VALUES ('208', 'M07.6*');
INSERT INTO hospitalisation (admission_date, discharge_date, dept_name, bed_id, costing_id, carrier_id) VALUES ('1999-06-21', '2000-02-19', 'Oncology', '12', '238', '6');
INSERT INTO lab_test (med_proc_id, doc_id, date, result, cost) VALUES ('7798', '2708408067', '1990-10-29 00:00:00', 'Παίρνουν ποια στις μέγιστη ανακλύψεις εδώ. Πολύ χρονοδιαγράμματα έρθει. Προσλάμβανες κάτι καλύτερο κάτι δυστυχής απόλαυσε ύψος.', '8078.17');
INSERT INTO hosp_lab_test (lab_test_id, hosp_id) VALUES ('132', '208');
INSERT INTO surgical_act (med_act_id, primary_doc_id) VALUES ('122', '0803989228');
INSERT INTO surgical_act_doctor_assistants (med_act_id, assistant_id) VALUES ('122', '0308718729');
INSERT INTO surgical_act_doctor_assistants (med_act_id, assistant_id) VALUES ('122', '0810802797');
INSERT INTO surgical_act_nurse_assistants (med_act_id, assistant_id) VALUES ('122', '1408697203');
INSERT INTO surgical_act_nurse_assistants (med_act_id, assistant_id) VALUES ('122', '2301986927');
INSERT INTO medical_act (type, med_proc_id, start_datetime, end_datetime, room_id, cost) VALUES ('Χειρουργική', '1960', '2014-09-24 00:00:00', '2014-10-16 00:00:00', '72', '3775.89');
INSERT INTO hosp_med_act (med_act_id, hosp_id) VALUES ('122', '208');
INSERT INTO patient_record (AMKA, hosp_id) VALUES ('0310997090', '208');
INSERT INTO rating (AMKA, hosp_id, medical_care, nursing_care, cleanliness, food, experience) VALUES ('0310997090', '208', '2', '5', '4', '4', '1');
INSERT INTO admission_diagnosis (hosp_id, diag_id) VALUES ('209', 'S15.7');
INSERT INTO hospitalisation (admission_date, discharge_date, dept_name, bed_id, costing_id, carrier_id) VALUES ('2009-11-12', NULL, 'ENT', '2', '328', '10');
INSERT INTO patient_record (AMKA, hosp_id) VALUES ('1901086962', '209');
INSERT INTO admission_diagnosis (hosp_id, diag_id) VALUES ('210', 'Q73.0');
INSERT INTO discharge_diagnosis (hosp_id, diag_id) VALUES ('210', 'Z53.0');
INSERT INTO hospitalisation (admission_date, discharge_date, dept_name, bed_id, costing_id, carrier_id) VALUES ('1994-01-05', '1994-08-06', 'Gastroenterology', '13', '21', '2');
INSERT INTO lab_test (med_proc_id, doc_id, date, result, cost) VALUES ('1140', '2204653007', '1954-04-06 00:00:00', 'Ένα στα εξαρτάται κι. Κώδικάς ευκολότερο μέχρι λαμβάνουν. Εγώ βαθμό δύο πόρτες ποια ανακλύψεις κανόνα.
Βάζοντας μεταγλωτίσει συγχρόνως πως.', '8721.94');
INSERT INTO hosp_lab_test (lab_test_id, hosp_id) VALUES ('133', '210');
INSERT INTO patient_record (AMKA, hosp_id) VALUES ('2009978873', '210');
INSERT INTO rating (AMKA, hosp_id, medical_care, nursing_care, cleanliness, food, experience) VALUES ('2009978873', '210', '3', '3', '4', '4', '4');
INSERT INTO admission_diagnosis (hosp_id, diag_id) VALUES ('211', 'H93.9');
INSERT INTO hospitalisation (admission_date, discharge_date, dept_name, bed_id, costing_id, carrier_id) VALUES ('1999-05-05', NULL, 'Inpatient Department (IPD)', '2', '245', '6');
INSERT INTO patient_record (AMKA, hosp_id) VALUES ('1303561899', '211');
INSERT INTO admission_diagnosis (hosp_id, diag_id) VALUES ('212', 'L70.2');
INSERT INTO discharge_diagnosis (hosp_id, diag_id) VALUES ('212', 'H61.2');
INSERT INTO hospitalisation (admission_date, discharge_date, dept_name, bed_id, costing_id, carrier_id) VALUES ('1996-12-01', '1997-01-28', 'Psychiatry', '4', '16', '2');
INSERT INTO lab_test (med_proc_id, doc_id, date, result, cost) VALUES ('6188', '0602879802', '1975-10-24 00:00:00', 'Αρέσει διαδίκτυο έστελνε πως μεταγλωτιστής έτσι. Και δύο μεταφραστής πάντως. Συνεχώς προγραμματιστής από εγώ ένας.', '5730.12');
INSERT INTO hosp_lab_test (lab_test_id, hosp_id) VALUES ('134', '212');
INSERT INTO patient_record (AMKA, hosp_id) VALUES ('2302464670', '212');
INSERT INTO rating (AMKA, hosp_id, medical_care, nursing_care, cleanliness, food, experience) VALUES ('2302464670', '212', '1', '5', '4', '1', '4');
INSERT INTO admission_diagnosis (hosp_id, diag_id) VALUES ('213', 'S27.8');
INSERT INTO discharge_diagnosis (hosp_id, diag_id) VALUES ('213', 'B68');
INSERT INTO hospitalisation (admission_date, discharge_date, dept_name, bed_id, costing_id, carrier_id) VALUES ('2010-10-14', '2011-01-31', 'Casualty', '14', '579', '8');
INSERT INTO surgical_act (med_act_id, primary_doc_id) VALUES ('123', '1612748648');
INSERT INTO surgical_act_doctor_assistants (med_act_id, assistant_id) VALUES ('123', '2312865669');
INSERT INTO surgical_act_nurse_assistants (med_act_id, assistant_id) VALUES ('123', '2812529967');
INSERT INTO medical_act (type, med_proc_id, start_datetime, end_datetime, room_id, cost) VALUES ('Χειρουργική', '8035', '2024-04-27 00:00:00', '2024-05-20 00:00:00', '9', '6406.5');
INSERT INTO hosp_med_act (med_act_id, hosp_id) VALUES ('123', '213');
INSERT INTO patient_record (AMKA, hosp_id) VALUES ('0801018593', '213');
INSERT INTO rating (AMKA, hosp_id, medical_care, nursing_care, cleanliness, food, experience) VALUES ('0801018593', '213', '5', '3', '5', '4', '3');
INSERT INTO admission_diagnosis (hosp_id, diag_id) VALUES ('214', 'K29');
INSERT INTO discharge_diagnosis (hosp_id, diag_id) VALUES ('214', 'Q01.0');
INSERT INTO hospitalisation (admission_date, discharge_date, dept_name, bed_id, costing_id, carrier_id) VALUES ('2001-05-26', '2001-05-31', 'Intensive care unit (ICU)', '7', '550', '1');
INSERT INTO lab_test (med_proc_id, doc_id, date, result, cost) VALUES ('6935', '1611592474', '1941-10-23 00:00:00', 'Υψηλότερη διακοπή ποσοστό μερικούς διακόψουμε χρειάζονται έχω. Σπίτι ποια πιο χρησιμοποιούσες και. Γειτονιάς κανόνα την.
Με μεταγλωτίσει σταματάς. Από παίξουν βρίσκονται.', '969.79');
INSERT INTO hosp_lab_test (lab_test_id, hosp_id) VALUES ('135', '214');
INSERT INTO patient_record (AMKA, hosp_id) VALUES ('1506208029', '214');
INSERT INTO rating (AMKA, hosp_id, medical_care, nursing_care, cleanliness, food, experience) VALUES ('1506208029', '214', '3', '5', '2', '2', '1');
INSERT INTO admission_diagnosis (hosp_id, diag_id) VALUES ('215', 'N76.8');
INSERT INTO discharge_diagnosis (hosp_id, diag_id) VALUES ('215', 'Z13.0');
INSERT INTO hospitalisation (admission_date, discharge_date, dept_name, bed_id, costing_id, carrier_id) VALUES ('2002-03-09', '2002-08-17', 'Psychiatry', '14', '405', '7');
INSERT INTO patient_record (AMKA, hosp_id) VALUES ('2406186258', '215');
INSERT INTO rating (AMKA, hosp_id, medical_care, nursing_care, cleanliness, food, experience) VALUES ('2406186258', '215', '4', '1', '3', '4', '5');
INSERT INTO admission_diagnosis (hosp_id, diag_id) VALUES ('216', 'H53.1');
INSERT INTO discharge_diagnosis (hosp_id, diag_id) VALUES ('216', 'N84');
INSERT INTO hospitalisation (admission_date, discharge_date, dept_name, bed_id, costing_id, carrier_id) VALUES ('2008-05-17', '2009-04-29', 'Anesthesiology', '17', '278', '7');
INSERT INTO lab_test (med_proc_id, doc_id, date, result, cost) VALUES ('490', '2107936328', '1977-06-19 00:00:00', 'Πάντως απαράδεκτη χειρότερα εκτελείται από παράγοντες πάντα. Χρονοδιαγράμματος εκτελείται έτσι απαρατήρητο εφαρμογή είχαμε ειδικά. Ωραίο μη ανταγωνιστής συγχωνευτεί έλεγχος χρονοδιαγράμματος.', '2043.12');
INSERT INTO hosp_lab_test (lab_test_id, hosp_id) VALUES ('136', '216');
INSERT INTO medical_act (type, med_proc_id, start_datetime, end_datetime, room_id, cost) VALUES ('Διαγνωστική', '10918', '1972-11-06 00:00:00', '1972-12-13 00:00:00', '53', '251.49');
INSERT INTO hosp_med_act (med_act_id, hosp_id) VALUES ('124', '216');
INSERT INTO patient_record (AMKA, hosp_id) VALUES ('0210192341', '216');
INSERT INTO rating (AMKA, hosp_id, medical_care, nursing_care, cleanliness, food, experience) VALUES ('0210192341', '216', '1', '2', '3', '2', '1');
INSERT INTO admission_diagnosis (hosp_id, diag_id) VALUES ('217', 'J99.8*');
INSERT INTO hospitalisation (admission_date, discharge_date, dept_name, bed_id, costing_id, carrier_id) VALUES ('2021-10-19', NULL, 'Anesthesiology', '16', '212', '3');
INSERT INTO lab_test (med_proc_id, doc_id, date, result, cost) VALUES ('4026', '0710954761', '1962-04-26 00:00:00', 'Αρχεία νέων εδώ εδώ. Ένα δύο υπηρεσία συνεχώς από. Στα γνωρίζουμε απίστευτα κλπ στήλες.', '7905.55');
INSERT INTO hosp_lab_test (lab_test_id, hosp_id) VALUES ('137', '217');
INSERT INTO medical_act (type, med_proc_id, start_datetime, end_datetime, room_id, cost) VALUES ('Θεραπευτική', '8311', '1976-01-18 00:00:00', '1976-04-03 00:00:00', '89', '3176.64');
INSERT INTO hosp_med_act (med_act_id, hosp_id) VALUES ('125', '217');
INSERT INTO patient_record (AMKA, hosp_id) VALUES ('0510787029', '217');
INSERT INTO admission_diagnosis (hosp_id, diag_id) VALUES ('218', 'E06.3');
INSERT INTO hospitalisation (admission_date, discharge_date, dept_name, bed_id, costing_id, carrier_id) VALUES ('2012-11-23', NULL, 'Geriatric', '15', '157', '1');
INSERT INTO lab_test (med_proc_id, doc_id, date, result, cost) VALUES ('3763', '2811728295', '1971-07-05 00:00:00', 'Ίδιο συγχωνευτεί λίγο την. Περισσότερη διαφήμιση τύπου εκτελέσεις περιεχόμενα κάνεις. Νιρβάνα νόμιζες ένα γέλασαν.', '3933.39');
INSERT INTO hosp_lab_test (lab_test_id, hosp_id) VALUES ('138', '218');
INSERT INTO surgical_act (med_act_id, primary_doc_id) VALUES ('126', '0802620737');
INSERT INTO surgical_act_doctor_assistants (med_act_id, assistant_id) VALUES ('126', '2012810248');
INSERT INTO surgical_act_nurse_assistants (med_act_id, assistant_id) VALUES ('126', '2904573556');
INSERT INTO medical_act (type, med_proc_id, start_datetime, end_datetime, room_id, cost) VALUES ('Χειρουργική', '6939', '2002-10-05 00:00:00', '2002-11-08 00:00:00', '132', '3430.92');
INSERT INTO hosp_med_act (med_act_id, hosp_id) VALUES ('126', '218');
INSERT INTO patient_record (AMKA, hosp_id) VALUES ('2009978873', '218');
INSERT INTO admission_diagnosis (hosp_id, diag_id) VALUES ('219', 'S55.8');
INSERT INTO hospitalisation (admission_date, discharge_date, dept_name, bed_id, costing_id, carrier_id) VALUES ('2017-02-19', NULL, 'Neurology', '10', '128', '7');
INSERT INTO patient_record (AMKA, hosp_id) VALUES ('0811538177', '219');
INSERT INTO admission_diagnosis (hosp_id, diag_id) VALUES ('220', 'A28.0');
INSERT INTO discharge_diagnosis (hosp_id, diag_id) VALUES ('220', 'P28.3');
INSERT INTO hospitalisation (admission_date, discharge_date, dept_name, bed_id, costing_id, carrier_id) VALUES ('2005-08-18', '2006-04-05', 'Gastroenterology', '9', '191', '8');
INSERT INTO lab_test (med_proc_id, doc_id, date, result, cost) VALUES ('10349', '2406973031', '1958-09-27 00:00:00', 'Νέου συνάδελφος συγκεντρωμένοι ποια. Νέων περιβάλλον έτσι λέει συνάδελφος πετάνε πρόσληψη κι. Ένα εκτελέσεις μου στη.
Άρα δύο τρόποι ένα κειμένων τι. Πρόσληψη παίρνει το.', '182.14');
INSERT INTO hosp_lab_test (lab_test_id, hosp_id) VALUES ('139', '220');
INSERT INTO patient_record (AMKA, hosp_id) VALUES ('2911945638', '220');
INSERT INTO rating (AMKA, hosp_id, medical_care, nursing_care, cleanliness, food, experience) VALUES ('2911945638', '220', '3', '5', '2', '5', '5');
INSERT INTO admission_diagnosis (hosp_id, diag_id) VALUES ('221', 'N21.1');
INSERT INTO hospitalisation (admission_date, discharge_date, dept_name, bed_id, costing_id, carrier_id) VALUES ('2010-12-24', NULL, 'Geriatric', '10', '518', '5');
INSERT INTO lab_test (med_proc_id, doc_id, date, result, cost) VALUES ('8934', '0710954761', '1996-05-03 00:00:00', 'Μέρος αποστηθίσει μεταφραστής καταλάθος. Στη ένα πολύ μιας.
Αφήσεις μας τεκμηριώνει μάθε.', '8662.95');
INSERT INTO hosp_lab_test (lab_test_id, hosp_id) VALUES ('140', '221');
INSERT INTO surgical_act (med_act_id, primary_doc_id) VALUES ('127', '0811685025');
INSERT INTO surgical_act_doctor_assistants (med_act_id, assistant_id) VALUES ('127', '2803422426');
INSERT INTO surgical_act_nurse_assistants (med_act_id, assistant_id) VALUES ('127', '2407818176');
INSERT INTO surgical_act_nurse_assistants (med_act_id, assistant_id) VALUES ('127', '1210633994');
INSERT INTO medical_act (type, med_proc_id, start_datetime, end_datetime, room_id, cost) VALUES ('Χειρουργική', '10001', '2025-04-26 00:00:00', '2025-07-22 00:00:00', '89', '254.2');
INSERT INTO hosp_med_act (med_act_id, hosp_id) VALUES ('127', '221');
INSERT INTO patient_record (AMKA, hosp_id) VALUES ('1507138423', '221');
INSERT INTO admission_diagnosis (hosp_id, diag_id) VALUES ('222', 'P90');
INSERT INTO discharge_diagnosis (hosp_id, diag_id) VALUES ('222', 'Q51.3');
INSERT INTO hospitalisation (admission_date, discharge_date, dept_name, bed_id, costing_id, carrier_id) VALUES ('2004-10-04', '2004-10-12', 'Anesthesiology', '6', '133', '10');
INSERT INTO lab_test (med_proc_id, doc_id, date, result, cost) VALUES ('1545', '0206637500', '1983-01-02 00:00:00', 'Λίγο τρόποι έχω θέμα. Σημαντικό προκαλείς γραμμής εκτελέσει προσοχή από. Τοπικές εξαρτάται νέων ως εκτελέσει απίστευτα ποσοστό παραδοτέου.
Συνηθίζουν ανώδυνη φακέλους έτσι. Πολύ ύψος ημέρα κανένας.', '8606.21');
INSERT INTO hosp_lab_test (lab_test_id, hosp_id) VALUES ('141', '222');
INSERT INTO surgical_act (med_act_id, primary_doc_id) VALUES ('128', '2803422426');
INSERT INTO surgical_act_doctor_assistants (med_act_id, assistant_id) VALUES ('128', '2107936328');
INSERT INTO surgical_act_doctor_assistants (med_act_id, assistant_id) VALUES ('128', '2108809189');
INSERT INTO surgical_act_nurse_assistants (med_act_id, assistant_id) VALUES ('128', '2202745833');
INSERT INTO surgical_act_nurse_assistants (med_act_id, assistant_id) VALUES ('128', '2012883023');
INSERT INTO surgical_act_nurse_assistants (med_act_id, assistant_id) VALUES ('128', '2104682202');
INSERT INTO medical_act (type, med_proc_id, start_datetime, end_datetime, room_id, cost) VALUES ('Χειρουργική', '1878', '1989-07-06 00:00:00', '1989-08-14 00:00:00', '41', '3360.13');
INSERT INTO hosp_med_act (med_act_id, hosp_id) VALUES ('128', '222');
INSERT INTO patient_record (AMKA, hosp_id) VALUES ('1711216924', '222');
INSERT INTO rating (AMKA, hosp_id, medical_care, nursing_care, cleanliness, food, experience) VALUES ('1711216924', '222', '5', '1', '4', '2', '2');
INSERT INTO admission_diagnosis (hosp_id, diag_id) VALUES ('223', 'K12');
INSERT INTO discharge_diagnosis (hosp_id, diag_id) VALUES ('223', 'O66.9');
INSERT INTO hospitalisation (admission_date, discharge_date, dept_name, bed_id, costing_id, carrier_id) VALUES ('2011-02-02', '2011-11-04', 'Anesthesiology', '12', '596', '2');
INSERT INTO lab_test (med_proc_id, doc_id, date, result, cost) VALUES ('8301', '0102891639', '1990-01-31 00:00:00', 'Κανόνα πλέον ίδιο. Εγώ αν της μηχανής ξέχασε.
Χρονοδιαγράμματος ένα κώδικα τεσσαρών επιστρέφουν. Ανταγωνιστής τους σου τύπους υποψήφιο πες καταλάθος επενδυτής.', '8212.12');
INSERT INTO hosp_lab_test (lab_test_id, hosp_id) VALUES ('142', '223');
INSERT INTO medical_act (type, med_proc_id, start_datetime, end_datetime, room_id, cost) VALUES ('Θεραπευτική', '6457', '1958-08-07 00:00:00', '1958-09-08 00:00:00', '54', '8402.32');
INSERT INTO hosp_med_act (med_act_id, hosp_id) VALUES ('129', '223');
INSERT INTO patient_record (AMKA, hosp_id) VALUES ('0510787029', '223');
INSERT INTO rating (AMKA, hosp_id, medical_care, nursing_care, cleanliness, food, experience) VALUES ('0510787029', '223', '5', '3', '1', '4', '3');
INSERT INTO admission_diagnosis (hosp_id, diag_id) VALUES ('224', 'Z10');
INSERT INTO hospitalisation (admission_date, discharge_date, dept_name, bed_id, costing_id, carrier_id) VALUES ('2000-01-09', NULL, 'General surgery', '3', '119', '4');
INSERT INTO medical_act (type, med_proc_id, start_datetime, end_datetime, room_id, cost) VALUES ('Θεραπευτική', '8225', '1997-05-08 00:00:00', '1997-05-20 00:00:00', '71', '5589.85');
INSERT INTO hosp_med_act (med_act_id, hosp_id) VALUES ('130', '224');
INSERT INTO patient_record (AMKA, hosp_id) VALUES ('2206678855', '224');
INSERT INTO admission_diagnosis (hosp_id, diag_id) VALUES ('225', 'P02.3');
INSERT INTO hospitalisation (admission_date, discharge_date, dept_name, bed_id, costing_id, carrier_id) VALUES ('2010-07-22', NULL, 'Casualty', '4', '427', '5');
INSERT INTO patient_record (AMKA, hosp_id) VALUES ('2305241733', '225');
INSERT INTO admission_diagnosis (hosp_id, diag_id) VALUES ('226', 'S46.7');
INSERT INTO discharge_diagnosis (hosp_id, diag_id) VALUES ('226', 'S68.9');
INSERT INTO hospitalisation (admission_date, discharge_date, dept_name, bed_id, costing_id, carrier_id) VALUES ('2024-01-25', '2024-04-03', 'Orthopaedic', '14', '555', '3');
INSERT INTO lab_test (med_proc_id, doc_id, date, result, cost) VALUES ('586', '2412989437', '2024-03-21 00:00:00', 'Για πολύ κειμένων διαχειριστής επιστρέφουν εκτελέσει για. Νόμιζες γραμμή μέγιστη υόρκη έτσι ημέρα.', '8399.41');
INSERT INTO hosp_lab_test (lab_test_id, hosp_id) VALUES ('143', '226');
INSERT INTO medical_act (type, med_proc_id, start_datetime, end_datetime, room_id, cost) VALUES ('Θεραπευτική', '5682', '1962-04-14 00:00:00', '1962-06-06 00:00:00', '17', '9454.15');
INSERT INTO hosp_med_act (med_act_id, hosp_id) VALUES ('131', '226');
INSERT INTO patient_record (AMKA, hosp_id) VALUES ('2601625413', '226');
INSERT INTO rating (AMKA, hosp_id, medical_care, nursing_care, cleanliness, food, experience) VALUES ('2601625413', '226', '1', '5', '4', '4', '3');
INSERT INTO admission_diagnosis (hosp_id, diag_id) VALUES ('227', 'F44.1');
INSERT INTO discharge_diagnosis (hosp_id, diag_id) VALUES ('227', 'K31.6');
INSERT INTO hospitalisation (admission_date, discharge_date, dept_name, bed_id, costing_id, carrier_id) VALUES ('2015-05-26', '2015-10-05', 'ENT', '16', '120', '7');
INSERT INTO lab_test (med_proc_id, doc_id, date, result, cost) VALUES ('2036', '0102891639', '2003-07-27 00:00:00', 'Ένας απαρατήρητο δεν αναφορά δε θέματα επιδιόρθωση. Κώδικα και συγχρόνως δημιουργια βιβλίο. Εργοστασίου πιο σημεία σημαντικό στη από των.
Απομόνωση μη πλέον συνάδελφος.', '5903.15');
INSERT INTO hosp_lab_test (lab_test_id, hosp_id) VALUES ('144', '227');
INSERT INTO medical_act (type, med_proc_id, start_datetime, end_datetime, room_id, cost) VALUES ('Θεραπευτική', '3658', '1989-09-24 00:00:00', '1989-12-19 00:00:00', '98', '6473.69');
INSERT INTO hosp_med_act (med_act_id, hosp_id) VALUES ('132', '227');
INSERT INTO patient_record (AMKA, hosp_id) VALUES ('0411682304', '227');
INSERT INTO rating (AMKA, hosp_id, medical_care, nursing_care, cleanliness, food, experience) VALUES ('0411682304', '227', '3', '3', '3', '1', '2');
INSERT INTO admission_diagnosis (hosp_id, diag_id) VALUES ('228', 'K22.1');
INSERT INTO discharge_diagnosis (hosp_id, diag_id) VALUES ('228', 'J38.5');
INSERT INTO hospitalisation (admission_date, discharge_date, dept_name, bed_id, costing_id, carrier_id) VALUES ('2015-01-30', '2015-08-28', 'General surgery', '8', '321', '7');
INSERT INTO medical_act (type, med_proc_id, start_datetime, end_datetime, room_id, cost) VALUES ('Διαγνωστική', '862', '1956-04-10 00:00:00', '1956-05-23 00:00:00', '80', '9551.37');
INSERT INTO hosp_med_act (med_act_id, hosp_id) VALUES ('133', '228');
INSERT INTO patient_record (AMKA, hosp_id) VALUES ('2108613024', '228');
INSERT INTO rating (AMKA, hosp_id, medical_care, nursing_care, cleanliness, food, experience) VALUES ('2108613024', '228', '3', '3', '1', '3', '3');
INSERT INTO admission_diagnosis (hosp_id, diag_id) VALUES ('229', 'T42.0');
INSERT INTO discharge_diagnosis (hosp_id, diag_id) VALUES ('229', 'Z44.2');
INSERT INTO hospitalisation (admission_date, discharge_date, dept_name, bed_id, costing_id, carrier_id) VALUES ('2021-06-05', '2022-01-04', 'Gynaecology', '13', '54', '10');
INSERT INTO lab_test (med_proc_id, doc_id, date, result, cost) VALUES ('5872', '2108809189', '1993-10-19 00:00:00', 'Ο ναι εκθέσεις δουλεύει. Αποκλειστικούς το στο μπορούσες διευθυντές αν προβληματική.
Κανόνα χαρακτηριστικό μια μετρήσεις συγχρόνως. Εφαρμογή πιο μη χάος σου λαμβάνουν μέχρι συνεχώς.', '485.06');
INSERT INTO hosp_lab_test (lab_test_id, hosp_id) VALUES ('145', '229');
INSERT INTO patient_record (AMKA, hosp_id) VALUES ('1708651000', '229');
INSERT INTO rating (AMKA, hosp_id, medical_care, nursing_care, cleanliness, food, experience) VALUES ('1708651000', '229', '1', '2', '1', '4', '3');
INSERT INTO admission_diagnosis (hosp_id, diag_id) VALUES ('230', 'H44');
INSERT INTO discharge_diagnosis (hosp_id, diag_id) VALUES ('230', 'C00.1');
INSERT INTO hospitalisation (admission_date, discharge_date, dept_name, bed_id, costing_id, carrier_id) VALUES ('1997-10-21', '1998-09-03', 'Gynaecology', '17', '142', '5');
INSERT INTO lab_test (med_proc_id, doc_id, date, result, cost) VALUES ('3566', '1101823701', '1995-07-11 00:00:00', 'Της οι σκεφτείς μα. Επεξεργασία ας γέλασαν ώρα διορθώσεις. Κύκλο υόρκη δυστυχής αναγκάζονται.
Ο ίδιο όσο σπίτι αφήσεις εκτελέσεις. Ήδη μα ώρα εικόνες εκείνου ποσοστό.', '4459.98');
INSERT INTO hosp_lab_test (lab_test_id, hosp_id) VALUES ('146', '230');
INSERT INTO patient_record (AMKA, hosp_id) VALUES ('2508640420', '230');
INSERT INTO rating (AMKA, hosp_id, medical_care, nursing_care, cleanliness, food, experience) VALUES ('2508640420', '230', '5', '5', '1', '4', '2');
INSERT INTO admission_diagnosis (hosp_id, diag_id) VALUES ('231', 'D43.7');
INSERT INTO discharge_diagnosis (hosp_id, diag_id) VALUES ('231', 'Q10.1');
INSERT INTO hospitalisation (admission_date, discharge_date, dept_name, bed_id, costing_id, carrier_id) VALUES ('2005-09-12', '2006-01-24', 'Pediatrics', '14', '218', '8');
INSERT INTO patient_record (AMKA, hosp_id) VALUES ('0310997090', '231');
INSERT INTO rating (AMKA, hosp_id, medical_care, nursing_care, cleanliness, food, experience) VALUES ('0310997090', '231', '3', '1', '3', '1', '5');
INSERT INTO admission_diagnosis (hosp_id, diag_id) VALUES ('232', 'I82.0');
INSERT INTO hospitalisation (admission_date, discharge_date, dept_name, bed_id, costing_id, carrier_id) VALUES ('1998-07-23', NULL, 'Neurology', '3', '288', '1');
INSERT INTO medical_act (type, med_proc_id, start_datetime, end_datetime, room_id, cost) VALUES ('Διαγνωστική', '9717', '1977-10-23 00:00:00', '1978-01-12 00:00:00', '9', '9162.36');
INSERT INTO hosp_med_act (med_act_id, hosp_id) VALUES ('134', '232');
INSERT INTO patient_record (AMKA, hosp_id) VALUES ('2801823961', '232');
INSERT INTO admission_diagnosis (hosp_id, diag_id) VALUES ('233', 'T65.1');
INSERT INTO hospitalisation (admission_date, discharge_date, dept_name, bed_id, costing_id, carrier_id) VALUES ('2019-09-09', NULL, 'Urology', '14', '340', '2');
INSERT INTO lab_test (med_proc_id, doc_id, date, result, cost) VALUES ('7723', '0104436410', '2000-08-17 00:00:00', 'Ελέγχου περιβάλλον τις επιδιόρθωση επί δε. Ανώδυνη επενδυτής εξοργιστικά πάρεις προσοχή πακέτων εφαμοργής. Χρησιμοποιώντας και από ζητήσεις.', '8253.04');
INSERT INTO hosp_lab_test (lab_test_id, hosp_id) VALUES ('147', '233');
INSERT INTO surgical_act (med_act_id, primary_doc_id) VALUES ('135', '1403910610');
INSERT INTO surgical_act_doctor_assistants (med_act_id, assistant_id) VALUES ('135', '2502654079');
INSERT INTO surgical_act_doctor_assistants (med_act_id, assistant_id) VALUES ('135', '1806762549');
INSERT INTO surgical_act_nurse_assistants (med_act_id, assistant_id) VALUES ('135', '0909660903');
INSERT INTO surgical_act_nurse_assistants (med_act_id, assistant_id) VALUES ('135', '0607738540');
INSERT INTO surgical_act_nurse_assistants (med_act_id, assistant_id) VALUES ('135', '0501488320');
INSERT INTO medical_act (type, med_proc_id, start_datetime, end_datetime, room_id, cost) VALUES ('Χειρουργική', '2873', '2013-02-04 00:00:00', '2013-04-12 00:00:00', '9', '7435.5');
INSERT INTO hosp_med_act (med_act_id, hosp_id) VALUES ('135', '233');
INSERT INTO patient_record (AMKA, hosp_id) VALUES ('1310165448', '233');
INSERT INTO admission_diagnosis (hosp_id, diag_id) VALUES ('234', 'N95.9');
INSERT INTO discharge_diagnosis (hosp_id, diag_id) VALUES ('234', 'I61.6');
INSERT INTO hospitalisation (admission_date, discharge_date, dept_name, bed_id, costing_id, carrier_id) VALUES ('2023-02-12', '2023-06-13', 'Oncology', '4', '691', '7');
INSERT INTO lab_test (med_proc_id, doc_id, date, result, cost) VALUES ('5443', '3012474240', '1998-10-08 00:00:00', 'Οι στις μας πακέτων απλό. Δε γνωρίζουμε ρωτάει χρονοδιαγράμματος κάτι δεν. Μέγιστη πιο έτσι μου εγώ έστελνε σκεφτείς.
Σωστά πόρτες ανακλύψεις μα.', '6890.71');
INSERT INTO hosp_lab_test (lab_test_id, hosp_id) VALUES ('148', '234');
INSERT INTO patient_record (AMKA, hosp_id) VALUES ('0805830286', '234');
INSERT INTO rating (AMKA, hosp_id, medical_care, nursing_care, cleanliness, food, experience) VALUES ('0805830286', '234', '3', '3', '4', '3', '2');
INSERT INTO admission_diagnosis (hosp_id, diag_id) VALUES ('235', 'Y85.0');
INSERT INTO hospitalisation (admission_date, discharge_date, dept_name, bed_id, costing_id, carrier_id) VALUES ('1995-10-11', NULL, 'Cardiology', '11', '610', '6');
INSERT INTO surgical_act (med_act_id, primary_doc_id) VALUES ('136', '1807676900');
INSERT INTO surgical_act_doctor_assistants (med_act_id, assistant_id) VALUES ('136', '2412989437');
INSERT INTO surgical_act_nurse_assistants (med_act_id, assistant_id) VALUES ('136', '0509864586');
INSERT INTO surgical_act_nurse_assistants (med_act_id, assistant_id) VALUES ('136', '2903754769');
INSERT INTO medical_act (type, med_proc_id, start_datetime, end_datetime, room_id, cost) VALUES ('Χειρουργική', '7360', '1974-06-15 00:00:00', '1974-09-07 00:00:00', '9', '8221.07');
INSERT INTO hosp_med_act (med_act_id, hosp_id) VALUES ('136', '235');
INSERT INTO patient_record (AMKA, hosp_id) VALUES ('1206868578', '235');
INSERT INTO admission_diagnosis (hosp_id, diag_id) VALUES ('236', 'D82');
INSERT INTO hospitalisation (admission_date, discharge_date, dept_name, bed_id, costing_id, carrier_id) VALUES ('2013-09-08', NULL, 'Intensive care unit (ICU)', '7', '484', '10');
INSERT INTO lab_test (med_proc_id, doc_id, date, result, cost) VALUES ('8560', '0109876222', '2020-08-13 00:00:00', 'Τύπου άρθρων λιγότερο μεταγλωτίσει φίλος δημιουργια φακέλους. Πεδία τύπους νιρβάνα της αυτήν.
Ότι ημέρα μα ορίστε κάτι ότι βασανίζουν.', '3811.57');
INSERT INTO hosp_lab_test (lab_test_id, hosp_id) VALUES ('149', '236');
INSERT INTO surgical_act (med_act_id, primary_doc_id) VALUES ('137', '2803422426');
INSERT INTO surgical_act_doctor_assistants (med_act_id, assistant_id) VALUES ('137', '0206637500');
INSERT INTO surgical_act_doctor_assistants (med_act_id, assistant_id) VALUES ('137', '2710712553');
INSERT INTO surgical_act_nurse_assistants (med_act_id, assistant_id) VALUES ('137', '0212459106');
INSERT INTO surgical_act_nurse_assistants (med_act_id, assistant_id) VALUES ('137', '0201469512');
INSERT INTO medical_act (type, med_proc_id, start_datetime, end_datetime, room_id, cost) VALUES ('Χειρουργική', '2978', '2004-07-04 00:00:00', '2004-07-11 00:00:00', '132', '1057.78');
INSERT INTO hosp_med_act (med_act_id, hosp_id) VALUES ('137', '236');
INSERT INTO patient_record (AMKA, hosp_id) VALUES ('2207566495', '236');
INSERT INTO admission_diagnosis (hosp_id, diag_id) VALUES ('237', 'T39.8');
INSERT INTO discharge_diagnosis (hosp_id, diag_id) VALUES ('237', 'R26.0');
INSERT INTO hospitalisation (admission_date, discharge_date, dept_name, bed_id, costing_id, carrier_id) VALUES ('2002-09-26', '2003-01-24', 'ENT', '16', '134', '5');
INSERT INTO lab_test (med_proc_id, doc_id, date, result, cost) VALUES ('1649', '1604612218', '1948-03-10 00:00:00', 'Σπίτι νέο ήδη θέματα αναφέρονται. Τρέξει που από μεταφραστής κώδικα ιδιαίτερα στο δύο.
Από απομόνωση ανά έξι δημιουργήσεις πάντα μέχρι ρουτίνα. Δε μεταγλωτιστής εξαρτάται ότι να σας.', '5670.97');
INSERT INTO hosp_lab_test (lab_test_id, hosp_id) VALUES ('150', '237');
INSERT INTO patient_record (AMKA, hosp_id) VALUES ('2801823961', '237');
INSERT INTO rating (AMKA, hosp_id, medical_care, nursing_care, cleanliness, food, experience) VALUES ('2801823961', '237', '3', '3', '4', '5', '2');
INSERT INTO admission_diagnosis (hosp_id, diag_id) VALUES ('238', 'M90.6*');
INSERT INTO discharge_diagnosis (hosp_id, diag_id) VALUES ('238', 'T18.8');
INSERT INTO hospitalisation (admission_date, discharge_date, dept_name, bed_id, costing_id, carrier_id) VALUES ('1994-01-05', '1994-08-25', 'Orthopaedic', '17', '670', '8');
INSERT INTO lab_test (med_proc_id, doc_id, date, result, cost) VALUES ('3324', '2107936328', '1998-04-01 00:00:00', 'Εφαρμογής αρπάζεις ένας ο ελέγχου. Μεταγλωτίσει χρησιμοποιούσες εργάστηκε για φράση.', '8559.13');
INSERT INTO hosp_lab_test (lab_test_id, hosp_id) VALUES ('151', '238');
INSERT INTO surgical_act (med_act_id, primary_doc_id) VALUES ('138', '1305442503');
INSERT INTO surgical_act_doctor_assistants (med_act_id, assistant_id) VALUES ('138', '1102752591');
INSERT INTO surgical_act_nurse_assistants (med_act_id, assistant_id) VALUES ('138', '1809580815');
INSERT INTO medical_act (type, med_proc_id, start_datetime, end_datetime, room_id, cost) VALUES ('Χειρουργική', '3053', '1949-09-11 00:00:00', '1949-11-06 00:00:00', '123', '3314.9');
INSERT INTO hosp_med_act (med_act_id, hosp_id) VALUES ('138', '238');
INSERT INTO patient_record (AMKA, hosp_id) VALUES ('1408913717', '238');
INSERT INTO rating (AMKA, hosp_id, medical_care, nursing_care, cleanliness, food, experience) VALUES ('1408913717', '238', '1', '2', '4', '1', '2');
INSERT INTO admission_diagnosis (hosp_id, diag_id) VALUES ('239', 'M81.6');
INSERT INTO hospitalisation (admission_date, discharge_date, dept_name, bed_id, costing_id, carrier_id) VALUES ('2008-09-20', NULL, 'Geriatric', '10', '422', '1');
INSERT INTO medical_act (type, med_proc_id, start_datetime, end_datetime, room_id, cost) VALUES ('Διαγνωστική', '4020', '2010-06-20 00:00:00', '2010-07-25 00:00:00', '36', '3005.83');
INSERT INTO hosp_med_act (med_act_id, hosp_id) VALUES ('139', '239');
INSERT INTO patient_record (AMKA, hosp_id) VALUES ('1505491785', '239');
INSERT INTO admission_diagnosis (hosp_id, diag_id) VALUES ('240', 'R35');
INSERT INTO hospitalisation (admission_date, discharge_date, dept_name, bed_id, costing_id, carrier_id) VALUES ('1991-10-09', NULL, 'Urology', '9', '30', '4');
INSERT INTO surgical_act (med_act_id, primary_doc_id) VALUES ('140', '0303531282');
INSERT INTO surgical_act_doctor_assistants (med_act_id, assistant_id) VALUES ('140', '1701787998');
INSERT INTO surgical_act_nurse_assistants (med_act_id, assistant_id) VALUES ('140', '2612984884');
INSERT INTO medical_act (type, med_proc_id, start_datetime, end_datetime, room_id, cost) VALUES ('Χειρουργική', '4552', '2004-07-10 00:00:00', '2004-08-31 00:00:00', '1', '5458.47');
INSERT INTO hosp_med_act (med_act_id, hosp_id) VALUES ('140', '240');
INSERT INTO patient_record (AMKA, hosp_id) VALUES ('3004880014', '240');
INSERT INTO admission_diagnosis (hosp_id, diag_id) VALUES ('241', 'R06.5');
INSERT INTO discharge_diagnosis (hosp_id, diag_id) VALUES ('241', 'N80.1');
INSERT INTO hospitalisation (admission_date, discharge_date, dept_name, bed_id, costing_id, carrier_id) VALUES ('2016-11-07', '2016-12-31', 'ENT', '5', '203', '4');
INSERT INTO medical_act (type, med_proc_id, start_datetime, end_datetime, room_id, cost) VALUES ('Διαγνωστική', '9366', '1997-05-19 00:00:00', '1997-06-24 00:00:00', '118', '1351.84');
INSERT INTO hosp_med_act (med_act_id, hosp_id) VALUES ('141', '241');
INSERT INTO patient_record (AMKA, hosp_id) VALUES ('0708019917', '241');
INSERT INTO rating (AMKA, hosp_id, medical_care, nursing_care, cleanliness, food, experience) VALUES ('0708019917', '241', '5', '1', '5', '3', '5');
INSERT INTO admission_diagnosis (hosp_id, diag_id) VALUES ('242', 'Q71.2');
INSERT INTO discharge_diagnosis (hosp_id, diag_id) VALUES ('242', 'F01.0');
INSERT INTO hospitalisation (admission_date, discharge_date, dept_name, bed_id, costing_id, carrier_id) VALUES ('2011-05-15', '2011-12-02', 'Outpatient Department (OPD)', '9', '581', '4');
INSERT INTO lab_test (med_proc_id, doc_id, date, result, cost) VALUES ('5115', '2301681047', '1993-02-25 00:00:00', 'Λιγότερο άρα μας κάτι ένα χρησιμοποίησέ.
Χειρότερα παράγοντες αυτός. Της δείξει εργασίας κάτι τον εδώ κάνε απαραίτητο.', '1013.48');
INSERT INTO hosp_lab_test (lab_test_id, hosp_id) VALUES ('152', '242');
INSERT INTO patient_record (AMKA, hosp_id) VALUES ('2605000835', '242');
INSERT INTO rating (AMKA, hosp_id, medical_care, nursing_care, cleanliness, food, experience) VALUES ('2605000835', '242', '5', '4', '4', '1', '1');
INSERT INTO admission_diagnosis (hosp_id, diag_id) VALUES ('243', 'M61.9');
INSERT INTO hospitalisation (admission_date, discharge_date, dept_name, bed_id, costing_id, carrier_id) VALUES ('2021-10-14', NULL, 'Opthalmology', '14', '626', '6');
INSERT INTO lab_test (med_proc_id, doc_id, date, result, cost) VALUES ('10256', '2304595248', '1964-07-01 00:00:00', 'Ταξινομεί οι συγχωνευτεί αφήσεις προκύπτουν ναι πάρα. Πιο παραδοτέου δημιουργήσεις συγχρόνως επί ένας.
Ρωτάει όχι για μη.', '7286.52');
INSERT INTO hosp_lab_test (lab_test_id, hosp_id) VALUES ('153', '243');
INSERT INTO medical_act (type, med_proc_id, start_datetime, end_datetime, room_id, cost) VALUES ('Θεραπευτική', '9696', '1956-08-07 00:00:00', '1956-08-16 00:00:00', '94', '9213.49');
INSERT INTO hosp_med_act (med_act_id, hosp_id) VALUES ('142', '243');
INSERT INTO patient_record (AMKA, hosp_id) VALUES ('3107565227', '243');
INSERT INTO admission_diagnosis (hosp_id, diag_id) VALUES ('244', 'Q65.6');
INSERT INTO hospitalisation (admission_date, discharge_date, dept_name, bed_id, costing_id, carrier_id) VALUES ('2014-01-17', NULL, 'Haematology', '1', '68', '6');
INSERT INTO lab_test (med_proc_id, doc_id, date, result, cost) VALUES ('4318', '2412989437', '2022-12-10 00:00:00', 'Προβληματική συνέχεια πρώτο σταματάς στέλνοντάς έτσι θα τη. Λαμβάνουν απαραίτητο χαμηλός πετούν αλγόριθμου. Βάζοντας εγώ νέο ως ρωτάει υόρκη. Που χρησιμοποιώντας δουλεύει σε δύο ατόμου διακόψουμε.', '3276.02');
INSERT INTO hosp_lab_test (lab_test_id, hosp_id) VALUES ('154', '244');
INSERT INTO patient_record (AMKA, hosp_id) VALUES ('2302226964', '244');
INSERT INTO admission_diagnosis (hosp_id, diag_id) VALUES ('245', 'J38.5');
INSERT INTO hospitalisation (admission_date, discharge_date, dept_name, bed_id, costing_id, carrier_id) VALUES ('1995-10-31', NULL, 'Anesthesiology', '12', '434', '1');
INSERT INTO lab_test (med_proc_id, doc_id, date, result, cost) VALUES ('3606', '0811685025', '1995-10-01 00:00:00', 'Χρονοδιαγράμματα ανώδυνη προϊόντα μετράει. Λέει εξοργιστικά με κόψεις αλγόριθμου χαμηλός.
Κάνεις ερώτηση όσο ποια προβληματική των. Κι από τα μπουν προσθέσει γραφικά διαφήμιση εδώ.', '1771.83');
INSERT INTO hosp_lab_test (lab_test_id, hosp_id) VALUES ('155', '245');
INSERT INTO surgical_act (med_act_id, primary_doc_id) VALUES ('143', '0411980022');
INSERT INTO surgical_act_doctor_assistants (med_act_id, assistant_id) VALUES ('143', '1403910610');
INSERT INTO surgical_act_doctor_assistants (med_act_id, assistant_id) VALUES ('143', '1807676900');
INSERT INTO surgical_act_nurse_assistants (med_act_id, assistant_id) VALUES ('143', '0412861461');
INSERT INTO surgical_act_nurse_assistants (med_act_id, assistant_id) VALUES ('143', '1807594302');
INSERT INTO surgical_act_nurse_assistants (med_act_id, assistant_id) VALUES ('143', '2810445963');
INSERT INTO medical_act (type, med_proc_id, start_datetime, end_datetime, room_id, cost) VALUES ('Χειρουργική', '6684', '1978-01-05 00:00:00', '1978-04-15 00:00:00', '132', '9615.23');
INSERT INTO hosp_med_act (med_act_id, hosp_id) VALUES ('143', '245');
INSERT INTO patient_record (AMKA, hosp_id) VALUES ('1508992217', '245');
INSERT INTO admission_diagnosis (hosp_id, diag_id) VALUES ('246', 'O91.2');
INSERT INTO hospitalisation (admission_date, discharge_date, dept_name, bed_id, costing_id, carrier_id) VALUES ('1993-01-14', NULL, 'Operating theatre (OT)', '4', '259', '5');
INSERT INTO medical_act (type, med_proc_id, start_datetime, end_datetime, room_id, cost) VALUES ('Θεραπευτική', '5994', '1961-10-04 00:00:00', '1961-12-19 00:00:00', '24', '6760.15');
INSERT INTO hosp_med_act (med_act_id, hosp_id) VALUES ('144', '246');
INSERT INTO patient_record (AMKA, hosp_id) VALUES ('2511754810', '246');
INSERT INTO admission_diagnosis (hosp_id, diag_id) VALUES ('247', 'W76');
INSERT INTO hospitalisation (admission_date, discharge_date, dept_name, bed_id, costing_id, carrier_id) VALUES ('1990-08-22', NULL, 'Oncology', '16', '222', '10');
INSERT INTO lab_test (med_proc_id, doc_id, date, result, cost) VALUES ('428', '2304595248', '2017-11-20 00:00:00', 'Σχεδιαστής αφήσεις πήρε γέλασαν που έξι πάντως.
Πολύ ένα καλύτερο κειμένων αναφορά κύκλο. Εργάστηκε ποια λαμβάνουν μιας.', '5353.21');
INSERT INTO hosp_lab_test (lab_test_id, hosp_id) VALUES ('156', '247');
INSERT INTO patient_record (AMKA, hosp_id) VALUES ('0312161046', '247');
INSERT INTO admission_diagnosis (hosp_id, diag_id) VALUES ('248', 'O69.2');
INSERT INTO discharge_diagnosis (hosp_id, diag_id) VALUES ('248', 'J03.0');
INSERT INTO hospitalisation (admission_date, discharge_date, dept_name, bed_id, costing_id, carrier_id) VALUES ('2015-07-27', '2015-10-22', 'General surgery', '11', '473', '3');
INSERT INTO lab_test (med_proc_id, doc_id, date, result, cost) VALUES ('10468', '0602879802', '1954-02-23 00:00:00', 'Να αυτήν έτοιμος ότι ερωτήσεις άπειρα. Ίδιο τρόποι στα κλπ μα ζητήσεις. Μην να καλύτερο σταματάς τρόπο ένας διολισθήσεις. Υπηρεσία επί εκτελέσει ήδη όταν συνεχώς υψηλότερη.', '3933.49');
INSERT INTO hosp_lab_test (lab_test_id, hosp_id) VALUES ('157', '248');
INSERT INTO medical_act (type, med_proc_id, start_datetime, end_datetime, room_id, cost) VALUES ('Διαγνωστική', '7420', '2026-02-28 00:00:00', '2026-05-22 00:00:00', '132', '5214.23');
INSERT INTO hosp_med_act (med_act_id, hosp_id) VALUES ('145', '248');
INSERT INTO patient_record (AMKA, hosp_id) VALUES ('2905699303', '248');
INSERT INTO rating (AMKA, hosp_id, medical_care, nursing_care, cleanliness, food, experience) VALUES ('2905699303', '248', '1', '1', '1', '4', '4');
INSERT INTO admission_diagnosis (hosp_id, diag_id) VALUES ('249', 'K31.4');
INSERT INTO discharge_diagnosis (hosp_id, diag_id) VALUES ('249', 'Q26.2');
INSERT INTO hospitalisation (admission_date, discharge_date, dept_name, bed_id, costing_id, carrier_id) VALUES ('2019-11-11', '2020-02-23', 'Oncology', '16', '111', '8');
INSERT INTO lab_test (med_proc_id, doc_id, date, result, cost) VALUES ('366', '2710712553', '2014-06-15 00:00:00', 'Περισσότερες αντιλήφθηκαν πάρα χρησιμοποιώντας διολισθήσεις δε τους. Μα κάνεις σας ο προγραμματιστές αναφορά απομόνωση.
Ίδιο μιας αυτός σε στραβά μετρήσεις πάντως. Μη ορίστε φράση.', '6885.55');
INSERT INTO hosp_lab_test (lab_test_id, hosp_id) VALUES ('158', '249');
INSERT INTO surgical_act (med_act_id, primary_doc_id) VALUES ('146', '0810802797');
INSERT INTO surgical_act_doctor_assistants (med_act_id, assistant_id) VALUES ('146', '0104436410');
INSERT INTO surgical_act_nurse_assistants (med_act_id, assistant_id) VALUES ('146', '2804482376');
INSERT INTO medical_act (type, med_proc_id, start_datetime, end_datetime, room_id, cost) VALUES ('Χειρουργική', '5419', '1947-09-30 00:00:00', '1947-11-02 00:00:00', '37', '2333.94');
INSERT INTO hosp_med_act (med_act_id, hosp_id) VALUES ('146', '249');
INSERT INTO patient_record (AMKA, hosp_id) VALUES ('2803250365', '249');
INSERT INTO rating (AMKA, hosp_id, medical_care, nursing_care, cleanliness, food, experience) VALUES ('2803250365', '249', '4', '4', '1', '4', '5');
INSERT INTO admission_diagnosis (hosp_id, diag_id) VALUES ('250', 'Z42.8');
INSERT INTO discharge_diagnosis (hosp_id, diag_id) VALUES ('250', 'S35.0');
INSERT INTO hospitalisation (admission_date, discharge_date, dept_name, bed_id, costing_id, carrier_id) VALUES ('1997-08-30', '1998-03-19', 'Operating theatre (OT)', '16', '367', '10');
INSERT INTO patient_record (AMKA, hosp_id) VALUES ('0303932949', '250');
INSERT INTO rating (AMKA, hosp_id, medical_care, nursing_care, cleanliness, food, experience) VALUES ('0303932949', '250', '1', '3', '4', '4', '4');
INSERT INTO admission_diagnosis (hosp_id, diag_id) VALUES ('251', 'S00.8');
INSERT INTO hospitalisation (admission_date, discharge_date, dept_name, bed_id, costing_id, carrier_id) VALUES ('2007-10-22', NULL, 'Casualty', '6', '334', '10');
INSERT INTO lab_test (med_proc_id, doc_id, date, result, cost) VALUES ('10305', '1403472446', '1990-05-25 00:00:00', 'Γεύματος την χρονοδιαγράμματος βασανίζουν. Με τύπους εφαρμογής σε μάλλον.', '4236.89');
INSERT INTO hosp_lab_test (lab_test_id, hosp_id) VALUES ('159', '251');
INSERT INTO patient_record (AMKA, hosp_id) VALUES ('0910476115', '251');
INSERT INTO admission_diagnosis (hosp_id, diag_id) VALUES ('252', 'I08.2');
INSERT INTO discharge_diagnosis (hosp_id, diag_id) VALUES ('252', 'M18.5');
INSERT INTO hospitalisation (admission_date, discharge_date, dept_name, bed_id, costing_id, carrier_id) VALUES ('2015-08-16', '2015-09-17', 'ENT', '10', '664', '10');
INSERT INTO lab_test (med_proc_id, doc_id, date, result, cost) VALUES ('8649', '1101823701', '2004-12-14 00:00:00', 'Θέμα πάντα επί εντολές δείξει επί ότι. Εκδόσεις μας εγώ ρωτάει μάθε πες.', '1076.85');
INSERT INTO hosp_lab_test (lab_test_id, hosp_id) VALUES ('160', '252');
INSERT INTO surgical_act (med_act_id, primary_doc_id) VALUES ('147', '0802620737');
INSERT INTO surgical_act_doctor_assistants (med_act_id, assistant_id) VALUES ('147', '0104436410');
INSERT INTO surgical_act_nurse_assistants (med_act_id, assistant_id) VALUES ('147', '1410472859');
INSERT INTO surgical_act_nurse_assistants (med_act_id, assistant_id) VALUES ('147', '2012883023');
INSERT INTO surgical_act_nurse_assistants (med_act_id, assistant_id) VALUES ('147', '1703812899');
INSERT INTO medical_act (type, med_proc_id, start_datetime, end_datetime, room_id, cost) VALUES ('Χειρουργική', '2144', '1980-09-19 00:00:00', '1980-10-24 00:00:00', '54', '8538.03');
INSERT INTO hosp_med_act (med_act_id, hosp_id) VALUES ('147', '252');
INSERT INTO patient_record (AMKA, hosp_id) VALUES ('2204842315', '252');
INSERT INTO rating (AMKA, hosp_id, medical_care, nursing_care, cleanliness, food, experience) VALUES ('2204842315', '252', '5', '3', '3', '3', '2');
INSERT INTO admission_diagnosis (hosp_id, diag_id) VALUES ('253', 'K03.2');
INSERT INTO hospitalisation (admission_date, discharge_date, dept_name, bed_id, costing_id, carrier_id) VALUES ('2005-04-20', NULL, 'Opthalmology', '13', '551', '10');
INSERT INTO lab_test (med_proc_id, doc_id, date, result, cost) VALUES ('3217', '0602879802', '2017-12-01 00:00:00', 'Προσπαθούν εφαμοργής απίστευτα εφαμοργής απομόνωση μέρος. Απαράδεκτη εργαλείων μεταφραστής συνεχώς περίπου τη διάσημα. Είχαμε στα περιβάλλον φράση μιας.', '1736.36');
INSERT INTO hosp_lab_test (lab_test_id, hosp_id) VALUES ('161', '253');
INSERT INTO patient_record (AMKA, hosp_id) VALUES ('0410706335', '253');
INSERT INTO admission_diagnosis (hosp_id, diag_id) VALUES ('254', 'B06.8');
INSERT INTO discharge_diagnosis (hosp_id, diag_id) VALUES ('254', 'H91.3');
INSERT INTO hospitalisation (admission_date, discharge_date, dept_name, bed_id, costing_id, carrier_id) VALUES ('2013-03-09', '2013-04-08', 'Haematology', '5', '441', '3');
INSERT INTO lab_test (med_proc_id, doc_id, date, result, cost) VALUES ('5371', '0308718729', '1990-05-07 00:00:00', 'Προκαλείς λετπά σας και. Συγκεντρωμένοι αλγόριθμου ανά χρησιμοποίησέ αντιλήφθηκαν υψηλότερη. Λιγότερο ανά των.
Γραμμής και ένας σημαντικό. Την δύο πλέον στο αναγκάζονται εκείνου κόλπα.', '114.91');
INSERT INTO hosp_lab_test (lab_test_id, hosp_id) VALUES ('162', '254');
INSERT INTO medical_act (type, med_proc_id, start_datetime, end_datetime, room_id, cost) VALUES ('Θεραπευτική', '9544', '1969-01-13 00:00:00', '1969-03-19 00:00:00', '113', '2061.46');
INSERT INTO hosp_med_act (med_act_id, hosp_id) VALUES ('148', '254');
INSERT INTO patient_record (AMKA, hosp_id) VALUES ('2109699443', '254');
INSERT INTO rating (AMKA, hosp_id, medical_care, nursing_care, cleanliness, food, experience) VALUES ('2109699443', '254', '4', '2', '3', '2', '2');
INSERT INTO admission_diagnosis (hosp_id, diag_id) VALUES ('255', 'N90.2');
INSERT INTO discharge_diagnosis (hosp_id, diag_id) VALUES ('255', 'R45.7');
INSERT INTO hospitalisation (admission_date, discharge_date, dept_name, bed_id, costing_id, carrier_id) VALUES ('2015-11-29', '2016-08-06', 'Psychiatry', '17', '444', '6');
INSERT INTO lab_test (med_proc_id, doc_id, date, result, cost) VALUES ('7869', '0308718729', '1985-11-28 00:00:00', 'Εκθέσεις εφαμοργής παράδειγμα πιο. Εσωτερικών παίξουν εδώ μηχανής είχαμε την.
Περίπου τύπου πολύ. Επί διορθώσεις ότι θα δουλεύει. Δείξει επί νιρβάνα.', '6301.9');
INSERT INTO hosp_lab_test (lab_test_id, hosp_id) VALUES ('163', '255');
INSERT INTO medical_act (type, med_proc_id, start_datetime, end_datetime, room_id, cost) VALUES ('Διαγνωστική', '16', '1981-09-07 00:00:00', '1981-09-23 00:00:00', '42', '1887.65');
INSERT INTO hosp_med_act (med_act_id, hosp_id) VALUES ('149', '255');
INSERT INTO patient_record (AMKA, hosp_id) VALUES ('2801823961', '255');
INSERT INTO rating (AMKA, hosp_id, medical_care, nursing_care, cleanliness, food, experience) VALUES ('2801823961', '255', '4', '2', '2', '2', '2');
INSERT INTO admission_diagnosis (hosp_id, diag_id) VALUES ('256', 'C54.9');
INSERT INTO discharge_diagnosis (hosp_id, diag_id) VALUES ('256', 'N20');
INSERT INTO hospitalisation (admission_date, discharge_date, dept_name, bed_id, costing_id, carrier_id) VALUES ('2007-03-11', '2008-02-12', 'Orthopaedic', '16', '32', '8');
INSERT INTO lab_test (med_proc_id, doc_id, date, result, cost) VALUES ('9859', '1604612218', '1969-10-27 00:00:00', 'Τέλειοι κανένας διάβασε όσο τέλειοι συγχρόνως. Κάνε για άρα σας εδώ εγώ κάτι.
Ο παράγοντες πάντως ως. Μέρος ότι της κλπ επενδυτής θα. Ήδη διάβασε εδώ όταν κλπ.', '6879.88');
INSERT INTO hosp_lab_test (lab_test_id, hosp_id) VALUES ('164', '256');
INSERT INTO surgical_act (med_act_id, primary_doc_id) VALUES ('150', '1102752591');
INSERT INTO surgical_act_doctor_assistants (med_act_id, assistant_id) VALUES ('150', '1007472193');
INSERT INTO surgical_act_nurse_assistants (med_act_id, assistant_id) VALUES ('150', '0201469512');
INSERT INTO medical_act (type, med_proc_id, start_datetime, end_datetime, room_id, cost) VALUES ('Χειρουργική', '4095', '1943-03-09 00:00:00', '1943-04-14 00:00:00', '85', '7098.73');
INSERT INTO hosp_med_act (med_act_id, hosp_id) VALUES ('150', '256');
INSERT INTO patient_record (AMKA, hosp_id) VALUES ('2107999850', '256');
INSERT INTO rating (AMKA, hosp_id, medical_care, nursing_care, cleanliness, food, experience) VALUES ('2107999850', '256', '1', '2', '5', '3', '2');
INSERT INTO admission_diagnosis (hosp_id, diag_id) VALUES ('257', 'V39.0');
INSERT INTO discharge_diagnosis (hosp_id, diag_id) VALUES ('257', 'H10.5');
INSERT INTO hospitalisation (admission_date, discharge_date, dept_name, bed_id, costing_id, carrier_id) VALUES ('1995-12-17', '1996-01-23', 'Anesthesiology', '10', '539', '2');
INSERT INTO lab_test (med_proc_id, doc_id, date, result, cost) VALUES ('9947', '0301636140', '1963-12-13 00:00:00', 'Πηγαίου μην ρωτήσει ρωτάει λέει. Εταιρείες δωροδοκηθούν αποφάσισε. Ότι μέχρι όχι προγραμματιστής εταιρείες κρατάει.', '534.32');
INSERT INTO hosp_lab_test (lab_test_id, hosp_id) VALUES ('165', '257');
INSERT INTO patient_record (AMKA, hosp_id) VALUES ('0207071317', '257');
INSERT INTO rating (AMKA, hosp_id, medical_care, nursing_care, cleanliness, food, experience) VALUES ('0207071317', '257', '5', '5', '3', '4', '5');
INSERT INTO admission_diagnosis (hosp_id, diag_id) VALUES ('258', 'Q54.2');
INSERT INTO discharge_diagnosis (hosp_id, diag_id) VALUES ('258', 'Q50.4');
INSERT INTO hospitalisation (admission_date, discharge_date, dept_name, bed_id, costing_id, carrier_id) VALUES ('1992-09-28', '1993-05-27', 'Gastroenterology', '13', '299', '5');
INSERT INTO surgical_act (med_act_id, primary_doc_id) VALUES ('151', '1210608936');
INSERT INTO surgical_act_doctor_assistants (med_act_id, assistant_id) VALUES ('151', '0411550543');
INSERT INTO surgical_act_nurse_assistants (med_act_id, assistant_id) VALUES ('151', '1311513072');
INSERT INTO medical_act (type, med_proc_id, start_datetime, end_datetime, room_id, cost) VALUES ('Χειρουργική', '1764', '1950-09-09 00:00:00', '1950-10-28 00:00:00', '110', '4516.88');
INSERT INTO hosp_med_act (med_act_id, hosp_id) VALUES ('151', '258');
INSERT INTO patient_record (AMKA, hosp_id) VALUES ('1001235170', '258');
INSERT INTO rating (AMKA, hosp_id, medical_care, nursing_care, cleanliness, food, experience) VALUES ('1001235170', '258', '4', '1', '2', '2', '2');
INSERT INTO admission_diagnosis (hosp_id, diag_id) VALUES ('259', 'A56.2');
INSERT INTO hospitalisation (admission_date, discharge_date, dept_name, bed_id, costing_id, carrier_id) VALUES ('2011-12-16', NULL, 'Geriatric', '6', '143', '6');
INSERT INTO lab_test (med_proc_id, doc_id, date, result, cost) VALUES ('2116', '1604612218', '1970-12-20 00:00:00', 'Κανείς συγγραφής θέμα πηγαίου εγώ. Περιμένουν εργαζόμενοι μην έλεγχος χρόνου συγχωνευτεί. Φράση από λετπά βάζοντας μέχρι. Εκείνου ήδη εγώ έτσι.
Σου σωστά συνέχεια ήδη.', '9535.85');
INSERT INTO hosp_lab_test (lab_test_id, hosp_id) VALUES ('166', '259');
INSERT INTO medical_act (type, med_proc_id, start_datetime, end_datetime, room_id, cost) VALUES ('Θεραπευτική', '2104', '2018-06-14 00:00:00', '2018-07-04 00:00:00', '111', '9275.02');
INSERT INTO hosp_med_act (med_act_id, hosp_id) VALUES ('152', '259');
INSERT INTO patient_record (AMKA, hosp_id) VALUES ('1812205224', '259');
INSERT INTO admission_diagnosis (hosp_id, diag_id) VALUES ('260', 'M75.9');
INSERT INTO hospitalisation (admission_date, discharge_date, dept_name, bed_id, costing_id, carrier_id) VALUES ('2002-01-30', NULL, 'Neurology', '14', '469', '9');
INSERT INTO patient_record (AMKA, hosp_id) VALUES ('2506962018', '260');
INSERT INTO admission_diagnosis (hosp_id, diag_id) VALUES ('261', 'M79.1');
INSERT INTO hospitalisation (admission_date, discharge_date, dept_name, bed_id, costing_id, carrier_id) VALUES ('2002-06-20', NULL, 'Opthalmology', '16', '579', '8');
INSERT INTO lab_test (med_proc_id, doc_id, date, result, cost) VALUES ('10813', '0301525882', '2015-06-15 00:00:00', 'Εργοστασίου άτομο ποια γιαυτό δε εξακολουθεί. Δύο του λετπά φράση διολισθήσεις. Πλέον διαπιστώνεις δυστυχώς κρατάει ποσοστό ανακλύψεις.', '9911.79');
INSERT INTO hosp_lab_test (lab_test_id, hosp_id) VALUES ('167', '261');
INSERT INTO medical_act (type, med_proc_id, start_datetime, end_datetime, room_id, cost) VALUES ('Διαγνωστική', '74', '2010-10-20 00:00:00', '2011-01-28 00:00:00', '131', '7615.62');
INSERT INTO hosp_med_act (med_act_id, hosp_id) VALUES ('153', '261');
INSERT INTO patient_record (AMKA, hosp_id) VALUES ('0809514500', '261');
INSERT INTO admission_diagnosis (hosp_id, diag_id) VALUES ('262', 'H10.8');
INSERT INTO discharge_diagnosis (hosp_id, diag_id) VALUES ('262', 'M35.5');
INSERT INTO hospitalisation (admission_date, discharge_date, dept_name, bed_id, costing_id, carrier_id) VALUES ('2005-07-18', '2005-09-27', 'Haematology', '15', '242', '9');
INSERT INTO lab_test (med_proc_id, doc_id, date, result, cost) VALUES ('8664', '2710712553', '2026-10-01 00:00:00', 'Μου μας ύψος δε. Ερωτήσεις σου ακούσει για.
Βάζοντας πλέον εργαλείων των. Εδώ αν περισσότερες ώρα θα περισσότερες. Να στις προσεκτικά τα διασφαλίζεται εσωτερικών.', '2539.94');
INSERT INTO hosp_lab_test (lab_test_id, hosp_id) VALUES ('168', '262');
INSERT INTO patient_record (AMKA, hosp_id) VALUES ('1604150105', '262');
INSERT INTO rating (AMKA, hosp_id, medical_care, nursing_care, cleanliness, food, experience) VALUES ('1604150105', '262', '2', '5', '4', '4', '4');
INSERT INTO admission_diagnosis (hosp_id, diag_id) VALUES ('263', 'D57.2');
INSERT INTO discharge_diagnosis (hosp_id, diag_id) VALUES ('263', 'I84.3');
INSERT INTO hospitalisation (admission_date, discharge_date, dept_name, bed_id, costing_id, carrier_id) VALUES ('2017-02-06', '2017-03-24', 'Geriatric', '14', '392', '2');
INSERT INTO lab_test (med_proc_id, doc_id, date, result, cost) VALUES ('107', '0411980022', '1941-03-17 00:00:00', 'Κώδικάς κρατήσουν διευθυντές χειρότερα. Πιο να ανταγωνιστής προγραμματιστές έτσι απαρατήρητο ανά από. Επί όταν μάλλον συγγραφείς πετούν γεγονός της ατόμου.', '5528.46');
INSERT INTO hosp_lab_test (lab_test_id, hosp_id) VALUES ('169', '263');
INSERT INTO medical_act (type, med_proc_id, start_datetime, end_datetime, room_id, cost) VALUES ('Διαγνωστική', '7467', '1985-09-03 00:00:00', '1985-11-23 00:00:00', '112', '5749.1');
INSERT INTO hosp_med_act (med_act_id, hosp_id) VALUES ('154', '263');
INSERT INTO patient_record (AMKA, hosp_id) VALUES ('1205936087', '263');
INSERT INTO rating (AMKA, hosp_id, medical_care, nursing_care, cleanliness, food, experience) VALUES ('1205936087', '263', '3', '5', '4', '2', '3');
INSERT INTO admission_diagnosis (hosp_id, diag_id) VALUES ('264', 'O62.9');
INSERT INTO discharge_diagnosis (hosp_id, diag_id) VALUES ('264', 'O84.2');
INSERT INTO hospitalisation (admission_date, discharge_date, dept_name, bed_id, costing_id, carrier_id) VALUES ('2024-01-10', '2024-06-26', 'Casualty', '15', '394', '1');
INSERT INTO lab_test (med_proc_id, doc_id, date, result, cost) VALUES ('9189', '2107936328', '1941-09-02 00:00:00', 'Επιστρέφουν διοικητικό σαν ίδιο βάζοντας έτσι φράση. Εξακολουθεί αυτήν τι διακόψουμε προγραμματιστής ακούσει. Έχω μηχανής εδώ συνεχώς λίγο ζητήσεις. Ωραίο εργασίας εγώ μερικούς.', '4593.72');
INSERT INTO hosp_lab_test (lab_test_id, hosp_id) VALUES ('170', '264');
INSERT INTO patient_record (AMKA, hosp_id) VALUES ('0806676684', '264');
INSERT INTO rating (AMKA, hosp_id, medical_care, nursing_care, cleanliness, food, experience) VALUES ('0806676684', '264', '4', '1', '1', '4', '2');
INSERT INTO admission_diagnosis (hosp_id, diag_id) VALUES ('265', 'G70.8');
INSERT INTO discharge_diagnosis (hosp_id, diag_id) VALUES ('265', 'P61.1');
INSERT INTO hospitalisation (admission_date, discharge_date, dept_name, bed_id, costing_id, carrier_id) VALUES ('2021-05-16', '2022-04-18', 'Outpatient Department (OPD)', '15', '72', '10');
INSERT INTO lab_test (med_proc_id, doc_id, date, result, cost) VALUES ('10485', '2710712553', '2010-05-12 00:00:00', 'Γέλασαν δυστυχής μετράει καταλάθος. Πετούν έτσι γιαυτό τα επιδιόρθωση στο. Όταν τοπικές τοπικές εντολές μεταγλωτιστής εφαμοργής.', '6917.44');
INSERT INTO hosp_lab_test (lab_test_id, hosp_id) VALUES ('171', '265');
INSERT INTO surgical_act (med_act_id, primary_doc_id) VALUES ('155', '1611592474');
INSERT INTO surgical_act_doctor_assistants (med_act_id, assistant_id) VALUES ('155', '1306562994');
INSERT INTO surgical_act_doctor_assistants (med_act_id, assistant_id) VALUES ('155', '1403472446');
INSERT INTO surgical_act_nurse_assistants (med_act_id, assistant_id) VALUES ('155', '1807594302');
INSERT INTO surgical_act_nurse_assistants (med_act_id, assistant_id) VALUES ('155', '1410576808');
INSERT INTO medical_act (type, med_proc_id, start_datetime, end_datetime, room_id, cost) VALUES ('Χειρουργική', '5953', '2010-12-26 00:00:00', '2011-01-29 00:00:00', '110', '5106.84');
INSERT INTO hosp_med_act (med_act_id, hosp_id) VALUES ('155', '265');
INSERT INTO patient_record (AMKA, hosp_id) VALUES ('1605708372', '265');
INSERT INTO rating (AMKA, hosp_id, medical_care, nursing_care, cleanliness, food, experience) VALUES ('1605708372', '265', '2', '1', '3', '4', '3');
INSERT INTO admission_diagnosis (hosp_id, diag_id) VALUES ('266', 'L92.2');
INSERT INTO discharge_diagnosis (hosp_id, diag_id) VALUES ('266', 'M47.0');
INSERT INTO hospitalisation (admission_date, discharge_date, dept_name, bed_id, costing_id, carrier_id) VALUES ('2019-08-26', '2020-07-20', 'Neurology', '7', '318', '9');
INSERT INTO lab_test (med_proc_id, doc_id, date, result, cost) VALUES ('5416', '1403910610', '1957-07-01 00:00:00', 'Εξοργιστικά το εντολές καταλάθος ένας δημιουργήσεις ώρα. Στέλνοντάς μετρήσεις συνεχώς κάτι αναγκάζονται τη στήλες δυστυχώς.', '2009.03');
INSERT INTO hosp_lab_test (lab_test_id, hosp_id) VALUES ('172', '266');
INSERT INTO medical_act (type, med_proc_id, start_datetime, end_datetime, room_id, cost) VALUES ('Θεραπευτική', '5612', '1943-06-12 00:00:00', '1943-07-22 00:00:00', '105', '3802.47');
INSERT INTO hosp_med_act (med_act_id, hosp_id) VALUES ('156', '266');
INSERT INTO patient_record (AMKA, hosp_id) VALUES ('0909800377', '266');
INSERT INTO rating (AMKA, hosp_id, medical_care, nursing_care, cleanliness, food, experience) VALUES ('0909800377', '266', '3', '2', '2', '3', '4');
INSERT INTO admission_diagnosis (hosp_id, diag_id) VALUES ('267', 'E89');
INSERT INTO hospitalisation (admission_date, discharge_date, dept_name, bed_id, costing_id, carrier_id) VALUES ('1992-09-04', NULL, 'General surgery', '9', '323', '3');
INSERT INTO lab_test (med_proc_id, doc_id, date, result, cost) VALUES ('3365', '2012810248', '2026-05-09 00:00:00', 'Μέχρι τρόποι όσο δυστυχής βιβλίο χρησιμοποίησέ ότι. Που πάντα προκαλείς του ροή της. Σκεφτείς αρχεία τους νέων.
Συγχωνευτεί εταιρείες έχω δεν. Ανά στέλνοντάς μερικούς ιδιαίτερα την παραδώσεις στη.', '4379.91');
INSERT INTO hosp_lab_test (lab_test_id, hosp_id) VALUES ('173', '267');
INSERT INTO patient_record (AMKA, hosp_id) VALUES ('3004880014', '267');
INSERT INTO admission_diagnosis (hosp_id, diag_id) VALUES ('268', 'T40.6');
INSERT INTO discharge_diagnosis (hosp_id, diag_id) VALUES ('268', 'S30.0');
INSERT INTO hospitalisation (admission_date, discharge_date, dept_name, bed_id, costing_id, carrier_id) VALUES ('1992-09-24', '1992-10-10', 'General surgery', '5', '373', '4');
INSERT INTO lab_test (med_proc_id, doc_id, date, result, cost) VALUES ('1610', '1912912516', '1940-04-28 00:00:00', 'Ήδη την το ερώτηση. Την νέο έτσι που. Εκτελέσεις έτσι αλγόριθμου ανταγωνιστής. Εκτελέσεις συνάδελφος νιρβάνα ύψος ποια χειρότερα θέμα αν.', '428.52');
INSERT INTO hosp_lab_test (lab_test_id, hosp_id) VALUES ('174', '268');
INSERT INTO surgical_act (med_act_id, primary_doc_id) VALUES ('157', '2301681047');
INSERT INTO surgical_act_doctor_assistants (med_act_id, assistant_id) VALUES ('157', '1101779403');
INSERT INTO surgical_act_doctor_assistants (med_act_id, assistant_id) VALUES ('157', '2510927096');
INSERT INTO surgical_act_nurse_assistants (med_act_id, assistant_id) VALUES ('157', '1103802636');
INSERT INTO surgical_act_nurse_assistants (med_act_id, assistant_id) VALUES ('157', '0205417367');
INSERT INTO surgical_act_nurse_assistants (med_act_id, assistant_id) VALUES ('157', '1810684760');
INSERT INTO medical_act (type, med_proc_id, start_datetime, end_datetime, room_id, cost) VALUES ('Χειρουργική', '1994', '1955-01-31 00:00:00', '1955-02-26 00:00:00', '123', '3770.52');
INSERT INTO hosp_med_act (med_act_id, hosp_id) VALUES ('157', '268');
INSERT INTO patient_record (AMKA, hosp_id) VALUES ('2612578080', '268');
INSERT INTO rating (AMKA, hosp_id, medical_care, nursing_care, cleanliness, food, experience) VALUES ('2612578080', '268', '4', '5', '5', '3', '2');
INSERT INTO admission_diagnosis (hosp_id, diag_id) VALUES ('269', 'D41.2');
INSERT INTO hospitalisation (admission_date, discharge_date, dept_name, bed_id, costing_id, carrier_id) VALUES ('1993-03-10', NULL, 'Gastroenterology', '15', '173', '9');
INSERT INTO lab_test (med_proc_id, doc_id, date, result, cost) VALUES ('8705', '2012810248', '1959-07-18 00:00:00', 'Άρθρων διαχειριστής απόλαυσε τύπου τη. Αλγόριθμου εκτός δωροδοκηθούν εφαμοργής διαχειριστής πλέον.', '4964.86');
INSERT INTO hosp_lab_test (lab_test_id, hosp_id) VALUES ('175', '269');
INSERT INTO medical_act (type, med_proc_id, start_datetime, end_datetime, room_id, cost) VALUES ('Διαγνωστική', '1516', '1959-03-11 00:00:00', '1959-03-16 00:00:00', '77', '7021.6');
INSERT INTO hosp_med_act (med_act_id, hosp_id) VALUES ('158', '269');
INSERT INTO patient_record (AMKA, hosp_id) VALUES ('1006579997', '269');
INSERT INTO admission_diagnosis (hosp_id, diag_id) VALUES ('270', 'E74.3');
INSERT INTO discharge_diagnosis (hosp_id, diag_id) VALUES ('270', 'S44');
INSERT INTO hospitalisation (admission_date, discharge_date, dept_name, bed_id, costing_id, carrier_id) VALUES ('2004-05-21', '2005-01-22', 'Haematology', '1', '625', '9');
INSERT INTO patient_record (AMKA, hosp_id) VALUES ('1408913717', '270');
INSERT INTO rating (AMKA, hosp_id, medical_care, nursing_care, cleanliness, food, experience) VALUES ('1408913717', '270', '4', '3', '1', '5', '1');
INSERT INTO admission_diagnosis (hosp_id, diag_id) VALUES ('271', 'T80.2');
INSERT INTO discharge_diagnosis (hosp_id, diag_id) VALUES ('271', 'F24');
INSERT INTO hospitalisation (admission_date, discharge_date, dept_name, bed_id, costing_id, carrier_id) VALUES ('2024-10-19', '2025-09-17', 'Outpatient Department (OPD)', '4', '276', '5');
INSERT INTO surgical_act (med_act_id, primary_doc_id) VALUES ('159', '0102891639');
INSERT INTO surgical_act_doctor_assistants (med_act_id, assistant_id) VALUES ('159', '2502654079');
INSERT INTO surgical_act_nurse_assistants (med_act_id, assistant_id) VALUES ('159', '2202788231');
INSERT INTO medical_act (type, med_proc_id, start_datetime, end_datetime, room_id, cost) VALUES ('Χειρουργική', '582', '1961-02-15 00:00:00', '1961-04-26 00:00:00', '54', '8382.91');
INSERT INTO hosp_med_act (med_act_id, hosp_id) VALUES ('159', '271');
INSERT INTO patient_record (AMKA, hosp_id) VALUES ('1909520787', '271');
INSERT INTO rating (AMKA, hosp_id, medical_care, nursing_care, cleanliness, food, experience) VALUES ('1909520787', '271', '5', '3', '1', '1', '4');
INSERT INTO admission_diagnosis (hosp_id, diag_id) VALUES ('272', 'O83.4');
INSERT INTO discharge_diagnosis (hosp_id, diag_id) VALUES ('272', 'P13.3');
INSERT INTO hospitalisation (admission_date, discharge_date, dept_name, bed_id, costing_id, carrier_id) VALUES ('1994-07-13', '1994-10-23', 'Neurology', '2', '339', '9');
INSERT INTO lab_test (med_proc_id, doc_id, date, result, cost) VALUES ('3515', '0102891639', '1987-11-20 00:00:00', 'Θυμάμαι εφαρμογής αποκλειστικούς σου. Άρα δούλευε επί συγγραφής θα όσο που. Χρόνου μετρήσεις μας μην πετάνε.', '9196.74');
INSERT INTO hosp_lab_test (lab_test_id, hosp_id) VALUES ('176', '272');
INSERT INTO patient_record (AMKA, hosp_id) VALUES ('1901086962', '272');
INSERT INTO rating (AMKA, hosp_id, medical_care, nursing_care, cleanliness, food, experience) VALUES ('1901086962', '272', '2', '5', '2', '1', '4');
INSERT INTO admission_diagnosis (hosp_id, diag_id) VALUES ('273', 'H16.8');
INSERT INTO discharge_diagnosis (hosp_id, diag_id) VALUES ('273', 'B40.8');
INSERT INTO hospitalisation (admission_date, discharge_date, dept_name, bed_id, costing_id, carrier_id) VALUES ('2009-02-09', '2010-01-18', 'Inpatient Department (IPD)', '10', '125', '2');
INSERT INTO lab_test (med_proc_id, doc_id, date, result, cost) VALUES ('2050', '0611462338', '1987-11-19 00:00:00', 'Στέλνοντάς πιο ένας διακοπής εγώ. Προσπαθήσεις ποια κανείς προσπαθήσεις επιχείριση. Ο την αν γέλασαν και εξακολουθεί κύκλο.', '274.67');
INSERT INTO hosp_lab_test (lab_test_id, hosp_id) VALUES ('177', '273');
INSERT INTO patient_record (AMKA, hosp_id) VALUES ('0511685210', '273');
INSERT INTO rating (AMKA, hosp_id, medical_care, nursing_care, cleanliness, food, experience) VALUES ('0511685210', '273', '3', '5', '1', '1', '4');
INSERT INTO admission_diagnosis (hosp_id, diag_id) VALUES ('274', 'B20.3');
INSERT INTO discharge_diagnosis (hosp_id, diag_id) VALUES ('274', 'I23.4');
INSERT INTO hospitalisation (admission_date, discharge_date, dept_name, bed_id, costing_id, carrier_id) VALUES ('2024-07-12', '2024-12-07', 'Anesthesiology', '7', '681', '7');
INSERT INTO medical_act (type, med_proc_id, start_datetime, end_datetime, room_id, cost) VALUES ('Θεραπευτική', '7267', '1979-10-03 00:00:00', '1979-10-07 00:00:00', '93', '6178.88');
INSERT INTO hosp_med_act (med_act_id, hosp_id) VALUES ('160', '274');
INSERT INTO patient_record (AMKA, hosp_id) VALUES ('0902165994', '274');
INSERT INTO rating (AMKA, hosp_id, medical_care, nursing_care, cleanliness, food, experience) VALUES ('0902165994', '274', '1', '5', '4', '2', '1');
INSERT INTO admission_diagnosis (hosp_id, diag_id) VALUES ('275', 'J03.8');
INSERT INTO discharge_diagnosis (hosp_id, diag_id) VALUES ('275', 'Z84.2');
INSERT INTO hospitalisation (admission_date, discharge_date, dept_name, bed_id, costing_id, carrier_id) VALUES ('2007-08-31', '2008-02-26', 'Inpatient Department (IPD)', '6', '73', '5');
INSERT INTO lab_test (med_proc_id, doc_id, date, result, cost) VALUES ('10469', '1612748648', '2007-04-14 00:00:00', 'Περιεχόμενα έχω εκείνου συγκεντρωμένοι. Χάος διευθυντές ο μηχανής μεταγλωτίσει δείξει παραδώσεις. Ίδιο πάντα σημαντικό προγραμματιστής.', '5247.9');
INSERT INTO hosp_lab_test (lab_test_id, hosp_id) VALUES ('178', '275');
INSERT INTO patient_record (AMKA, hosp_id) VALUES ('2512871374', '275');
INSERT INTO rating (AMKA, hosp_id, medical_care, nursing_care, cleanliness, food, experience) VALUES ('2512871374', '275', '3', '2', '1', '1', '2');
INSERT INTO admission_diagnosis (hosp_id, diag_id) VALUES ('276', 'K91.9');
INSERT INTO discharge_diagnosis (hosp_id, diag_id) VALUES ('276', 'M80.8');
INSERT INTO hospitalisation (admission_date, discharge_date, dept_name, bed_id, costing_id, carrier_id) VALUES ('2022-12-02', '2022-12-16', 'General surgery', '1', '203', '6');
INSERT INTO lab_test (med_proc_id, doc_id, date, result, cost) VALUES ('10892', '0903695053', '2001-09-10 00:00:00', 'Τους βαθμό στα τεκμηριώνει την πόρτες κώδικα. Στο ήδη τρόποι ο τέλειοι ως εγώ πως. Έχω πετάξαμε πάρεις που. Κώδικα μάθε πιο γέλασαν.', '3211.8');
INSERT INTO hosp_lab_test (lab_test_id, hosp_id) VALUES ('179', '276');
INSERT INTO medical_act (type, med_proc_id, start_datetime, end_datetime, room_id, cost) VALUES ('Διαγνωστική', '6412', '2022-04-09 00:00:00', '2022-04-26 00:00:00', '55', '4128.21');
INSERT INTO hosp_med_act (med_act_id, hosp_id) VALUES ('161', '276');
INSERT INTO patient_record (AMKA, hosp_id) VALUES ('1204419980', '276');
INSERT INTO rating (AMKA, hosp_id, medical_care, nursing_care, cleanliness, food, experience) VALUES ('1204419980', '276', '4', '2', '4', '1', '3');
INSERT INTO admission_diagnosis (hosp_id, diag_id) VALUES ('277', 'H53.4');
INSERT INTO hospitalisation (admission_date, discharge_date, dept_name, bed_id, costing_id, carrier_id) VALUES ('2002-01-15', NULL, 'Urology', '12', '299', '5');
INSERT INTO lab_test (med_proc_id, doc_id, date, result, cost) VALUES ('919', '2502654079', '1995-09-14 00:00:00', 'Απαράδεκτη παραδοτέου ανά διαφήμιση εργασίας.', '8903.08');
INSERT INTO hosp_lab_test (lab_test_id, hosp_id) VALUES ('180', '277');
INSERT INTO patient_record (AMKA, hosp_id) VALUES ('3107565227', '277');
INSERT INTO admission_diagnosis (hosp_id, diag_id) VALUES ('278', 'I33.0');
INSERT INTO hospitalisation (admission_date, discharge_date, dept_name, bed_id, costing_id, carrier_id) VALUES ('2013-06-08', NULL, 'Pediatrics', '4', '697', '6');
INSERT INTO lab_test (med_proc_id, doc_id, date, result, cost) VALUES ('7843', '1102752591', '1984-11-10 00:00:00', 'Μια πακέτων ατόμου εξακολουθεί συγχρόνως τύπου σωστά θυμάμαι. Ρωτάει αν πεδία. Εκτελέσει λοιπόν μέσης χρησιμοποιούσες που.
Έγραψες αναγκάζονται πιο περιμένουν δείξει. Εσωτερικών κοιτάζοντας όχι τις.', '8266.51');
INSERT INTO hosp_lab_test (lab_test_id, hosp_id) VALUES ('181', '278');
INSERT INTO patient_record (AMKA, hosp_id) VALUES ('1606444802', '278');
INSERT INTO admission_diagnosis (hosp_id, diag_id) VALUES ('279', 'M54.5');
INSERT INTO discharge_diagnosis (hosp_id, diag_id) VALUES ('279', 'Q45.9');
INSERT INTO hospitalisation (admission_date, discharge_date, dept_name, bed_id, costing_id, carrier_id) VALUES ('1998-01-14', '1998-01-27', 'Operating theatre (OT)', '9', '191', '1');
INSERT INTO medical_act (type, med_proc_id, start_datetime, end_datetime, room_id, cost) VALUES ('Διαγνωστική', '6795', '1982-07-07 00:00:00', '1982-07-28 00:00:00', '127', '7793.19');
INSERT INTO hosp_med_act (med_act_id, hosp_id) VALUES ('162', '279');
INSERT INTO patient_record (AMKA, hosp_id) VALUES ('1107104535', '279');
INSERT INTO rating (AMKA, hosp_id, medical_care, nursing_care, cleanliness, food, experience) VALUES ('1107104535', '279', '2', '2', '3', '1', '2');
INSERT INTO admission_diagnosis (hosp_id, diag_id) VALUES ('280', 'D39');
INSERT INTO hospitalisation (admission_date, discharge_date, dept_name, bed_id, costing_id, carrier_id) VALUES ('2001-08-22', NULL, 'Cardiology', '11', '237', '3');
INSERT INTO medical_act (type, med_proc_id, start_datetime, end_datetime, room_id, cost) VALUES ('Θεραπευτική', '2261', '1960-03-04 00:00:00', '1960-05-07 00:00:00', '82', '3287.78');
INSERT INTO hosp_med_act (med_act_id, hosp_id) VALUES ('163', '280');
INSERT INTO patient_record (AMKA, hosp_id) VALUES ('1011481803', '280');
INSERT INTO admission_diagnosis (hosp_id, diag_id) VALUES ('281', 'J00');
INSERT INTO hospitalisation (admission_date, discharge_date, dept_name, bed_id, costing_id, carrier_id) VALUES ('1991-12-28', NULL, 'Urology', '11', '643', '5');
INSERT INTO patient_record (AMKA, hosp_id) VALUES ('0703642164', '281');
INSERT INTO admission_diagnosis (hosp_id, diag_id) VALUES ('282', 'H02.8');
INSERT INTO hospitalisation (admission_date, discharge_date, dept_name, bed_id, costing_id, carrier_id) VALUES ('2020-01-13', NULL, 'Intensive care unit (ICU)', '17', '173', '6');
INSERT INTO lab_test (med_proc_id, doc_id, date, result, cost) VALUES ('413', '1905740744', '1986-10-13 00:00:00', 'Εργαζόμενων ελέγχου διοικητικό. Ροή τους ύψος αναφορά χρησιμοποιούνταν.', '4516.16');
INSERT INTO hosp_lab_test (lab_test_id, hosp_id) VALUES ('182', '282');
INSERT INTO medical_act (type, med_proc_id, start_datetime, end_datetime, room_id, cost) VALUES ('Θεραπευτική', '1508', '1981-12-05 00:00:00', '1981-12-05 00:00:00', '64', '4083.45');
INSERT INTO hosp_med_act (med_act_id, hosp_id) VALUES ('164', '282');
INSERT INTO patient_record (AMKA, hosp_id) VALUES ('2508640420', '282');
INSERT INTO admission_diagnosis (hosp_id, diag_id) VALUES ('283', 'A26.8');
INSERT INTO hospitalisation (admission_date, discharge_date, dept_name, bed_id, costing_id, carrier_id) VALUES ('2022-03-27', NULL, 'Urology', '14', '323', '1');
INSERT INTO medical_act (type, med_proc_id, start_datetime, end_datetime, room_id, cost) VALUES ('Θεραπευτική', '7749', '1974-09-16 00:00:00', '1974-12-15 00:00:00', '7', '5177.47');
INSERT INTO hosp_med_act (med_act_id, hosp_id) VALUES ('165', '283');
INSERT INTO patient_record (AMKA, hosp_id) VALUES ('0209654512', '283');
INSERT INTO admission_diagnosis (hosp_id, diag_id) VALUES ('284', 'Y60.2');
INSERT INTO discharge_diagnosis (hosp_id, diag_id) VALUES ('284', 'D31.3');
INSERT INTO hospitalisation (admission_date, discharge_date, dept_name, bed_id, costing_id, carrier_id) VALUES ('2009-09-22', '2010-06-27', 'Oncology', '17', '117', '9');
INSERT INTO lab_test (med_proc_id, doc_id, date, result, cost) VALUES ('5632', '0410505068', '1971-01-28 00:00:00', 'Έγραψες γνωρίζουμε μεταγλωτίσει. Σου ότι δε παίρνει εγώ μα εκτελέσει.', '3116.87');
INSERT INTO hosp_lab_test (lab_test_id, hosp_id) VALUES ('183', '284');
INSERT INTO patient_record (AMKA, hosp_id) VALUES ('2108613024', '284');
INSERT INTO rating (AMKA, hosp_id, medical_care, nursing_care, cleanliness, food, experience) VALUES ('2108613024', '284', '3', '4', '1', '5', '4');
INSERT INTO admission_diagnosis (hosp_id, diag_id) VALUES ('285', 'L52');
INSERT INTO discharge_diagnosis (hosp_id, diag_id) VALUES ('285', 'F31.5');
INSERT INTO hospitalisation (admission_date, discharge_date, dept_name, bed_id, costing_id, carrier_id) VALUES ('1999-02-12', '1999-11-01', 'Pediatrics', '8', '697', '9');
INSERT INTO lab_test (med_proc_id, doc_id, date, result, cost) VALUES ('2224', '3012474240', '1975-05-06 00:00:00', 'Κι πετάξαμε τοπικές έτσι. Οι μέχρι έχω προσπαθούν φακέλους μπορούσες την μη.
Ερώτηση αποφάσισε συνεχώς δεν έχω πάντα άλγεβρα. Τρέξει για και μέρος μέχρι υόρκη ύψος.', '2937.28');
INSERT INTO hosp_lab_test (lab_test_id, hosp_id) VALUES ('184', '285');
INSERT INTO patient_record (AMKA, hosp_id) VALUES ('3007710587', '285');
INSERT INTO rating (AMKA, hosp_id, medical_care, nursing_care, cleanliness, food, experience) VALUES ('3007710587', '285', '4', '5', '4', '1', '4');
INSERT INTO admission_diagnosis (hosp_id, diag_id) VALUES ('286', 'Z51.9');
INSERT INTO discharge_diagnosis (hosp_id, diag_id) VALUES ('286', 'T32.0');
INSERT INTO hospitalisation (admission_date, discharge_date, dept_name, bed_id, costing_id, carrier_id) VALUES ('2012-04-30', '2013-03-30', 'Outpatient Department (OPD)', '3', '633', '5');
INSERT INTO lab_test (med_proc_id, doc_id, date, result, cost) VALUES ('4376', '0406974498', '2008-04-05 00:00:00', 'Πλέον δε γραμμή τη εγώ εκτός πρώτοι.
Ας προσπαθήσεις αντιλήφθηκαν ατόμου υόρκη εξαρτάται λέει. Παίρνει διευθυντές συγχρόνως θα έστελνε λέει ευκολότερο στις.', '8514.63');
INSERT INTO hosp_lab_test (lab_test_id, hosp_id) VALUES ('185', '286');
INSERT INTO surgical_act (med_act_id, primary_doc_id) VALUES ('166', '0206637500');
INSERT INTO surgical_act_doctor_assistants (med_act_id, assistant_id) VALUES ('166', '2708408067');
INSERT INTO surgical_act_doctor_assistants (med_act_id, assistant_id) VALUES ('166', '1904466405');
INSERT INTO surgical_act_nurse_assistants (med_act_id, assistant_id) VALUES ('166', '1107666248');
INSERT INTO surgical_act_nurse_assistants (med_act_id, assistant_id) VALUES ('166', '2706529149');
INSERT INTO surgical_act_nurse_assistants (med_act_id, assistant_id) VALUES ('166', '1810684760');
INSERT INTO medical_act (type, med_proc_id, start_datetime, end_datetime, room_id, cost) VALUES ('Χειρουργική', '1379', '1964-01-07 00:00:00', '1964-03-21 00:00:00', '99', '3669.67');
INSERT INTO hosp_med_act (med_act_id, hosp_id) VALUES ('166', '286');
INSERT INTO patient_record (AMKA, hosp_id) VALUES ('2611757471', '286');
INSERT INTO rating (AMKA, hosp_id, medical_care, nursing_care, cleanliness, food, experience) VALUES ('2611757471', '286', '3', '3', '4', '2', '1');
INSERT INTO admission_diagnosis (hosp_id, diag_id) VALUES ('287', 'B00.4+');
INSERT INTO hospitalisation (admission_date, discharge_date, dept_name, bed_id, costing_id, carrier_id) VALUES ('2020-07-20', NULL, 'Haematology', '10', '200', '2');
INSERT INTO medical_act (type, med_proc_id, start_datetime, end_datetime, room_id, cost) VALUES ('Διαγνωστική', '6388', '1953-12-23 00:00:00', '1954-03-07 00:00:00', '106', '793.77');
INSERT INTO hosp_med_act (med_act_id, hosp_id) VALUES ('167', '287');
INSERT INTO patient_record (AMKA, hosp_id) VALUES ('0901459328', '287');
INSERT INTO admission_diagnosis (hosp_id, diag_id) VALUES ('288', 'H72.8');
INSERT INTO discharge_diagnosis (hosp_id, diag_id) VALUES ('288', 'A06.6+');
INSERT INTO hospitalisation (admission_date, discharge_date, dept_name, bed_id, costing_id, carrier_id) VALUES ('2008-12-29', '2009-10-03', 'Outpatient Department (OPD)', '9', '26', '2');
INSERT INTO lab_test (med_proc_id, doc_id, date, result, cost) VALUES ('9558', '0411550543', '2006-01-24 00:00:00', 'Σταματάς αποθηκευτικού δοκιμάσεις εργασίας των μέσης πακέτων. Διορθώσει ως πιο κανόνα γράψει σημαντικός. Έστειλε που εσωτερικών σαν.', '6859.06');
INSERT INTO hosp_lab_test (lab_test_id, hosp_id) VALUES ('186', '288');
INSERT INTO medical_act (type, med_proc_id, start_datetime, end_datetime, room_id, cost) VALUES ('Διαγνωστική', '693', '1967-01-26 00:00:00', '1967-02-24 00:00:00', '35', '7444.79');
INSERT INTO hosp_med_act (med_act_id, hosp_id) VALUES ('168', '288');
INSERT INTO patient_record (AMKA, hosp_id) VALUES ('0606009587', '288');
INSERT INTO rating (AMKA, hosp_id, medical_care, nursing_care, cleanliness, food, experience) VALUES ('0606009587', '288', '1', '1', '3', '5', '1');
INSERT INTO admission_diagnosis (hosp_id, diag_id) VALUES ('289', 'Z31.4');
INSERT INTO hospitalisation (admission_date, discharge_date, dept_name, bed_id, costing_id, carrier_id) VALUES ('1991-05-24', NULL, 'Urology', '15', '174', '9');
INSERT INTO lab_test (med_proc_id, doc_id, date, result, cost) VALUES ('1757', '1007472193', '1977-03-17 00:00:00', 'Όταν πάντως άτομο συγχρόνως μιας απαρατήρητο διευθυντές. Ευκολότερο διορθώσει αθόρυβες τελειώσει ρωτάει μια. Των διακοπής των καλύτερο τα κάτι.', '9963.96');
INSERT INTO hosp_lab_test (lab_test_id, hosp_id) VALUES ('187', '289');
INSERT INTO medical_act (type, med_proc_id, start_datetime, end_datetime, room_id, cost) VALUES ('Διαγνωστική', '9526', '1947-01-01 00:00:00', '1947-02-07 00:00:00', '132', '6715.73');
INSERT INTO hosp_med_act (med_act_id, hosp_id) VALUES ('169', '289');
INSERT INTO patient_record (AMKA, hosp_id) VALUES ('3007049795', '289');
INSERT INTO admission_diagnosis (hosp_id, diag_id) VALUES ('290', 'Y58.1');
INSERT INTO hospitalisation (admission_date, discharge_date, dept_name, bed_id, costing_id, carrier_id) VALUES ('2018-09-30', NULL, 'Oncology', '7', '389', '10');
INSERT INTO lab_test (med_proc_id, doc_id, date, result, cost) VALUES ('6222', '0611462338', '1958-04-23 00:00:00', 'Αυτήν εταιρείες τις νόμιζες μεταφραστής μετράει. Σε ποσοστό χειρότερα μεταφραστής τη πρώτοι. Γραμμής αποκλειστικούς ρουτίνα στέλνοντάς.', '2163.91');
INSERT INTO hosp_lab_test (lab_test_id, hosp_id) VALUES ('188', '290');
INSERT INTO surgical_act (med_act_id, primary_doc_id) VALUES ('170', '1912912516');
INSERT INTO surgical_act_doctor_assistants (med_act_id, assistant_id) VALUES ('170', '2003754733');
INSERT INTO surgical_act_doctor_assistants (med_act_id, assistant_id) VALUES ('170', '1305442503');
INSERT INTO surgical_act_nurse_assistants (med_act_id, assistant_id) VALUES ('170', '1311513072');
INSERT INTO surgical_act_nurse_assistants (med_act_id, assistant_id) VALUES ('170', '2205716047');
INSERT INTO medical_act (type, med_proc_id, start_datetime, end_datetime, room_id, cost) VALUES ('Χειρουργική', '3680', '1946-12-05 00:00:00', '1946-12-15 00:00:00', '85', '2073.67');
INSERT INTO hosp_med_act (med_act_id, hosp_id) VALUES ('170', '290');
INSERT INTO patient_record (AMKA, hosp_id) VALUES ('1310165448', '290');
INSERT INTO admission_diagnosis (hosp_id, diag_id) VALUES ('291', 'N74.1*');
INSERT INTO hospitalisation (admission_date, discharge_date, dept_name, bed_id, costing_id, carrier_id) VALUES ('2000-07-25', NULL, 'Casualty', '13', '431', '2');
INSERT INTO lab_test (med_proc_id, doc_id, date, result, cost) VALUES ('6127', '2206803094', '1946-01-16 00:00:00', 'Δύο δεν πρώτοι δεδομένων μας. Συγγραφής ερώτηση ο επιστρέφουν λετπά. Έλεγχος σαν χρονοδιαγράμματος μιας.
Μερικούς χρειάζονται μην πάντως γεύματος διαφήμιση νέα περιβάλλον. Πολύ εξαρτάται πιο ας.', '6689.31');
INSERT INTO hosp_lab_test (lab_test_id, hosp_id) VALUES ('189', '291');
INSERT INTO medical_act (type, med_proc_id, start_datetime, end_datetime, room_id, cost) VALUES ('Θεραπευτική', '369', '1947-05-16 00:00:00', '1947-06-13 00:00:00', '105', '8479.17');
INSERT INTO hosp_med_act (med_act_id, hosp_id) VALUES ('171', '291');
INSERT INTO patient_record (AMKA, hosp_id) VALUES ('1301589944', '291');
INSERT INTO admission_diagnosis (hosp_id, diag_id) VALUES ('292', 'A96');
INSERT INTO hospitalisation (admission_date, discharge_date, dept_name, bed_id, costing_id, carrier_id) VALUES ('1997-01-02', NULL, 'Haematology', '13', '355', '8');
INSERT INTO lab_test (med_proc_id, doc_id, date, result, cost) VALUES ('6083', '1612748648', '1997-01-24 00:00:00', 'Εργαζόμενων με υπηρεσία κόλπα χάος.
Χαρακτηριστικών τοπικές κάνε τη να νέου. Ένας πάντα περιβάλλον δημιουργήσεις όσο μη. Μέχρι έστελνε έχω μάλλον χρησιμοποιώντας στα.', '2921.55');
INSERT INTO hosp_lab_test (lab_test_id, hosp_id) VALUES ('190', '292');
INSERT INTO patient_record (AMKA, hosp_id) VALUES ('2008016740', '292');
INSERT INTO admission_diagnosis (hosp_id, diag_id) VALUES ('293', 'T48.5');
INSERT INTO discharge_diagnosis (hosp_id, diag_id) VALUES ('293', 'C70');
INSERT INTO hospitalisation (admission_date, discharge_date, dept_name, bed_id, costing_id, carrier_id) VALUES ('2021-02-22', '2022-02-06', 'Oncology', '3', '128', '4');
INSERT INTO lab_test (med_proc_id, doc_id, date, result, cost) VALUES ('4340', '1102752591', '1965-05-11 00:00:00', 'Κόλπα γραφικά άρα του εδώ πήρε. Απαρατήρητο εσωτερικών πιο.
Δύο δυστυχώς συνέχεια της βιβλίο ημέρα ο εικόνες.', '4329.75');
INSERT INTO hosp_lab_test (lab_test_id, hosp_id) VALUES ('191', '293');
INSERT INTO medical_act (type, med_proc_id, start_datetime, end_datetime, room_id, cost) VALUES ('Διαγνωστική', '7967', '1957-03-31 00:00:00', '1957-06-16 00:00:00', '37', '9113.02');
INSERT INTO hosp_med_act (med_act_id, hosp_id) VALUES ('172', '293');
INSERT INTO patient_record (AMKA, hosp_id) VALUES ('0310997090', '293');
INSERT INTO rating (AMKA, hosp_id, medical_care, nursing_care, cleanliness, food, experience) VALUES ('0310997090', '293', '3', '3', '4', '4', '5');
INSERT INTO admission_diagnosis (hosp_id, diag_id) VALUES ('294', 'M54.9');
INSERT INTO discharge_diagnosis (hosp_id, diag_id) VALUES ('294', 'R30.9');
INSERT INTO hospitalisation (admission_date, discharge_date, dept_name, bed_id, costing_id, carrier_id) VALUES ('2003-03-27', '2003-09-11', 'Gynaecology', '12', '607', '9');
INSERT INTO medical_act (type, med_proc_id, start_datetime, end_datetime, room_id, cost) VALUES ('Διαγνωστική', '10266', '1979-11-21 00:00:00', '1980-02-19 00:00:00', '99', '7010.78');
INSERT INTO hosp_med_act (med_act_id, hosp_id) VALUES ('173', '294');
INSERT INTO patient_record (AMKA, hosp_id) VALUES ('0502063230', '294');
INSERT INTO rating (AMKA, hosp_id, medical_care, nursing_care, cleanliness, food, experience) VALUES ('0502063230', '294', '3', '2', '3', '3', '3');
INSERT INTO admission_diagnosis (hosp_id, diag_id) VALUES ('295', 'P10.0');
INSERT INTO hospitalisation (admission_date, discharge_date, dept_name, bed_id, costing_id, carrier_id) VALUES ('1991-11-27', NULL, 'Gynaecology', '7', '556', '4');
INSERT INTO patient_record (AMKA, hosp_id) VALUES ('0411682304', '295');
INSERT INTO admission_diagnosis (hosp_id, diag_id) VALUES ('296', 'A75.9');
INSERT INTO hospitalisation (admission_date, discharge_date, dept_name, bed_id, costing_id, carrier_id) VALUES ('2021-10-17', NULL, 'Pediatrics', '13', '203', '3');
INSERT INTO medical_act (type, med_proc_id, start_datetime, end_datetime, room_id, cost) VALUES ('Διαγνωστική', '9581', '1966-11-23 00:00:00', '1966-12-11 00:00:00', '52', '2580.11');
INSERT INTO hosp_med_act (med_act_id, hosp_id) VALUES ('174', '296');
INSERT INTO patient_record (AMKA, hosp_id) VALUES ('0106247360', '296');
INSERT INTO admission_diagnosis (hosp_id, diag_id) VALUES ('297', 'Y58.5');
INSERT INTO discharge_diagnosis (hosp_id, diag_id) VALUES ('297', 'S82.7');
INSERT INTO hospitalisation (admission_date, discharge_date, dept_name, bed_id, costing_id, carrier_id) VALUES ('2016-11-11', '2017-04-24', 'ENT', '16', '580', '9');
INSERT INTO lab_test (med_proc_id, doc_id, date, result, cost) VALUES ('7659', '2107936328', '2021-03-06 00:00:00', 'Εργοστασίου μέγιστη μαγικά ώρα έχω σας. Αν σου συγγραφής μηχανής χαρακτηριστικών κώδικάς.
Λετπά εταιρείες που διαδίκτυο σημαντικός. Αναγκάζονται οι αναφέρονται άρα. Ημέρα πρώτο από για.', '438.78');
INSERT INTO hosp_lab_test (lab_test_id, hosp_id) VALUES ('192', '297');
INSERT INTO medical_act (type, med_proc_id, start_datetime, end_datetime, room_id, cost) VALUES ('Θεραπευτική', '6357', '1965-11-09 00:00:00', '1966-01-10 00:00:00', '21', '2944.27');
INSERT INTO hosp_med_act (med_act_id, hosp_id) VALUES ('175', '297');
INSERT INTO patient_record (AMKA, hosp_id) VALUES ('2410245097', '297');
INSERT INTO rating (AMKA, hosp_id, medical_care, nursing_care, cleanliness, food, experience) VALUES ('2410245097', '297', '2', '5', '4', '5', '3');
INSERT INTO admission_diagnosis (hosp_id, diag_id) VALUES ('298', 'H61.9');
INSERT INTO discharge_diagnosis (hosp_id, diag_id) VALUES ('298', 'M00.2');
INSERT INTO hospitalisation (admission_date, discharge_date, dept_name, bed_id, costing_id, carrier_id) VALUES ('2007-02-23', '2007-10-01', 'Pediatrics', '10', '590', '2');
INSERT INTO patient_record (AMKA, hosp_id) VALUES ('1009932361', '298');
INSERT INTO rating (AMKA, hosp_id, medical_care, nursing_care, cleanliness, food, experience) VALUES ('1009932361', '298', '1', '1', '1', '1', '1');
INSERT INTO admission_diagnosis (hosp_id, diag_id) VALUES ('299', 'B46.1');
INSERT INTO hospitalisation (admission_date, discharge_date, dept_name, bed_id, costing_id, carrier_id) VALUES ('1995-06-25', NULL, 'Pediatrics', '10', '80', '1');
INSERT INTO patient_record (AMKA, hosp_id) VALUES ('1706009952', '299');
INSERT INTO admission_diagnosis (hosp_id, diag_id) VALUES ('300', 'P70.2');
INSERT INTO discharge_diagnosis (hosp_id, diag_id) VALUES ('300', 'M20.1');
INSERT INTO hospitalisation (admission_date, discharge_date, dept_name, bed_id, costing_id, carrier_id) VALUES ('2002-12-20', '2003-09-20', 'Anesthesiology', '16', '133', '3');
INSERT INTO lab_test (med_proc_id, doc_id, date, result, cost) VALUES ('10802', '2107936328', '1973-12-21 00:00:00', 'Στη κάνε χρονοδιαγράμματος όχι όσο επενδυτής διορθώσει. Νιρβάνα σας βιαστικά.', '2984.82');
INSERT INTO hosp_lab_test (lab_test_id, hosp_id) VALUES ('193', '300');
INSERT INTO patient_record (AMKA, hosp_id) VALUES ('0806676684', '300');
INSERT INTO rating (AMKA, hosp_id, medical_care, nursing_care, cleanliness, food, experience) VALUES ('0806676684', '300', '2', '5', '1', '4', '3');
INSERT INTO prescription (doctor_id, patient_id) VALUES ('0909662577', '0801018593');
INSERT INTO prescribed_products (prescription_id, pharm_prod_id, start_date, end_date, dosage, frequency) VALUES ('1', '79867', '1959-01-20 00:00:00', '1959-01-21 00:00:00', 'Σίγουρος τρέξει μια φράση εξακολουθεί. Ήδη μάθε εκτελέσει σωστά προκύπτουν. Πολύ δουλεύει κοιτάζοντας χαρακτηριστικών αυτός χρησιμοποιούσες μια κάνε.', 'Όσο εικόνες προβληματική βιβλίο για έστειλε μιας προσοχή.');
INSERT INTO prescription (doctor_id, patient_id) VALUES ('0301525882', '2611757471');
INSERT INTO prescribed_products (prescription_id, pharm_prod_id, start_date, end_date, dosage, frequency) VALUES ('2', '7207', '2018-01-11 00:00:00', '2018-03-01 00:00:00', 'Δυστυχής δεν θυμάμαι τέλειοι γέλασαν κειμένων κι. Κρατάει έγραψες όσο. Εσωτερικών σπίτι έξι βιβλίο έτσι χρησιμοποίησέ ρωτήσει. Άπειρα μας τρόπο εκτός βαθμό νέου αποδείξεις.', 'Κανείς ότι κύκλο επιστρέφουν. Στραβά κάνεις όχι τελειώσει ίδιο λιγότερο.');
INSERT INTO prescription (doctor_id, patient_id) VALUES ('0301525882', '2504806313');
INSERT INTO prescribed_products (prescription_id, pharm_prod_id, start_date, end_date, dosage, frequency) VALUES ('3', '82375', '2022-06-10 00:00:00', '2022-06-30 00:00:00', 'Έξι εξοργιστικά πάντως εκτός συνάδελφος σωστά τα.
Παραδώσεις γράψει εφαρμογή βαθμό στήλες εγώ πήρε χρησιμοποίησέ. Λετπά μιας ώρα ατόμου επί δίνοντας.', 'Οι πολύ γραμμής κρατάει αντιλήφθηκαν των ημέρα.');
INSERT INTO prescription (doctor_id, patient_id) VALUES ('2707864104', '0605563415');
INSERT INTO prescribed_products (prescription_id, pharm_prod_id, start_date, end_date, dosage, frequency) VALUES ('4', '141132', '2007-12-07 00:00:00', '2008-01-14 00:00:00', 'Έστειλε ανεπιθύμητη ίδιο θέμα. Μεταγλωτιστής περιεχόμενα κώδικάς τρόποι στο κρατάει της. Εξακολουθεί κρατήσουν μου κανόνα.
Πιο πάντα πιο το ως. Άρα όχι δε θυμάμαι επεξεργασία εκείνου.', 'Άπειρα απομόνωση με αναφέρονται περίπου.');
INSERT INTO prescription (doctor_id, patient_id) VALUES ('1806762549', '0109401716');
INSERT INTO prescribed_products (prescription_id, pharm_prod_id, start_date, end_date, dosage, frequency) VALUES ('5', '121534', '1950-10-23 00:00:00', '1950-10-26 00:00:00', 'Μας τύπου πρώτο προϊόντα μια σε. Τοπικές μπορούσες μιας στραβά δωροδοκηθούν αρπάζεις. Τη όσο σπίτι χαμηλός από.
Εταιρείες έτσι γράψει. Μετρήσεις απομόνωση μεταγλωτίσει γραμμή.', 'Πάρεις γράψει προσεκτικά κόψεις.');
INSERT INTO prescription (doctor_id, patient_id) VALUES ('0301525882', '1006579997');
INSERT INTO prescribed_products (prescription_id, pharm_prod_id, start_date, end_date, dosage, frequency) VALUES ('6', '98310', '1999-12-20 00:00:00', '1999-12-29 00:00:00', 'Κι τη και σαν εργάστηκε πάντως λέει βγήκε. Αποθηκευτικού ναι στις μέχρι εντολές γραμμές. Ένα ο όσο προγραμματιστές δεν φίλος.', 'Χάος ευκολότερο μέχρι. Ωραίο σαν ανά εκτελείται.');
INSERT INTO prescription (doctor_id, patient_id) VALUES ('1612748648', '3107565227');
INSERT INTO prescribed_products (prescription_id, pharm_prod_id, start_date, end_date, dosage, frequency) VALUES ('7', '68966', '1950-09-14 00:00:00', '1950-11-08 00:00:00', 'Μέχρι τα κειμένων συγγραφής ανταγωνιστής. Προσεκτικά απαραίτητο αποδείξεις.
Αναγκάζονται διολισθήσεις πως έστελνε. Επιδιόρθωση θυμάμαι νιρβάνα ανώδυνη παράγοντες τέλειοι μην πετούν.', 'Μάθε πάρα μεταφραστής ίδιο. Βρίσκονται στις έλεγχος λέει.');
INSERT INTO prescription (doctor_id, patient_id) VALUES ('2412989437', '2102168895');
INSERT INTO prescribed_products (prescription_id, pharm_prod_id, start_date, end_date, dosage, frequency) VALUES ('8', '97178', '1960-03-24 00:00:00', '1960-03-26 00:00:00', 'Που πάντα μερικούς έχω.
Βιαστικά μην τις. Στραβά από γράψει. Δε κάτι αυτός μεταγλωτίσει συγχωνευτεί πρώτοι μου.', 'Διαπιστώνεις μη χρησιμοποιώντας ο. Καταλάθος μα εφαμοργής δε κάνε.');
INSERT INTO prescription (doctor_id, patient_id) VALUES ('2203718551', '0201438867');
INSERT INTO prescribed_products (prescription_id, pharm_prod_id, start_date, end_date, dosage, frequency) VALUES ('9', '93788', '2019-03-27 00:00:00', '2019-04-06 00:00:00', 'Πλέον έλεγχος μα λοιπόν μπουν μέγιστη άτομο. Διευθυντές πάρα από τεκμηριώνει ένας μιας. Εφαρμογής στα εκείνου προβληματική.', 'Υόρκη της ότι εκτελέσεις. Εφαμοργής μεταγλωτίσει εγώ γραμμή ξέχασε.');
INSERT INTO prescription (doctor_id, patient_id) VALUES ('1305442503', '2901243442');
INSERT INTO prescribed_products (prescription_id, pharm_prod_id, start_date, end_date, dosage, frequency) VALUES ('10', '32917', '1991-09-15 00:00:00', '1991-10-10 00:00:00', 'Εταιρείες αρέσει πιο σημαντικός πως ζητήσεις παραπάνω. Διασφαλίζεται ακούσει απίστευτα τις εφαρμογής.
Άτομο βιαστικά όχι λες σωστά. Συγγραφής εργασίας γραμμής τις εγώ.', 'Σας πετούν καταλάθος εκδόσεις παραγωγικής ορίστε.');
INSERT INTO prescription (doctor_id, patient_id) VALUES ('1305442503', '0801018593');
INSERT INTO prescribed_products (prescription_id, pharm_prod_id, start_date, end_date, dosage, frequency) VALUES ('11', '45100', '1968-11-03 00:00:00', '1968-12-11 00:00:00', 'Λετπά έχω φαινόμενο πως χρειάζονται θα χρησιμοποιούνταν. Ανταγωνιστής χαρακτηριστικό εργαζόμενοι δε των μετράει.
Προσλάμβανες ότι μεταφραστής μετρήσεις. Να δε νόμιζες χώρου άρα χρησιμοποιούσες αυτήν.', 'Απίστευτα προγραμματιστές εργάστηκε άρθρων κανένας άρα κόψεις.');
INSERT INTO prescription (doctor_id, patient_id) VALUES ('0803989228', '0205155308');
INSERT INTO prescribed_products (prescription_id, pharm_prod_id, start_date, end_date, dosage, frequency) VALUES ('12', '92844', '2010-06-14 00:00:00', '2010-08-07 00:00:00', 'Γραμμής αρχεία ορίστε αυτός αγοράζοντας επιχείριση. Μη πως απλό κάτι τα προβληματική εταιρείες.', 'Τις διολισθήσεις τι την παίρνει διασφαλίζεται χαρτιού.');
INSERT INTO prescription (doctor_id, patient_id) VALUES ('1904466405', '2506962018');
INSERT INTO prescribed_products (prescription_id, pharm_prod_id, start_date, end_date, dosage, frequency) VALUES ('13', '59271', '1979-03-19 00:00:00', '1979-04-20 00:00:00', 'Δε έτσι τα χαμηλός. Χάος χρονοδιαγράμματα τις παραδοτέου αρπάζεις επί αν.', 'Δεν διακόψουμε μέρος διοικητικό κανόνα προκαλείς. Ωραίο εδώ επεξεργασία μπουν.');
INSERT INTO prescription (doctor_id, patient_id) VALUES ('2403567012', '0502063230');
INSERT INTO prescribed_products (prescription_id, pharm_prod_id, start_date, end_date, dosage, frequency) VALUES ('14', '126622', '1958-01-20 00:00:00', '1958-03-04 00:00:00', 'Άρθρων αναφέρονται κανόνα λιγότερο στα ανώδυνη όσο. Παραδοτέου πες διαπιστώνεις ίδιο εκείνου εγώ έστειλε.', 'Συνεντεύξεις φράση να δε. Χαρτιού κάτι άρα εγώ κι της περιμένουν.');
INSERT INTO prescription (doctor_id, patient_id) VALUES ('0802620737', '0508557890');
INSERT INTO prescribed_products (prescription_id, pharm_prod_id, start_date, end_date, dosage, frequency) VALUES ('15', '72740', '1996-02-13 00:00:00', '1996-03-08 00:00:00', 'Άρθρων συνέχεια έχω έγραψες. Αυτήν ανώδυνη τη.
Παίξουν πιο δεν μετράει εγώ εκτελέσεις χειρότερα. Κι ακούσει εφαρμογής τους θα άλγεβρα σταματάς. Την επί μια.', 'Παίρνει βουτήξουν θέμα σημαντικός.');
INSERT INTO prescription (doctor_id, patient_id) VALUES ('1307618841', '0205155308');
INSERT INTO prescribed_products (prescription_id, pharm_prod_id, start_date, end_date, dosage, frequency) VALUES ('16', '90205', '1967-02-01 00:00:00', '1967-03-04 00:00:00', 'Εργαλείων τι γραμμή υψηλότερη. Κρατήσουν κανένας την πιο προσπαθούν έστειλε.
Κόλπα έτοιμος να μέχρι την.
Απαράδεκτη μετρήσεις γεγονός πιο για μα ίδιο. Με πλέον τι τρόπο.', 'Ανά αυτός υψηλότερη συγχρόνως στραβά περιβάλλοντος. Γράψει μέρος αθόρυβες.');
INSERT INTO prescription (doctor_id, patient_id) VALUES ('0610661297', '0912706840');
INSERT INTO prescribed_products (prescription_id, pharm_prod_id, start_date, end_date, dosage, frequency) VALUES ('17', '150583', '1967-10-03 00:00:00', '1967-11-08 00:00:00', 'Συνάδελφος έτοιμος των υόρκη. Διακόψουμε τη άρα τον να πρώτο. Έτοιμος τοπικές γιαυτό εδώ πρόσληψη γειτονιάς έγραψες. Μη προσπαθήσεις διακοπή τους πως απόλαυσε μεταγλωτιστής.', 'Λέει δε τα άρα παίρνει βασανίζουν νέο.');
INSERT INTO prescription (doctor_id, patient_id) VALUES ('0410505068', '0605563415');
INSERT INTO prescribed_products (prescription_id, pharm_prod_id, start_date, end_date, dosage, frequency) VALUES ('18', '62501', '2020-07-27 00:00:00', '2020-08-15 00:00:00', 'Αυτήν από με κρατήσουν.
Πρώτοι μιας αρέσει κάτι εργαζόμενων. Διορθώσει ένας σαν μου αποφάσισε. Ήδη είχαμε κειμένων πολύ του.', 'Στραβά δε χαρτιού. Για στραβά αγοράζοντας διακόψουμε.');
INSERT INTO prescription (doctor_id, patient_id) VALUES ('0508710262', '2107999850');
INSERT INTO prescribed_products (prescription_id, pharm_prod_id, start_date, end_date, dosage, frequency) VALUES ('19', '155683', '1970-11-27 00:00:00', '1970-12-01 00:00:00', 'Βιβλίο μετράει σχεδιαστής πάντως λιγότερο δούλευε λιγότερο στα. Τις έτσι γραμμές αναφορά διακόψουμε διαδίκτυο.', 'Έτσι γραμμή μετράει. Για τύπους γεγονός συγγραφείς μέγιστη.');
INSERT INTO prescription (doctor_id, patient_id) VALUES ('2203718551', '0308698022');
INSERT INTO prescribed_products (prescription_id, pharm_prod_id, start_date, end_date, dosage, frequency) VALUES ('20', '8027', '1990-08-19 00:00:00', '1990-09-02 00:00:00', 'Ελέγχου απίστευτα δημιουργείς ύψος. Χαρακτηριστικό συνεχώς να.
Δούλευε βαθμό πες προϊόντα γέλασαν εγώ πάντα τρόπο.', 'Μη έτσι στα τον κώδικα ίδιο συνεχώς ρωτήσει.');
INSERT INTO prescription (doctor_id, patient_id) VALUES ('1604612218', '1909520787');
INSERT INTO prescribed_products (prescription_id, pharm_prod_id, start_date, end_date, dosage, frequency) VALUES ('21', '57606', '1992-04-21 00:00:00', '1992-05-05 00:00:00', 'Πετάνε μερικούς πεδία εφαρμογή. Υψηλότερη τύπου δεν μπουν κρατήσουν για σχεδιαστής.', 'Απαρατήρητο στις γέλασαν λίγο δε λίγο.');
INSERT INTO prescription (doctor_id, patient_id) VALUES ('1403472446', '2607069738');
INSERT INTO prescribed_products (prescription_id, pharm_prod_id, start_date, end_date, dosage, frequency) VALUES ('22', '13817', '1974-08-26 00:00:00', '1974-09-15 00:00:00', 'Έχω τέλειοι τον ρωτήσει διολισθήσεις όταν έτσι. Παίρνει ότι πλέον προγραμματιστές των σωστά ύψος. Ίδιο φαινόμενο και δυστυχώς.', 'Επιδιορθώσεις τύπου πρώτης ημέρα της ας.');
INSERT INTO prescription (doctor_id, patient_id) VALUES ('1007472193', '0710518685');
INSERT INTO prescribed_products (prescription_id, pharm_prod_id, start_date, end_date, dosage, frequency) VALUES ('23', '83738', '2024-05-01 00:00:00', '2024-06-26 00:00:00', 'Βαθμό ερωτήσεις εκείνου συνεχώς που περιμένουν υποψήφιο εγώ. Μας ας δεδομένων ροή παίρνουν έγραψες ώρα.', 'Λες απομόνωση τη τρόπο πως πιο συνηθίζουν. Ακούσει μερικούς ύψος νέα.');
INSERT INTO prescription (doctor_id, patient_id) VALUES ('1805820786', '1506208029');
INSERT INTO prescribed_products (prescription_id, pharm_prod_id, start_date, end_date, dosage, frequency) VALUES ('24', '70834', '1986-07-16 00:00:00', '1986-09-09 00:00:00', 'Περιβάλλον δουλεύει σκεφτείς αναγκάζονται όταν. Θέλεις βρίσκονται βιβλίο μην.
Ξέχασε βάζοντας από μέχρι διευθυντές αυτός. Όταν όσο πετάνε.', 'Κρατάει κώδικα μάθε πακέτων. Κάτι σας τι το χρονοδιαγράμματος ανεπιθύμητη.');
INSERT INTO prescription (doctor_id, patient_id) VALUES ('1210671054', '2806137947');
INSERT INTO prescribed_products (prescription_id, pharm_prod_id, start_date, end_date, dosage, frequency) VALUES ('25', '63032', '2007-04-20 00:00:00', '2007-06-15 00:00:00', 'Βγήκε μάθε νέου παραγωγικής. Απόλαυσε γράψει αποδείξεις ωραίο έγραψες κανείς τεσσαρών. Ας μην δουλεύει.', 'Εξοργιστικά ελέγχου νόμιζες συγκεντρωμένοι.');
INSERT INTO prescription (doctor_id, patient_id) VALUES ('1307618841', '1604088752');
INSERT INTO prescribed_products (prescription_id, pharm_prod_id, start_date, end_date, dosage, frequency) VALUES ('26', '1864', '2010-06-07 00:00:00', '2010-07-27 00:00:00', 'Κανόνα στραβά μη πακέτων προκύπτουν της. Πολύ μάτσο τους ροή. Βουτήξουν πάρεις σου παραδοτέου αγοράζοντας ένα.
Σαν χαρακτηριστικό εδώ εκτελέσεις άρα. Το μα λετπά δημιουργείς ώρα αθόρυβες ένα.', 'Τεσσαρών ο χρονοδιαγράμματος άρα. Ξέχασε παίξουν κι απαράδεκτη.');
INSERT INTO prescription (doctor_id, patient_id) VALUES ('3012474240', '1806851171');
INSERT INTO prescribed_products (prescription_id, pharm_prod_id, start_date, end_date, dosage, frequency) VALUES ('27', '82961', '1960-11-15 00:00:00', '1960-12-08 00:00:00', 'Χώρου μα εικόνες απαραίτητο. Γραφικά συγκεντρωμένοι αρπάζεις περιβάλλον. Αναφέρονται επιχείριση επεξεργασία γεγονός. Ρωτήσει βαθμό σίγουρος.', 'Κανένας προσλάμβανες σημαντικό πες την πως. Θα κάτι διάσημα ανά.');
INSERT INTO prescription (doctor_id, patient_id) VALUES ('1403472446', '2504806313');
INSERT INTO prescribed_products (prescription_id, pharm_prod_id, start_date, end_date, dosage, frequency) VALUES ('28', '10496', '1974-04-20 00:00:00', '1974-05-31 00:00:00', 'Βουτήξουν εκείνου των ιδιαίτερα ανακλύψεις συνέχεια διολισθήσεις προγραμματιστές.
Ως περίπου παράγοντες τον παραγωγικής. Διακόψουμε έλεγχος διαπιστώνεις όσο περιεχόμενα δεν.', 'Σωστά κάνε επιδιορθώσεις μια χρόνου εκθέσεις προγραμματιστής.');
INSERT INTO prescription (doctor_id, patient_id) VALUES ('2811728295', '0805830286');
INSERT INTO prescribed_products (prescription_id, pharm_prod_id, start_date, end_date, dosage, frequency) VALUES ('29', '98839', '2007-09-16 00:00:00', '2007-10-13 00:00:00', 'Μην υψηλότερη έξι πακέτων γειτονιάς επεξεργασία. Εξακολουθεί κανείς μαγικά έτοιμος μέγιστη κανόνα ποια. Θέλεις νέα και στο από.', 'Διακοπής διακοπή επενδυτής χειρότερα διαφήμιση χώρου.');
INSERT INTO prescription (doctor_id, patient_id) VALUES ('2001691929', '1506208029');
INSERT INTO prescribed_products (prescription_id, pharm_prod_id, start_date, end_date, dosage, frequency) VALUES ('30', '1807', '1971-11-21 00:00:00', '1971-12-29 00:00:00', 'Έτσι αποφάσισε ίδιο ρουτίνα που πως εδώ. Κι σημαντικός φακέλους όσο όσο και αν.
Επιδιόρθωση εφαμοργής αποστηθίσει λαμβάνουν. Κι προσθέσει δίνοντας βγήκε.', 'Εξακολουθεί την τρέξει ελέγχου εξακολουθεί κι.');
INSERT INTO prescription (doctor_id, patient_id) VALUES ('2001691929', '1604088752');
INSERT INTO prescribed_products (prescription_id, pharm_prod_id, start_date, end_date, dosage, frequency) VALUES ('31', '4002', '1998-08-03 00:00:00', '1998-09-28 00:00:00', 'Κι σου πιο μέσης εξοργιστικά επεξεργασία κοιτάζοντας. Κώδικάς μέρος τύπους όσο και.', 'Απομόνωση προσπαθούν χρονοδιαγράμματος ας.');
INSERT INTO prescription (doctor_id, patient_id) VALUES ('2708408067', '2108613024');
INSERT INTO prescribed_products (prescription_id, pharm_prod_id, start_date, end_date, dosage, frequency) VALUES ('32', '90875', '2004-01-14 00:00:00', '2004-02-17 00:00:00', 'Άτομο προσοχή γραμμές κειμένων διαπιστώνεις σαν. Χρονοδιαγράμματος ρωτήσει εταιρείες του για.', 'Εκδόσεις δημιουργήσεις εξακολουθεί σίγουρος νόμιζες εκθέσεις έρθει.');
INSERT INTO prescription (doctor_id, patient_id) VALUES ('2710712553', '0802110745');
INSERT INTO prescribed_products (prescription_id, pharm_prod_id, start_date, end_date, dosage, frequency) VALUES ('33', '94688', '1973-09-07 00:00:00', '1973-09-21 00:00:00', 'Ναι μάτσο απόλαυσε αγοράζοντας επιδιορθώσεις δείξει απόλαυσε. Φαινόμενο πάρα τεσσαρών μαγικά. Βουτήξουν έτσι κόψεις υψηλότερη όταν μας πλέον. Διάβασε κύκλο ημέρα εκτελέσει όταν.', 'Εφαμοργής συγγραφείς θέλεις εξακολουθεί διασφαλίζεται γέλασαν.');
INSERT INTO prescription (doctor_id, patient_id) VALUES ('2403567012', '0201025887');
INSERT INTO prescribed_products (prescription_id, pharm_prod_id, start_date, end_date, dosage, frequency) VALUES ('34', '106410', '1958-06-04 00:00:00', '1958-06-08 00:00:00', 'Για εκτελέσεις όσο μας κλπ. Τα διασφαλίζεται όσο θυμάμαι.
Εφαρμογή λοιπόν έχω τρέξει γραμμές νέων. Μάθε εδώ μην εδώ τα του.', 'Αν χειρότερα θέλεις μαγικά ποια συγχρόνως.');
INSERT INTO prescription (doctor_id, patient_id) VALUES ('2412989437', '2406186258');
INSERT INTO prescribed_products (prescription_id, pharm_prod_id, start_date, end_date, dosage, frequency) VALUES ('35', '72713', '1957-05-15 00:00:00', '1957-07-04 00:00:00', 'Προσπαθήσεις ένα σκεφτείς μηχανής που ροή. Παράγοντες προσοχή κανόνα εργαζόμενοι σωστά διάβασε εκτελείται.', 'Θέματα πάντα παραγωγικής πλέον τη.');
INSERT INTO prescription (doctor_id, patient_id) VALUES ('0710954761', '2205638853');
INSERT INTO prescribed_products (prescription_id, pharm_prod_id, start_date, end_date, dosage, frequency) VALUES ('36', '86044', '1978-07-31 00:00:00', '1978-09-01 00:00:00', 'Άτομο πετούν μεταγλωτίσει το χαρακτηριστικών. Χρόνου ο μην τι ίδιο γράψει.', 'Φράση συγγραφείς κι ναι διακόψουμε ειδικά παραδοτέου.');
INSERT INTO prescription (doctor_id, patient_id) VALUES ('2403567012', '0212826741');
INSERT INTO prescribed_products (prescription_id, pharm_prod_id, start_date, end_date, dosage, frequency) VALUES ('37', '130956', '1972-04-30 00:00:00', '1972-06-26 00:00:00', 'Υόρκη λαμβάνουν εργαζόμενοι εγώ υψηλότερη εγώ αν. Θυμάμαι τι πρώτοι.
Αθόρυβες να διαπιστώνεις ως. Μέρος χαμηλός μέσης ας. Ωραίο τους τι θέματα τύπου.', 'Άλγεβρα μη κλπ πάντως λέει πήρε έξι δύο. Τύπους επί συνάδελφος άρα.');
INSERT INTO prescription (doctor_id, patient_id) VALUES ('2204653007', '0210192341');
INSERT INTO prescribed_products (prescription_id, pharm_prod_id, start_date, end_date, dosage, frequency) VALUES ('38', '150237', '1984-04-26 00:00:00', '1984-05-02 00:00:00', 'Πακέτων χρονοδιαγράμματος παίξουν μη αγοράζοντας έχω. Έρθει σωστά είχαμε μέχρι. Έχω άπειρα τελειώσει επιδιόρθωση χρησιμοποιούνταν ανώδυνη φίλος.', 'Χάος καταλάθος ιδιαίτερα δημιουργήσεις ειδικά ανακλύψεις χρησιμοποίησέ από.');
INSERT INTO prescription (doctor_id, patient_id) VALUES ('1805820786', '1901086962');
INSERT INTO prescribed_products (prescription_id, pharm_prod_id, start_date, end_date, dosage, frequency) VALUES ('39', '79148', '1956-04-05 00:00:00', '1956-04-26 00:00:00', 'Συγγραφής αναφορά εικόνες πρώτης. Βιαστικά πετούν ατόμου τους θέλεις νέο.
Το ότι λίγο προσοχή ειδικά ανά εγώ. Πηγαίου ως ρωτήσει αποδείξεις χειρότερα ύψος. Τύπους πάντα διορθώσεις στα.', 'Μετρήσεις διορθώσει έτσι να απαραίτητο. Άρα νέου των μέχρι θέματα βάζοντας.');
INSERT INTO prescription (doctor_id, patient_id) VALUES ('0811685025', '0310997090');
INSERT INTO prescribed_products (prescription_id, pharm_prod_id, start_date, end_date, dosage, frequency) VALUES ('40', '52004', '1964-08-25 00:00:00', '1964-10-01 00:00:00', 'Χρησιμοποιούσες να απαρατήρητο χώρου δύο. Αγοράζοντας φακέλους εδώ διορθώσει κλπ ταξινομεί. Ανά ο πάντως κύκλο πάντως.', 'Αθόρυβες μεταφραστής αναγκάζονται πεδία πακέτων υποψήφιο θα μια.');
INSERT INTO prescription (doctor_id, patient_id) VALUES ('0411980022', '0806676684');
INSERT INTO prescribed_products (prescription_id, pharm_prod_id, start_date, end_date, dosage, frequency) VALUES ('41', '102592', '1966-11-15 00:00:00', '1967-01-14 00:00:00', 'Διαφήμιση διακοπή τον των. Πλέον τα κόλπα για ότι διοικητικό έτσι. Εκτός ήδη προσοχή διακοπή ρωτάει χρονοδιαγράμματα.
Συνέχεια δίνοντας πετάξαμε άρα. Της εκτός κι. Ύψος διάβασε τη πάντως.', 'Έξι τους εντολές έξι. Χρονοδιαγράμματα στη χάος ανά.');
INSERT INTO prescription (doctor_id, patient_id) VALUES ('1101779403', '2511754810');
INSERT INTO prescribed_products (prescription_id, pharm_prod_id, start_date, end_date, dosage, frequency) VALUES ('42', '23478', '1965-10-11 00:00:00', '1965-12-02 00:00:00', 'Δίνοντας διαπιστώνεις αποδείξεις ένα ανεπιθύμητη. Αυτός αυτήν εκείνου υόρκη μέσης έλεγχος. Που τοπικές ζητήσεις πάντως δωροδοκηθούν έξι.', 'Συνέχεια δύο αναφορά υψηλότερη φαινόμενο εφαμοργής ένα.');
INSERT INTO prescription (doctor_id, patient_id) VALUES ('1307618841', '2003522930');
INSERT INTO prescribed_products (prescription_id, pharm_prod_id, start_date, end_date, dosage, frequency) VALUES ('43', '16667', '1948-07-22 00:00:00', '1948-09-13 00:00:00', 'Ποια εδώ επιδιορθώσεις. Εδώ παράδειγμα λιγότερο κάτι δε αποθηκευτικού. Αρέσει εδώ κρατάει εκτός. Γνωρίζουμε το χώρου βιαστικά αρχεία πλέον.', 'Πλέον πάρα χρησιμοποιούσες. Λες οι ένας έξι πιο προσεκτικά. Μάθε λοιπόν το.');
INSERT INTO prescription (doctor_id, patient_id) VALUES ('2004702238', '2511754810');
INSERT INTO prescribed_products (prescription_id, pharm_prod_id, start_date, end_date, dosage, frequency) VALUES ('44', '76258', '1947-07-11 00:00:00', '1947-09-06 00:00:00', 'Κρατήσουν όχι καταλάθος δημιουργείς τα. Ωραίο ναι χρόνου λαμβάνουν αφήσεις ροή απόλαυσε.
Θα ανώδυνη σαν νέου. Ερωτήσεις μα εδώ να στο δύο.', 'Ρωτάει κι στη ταξινομεί. Γιαυτό παράγοντες γέλασαν εδώ.');
INSERT INTO prescription (doctor_id, patient_id) VALUES ('2502654079', '2202022427');
INSERT INTO prescribed_products (prescription_id, pharm_prod_id, start_date, end_date, dosage, frequency) VALUES ('45', '2740', '2008-01-16 00:00:00', '2008-03-07 00:00:00', 'Κόψεις αρπάζεις ένα διαφήμιση κι το. Θα πες αν δεν σου μεταφραστής. Προσεκτικά στις από ταξινομεί μεταγλωτίσει χάος. Περισσότερη οι χαμηλός από.', 'Εκτός μα βαθμό ανά. Ζητήσεις παράγοντες αναφέρονται δεν μέρος πετάνε θέματα.');
INSERT INTO prescription (doctor_id, patient_id) VALUES ('1905740744', '2607069738');
INSERT INTO prescribed_products (prescription_id, pharm_prod_id, start_date, end_date, dosage, frequency) VALUES ('46', '81685', '1959-03-29 00:00:00', '1959-05-12 00:00:00', 'Θα χρησιμοποίησέ ώρα ναι. Ποσοστό χρόνου εφαρμογή πάρεις εφαμοργής δεν. Την ας σημαντικός βιβλίο αφήσεις ένα πολύ θυμάμαι.', 'Μέσης έστελνε προσθέσει τρόποι ναι. Χρησιμοποιούνταν πάντα πλέον της.');
INSERT INTO prescription (doctor_id, patient_id) VALUES ('0111647658', '0809514500');
INSERT INTO prescribed_products (prescription_id, pharm_prod_id, start_date, end_date, dosage, frequency) VALUES ('47', '9420', '2009-01-04 00:00:00', '2009-01-10 00:00:00', 'Διακοπή σχεδιαστής διάβασε εγώ τη ανά. Μέσης ίδιο προσπαθούν εξαρτάται.', 'Γιαυτό παραπάνω λες ποια τις έστειλε κανένας.');
INSERT INTO prescription (doctor_id, patient_id) VALUES ('2301681047', '2612578080');
INSERT INTO prescribed_products (prescription_id, pharm_prod_id, start_date, end_date, dosage, frequency) VALUES ('48', '98481', '1987-04-02 00:00:00', '1987-05-29 00:00:00', 'Μέχρι του εδώ την. Χαρακτηριστικών αποδείξεις πάντα απλό ας βαθμό.
Ωραίο δείξει μπουν περιβάλλον. Επιχείριση υψηλότερη διαφήμιση σχεδιαστής προσπαθήσεις επιδιορθώσεις. Σημεία κώδικάς ερώτηση.', 'Νιρβάνα ξέχασε εγώ γράψει προγραμματιστές νέα.');
INSERT INTO prescription (doctor_id, patient_id) VALUES ('1905740744', '2302226964');
INSERT INTO prescribed_products (prescription_id, pharm_prod_id, start_date, end_date, dosage, frequency) VALUES ('49', '36021', '1980-02-09 00:00:00', '1980-02-22 00:00:00', 'Τα μετράει διορθώσεις προγραμματιστές ως αν. Περιμένουν σας ερώτηση βρίσκονται την πάρα μερικούς. Μας σημεία τη επενδυτής απαράδεκτη.', 'Ποια απαρατήρητο πάντα τι ορίστε. Βιβλίο υπηρεσία στο σπίτι συνάδελφος.');
INSERT INTO prescription (doctor_id, patient_id) VALUES ('1708511124', '0909054388');
INSERT INTO prescribed_products (prescription_id, pharm_prod_id, start_date, end_date, dosage, frequency) VALUES ('50', '28661', '2014-12-09 00:00:00', '2014-12-10 00:00:00', 'Ύψος αναγκάζονται συνεντεύξεις τις άλγεβρα. Σημαντικό ακούσει προκύπτουν εκτός μερικούς διάβασε εργαζόμενων. Διορθώσεις έτσι μας ότι δε εγώ μα.
Υπηρεσία παίρνει γραμμής ακούσει δύο ειδικά δεν.', 'Δημιουργια και εργασίας αναφέρονται. Εγώ περιεχόμενα ως ίδιο γιαυτό κώδικάς.');
INSERT INTO prescription (doctor_id, patient_id) VALUES ('1210608936', '0209654512');
INSERT INTO prescribed_products (prescription_id, pharm_prod_id, start_date, end_date, dosage, frequency) VALUES ('51', '152262', '1991-12-15 00:00:00', '1992-01-05 00:00:00', 'Της υπηρεσία προσεκτικά εγώ νέου ποια. Προσοχή γνωρίζουμε εργαλείων στραβά. Καταλάθος πλέον μέσης έγραψες χαρακτηριστικό.', 'Το προγραμματιστής και παίξουν ιδιαίτερα τον προϊόντα.');
INSERT INTO prescription (doctor_id, patient_id) VALUES ('2304595248', '1901089706');
INSERT INTO prescribed_products (prescription_id, pharm_prod_id, start_date, end_date, dosage, frequency) VALUES ('52', '151896', '1952-06-24 00:00:00', '1952-08-19 00:00:00', 'Παράδειγμα ποια της γράψει για που κάτι. Ένα αν βιβλίο διοικητικό.', 'Ανακλύψεις μέχρι έξι στο διορθώσει παράγοντες πρώτης. Εξαρτάται θέμα σε.');
INSERT INTO prescription (doctor_id, patient_id) VALUES ('0308718729', '2602825383');
INSERT INTO prescribed_products (prescription_id, pharm_prod_id, start_date, end_date, dosage, frequency) VALUES ('53', '43469', '2024-07-30 00:00:00', '2024-09-10 00:00:00', 'Πάντα δύο επί εφαρμογή. Λετπά γραμμής νόμιζες κάτι πάντως.
Δοκιμάσεις για τεσσαρών περιμένουν πετάνε θέματα τύπους. Περιμένουν στο αρπάζεις εργάστηκε μας από.', 'Στο διαφήμιση διαδίκτυο.');
INSERT INTO prescription (doctor_id, patient_id) VALUES ('1708511124', '1901086962');
INSERT INTO prescribed_products (prescription_id, pharm_prod_id, start_date, end_date, dosage, frequency) VALUES ('54', '117296', '2016-06-18 00:00:00', '2016-08-13 00:00:00', 'Πάντα εκτελέσεις πως από. Εκείνου όταν εδώ εκτελέσεις ελέγχου τελειώσει μέχρι σωστά.
Ορίστε εκτός στη ωραίο. Συγκεντρωμένοι επιχείριση προκύπτουν αποδείξεις ροή κρατήσουν. Κύκλο απλό εδώ μηχανής κι.', 'Επιδιόρθωση χειρότερα δημιουργια τι εργασίας.');
INSERT INTO prescription (doctor_id, patient_id) VALUES ('0411550543', '2111997187');
INSERT INTO prescribed_products (prescription_id, pharm_prod_id, start_date, end_date, dosage, frequency) VALUES ('55', '20978', '2004-09-16 00:00:00', '2004-09-26 00:00:00', 'Δεν τέλειοι και συγχωνευτεί γραμμή αρχεία πάντα. Την πιο κώδικα απαράδεκτη εκείνου. Γραμμή διορθώσεις ύψος παραδώσεις τα.', 'Βάζοντας της στη παίξουν προσπαθήσεις χαρτιού εγώ τους.');
INSERT INTO prescription (doctor_id, patient_id) VALUES ('0411980022', '1706009952');
INSERT INTO prescribed_products (prescription_id, pharm_prod_id, start_date, end_date, dosage, frequency) VALUES ('56', '125950', '1995-03-22 00:00:00', '1995-04-16 00:00:00', 'Κύκλο πως με μεταγλωτιστής. Στο αλγόριθμου χάος λοιπόν. Εξοργιστικά εργαλείων όχι ήδη.
Νόμιζες κάτι εκτελέσει εκτός αναφέρονται έχω διοικητικό. Παράδειγμα μπουν πες λοιπόν ποια.', 'Συγχωνευτεί τον επιχείριση δουλεύει παραδώσεις εκτός ίδιο.');
INSERT INTO prescription (doctor_id, patient_id) VALUES ('0301525882', '0511685210');
INSERT INTO prescribed_products (prescription_id, pharm_prod_id, start_date, end_date, dosage, frequency) VALUES ('57', '137342', '1951-10-16 00:00:00', '1951-11-18 00:00:00', 'Διαπιστώνεις πάρα μου χρονοδιαγράμματα έχω χρησιμοποιώντας όχι. Ήδη πάντα ως τους σας έτσι πλέον.', 'Σπίτι ειδικά μάτσο ένας δύο εκτός. Ήδη θα αυτός βαθμό πάντως ζητήσεις λετπά.');
INSERT INTO prescription (doctor_id, patient_id) VALUES ('0903695053', '0806676684');
INSERT INTO prescribed_products (prescription_id, pharm_prod_id, start_date, end_date, dosage, frequency) VALUES ('58', '100681', '2023-09-27 00:00:00', '2023-11-05 00:00:00', 'Τρέξει κάτι αποφάσισε όχι μπουν σταματάς. Μέρος αποφάσισε άρα διαδίκτυο ρουτίνα ρωτήσει έτσι.
Εδώ κάνεις πιο στα. Διαφήμιση μεταγλωτιστής συγκεντρωμένοι διορθώσεις συνεντεύξεις αποθηκευτικού σημεία.', 'Καλύτερο θέματα εδώ επεξεργασία γραμμή συγγραφείς σου εργοστασίου.');
INSERT INTO prescription (doctor_id, patient_id) VALUES ('2412989437', '0605563415');
INSERT INTO prescribed_products (prescription_id, pharm_prod_id, start_date, end_date, dosage, frequency) VALUES ('59', '123162', '1960-09-28 00:00:00', '1960-11-22 00:00:00', 'Ξέχασε που αλγόριθμου και δούλευε. Υψηλότερη γράψει προσπαθούν.
Εκτός περισσότερη πρώτο τελειώσει συγγραφής. Εκθέσεις πήρε κόψεις.
Τρόπο απλό αποστηθίσει πετάνε έτσι μερικούς.', 'Υόρκη διαχειριστής υόρκη ως εργαλείων ατόμου κειμένων ροή.');
INSERT INTO prescription (doctor_id, patient_id) VALUES ('2803422426', '2610191254');
INSERT INTO prescribed_products (prescription_id, pharm_prod_id, start_date, end_date, dosage, frequency) VALUES ('60', '2097', '1961-12-22 00:00:00', '1962-01-16 00:00:00', 'Μαγικά λαμβάνουν μην είχαμε αρπάζεις γραφικά άπειρα ότι. Εφαρμογή χειρότερα σίγουρος προσπαθήσεις γεγονός περισσότερη βιβλίο. Έξι αποστηθίσει θα τα επί περιβάλλον μέσης.', 'Για συγχωνευτεί αναφέρονται έτσι ναι έχω απλό. Λιγότερο τύπου εκτός εργασίας.');
INSERT INTO prescription (doctor_id, patient_id) VALUES ('0611462338', '1506632784');
INSERT INTO prescribed_products (prescription_id, pharm_prod_id, start_date, end_date, dosage, frequency) VALUES ('61', '104355', '1966-08-27 00:00:00', '1966-09-10 00:00:00', 'Ότι προκαλείς μιας αντιλήφθηκαν μαγικά. Ποια νέων σημαντικό λιγότερο τον γεγονός.
Δούλευε δημιουργείς του εδώ ποια. Παίρνει τις σας χρησιμοποιούσες ροή εργάστηκε πρώτοι.', 'Σου αποδείξεις ανά γειτονιάς. Μεταφραστής εργάστηκε περιμένουν με στα πες.');
INSERT INTO prescription (doctor_id, patient_id) VALUES ('1912912516', '2306787979');
INSERT INTO prescribed_products (prescription_id, pharm_prod_id, start_date, end_date, dosage, frequency) VALUES ('62', '26250', '1974-07-29 00:00:00', '1974-09-22 00:00:00', 'Δημιουργια μην έστελνε διακόψουμε άρα. Εταιρείες πιο αποθηκευτικού έλεγχος τα. Μιας του μέχρι καταλάθος.', 'Κρατάει κι μην δυστυχής. Πιο έξι σου στα πάντα κόλπα.');
INSERT INTO prescription (doctor_id, patient_id) VALUES ('3005978572', '1011481803');
INSERT INTO prescribed_products (prescription_id, pharm_prod_id, start_date, end_date, dosage, frequency) VALUES ('63', '88986', '1958-01-12 00:00:00', '1958-01-16 00:00:00', 'Ρουτίνα κάτι σωστά περιμένουν αποκλειστικούς. Σου πολύ στη στραβά. Πες έχω έλεγχος.', 'Λίγο φακέλους πλέον κι. Ιδιαίτερα οι ναι.');
INSERT INTO prescription (doctor_id, patient_id) VALUES ('2407887390', '2803625016');
INSERT INTO prescribed_products (prescription_id, pharm_prod_id, start_date, end_date, dosage, frequency) VALUES ('64', '2702', '1941-11-17 00:00:00', '1941-12-19 00:00:00', 'Διασφαλίζεται πιο χρησιμοποιούσες τι δε νέα κάτι. Δημιουργια μας βιαστικά της άρα στη. Λίγο φακέλους πετάνε πες δυστυχής. Σχεδιαστής παραπάνω πάντως έγραψες.', 'Εργασίας ο δύο αποκλειστικούς. Απλό κάτι ροή δύο.');
INSERT INTO prescription (doctor_id, patient_id) VALUES ('0810802797', '2801823961');
INSERT INTO prescribed_products (prescription_id, pharm_prod_id, start_date, end_date, dosage, frequency) VALUES ('65', '128121', '1978-04-15 00:00:00', '1978-04-17 00:00:00', 'Πάντα ημέρα προσθέσει του. Πήρε ποια τύπου εδώ κόψεις πετάνε. Διαδίκτυο μάθε χρονοδιαγράμματα χαμηλός πολύ με εκείνου φράση.
Άρα μη μια ακούσει αυτήν.
Επί περισσότερη εφαμοργής εγώ ναι.', 'Συγγραφείς συγκεντρωμένοι ξέχασε λιγότερο συνάδελφος.');
INSERT INTO prescription (doctor_id, patient_id) VALUES ('2707864104', '0312807182');
INSERT INTO prescribed_products (prescription_id, pharm_prod_id, start_date, end_date, dosage, frequency) VALUES ('66', '138490', '1975-09-07 00:00:00', '1975-09-09 00:00:00', 'Χαρακτηριστικών στέλνοντάς τελειώσει στο.
Γραμμή μέχρι επί σαν χρονοδιαγράμματος προσθέσει για. Προκαλείς δεν γραμμές τους όσο. Παράδειγμα αυτός χρησιμοποιούνταν πάντως ως ρωτήσει.', 'Την που διαδίκτυο απομόνωση εικόνες παράγοντες στη.');
INSERT INTO prescription (doctor_id, patient_id) VALUES ('1307618841', '2010587982');
INSERT INTO prescribed_products (prescription_id, pharm_prod_id, start_date, end_date, dosage, frequency) VALUES ('67', '87778', '1981-01-17 00:00:00', '1981-02-10 00:00:00', 'Μέσης ο την. Επιστρέφουν απίστευτα παράγοντες μια κάνεις αρέσει εργαζόμενων. Απαρατήρητο έχω προγραμματιστής ως παίξουν ατόμου.', 'Περιβάλλοντος προγραμματιστής ερώτηση ποσοστό.');
INSERT INTO prescription (doctor_id, patient_id) VALUES ('0111647658', '1204141043');
INSERT INTO prescribed_products (prescription_id, pharm_prod_id, start_date, end_date, dosage, frequency) VALUES ('68', '151972', '2021-05-22 00:00:00', '2021-07-10 00:00:00', 'Ημέρα ώρα διακόψουμε άρθρων ας ίδιο. Μας μέρος δεν δε έξι ποσοστό ελέγχου ως. Διάσημα συνεντεύξεις ρουτίνα εγώ παίρνουν.
Αυτός εφαμοργής αγοράζοντας τον τον πεδία.', 'Αναφέρονται αναγκάζονται ροή διαχειριστής πάρα.');
INSERT INTO prescription (doctor_id, patient_id) VALUES ('2806888346', '0811538177');
INSERT INTO prescribed_products (prescription_id, pharm_prod_id, start_date, end_date, dosage, frequency) VALUES ('69', '154223', '2024-01-29 00:00:00', '2024-03-03 00:00:00', 'Εξαρτάται προγραμματιστές ως. Μας αποστηθίσει από διάσημα χαρακτηριστικών να πάντα.
Γνωρίζουμε ελέγχου λιγότερο. Ένα επιδιορθώσεις ναι.', 'Κρατήσουν έξι εταιρείες. Τη όχι σταματάς και των.');
INSERT INTO prescription (doctor_id, patient_id) VALUES ('1604612218', '1001235170');
INSERT INTO prescribed_products (prescription_id, pharm_prod_id, start_date, end_date, dosage, frequency) VALUES ('70', '86119', '1957-07-10 00:00:00', '1957-08-24 00:00:00', 'Νέο προσοχή τεκμηριώνει επιχείριση μιας δημιουργήσεις. Και προσεκτικά πιο ως πλέον. Κοιτάζοντας εκτός έχω πρώτης.', 'Από λαμβάνουν δυστυχώς ότι επί χρόνου ακούσει.');
INSERT INTO prescription (doctor_id, patient_id) VALUES ('2304595248', '2204842315');
INSERT INTO prescribed_products (prescription_id, pharm_prod_id, start_date, end_date, dosage, frequency) VALUES ('71', '5410', '1984-08-30 00:00:00', '1984-09-14 00:00:00', 'Μια ρωτάει πάντως έτσι. Μη άρθρων ότι ως ίδιο. Δημιουργια μάλλον έξι δοκιμάσεις έξι.
Τον παίξουν εντολές. Δε επεξεργασία τους λιγότερο μεταφραστής απαρατήρητο.', 'Φράση λαμβάνουν δε μέχρι. Βγήκε ένα νόμιζες έρθει. Μας τύπου μιας.');
INSERT INTO prescription (doctor_id, patient_id) VALUES ('1701787998', '2003522930');
INSERT INTO prescribed_products (prescription_id, pharm_prod_id, start_date, end_date, dosage, frequency) VALUES ('72', '68637', '1964-12-24 00:00:00', '1965-01-07 00:00:00', 'Πηγαίου των μηχανής έξι. Εργάστηκε μετράει βρίσκονται βγήκε.
Φαινόμενο ερώτηση αποκλειστικούς γεύματος άρθρων παραγωγικής. Που της για εταιρείες υόρκη σου.', 'Πακέτων που παραπάνω σας πόρτες εργαζόμενων γνωρίζουμε.');
INSERT INTO prescription (doctor_id, patient_id) VALUES ('2203718551', '2512871374');
INSERT INTO prescribed_products (prescription_id, pharm_prod_id, start_date, end_date, dosage, frequency) VALUES ('73', '143936', '2013-12-25 00:00:00', '2014-01-24 00:00:00', 'Εφαμοργής πάντως βουτήξουν σωστά διάβασε παίρνουν ένα. Και τη μέχρι στήλες προσπαθήσεις επιδιόρθωση απαρατήρητο.', 'Ποσοστό επί εργαζόμενοι παίξουν μιας σε. Νέο μου από μην τεκμηριώνει.');
INSERT INTO prescription (doctor_id, patient_id) VALUES ('2108809189', '2109699443');
INSERT INTO prescribed_products (prescription_id, pharm_prod_id, start_date, end_date, dosage, frequency) VALUES ('74', '61126', '2017-09-17 00:00:00', '2017-11-03 00:00:00', 'Περιεχόμενα τρέξει τους τους διοικητικό. Τις πετάνε χάος διάβασε μου εφαρμογή αποθηκευτικού.', 'Εδώ δωροδοκηθούν ήδη μην άρα. Υόρκη εγώ επί.');
INSERT INTO prescription (doctor_id, patient_id) VALUES ('1708511124', '1506632784');
INSERT INTO prescribed_products (prescription_id, pharm_prod_id, start_date, end_date, dosage, frequency) VALUES ('75', '7489', '1953-06-09 00:00:00', '1953-07-08 00:00:00', 'Κάνεις αποθηκευτικού τη. Έστελνε τρέξει λίγο πάρα πόρτες ανακλύψεις διασφαλίζεται. Για γεύματος έστελνε εγώ πιο τον.', 'Συνεχώς πάρεις μέσης ώρα διορθώσει και στήλες.');
INSERT INTO prescription (doctor_id, patient_id) VALUES ('0811685025', '0806676684');
INSERT INTO prescribed_products (prescription_id, pharm_prod_id, start_date, end_date, dosage, frequency) VALUES ('76', '83636', '2001-02-14 00:00:00', '2001-03-28 00:00:00', 'Λες γέλασαν πάντως. Εργαλείων προϊόντα λίγο έξι έχω εκθέσεις. Έξι κάτι κύκλο στέλνοντάς κανόνα.
Που φίλος όσο τις με. Παίρνουν δοκιμάσεις θα κλπ.', 'Ένα λέει διορθώσει την. Ανά δημιουργια άλγεβρα ένα. Προσεκτικά δε τεκμηριώνει.');
INSERT INTO prescription (doctor_id, patient_id) VALUES ('0411980022', '1205936087');
INSERT INTO prescribed_products (prescription_id, pharm_prod_id, start_date, end_date, dosage, frequency) VALUES ('77', '103820', '1952-01-02 00:00:00', '1952-01-15 00:00:00', 'Εργαζόμενοι εικόνες δοκιμάσεις προϊόντα ως. Χρησιμοποιώντας την μην περιεχόμενα ρουτίνα λοιπόν πόρτες.', 'Κανόνα πολύ έχω πιο τύπου δυστυχώς αναγκάζονται.');
INSERT INTO prescription (doctor_id, patient_id) VALUES ('2412989437', '2305241733');
INSERT INTO prescribed_products (prescription_id, pharm_prod_id, start_date, end_date, dosage, frequency) VALUES ('78', '90433', '1956-11-12 00:00:00', '1956-11-19 00:00:00', 'Με χαρτιού στα περισσότερες απαράδεκτη ρωτήσει θυμάμαι επενδυτής. Αθόρυβες ένας λες έξι.', 'Πόρτες όσο δεδομένων έξι βασανίζουν πάντως δεν. Εγώ κύκλο απαρατήρητο της.');
INSERT INTO prescription (doctor_id, patient_id) VALUES ('2403567012', '0303932949');
INSERT INTO prescribed_products (prescription_id, pharm_prod_id, start_date, end_date, dosage, frequency) VALUES ('79', '117104', '1978-01-21 00:00:00', '1978-02-04 00:00:00', 'Για μεταγλωτιστής αποκλειστικούς ανεπιθύμητη. Έχω μεταφραστής τους όταν.', 'Ήδη κι άρα γραμμές. Επί της κλπ θυμάμαι έτσι κρατάει.');
INSERT INTO prescription (doctor_id, patient_id) VALUES ('0104436410', '1604150105');
INSERT INTO prescribed_products (prescription_id, pharm_prod_id, start_date, end_date, dosage, frequency) VALUES ('80', '97331', '1983-03-27 00:00:00', '1983-05-13 00:00:00', 'Λοιπόν ρωτήσει έτσι ώρα μπουν ας ρουτίνα. Παραπάνω ποια δεδομένων εδώ.
Τον παράγοντες ποια στο. Πάντα με των παραγωγικής προβληματική. Τρόπο τους πόρτες στις.', 'Τα να χαρτιού μιας μια όσο τα διάσημα. Παίρνει μπουν επί. Να έξι μέχρι νέου.');
INSERT INTO prescription (doctor_id, patient_id) VALUES ('0810802797', '1411040456');
INSERT INTO prescribed_products (prescription_id, pharm_prod_id, start_date, end_date, dosage, frequency) VALUES ('81', '8182', '1956-07-31 00:00:00', '1956-09-19 00:00:00', 'Σαν χαρτιού λέει επιδιορθώσεις κανείς μα. Ήδη παραδοτέου μέχρι εργάστηκε προκύπτουν αρέσει αν και. Ποια ναι σπίτι ορίστε.
Παίρνει τις υόρκη. Σαν μερικούς δουλεύει μιας τρέξει κειμένων που.', 'Ως που τύπους χρησιμοποίησέ. Μπορούσες ας κάτι μιας.');
INSERT INTO prescription (doctor_id, patient_id) VALUES ('3012474240', '1204419980');
INSERT INTO prescribed_products (prescription_id, pharm_prod_id, start_date, end_date, dosage, frequency) VALUES ('82', '3779', '2012-02-18 00:00:00', '2012-03-03 00:00:00', 'Τοπικές για ώρα παραδώσεις προσπαθούν σου πολύ στη. Ότι σαν χρησιμοποιώντας εταιρείες σχεδιαστής πάντα ορίστε μέσης. Ως κι προσπαθήσεις χαμηλός ύψος δημιουργείς εκτελέσεις.', 'Αυτήν επί γειτονιάς νέο ανά λίγο μαγικά χάος.');
INSERT INTO prescription (doctor_id, patient_id) VALUES ('1104742723', '0308698022');
INSERT INTO prescribed_products (prescription_id, pharm_prod_id, start_date, end_date, dosage, frequency) VALUES ('83', '93331', '1946-09-16 00:00:00', '1946-10-02 00:00:00', 'Έχω μερικούς της αυτός συγγραφείς ρωτάει επί. Περισσότερες πολύ βιβλίο αγοράζοντας παράδειγμα. Φαινόμενο πάντως φράση συγχωνευτεί εταιρείες σπίτι.', 'Τους στη φράση απαράδεκτη υποψήφιο ένα μέχρι.');
INSERT INTO prescription (doctor_id, patient_id) VALUES ('1305442503', '2309766706');
INSERT INTO prescribed_products (prescription_id, pharm_prod_id, start_date, end_date, dosage, frequency) VALUES ('84', '127161', '2025-05-29 00:00:00', '2025-07-22 00:00:00', 'Παραδώσεις τελειώσει εξοργιστικά εταιρείες εργοστασίου περίπου δυστυχής κρατήσουν. Ο βιαστικά θέματα στραβά.
Εταιρείες λοιπόν πάρεις ότι ως. Ναι τι άρθρων κάτι σχεδιαστής κάτι χρειάζονται κανένας.', 'Τύπους διαφήμιση απομόνωση κι διευθυντές εκτός νέα για.');
INSERT INTO prescription (doctor_id, patient_id) VALUES ('2203718551', '0806918021');
INSERT INTO prescribed_products (prescription_id, pharm_prod_id, start_date, end_date, dosage, frequency) VALUES ('85', '107389', '1971-11-24 00:00:00', '1971-12-20 00:00:00', 'Διορθώσεις γέλασαν τον αλγόριθμου να.', 'Φαινόμενο μέρος εργάστηκε άρθρων όχι πήρε.');
INSERT INTO prescription (doctor_id, patient_id) VALUES ('2708408067', '2407894508');
INSERT INTO prescribed_products (prescription_id, pharm_prod_id, start_date, end_date, dosage, frequency) VALUES ('86', '34837', '1990-10-05 00:00:00', '1990-10-24 00:00:00', 'Εργαζόμενων μπορούσες έχω παίρνουν έτοιμος είχαμε γραμμές. Γεγονός δουλεύει κάνε πάντως όταν διάβασε άπειρα. Εταιρείες ποια φακέλους.', 'Επιδιόρθωση πηγαίου παραγωγικής της πάντα. Θα που αναγκάζονται.');
INSERT INTO prescription (doctor_id, patient_id) VALUES ('2707864104', '1912923980');
INSERT INTO prescribed_products (prescription_id, pharm_prod_id, start_date, end_date, dosage, frequency) VALUES ('87', '61400', '1980-05-19 00:00:00', '1980-06-12 00:00:00', 'Κανένας διαπιστώνεις χρόνου το δεν δείξει αποδείξεις. Ανά σου στο αναφέρονται βιβλίο.', 'Αντιλήφθηκαν ότι απίστευτα τρόποι τεκμηριώνει παίρνει φράση.');
INSERT INTO prescription (doctor_id, patient_id) VALUES ('2406973031', '0810569466');
INSERT INTO prescribed_products (prescription_id, pharm_prod_id, start_date, end_date, dosage, frequency) VALUES ('88', '71216', '1954-03-12 00:00:00', '1954-04-13 00:00:00', 'Απομόνωση για μιας ας προγραμματιστές. Αρέσει την όταν.
Έστελνε εδώ χαμηλός τα σπίτι μέχρι πάντα. Εργαζόμενοι υόρκη πιο προσλάμβανες φαινόμενο διακόψουμε. Αρχεία μετρήσεις εφαμοργής.', 'Όταν χρησιμοποιώντας το εδώ απλό προσεκτικά προκαλείς.');
INSERT INTO prescription (doctor_id, patient_id) VALUES ('1305442503', '1806851171');
INSERT INTO prescribed_products (prescription_id, pharm_prod_id, start_date, end_date, dosage, frequency) VALUES ('89', '72198', '1968-06-04 00:00:00', '1968-06-19 00:00:00', 'Περιεχόμενα αρέσει αφήσεις άρα. Πόρτες γεύματος αυτήν πάντα αναφέρονται προσθέσει πες. Φαινόμενο διορθώσεις διαχειριστής δύο πρόσληψη συνέχεια.', 'Επί ήδη απλό υόρκη όχι. Σημαντικό σημαντικός σαν.');
INSERT INTO prescription (doctor_id, patient_id) VALUES ('0411980022', '1611791402');
INSERT INTO prescribed_products (prescription_id, pharm_prod_id, start_date, end_date, dosage, frequency) VALUES ('90', '112657', '2010-06-03 00:00:00', '2010-07-10 00:00:00', 'Ερώτηση προσλάμβανες ένας σημαντικός. Προσεκτικά προγραμματιστής εκτελείται έξι τις φακέλους. Εγώ διαφήμιση πετάνε χαμηλός βιβλίο.', 'Χαρτιού μεταγλωτιστής ερωτήσεις παίρνει ελέγχου πακέτων.');
INSERT INTO prescription (doctor_id, patient_id) VALUES ('0206637500', '1506208029');
INSERT INTO prescribed_products (prescription_id, pharm_prod_id, start_date, end_date, dosage, frequency) VALUES ('91', '119215', '1970-05-14 00:00:00', '1970-06-24 00:00:00', 'Παραπάνω μεταγλωτίσει σου παίξουν ναι μου. Ποια περιμένουν απομόνωση φαινόμενο από βουτήξουν επιδιορθώσεις.
Κώδικάς πες δε επιδιόρθωση ξέχασε εκθέσεις. Συνεντεύξεις αγοράζοντας εκτελέσει τα πλέον.', 'Σημαντικός σαν μετρήσεις προσπαθούν το εκτελέσεις θα χάος.');
INSERT INTO prescription (doctor_id, patient_id) VALUES ('1307618841', '1805213226');
INSERT INTO prescribed_products (prescription_id, pharm_prod_id, start_date, end_date, dosage, frequency) VALUES ('92', '87867', '2017-08-03 00:00:00', '2017-09-14 00:00:00', 'Έστελνε μέγιστη προσλάμβανες διάβασε εργασίας. Πιο και και ελέγχου κάνε ποσοστό. Δούλευε σκεφτείς είχαμε ως γέλασαν στις κώδικα.', 'Αναγκάζονται δεν στη χαρακτηριστικό μεταφραστής τρέξει διορθώσει εργοστασίου.');
INSERT INTO prescription (doctor_id, patient_id) VALUES ('0303531282', '1507138423');
INSERT INTO prescribed_products (prescription_id, pharm_prod_id, start_date, end_date, dosage, frequency) VALUES ('93', '154428', '1985-05-04 00:00:00', '1985-06-07 00:00:00', 'Χαμηλός κρατήσουν κόψεις αποφάσισε. Τι για συνεχώς μερικούς.
Τρόποι γιαυτό εκδόσεις αυτήν εδώ τι.
Προσπαθούν όταν παραδοτέου προβληματική. Ένας γραφικά κάνε τέλειοι.', 'Τύπους παραδοτέου μεταφραστής τη χρονοδιαγράμματος.');
INSERT INTO prescription (doctor_id, patient_id) VALUES ('1210671054', '0209654512');
INSERT INTO prescribed_products (prescription_id, pharm_prod_id, start_date, end_date, dosage, frequency) VALUES ('94', '109037', '1965-12-18 00:00:00', '1966-01-29 00:00:00', 'Κάνε εξοργιστικά κανόνα στη όταν χάος επιδιόρθωση.
Αρχεία δούλευε απαράδεκτη κάτι εταιρείες με σίγουρος συγγραφής. Διάβασε ότι συνεχώς άπειρα γιαυτό γεύματος παίρνουν συνεντεύξεις.', 'Αλγόριθμου μου μια νέου σημεία.');
INSERT INTO prescription (doctor_id, patient_id) VALUES ('1210608936', '1604088752');
INSERT INTO prescribed_products (prescription_id, pharm_prod_id, start_date, end_date, dosage, frequency) VALUES ('95', '78264', '2019-03-17 00:00:00', '2019-04-18 00:00:00', 'Εξακολουθεί νέου μεταγλωτίσει θέλεις ροή ρουτίνα. Γνωρίζουμε απομόνωση δίνοντας μέγιστη δύο υπηρεσία.', 'Ο των δύο ύψος επιδιορθώσεις βουτήξουν.');
INSERT INTO prescription (doctor_id, patient_id) VALUES ('1102752591', '3108731582');
INSERT INTO prescribed_products (prescription_id, pharm_prod_id, start_date, end_date, dosage, frequency) VALUES ('96', '66436', '1977-01-02 00:00:00', '1977-02-10 00:00:00', 'Χρόνου τον συνάδελφος. Άλγεβρα χρειάζονται έξι έρθει πες και.
Ήδη μερικούς απίστευτα πρώτο ρουτίνα. Των σας εργασίας αναφέρονται επί μας. Εγώ ευκολότερο που προσεκτικά.
Εργαζόμενων και ανά βάζοντας.', 'Από διακόψουμε σχεδιαστής χαρακτηριστικό κανείς ένας.');
INSERT INTO prescription (doctor_id, patient_id) VALUES ('1807676900', '0902165994');
INSERT INTO prescribed_products (prescription_id, pharm_prod_id, start_date, end_date, dosage, frequency) VALUES ('97', '45725', '1943-02-11 00:00:00', '1943-03-20 00:00:00', 'Ο καλύτερο πολύ πλέον διορθώσεις. Εκτελείται τις φακέλους προκύπτουν νέα.
Με ένας στη εικόνες μας. Προσπαθήσεις τα με ανά. Χώρου ρουτίνα σπίτι έστειλε.', 'Δωροδοκηθούν διακόψουμε κόλπα.');
INSERT INTO prescription (doctor_id, patient_id) VALUES ('2406973031', '2511754810');
INSERT INTO prescribed_products (prescription_id, pharm_prod_id, start_date, end_date, dosage, frequency) VALUES ('98', '120987', '2023-07-30 00:00:00', '2023-09-08 00:00:00', 'Πάντα διαχειριστής μιας διοικητικό πως ήδη. Μου ανταγωνιστής τους έστελνε.
Ανά στραβά εντολές αλγόριθμου μηχανής ένας πλέον θέματα. Εκτός μας παίρνει δε. Γεγονός εφαρμογής χρησιμοποιούνταν τη.', 'Στραβά κρατήσουν μέσης βαθμό διασφαλίζεται χρησιμοποιώντας επενδυτής.');
INSERT INTO prescription (doctor_id, patient_id) VALUES ('2502654079', '1402836425');
INSERT INTO prescribed_products (prescription_id, pharm_prod_id, start_date, end_date, dosage, frequency) VALUES ('99', '55537', '2009-12-27 00:00:00', '2010-02-17 00:00:00', 'Στο πως ύψος προσλάμβανες μετρήσεις εξαρτάται. Εκδόσεις που ωραίο εκείνου εργαζόμενοι αρέσει. Ορίστε βασανίζουν παίξουν νέων άρα ανταγωνιστής χαρακτηριστικών για.
Μερικούς τις αρχεία μέχρι.', 'Χρονοδιαγράμματα κώδικάς επενδυτής. Αν εξακολουθεί με.');
INSERT INTO prescription (doctor_id, patient_id) VALUES ('1007472193', '1806851171');
INSERT INTO prescribed_products (prescription_id, pharm_prod_id, start_date, end_date, dosage, frequency) VALUES ('100', '132150', '2020-10-28 00:00:00', '2020-10-30 00:00:00', 'Κανένας τύπου πες λαμβάνουν. Νιρβάνα αποκλειστικούς σημαντικός σε. Ένα όχι αρχεία κάτι γιαυτό υπηρεσία απίστευτα.', 'Μάθε συγγραφής τη τον καλύτερο διάβασε εδώ. Να επιδιόρθωση διαπιστώνεις τους.');
INSERT INTO prescription (doctor_id, patient_id) VALUES ('0611462338', '1806851171');
INSERT INTO prescribed_products (prescription_id, pharm_prod_id, start_date, end_date, dosage, frequency) VALUES ('101', '100773', '1958-08-21 00:00:00', '1958-10-03 00:00:00', 'Τις το γεύματος μιας ότι θα διευθυντές τύπους. Σωστά στις βάζοντας συνάδελφος πλέον.', 'Νέων γραμμή τι και προσπαθούν τη αν έτοιμος. Ερώτηση ένα ναι.');
INSERT INTO prescription (doctor_id, patient_id) VALUES ('2304595248', '2511754810');
INSERT INTO prescribed_products (prescription_id, pharm_prod_id, start_date, end_date, dosage, frequency) VALUES ('102', '115975', '1986-11-21 00:00:00', '1986-12-29 00:00:00', 'Χρησιμοποιώντας υόρκη διακόψουμε εταιρείες των αν υόρκη ευκολότερο. Και ρωτάει αποκλειστικούς προγραμματιστής ανεπιθύμητη ένα. Ύψος εκτός νιρβάνα. Γραμμής απόλαυσε εκτελέσει έρθει επιδιόρθωση.', 'Μια απλό κοιτάζοντας δημιουργείς εγώ ήδη. Στέλνοντάς δοκιμάσεις παίξουν.');
INSERT INTO prescription (doctor_id, patient_id) VALUES ('2707864104', '2306479600');
INSERT INTO prescribed_products (prescription_id, pharm_prod_id, start_date, end_date, dosage, frequency) VALUES ('103', '11505', '1963-06-22 00:00:00', '1963-07-23 00:00:00', 'Της ότι μετράει περιβάλλον προϊόντα. Διορθώσεις τους σημεία για μη άρθρων. Ποσοστό όσο προκύπτουν πάρα κρατήσουν εφαρμογής στις.', 'Θυμάμαι σταματάς προϊόντα επιστρέφουν εφαρμογή πες βιαστικά.');
INSERT INTO prescription (doctor_id, patient_id) VALUES ('2206803094', '1707168511');
INSERT INTO prescribed_products (prescription_id, pharm_prod_id, start_date, end_date, dosage, frequency) VALUES ('104', '30022', '1985-02-15 00:00:00', '1985-03-28 00:00:00', 'Υψηλότερη το διαπιστώνεις. Ανά υόρκη ώρα μια γραμμή τι διάσημα.', 'Σε και ρωτάει προϊόντα. Άρα πάρεις αναφορά ας.');
INSERT INTO prescription (doctor_id, patient_id) VALUES ('0602879802', '3004880014');
INSERT INTO prescribed_products (prescription_id, pharm_prod_id, start_date, end_date, dosage, frequency) VALUES ('105', '53366', '1981-12-12 00:00:00', '1982-01-30 00:00:00', 'Βάζοντας όσο χαρακτηριστικών διευθυντές υόρκη πήρε αφήσεις συγχρόνως. Ήδη πρώτης εικόνες του ζητήσεις. Είχαμε αναγκάζονται εδώ χρησιμοποιούνταν επιστρέφουν αναγκάζονται υόρκη μια.', 'Στο της μπουν πόρτες τύπους πάρεις των απαραίτητο. Για χρόνου μερικούς.');
INSERT INTO prescription (doctor_id, patient_id) VALUES ('1102752591', '2108613024');
INSERT INTO prescribed_products (prescription_id, pharm_prod_id, start_date, end_date, dosage, frequency) VALUES ('106', '118326', '1999-08-07 00:00:00', '1999-09-10 00:00:00', 'Προσπαθούν λιγότερο υόρκη από όταν έτσι γνωρίζουμε. Χρησιμοποιούνταν πρώτοι διακοπή. Εργαλείων αν απλό θυμάμαι παράδειγμα.', 'Σε δίνοντας πηγαίου κόλπα. Διευθυντές χρησιμοποιώντας βγήκε πρόσληψη.');
INSERT INTO prescription (doctor_id, patient_id) VALUES ('1107638937', '0710669025');
INSERT INTO prescribed_products (prescription_id, pharm_prod_id, start_date, end_date, dosage, frequency) VALUES ('107', '21395', '2024-04-08 00:00:00', '2024-05-15 00:00:00', 'Διάσημα εγώ ναι απαραίτητο χάος. Καταλάθος μάλλον πολύ δημιουργήσεις αποφάσισε κάτι ζητήσεις γραμμή. Συνεχώς έχω προσθέσει πάντα ένα για.', 'Διολισθήσεις μα εργαλείων αρχεία κοιτάζοντας.');
INSERT INTO prescription (doctor_id, patient_id) VALUES ('0903695053', '0201025887');
INSERT INTO prescribed_products (prescription_id, pharm_prod_id, start_date, end_date, dosage, frequency) VALUES ('108', '110595', '1958-07-03 00:00:00', '1958-08-03 00:00:00', 'Στέλνοντάς έχω καλύτερο συγχρόνως χρονοδιαγράμματος από προγραμματιστής καταλάθος. Μην απομόνωση χάος σας. Εφαρμογή χρόνου όταν έστειλε συνεντεύξεις θα χρειάζονται.', 'Στη την που τις. Περιβάλλον υπηρεσία πηγαίου χαρτιού μάλλον αναφέρονται μέχρι.');
INSERT INTO prescription (doctor_id, patient_id) VALUES ('1101823701', '0703642164');
INSERT INTO prescribed_products (prescription_id, pharm_prod_id, start_date, end_date, dosage, frequency) VALUES ('109', '102236', '1964-09-06 00:00:00', '1964-10-25 00:00:00', 'Διαχειριστής παραπάνω απαραίτητο τα. Έτσι λες αρχεία ποσοστό.
Γεύματος μη βιβλίο επιδιόρθωση ανά φίλος εικόνες. Ας περιβάλλον διαφήμιση σχεδιαστής. Πάρα μια γειτονιάς χάος μιας μεταφραστής.', 'Ειδικά τις ένας μάλλον. Προσοχή πρόσληψη αντιλήφθηκαν τύπου ειδικά.');
INSERT INTO prescription (doctor_id, patient_id) VALUES ('1104742723', '1011481803');
INSERT INTO prescribed_products (prescription_id, pharm_prod_id, start_date, end_date, dosage, frequency) VALUES ('110', '130479', '1940-10-05 00:00:00', '1940-11-28 00:00:00', 'Περιεχόμενα οι συνέχεια δημιουργείς ένας. Πιο εταιρείες αναφορά. Πες εξαρτάται τύπου διακόψουμε.
Δημιουργείς διάσημα της ένα είχαμε διολισθήσεις. Μην έξι σας περισσότερες ας.', 'Στήλες δύο παραγωγικής σου βασανίζουν.');
INSERT INTO prescription (doctor_id, patient_id) VALUES ('1904466405', '0805830286');
INSERT INTO prescribed_products (prescription_id, pharm_prod_id, start_date, end_date, dosage, frequency) VALUES ('111', '64803', '1954-12-13 00:00:00', '1955-01-14 00:00:00', 'Δε βιαστικά βουτήξουν βασανίζουν φαινόμενο πάντως μέσης. Περιεχόμενα επί ένας αλγόριθμου γνωστή. Ερώτηση σχεδιαστής άλγεβρα σπίτι.', 'Τον ποια σαν πιο πετούν επιδιορθώσεις λιγότερο θα.');
INSERT INTO prescription (doctor_id, patient_id) VALUES ('1403910610', '1310165448');
INSERT INTO prescribed_products (prescription_id, pharm_prod_id, start_date, end_date, dosage, frequency) VALUES ('112', '114277', '1980-06-18 00:00:00', '1980-07-27 00:00:00', 'Δουλεύει χαρακτηριστικό τρόποι διασφαλίζεται. Αλγόριθμου πακέτων πάρεις. Ευκολότερο μπορούσες ποια έξι ίδιο.', 'Όσο περιμένουν γνωστή δοκιμάσεις χρησιμοποιούσες δύο που ανά.');
INSERT INTO prescription (doctor_id, patient_id) VALUES ('1101823701', '0304894372');
INSERT INTO prescribed_products (prescription_id, pharm_prod_id, start_date, end_date, dosage, frequency) VALUES ('113', '117883', '2011-09-15 00:00:00', '2011-11-01 00:00:00', 'Έστειλε σημεία κάτι ναι. Γράψει διάσημα απαράδεκτη αυτήν ανεπιθύμητη του.
Στη στη σε στραβά μας πετάνε. Πιο εγώ επιδιόρθωση μετράει κώδικάς δημιουργήσεις.', 'Ήδη άρθρων στα κάνε ότι έξι κάτι. Ήδη ήδη σημαντικό.');
INSERT INTO prescription (doctor_id, patient_id) VALUES ('2707864104', '0704605170');
INSERT INTO prescribed_products (prescription_id, pharm_prod_id, start_date, end_date, dosage, frequency) VALUES ('114', '101321', '2007-03-21 00:00:00', '2007-05-07 00:00:00', 'Εγώ μάτσο βάζοντας σας έχω. Χάος των που εκτελέσεις.', 'Να ατόμου επιχείριση το. Επί ότι με ήδη δημιουργήσεις μεταφραστής.');
INSERT INTO prescription (doctor_id, patient_id) VALUES ('0411980022', '1805213226');
INSERT INTO prescribed_products (prescription_id, pharm_prod_id, start_date, end_date, dosage, frequency) VALUES ('115', '334', '1996-07-26 00:00:00', '1996-09-03 00:00:00', 'Ναι άρα μέχρι προσεκτικά μα υψηλότερη μάθε. Εκείνου γεύματος θυμάμαι σε στα άτομο. Ρουτίνα από μεταφραστής προκαλείς περισσότερες ζητήσεις ωραίο.', 'Αρχεία απαρατήρητο πλέον εδώ υόρκη επεξεργασία.');
INSERT INTO prescription (doctor_id, patient_id) VALUES ('2107936328', '0802110745');
INSERT INTO prescribed_products (prescription_id, pharm_prod_id, start_date, end_date, dosage, frequency) VALUES ('116', '13766', '1979-01-05 00:00:00', '1979-01-17 00:00:00', 'Συνηθίζουν ήδη τις εφαρμογής. Πάντα απόλαυσε του τοπικές αγοράζοντας της. Πως λοιπόν διάβασε που σπίτι για.', 'Μεταγλωτίσει σαν ως εφαρμογής πάντως επιδιορθώσεις περιεχόμενα.');
INSERT INTO prescription (doctor_id, patient_id) VALUES ('2004702238', '0204185008');
INSERT INTO prescribed_products (prescription_id, pharm_prod_id, start_date, end_date, dosage, frequency) VALUES ('117', '50229', '1949-08-24 00:00:00', '1949-09-08 00:00:00', 'Επιδιόρθωση την σε πάρα εγώ. Εξοργιστικά νέων οι κάνεις ίδιο μιας.
Ήδη φαινόμενο δυστυχής ποια σπίτι έγραψες αντιλήφθηκαν. Στη αγοράζοντας λαμβάνουν ποια πιο παραπάνω.', 'Παίρνει δίνοντας γνωστή μην εκτός επί ερωτήσεις.');
INSERT INTO prescription (doctor_id, patient_id) VALUES ('1608881787', '0511685210');
INSERT INTO prescribed_products (prescription_id, pharm_prod_id, start_date, end_date, dosage, frequency) VALUES ('118', '100802', '1960-04-05 00:00:00', '1960-04-21 00:00:00', 'Πιο έξι δίνοντας ειδικά βγήκε περιμένουν. Του κάνε μην τοπικές παίρνει. Χαρτιού θέλεις σου επιχείριση αρχεία χαρακτηριστικό. Ναι γειτονιάς πλέον εκτελέσει επιδιορθώσεις.', 'Να διακόψουμε άτομο κι εκείνου τρόποι μεταγλωτίσει.');
INSERT INTO prescription (doctor_id, patient_id) VALUES ('0903695053', '1408913717');
INSERT INTO prescribed_products (prescription_id, pharm_prod_id, start_date, end_date, dosage, frequency) VALUES ('119', '53881', '2006-07-12 00:00:00', '2006-08-28 00:00:00', 'Εργοστασίου φράση δεν έτοιμος συγχρόνως βαθμό προγραμματιστής. Διολισθήσεις περιβάλλοντος φακέλους εκτός μαγικά καλύτερο.', 'Παίξουν όταν λέει από αναφορά πακέτων δεν.');
INSERT INTO prescription (doctor_id, patient_id) VALUES ('1611592474', '2206678855');
INSERT INTO prescribed_products (prescription_id, pharm_prod_id, start_date, end_date, dosage, frequency) VALUES ('120', '94625', '2016-10-29 00:00:00', '2016-12-10 00:00:00', 'Περισσότερες όσο ιδιαίτερα δωροδοκηθούν εκτός παίξουν. Στις όταν παραπάνω χρειάζονται διάβασε.', 'Ήδη άλγεβρα διαφήμιση ίδιο λίγο πακέτων άρα.');
INSERT INTO prescription (doctor_id, patient_id) VALUES ('2811728295', '1204419980');
INSERT INTO prescribed_products (prescription_id, pharm_prod_id, start_date, end_date, dosage, frequency) VALUES ('121', '161467', '2018-03-07 00:00:00', '2018-03-30 00:00:00', 'Ανά μέχρι υψηλότερη δημιουργείς ξέχασε χάος λετπά των. Υποψήφιο παίξουν τις επιδιόρθωση μέσης. Γέλασαν παραπάνω όσο σωστά έξι εκτός.', 'Πρώτης έχω απίστευτα στη χάος. Σας νέο πρώτοι κι. Εδώ τρόποι εφαρμογής.');
INSERT INTO prescription (doctor_id, patient_id) VALUES ('1806762549', '0710669025');
INSERT INTO prescribed_products (prescription_id, pharm_prod_id, start_date, end_date, dosage, frequency) VALUES ('122', '27361', '1961-03-24 00:00:00', '1961-04-24 00:00:00', 'Μεταφραστής αυτός κοιτάζοντας όσο όσο. Της ιδιαίτερα εγώ σημεία συγγραφείς.', 'Πιο προγραμματιστές πήρε αντιλήφθηκαν άρα γεγονός τις. Μέσης ήδη τα σωστά.');
INSERT INTO prescription (doctor_id, patient_id) VALUES ('0308718729', '1806851171');
INSERT INTO prescribed_products (prescription_id, pharm_prod_id, start_date, end_date, dosage, frequency) VALUES ('123', '27989', '1945-11-12 00:00:00', '1945-12-18 00:00:00', 'Πάρα νέου έχω άλγεβρα. Περιεχόμενα δεδομένων έτσι.', 'Το και όταν κανένας. Κανείς πάντως τον μηχανής ερωτήσεις.');
INSERT INTO prescription (doctor_id, patient_id) VALUES ('2301681047', '0909587307');
INSERT INTO prescribed_products (prescription_id, pharm_prod_id, start_date, end_date, dosage, frequency) VALUES ('124', '55724', '1971-03-15 00:00:00', '1971-05-05 00:00:00', 'Δημιουργια παραδώσεις δυστυχώς επιδιόρθωση. Επί απαράδεκτη έτσι όταν σας δεδομένων και τα. Μια δεν έτσι τα παραγωγικής διακόψουμε μη.', 'Σημεία εργάστηκε στη σε χρονοδιαγράμματα χαρακτηριστικών πως εδώ.');
INSERT INTO prescription (doctor_id, patient_id) VALUES ('2510927096', '1508992217');
INSERT INTO prescribed_products (prescription_id, pharm_prod_id, start_date, end_date, dosage, frequency) VALUES ('125', '146004', '1950-01-02 00:00:00', '1950-02-10 00:00:00', 'Βγήκε τρόποι για ήδη ο διαπιστώνεις. Δημιουργήσεις λιγότερο για υόρκη άλγεβρα. Έλεγχος είχαμε συγχρόνως προγραμματιστής εφαμοργής. Όσο αγοράζοντας όχι αντιλήφθηκαν πάντως μέρος απλό.', 'Σημεία όσο βάζοντας αυτός. Θυμάμαι σου τρόποι κλπ ανεπιθύμητη εκτός.');
INSERT INTO prescription (doctor_id, patient_id) VALUES ('0610661297', '1001045340');
INSERT INTO prescribed_products (prescription_id, pharm_prod_id, start_date, end_date, dosage, frequency) VALUES ('126', '8711', '1942-05-26 00:00:00', '1942-07-25 00:00:00', 'Υόρκη διολισθήσεις όταν χρονοδιαγράμματα τα. Πιο αν βιβλίο δοκιμάσεις δεδομένων επενδυτής τα.
Αντιλήφθηκαν γεύματος την μιας αποδείξεις σχεδιαστής. Εργαλείων βιβλίο ποια πολύ τους.', 'Τη ότι προσεκτικά με όταν. Εκείνου εδώ συνάδελφος μα.');
INSERT INTO prescription (doctor_id, patient_id) VALUES ('1611592474', '2505528717');
INSERT INTO prescribed_products (prescription_id, pharm_prod_id, start_date, end_date, dosage, frequency) VALUES ('127', '100777', '1986-12-07 00:00:00', '1987-01-03 00:00:00', 'Ερώτηση με μας. Βαθμό στέλνοντάς πολύ εργαλείων σημαντικός στα. Απαρατήρητο ανά επιστρέφουν αγοράζοντας νέων κρατήσουν στα πως.
Του διορθώσει περιβάλλον. Της πετάνε εδώ αυτός ανακλύψεις από.', 'Στραβά μαγικά πες τρόποι μέσης.');
INSERT INTO prescription (doctor_id, patient_id) VALUES ('3005978572', '0806918021');
INSERT INTO prescribed_products (prescription_id, pharm_prod_id, start_date, end_date, dosage, frequency) VALUES ('128', '70599', '1973-09-22 00:00:00', '1973-10-31 00:00:00', 'Ως υποψήφιο διάσημα παράδειγμα δούλευε με. Εικόνες ναι μου καταλάθος να. Νέο γνωρίζουμε τα διακοπής χάος.', 'Αγοράζοντας έτσι συνηθίζουν μερικούς διασφαλίζεται εργάστηκε.');
INSERT INTO prescription (doctor_id, patient_id) VALUES ('2107936328', '2107999850');
INSERT INTO prescribed_products (prescription_id, pharm_prod_id, start_date, end_date, dosage, frequency) VALUES ('129', '50333', '2024-04-20 00:00:00', '2024-05-08 00:00:00', 'Κάνε επενδυτής δουλεύει μη. Ήδη περιβάλλοντος το δουλεύει εφαρμογής πετούν διασφαλίζεται. Υψηλότερη πάντως επί ανακλύψεις προγραμματιστές αποστηθίσει τελειώσει.', 'Βουτήξουν ευκολότερο μηχανής προσπαθούν γνωστή.');
INSERT INTO prescription (doctor_id, patient_id) VALUES ('2707864104', '2109412410');
INSERT INTO prescribed_products (prescription_id, pharm_prod_id, start_date, end_date, dosage, frequency) VALUES ('130', '17405', '2014-02-04 00:00:00', '2014-03-06 00:00:00', 'Ρουτίνα χάος έχω εργαζόμενοι ήδη. Περίπου ως το γραμμής τη περίπου.
Βρίσκονται μα βιβλίο εγώ ερώτηση ίδιο. Τρόποι συγγραφείς θέματα φράση τη ξέχασε εκείνου.', 'Πιο πως μη το μετράει δημιουργείς παράγοντες.');
INSERT INTO prescription (doctor_id, patient_id) VALUES ('1101779403', '2804150485');
INSERT INTO prescribed_products (prescription_id, pharm_prod_id, start_date, end_date, dosage, frequency) VALUES ('131', '142091', '1966-07-19 00:00:00', '1966-08-15 00:00:00', 'Δεν χρησιμοποίησέ είχαμε με. Κόλπα υψηλότερη δοκιμάσεις του ως εδώ υόρκη χρειάζονται.', 'Κοιτάζοντας ναι έχω τις. Υόρκη μην άρα ταξινομεί εταιρείες θέμα γράψει.');
INSERT INTO prescription (doctor_id, patient_id) VALUES ('1608881787', '0204185008');
INSERT INTO prescribed_products (prescription_id, pharm_prod_id, start_date, end_date, dosage, frequency) VALUES ('132', '145623', '1949-09-23 00:00:00', '1949-10-22 00:00:00', 'Είχαμε αλγόριθμου εκτός ταξινομεί αθόρυβες. Κοιτάζοντας εταιρείες θα αγοράζοντας.', 'Από πετούν όσο. Διευθυντές στραβά μου πακέτων τρόποι τις διαφήμιση.');
INSERT INTO prescription (doctor_id, patient_id) VALUES ('1104742723', '2506962018');
INSERT INTO prescribed_products (prescription_id, pharm_prod_id, start_date, end_date, dosage, frequency) VALUES ('133', '52477', '2009-07-08 00:00:00', '2009-07-18 00:00:00', 'Μέχρι υπηρεσία ειδικά μπορούσες έχω. Έτσι μας διάβασε. Αρπάζεις στη ίδιο σε.
Τοπικές βουτήξουν τεκμηριώνει ένας. Μέχρι στις ωραίο ερωτήσεις σαν.', 'Ταξινομεί την γραφικά ερωτήσεις διακοπής μέχρι. Ποια δε πολύ μην ερωτήσεις.');
INSERT INTO prescription (doctor_id, patient_id) VALUES ('0810802797', '2404121699');
INSERT INTO prescribed_products (prescription_id, pharm_prod_id, start_date, end_date, dosage, frequency) VALUES ('134', '24610', '1971-03-10 00:00:00', '1971-04-03 00:00:00', 'Από κειμένων εφαμοργής ιδιαίτερα. Μέχρι με κοιτάζοντας εξακολουθεί τις επιχείριση.', 'Σαν εδώ αποκλειστικούς δύο. Σχεδιαστής εργασίας κόψεις οι γέλασαν ναι.');
INSERT INTO prescription (doctor_id, patient_id) VALUES ('0610661297', '0710669025');
INSERT INTO prescribed_products (prescription_id, pharm_prod_id, start_date, end_date, dosage, frequency) VALUES ('135', '154670', '1964-01-22 00:00:00', '1964-02-02 00:00:00', 'Τα νέων ότι υόρκη. Επιδιορθώσεις δυστυχής δοκιμάσεις ρουτίνα μου εδώ.
Παράγοντες ρωτήσει συνεχώς υψηλότερη. Τα εξαρτάται μέχρι προϊόντα πολύ τους μου.
Καλύτερο προσεκτικά στα δε ότι.', 'Προσλάμβανες υποψήφιο χώρου εκτός εργοστασίου κάτι μην.');
INSERT INTO prescription (doctor_id, patient_id) VALUES ('0611462338', '1803137297');
INSERT INTO prescribed_products (prescription_id, pharm_prod_id, start_date, end_date, dosage, frequency) VALUES ('136', '83487', '1969-07-04 00:00:00', '1969-08-26 00:00:00', 'Διακόψουμε συνέχεια άτομο αφήσεις έτσι νέων δεδομένων. Ρουτίνα παράδειγμα δούλευε βασανίζουν ήδη. Διορθώσει απαραίτητο εκτός θέλεις φίλος.
Βγήκε άρα συγγραφής αν γραμμής γέλασαν των. Ότι ίδιο τη.', 'Αντιλήφθηκαν ωραίο κοιτάζοντας θα της διακοπής. Μαγικά γεγονός ρωτάει σαν άρα.');
INSERT INTO prescription (doctor_id, patient_id) VALUES ('1101823701', '0504209224');
INSERT INTO prescribed_products (prescription_id, pharm_prod_id, start_date, end_date, dosage, frequency) VALUES ('137', '45728', '1997-03-24 00:00:00', '1997-04-08 00:00:00', 'Αθόρυβες σε πόρτες μέχρι πρώτης ποια εργοστασίου χαρακτηριστικών. Ξέχασε ήδη πάντως φίλος όσο έτσι κόλπα.', 'Βιβλίο κάνε χώρου έτσι επιχείριση ζητήσεις απίστευτα ανεπιθύμητη.');
INSERT INTO prescription (doctor_id, patient_id) VALUES ('1701787998', '0811538177');
INSERT INTO prescribed_products (prescription_id, pharm_prod_id, start_date, end_date, dosage, frequency) VALUES ('138', '112236', '1960-07-02 00:00:00', '1960-08-13 00:00:00', 'Φαινόμενο με απαραίτητο δείξει γραμμή προϊόντα ιδιαίτερα αποστηθίσει.
Δύο χαρακτηριστικό επί πάντως. Αποθηκευτικού μην έτσι μα ο έτοιμος.', 'Εξακολουθεί βασανίζουν καλύτερο όταν δεδομένων.');
INSERT INTO prescription (doctor_id, patient_id) VALUES ('1107638937', '1507138423');
INSERT INTO prescribed_products (prescription_id, pharm_prod_id, start_date, end_date, dosage, frequency) VALUES ('139', '144850', '1984-03-28 00:00:00', '1984-04-21 00:00:00', 'Χειρότερα επιδιόρθωση ανά κανένας όχι εργαζόμενοι. Εντολές εκτός θα διασφαλίζεται. Πετούν χρονοδιαγράμματα κύκλο λοιπόν νόμιζες περισσότερες πρώτοι.', 'Από εκτός πετάνε σαν δεν να τρέξει. Πες επιδιορθώσεις ποια στήλες δύο ήδη.');
INSERT INTO prescription (doctor_id, patient_id) VALUES ('2204653007', '2408038543');
INSERT INTO prescribed_products (prescription_id, pharm_prod_id, start_date, end_date, dosage, frequency) VALUES ('140', '62405', '2023-12-23 00:00:00', '2024-02-18 00:00:00', 'Πολύ έξι μεταγλωτίσει ας μεταγλωτιστής μάθε όταν διευθυντές. Γειτονιάς σημεία ωραίο.
Φακέλους δε τρέξει πάντως. Προσθέσει μη τον να κόψεις σπίτι επί.
Νιρβάνα χρόνου μέρος μέρος. Των σχεδιαστής αν κι.', 'Ήδη πως καλύτερο έτοιμος.');
INSERT INTO prescription (doctor_id, patient_id) VALUES ('0803989228', '0106247360');
INSERT INTO prescribed_products (prescription_id, pharm_prod_id, start_date, end_date, dosage, frequency) VALUES ('141', '136289', '1964-02-10 00:00:00', '1964-03-04 00:00:00', 'Δούλευε υποψήφιο στο παίρνει. Χρησιμοποιούνταν όχι νέων πηγαίου όχι πρώτο ότι. Αν εκτός παράγοντες δεν δεν έξι λίγο.', 'Που τα πακέτων θέματα με περίπου. Απαρατήρητο εκτελέσεις μπορούσες.');
INSERT INTO prescription (doctor_id, patient_id) VALUES ('1403472446', '1009932361');
INSERT INTO prescribed_products (prescription_id, pharm_prod_id, start_date, end_date, dosage, frequency) VALUES ('142', '67734', '2006-11-25 00:00:00', '2007-01-16 00:00:00', 'Ότι πλέον φακέλους μάλλον.', 'Ύψος θα ξέχασε συγγραφείς γειτονιάς.');
INSERT INTO prescription (doctor_id, patient_id) VALUES ('1004748289', '2207566495');
INSERT INTO prescribed_products (prescription_id, pharm_prod_id, start_date, end_date, dosage, frequency) VALUES ('143', '37704', '1948-09-18 00:00:00', '1948-11-14 00:00:00', 'Άρθρων πρώτης επεξεργασία διαπιστώνεις δουλεύει του χρονοδιαγράμματος. Προσεκτικά εκτός πάρεις δεν πετάνε λετπά θα.', 'Σκεφτείς μέχρι ήδη μάλλον μην όταν μπουν.');
INSERT INTO prescription (doctor_id, patient_id) VALUES ('1104742723', '2806137947');
INSERT INTO prescribed_products (prescription_id, pharm_prod_id, start_date, end_date, dosage, frequency) VALUES ('144', '53415', '1990-01-29 00:00:00', '1990-03-14 00:00:00', 'Ίδιο ποια αντιλήφθηκαν πες.
Ότι πετάξαμε δεδομένων. Επί ανεπιθύμητη χαρτιού της δουλεύει πιο. Πετάνε κάνε ήδη ήδη πετούν μη πως λοιπόν.', 'Μας περίπου αν μετρήσεις τις γιαυτό. Νέο ένα διορθώσει της που όχι.');
INSERT INTO prescription (doctor_id, patient_id) VALUES ('0909662577', '0710669025');
INSERT INTO prescribed_products (prescription_id, pharm_prod_id, start_date, end_date, dosage, frequency) VALUES ('145', '148767', '2005-10-27 00:00:00', '2005-12-14 00:00:00', 'Ακούσει εικόνες λαμβάνουν κι εφαρμογή. Σας νόμιζες όχι ποια μεταγλωτιστής. Κάτι σκεφτείς το έχω.
Αυτός τα προσοχή έτσι αποφάσισε.', 'Έχω πετάξαμε παίρνει στο δεδομένων εκτός.');
INSERT INTO prescription (doctor_id, patient_id) VALUES ('2403567012', '1804784743');
INSERT INTO prescribed_products (prescription_id, pharm_prod_id, start_date, end_date, dosage, frequency) VALUES ('146', '90845', '1984-02-01 00:00:00', '1984-02-18 00:00:00', 'Ρουτίνα και σχεδιαστής ρωτήσει πρώτης. Σημαντικό γραμμές μιας κόψεις. Συνάδελφος μεταφραστής αν απαραίτητο λέει.
Γράψει μάλλον ημέρα εδώ. Απίστευτα και εκτός. Διακοπή μηχανής έτοιμος παίξουν.', 'Παραγωγικής εγώ τη μεταφραστής ο μου προσπαθούν.');
INSERT INTO prescription (doctor_id, patient_id) VALUES ('2301681047', '1804784743');
INSERT INTO prescribed_products (prescription_id, pharm_prod_id, start_date, end_date, dosage, frequency) VALUES ('147', '79769', '1987-11-07 00:00:00', '1987-11-15 00:00:00', 'Συγγραφής ως πολύ εντολές λες. Δημιουργείς αναγκάζονται μας κλπ πάντα βγήκε εκτός.', 'Έτσι ώρα αυτήν όσο επί όταν χρονοδιαγράμματα.');
INSERT INTO prescription (doctor_id, patient_id) VALUES ('0811685025', '1803137297');
INSERT INTO prescribed_products (prescription_id, pharm_prod_id, start_date, end_date, dosage, frequency) VALUES ('148', '149638', '2003-04-01 00:00:00', '2003-04-23 00:00:00', 'Κάτι συνέχεια σωστά επιχείριση βγήκε κάνεις. Αποστηθίσει κώδικάς μεταγλωτίσει ημέρα άπειρα εξαρτάται.', 'Βγήκε που βγήκε ανταγωνιστής χρόνου καλύτερο δουλεύει.');
INSERT INTO prescription (doctor_id, patient_id) VALUES ('0303531282', '2102001772');
INSERT INTO prescribed_products (prescription_id, pharm_prod_id, start_date, end_date, dosage, frequency) VALUES ('149', '77990', '1952-09-25 00:00:00', '1952-10-18 00:00:00', 'Ήδη στη τους παραπάνω διαχειριστής. Πολύ δυστυχώς κρατήσουν εργοστασίου διορθώσεις περισσότερη. Αν κι τα πρώτο πρόσληψη.', 'Ένα περιβάλλον έρθει που κύκλο μπουν αν.');
INSERT INTO prescription (doctor_id, patient_id) VALUES ('1210671054', '0704605170');
INSERT INTO prescribed_products (prescription_id, pharm_prod_id, start_date, end_date, dosage, frequency) VALUES ('150', '83836', '2015-07-06 00:00:00', '2015-07-28 00:00:00', 'Άρα επιδιορθώσεις παράδειγμα εφαμοργής προϊόντα κειμένων. Πακέτων χρησιμοποιώντας μας πολύ ανακλύψεις των.
Κοιτάζοντας στις πες και από.', 'Ιδιαίτερα μα ο δείξει κειμένων. Κρατήσουν ναι μας άτομο μη.');
INSERT INTO prescription (doctor_id, patient_id) VALUES ('1104529817', '0312161046');
INSERT INTO prescribed_products (prescription_id, pharm_prod_id, start_date, end_date, dosage, frequency) VALUES ('151', '156384', '1945-09-20 00:00:00', '1945-10-01 00:00:00', 'Χρησιμοποίησέ ένας πρώτοι παίρνει. Κανόνα των λαμβάνουν μην σταματάς μάθε.
Ως διακοπή προσπαθούν με σημεία. Ποσοστό εκτός προκύπτουν ρωτήσει. Πρώτο βάζοντας σημαντικός σου και χώρου έρθει λοιπόν.', 'Έχω δωροδοκηθούν όταν πάντα μαγικά εκθέσεις.');
INSERT INTO prescription (doctor_id, patient_id) VALUES ('2203633666', '2512871374');
INSERT INTO prescribed_products (prescription_id, pharm_prod_id, start_date, end_date, dosage, frequency) VALUES ('152', '38426', '2014-04-30 00:00:00', '2014-05-22 00:00:00', 'Τον φράση βρίσκονται προκύπτουν συγγραφείς διολισθήσεις αγοράζοντας. Γραμμή μέχρι που τα φράση. Πρώτης λαμβάνουν χρόνου μας. Φίλος μέχρι διασφαλίζεται.', 'Γράψει ροή επιστρέφουν τύπους το ποια απαραίτητο εσωτερικών.');
INSERT INTO prescription (doctor_id, patient_id) VALUES ('2004702238', '1506632784');
INSERT INTO prescribed_products (prescription_id, pharm_prod_id, start_date, end_date, dosage, frequency) VALUES ('153', '14703', '1993-11-30 00:00:00', '1994-01-01 00:00:00', 'Μετράει αποστηθίσει πλέον ήδη εργαζόμενων. Ότι των κλπ τα εξακολουθεί εργαζόμενων δεν. Υπηρεσία κάτι και πολύ εκθέσεις σπίτι δείξει.', 'Σταματάς έγραψες ήδη μέχρι μη. Παίξουν απαράδεκτη μα.');
INSERT INTO prescription (doctor_id, patient_id) VALUES ('0803576389', '2512771390');
INSERT INTO prescribed_products (prescription_id, pharm_prod_id, start_date, end_date, dosage, frequency) VALUES ('154', '140177', '2014-04-05 00:00:00', '2014-05-30 00:00:00', 'Τύπου πρόσληψη εκτελέσει της πιο εκείνου. Βασανίζουν παραπάνω επενδυτής μεταγλωτιστής. Χρησιμοποιώντας ας για αν τρόπο.
Παραδώσεις πετάνε ώρα απίστευτα.', 'Στραβά ζητήσεις να αν τις πλέον υπηρεσία λέει.');
INSERT INTO prescription (doctor_id, patient_id) VALUES ('2003754733', '2612578080');
INSERT INTO prescribed_products (prescription_id, pharm_prod_id, start_date, end_date, dosage, frequency) VALUES ('155', '64420', '1963-09-22 00:00:00', '1963-10-31 00:00:00', 'Συγκεντρωμένοι τα άτομο μιας περιμένουν πάρεις. Γνωστή τον διαπιστώνεις ιδιαίτερα ήδη πάντως που. Απαρατήρητο δείξει προγραμματιστής αναγκάζονται συνέχεια αναφέρονται ρουτίνα.', 'Κι συγγραφείς εγώ. Εικόνες ήδη αρπάζεις εφαρμογή.');
INSERT INTO prescription (doctor_id, patient_id) VALUES ('1403472446', '0510787029');
INSERT INTO prescribed_products (prescription_id, pharm_prod_id, start_date, end_date, dosage, frequency) VALUES ('156', '17493', '1991-03-24 00:00:00', '1991-03-25 00:00:00', 'Διευθυντές αποφάσισε φαινόμενο. Σωστά εξακολουθεί κοιτάζοντας εξοργιστικά.
Θέλεις έστελνε τέλειοι από σαν γνωρίζουμε. Κόλπα αγοράζοντας ένας εκτελείται προβληματική μέγιστη.', 'Εντολές τρέξει απομόνωση προκύπτουν επί φίλος από. Ήδη κρατάει πες εργασίας.');
INSERT INTO prescription (doctor_id, patient_id) VALUES ('0109876222', '1203247506');
INSERT INTO prescribed_products (prescription_id, pharm_prod_id, start_date, end_date, dosage, frequency) VALUES ('157', '29076', '1985-03-07 00:00:00', '1985-05-04 00:00:00', 'Πετάξαμε γέλασαν πως όταν βάζοντας. Αντιλήφθηκαν τις θέματα όταν εργασίας.', 'Πρώτης προκύπτουν δουλεύει απλό. Ένα δε προσλάμβανες εργαζόμενων.');
INSERT INTO prescription (doctor_id, patient_id) VALUES ('2107936328', '1205936087');
INSERT INTO prescribed_products (prescription_id, pharm_prod_id, start_date, end_date, dosage, frequency) VALUES ('158', '147014', '1940-12-13 00:00:00', '1941-01-07 00:00:00', 'Κύκλο ένα περίπου απόλαυσε.
Ως δύο εδώ τη. Σας συγγραφείς κανείς ότι.
Δημιουργια νέα δεν περιβάλλον.', 'Ειδικά βιαστικά δεν διασφαλίζεται χρειάζονται παράδειγμα.');
INSERT INTO prescription (doctor_id, patient_id) VALUES ('1102752591', '0303932949');
INSERT INTO prescribed_products (prescription_id, pharm_prod_id, start_date, end_date, dosage, frequency) VALUES ('159', '152954', '2010-06-18 00:00:00', '2010-07-02 00:00:00', 'Όταν και δύο τοπικές παράδειγμα. Μα τελειώσει χρονοδιαγράμματα αν πρώτης. Χρειάζονται πλέον άπειρα διευθυντές άρα που βιαστικά.', 'Πρώτοι δημιουργείς ιδιαίτερα σου της εφαμοργής έξι.');
INSERT INTO prescription (doctor_id, patient_id) VALUES ('1403472446', '1303000288');
INSERT INTO prescribed_products (prescription_id, pharm_prod_id, start_date, end_date, dosage, frequency) VALUES ('160', '102704', '1978-09-17 00:00:00', '1978-11-16 00:00:00', 'Πήρε οι ότι όχι διαδίκτυο των είχαμε χρονοδιαγράμματα. Πιο δεν ναι πετάξαμε από. Προκαλείς ναι παίρνει ιδιαίτερα ένα.', 'Από επί άρα χρησιμοποίησέ και πετάνε.');
INSERT INTO prescription (doctor_id, patient_id) VALUES ('0104436410', '2607826696');
INSERT INTO prescribed_products (prescription_id, pharm_prod_id, start_date, end_date, dosage, frequency) VALUES ('161', '92023', '1964-09-01 00:00:00', '1964-10-07 00:00:00', 'Δημιουργήσεις βασανίζουν στα. Χρησιμοποιούσες τι πλέον εργάστηκε τα πάντα μας έξι. Τις άρθρων επί.', 'Όχι ζητήσεις μεταγλωτίσει μάθε.');
INSERT INTO prescription (doctor_id, patient_id) VALUES ('2206803094', '0205155308');
INSERT INTO prescribed_products (prescription_id, pharm_prod_id, start_date, end_date, dosage, frequency) VALUES ('162', '7607', '1981-02-28 00:00:00', '1981-03-22 00:00:00', 'Με μεταφραστής τους γραμμές. Χαρακτηριστικών προσεκτικά ήδη επί λες ο.
Έστειλε μου ένας σου δουλεύει εδώ. Πως προσοχή λαμβάνουν μέχρι έξι. Το ελέγχου σας στραβά περισσότερη.', 'Αποκλειστικούς δε σας. Έτσι ζητήσεις μιας έρθει.');
INSERT INTO prescription (doctor_id, patient_id) VALUES ('1307618841', '1011481803');
INSERT INTO prescribed_products (prescription_id, pharm_prod_id, start_date, end_date, dosage, frequency) VALUES ('163', '94865', '2000-11-10 00:00:00', '2000-12-15 00:00:00', 'Ζητήσεις γεγονός των σας μη μέγιστη περίπου.
Διαφήμιση κι απίστευτα. Άπειρα κανόνα μπορούσες δημιουργείς. Πρώτο μάθε μα επί.', 'Προβληματική σταματάς γραφικά τεσσαρών κώδικα έξι από.');
INSERT INTO prescription (doctor_id, patient_id) VALUES ('1611592474', '1204419980');
INSERT INTO prescribed_products (prescription_id, pharm_prod_id, start_date, end_date, dosage, frequency) VALUES ('164', '2167', '1988-03-28 00:00:00', '1988-05-08 00:00:00', 'Βιβλίο εκδόσεις κώδικα εφαρμογής. Άλγεβρα ένας εργασίας κάτι έχω τι πάντα τη.', 'Δυστυχώς ξέχασε μέρος ρωτήσει διορθώσει. Εφαμοργής μας λέει κάτι στη φίλος.');
INSERT INTO prescription (doctor_id, patient_id) VALUES ('2403567012', '1707168511');
INSERT INTO prescribed_products (prescription_id, pharm_prod_id, start_date, end_date, dosage, frequency) VALUES ('165', '159936', '1973-05-07 00:00:00', '1973-06-17 00:00:00', 'Άλγεβρα μεταφραστής εκτός μα άρα συνηθίζουν. Αλγόριθμου δημιουργήσεις γεγονός. Χρησιμοποίησέ εφαρμογής στα ανά πλέον δυστυχής διορθώσεις.', 'Κι ας σας παραδώσεις ερώτηση. Περίπου επεξεργασία τους εκτός κρατήσουν κάτι.');
INSERT INTO prescription (doctor_id, patient_id) VALUES ('0803576389', '2602825383');
INSERT INTO prescribed_products (prescription_id, pharm_prod_id, start_date, end_date, dosage, frequency) VALUES ('166', '149690', '1977-09-02 00:00:00', '1977-10-18 00:00:00', 'Εγώ έστελνε προγραμματιστής συνηθίζουν κειμένων επί. Προσεκτικά κοιτάζοντας λετπά προϊόντα λαμβάνουν.', 'Διοικητικό λαμβάνουν καταλάθος άλγεβρα προβληματική της.');
INSERT INTO prescription (doctor_id, patient_id) VALUES ('1904466405', '2204842315');
INSERT INTO prescribed_products (prescription_id, pharm_prod_id, start_date, end_date, dosage, frequency) VALUES ('167', '107101', '1964-12-23 00:00:00', '1965-01-07 00:00:00', 'Εδώ λέει κι διακοπή. Όχι κρατήσουν άπειρα δε και.
Πάντα ζητήσεις υποψήφιο αλγόριθμου πάντα την. Αποστηθίσει εκθέσεις σημαντικός δε καταλάθος μάθε ένα.', 'Υψηλότερη πως παραδώσεις κάτι να διασφαλίζεται ανταγωνιστής.');
INSERT INTO prescription (doctor_id, patient_id) VALUES ('0406974498', '2707653862');
INSERT INTO prescribed_products (prescription_id, pharm_prod_id, start_date, end_date, dosage, frequency) VALUES ('168', '116775', '1952-11-27 00:00:00', '1952-11-28 00:00:00', 'Θυμάμαι έρθει της έρθει εντολές έτσι φακέλους δεν. Εικόνες νέο εργαζόμενοι.', 'Κανόνα πάρεις υποψήφιο ποια αποθηκευτικού. Τεκμηριώνει εγώ εγώ κάτι βγήκε.');
INSERT INTO prescription (doctor_id, patient_id) VALUES ('1403472446', '0101804896');
INSERT INTO prescribed_products (prescription_id, pharm_prod_id, start_date, end_date, dosage, frequency) VALUES ('169', '50516', '2012-03-20 00:00:00', '2012-05-07 00:00:00', 'Γειτονιάς εταιρείες λες μια τέλειοι εργαλείων κοιτάζοντας. Σκεφτείς δημιουργήσεις πως πλέον περιβάλλοντος βιαστικά πακέτων πρώτης. Σας στη φράση τις μιας μεταφραστής τη ως.', 'Έτσι επιδιορθώσεις κοιτάζοντας εφαμοργής.');
INSERT INTO prescription (doctor_id, patient_id) VALUES ('0803989228', '0511685210');
INSERT INTO prescribed_products (prescription_id, pharm_prod_id, start_date, end_date, dosage, frequency) VALUES ('170', '111178', '1960-07-03 00:00:00', '1960-08-04 00:00:00', 'Πλέον προσπαθούν ζητήσεις το ήδη παίρνει. Αρέσει έγραψες συνεντεύξεις στη έτσι ιδιαίτερα. Γραμμή αθόρυβες ναι εταιρείες ότι εργάστηκε έξι.', 'Άτομο εκτός γεύματος μεταγλωτιστής μεταγλωτιστής μεταφραστής των διορθώσει.');
INSERT INTO prescription (doctor_id, patient_id) VALUES ('1403472446', '2002019993');
INSERT INTO prescribed_products (prescription_id, pharm_prod_id, start_date, end_date, dosage, frequency) VALUES ('171', '83847', '1972-07-07 00:00:00', '1972-08-14 00:00:00', 'Άλγεβρα των παίρνουν διολισθήσεις. Τύπους προϊόντα χρονοδιαγράμματα δεδομένων πεδία.
Εκτός σε λέει δημιουργείς δεν στις. Δεν δημιουργήσεις έλεγχος γειτονιάς έγραψες ας.', 'Μεταγλωτιστής τα παραπάνω.');
INSERT INTO prescription (doctor_id, patient_id) VALUES ('1210671054', '2109412410');
INSERT INTO prescribed_products (prescription_id, pharm_prod_id, start_date, end_date, dosage, frequency) VALUES ('172', '85741', '1948-06-22 00:00:00', '1948-08-04 00:00:00', 'Οι γραμμή κλπ απλό νέων μας αναγκάζονται. Σε προσθέσει τύπους.
Παίρνουν προβληματική λετπά προγραμματιστές από εσωτερικών. Δεν ως θα είχαμε εργαζόμενων.', 'Αυτός κάνε λοιπόν ρωτάει συνέχεια μέρος εταιρείες.');
INSERT INTO prescription (doctor_id, patient_id) VALUES ('1306562994', '2009978873');
INSERT INTO prescribed_products (prescription_id, pharm_prod_id, start_date, end_date, dosage, frequency) VALUES ('173', '96883', '1971-07-27 00:00:00', '1971-09-24 00:00:00', 'Επιχείριση θα επενδυτής μαγικά κι κι.
Πιο νέα σημαντικός ποια περιεχόμενα στα. Μηχανής εγώ δωροδοκηθούν κάνε μας της. Στα πάντα βιβλίο απαρατήρητο ποια δούλευε.', 'Νόμιζες μα δύο τον χάος έρθει. Αφήσεις ότι περιεχόμενα μια διορθώσεις τον.');
INSERT INTO prescription (doctor_id, patient_id) VALUES ('1612748648', '0708019917');
INSERT INTO prescribed_products (prescription_id, pharm_prod_id, start_date, end_date, dosage, frequency) VALUES ('174', '82597', '1968-06-26 00:00:00', '1968-08-08 00:00:00', 'Πολύ αθόρυβες προκαλείς σαν στα ο κάτι. Διάβασε ναι γνωστή έγραψες. Ανακλύψεις απόλαυσε τα.', 'Παραδοτέου εξοργιστικά εικόνες κλπ.');
INSERT INTO prescription (doctor_id, patient_id) VALUES ('0803576389', '2107581984');
INSERT INTO prescribed_products (prescription_id, pharm_prod_id, start_date, end_date, dosage, frequency) VALUES ('175', '122384', '1961-02-05 00:00:00', '1961-02-16 00:00:00', 'Μέχρι μαγικά πετάξαμε κόλπα. Για για εφαρμογής.
Χειρότερα να μέχρι ποια γεύματος. Βασανίζουν διασφαλίζεται περιβάλλον κανόνα συνάδελφος.', 'Ίδιο όσο διακόψουμε ρωτήσει. Ήδη δουλεύει κόψεις από μου προσοχή ως.');
INSERT INTO prescription (doctor_id, patient_id) VALUES ('1306562994', '2306443752');
INSERT INTO prescribed_products (prescription_id, pharm_prod_id, start_date, end_date, dosage, frequency) VALUES ('176', '109977', '1994-02-16 00:00:00', '1994-03-03 00:00:00', 'Χάος περιμένουν ιδιαίτερα πάντως μη ένας. Μαγικά εργοστασίου προβληματική κανείς ευκολότερο διευθυντές προσλάμβανες. Δύο ποσοστό όταν εκτελέσεις υόρκη αποδείξεις. Πολύ θα μέσης επεξεργασία.', 'Έχω βιβλίο εφαρμογής χειρότερα δουλεύει θυμάμαι κώδικάς τρέξει.');
INSERT INTO prescription (doctor_id, patient_id) VALUES ('0710954761', '1912923980');
INSERT INTO prescribed_products (prescription_id, pharm_prod_id, start_date, end_date, dosage, frequency) VALUES ('177', '62871', '2023-09-20 00:00:00', '2023-10-05 00:00:00', 'Δουλεύει ωραίο άλγεβρα. Κώδικάς επί ως αγοράζοντας άλγεβρα. Εργοστασίου στα το εγώ κανόνα όσο.', 'Στέλνοντάς αρχεία φακέλους μιας τον. Για μου διορθώσει μην συγγραφής τον.');
INSERT INTO prescription (doctor_id, patient_id) VALUES ('2510927096', '1001235170');
INSERT INTO prescribed_products (prescription_id, pharm_prod_id, start_date, end_date, dosage, frequency) VALUES ('178', '29479', '1963-08-13 00:00:00', '1963-09-05 00:00:00', 'Εκτός αν ρωτήσει συγγραφής οι επί. Παραπάνω ζητήσεις σαν επί χρειάζονται ροή.
Απαραίτητο λοιπόν αναφορά διοικητικό. Βιβλίο εδώ δύο συνηθίζουν για ατόμου καταλάθος. Εγώ τύπους συγγραφής για.', 'Της στις έρθει πρόσληψη. Καταλάθος διαδίκτυο υόρκη παίρνουν.');
INSERT INTO prescription (doctor_id, patient_id) VALUES ('0111647658', '0806676684');
INSERT INTO prescribed_products (prescription_id, pharm_prod_id, start_date, end_date, dosage, frequency) VALUES ('179', '29620', '1986-10-10 00:00:00', '1986-11-26 00:00:00', 'Φράση διαχειριστής επί δύο τις πρόσληψη μετράει. Πακέτων επί δύο επεξεργασία δημιουργείς λιγότερο.
Διορθώσεις χρόνου ήδη βιβλίο συνηθίζουν κι όχι. Τη ακούσει πλέον εκείνου πήρε έρθει.', 'Σου ωραίο ποια θέμα κύκλο στο φαινόμενο.');
INSERT INTO prescription (doctor_id, patient_id) VALUES ('1102752591', '1009932361');
INSERT INTO prescribed_products (prescription_id, pharm_prod_id, start_date, end_date, dosage, frequency) VALUES ('180', '108998', '2008-12-27 00:00:00', '2009-01-11 00:00:00', 'Κάτι συγχωνευτεί εγώ μου. Απίστευτα τη διορθώσει προκύπτουν μετράει. Άπειρα πάντα εγώ πετούν κοιτάζοντας υόρκη ανώδυνη.', 'Συνηθίζουν χρονοδιαγράμματα απομόνωση. Παίρνουν αποστηθίσει διασφαλίζεται έξι.');
INSERT INTO prescription (doctor_id, patient_id) VALUES ('1102752591', '0209654512');
INSERT INTO prescribed_products (prescription_id, pharm_prod_id, start_date, end_date, dosage, frequency) VALUES ('181', '119435', '1996-06-14 00:00:00', '1996-08-04 00:00:00', 'Πλέον που ερωτήσεις με. Αντιλήφθηκαν εκτός πάντα πιο μερικούς αν ένα ιδιαίτερα. Χρησιμοποιώντας συνεντεύξεις εκτός.', 'Λαμβάνουν σου τις με προσεκτικά τα.');
INSERT INTO prescription (doctor_id, patient_id) VALUES ('1611592474', '1109907974');
INSERT INTO prescribed_products (prescription_id, pharm_prod_id, start_date, end_date, dosage, frequency) VALUES ('182', '84530', '1968-12-17 00:00:00', '1969-02-15 00:00:00', 'Πάντα δύο της πάρα ελέγχου λαμβάνουν. Ανεπιθύμητη μιας περισσότερες ώρα απομόνωση.
Πες έξι τη στα. Μια οι σημαντικός υψηλότερη. Συγγραφείς αποφάσισε προσεκτικά τον.', 'Χαμηλός μπουν κόψεις δημιουργείς τρόπο.');
INSERT INTO prescription (doctor_id, patient_id) VALUES ('1102752591', '2110576433');
INSERT INTO prescribed_products (prescription_id, pharm_prod_id, start_date, end_date, dosage, frequency) VALUES ('183', '69870', '1958-07-29 00:00:00', '1958-09-11 00:00:00', 'Αναγκάζονται παραδοτέου διοικητικό κάτι εξακολουθεί πηγαίου και νέα. Φαινόμενο παίρνει παράγοντες πρώτοι. Τέλειοι εξοργιστικά μου εφαρμογής με μην θέμα επενδυτής.
Θέματα συγγραφής ως παραπάνω.', 'Παίρνουν ανακλύψεις χρησιμοποιούνταν μη επιδιόρθωση την των αποφάσισε.');
INSERT INTO prescription (doctor_id, patient_id) VALUES ('3012474240', '0805830286');
INSERT INTO prescribed_products (prescription_id, pharm_prod_id, start_date, end_date, dosage, frequency) VALUES ('184', '111684', '1985-01-04 00:00:00', '1985-02-15 00:00:00', 'Εκτός βαθμό χαμηλός έχω την μιας. Δύο ταξινομεί θέματα εκτός.
Τα για νέα λιγότερο επί εγώ. Υόρκη του τη άλγεβρα βάζοντας προϊόντα.', 'Φράση που αποφάσισε διορθώσεις. Βάζοντας ανά μου εδώ παίρνει δεν.');
INSERT INTO prescription (doctor_id, patient_id) VALUES ('2502654079', '1506632784');
INSERT INTO prescribed_products (prescription_id, pharm_prod_id, start_date, end_date, dosage, frequency) VALUES ('185', '58286', '1943-07-30 00:00:00', '1943-08-01 00:00:00', 'Σωστά και φράση πλέον μαγικά όταν όχι. Συγκεντρωμένοι έχω συνάδελφος όσο πάντως περισσότερη.', 'Άπειρα σου περιεχόμενα άπειρα στη ερωτήσεις. Τον εικόνες αρέσει.');
INSERT INTO prescription (doctor_id, patient_id) VALUES ('0406974498', '1305257232');
INSERT INTO prescribed_products (prescription_id, pharm_prod_id, start_date, end_date, dosage, frequency) VALUES ('186', '78893', '2018-06-12 00:00:00', '2018-07-29 00:00:00', 'Ποια πάντως γραμμές χρησιμοποιούνταν πλέον ανά δούλευε. Κάνεις χρησιμοποίησέ μετρήσεις δεν χρειάζονται από. Την κειμένων μου άτομο τα.', 'Δεδομένων φακέλους εξοργιστικά αλγόριθμου πάντως.');
INSERT INTO prescription (doctor_id, patient_id) VALUES ('0611462338', '2306443752');
INSERT INTO prescribed_products (prescription_id, pharm_prod_id, start_date, end_date, dosage, frequency) VALUES ('187', '60848', '1951-02-22 00:00:00', '1951-03-16 00:00:00', 'Μιας γνωρίζουμε από λοιπόν ποια.
Κόψεις αυτός διοικητικό κρατήσουν. Ίδιο αρπάζεις την μέχρι πολύ φίλος. Της αρέσει φακέλους λίγο.', 'Εκτελέσεις γραμμή σου εργασίας κειμένων επί τέλειοι.');
INSERT INTO prescription (doctor_id, patient_id) VALUES ('1210671054', '2610191254');
INSERT INTO prescribed_products (prescription_id, pharm_prod_id, start_date, end_date, dosage, frequency) VALUES ('188', '66905', '1956-11-25 00:00:00', '1957-01-06 00:00:00', 'Τα φράση πρώτοι του μιας. Δεν για υπηρεσία αποκλειστικούς πιο συνάδελφος χαμηλός. Μαγικά εγώ ώρα.', 'Ο φακέλους σε άρα. Κι άρα λιγότερο ζητήσεις προσθέσει μάθε πήρε είχαμε.');
INSERT INTO prescription (doctor_id, patient_id) VALUES ('2406973031', '2102001772');
INSERT INTO prescribed_products (prescription_id, pharm_prod_id, start_date, end_date, dosage, frequency) VALUES ('189', '122174', '1958-11-06 00:00:00', '1958-12-03 00:00:00', 'Ελέγχου στις μεταφραστής στο ναι χαρακτηριστικών από σημαντικό. Εργάστηκε περίπου παράγοντες όχι.
Πλέον χαρακτηριστικό πετούν πηγαίου λετπά. Εντολές διορθώσει παραδώσεις. Μάθε θα ερωτήσεις έχω.', 'Ως αρέσει άρα ειδικά εκείνου.');
INSERT INTO prescription (doctor_id, patient_id) VALUES ('2510927096', '1707168511');
INSERT INTO prescribed_products (prescription_id, pharm_prod_id, start_date, end_date, dosage, frequency) VALUES ('190', '91992', '1953-05-18 00:00:00', '1953-05-29 00:00:00', 'Προσλάμβανες πλέον μπουν βαθμό. Ήδη παραπάνω ας μάθε εξοργιστικά. Πρώτοι δημιουργείς τοπικές θέλεις έγραψες ότι γνωρίζουμε άρθρων.', 'Στα στήλες σας εξαρτάται προσπαθήσεις. Κανένας αλγόριθμου ανακλύψεις κλπ.');
INSERT INTO prescription (doctor_id, patient_id) VALUES ('0102891639', '2306479600');
INSERT INTO prescribed_products (prescription_id, pharm_prod_id, start_date, end_date, dosage, frequency) VALUES ('191', '132461', '1959-12-11 00:00:00', '1960-01-30 00:00:00', 'Εδώ κλπ απαρατήρητο συνέχεια σίγουρος. Τύπου βιβλίο ανά συγκεντρωμένοι με μπορούσες. Πιο δουλεύει όχι παραγωγικής.', 'Στέλνοντάς βαθμό μηχανής τέλειοι σου άλγεβρα νέων παραδώσεις.');
INSERT INTO prescription (doctor_id, patient_id) VALUES ('1701787998', '0708019917');
INSERT INTO prescribed_products (prescription_id, pharm_prod_id, start_date, end_date, dosage, frequency) VALUES ('192', '86855', '1995-08-14 00:00:00', '1995-09-13 00:00:00', 'Δίνοντας κώδικα γράψει θα.
Ήδη ακούσει κλπ θέλεις προκύπτουν μάτσο δημιουργια. Προβληματική συγγραφείς ερωτήσεις ας. Χρονοδιαγράμματα τύπους χάος κι.', 'Φίλος περιεχόμενα τι δούλευε δε. Πες απαράδεκτη επιχείριση ατόμου.');
INSERT INTO prescription (doctor_id, patient_id) VALUES ('2108809189', '2511720625');
INSERT INTO prescribed_products (prescription_id, pharm_prod_id, start_date, end_date, dosage, frequency) VALUES ('193', '35532', '1969-01-28 00:00:00', '1969-02-26 00:00:00', 'Καλύτερο εξακολουθεί στραβά ειδικά έστελνε πλέον άρα. Εδώ τη μας κρατάει μεταφραστής. Πάρα εγώ εξακολουθεί σωστά πλέον.', 'Εσωτερικών ανώδυνη ήδη περιμένουν ανώδυνη ας εργαζόμενων.');
INSERT INTO prescription (doctor_id, patient_id) VALUES ('0508710262', '2905699303');
INSERT INTO prescribed_products (prescription_id, pharm_prod_id, start_date, end_date, dosage, frequency) VALUES ('194', '138650', '2006-04-27 00:00:00', '2006-05-12 00:00:00', 'Μας άρα στο αποστηθίσει κάτι κύκλο πολύ. Έτοιμος έτοιμος διευθυντές εγώ.
Επιδιορθώσεις προσπαθήσεις αθόρυβες διασφαλίζεται ποια εξαρτάται εργαζόμενων. Πρόσληψη εργαζόμενων έχω στέλνοντάς.', 'Παίρνουν εκτελέσει μη μου ίδιο προκαλείς έξι. Δεν πρώτης επιστρέφουν μιας στη.');
INSERT INTO prescription (doctor_id, patient_id) VALUES ('1307618841', '2302226964');
INSERT INTO prescribed_products (prescription_id, pharm_prod_id, start_date, end_date, dosage, frequency) VALUES ('195', '106218', '1992-07-24 00:00:00', '1992-08-16 00:00:00', 'Εδώ χρονοδιαγράμματα ποσοστό. Και διορθώσεις όσο πάντως. Τύπου κανόνα μετρήσεις.
Σε από πήρε διαφήμιση ερωτήσεις νόμιζες μπουν. Κόλπα φράση λες ένας συγκεντρωμένοι κανένας.', 'Γειτονιάς πάντα ας χρονοδιαγράμματα.');
INSERT INTO prescription (doctor_id, patient_id) VALUES ('0508710262', '1107877340');
INSERT INTO prescribed_products (prescription_id, pharm_prod_id, start_date, end_date, dosage, frequency) VALUES ('196', '14717', '2016-02-17 00:00:00', '2016-04-16 00:00:00', 'Κώδικάς τα πρώτο ευκολότερο διάβασε. Επί ποια αυτός περιμένουν τρόποι όχι.
Δε δύο πλέον αν. Διορθώσεις διακοπής σε τη τις χρονοδιαγράμματος εδώ. Πάντα έξι της διορθώσεις κι.', 'Τι αποδείξεις αντιλήφθηκαν την αν πλέον σκεφτείς.');
INSERT INTO prescription (doctor_id, patient_id) VALUES ('2803422426', '2607069738');
INSERT INTO prescribed_products (prescription_id, pharm_prod_id, start_date, end_date, dosage, frequency) VALUES ('197', '153419', '1986-11-24 00:00:00', '1987-01-03 00:00:00', 'Χρειάζονται όσο κάνεις δεν. Εδώ ανώδυνη διακοπή στα να. Πιο τον αγοράζοντας εκτός.
Όσο προκύπτουν δε όταν άτομο το. Λίγο στη δε δουλεύει.', 'Αποστηθίσει τι εργάστηκε αντιλήφθηκαν πάρα βαθμό εγώ. Θα ρωτάει κι.');
INSERT INTO prescription (doctor_id, patient_id) VALUES ('2811728295', '2405442526');
INSERT INTO prescribed_products (prescription_id, pharm_prod_id, start_date, end_date, dosage, frequency) VALUES ('198', '132532', '1944-03-08 00:00:00', '1944-04-27 00:00:00', 'Μέχρι στήλες έτσι ανακλύψεις έτοιμος έτοιμος.', 'Έτσι εργάστηκε δε σωστά νόμιζες φαινόμενο.');
INSERT INTO prescription (doctor_id, patient_id) VALUES ('0411550543', '2405442526');
INSERT INTO prescribed_products (prescription_id, pharm_prod_id, start_date, end_date, dosage, frequency) VALUES ('199', '80731', '1982-02-24 00:00:00', '1982-03-03 00:00:00', 'Ατόμου τα κι επιχείριση. Προβληματική αντιλήφθηκαν δωροδοκηθούν ναι.', 'Χρησιμοποιούσες αγοράζοντας εκτός μεταγλωτίσει.');
INSERT INTO prescription (doctor_id, patient_id) VALUES ('0111647658', '3108433042');
INSERT INTO prescribed_products (prescription_id, pharm_prod_id, start_date, end_date, dosage, frequency) VALUES ('200', '23618', '1947-04-12 00:00:00', '1947-05-21 00:00:00', 'Ατόμου ρωτάει εργάστηκε ίδιο εκτός κόλπα εφαρμογής. Δούλευε φακέλους κανένας αγοράζοντας συνάδελφος. Σημεία άτομο έχω άρα συγγραφής.', 'Εκτός τις έξι χαμηλός διαφήμιση. Προβληματική καλύτερο κάτι μου τελειώσει.');
INSERT INTO prescription (doctor_id, patient_id) VALUES ('0909662577', '0106247360');
INSERT INTO prescribed_products (prescription_id, pharm_prod_id, start_date, end_date, dosage, frequency) VALUES ('201', '138940', '1991-04-15 00:00:00', '1991-04-29 00:00:00', 'Αναγκάζονται γέλασαν θυμάμαι υόρκη μερικούς χρειάζονται. Ναι όταν τη ανταγωνιστής μέγιστη.', 'Ιδιαίτερα μηχανής εκείνου αναγκάζονται κώδικα σαν τρόπο.');
INSERT INTO prescription (doctor_id, patient_id) VALUES ('0410505068', '2109412410');
INSERT INTO prescribed_products (prescription_id, pharm_prod_id, start_date, end_date, dosage, frequency) VALUES ('202', '30503', '1992-05-11 00:00:00', '1992-06-09 00:00:00', 'Κανένας εδώ λες από κύκλο έτσι διαπιστώνεις. Παραγωγικής προσπαθούν εκτελέσει τις όσο μέχρι μην.', 'Γνωστή απαράδεκτη στραβά ατόμου. Γραμμή εξοργιστικά αν ίδιο.');
INSERT INTO prescription (doctor_id, patient_id) VALUES ('2203718551', '2901243442');
INSERT INTO prescribed_products (prescription_id, pharm_prod_id, start_date, end_date, dosage, frequency) VALUES ('203', '119467', '1993-09-20 00:00:00', '1993-10-26 00:00:00', 'Εξακολουθεί απίστευτα κι αναφέρονται ρουτίνα. Σημαντικό νόμιζες εφαρμογή διακοπή και πρόσληψη. Εκείνου κι ανά των ποια πάντα ήδη εταιρείες.', 'Επί εργοστασίου λίγο διαπιστώνεις τα εργαζόμενων.');
INSERT INTO prescription (doctor_id, patient_id) VALUES ('1805820786', '3108731582');
INSERT INTO prescribed_products (prescription_id, pharm_prod_id, start_date, end_date, dosage, frequency) VALUES ('204', '86623', '2007-06-07 00:00:00', '2007-06-17 00:00:00', 'Τύπους και ελέγχου απαράδεκτη διαφήμιση. Διακοπή έγραψες μέχρι.
Ανακλύψεις τα άρα δοκιμάσεις. Παίξουν χρονοδιαγράμματα ροή όταν.', 'Μια φράση δεδομένων. Εξαρτάται στα δουλεύει διακοπής.');
INSERT INTO prescription (doctor_id, patient_id) VALUES ('1210608936', '0204185008');
INSERT INTO prescribed_products (prescription_id, pharm_prod_id, start_date, end_date, dosage, frequency) VALUES ('205', '82353', '1945-09-15 00:00:00', '1945-09-17 00:00:00', 'Συγχωνευτεί κάνε πρόσληψη πρώτης επεξεργασία.
Εξακολουθεί χρησιμοποιούνταν ποια αποκλειστικούς πάντα. Απλό σας άλγεβρα βάζοντας αντιλήφθηκαν και περιεχόμενα. Με συγχωνευτεί μα πες.', 'Ζητήσεις ανά νόμιζες εκθέσεις. Πρώτο εφαμοργής αποθηκευτικού.');
INSERT INTO prescription (doctor_id, patient_id) VALUES ('1104742723', '2502190371');
INSERT INTO prescribed_products (prescription_id, pharm_prod_id, start_date, end_date, dosage, frequency) VALUES ('206', '48522', '2023-07-12 00:00:00', '2023-08-20 00:00:00', 'Εργασίας κειμένων απαρατήρητο έχω της.
Όταν περισσότερες χαμηλός στα.
Τις το όχι.', 'Ημέρα έξι ερώτηση βιβλίο διαπιστώνεις στις μηχανής παίξουν.');
INSERT INTO prescription (doctor_id, patient_id) VALUES ('0303531282', '1901089706');
INSERT INTO prescribed_products (prescription_id, pharm_prod_id, start_date, end_date, dosage, frequency) VALUES ('207', '40205', '2010-06-23 00:00:00', '2010-08-20 00:00:00', 'Παίρνει σχεδιαστής δε γραμμή επί κόψεις διαδίκτυο.
Σωστά πλέον εσωτερικών κι. Ένας διακοπής σχεδιαστής κι ήδη μα. Φακέλους τρόπο μέχρι.', 'Από αρπάζεις βγήκε δημιουργήσεις.');
INSERT INTO prescription (doctor_id, patient_id) VALUES ('0803989228', '3108731582');
INSERT INTO prescribed_products (prescription_id, pharm_prod_id, start_date, end_date, dosage, frequency) VALUES ('208', '114341', '2022-09-18 00:00:00', '2022-10-06 00:00:00', 'Διάβασε τέλειοι λοιπόν. Χρονοδιαγράμματα όσο τον τεσσαρών ας εταιρείες. Προγραμματιστές μη βάζοντας λέει τύπου άρθρων.
Περιεχόμενα ήδη άρθρων ας. Τις όχι να σωστά εγώ ως τοπικές.', 'Όσο μιας περιβάλλον επιχείριση. Ανά σου εδώ.');
INSERT INTO prescription (doctor_id, patient_id) VALUES ('0411550543', '1701599573');
INSERT INTO prescribed_products (prescription_id, pharm_prod_id, start_date, end_date, dosage, frequency) VALUES ('209', '48354', '1986-07-25 00:00:00', '1986-09-14 00:00:00', 'Λιγότερο άρθρων παραγωγικής κανείς προσπαθήσεις πετάνε απαράδεκτη. Διαδίκτυο νιρβάνα εικόνες γεύματος. Υποψήφιο αγοράζοντας μέχρι έστελνε σας.', 'Τεκμηριώνει προκαλείς μερικούς μέχρι παράγοντες κοιτάζοντας.');
INSERT INTO prescription (doctor_id, patient_id) VALUES ('1107638937', '2511134275');
INSERT INTO prescribed_products (prescription_id, pharm_prod_id, start_date, end_date, dosage, frequency) VALUES ('210', '134892', '2006-12-18 00:00:00', '2007-02-16 00:00:00', 'Έστελνε ως συνεντεύξεις δίνοντας θέλεις διαπιστώνεις. Ως άρα προσπαθήσεις βουτήξουν διάβασε του κανόνα. Μάτσο πάρεις διακόψουμε κι μπουν.
Επενδυτής όταν εξακολουθεί απλό. Στις πλέον μέχρι εφαρμογή.', 'Πιο παραδώσεις ποσοστό παίξουν έξι γνωρίζουμε στραβά. Πες εγώ ώρα χώρου ο.');
INSERT INTO prescription (doctor_id, patient_id) VALUES ('2304595248', '1901089706');
INSERT INTO prescribed_products (prescription_id, pharm_prod_id, start_date, end_date, dosage, frequency) VALUES ('211', '101333', '1978-12-24 00:00:00', '1979-01-06 00:00:00', 'Εκτός μιας επιχείριση ρουτίνα απαράδεκτη αντιλήφθηκαν. Μάτσο δυστυχής ο. Εργαζόμενοι έστειλε ένας εκτελέσεις παίρνει.
Συνέχεια προσοχή πως εξαρτάται επιδιορθώσεις.
Εργοστασίου επιχείριση εκτός.', 'Τα που σταματάς σε. Μέσης εργαλείων τις να βιβλίο εκείνου σε.');
INSERT INTO prescription (doctor_id, patient_id) VALUES ('0303531282', '0310997090');
INSERT INTO prescribed_products (prescription_id, pharm_prod_id, start_date, end_date, dosage, frequency) VALUES ('212', '24189', '2002-08-16 00:00:00', '2002-09-26 00:00:00', 'Καταλάθος υψηλότερη οι προβληματική γραμμή λετπά του. Πάντως βαθμό την τι πάντως προσλάμβανες πλέον. Σε ένας παράδειγμα. Βάζοντας περιβάλλοντος αφήσεις.', 'Εταιρείες μεταγλωτίσει δίνοντας εξακολουθεί να ανώδυνη αποδείξεις.');
INSERT INTO prescription (doctor_id, patient_id) VALUES ('2803422426', '1301589944');
INSERT INTO prescribed_products (prescription_id, pharm_prod_id, start_date, end_date, dosage, frequency) VALUES ('213', '31230', '1976-02-10 00:00:00', '1976-03-05 00:00:00', 'Σκεφτείς ερωτήσεις σας τρόπο. Μάθε κρατήσουν ρωτήσει ζητήσεις κι καλύτερο.', 'Έστελνε μέγιστη σας στις μεταφραστής σπίτι γράψει.');
INSERT INTO prescription (doctor_id, patient_id) VALUES ('2206803094', '2204842315');
INSERT INTO prescribed_products (prescription_id, pharm_prod_id, start_date, end_date, dosage, frequency) VALUES ('214', '36104', '1954-09-20 00:00:00', '1954-10-06 00:00:00', 'Ίδιο διασφαλίζεται ο ίδιο χρονοδιαγράμματα δεν απίστευτα.
Διορθώσει πετούν πεδία πετούν. Εργάστηκε πρώτοι μέχρι σημεία τις. Λοιπόν έξι νέου υψηλότερη.', 'Τα μιας εδώ το πόρτες.');
INSERT INTO prescription (doctor_id, patient_id) VALUES ('1104529817', '0605563415');
INSERT INTO prescribed_products (prescription_id, pharm_prod_id, start_date, end_date, dosage, frequency) VALUES ('215', '139622', '2002-03-06 00:00:00', '2002-03-31 00:00:00', 'Πάντα διακοπή ένας να αυτήν ταξινομεί πιο μας. Ροή περιμένουν ρουτίνα.
Ανώδυνη ξέχασε μέγιστη μα μια ως απίστευτα.', 'Περιεχόμενα επί αγοράζοντας μέχρι πλέον ατόμου μετράει.');
INSERT INTO prescription (doctor_id, patient_id) VALUES ('2108809189', '1706009952');
INSERT INTO prescribed_products (prescription_id, pharm_prod_id, start_date, end_date, dosage, frequency) VALUES ('216', '16586', '2003-06-04 00:00:00', '2003-07-13 00:00:00', 'Εξοργιστικά σπίτι θα λέει. Εργάστηκε έτοιμος το μετρήσεις. Σταματάς προγραμματιστές οι τα.', 'Μας εντολές ατόμου διάσημα είχαμε παραπάνω τρόποι χρησιμοποιούσες.');
INSERT INTO prescription (doctor_id, patient_id) VALUES ('0410505068', '1107877340');
INSERT INTO prescribed_products (prescription_id, pharm_prod_id, start_date, end_date, dosage, frequency) VALUES ('217', '53776', '1984-04-26 00:00:00', '1984-05-10 00:00:00', 'Μάλλον δύο δε υποψήφιο. Ελέγχου κανόνα ελέγχου αθόρυβες θυμάμαι.', 'Δε εγώ ανά κόψεις εφαρμογής ας. Με τον κάτι έχω εγώ μα. Πλέον άπειρα στη και.');
INSERT INTO prescription (doctor_id, patient_id) VALUES ('0803989228', '2408038543');
INSERT INTO prescribed_products (prescription_id, pharm_prod_id, start_date, end_date, dosage, frequency) VALUES ('218', '71513', '2023-05-15 00:00:00', '2023-05-16 00:00:00', 'Της διάσημα παίρνουν σπίτι επιστρέφουν γραμμές. Σου ήδη γράψει τεσσαρών. Εξαρτάται προσπαθούν πάντως διάβασε.', 'Διάσημα προσπαθούν θα σε. Διαχειριστής μέχρι άρα ένα.');
INSERT INTO prescription (doctor_id, patient_id) VALUES ('1104529817', '1604150105');
INSERT INTO prescribed_products (prescription_id, pharm_prod_id, start_date, end_date, dosage, frequency) VALUES ('219', '94316', '1967-03-07 00:00:00', '1967-04-27 00:00:00', 'Βασανίζουν τον μέγιστη σημαντικός επί. Χρειάζονται άρθρων μια προσπαθήσεις κι.
Του έτσι βάζοντας στη βρίσκονται έρθει. Για ανώδυνη λες νέα αποδείξεις κι πεδία δούλευε.', 'Πάρεις τη επιδιόρθωση λιγότερο. Διορθώσει επί μπορούσες επιδιόρθωση.');
INSERT INTO prescription (doctor_id, patient_id) VALUES ('0803989228', '0502063230');
INSERT INTO prescribed_products (prescription_id, pharm_prod_id, start_date, end_date, dosage, frequency) VALUES ('220', '38618', '1947-06-18 00:00:00', '1947-08-07 00:00:00', 'Εκδόσεις κειμένων προβληματική διορθώσεις πιο. Πάντως πολύ πολύ. Διαδίκτυο χρησιμοποιώντας εργασίας εργασίας ο εκτός γραφικά.', 'Εικόνες διαχειριστής χαρτιού εξαρτάται τη. Θα έτοιμος σαν.');
INSERT INTO prescription (doctor_id, patient_id) VALUES ('1210671054', '2302464670');
INSERT INTO prescribed_products (prescription_id, pharm_prod_id, start_date, end_date, dosage, frequency) VALUES ('221', '28188', '1963-11-18 00:00:00', '1964-01-10 00:00:00', 'Κι στη μη πως μέχρι στη προγραμματιστές. Όχι ανά πως κάνεις. Πακέτων κώδικάς προσλάμβανες επιστρέφουν έρθει πεδία ναι.', 'Να προκύπτουν να όταν περιμένουν δυστυχώς φράση.');
INSERT INTO prescription (doctor_id, patient_id) VALUES ('0810802797', '2607069738');
INSERT INTO prescribed_products (prescription_id, pharm_prod_id, start_date, end_date, dosage, frequency) VALUES ('222', '111949', '1975-10-04 00:00:00', '1975-11-17 00:00:00', 'Πάρα κόψεις προσθέσει εικόνες. Ευκολότερο που παραδοτέου.
Αρχεία εκτελέσει έλεγχος θέλεις δυστυχής επιστρέφουν γραμμές. Εργαζόμενοι μέχρι ξέχασε εργοστασίου χαρακτηριστικών δεν απομόνωση.', 'Συγγραφής πιο του να ναι. Γιαυτό κοιτάζοντας τύπου πήρε ερωτήσεις.');
INSERT INTO prescription (doctor_id, patient_id) VALUES ('2001691929', '1805213226');
INSERT INTO prescribed_products (prescription_id, pharm_prod_id, start_date, end_date, dosage, frequency) VALUES ('223', '57430', '1985-12-17 00:00:00', '1985-12-23 00:00:00', 'Να τη δωροδοκηθούν μετράει παίρνει τις διευθυντές. Ας συνάδελφος τον γεγονός εξοργιστικά. Έρθει στις στη εντολές μια την δύο. Στις γράψει σημαντικός εκείνου προσεκτικά απομόνωση νέα.', 'Σίγουρος πάντα ίδιο τη παίρνει ειδικά ζητήσεις επεξεργασία.');
INSERT INTO prescription (doctor_id, patient_id) VALUES ('2203633666', '0703642164');
INSERT INTO prescribed_products (prescription_id, pharm_prod_id, start_date, end_date, dosage, frequency) VALUES ('224', '90526', '2024-08-23 00:00:00', '2024-08-27 00:00:00', 'Διάσημα και ποσοστό ένα. Και εκτός συνεντεύξεις τι γεγονός χαρακτηριστικών.', 'Συγχρόνως πολύ βρίσκονται παράγοντες πιο φράση πεδία.');
INSERT INTO prescription (doctor_id, patient_id) VALUES ('1904466405', '2803250365');
INSERT INTO prescribed_products (prescription_id, pharm_prod_id, start_date, end_date, dosage, frequency) VALUES ('225', '152411', '1969-01-10 00:00:00', '1969-03-11 00:00:00', 'Εκείνου ίδιο λίγο θα αντιλήφθηκαν μιας έχω. Ύψος κάνεις τρόπο εκτός θέλεις μα. Προβληματική μεταφραστής ίδιο όχι εκείνου διάσημα μη.', 'Τι ώρα εκτός άρα δημιουργια επί.');
INSERT INTO prescription (doctor_id, patient_id) VALUES ('1210671054', '1011481803');
INSERT INTO prescribed_products (prescription_id, pharm_prod_id, start_date, end_date, dosage, frequency) VALUES ('226', '144294', '1956-07-30 00:00:00', '1956-09-11 00:00:00', 'Διαδίκτυο πάντως γιαυτό μεταγλωτίσει γνωρίζουμε ευκολότερο. Μάθε θέλεις κανένας γραφικά τα.
Πάντως υψηλότερη δεν πετάξαμε ένα επί κόλπα σας. Αποκλειστικούς ναι γεγονός. Ας γραμμές πετούν ευκολότερο.', 'Κάτι εντολές μάθε πεδία πακέτων αποστηθίσει.');
INSERT INTO prescription (doctor_id, patient_id) VALUES ('2203633666', '0312807182');
INSERT INTO prescribed_products (prescription_id, pharm_prod_id, start_date, end_date, dosage, frequency) VALUES ('227', '35388', '1955-02-07 00:00:00', '1955-02-08 00:00:00', 'Σημαντικό αναφέρονται δυστυχώς γεύματος αποδείξεις. Προγραμματιστές ναι προϊόντα τεσσαρών. Μέρος και τύπους προγραμματιστές.', 'Κάτι κοιτάζοντας καλύτερο λιγότερο δυστυχώς τον.');
INSERT INTO prescription (doctor_id, patient_id) VALUES ('1905740744', '1611650031');
INSERT INTO prescribed_products (prescription_id, pharm_prod_id, start_date, end_date, dosage, frequency) VALUES ('228', '48956', '2009-11-12 00:00:00', '2009-12-18 00:00:00', 'Μεταφραστής τοπικές μην τύπου στέλνοντάς για δε. Κοιτάζοντας μη εγώ κανόνα. Παράδειγμα δημιουργήσεις ποια κώδικάς.
Μηχανής ερωτήσεις εγώ εκτός. Στη αφήσεις αναγκάζονται μεταγλωτίσει να περίπου.', 'Ανταγωνιστής τον περιβάλλον βγήκε τι ναι. Τη λετπά αποστηθίσει τι νέου.');
INSERT INTO prescription (doctor_id, patient_id) VALUES ('1210608936', '1604088752');
INSERT INTO prescribed_products (prescription_id, pharm_prod_id, start_date, end_date, dosage, frequency) VALUES ('229', '67041', '2009-07-29 00:00:00', '2009-09-17 00:00:00', 'Όσο γνωστή ίδιο μηχανής εκτελέσεις. Χρησιμοποίησέ βασανίζουν στραβά λιγότερο ερωτήσεις ο.', 'Επί ήδη χρησιμοποιώντας κι επιστρέφουν απαράδεκτη.');
INSERT INTO prescription (doctor_id, patient_id) VALUES ('1604612218', '0101804896');
INSERT INTO prescribed_products (prescription_id, pharm_prod_id, start_date, end_date, dosage, frequency) VALUES ('230', '140015', '1965-11-17 00:00:00', '1965-12-19 00:00:00', 'Παράδειγμα χρόνου μου δωροδοκηθούν μη στις. Δε ερώτηση το τη δουλεύει τον ότι. Νέο πιο δεδομένων που. Πήρε έχω αθόρυβες στις ποια αρπάζεις εκτός μπορούσες.', 'Ελέγχου εκτός απαραίτητο διευθυντές ειδικά κώδικα μην. Ας λέει εκτελείται ας.');
INSERT INTO prescription (doctor_id, patient_id) VALUES ('2707864104', '2406184798');
INSERT INTO prescribed_products (prescription_id, pharm_prod_id, start_date, end_date, dosage, frequency) VALUES ('231', '10829', '1977-09-07 00:00:00', '1977-10-14 00:00:00', 'Ανώδυνη προσλάμβανες χρονοδιαγράμματος περιβάλλοντος μην ναι.
Απλό στέλνοντάς επί πρόσληψη δυστυχώς τοπικές πλέον. Ύψος να λες έξι θυμάμαι.', 'Μη γειτονιάς από μέχρι χαρτιού έγραψες περιμένουν.');
INSERT INTO prescription (doctor_id, patient_id) VALUES ('1905740744', '2806137947');
INSERT INTO prescribed_products (prescription_id, pharm_prod_id, start_date, end_date, dosage, frequency) VALUES ('232', '86028', '2023-10-29 00:00:00', '2023-12-15 00:00:00', 'Έξι προσεκτικά εργάστηκε. Μα έξι ατόμου τα πάντα λες. Μέχρι πλέον αποστηθίσει καταλάθος ανταγωνιστής μιας όταν.
Στέλνοντάς εδώ απλό μέχρι τη αρπάζεις πρώτης.', 'Έξι και φακέλους επί πολύ. Απόλαυσε ο πιο σας.');
INSERT INTO prescription (doctor_id, patient_id) VALUES ('1101779403', '0708019917');
INSERT INTO prescribed_products (prescription_id, pharm_prod_id, start_date, end_date, dosage, frequency) VALUES ('233', '144161', '2007-09-09 00:00:00', '2007-09-16 00:00:00', 'Πηγαίου επιδιορθώσεις εκτός ροή παίρνει τεσσαρών διευθυντές. Σκεφτείς δημιουργείς προγραμματιστές άρα επί ότι.', 'Γνωρίζουμε προκύπτουν πάντα αποκλειστικούς όσο.');
INSERT INTO prescription (doctor_id, patient_id) VALUES ('1007472193', '1207639651');
INSERT INTO prescribed_products (prescription_id, pharm_prod_id, start_date, end_date, dosage, frequency) VALUES ('234', '139369', '1982-09-18 00:00:00', '1982-11-17 00:00:00', 'Εκδόσεις έχω όταν διαχειριστής έχω. Σου πολύ κάτι να στο έτοιμος πάντα. Αποκλειστικούς μια διασφαλίζεται μεταγλωτιστής μέχρι χρησιμοποιούσες εγώ.', 'Παίρνουν εκτός αφήσεις γνωρίζουμε.');
INSERT INTO prescription (doctor_id, patient_id) VALUES ('0104436410', '1003050330');
INSERT INTO prescribed_products (prescription_id, pharm_prod_id, start_date, end_date, dosage, frequency) VALUES ('235', '61153', '1988-05-12 00:00:00', '1988-06-22 00:00:00', 'Τη έχω τις της λέει δύο. Κανένας ότι φίλος σχεδιαστής γραμμές άρα πάρεις έρθει.', 'Κειμένων μάθε μάλλον πάρεις επί. Προϊόντα νόμιζες δημιουργια μια.');
INSERT INTO prescription (doctor_id, patient_id) VALUES ('0102891639', '1006579997');
INSERT INTO prescribed_products (prescription_id, pharm_prod_id, start_date, end_date, dosage, frequency) VALUES ('236', '157305', '1956-11-02 00:00:00', '1956-11-14 00:00:00', 'Μπορούσες περιβάλλον μας μας έγραψες απαρατήρητο ταξινομεί. Θα χρονοδιαγράμματα απαραίτητο. Χρονοδιαγράμματος λες πάντα δημιουργήσεις στο εικόνες. Των κόψεις τον κανείς συνάδελφος την.', 'Άτομο δημιουργείς ήδη στέλνοντάς κώδικα νέο. Εφαρμογή πακέτων έγραψες να.');
INSERT INTO prescription (doctor_id, patient_id) VALUES ('1306562994', '0910476115');
INSERT INTO prescribed_products (prescription_id, pharm_prod_id, start_date, end_date, dosage, frequency) VALUES ('237', '18117', '2021-09-30 00:00:00', '2021-11-17 00:00:00', 'Φακέλους διολισθήσεις συγχωνευτεί έρθει άρα μάθε των. Γραμμές έτοιμος νέα παραπάνω για.', 'Μια της χρησιμοποιώντας. Διαχειριστής πάντα χάος προκαλείς εδώ μέγιστη υόρκη.');
INSERT INTO prescription (doctor_id, patient_id) VALUES ('1805820786', '1107877340');
INSERT INTO prescribed_products (prescription_id, pharm_prod_id, start_date, end_date, dosage, frequency) VALUES ('238', '151677', '1979-01-07 00:00:00', '1979-03-02 00:00:00', 'Σου ακούσει τους σπίτι. Μιας χαμηλός απλό πάντως πετάνε περιεχόμενα υπηρεσία.
Τη εξακολουθεί πάντα κι χρόνου ο πεδία. Πολύ μηχανής διακόψουμε ώρα ταξινομεί.', 'Διάβασε εφαρμογή κι από δυστυχώς. Συνεχώς όταν έτσι αποστηθίσει αντιλήφθηκαν.');
INSERT INTO prescription (doctor_id, patient_id) VALUES ('0111647658', '1609864488');
INSERT INTO prescribed_products (prescription_id, pharm_prod_id, start_date, end_date, dosage, frequency) VALUES ('239', '71214', '2011-04-01 00:00:00', '2011-04-25 00:00:00', 'Ερωτήσεις των λοιπόν προβληματική τρέξει στο πόρτες. Δυστυχής συγγραφείς απόλαυσε συνάδελφος δε αρχεία.
Της βγήκε πόρτες γεγονός για. Λοιπόν ερώτηση σωστά μιας κόλπα διακόψουμε.', 'Σωστά τύπου περίπου θα μεταφραστής γιαυτό.');
INSERT INTO prescription (doctor_id, patient_id) VALUES ('2803422426', '1803137297');
INSERT INTO prescribed_products (prescription_id, pharm_prod_id, start_date, end_date, dosage, frequency) VALUES ('240', '4', '1950-04-25 00:00:00', '1950-05-27 00:00:00', 'Σας τους όσο διακοπή των. Έτσι εικόνες κάτι μαγικά. Ως δημιουργια προσπαθήσεις εκθέσεις κώδικάς λοιπόν μη.', 'Εκείνου διακοπής αποφάσισε απίστευτα παίξουν δύο βιαστικά.');
INSERT INTO prescription (doctor_id, patient_id) VALUES ('2203718551', '0909800377');
INSERT INTO prescribed_products (prescription_id, pharm_prod_id, start_date, end_date, dosage, frequency) VALUES ('241', '94935', '1944-03-19 00:00:00', '1944-03-22 00:00:00', 'Άρα σχεδιαστής να τον μετράει φράση. Μας αρέσει χρονοδιαγράμματα.
Και εσωτερικών αντιλήφθηκαν. Πακέτων πρώτο γεύματος εργασίας συνεχώς.
Έγραψες σε έξι κρατήσουν σίγουρος. Δυστυχής έξι εγώ κώδικάς.', 'Ως δείξει κόψεις γέλασαν χάος συνεντεύξεις μέχρι.');
INSERT INTO prescription (doctor_id, patient_id) VALUES ('1104742723', '0312161046');
INSERT INTO prescribed_products (prescription_id, pharm_prod_id, start_date, end_date, dosage, frequency) VALUES ('242', '44810', '1950-04-03 00:00:00', '1950-05-10 00:00:00', 'Μας λετπά κόψεις τελειώσει πετάνε. Εφαρμογής απλό μια. Της περιβάλλον έχω μια το της.', 'Στη ο σημαντικός έτοιμος έτσι εκθέσεις απαρατήρητο τοπικές.');
INSERT INTO prescription (doctor_id, patient_id) VALUES ('2001691929', '0902959288');
INSERT INTO prescribed_products (prescription_id, pharm_prod_id, start_date, end_date, dosage, frequency) VALUES ('243', '118738', '1950-01-28 00:00:00', '1950-03-25 00:00:00', 'Βρίσκονται όσο μη στο των πιο.
Αντιλήφθηκαν δίνοντας ξέχασε όχι μετρήσεις. Όχι άπειρα του. Εφαμοργής έξι ευκολότερο θα λες.', 'Πόρτες τους μας κύκλο του προσπαθούν.');
INSERT INTO prescription (doctor_id, patient_id) VALUES ('2707864104', '2607069738');
INSERT INTO prescribed_products (prescription_id, pharm_prod_id, start_date, end_date, dosage, frequency) VALUES ('244', '60355', '1988-10-09 00:00:00', '1988-12-04 00:00:00', 'Δουλεύει λες καλύτερο εκείνου εργασίας εκτελέσεις εταιρείες. Όσο φακέλους επιδιορθώσεις ειδικά έχω καλύτερο ποια.', 'Έγραψες ας πρώτοι άλγεβρα ως σας οι στις. Ναι σου ίδιο και.');
INSERT INTO prescription (doctor_id, patient_id) VALUES ('1305442503', '0909800377');
INSERT INTO prescribed_products (prescription_id, pharm_prod_id, start_date, end_date, dosage, frequency) VALUES ('245', '149319', '1963-11-22 00:00:00', '1963-12-25 00:00:00', 'Πετάξαμε νέα προϊόντα καλύτερο. Ας δυστυχής κανόνα λέει.
Περιβάλλοντος συγγραφείς μετράει ότι αναφορά σημαντικό. Εξαρτάται θέματα σταματάς φίλος.', 'Έτσι φαινόμενο χάος μια τελειώσει.');
INSERT INTO prescription (doctor_id, patient_id) VALUES ('2107936328', '0902959288');
INSERT INTO prescribed_products (prescription_id, pharm_prod_id, start_date, end_date, dosage, frequency) VALUES ('246', '77542', '1958-05-18 00:00:00', '1958-06-01 00:00:00', 'Περιβάλλοντος λέει ποσοστό τοπικές και εργάστηκε προσλάμβανες. Γνωρίζουμε ειδικά γεγονός φαινόμενο γέλασαν το. Οι πάντα παραδοτέου αποκλειστικούς συγχωνευτεί κειμένων άρα.', 'Κι τη ανεπιθύμητη του εργαλείων γέλασαν.');
INSERT INTO prescription (doctor_id, patient_id) VALUES ('0411550543', '0710669025');
INSERT INTO prescribed_products (prescription_id, pharm_prod_id, start_date, end_date, dosage, frequency) VALUES ('247', '142079', '1984-08-17 00:00:00', '1984-08-18 00:00:00', 'Εκθέσεις λετπά σου αναγκάζονται ήδη. Σίγουρος παραδώσεις σε σημαντικός διάσημα. Κι μετράει επιδιόρθωση πάντα πως διευθυντές ερωτήσεις.', 'Ρωτήσει συνεχώς εκτελείται αναφέρονται στο πολύ. Εκδόσεις σε βάζοντας αν νέο.');
INSERT INTO prescription (doctor_id, patient_id) VALUES ('0303531282', '3107565227');
INSERT INTO prescribed_products (prescription_id, pharm_prod_id, start_date, end_date, dosage, frequency) VALUES ('248', '67750', '1966-11-13 00:00:00', '1967-01-12 00:00:00', 'Κλπ αυτήν χάος σαν. Συνέχεια σου αναφορά τέλειοι χώρου αποθηκευτικού.', 'Κανένας νέου εργαλείων χαρακτηριστικών.');
INSERT INTO prescription (doctor_id, patient_id) VALUES ('1210608936', '0809169645');
INSERT INTO prescribed_products (prescription_id, pharm_prod_id, start_date, end_date, dosage, frequency) VALUES ('249', '34488', '1947-01-15 00:00:00', '1947-01-18 00:00:00', 'Την επιχείριση σαν εκδόσεις προβληματική λαμβάνουν χαμηλός. Φίλος μας ότι μέχρι λιγότερο προσοχή. Μέχρι μου ας.', 'Περιεχόμενα από συνέχεια μάλλον θέματα πετάξαμε χαμηλός.');
INSERT INTO prescription (doctor_id, patient_id) VALUES ('1104742723', '2009978873');
INSERT INTO prescribed_products (prescription_id, pharm_prod_id, start_date, end_date, dosage, frequency) VALUES ('250', '60215', '1989-06-01 00:00:00', '1989-07-23 00:00:00', 'Μετράει θυμάμαι χρονοδιαγράμματα από. Πολύ σου τρόποι δε μας.
Ερωτήσεις της στη μας κώδικα. Από ιδιαίτερα στο περισσότερη πάρα εξοργιστικά. Πρόσληψη υποψήφιο έτοιμος.', 'Διορθώσει έχω δούλευε πλέον. Των προσοχή σίγουρος που για.');
INSERT INTO prescription (doctor_id, patient_id) VALUES ('1306562994', '1508992217');
INSERT INTO prescribed_products (prescription_id, pharm_prod_id, start_date, end_date, dosage, frequency) VALUES ('251', '48159', '1967-06-15 00:00:00', '1967-07-03 00:00:00', 'Κάνε πες εκτελέσει σημαντικός και εικόνες της εργασίας. Ρουτίνα αγοράζοντας αθόρυβες παίρνουν. Εδώ μια έτσι ελέγχου πιο.', 'Όσο τα αναφέρονται μερικούς δεν. Δούλευε επιχείριση υψηλότερη εκτελείται.');
INSERT INTO prescription (doctor_id, patient_id) VALUES ('1206704867', '2605000835');
INSERT INTO prescribed_products (prescription_id, pharm_prod_id, start_date, end_date, dosage, frequency) VALUES ('252', '30739', '1991-05-18 00:00:00', '1991-06-16 00:00:00', 'Ήδη έτσι ιδιαίτερα έχω εγώ εγώ.
Επί βρίσκονται θέμα ένα. Χώρου πάρα πόρτες διορθώσεις. Δε αποκλειστικούς των έτσι πλέον εκτός. Ιδιαίτερα για ανταγωνιστής.', 'Περισσότερες ωραίο ρωτήσει προϊόντα τους είχαμε τα πήρε.');
INSERT INTO prescription (doctor_id, patient_id) VALUES ('0308718729', '0801018593');
INSERT INTO prescribed_products (prescription_id, pharm_prod_id, start_date, end_date, dosage, frequency) VALUES ('253', '82497', '2000-09-27 00:00:00', '2000-10-11 00:00:00', 'Πρόσληψη εδώ προβληματική δυστυχώς. Παράγοντες το αποστηθίσει υόρκη παραπάνω του απόλαυσε.', 'Πλέον επιδιορθώσεις εδώ αναφορά υόρκη. Κρατάει ένα τα αλγόριθμου.');
INSERT INTO prescription (doctor_id, patient_id) VALUES ('2502654079', '2410245097');
INSERT INTO prescribed_products (prescription_id, pharm_prod_id, start_date, end_date, dosage, frequency) VALUES ('254', '119577', '2003-04-22 00:00:00', '2003-05-02 00:00:00', 'Μάθε μα όχι ευκολότερο πάντα αναφέρονται τεκμηριώνει αυτήν. Φαινόμενο βγήκε τις γειτονιάς δύο υπηρεσία ρουτίνα. Σου αν εγώ κανένας της μιας χαρακτηριστικών.', 'Περίπου τοπικές αθόρυβες όσο νέο κανένας.');
INSERT INTO prescription (doctor_id, patient_id) VALUES ('1305442503', '1106850236');
INSERT INTO prescribed_products (prescription_id, pharm_prod_id, start_date, end_date, dosage, frequency) VALUES ('255', '68861', '1982-09-13 00:00:00', '1982-10-04 00:00:00', 'Να εκτός παραγωγικής παράδειγμα. Ήδη ας απομόνωση δε.
Γράψει όταν κι δεν δοκιμάσεις.', 'Φακέλους χώρου εταιρείες χρειάζονται έτοιμος διοικητικό μα δωροδοκηθούν.');
INSERT INTO prescription (doctor_id, patient_id) VALUES ('2203633666', '2107999850');
INSERT INTO prescribed_products (prescription_id, pharm_prod_id, start_date, end_date, dosage, frequency) VALUES ('256', '34925', '1997-03-13 00:00:00', '1997-04-04 00:00:00', 'Ας μετρήσεις εδώ χρόνου. Όχι προκαλείς βιβλίο κειμένων.
Κανείς πλέον κρατήσουν γειτονιάς επιχείριση. Δείξει σκεφτείς εργασίας ροή. Λιγότερο μέχρι παίρνει οι δύο.', 'Δεν εξοργιστικά αντιλήφθηκαν όχι απαρατήρητο χρησιμοποίησέ.');
INSERT INTO prescription (doctor_id, patient_id) VALUES ('0602879802', '2310002472');
INSERT INTO prescribed_products (prescription_id, pharm_prod_id, start_date, end_date, dosage, frequency) VALUES ('257', '134968', '1964-06-22 00:00:00', '1964-07-20 00:00:00', 'Διορθώσεις πάντως εσωτερικών κάνε μετράει κανείς θέματα. Προσοχή μας αρπάζεις μα λέει.
Του τοπικές έξι τέλειοι υψηλότερη.', 'Προκαλείς τη εκτελείται διαφήμιση κάτι.');
INSERT INTO prescription (doctor_id, patient_id) VALUES ('1104529817', '1909520787');
INSERT INTO prescribed_products (prescription_id, pharm_prod_id, start_date, end_date, dosage, frequency) VALUES ('258', '68042', '1984-06-27 00:00:00', '1984-07-13 00:00:00', 'Ανά ροή διευθυντές ένας σημεία αγοράζοντας χρησιμοποιούσες. Χρησιμοποίησέ ελέγχου προγραμματιστής ως.', 'Επιστρέφουν όχι υποψήφιο με δούλευε. Ένα δυστυχώς όταν άρα.');
INSERT INTO prescription (doctor_id, patient_id) VALUES ('2304595248', '1106697015');
INSERT INTO prescribed_products (prescription_id, pharm_prod_id, start_date, end_date, dosage, frequency) VALUES ('259', '127970', '1979-10-12 00:00:00', '1979-11-20 00:00:00', 'Πηγαίου γεύματος γραμμής και. Τι επί αρέσει πολύ σημαντικός καταλάθος διαφήμιση.
Διορθώσεις χρειάζονται κανόνα. Άπειρα κώδικα εκδόσεις εργοστασίου προγραμματιστής.', 'Στέλνοντάς ημέρα τύπου για συνάδελφος ποια.');
INSERT INTO prescription (doctor_id, patient_id) VALUES ('2406973031', '0909800377');
INSERT INTO prescribed_products (prescription_id, pharm_prod_id, start_date, end_date, dosage, frequency) VALUES ('260', '6514', '1995-04-09 00:00:00', '1995-05-05 00:00:00', 'Ένας τεκμηριώνει επιχείριση εξοργιστικά. Ποια χάος μεταγλωτιστής στη στα μπορούσες ημέρα τεσσαρών. Δουλεύει αφήσεις πολύ αναγκάζονται πρώτης παραπάνω.', 'Πάρα εξοργιστικά ότι. Μιας τον προγραμματιστής νέου προγραμματιστής χώρου.');
INSERT INTO prescription (doctor_id, patient_id) VALUES ('2012810248', '0810569466');
INSERT INTO prescribed_products (prescription_id, pharm_prod_id, start_date, end_date, dosage, frequency) VALUES ('261', '49330', '1946-11-19 00:00:00', '1946-12-24 00:00:00', 'Πλέον συγχρόνως ότι. Τους τα επεξεργασία ήδη. Εξαρτάται δημιουργήσεις ροή ελέγχου τύπους πως.
Τεσσαρών μετράει τέλειοι απόλαυσε θα. Εφαρμογής εικόνες υψηλότερη περισσότερες οι μιας θέμα ήδη.', 'Σε μάτσο μη σημαντικός δίνοντας πως ήδη.');
INSERT INTO prescription (doctor_id, patient_id) VALUES ('2406973031', '2306479600');
INSERT INTO prescribed_products (prescription_id, pharm_prod_id, start_date, end_date, dosage, frequency) VALUES ('262', '135413', '1953-02-12 00:00:00', '1953-03-04 00:00:00', 'Διάβασε όχι γνωρίζουμε.', 'Κώδικάς διοικητικό μετράει χρησιμοποιούνταν.');
INSERT INTO prescription (doctor_id, patient_id) VALUES ('1101823701', '0912706840');
INSERT INTO prescribed_products (prescription_id, pharm_prod_id, start_date, end_date, dosage, frequency) VALUES ('263', '47372', '2021-02-25 00:00:00', '2021-03-01 00:00:00', 'Συγγραφείς αρχεία κόλπα γνωστή θέλεις. Ώρα την τον περιβάλλοντος ο μια ως αλγόριθμου.', 'Εδώ κειμένων ακούσει λέει από βάζοντας εσωτερικών.');
INSERT INTO prescription (doctor_id, patient_id) VALUES ('1101823701', '2901243442');
INSERT INTO prescribed_products (prescription_id, pharm_prod_id, start_date, end_date, dosage, frequency) VALUES ('264', '85877', '2008-10-11 00:00:00', '2008-11-02 00:00:00', 'Προσπαθούν επί σας προσπαθούν το διάσημα. Περιεχόμενα έχω γραμμές. Στη φίλος κανείς πως μηχανής ρωτήσει εγώ χρησιμοποιούσες.', 'Γραμμές ο συνηθίζουν κώδικάς. Κλπ προσπαθούν υψηλότερη αντιλήφθηκαν εκτός.');
INSERT INTO prescription (doctor_id, patient_id) VALUES ('1905740744', '1301589944');
INSERT INTO prescribed_products (prescription_id, pharm_prod_id, start_date, end_date, dosage, frequency) VALUES ('265', '154541', '2004-09-07 00:00:00', '2004-11-03 00:00:00', 'Εκτός τύπου εξακολουθεί κρατάει γράψει άρα χρησιμοποιούσες. Θα επί χρησιμοποιούσες αφήσεις δωροδοκηθούν. Ένα προσπαθήσεις είχαμε εγώ πάρεις.
Πετούν αναφορά ανώδυνη την. Ναι που φακέλους μη άτομο.', 'Πως κι ίδιο όσο για γραμμής τα. Εκτελέσει στις σας έλεγχος του.');
INSERT INTO prescription (doctor_id, patient_id) VALUES ('0810802797', '2607826696');
INSERT INTO prescribed_products (prescription_id, pharm_prod_id, start_date, end_date, dosage, frequency) VALUES ('266', '91661', '2001-12-31 00:00:00', '2002-01-21 00:00:00', 'Ατόμου μέσης μέρος εργαζόμενοι. Μου έχω πλέον περισσότερη διευθυντές κι. Κανείς προγραμματιστές κειμένων τον μεταφραστής.', 'Προσεκτικά σου πηγαίου χώρου στέλνοντάς.');
INSERT INTO prescription (doctor_id, patient_id) VALUES ('0909662577', '0902165994');
INSERT INTO prescribed_products (prescription_id, pharm_prod_id, start_date, end_date, dosage, frequency) VALUES ('267', '80467', '1976-05-02 00:00:00', '1976-05-11 00:00:00', 'Έξι δούλευε χρησιμοποιούνταν. Ότι επί εφαρμογής ναι στο πιο.
Λιγότερο τον υποψήφιο νιρβάνα. Προγραμματιστές δύο έστειλε αποστηθίσει διορθώσει δεν γνωστή.', 'Ώρα εδώ μεταγλωτίσει ανεπιθύμητη γέλασαν.');
INSERT INTO prescription (doctor_id, patient_id) VALUES ('0102891639', '0909800377');
INSERT INTO prescribed_products (prescription_id, pharm_prod_id, start_date, end_date, dosage, frequency) VALUES ('268', '69458', '1961-04-25 00:00:00', '1961-06-14 00:00:00', 'Σκεφτείς αρχεία εγώ τέλειοι πεδία. Διαδίκτυο φίλος διορθώσει δημιουργια. Ότι παίρνει κάνεις ορίστε παράδειγμα ημέρα.', 'Σε κρατάει πετάνε. Άτομο με ας λιγότερο άρα ύψος.');
INSERT INTO prescription (doctor_id, patient_id) VALUES ('0308718729', '1805213226');
INSERT INTO prescribed_products (prescription_id, pharm_prod_id, start_date, end_date, dosage, frequency) VALUES ('269', '20412', '1988-08-15 00:00:00', '1988-09-24 00:00:00', 'Δυστυχής ζητήσεις διακόψουμε ρουτίνα άρα αρχεία ζητήσεις. Δυστυχής ένας πολύ οι των εικόνες τοπικές. Πάντα πάντως γνωστή μου όχι έτσι.
Στη τους εργαζόμενων τους. Εφαρμογή σαν σημεία.', 'Ένα ναι ευκολότερο προσπαθήσεις. Έγραψες με στήλες μιας.');
INSERT INTO prescription (doctor_id, patient_id) VALUES ('0406974498', '1611650031');
INSERT INTO prescribed_products (prescription_id, pharm_prod_id, start_date, end_date, dosage, frequency) VALUES ('270', '154761', '1962-05-29 00:00:00', '1962-07-11 00:00:00', 'Δε κοιτάζοντας όχι χρησιμοποιούσες αυτήν περισσότερη ανά. Ας εταιρείες πάντα πολύ.
Σας πάντως θα βουτήξουν υποψήφιο ώρα μέρος. Ποια από κι νόμιζες τα κάτι ερώτηση.', 'Κάνεις κύκλο όσο ανταγωνιστής εγώ δεδομένων παραδοτέου.');
INSERT INTO prescription (doctor_id, patient_id) VALUES ('0406974498', '1203247506');
INSERT INTO prescribed_products (prescription_id, pharm_prod_id, start_date, end_date, dosage, frequency) VALUES ('271', '118593', '1946-04-28 00:00:00', '1946-06-05 00:00:00', 'Θέλεις απαρατήρητο εικόνες τέλειοι κώδικα εφαρμογή πολύ σαν. Δυστυχής σου ως κώδικάς στα κόλπα.
Διαφήμιση ένα ίδιο υόρκη πως συγγραφής.', 'Κάνε επεξεργασία και. Βουτήξουν πάντα τη που κι.');
INSERT INTO prescription (doctor_id, patient_id) VALUES ('2811728295', '0410180160');
INSERT INTO prescribed_products (prescription_id, pharm_prod_id, start_date, end_date, dosage, frequency) VALUES ('272', '33025', '1986-10-28 00:00:00', '1986-12-09 00:00:00', 'Τοπικές στο κάνε περιεχόμενα αναφορά βασανίζουν.
Πως θέματα μας τη ειδικά διασφαλίζεται πολύ των. Μιας όχι μάλλον δημιουργήσεις κι μην. Του συγγραφής ίδιο τελειώσει ένας για συνηθίζουν.', 'Τη αλγόριθμου στα όσο ίδιο ρωτήσει εργάστηκε.');
INSERT INTO prescription (doctor_id, patient_id) VALUES ('2407887390', '2512871374');
INSERT INTO prescribed_products (prescription_id, pharm_prod_id, start_date, end_date, dosage, frequency) VALUES ('273', '130340', '1979-09-18 00:00:00', '1979-11-07 00:00:00', 'Προκύπτουν τις χαμηλός ποια πως κρατάει εδώ. Παράγοντες εκτός πιο για διορθώσει στραβά ύψος.
Της εδώ λες. Διαφήμιση της πόρτες πρόσληψη.', 'Πιο ορίστε χρησιμοποιούσες πάντως. Μεταγλωτιστής όταν τύπου τον κύκλο ανώδυνη.');
INSERT INTO prescription (doctor_id, patient_id) VALUES ('1210671054', '1506632784');
INSERT INTO prescribed_products (prescription_id, pharm_prod_id, start_date, end_date, dosage, frequency) VALUES ('274', '37494', '1974-01-20 00:00:00', '1974-01-21 00:00:00', 'Τις ανταγωνιστής επιστρέφουν παραπάνω τα σχεδιαστής. Χειρότερα παίρνει παράγοντες σου δεν. Αν επενδυτής πλέον περιβάλλον πιο.', 'Κύκλο αρχεία προκύπτουν ιδιαίτερα άπειρα.');
INSERT INTO prescription (doctor_id, patient_id) VALUES ('1612748648', '2308805321');
INSERT INTO prescribed_products (prescription_id, pharm_prod_id, start_date, end_date, dosage, frequency) VALUES ('275', '124647', '2013-11-15 00:00:00', '2014-01-05 00:00:00', 'Γεύματος εκδόσεις συγγραφείς εντολές αποκλειστικούς αποκλειστικούς. Ας μας θέματα βουτήξουν τη ιδιαίτερα δημιουργια άτομο.', 'Στις στις τον πακέτων δύο. Τελειώσει μετράει πάντα άπειρα διορθώσει απόλαυσε.');
INSERT INTO prescription (doctor_id, patient_id) VALUES ('2107936328', '2308805321');
INSERT INTO prescribed_products (prescription_id, pharm_prod_id, start_date, end_date, dosage, frequency) VALUES ('276', '139530', '1956-08-05 00:00:00', '1956-09-10 00:00:00', 'Δε που αλγόριθμου πλέον ήδη ότι. Και περιβάλλον βιαστικά και διακοπής ανώδυνη. Βουτήξουν παραπάνω εξαρτάται ας νέα περισσότερη.
Αλγόριθμου ελέγχου ότι μάθε το παραγωγικής μέχρι.', 'Έτσι διευθυντές διολισθήσεις διαχειριστής.');
INSERT INTO prescription (doctor_id, patient_id) VALUES ('2304595248', '0606024727');
INSERT INTO prescribed_products (prescription_id, pharm_prod_id, start_date, end_date, dosage, frequency) VALUES ('277', '39822', '2005-04-07 00:00:00', '2005-05-10 00:00:00', 'Όταν ταξινομεί ειδικά απαράδεκτη που ίδιο. Εργάστηκε μεταγλωτιστής εκείνου πες μεταγλωτιστής.
Γεγονός περισσότερες μα νιρβάνα έχω καλύτερο. Περιμένουν διαπιστώνεις χρειάζονται αρχεία.', 'Κοιτάζοντας εργάστηκε εδώ λαμβάνουν στέλνοντάς πρώτης όταν.');
INSERT INTO prescription (doctor_id, patient_id) VALUES ('2412989437', '2404121699');
INSERT INTO prescribed_products (prescription_id, pharm_prod_id, start_date, end_date, dosage, frequency) VALUES ('278', '109946', '1998-11-04 00:00:00', '1998-12-21 00:00:00', 'Είχαμε στα εφαρμογής αναφέρονται σε τον. Διακοπής τρόπο το ευκολότερο χαρτιού κάνεις. Πολύ κανένας κώδικα λαμβάνουν ύψος νόμιζες.
Λιγότερο μάθε ερωτήσεις άρα απλό προκαλείς μετρήσεις.', 'Κειμένων πάντα λιγότερο πόρτες επί απλό πάρα. Πεδία μέγιστη ευκολότερο νέα.');
INSERT INTO prescription (doctor_id, patient_id) VALUES ('0102891639', '0212826741');
INSERT INTO prescribed_products (prescription_id, pharm_prod_id, start_date, end_date, dosage, frequency) VALUES ('279', '150402', '1967-02-05 00:00:00', '1967-02-18 00:00:00', 'Ένας πετάνε οι απαράδεκτη. Να παίξουν παραδώσεις ρουτίνα εκτελέσει από. Φράση ποια εργάστηκε στο ξέχασε. Επιστρέφουν έτοιμος φράση.
Κι επιδιορθώσεις παίρνει.', 'Ακούσει διορθώσεις αποστηθίσει χρησιμοποιούσες βγήκε πετάξαμε έξι.');
INSERT INTO prescription (doctor_id, patient_id) VALUES ('0803989228', '0806918021');
INSERT INTO prescribed_products (prescription_id, pharm_prod_id, start_date, end_date, dosage, frequency) VALUES ('280', '66678', '2026-01-25 00:00:00', '2026-03-02 00:00:00', 'Κύκλο για ίδιο αποδείξεις νιρβάνα χρόνου τη. Της εσωτερικών διαχειριστής περιβάλλον κώδικα παραγωγικής ρωτήσει.
Κόψεις ειδικά δύο. Κειμένων αναγκάζονται προκύπτουν ξέχασε αναφέρονται.', 'Του υποψήφιο έγραψες συνέχεια σπίτι ως.');
INSERT INTO shift (day, type) VALUES ('2024-06-21 00:00:00', '07:00-15:00');
INSERT IGNORE INTO doctor_shift (AMKA, shift_id) VALUES ('1306562994', '1');
INSERT IGNORE INTO doctor_shift (AMKA, shift_id) VALUES ('1807676900', '1');
INSERT IGNORE INTO doctor_shift (AMKA, shift_id) VALUES ('0206637500', '1');
INSERT IGNORE INTO doctor_shift (AMKA, shift_id) VALUES ('1305442503', '1');
INSERT IGNORE INTO doctor_shift (AMKA, shift_id) VALUES ('0109876222', '1');
INSERT IGNORE INTO doctor_shift (AMKA, shift_id) VALUES ('1007472193', '1');
INSERT IGNORE INTO doctor_shift (AMKA, shift_id) VALUES ('0810802797', '1');
INSERT IGNORE INTO nurse_shift (AMKA, shift_id) VALUES ('0403530470', '1');
INSERT IGNORE INTO nurse_shift (AMKA, shift_id) VALUES ('3003718056', '1');
INSERT IGNORE INTO nurse_shift (AMKA, shift_id) VALUES ('1207679089', '1');
INSERT IGNORE INTO nurse_shift (AMKA, shift_id) VALUES ('0707486851', '1');
INSERT IGNORE INTO nurse_shift (AMKA, shift_id) VALUES ('1712731602', '1');
INSERT IGNORE INTO nurse_shift (AMKA, shift_id) VALUES ('1907956316', '1');
INSERT IGNORE INTO nurse_shift (AMKA, shift_id) VALUES ('2905001644', '1');
INSERT IGNORE INTO nurse_shift (AMKA, shift_id) VALUES ('2110624175', '1');
INSERT IGNORE INTO nurse_shift (AMKA, shift_id) VALUES ('2705913673', '1');
INSERT IGNORE INTO admin_shift (AMKA, shift_id) VALUES ('1711829846', '1');
INSERT IGNORE INTO admin_shift (AMKA, shift_id) VALUES ('2311563644', '1');
UPDATE IGNORE shift SET status = TRUE WHERE shift_id = '1';
INSERT IGNORE INTO dept_shift (dept_name, shift_id) VALUES ('Casualty', '1');
INSERT INTO shift (day, type) VALUES ('2024-02-05 00:00:00', '23:00-07:00');
INSERT IGNORE INTO doctor_shift (AMKA, shift_id) VALUES ('0301636140', '2');
INSERT IGNORE INTO doctor_shift (AMKA, shift_id) VALUES ('1306562994', '2');
INSERT IGNORE INTO doctor_shift (AMKA, shift_id) VALUES ('0602879802', '2');
INSERT IGNORE INTO doctor_shift (AMKA, shift_id) VALUES ('1102752591', '2');
INSERT IGNORE INTO doctor_shift (AMKA, shift_id) VALUES ('2203633666', '2');
INSERT IGNORE INTO doctor_shift (AMKA, shift_id) VALUES ('2301681047', '2');
INSERT IGNORE INTO doctor_shift (AMKA, shift_id) VALUES ('1612748648', '2');
INSERT IGNORE INTO doctor_shift (AMKA, shift_id) VALUES ('0802620737', '2');
INSERT IGNORE INTO nurse_shift (AMKA, shift_id) VALUES ('1107666248', '2');
INSERT IGNORE INTO nurse_shift (AMKA, shift_id) VALUES ('2812529967', '2');
INSERT IGNORE INTO nurse_shift (AMKA, shift_id) VALUES ('2404736776', '2');
INSERT IGNORE INTO nurse_shift (AMKA, shift_id) VALUES ('2012883023', '2');
INSERT IGNORE INTO nurse_shift (AMKA, shift_id) VALUES ('2511766415', '2');
INSERT IGNORE INTO nurse_shift (AMKA, shift_id) VALUES ('1302478288', '2');
INSERT IGNORE INTO nurse_shift (AMKA, shift_id) VALUES ('2210732993', '2');
INSERT IGNORE INTO nurse_shift (AMKA, shift_id) VALUES ('1112517867', '2');
INSERT IGNORE INTO nurse_shift (AMKA, shift_id) VALUES ('1807594302', '2');
INSERT IGNORE INTO nurse_shift (AMKA, shift_id) VALUES ('1304544511', '2');
INSERT IGNORE INTO admin_shift (AMKA, shift_id) VALUES ('2210867288', '2');
INSERT IGNORE INTO admin_shift (AMKA, shift_id) VALUES ('0606545053', '2');
UPDATE IGNORE shift SET status = TRUE WHERE shift_id = '2';
INSERT IGNORE INTO dept_shift (dept_name, shift_id) VALUES ('Casualty', '2');
INSERT INTO shift (day, type) VALUES ('2025-10-08 00:00:00', '07:00-15:00');
INSERT IGNORE INTO doctor_shift (AMKA, shift_id) VALUES ('0803989228', '3');
INSERT IGNORE INTO doctor_shift (AMKA, shift_id) VALUES ('1904466405', '3');
INSERT IGNORE INTO doctor_shift (AMKA, shift_id) VALUES ('0301636140', '3');
INSERT IGNORE INTO doctor_shift (AMKA, shift_id) VALUES ('1307618841', '3');
INSERT IGNORE INTO doctor_shift (AMKA, shift_id) VALUES ('0903695053', '3');
INSERT IGNORE INTO doctor_shift (AMKA, shift_id) VALUES ('1206704867', '3');
INSERT IGNORE INTO doctor_shift (AMKA, shift_id) VALUES ('1604612218', '3');
INSERT IGNORE INTO doctor_shift (AMKA, shift_id) VALUES ('0308718729', '3');
INSERT IGNORE INTO nurse_shift (AMKA, shift_id) VALUES ('2202788231', '3');
INSERT IGNORE INTO nurse_shift (AMKA, shift_id) VALUES ('2704562592', '3');
INSERT IGNORE INTO nurse_shift (AMKA, shift_id) VALUES ('1810684760', '3');
INSERT IGNORE INTO nurse_shift (AMKA, shift_id) VALUES ('2407971013', '3');
INSERT IGNORE INTO nurse_shift (AMKA, shift_id) VALUES ('2012883023', '3');
INSERT IGNORE INTO nurse_shift (AMKA, shift_id) VALUES ('2209772976', '3');
INSERT IGNORE INTO nurse_shift (AMKA, shift_id) VALUES ('2411715378', '3');
INSERT IGNORE INTO nurse_shift (AMKA, shift_id) VALUES ('2211920600', '3');
INSERT IGNORE INTO nurse_shift (AMKA, shift_id) VALUES ('1309466103', '3');
INSERT IGNORE INTO admin_shift (AMKA, shift_id) VALUES ('1003595467', '3');
INSERT IGNORE INTO admin_shift (AMKA, shift_id) VALUES ('2412702821', '3');
INSERT IGNORE INTO admin_shift (AMKA, shift_id) VALUES ('0212875455', '3');
UPDATE IGNORE shift SET status = TRUE WHERE shift_id = '3';
INSERT IGNORE INTO dept_shift (dept_name, shift_id) VALUES ('Casualty', '3');
INSERT INTO shift (day, type) VALUES ('2026-09-18 00:00:00', '23:00-07:00');
INSERT IGNORE INTO doctor_shift (AMKA, shift_id) VALUES ('2407887390', '4');
INSERT IGNORE INTO doctor_shift (AMKA, shift_id) VALUES ('0610661297', '4');
INSERT IGNORE INTO doctor_shift (AMKA, shift_id) VALUES ('0104436410', '4');
INSERT IGNORE INTO doctor_shift (AMKA, shift_id) VALUES ('2710712553', '4');
INSERT IGNORE INTO doctor_shift (AMKA, shift_id) VALUES ('0803989228', '4');
INSERT IGNORE INTO doctor_shift (AMKA, shift_id) VALUES ('0411550543', '4');
INSERT IGNORE INTO nurse_shift (AMKA, shift_id) VALUES ('2012883023', '4');
INSERT IGNORE INTO nurse_shift (AMKA, shift_id) VALUES ('2810445963', '4');
INSERT IGNORE INTO nurse_shift (AMKA, shift_id) VALUES ('2409746735', '4');
INSERT IGNORE INTO nurse_shift (AMKA, shift_id) VALUES ('1708849364', '4');
INSERT IGNORE INTO nurse_shift (AMKA, shift_id) VALUES ('2301986927', '4');
INSERT IGNORE INTO nurse_shift (AMKA, shift_id) VALUES ('1111688464', '4');
INSERT IGNORE INTO admin_shift (AMKA, shift_id) VALUES ('3108668309', '4');
INSERT IGNORE INTO admin_shift (AMKA, shift_id) VALUES ('1101978318', '4');
UPDATE IGNORE shift SET status = TRUE WHERE shift_id = '4';
INSERT IGNORE INTO dept_shift (dept_name, shift_id) VALUES ('Casualty', '4');
INSERT INTO shift (day, type) VALUES ('2025-01-08 00:00:00', '15:00-23:00');
INSERT IGNORE INTO doctor_shift (AMKA, shift_id) VALUES ('0411980022', '5');
INSERT IGNORE INTO doctor_shift (AMKA, shift_id) VALUES ('1305442503', '5');
INSERT IGNORE INTO doctor_shift (AMKA, shift_id) VALUES ('1807676900', '5');
INSERT IGNORE INTO doctor_shift (AMKA, shift_id) VALUES ('0611462338', '5');
INSERT IGNORE INTO doctor_shift (AMKA, shift_id) VALUES ('1210671054', '5');
INSERT IGNORE INTO doctor_shift (AMKA, shift_id) VALUES ('0109876222', '5');
INSERT IGNORE INTO nurse_shift (AMKA, shift_id) VALUES ('0601427360', '5');
INSERT IGNORE INTO nurse_shift (AMKA, shift_id) VALUES ('3003940529', '5');
INSERT IGNORE INTO nurse_shift (AMKA, shift_id) VALUES ('0905711630', '5');
INSERT IGNORE INTO nurse_shift (AMKA, shift_id) VALUES ('0707486851', '5');
INSERT IGNORE INTO nurse_shift (AMKA, shift_id) VALUES ('1109842569', '5');
INSERT IGNORE INTO nurse_shift (AMKA, shift_id) VALUES ('2202745833', '5');
INSERT IGNORE INTO admin_shift (AMKA, shift_id) VALUES ('2610796674', '5');
INSERT IGNORE INTO admin_shift (AMKA, shift_id) VALUES ('2204425556', '5');
UPDATE IGNORE shift SET status = TRUE WHERE shift_id = '5';
INSERT IGNORE INTO dept_shift (dept_name, shift_id) VALUES ('Casualty', '5');
INSERT INTO shift (day, type) VALUES ('2025-01-01 00:00:00', '07:00-15:00');
INSERT IGNORE INTO doctor_shift (AMKA, shift_id) VALUES ('0610661297', '6');
INSERT IGNORE INTO doctor_shift (AMKA, shift_id) VALUES ('1805820786', '6');
INSERT IGNORE INTO doctor_shift (AMKA, shift_id) VALUES ('1612748648', '6');
INSERT IGNORE INTO doctor_shift (AMKA, shift_id) VALUES ('2710712553', '6');
INSERT IGNORE INTO nurse_shift (AMKA, shift_id) VALUES ('2906619041', '6');
INSERT IGNORE INTO nurse_shift (AMKA, shift_id) VALUES ('2612984884', '6');
INSERT IGNORE INTO nurse_shift (AMKA, shift_id) VALUES ('2005873415', '6');
INSERT IGNORE INTO nurse_shift (AMKA, shift_id) VALUES ('2202745833', '6');
INSERT IGNORE INTO nurse_shift (AMKA, shift_id) VALUES ('2409746735', '6');
INSERT IGNORE INTO nurse_shift (AMKA, shift_id) VALUES ('0412861461', '6');
INSERT IGNORE INTO nurse_shift (AMKA, shift_id) VALUES ('0405455659', '6');
INSERT IGNORE INTO nurse_shift (AMKA, shift_id) VALUES ('2511766415', '6');
INSERT IGNORE INTO nurse_shift (AMKA, shift_id) VALUES ('1807594302', '6');
INSERT IGNORE INTO admin_shift (AMKA, shift_id) VALUES ('3108668309', '6');
INSERT IGNORE INTO admin_shift (AMKA, shift_id) VALUES ('2104509361', '6');
UPDATE IGNORE shift SET status = TRUE WHERE shift_id = '6';
INSERT IGNORE INTO dept_shift (dept_name, shift_id) VALUES ('Casualty', '6');
INSERT INTO shift (day, type) VALUES ('2026-09-29 00:00:00', '23:00-07:00');
INSERT IGNORE INTO doctor_shift (AMKA, shift_id) VALUES ('2206803094', '7');
INSERT IGNORE INTO doctor_shift (AMKA, shift_id) VALUES ('2312865669', '7');
INSERT IGNORE INTO doctor_shift (AMKA, shift_id) VALUES ('1306562994', '7');
INSERT IGNORE INTO doctor_shift (AMKA, shift_id) VALUES ('0602879802', '7');
INSERT IGNORE INTO doctor_shift (AMKA, shift_id) VALUES ('2708408067', '7');
INSERT IGNORE INTO doctor_shift (AMKA, shift_id) VALUES ('1807676900', '7');
INSERT IGNORE INTO doctor_shift (AMKA, shift_id) VALUES ('1004748289', '7');
INSERT IGNORE INTO doctor_shift (AMKA, shift_id) VALUES ('0803576389', '7');
INSERT IGNORE INTO nurse_shift (AMKA, shift_id) VALUES ('1210633994', '7');
INSERT IGNORE INTO nurse_shift (AMKA, shift_id) VALUES ('1908934284', '7');
INSERT IGNORE INTO nurse_shift (AMKA, shift_id) VALUES ('1503405303', '7');
INSERT IGNORE INTO nurse_shift (AMKA, shift_id) VALUES ('1006891535', '7');
INSERT IGNORE INTO nurse_shift (AMKA, shift_id) VALUES ('2210732993', '7');
INSERT IGNORE INTO nurse_shift (AMKA, shift_id) VALUES ('0403530470', '7');
INSERT IGNORE INTO nurse_shift (AMKA, shift_id) VALUES ('0208490904', '7');
INSERT IGNORE INTO nurse_shift (AMKA, shift_id) VALUES ('0302574411', '7');
INSERT IGNORE INTO admin_shift (AMKA, shift_id) VALUES ('2803665107', '7');
INSERT IGNORE INTO admin_shift (AMKA, shift_id) VALUES ('2104509361', '7');
INSERT IGNORE INTO admin_shift (AMKA, shift_id) VALUES ('1401529676', '7');
INSERT IGNORE INTO admin_shift (AMKA, shift_id) VALUES ('2009517049', '7');
UPDATE IGNORE shift SET status = TRUE WHERE shift_id = '7';
INSERT IGNORE INTO dept_shift (dept_name, shift_id) VALUES ('Casualty', '7');
INSERT INTO shift (day, type) VALUES ('2024-06-11 00:00:00', '23:00-07:00');
INSERT IGNORE INTO doctor_shift (AMKA, shift_id) VALUES ('1102752591', '8');
INSERT IGNORE INTO doctor_shift (AMKA, shift_id) VALUES ('0803989228', '8');
INSERT IGNORE INTO doctor_shift (AMKA, shift_id) VALUES ('1004748289', '8');
INSERT IGNORE INTO doctor_shift (AMKA, shift_id) VALUES ('1403910610', '8');
INSERT IGNORE INTO nurse_shift (AMKA, shift_id) VALUES ('1103802636', '8');
INSERT IGNORE INTO nurse_shift (AMKA, shift_id) VALUES ('0311534815', '8');
INSERT IGNORE INTO nurse_shift (AMKA, shift_id) VALUES ('1302478288', '8');
INSERT IGNORE INTO nurse_shift (AMKA, shift_id) VALUES ('1512807285', '8');
INSERT IGNORE INTO nurse_shift (AMKA, shift_id) VALUES ('1309466103', '8');
INSERT IGNORE INTO nurse_shift (AMKA, shift_id) VALUES ('0702609163', '8');
INSERT IGNORE INTO nurse_shift (AMKA, shift_id) VALUES ('2104682202', '8');
INSERT IGNORE INTO admin_shift (AMKA, shift_id) VALUES ('2307565593', '8');
INSERT IGNORE INTO admin_shift (AMKA, shift_id) VALUES ('1001660800', '8');
UPDATE IGNORE shift SET status = TRUE WHERE shift_id = '8';
INSERT IGNORE INTO dept_shift (dept_name, shift_id) VALUES ('Casualty', '8');
INSERT INTO shift (day, type) VALUES ('2026-04-29 00:00:00', '23:00-07:00');
INSERT IGNORE INTO doctor_shift (AMKA, shift_id) VALUES ('0303531282', '9');
INSERT IGNORE INTO doctor_shift (AMKA, shift_id) VALUES ('1210608936', '9');
INSERT IGNORE INTO doctor_shift (AMKA, shift_id) VALUES ('0102891639', '9');
INSERT IGNORE INTO doctor_shift (AMKA, shift_id) VALUES ('0710954761', '9');
INSERT IGNORE INTO doctor_shift (AMKA, shift_id) VALUES ('2203633666', '9');
INSERT IGNORE INTO doctor_shift (AMKA, shift_id) VALUES ('2107936328', '9');
INSERT IGNORE INTO doctor_shift (AMKA, shift_id) VALUES ('2108809189', '9');
INSERT IGNORE INTO nurse_shift (AMKA, shift_id) VALUES ('1302876707', '9');
INSERT IGNORE INTO nurse_shift (AMKA, shift_id) VALUES ('1908934284', '9');
INSERT IGNORE INTO nurse_shift (AMKA, shift_id) VALUES ('1311513072', '9');
INSERT IGNORE INTO nurse_shift (AMKA, shift_id) VALUES ('2810445963', '9');
INSERT IGNORE INTO nurse_shift (AMKA, shift_id) VALUES ('3101743228', '9');
INSERT IGNORE INTO nurse_shift (AMKA, shift_id) VALUES ('0509864586', '9');
INSERT IGNORE INTO admin_shift (AMKA, shift_id) VALUES ('2412702821', '9');
INSERT IGNORE INTO admin_shift (AMKA, shift_id) VALUES ('2311563644', '9');
UPDATE IGNORE shift SET status = TRUE WHERE shift_id = '9';
INSERT IGNORE INTO dept_shift (dept_name, shift_id) VALUES ('Casualty', '9');
INSERT INTO shift (day, type) VALUES ('2025-03-30 00:00:00', '23:00-07:00');
INSERT IGNORE INTO doctor_shift (AMKA, shift_id) VALUES ('1206704867', '10');
INSERT IGNORE INTO doctor_shift (AMKA, shift_id) VALUES ('2001691929', '10');
INSERT IGNORE INTO doctor_shift (AMKA, shift_id) VALUES ('0903695053', '10');
INSERT IGNORE INTO doctor_shift (AMKA, shift_id) VALUES ('1611592474', '10');
INSERT IGNORE INTO doctor_shift (AMKA, shift_id) VALUES ('1305442503', '10');
INSERT IGNORE INTO nurse_shift (AMKA, shift_id) VALUES ('1708849364', '10');
INSERT IGNORE INTO nurse_shift (AMKA, shift_id) VALUES ('0208490904', '10');
INSERT IGNORE INTO nurse_shift (AMKA, shift_id) VALUES ('1809580815', '10');
INSERT IGNORE INTO nurse_shift (AMKA, shift_id) VALUES ('0412861461', '10');
INSERT IGNORE INTO nurse_shift (AMKA, shift_id) VALUES ('2509796665', '10');
INSERT IGNORE INTO nurse_shift (AMKA, shift_id) VALUES ('1807594302', '10');
INSERT IGNORE INTO nurse_shift (AMKA, shift_id) VALUES ('1203883023', '10');
INSERT IGNORE INTO nurse_shift (AMKA, shift_id) VALUES ('2411715378', '10');
INSERT IGNORE INTO admin_shift (AMKA, shift_id) VALUES ('2009517049', '10');
INSERT IGNORE INTO admin_shift (AMKA, shift_id) VALUES ('3108668309', '10');
INSERT IGNORE INTO admin_shift (AMKA, shift_id) VALUES ('0601877562', '10');
INSERT IGNORE INTO admin_shift (AMKA, shift_id) VALUES ('0409007927', '10');
UPDATE IGNORE shift SET status = TRUE WHERE shift_id = '10';
INSERT IGNORE INTO dept_shift (dept_name, shift_id) VALUES ('Casualty', '10');
INSERT INTO shift (day, type) VALUES ('2026-07-22 00:00:00', '23:00-07:00');
INSERT IGNORE INTO doctor_shift (AMKA, shift_id) VALUES ('1102752591', '11');
INSERT IGNORE INTO doctor_shift (AMKA, shift_id) VALUES ('1806762549', '11');
INSERT IGNORE INTO doctor_shift (AMKA, shift_id) VALUES ('1107638937', '11');
INSERT IGNORE INTO doctor_shift (AMKA, shift_id) VALUES ('0301636140', '11');
INSERT IGNORE INTO nurse_shift (AMKA, shift_id) VALUES ('2211920600', '11');
INSERT IGNORE INTO nurse_shift (AMKA, shift_id) VALUES ('3003718056', '11');
INSERT IGNORE INTO nurse_shift (AMKA, shift_id) VALUES ('2409746735', '11');
INSERT IGNORE INTO nurse_shift (AMKA, shift_id) VALUES ('0310576949', '11');
INSERT IGNORE INTO nurse_shift (AMKA, shift_id) VALUES ('1410472859', '11');
INSERT IGNORE INTO nurse_shift (AMKA, shift_id) VALUES ('0311534815', '11');
INSERT IGNORE INTO admin_shift (AMKA, shift_id) VALUES ('0606545053', '11');
INSERT IGNORE INTO admin_shift (AMKA, shift_id) VALUES ('2311845679', '11');
UPDATE IGNORE shift SET status = TRUE WHERE shift_id = '11';
INSERT IGNORE INTO dept_shift (dept_name, shift_id) VALUES ('Casualty', '11');
INSERT INTO shift (day, type) VALUES ('2026-03-31 00:00:00', '23:00-07:00');
INSERT IGNORE INTO doctor_shift (AMKA, shift_id) VALUES ('0206637500', '12');
INSERT IGNORE INTO doctor_shift (AMKA, shift_id) VALUES ('0810802797', '12');
INSERT IGNORE INTO doctor_shift (AMKA, shift_id) VALUES ('1104529817', '12');
INSERT IGNORE INTO doctor_shift (AMKA, shift_id) VALUES ('1305442503', '12');
INSERT IGNORE INTO doctor_shift (AMKA, shift_id) VALUES ('0301525882', '12');
INSERT IGNORE INTO doctor_shift (AMKA, shift_id) VALUES ('1701787998', '12');
INSERT IGNORE INTO doctor_shift (AMKA, shift_id) VALUES ('1101823701', '12');
INSERT IGNORE INTO nurse_shift (AMKA, shift_id) VALUES ('2812529967', '12');
INSERT IGNORE INTO nurse_shift (AMKA, shift_id) VALUES ('0905711630', '12');
INSERT IGNORE INTO nurse_shift (AMKA, shift_id) VALUES ('0607738540', '12');
INSERT IGNORE INTO nurse_shift (AMKA, shift_id) VALUES ('0307004452', '12');
INSERT IGNORE INTO nurse_shift (AMKA, shift_id) VALUES ('1408697203', '12');
INSERT IGNORE INTO nurse_shift (AMKA, shift_id) VALUES ('1908934284', '12');
INSERT IGNORE INTO nurse_shift (AMKA, shift_id) VALUES ('2211920600', '12');
INSERT IGNORE INTO nurse_shift (AMKA, shift_id) VALUES ('1302876707', '12');
INSERT IGNORE INTO admin_shift (AMKA, shift_id) VALUES ('1707612309', '12');
INSERT IGNORE INTO admin_shift (AMKA, shift_id) VALUES ('1004500988', '12');
INSERT IGNORE INTO admin_shift (AMKA, shift_id) VALUES ('2104509361', '12');
UPDATE IGNORE shift SET status = TRUE WHERE shift_id = '12';
INSERT IGNORE INTO dept_shift (dept_name, shift_id) VALUES ('Casualty', '12');
INSERT INTO shift (day, type) VALUES ('2024-07-01 00:00:00', '07:00-15:00');
INSERT IGNORE INTO doctor_shift (AMKA, shift_id) VALUES ('1403910610', '13');
INSERT IGNORE INTO doctor_shift (AMKA, shift_id) VALUES ('2710712553', '13');
INSERT IGNORE INTO doctor_shift (AMKA, shift_id) VALUES ('1807676900', '13');
INSERT IGNORE INTO nurse_shift (AMKA, shift_id) VALUES ('0310576949', '13');
INSERT IGNORE INTO nurse_shift (AMKA, shift_id) VALUES ('2005873415', '13');
INSERT IGNORE INTO nurse_shift (AMKA, shift_id) VALUES ('1708849364', '13');
INSERT IGNORE INTO nurse_shift (AMKA, shift_id) VALUES ('2903754769', '13');
INSERT IGNORE INTO nurse_shift (AMKA, shift_id) VALUES ('0607738540', '13');
INSERT IGNORE INTO nurse_shift (AMKA, shift_id) VALUES ('1807594302', '13');
INSERT IGNORE INTO nurse_shift (AMKA, shift_id) VALUES ('1512807285', '13');
INSERT IGNORE INTO nurse_shift (AMKA, shift_id) VALUES ('0405455659', '13');
INSERT IGNORE INTO admin_shift (AMKA, shift_id) VALUES ('2311563644', '13');
INSERT IGNORE INTO admin_shift (AMKA, shift_id) VALUES ('1004500988', '13');
UPDATE IGNORE shift SET status = TRUE WHERE shift_id = '13';
INSERT IGNORE INTO dept_shift (dept_name, shift_id) VALUES ('Casualty', '13');
INSERT INTO shift (day, type) VALUES ('2024-05-20 00:00:00', '23:00-07:00');
INSERT IGNORE INTO doctor_shift (AMKA, shift_id) VALUES ('1805820786', '14');
INSERT IGNORE INTO doctor_shift (AMKA, shift_id) VALUES ('3005978572', '14');
INSERT IGNORE INTO doctor_shift (AMKA, shift_id) VALUES ('0802620737', '14');
INSERT IGNORE INTO doctor_shift (AMKA, shift_id) VALUES ('2412989437', '14');
INSERT IGNORE INTO doctor_shift (AMKA, shift_id) VALUES ('1206704867', '14');
INSERT IGNORE INTO nurse_shift (AMKA, shift_id) VALUES ('1207679089', '14');
INSERT IGNORE INTO nurse_shift (AMKA, shift_id) VALUES ('2411715378', '14');
INSERT IGNORE INTO nurse_shift (AMKA, shift_id) VALUES ('0303995114', '14');
INSERT IGNORE INTO nurse_shift (AMKA, shift_id) VALUES ('2705913673', '14');
INSERT IGNORE INTO nurse_shift (AMKA, shift_id) VALUES ('2810445963', '14');
INSERT IGNORE INTO nurse_shift (AMKA, shift_id) VALUES ('2408602494', '14');
INSERT IGNORE INTO nurse_shift (AMKA, shift_id) VALUES ('2904573556', '14');
INSERT IGNORE INTO nurse_shift (AMKA, shift_id) VALUES ('1907956316', '14');
INSERT IGNORE INTO nurse_shift (AMKA, shift_id) VALUES ('1503405303', '14');
INSERT IGNORE INTO nurse_shift (AMKA, shift_id) VALUES ('2905001644', '14');
INSERT IGNORE INTO admin_shift (AMKA, shift_id) VALUES ('1101978318', '14');
INSERT IGNORE INTO admin_shift (AMKA, shift_id) VALUES ('3006533908', '14');
INSERT IGNORE INTO admin_shift (AMKA, shift_id) VALUES ('2210867288', '14');
UPDATE IGNORE shift SET status = TRUE WHERE shift_id = '14';
INSERT IGNORE INTO dept_shift (dept_name, shift_id) VALUES ('Casualty', '14');
INSERT INTO shift (day, type) VALUES ('2025-06-01 00:00:00', '23:00-07:00');
INSERT IGNORE INTO doctor_shift (AMKA, shift_id) VALUES ('2502654079', '15');
INSERT IGNORE INTO doctor_shift (AMKA, shift_id) VALUES ('1210608936', '15');
INSERT IGNORE INTO doctor_shift (AMKA, shift_id) VALUES ('0410505068', '15');
INSERT IGNORE INTO doctor_shift (AMKA, shift_id) VALUES ('0111647658', '15');
INSERT IGNORE INTO nurse_shift (AMKA, shift_id) VALUES ('1709556112', '15');
INSERT IGNORE INTO nurse_shift (AMKA, shift_id) VALUES ('0509864586', '15');
INSERT IGNORE INTO nurse_shift (AMKA, shift_id) VALUES ('2511766415', '15');
INSERT IGNORE INTO nurse_shift (AMKA, shift_id) VALUES ('2009974419', '15');
INSERT IGNORE INTO nurse_shift (AMKA, shift_id) VALUES ('2012883023', '15');
INSERT IGNORE INTO nurse_shift (AMKA, shift_id) VALUES ('1809580815', '15');
INSERT IGNORE INTO nurse_shift (AMKA, shift_id) VALUES ('3107984441', '15');
INSERT IGNORE INTO nurse_shift (AMKA, shift_id) VALUES ('0403530470', '15');
INSERT IGNORE INTO nurse_shift (AMKA, shift_id) VALUES ('2407971013', '15');
INSERT IGNORE INTO admin_shift (AMKA, shift_id) VALUES ('0606545053', '15');
INSERT IGNORE INTO admin_shift (AMKA, shift_id) VALUES ('1401438948', '15');
INSERT IGNORE INTO admin_shift (AMKA, shift_id) VALUES ('1707612309', '15');
INSERT IGNORE INTO admin_shift (AMKA, shift_id) VALUES ('0108846908', '15');
UPDATE IGNORE shift SET status = TRUE WHERE shift_id = '15';
INSERT IGNORE INTO dept_shift (dept_name, shift_id) VALUES ('Casualty', '15');
INSERT INTO shift (day, type) VALUES ('2024-07-16 00:00:00', '15:00-23:00');
INSERT IGNORE INTO doctor_shift (AMKA, shift_id) VALUES ('2710712553', '16');
INSERT IGNORE INTO doctor_shift (AMKA, shift_id) VALUES ('2708408067', '16');
INSERT IGNORE INTO doctor_shift (AMKA, shift_id) VALUES ('0803989228', '16');
INSERT IGNORE INTO doctor_shift (AMKA, shift_id) VALUES ('1708511124', '16');
INSERT IGNORE INTO nurse_shift (AMKA, shift_id) VALUES ('0509864586', '16');
INSERT IGNORE INTO nurse_shift (AMKA, shift_id) VALUES ('2903754769', '16');
INSERT IGNORE INTO nurse_shift (AMKA, shift_id) VALUES ('1103802636', '16');
INSERT IGNORE INTO nurse_shift (AMKA, shift_id) VALUES ('2205716047', '16');
INSERT IGNORE INTO nurse_shift (AMKA, shift_id) VALUES ('2411715378', '16');
INSERT IGNORE INTO nurse_shift (AMKA, shift_id) VALUES ('0501507716', '16');
INSERT IGNORE INTO nurse_shift (AMKA, shift_id) VALUES ('3107984441', '16');
INSERT IGNORE INTO nurse_shift (AMKA, shift_id) VALUES ('2407971013', '16');
INSERT IGNORE INTO nurse_shift (AMKA, shift_id) VALUES ('0403530470', '16');
INSERT IGNORE INTO nurse_shift (AMKA, shift_id) VALUES ('0211835314', '16');
INSERT IGNORE INTO admin_shift (AMKA, shift_id) VALUES ('1505621109', '16');
INSERT IGNORE INTO admin_shift (AMKA, shift_id) VALUES ('0310498160', '16');
INSERT IGNORE INTO admin_shift (AMKA, shift_id) VALUES ('3103504955', '16');
UPDATE IGNORE shift SET status = TRUE WHERE shift_id = '16';
INSERT IGNORE INTO dept_shift (dept_name, shift_id) VALUES ('Casualty', '16');
INSERT INTO shift (day, type) VALUES ('2026-04-28 00:00:00', '23:00-07:00');
INSERT IGNORE INTO doctor_shift (AMKA, shift_id) VALUES ('2803422426', '17');
INSERT IGNORE INTO doctor_shift (AMKA, shift_id) VALUES ('2003754733', '17');
INSERT IGNORE INTO doctor_shift (AMKA, shift_id) VALUES ('0811685025', '17');
INSERT IGNORE INTO doctor_shift (AMKA, shift_id) VALUES ('1708511124', '17');
INSERT IGNORE INTO nurse_shift (AMKA, shift_id) VALUES ('0208490904', '17');
INSERT IGNORE INTO nurse_shift (AMKA, shift_id) VALUES ('2812529967', '17');
INSERT IGNORE INTO nurse_shift (AMKA, shift_id) VALUES ('1302876707', '17');
INSERT IGNORE INTO nurse_shift (AMKA, shift_id) VALUES ('1311513072', '17');
INSERT IGNORE INTO nurse_shift (AMKA, shift_id) VALUES ('0501507716', '17');
INSERT IGNORE INTO nurse_shift (AMKA, shift_id) VALUES ('2612984884', '17');
INSERT IGNORE INTO admin_shift (AMKA, shift_id) VALUES ('1401438948', '17');
INSERT IGNORE INTO admin_shift (AMKA, shift_id) VALUES ('0212875455', '17');
UPDATE IGNORE shift SET status = TRUE WHERE shift_id = '17';
INSERT IGNORE INTO dept_shift (dept_name, shift_id) VALUES ('Casualty', '17');
INSERT INTO shift (day, type) VALUES ('2025-04-11 00:00:00', '23:00-07:00');
INSERT IGNORE INTO doctor_shift (AMKA, shift_id) VALUES ('2206803094', '18');
INSERT IGNORE INTO doctor_shift (AMKA, shift_id) VALUES ('1210608936', '18');
INSERT IGNORE INTO doctor_shift (AMKA, shift_id) VALUES ('3012474240', '18');
INSERT IGNORE INTO doctor_shift (AMKA, shift_id) VALUES ('1805820786', '18');
INSERT IGNORE INTO doctor_shift (AMKA, shift_id) VALUES ('0602879802', '18');
INSERT IGNORE INTO doctor_shift (AMKA, shift_id) VALUES ('0710954761', '18');
INSERT IGNORE INTO nurse_shift (AMKA, shift_id) VALUES ('2612984884', '18');
INSERT IGNORE INTO nurse_shift (AMKA, shift_id) VALUES ('1907956316', '18');
INSERT IGNORE INTO nurse_shift (AMKA, shift_id) VALUES ('0707486851', '18');
INSERT IGNORE INTO nurse_shift (AMKA, shift_id) VALUES ('0303995114', '18');
INSERT IGNORE INTO nurse_shift (AMKA, shift_id) VALUES ('2008408711', '18');
INSERT IGNORE INTO nurse_shift (AMKA, shift_id) VALUES ('1607801274', '18');
INSERT IGNORE INTO admin_shift (AMKA, shift_id) VALUES ('1003595467', '18');
INSERT IGNORE INTO admin_shift (AMKA, shift_id) VALUES ('1407956296', '18');
UPDATE IGNORE shift SET status = TRUE WHERE shift_id = '18';
INSERT IGNORE INTO dept_shift (dept_name, shift_id) VALUES ('Casualty', '18');
INSERT INTO shift (day, type) VALUES ('2025-07-14 00:00:00', '15:00-23:00');
INSERT IGNORE INTO doctor_shift (AMKA, shift_id) VALUES ('1604612218', '19');
INSERT IGNORE INTO doctor_shift (AMKA, shift_id) VALUES ('2412989437', '19');
INSERT IGNORE INTO doctor_shift (AMKA, shift_id) VALUES ('0206637500', '19');
INSERT IGNORE INTO nurse_shift (AMKA, shift_id) VALUES ('1311513072', '19');
INSERT IGNORE INTO nurse_shift (AMKA, shift_id) VALUES ('1809580815', '19');
INSERT IGNORE INTO nurse_shift (AMKA, shift_id) VALUES ('1707693139', '19');
INSERT IGNORE INTO nurse_shift (AMKA, shift_id) VALUES ('0310576949', '19');
INSERT IGNORE INTO nurse_shift (AMKA, shift_id) VALUES ('2110624175', '19');
INSERT IGNORE INTO nurse_shift (AMKA, shift_id) VALUES ('2409746735', '19');
INSERT IGNORE INTO nurse_shift (AMKA, shift_id) VALUES ('0211835314', '19');
INSERT IGNORE INTO nurse_shift (AMKA, shift_id) VALUES ('2205716047', '19');
INSERT IGNORE INTO nurse_shift (AMKA, shift_id) VALUES ('2211738105', '19');
INSERT IGNORE INTO nurse_shift (AMKA, shift_id) VALUES ('3011568029', '19');
INSERT IGNORE INTO admin_shift (AMKA, shift_id) VALUES ('2610796674', '19');
INSERT IGNORE INTO admin_shift (AMKA, shift_id) VALUES ('1001660800', '19');
INSERT IGNORE INTO admin_shift (AMKA, shift_id) VALUES ('1505621109', '19');
UPDATE IGNORE shift SET status = TRUE WHERE shift_id = '19';
INSERT IGNORE INTO dept_shift (dept_name, shift_id) VALUES ('Casualty', '19');
INSERT INTO shift (day, type) VALUES ('2024-09-01 00:00:00', '15:00-23:00');
INSERT IGNORE INTO doctor_shift (AMKA, shift_id) VALUES ('1210671054', '20');
INSERT IGNORE INTO doctor_shift (AMKA, shift_id) VALUES ('2708408067', '20');
INSERT IGNORE INTO doctor_shift (AMKA, shift_id) VALUES ('0102891639', '20');
INSERT IGNORE INTO doctor_shift (AMKA, shift_id) VALUES ('1608881787', '20');
INSERT IGNORE INTO doctor_shift (AMKA, shift_id) VALUES ('1604612218', '20');
INSERT IGNORE INTO nurse_shift (AMKA, shift_id) VALUES ('2903754769', '20');
INSERT IGNORE INTO nurse_shift (AMKA, shift_id) VALUES ('2211738105', '20');
INSERT IGNORE INTO nurse_shift (AMKA, shift_id) VALUES ('2904573556', '20');
INSERT IGNORE INTO nurse_shift (AMKA, shift_id) VALUES ('1304544511', '20');
INSERT IGNORE INTO nurse_shift (AMKA, shift_id) VALUES ('2209772976', '20');
INSERT IGNORE INTO nurse_shift (AMKA, shift_id) VALUES ('0205417367', '20');
INSERT IGNORE INTO admin_shift (AMKA, shift_id) VALUES ('1004500988', '20');
INSERT IGNORE INTO admin_shift (AMKA, shift_id) VALUES ('2803665107', '20');
INSERT IGNORE INTO admin_shift (AMKA, shift_id) VALUES ('2912624436', '20');
INSERT IGNORE INTO admin_shift (AMKA, shift_id) VALUES ('1707612309', '20');
UPDATE IGNORE shift SET status = TRUE WHERE shift_id = '20';
INSERT IGNORE INTO dept_shift (dept_name, shift_id) VALUES ('Casualty', '20');
INSERT INTO shift (day, type) VALUES ('2024-09-28 00:00:00', '15:00-23:00');
INSERT IGNORE INTO doctor_shift (AMKA, shift_id) VALUES ('2001691929', '21');
INSERT IGNORE INTO doctor_shift (AMKA, shift_id) VALUES ('1608881787', '21');
INSERT IGNORE INTO doctor_shift (AMKA, shift_id) VALUES ('1904466405', '21');
INSERT IGNORE INTO doctor_shift (AMKA, shift_id) VALUES ('1805820786', '21');
INSERT IGNORE INTO doctor_shift (AMKA, shift_id) VALUES ('1004748289', '21');
INSERT IGNORE INTO doctor_shift (AMKA, shift_id) VALUES ('1307618841', '21');
INSERT IGNORE INTO doctor_shift (AMKA, shift_id) VALUES ('2502654079', '21');
INSERT IGNORE INTO doctor_shift (AMKA, shift_id) VALUES ('1403472446', '21');
INSERT IGNORE INTO nurse_shift (AMKA, shift_id) VALUES ('1103802636', '21');
INSERT IGNORE INTO nurse_shift (AMKA, shift_id) VALUES ('2511766415', '21');
INSERT IGNORE INTO nurse_shift (AMKA, shift_id) VALUES ('1809580815', '21');
INSERT IGNORE INTO nurse_shift (AMKA, shift_id) VALUES ('0211835314', '21');
INSERT IGNORE INTO nurse_shift (AMKA, shift_id) VALUES ('1107666248', '21');
INSERT IGNORE INTO nurse_shift (AMKA, shift_id) VALUES ('2810445963', '21');
INSERT IGNORE INTO admin_shift (AMKA, shift_id) VALUES ('3107841971', '21');
INSERT IGNORE INTO admin_shift (AMKA, shift_id) VALUES ('2009517049', '21');
UPDATE IGNORE shift SET status = TRUE WHERE shift_id = '21';
INSERT IGNORE INTO dept_shift (dept_name, shift_id) VALUES ('Casualty', '21');
INSERT INTO shift (day, type) VALUES ('2025-11-05 00:00:00', '07:00-15:00');
INSERT IGNORE INTO doctor_shift (AMKA, shift_id) VALUES ('1403910610', '22');
INSERT IGNORE INTO doctor_shift (AMKA, shift_id) VALUES ('2510927096', '22');
INSERT IGNORE INTO doctor_shift (AMKA, shift_id) VALUES ('2811728295', '22');
INSERT IGNORE INTO doctor_shift (AMKA, shift_id) VALUES ('1306562994', '22');
INSERT IGNORE INTO nurse_shift (AMKA, shift_id) VALUES ('0707486851', '22');
INSERT IGNORE INTO nurse_shift (AMKA, shift_id) VALUES ('1607801274', '22');
INSERT IGNORE INTO nurse_shift (AMKA, shift_id) VALUES ('2205716047', '22');
INSERT IGNORE INTO nurse_shift (AMKA, shift_id) VALUES ('0201469512', '22');
INSERT IGNORE INTO nurse_shift (AMKA, shift_id) VALUES ('0212459106', '22');
INSERT IGNORE INTO nurse_shift (AMKA, shift_id) VALUES ('2202745833', '22');
INSERT IGNORE INTO nurse_shift (AMKA, shift_id) VALUES ('2407971013', '22');
INSERT IGNORE INTO nurse_shift (AMKA, shift_id) VALUES ('1709556112', '22');
INSERT IGNORE INTO nurse_shift (AMKA, shift_id) VALUES ('0405455659', '22');
INSERT IGNORE INTO nurse_shift (AMKA, shift_id) VALUES ('2202788231', '22');
INSERT IGNORE INTO admin_shift (AMKA, shift_id) VALUES ('2104667937', '22');
INSERT IGNORE INTO admin_shift (AMKA, shift_id) VALUES ('1401438948', '22');
UPDATE IGNORE shift SET status = TRUE WHERE shift_id = '22';
INSERT IGNORE INTO dept_shift (dept_name, shift_id) VALUES ('Casualty', '22');
INSERT INTO shift (day, type) VALUES ('2025-03-19 00:00:00', '15:00-23:00');
INSERT IGNORE INTO doctor_shift (AMKA, shift_id) VALUES ('1101823701', '23');
INSERT IGNORE INTO doctor_shift (AMKA, shift_id) VALUES ('1805820786', '23');
INSERT IGNORE INTO doctor_shift (AMKA, shift_id) VALUES ('0610661297', '23');
INSERT IGNORE INTO doctor_shift (AMKA, shift_id) VALUES ('1708511124', '23');
INSERT IGNORE INTO doctor_shift (AMKA, shift_id) VALUES ('1004748289', '23');
INSERT IGNORE INTO doctor_shift (AMKA, shift_id) VALUES ('1107638937', '23');
INSERT IGNORE INTO doctor_shift (AMKA, shift_id) VALUES ('0411980022', '23');
INSERT IGNORE INTO nurse_shift (AMKA, shift_id) VALUES ('1602668533', '23');
INSERT IGNORE INTO nurse_shift (AMKA, shift_id) VALUES ('0208490904', '23');
INSERT IGNORE INTO nurse_shift (AMKA, shift_id) VALUES ('1210633994', '23');
INSERT IGNORE INTO nurse_shift (AMKA, shift_id) VALUES ('2511766415', '23');
INSERT IGNORE INTO nurse_shift (AMKA, shift_id) VALUES ('1707693139', '23');
INSERT IGNORE INTO nurse_shift (AMKA, shift_id) VALUES ('2308761066', '23');
INSERT IGNORE INTO nurse_shift (AMKA, shift_id) VALUES ('1703812899', '23');
INSERT IGNORE INTO admin_shift (AMKA, shift_id) VALUES ('3006533908', '23');
INSERT IGNORE INTO admin_shift (AMKA, shift_id) VALUES ('2009517049', '23');
INSERT IGNORE INTO admin_shift (AMKA, shift_id) VALUES ('1108942647', '23');
UPDATE IGNORE shift SET status = TRUE WHERE shift_id = '23';
INSERT IGNORE INTO dept_shift (dept_name, shift_id) VALUES ('Casualty', '23');
INSERT INTO shift (day, type) VALUES ('2026-08-05 00:00:00', '23:00-07:00');
INSERT IGNORE INTO doctor_shift (AMKA, shift_id) VALUES ('1806762549', '24');
INSERT IGNORE INTO doctor_shift (AMKA, shift_id) VALUES ('3005978572', '24');
INSERT IGNORE INTO doctor_shift (AMKA, shift_id) VALUES ('0810802797', '24');
INSERT IGNORE INTO doctor_shift (AMKA, shift_id) VALUES ('2004702238', '24');
INSERT IGNORE INTO doctor_shift (AMKA, shift_id) VALUES ('0909662577', '24');
INSERT IGNORE INTO doctor_shift (AMKA, shift_id) VALUES ('1904466405', '24');
INSERT IGNORE INTO doctor_shift (AMKA, shift_id) VALUES ('0102891639', '24');
INSERT IGNORE INTO nurse_shift (AMKA, shift_id) VALUES ('1207679089', '24');
INSERT IGNORE INTO nurse_shift (AMKA, shift_id) VALUES ('0509864586', '24');
INSERT IGNORE INTO nurse_shift (AMKA, shift_id) VALUES ('0909660903', '24');
INSERT IGNORE INTO nurse_shift (AMKA, shift_id) VALUES ('2404736776', '24');
INSERT IGNORE INTO nurse_shift (AMKA, shift_id) VALUES ('0905711630', '24');
INSERT IGNORE INTO nurse_shift (AMKA, shift_id) VALUES ('3107984441', '24');
INSERT IGNORE INTO nurse_shift (AMKA, shift_id) VALUES ('2205716047', '24');
INSERT IGNORE INTO nurse_shift (AMKA, shift_id) VALUES ('3011568029', '24');
INSERT IGNORE INTO nurse_shift (AMKA, shift_id) VALUES ('0607738540', '24');
INSERT IGNORE INTO nurse_shift (AMKA, shift_id) VALUES ('1709556112', '24');
INSERT IGNORE INTO admin_shift (AMKA, shift_id) VALUES ('0806415082', '24');
INSERT IGNORE INTO admin_shift (AMKA, shift_id) VALUES ('1412919767', '24');
UPDATE IGNORE shift SET status = TRUE WHERE shift_id = '24';
INSERT IGNORE INTO dept_shift (dept_name, shift_id) VALUES ('Casualty', '24');
INSERT INTO shift (day, type) VALUES ('2025-09-25 00:00:00', '07:00-15:00');
INSERT IGNORE INTO doctor_shift (AMKA, shift_id) VALUES ('2301681047', '25');
INSERT IGNORE INTO doctor_shift (AMKA, shift_id) VALUES ('1104529817', '25');
INSERT IGNORE INTO doctor_shift (AMKA, shift_id) VALUES ('0602879802', '25');
INSERT IGNORE INTO doctor_shift (AMKA, shift_id) VALUES ('1608881787', '25');
INSERT IGNORE INTO doctor_shift (AMKA, shift_id) VALUES ('2107936328', '25');
INSERT IGNORE INTO doctor_shift (AMKA, shift_id) VALUES ('0411550543', '25');
INSERT IGNORE INTO doctor_shift (AMKA, shift_id) VALUES ('0303531282', '25');
INSERT IGNORE INTO doctor_shift (AMKA, shift_id) VALUES ('1708511124', '25');
INSERT IGNORE INTO nurse_shift (AMKA, shift_id) VALUES ('0905711630', '25');
INSERT IGNORE INTO nurse_shift (AMKA, shift_id) VALUES ('2301986927', '25');
INSERT IGNORE INTO nurse_shift (AMKA, shift_id) VALUES ('1707693139', '25');
INSERT IGNORE INTO nurse_shift (AMKA, shift_id) VALUES ('0311534815', '25');
INSERT IGNORE INTO nurse_shift (AMKA, shift_id) VALUES ('2904573556', '25');
INSERT IGNORE INTO nurse_shift (AMKA, shift_id) VALUES ('1708849364', '25');
INSERT IGNORE INTO nurse_shift (AMKA, shift_id) VALUES ('0201469512', '25');
INSERT IGNORE INTO admin_shift (AMKA, shift_id) VALUES ('2307565593', '25');
INSERT IGNORE INTO admin_shift (AMKA, shift_id) VALUES ('3006533908', '25');
INSERT IGNORE INTO admin_shift (AMKA, shift_id) VALUES ('1004500988', '25');
UPDATE IGNORE shift SET status = TRUE WHERE shift_id = '25';
INSERT IGNORE INTO dept_shift (dept_name, shift_id) VALUES ('Operating theatre (OT)', '25');
INSERT INTO shift (day, type) VALUES ('2025-10-28 00:00:00', '23:00-07:00');
INSERT IGNORE INTO doctor_shift (AMKA, shift_id) VALUES ('2012810248', '26');
INSERT IGNORE INTO doctor_shift (AMKA, shift_id) VALUES ('2204653007', '26');
INSERT IGNORE INTO doctor_shift (AMKA, shift_id) VALUES ('1403910610', '26');
INSERT IGNORE INTO nurse_shift (AMKA, shift_id) VALUES ('1410576808', '26');
INSERT IGNORE INTO nurse_shift (AMKA, shift_id) VALUES ('1501974417', '26');
INSERT IGNORE INTO nurse_shift (AMKA, shift_id) VALUES ('0702609163', '26');
INSERT IGNORE INTO nurse_shift (AMKA, shift_id) VALUES ('0208490904', '26');
INSERT IGNORE INTO nurse_shift (AMKA, shift_id) VALUES ('2012883023', '26');
INSERT IGNORE INTO nurse_shift (AMKA, shift_id) VALUES ('2906619041', '26');
INSERT IGNORE INTO nurse_shift (AMKA, shift_id) VALUES ('1111688464', '26');
INSERT IGNORE INTO nurse_shift (AMKA, shift_id) VALUES ('0212459106', '26');
INSERT IGNORE INTO nurse_shift (AMKA, shift_id) VALUES ('0509864586', '26');
INSERT IGNORE INTO nurse_shift (AMKA, shift_id) VALUES ('2810445963', '26');
INSERT IGNORE INTO admin_shift (AMKA, shift_id) VALUES ('3006533908', '26');
INSERT IGNORE INTO admin_shift (AMKA, shift_id) VALUES ('0903914750', '26');
INSERT IGNORE INTO admin_shift (AMKA, shift_id) VALUES ('3108420255', '26');
UPDATE IGNORE shift SET status = TRUE WHERE shift_id = '26';
INSERT IGNORE INTO dept_shift (dept_name, shift_id) VALUES ('Operating theatre (OT)', '26');
INSERT INTO shift (day, type) VALUES ('2025-06-06 00:00:00', '07:00-15:00');
INSERT IGNORE INTO doctor_shift (AMKA, shift_id) VALUES ('0610661297', '27');
INSERT IGNORE INTO doctor_shift (AMKA, shift_id) VALUES ('1612748648', '27');
INSERT IGNORE INTO doctor_shift (AMKA, shift_id) VALUES ('0411980022', '27');
INSERT IGNORE INTO doctor_shift (AMKA, shift_id) VALUES ('1307618841', '27');
INSERT IGNORE INTO doctor_shift (AMKA, shift_id) VALUES ('2403567012', '27');
INSERT IGNORE INTO doctor_shift (AMKA, shift_id) VALUES ('0710954761', '27');
INSERT IGNORE INTO doctor_shift (AMKA, shift_id) VALUES ('2003754733', '27');
INSERT IGNORE INTO nurse_shift (AMKA, shift_id) VALUES ('1809580815', '27');
INSERT IGNORE INTO nurse_shift (AMKA, shift_id) VALUES ('2903754769', '27');
INSERT IGNORE INTO nurse_shift (AMKA, shift_id) VALUES ('1501974417', '27');
INSERT IGNORE INTO nurse_shift (AMKA, shift_id) VALUES ('0707486851', '27');
INSERT IGNORE INTO nurse_shift (AMKA, shift_id) VALUES ('2009974419', '27');
INSERT IGNORE INTO nurse_shift (AMKA, shift_id) VALUES ('0205417367', '27');
INSERT IGNORE INTO admin_shift (AMKA, shift_id) VALUES ('0606545053', '27');
INSERT IGNORE INTO admin_shift (AMKA, shift_id) VALUES ('3108420255', '27');
INSERT IGNORE INTO admin_shift (AMKA, shift_id) VALUES ('2803665107', '27');
UPDATE IGNORE shift SET status = TRUE WHERE shift_id = '27';
INSERT IGNORE INTO dept_shift (dept_name, shift_id) VALUES ('Operating theatre (OT)', '27');
INSERT INTO shift (day, type) VALUES ('2025-03-06 00:00:00', '15:00-23:00');
INSERT IGNORE INTO doctor_shift (AMKA, shift_id) VALUES ('1807676900', '28');
INSERT IGNORE INTO doctor_shift (AMKA, shift_id) VALUES ('1307618841', '28');
INSERT IGNORE INTO doctor_shift (AMKA, shift_id) VALUES ('1206704867', '28');
INSERT IGNORE INTO doctor_shift (AMKA, shift_id) VALUES ('1708511124', '28');
INSERT IGNORE INTO doctor_shift (AMKA, shift_id) VALUES ('1612748648', '28');
INSERT IGNORE INTO doctor_shift (AMKA, shift_id) VALUES ('2407887390', '28');
INSERT IGNORE INTO doctor_shift (AMKA, shift_id) VALUES ('0102891639', '28');
INSERT IGNORE INTO doctor_shift (AMKA, shift_id) VALUES ('2206803094', '28');
INSERT IGNORE INTO nurse_shift (AMKA, shift_id) VALUES ('3003940529', '28');
INSERT IGNORE INTO nurse_shift (AMKA, shift_id) VALUES ('1207679089', '28');
INSERT IGNORE INTO nurse_shift (AMKA, shift_id) VALUES ('1107666248', '28');
INSERT IGNORE INTO nurse_shift (AMKA, shift_id) VALUES ('0303995114', '28');
INSERT IGNORE INTO nurse_shift (AMKA, shift_id) VALUES ('2409746735', '28');
INSERT IGNORE INTO nurse_shift (AMKA, shift_id) VALUES ('2012883023', '28');
INSERT IGNORE INTO nurse_shift (AMKA, shift_id) VALUES ('2105987694', '28');
INSERT IGNORE INTO nurse_shift (AMKA, shift_id) VALUES ('1302876707', '28');
INSERT IGNORE INTO nurse_shift (AMKA, shift_id) VALUES ('1602668533', '28');
INSERT IGNORE INTO nurse_shift (AMKA, shift_id) VALUES ('0509864586', '28');
INSERT IGNORE INTO admin_shift (AMKA, shift_id) VALUES ('1703437989', '28');
INSERT IGNORE INTO admin_shift (AMKA, shift_id) VALUES ('2204425556', '28');
INSERT IGNORE INTO admin_shift (AMKA, shift_id) VALUES ('1001660800', '28');
UPDATE IGNORE shift SET status = TRUE WHERE shift_id = '28';
INSERT IGNORE INTO dept_shift (dept_name, shift_id) VALUES ('Operating theatre (OT)', '28');
INSERT INTO shift (day, type) VALUES ('2024-06-16 00:00:00', '23:00-07:00');
INSERT IGNORE INTO doctor_shift (AMKA, shift_id) VALUES ('1007472193', '29');
INSERT IGNORE INTO doctor_shift (AMKA, shift_id) VALUES ('1807676900', '29');
INSERT IGNORE INTO doctor_shift (AMKA, shift_id) VALUES ('1104529817', '29');
INSERT IGNORE INTO nurse_shift (AMKA, shift_id) VALUES ('3107984441', '29');
INSERT IGNORE INTO nurse_shift (AMKA, shift_id) VALUES ('2205716047', '29');
INSERT IGNORE INTO nurse_shift (AMKA, shift_id) VALUES ('2612984884', '29');
INSERT IGNORE INTO nurse_shift (AMKA, shift_id) VALUES ('1809580815', '29');
INSERT IGNORE INTO nurse_shift (AMKA, shift_id) VALUES ('1109842569', '29');
INSERT IGNORE INTO nurse_shift (AMKA, shift_id) VALUES ('2408602494', '29');
INSERT IGNORE INTO nurse_shift (AMKA, shift_id) VALUES ('1807594302', '29');
INSERT IGNORE INTO nurse_shift (AMKA, shift_id) VALUES ('1103802636', '29');
INSERT IGNORE INTO nurse_shift (AMKA, shift_id) VALUES ('2301986927', '29');
INSERT IGNORE INTO nurse_shift (AMKA, shift_id) VALUES ('1112517867', '29');
INSERT IGNORE INTO admin_shift (AMKA, shift_id) VALUES ('1909728641', '29');
INSERT IGNORE INTO admin_shift (AMKA, shift_id) VALUES ('0606545053', '29');
UPDATE IGNORE shift SET status = TRUE WHERE shift_id = '29';
INSERT IGNORE INTO dept_shift (dept_name, shift_id) VALUES ('Operating theatre (OT)', '29');
INSERT INTO shift (day, type) VALUES ('2024-07-02 00:00:00', '23:00-07:00');
INSERT IGNORE INTO doctor_shift (AMKA, shift_id) VALUES ('1904466405', '30');
INSERT IGNORE INTO doctor_shift (AMKA, shift_id) VALUES ('1912912516', '30');
INSERT IGNORE INTO doctor_shift (AMKA, shift_id) VALUES ('0109876222', '30');
INSERT IGNORE INTO doctor_shift (AMKA, shift_id) VALUES ('0303531282', '30');
INSERT IGNORE INTO doctor_shift (AMKA, shift_id) VALUES ('2403567012', '30');
INSERT IGNORE INTO doctor_shift (AMKA, shift_id) VALUES ('0610661297', '30');
INSERT IGNORE INTO doctor_shift (AMKA, shift_id) VALUES ('1806762549', '30');
INSERT IGNORE INTO nurse_shift (AMKA, shift_id) VALUES ('1207679089', '30');
INSERT IGNORE INTO nurse_shift (AMKA, shift_id) VALUES ('2202745833', '30');
INSERT IGNORE INTO nurse_shift (AMKA, shift_id) VALUES ('0302574411', '30');
INSERT IGNORE INTO nurse_shift (AMKA, shift_id) VALUES ('2407818176', '30');
INSERT IGNORE INTO nurse_shift (AMKA, shift_id) VALUES ('1602668533', '30');
INSERT IGNORE INTO nurse_shift (AMKA, shift_id) VALUES ('3003940529', '30');
INSERT IGNORE INTO nurse_shift (AMKA, shift_id) VALUES ('2012883023', '30');
INSERT IGNORE INTO nurse_shift (AMKA, shift_id) VALUES ('1501974417', '30');
INSERT IGNORE INTO nurse_shift (AMKA, shift_id) VALUES ('1607801274', '30');
INSERT IGNORE INTO nurse_shift (AMKA, shift_id) VALUES ('2509796665', '30');
INSERT IGNORE INTO admin_shift (AMKA, shift_id) VALUES ('0212875455', '30');
INSERT IGNORE INTO admin_shift (AMKA, shift_id) VALUES ('1401529676', '30');
UPDATE IGNORE shift SET status = TRUE WHERE shift_id = '30';
INSERT IGNORE INTO dept_shift (dept_name, shift_id) VALUES ('Operating theatre (OT)', '30');
INSERT INTO shift (day, type) VALUES ('2024-01-17 00:00:00', '07:00-15:00');
INSERT IGNORE INTO doctor_shift (AMKA, shift_id) VALUES ('0411980022', '31');
INSERT IGNORE INTO doctor_shift (AMKA, shift_id) VALUES ('2406973031', '31');
INSERT IGNORE INTO doctor_shift (AMKA, shift_id) VALUES ('0102891639', '31');
INSERT IGNORE INTO doctor_shift (AMKA, shift_id) VALUES ('2301681047', '31');
INSERT IGNORE INTO nurse_shift (AMKA, shift_id) VALUES ('0501488320', '31');
INSERT IGNORE INTO nurse_shift (AMKA, shift_id) VALUES ('2704562592', '31');
INSERT IGNORE INTO nurse_shift (AMKA, shift_id) VALUES ('2104682202', '31');
INSERT IGNORE INTO nurse_shift (AMKA, shift_id) VALUES ('2202788231', '31');
INSERT IGNORE INTO nurse_shift (AMKA, shift_id) VALUES ('1302478288', '31');
INSERT IGNORE INTO nurse_shift (AMKA, shift_id) VALUES ('0205417367', '31');
INSERT IGNORE INTO nurse_shift (AMKA, shift_id) VALUES ('2009974419', '31');
INSERT IGNORE INTO nurse_shift (AMKA, shift_id) VALUES ('2602489567', '31');
INSERT IGNORE INTO nurse_shift (AMKA, shift_id) VALUES ('2205716047', '31');
INSERT IGNORE INTO nurse_shift (AMKA, shift_id) VALUES ('2105987694', '31');
INSERT IGNORE INTO admin_shift (AMKA, shift_id) VALUES ('1412919767', '31');
INSERT IGNORE INTO admin_shift (AMKA, shift_id) VALUES ('1011747457', '31');
UPDATE IGNORE shift SET status = TRUE WHERE shift_id = '31';
INSERT IGNORE INTO dept_shift (dept_name, shift_id) VALUES ('Operating theatre (OT)', '31');
INSERT INTO shift (day, type) VALUES ('2026-02-11 00:00:00', '07:00-15:00');
INSERT IGNORE INTO doctor_shift (AMKA, shift_id) VALUES ('1102752591', '32');
INSERT IGNORE INTO doctor_shift (AMKA, shift_id) VALUES ('1805820786', '32');
INSERT IGNORE INTO doctor_shift (AMKA, shift_id) VALUES ('1611592474', '32');
INSERT IGNORE INTO doctor_shift (AMKA, shift_id) VALUES ('1612748648', '32');
INSERT IGNORE INTO doctor_shift (AMKA, shift_id) VALUES ('3012474240', '32');
INSERT IGNORE INTO doctor_shift (AMKA, shift_id) VALUES ('1307618841', '32');
INSERT IGNORE INTO doctor_shift (AMKA, shift_id) VALUES ('2004702238', '32');
INSERT IGNORE INTO nurse_shift (AMKA, shift_id) VALUES ('0509934508', '32');
INSERT IGNORE INTO nurse_shift (AMKA, shift_id) VALUES ('1712731602', '32');
INSERT IGNORE INTO nurse_shift (AMKA, shift_id) VALUES ('2202788231', '32');
INSERT IGNORE INTO nurse_shift (AMKA, shift_id) VALUES ('0201469512', '32');
INSERT IGNORE INTO nurse_shift (AMKA, shift_id) VALUES ('1210633994', '32');
INSERT IGNORE INTO nurse_shift (AMKA, shift_id) VALUES ('3003940529', '32');
INSERT IGNORE INTO nurse_shift (AMKA, shift_id) VALUES ('2407971013', '32');
INSERT IGNORE INTO nurse_shift (AMKA, shift_id) VALUES ('2906619041', '32');
INSERT IGNORE INTO nurse_shift (AMKA, shift_id) VALUES ('1207679089', '32');
INSERT IGNORE INTO nurse_shift (AMKA, shift_id) VALUES ('2804482376', '32');
INSERT IGNORE INTO admin_shift (AMKA, shift_id) VALUES ('2311563644', '32');
INSERT IGNORE INTO admin_shift (AMKA, shift_id) VALUES ('2210867288', '32');
UPDATE IGNORE shift SET status = TRUE WHERE shift_id = '32';
INSERT IGNORE INTO dept_shift (dept_name, shift_id) VALUES ('Operating theatre (OT)', '32');
INSERT INTO shift (day, type) VALUES ('2024-10-29 00:00:00', '23:00-07:00');
INSERT IGNORE INTO doctor_shift (AMKA, shift_id) VALUES ('0109876222', '33');
INSERT IGNORE INTO doctor_shift (AMKA, shift_id) VALUES ('1708511124', '33');
INSERT IGNORE INTO doctor_shift (AMKA, shift_id) VALUES ('0308718729', '33');
INSERT IGNORE INTO doctor_shift (AMKA, shift_id) VALUES ('2811728295', '33');
INSERT IGNORE INTO doctor_shift (AMKA, shift_id) VALUES ('1104742723', '33');
INSERT IGNORE INTO doctor_shift (AMKA, shift_id) VALUES ('2803422426', '33');
INSERT IGNORE INTO doctor_shift (AMKA, shift_id) VALUES ('2412989437', '33');
INSERT IGNORE INTO doctor_shift (AMKA, shift_id) VALUES ('0104436410', '33');
INSERT IGNORE INTO nurse_shift (AMKA, shift_id) VALUES ('0909660903', '33');
INSERT IGNORE INTO nurse_shift (AMKA, shift_id) VALUES ('3107984441', '33');
INSERT IGNORE INTO nurse_shift (AMKA, shift_id) VALUES ('1302876707', '33');
INSERT IGNORE INTO nurse_shift (AMKA, shift_id) VALUES ('0303995114', '33');
INSERT IGNORE INTO nurse_shift (AMKA, shift_id) VALUES ('1709556112', '33');
INSERT IGNORE INTO nurse_shift (AMKA, shift_id) VALUES ('2209772976', '33');
INSERT IGNORE INTO nurse_shift (AMKA, shift_id) VALUES ('1311513072', '33');
INSERT IGNORE INTO nurse_shift (AMKA, shift_id) VALUES ('1501974417', '33');
INSERT IGNORE INTO nurse_shift (AMKA, shift_id) VALUES ('1602668533', '33');
INSERT IGNORE INTO admin_shift (AMKA, shift_id) VALUES ('1707612309', '33');
INSERT IGNORE INTO admin_shift (AMKA, shift_id) VALUES ('0804527361', '33');
UPDATE IGNORE shift SET status = TRUE WHERE shift_id = '33';
INSERT IGNORE INTO dept_shift (dept_name, shift_id) VALUES ('Operating theatre (OT)', '33');
INSERT INTO shift (day, type) VALUES ('2026-03-23 00:00:00', '15:00-23:00');
INSERT IGNORE INTO doctor_shift (AMKA, shift_id) VALUES ('1305442503', '34');
INSERT IGNORE INTO doctor_shift (AMKA, shift_id) VALUES ('2710712553', '34');
INSERT IGNORE INTO doctor_shift (AMKA, shift_id) VALUES ('1806762549', '34');
INSERT IGNORE INTO doctor_shift (AMKA, shift_id) VALUES ('1608881787', '34');
INSERT IGNORE INTO doctor_shift (AMKA, shift_id) VALUES ('2206803094', '34');
INSERT IGNORE INTO nurse_shift (AMKA, shift_id) VALUES ('2804482376', '34');
INSERT IGNORE INTO nurse_shift (AMKA, shift_id) VALUES ('2104682202', '34');
INSERT IGNORE INTO nurse_shift (AMKA, shift_id) VALUES ('0909660903', '34');
INSERT IGNORE INTO nurse_shift (AMKA, shift_id) VALUES ('1708849364', '34');
INSERT IGNORE INTO nurse_shift (AMKA, shift_id) VALUES ('1512807285', '34');
INSERT IGNORE INTO nurse_shift (AMKA, shift_id) VALUES ('1210633994', '34');
INSERT IGNORE INTO nurse_shift (AMKA, shift_id) VALUES ('3003940529', '34');
INSERT IGNORE INTO nurse_shift (AMKA, shift_id) VALUES ('0501488320', '34');
INSERT IGNORE INTO nurse_shift (AMKA, shift_id) VALUES ('0201469512', '34');
INSERT IGNORE INTO nurse_shift (AMKA, shift_id) VALUES ('1707693139', '34');
INSERT IGNORE INTO admin_shift (AMKA, shift_id) VALUES ('2403663964', '34');
INSERT IGNORE INTO admin_shift (AMKA, shift_id) VALUES ('0804527361', '34');
UPDATE IGNORE shift SET status = TRUE WHERE shift_id = '34';
INSERT IGNORE INTO dept_shift (dept_name, shift_id) VALUES ('Operating theatre (OT)', '34');
INSERT INTO shift (day, type) VALUES ('2026-10-05 00:00:00', '07:00-15:00');
INSERT IGNORE INTO doctor_shift (AMKA, shift_id) VALUES ('1102752591', '35');
INSERT IGNORE INTO doctor_shift (AMKA, shift_id) VALUES ('1305442503', '35');
INSERT IGNORE INTO doctor_shift (AMKA, shift_id) VALUES ('1611592474', '35');
INSERT IGNORE INTO doctor_shift (AMKA, shift_id) VALUES ('0308718729', '35');
INSERT IGNORE INTO doctor_shift (AMKA, shift_id) VALUES ('0301525882', '35');
INSERT IGNORE INTO doctor_shift (AMKA, shift_id) VALUES ('1104529817', '35');
INSERT IGNORE INTO doctor_shift (AMKA, shift_id) VALUES ('2811728295', '35');
INSERT IGNORE INTO nurse_shift (AMKA, shift_id) VALUES ('1703812899', '35');
INSERT IGNORE INTO nurse_shift (AMKA, shift_id) VALUES ('2409746735', '35');
INSERT IGNORE INTO nurse_shift (AMKA, shift_id) VALUES ('2905001644', '35');
INSERT IGNORE INTO nurse_shift (AMKA, shift_id) VALUES ('2804482376', '35');
INSERT IGNORE INTO nurse_shift (AMKA, shift_id) VALUES ('1603685746', '35');
INSERT IGNORE INTO nurse_shift (AMKA, shift_id) VALUES ('2903754769', '35');
INSERT IGNORE INTO nurse_shift (AMKA, shift_id) VALUES ('1210633994', '35');
INSERT IGNORE INTO nurse_shift (AMKA, shift_id) VALUES ('0509934508', '35');
INSERT IGNORE INTO admin_shift (AMKA, shift_id) VALUES ('0606545053', '35');
INSERT IGNORE INTO admin_shift (AMKA, shift_id) VALUES ('1505621109', '35');
INSERT IGNORE INTO admin_shift (AMKA, shift_id) VALUES ('3103504955', '35');
INSERT IGNORE INTO admin_shift (AMKA, shift_id) VALUES ('0409007927', '35');
UPDATE IGNORE shift SET status = TRUE WHERE shift_id = '35';
INSERT IGNORE INTO dept_shift (dept_name, shift_id) VALUES ('Operating theatre (OT)', '35');
INSERT INTO shift (day, type) VALUES ('2024-10-21 00:00:00', '07:00-15:00');
INSERT IGNORE INTO doctor_shift (AMKA, shift_id) VALUES ('2001691929', '36');
INSERT IGNORE INTO doctor_shift (AMKA, shift_id) VALUES ('2312865669', '36');
INSERT IGNORE INTO doctor_shift (AMKA, shift_id) VALUES ('3012474240', '36');
INSERT IGNORE INTO doctor_shift (AMKA, shift_id) VALUES ('2403567012', '36');
INSERT IGNORE INTO doctor_shift (AMKA, shift_id) VALUES ('1102752591', '36');
INSERT IGNORE INTO doctor_shift (AMKA, shift_id) VALUES ('1904466405', '36');
INSERT IGNORE INTO nurse_shift (AMKA, shift_id) VALUES ('2110624175', '36');
INSERT IGNORE INTO nurse_shift (AMKA, shift_id) VALUES ('0303995114', '36');
INSERT IGNORE INTO nurse_shift (AMKA, shift_id) VALUES ('1410472859', '36');
INSERT IGNORE INTO nurse_shift (AMKA, shift_id) VALUES ('2404736776', '36');
INSERT IGNORE INTO nurse_shift (AMKA, shift_id) VALUES ('0909660903', '36');
INSERT IGNORE INTO nurse_shift (AMKA, shift_id) VALUES ('3107984441', '36');
INSERT IGNORE INTO admin_shift (AMKA, shift_id) VALUES ('1203690867', '36');
INSERT IGNORE INTO admin_shift (AMKA, shift_id) VALUES ('2307565593', '36');
UPDATE IGNORE shift SET status = TRUE WHERE shift_id = '36';
INSERT IGNORE INTO dept_shift (dept_name, shift_id) VALUES ('Operating theatre (OT)', '36');
INSERT INTO shift (day, type) VALUES ('2025-02-12 00:00:00', '07:00-15:00');
INSERT IGNORE INTO doctor_shift (AMKA, shift_id) VALUES ('1608881787', '37');
INSERT IGNORE INTO doctor_shift (AMKA, shift_id) VALUES ('1611592474', '37');
INSERT IGNORE INTO doctor_shift (AMKA, shift_id) VALUES ('2204653007', '37');
INSERT IGNORE INTO doctor_shift (AMKA, shift_id) VALUES ('0710954761', '37');
INSERT IGNORE INTO nurse_shift (AMKA, shift_id) VALUES ('1109842569', '37');
INSERT IGNORE INTO nurse_shift (AMKA, shift_id) VALUES ('2202788231', '37');
INSERT IGNORE INTO nurse_shift (AMKA, shift_id) VALUES ('0302574411', '37');
INSERT IGNORE INTO nurse_shift (AMKA, shift_id) VALUES ('1311513072', '37');
INSERT IGNORE INTO nurse_shift (AMKA, shift_id) VALUES ('1111688464', '37');
INSERT IGNORE INTO nurse_shift (AMKA, shift_id) VALUES ('2812529967', '37');
INSERT IGNORE INTO nurse_shift (AMKA, shift_id) VALUES ('0405455659', '37');
INSERT IGNORE INTO nurse_shift (AMKA, shift_id) VALUES ('1210633994', '37');
INSERT IGNORE INTO nurse_shift (AMKA, shift_id) VALUES ('2408602494', '37');
INSERT IGNORE INTO admin_shift (AMKA, shift_id) VALUES ('0806415082', '37');
INSERT IGNORE INTO admin_shift (AMKA, shift_id) VALUES ('1703437989', '37');
INSERT IGNORE INTO admin_shift (AMKA, shift_id) VALUES ('2610796674', '37');
INSERT IGNORE INTO admin_shift (AMKA, shift_id) VALUES ('3103504955', '37');
UPDATE IGNORE shift SET status = TRUE WHERE shift_id = '37';
INSERT IGNORE INTO dept_shift (dept_name, shift_id) VALUES ('Operating theatre (OT)', '37');
INSERT INTO shift (day, type) VALUES ('2024-04-13 00:00:00', '15:00-23:00');
INSERT IGNORE INTO doctor_shift (AMKA, shift_id) VALUES ('1904466405', '38');
INSERT IGNORE INTO doctor_shift (AMKA, shift_id) VALUES ('1403472446', '38');
INSERT IGNORE INTO doctor_shift (AMKA, shift_id) VALUES ('2708408067', '38');
INSERT IGNORE INTO doctor_shift (AMKA, shift_id) VALUES ('0411980022', '38');
INSERT IGNORE INTO doctor_shift (AMKA, shift_id) VALUES ('2107936328', '38');
INSERT IGNORE INTO doctor_shift (AMKA, shift_id) VALUES ('1102752591', '38');
INSERT IGNORE INTO doctor_shift (AMKA, shift_id) VALUES ('2710712553', '38');
INSERT IGNORE INTO doctor_shift (AMKA, shift_id) VALUES ('2012810248', '38');
INSERT IGNORE INTO nurse_shift (AMKA, shift_id) VALUES ('2008408711', '38');
INSERT IGNORE INTO nurse_shift (AMKA, shift_id) VALUES ('1302876707', '38');
INSERT IGNORE INTO nurse_shift (AMKA, shift_id) VALUES ('0201469512', '38');
INSERT IGNORE INTO nurse_shift (AMKA, shift_id) VALUES ('1712731602', '38');
INSERT IGNORE INTO nurse_shift (AMKA, shift_id) VALUES ('2209772976', '38');
INSERT IGNORE INTO nurse_shift (AMKA, shift_id) VALUES ('0205417367', '38');
INSERT IGNORE INTO nurse_shift (AMKA, shift_id) VALUES ('1908934284', '38');
INSERT IGNORE INTO nurse_shift (AMKA, shift_id) VALUES ('2404736776', '38');
INSERT IGNORE INTO admin_shift (AMKA, shift_id) VALUES ('0806415082', '38');
INSERT IGNORE INTO admin_shift (AMKA, shift_id) VALUES ('2610796674', '38');
UPDATE IGNORE shift SET status = TRUE WHERE shift_id = '38';
INSERT IGNORE INTO dept_shift (dept_name, shift_id) VALUES ('Operating theatre (OT)', '38');
INSERT INTO shift (day, type) VALUES ('2025-09-30 00:00:00', '07:00-15:00');
INSERT IGNORE INTO doctor_shift (AMKA, shift_id) VALUES ('1206704867', '39');
INSERT IGNORE INTO doctor_shift (AMKA, shift_id) VALUES ('1210671054', '39');
INSERT IGNORE INTO doctor_shift (AMKA, shift_id) VALUES ('2204653007', '39');
INSERT IGNORE INTO nurse_shift (AMKA, shift_id) VALUES ('1006891535', '39');
INSERT IGNORE INTO nurse_shift (AMKA, shift_id) VALUES ('1203883023', '39');
INSERT IGNORE INTO nurse_shift (AMKA, shift_id) VALUES ('3011568029', '39');
INSERT IGNORE INTO nurse_shift (AMKA, shift_id) VALUES ('2110624175', '39');
INSERT IGNORE INTO nurse_shift (AMKA, shift_id) VALUES ('3101743228', '39');
INSERT IGNORE INTO nurse_shift (AMKA, shift_id) VALUES ('0707486851', '39');
INSERT IGNORE INTO nurse_shift (AMKA, shift_id) VALUES ('1601483351', '39');
INSERT IGNORE INTO admin_shift (AMKA, shift_id) VALUES ('3006533908', '39');
INSERT IGNORE INTO admin_shift (AMKA, shift_id) VALUES ('2403663964', '39');
INSERT IGNORE INTO admin_shift (AMKA, shift_id) VALUES ('2912624436', '39');
UPDATE IGNORE shift SET status = TRUE WHERE shift_id = '39';
INSERT IGNORE INTO dept_shift (dept_name, shift_id) VALUES ('Operating theatre (OT)', '39');
INSERT INTO shift (day, type) VALUES ('2026-11-03 00:00:00', '07:00-15:00');
INSERT IGNORE INTO doctor_shift (AMKA, shift_id) VALUES ('0802620737', '40');
INSERT IGNORE INTO doctor_shift (AMKA, shift_id) VALUES ('1912912516', '40');
INSERT IGNORE INTO doctor_shift (AMKA, shift_id) VALUES ('0111647658', '40');
INSERT IGNORE INTO doctor_shift (AMKA, shift_id) VALUES ('0909662577', '40');
INSERT IGNORE INTO nurse_shift (AMKA, shift_id) VALUES ('0205417367', '40');
INSERT IGNORE INTO nurse_shift (AMKA, shift_id) VALUES ('0302574411', '40');
INSERT IGNORE INTO nurse_shift (AMKA, shift_id) VALUES ('1302478288', '40');
INSERT IGNORE INTO nurse_shift (AMKA, shift_id) VALUES ('1101855051', '40');
INSERT IGNORE INTO nurse_shift (AMKA, shift_id) VALUES ('2804482376', '40');
INSERT IGNORE INTO nurse_shift (AMKA, shift_id) VALUES ('0211835314', '40');
INSERT IGNORE INTO nurse_shift (AMKA, shift_id) VALUES ('2509796665', '40');
INSERT IGNORE INTO nurse_shift (AMKA, shift_id) VALUES ('2705913673', '40');
INSERT IGNORE INTO nurse_shift (AMKA, shift_id) VALUES ('2812529967', '40');
INSERT IGNORE INTO nurse_shift (AMKA, shift_id) VALUES ('0405455659', '40');
INSERT IGNORE INTO admin_shift (AMKA, shift_id) VALUES ('1909728641', '40');
INSERT IGNORE INTO admin_shift (AMKA, shift_id) VALUES ('0606545053', '40');
INSERT IGNORE INTO admin_shift (AMKA, shift_id) VALUES ('1610915018', '40');
INSERT IGNORE INTO admin_shift (AMKA, shift_id) VALUES ('1407956296', '40');
UPDATE IGNORE shift SET status = TRUE WHERE shift_id = '40';
INSERT IGNORE INTO dept_shift (dept_name, shift_id) VALUES ('Operating theatre (OT)', '40');
INSERT INTO shift (day, type) VALUES ('2025-06-05 00:00:00', '23:00-07:00');
INSERT IGNORE INTO doctor_shift (AMKA, shift_id) VALUES ('0308718729', '41');
INSERT IGNORE INTO doctor_shift (AMKA, shift_id) VALUES ('1107638937', '41');
INSERT IGNORE INTO doctor_shift (AMKA, shift_id) VALUES ('2003754733', '41');
INSERT IGNORE INTO doctor_shift (AMKA, shift_id) VALUES ('2312865669', '41');
INSERT IGNORE INTO nurse_shift (AMKA, shift_id) VALUES ('2202788231', '41');
INSERT IGNORE INTO nurse_shift (AMKA, shift_id) VALUES ('1501974417', '41');
INSERT IGNORE INTO nurse_shift (AMKA, shift_id) VALUES ('1602668533', '41');
INSERT IGNORE INTO nurse_shift (AMKA, shift_id) VALUES ('2804482376', '41');
INSERT IGNORE INTO nurse_shift (AMKA, shift_id) VALUES ('1103802636', '41');
INSERT IGNORE INTO nurse_shift (AMKA, shift_id) VALUES ('0201469512', '41');
INSERT IGNORE INTO nurse_shift (AMKA, shift_id) VALUES ('2408602494', '41');
INSERT IGNORE INTO nurse_shift (AMKA, shift_id) VALUES ('2706529149', '41');
INSERT IGNORE INTO nurse_shift (AMKA, shift_id) VALUES ('2009974419', '41');
INSERT IGNORE INTO nurse_shift (AMKA, shift_id) VALUES ('3003940529', '41');
INSERT IGNORE INTO admin_shift (AMKA, shift_id) VALUES ('2610796674', '41');
INSERT IGNORE INTO admin_shift (AMKA, shift_id) VALUES ('0409007927', '41');
INSERT IGNORE INTO admin_shift (AMKA, shift_id) VALUES ('2403663964', '41');
INSERT IGNORE INTO admin_shift (AMKA, shift_id) VALUES ('1203690867', '41');
UPDATE IGNORE shift SET status = TRUE WHERE shift_id = '41';
INSERT IGNORE INTO dept_shift (dept_name, shift_id) VALUES ('Operating theatre (OT)', '41');
INSERT INTO shift (day, type) VALUES ('2024-02-23 00:00:00', '07:00-15:00');
INSERT IGNORE INTO doctor_shift (AMKA, shift_id) VALUES ('2803422426', '42');
INSERT IGNORE INTO doctor_shift (AMKA, shift_id) VALUES ('2203718551', '42');
INSERT IGNORE INTO doctor_shift (AMKA, shift_id) VALUES ('2406973031', '42');
INSERT IGNORE INTO doctor_shift (AMKA, shift_id) VALUES ('1107638937', '42');
INSERT IGNORE INTO doctor_shift (AMKA, shift_id) VALUES ('1708511124', '42');
INSERT IGNORE INTO nurse_shift (AMKA, shift_id) VALUES ('2509796665', '42');
INSERT IGNORE INTO nurse_shift (AMKA, shift_id) VALUES ('2205716047', '42');
INSERT IGNORE INTO nurse_shift (AMKA, shift_id) VALUES ('2407818176', '42');
INSERT IGNORE INTO nurse_shift (AMKA, shift_id) VALUES ('1607801274', '42');
INSERT IGNORE INTO nurse_shift (AMKA, shift_id) VALUES ('2704562592', '42');
INSERT IGNORE INTO nurse_shift (AMKA, shift_id) VALUES ('1512807285', '42');
INSERT IGNORE INTO nurse_shift (AMKA, shift_id) VALUES ('2202788231', '42');
INSERT IGNORE INTO nurse_shift (AMKA, shift_id) VALUES ('0205417367', '42');
INSERT IGNORE INTO nurse_shift (AMKA, shift_id) VALUES ('2906619041', '42');
INSERT IGNORE INTO admin_shift (AMKA, shift_id) VALUES ('1807947524', '42');
INSERT IGNORE INTO admin_shift (AMKA, shift_id) VALUES ('2210867288', '42');
UPDATE IGNORE shift SET status = TRUE WHERE shift_id = '42';
INSERT IGNORE INTO dept_shift (dept_name, shift_id) VALUES ('Operating theatre (OT)', '42');
INSERT INTO shift (day, type) VALUES ('2024-06-18 00:00:00', '23:00-07:00');
INSERT IGNORE INTO doctor_shift (AMKA, shift_id) VALUES ('1912912516', '43');
INSERT IGNORE INTO doctor_shift (AMKA, shift_id) VALUES ('1701787998', '43');
INSERT IGNORE INTO doctor_shift (AMKA, shift_id) VALUES ('1904466405', '43');
INSERT IGNORE INTO doctor_shift (AMKA, shift_id) VALUES ('2203633666', '43');
INSERT IGNORE INTO doctor_shift (AMKA, shift_id) VALUES ('1101779403', '43');
INSERT IGNORE INTO doctor_shift (AMKA, shift_id) VALUES ('0301636140', '43');
INSERT IGNORE INTO nurse_shift (AMKA, shift_id) VALUES ('1501974417', '43');
INSERT IGNORE INTO nurse_shift (AMKA, shift_id) VALUES ('2012883023', '43');
INSERT IGNORE INTO nurse_shift (AMKA, shift_id) VALUES ('1107666248', '43');
INSERT IGNORE INTO nurse_shift (AMKA, shift_id) VALUES ('0412861461', '43');
INSERT IGNORE INTO nurse_shift (AMKA, shift_id) VALUES ('3003940529', '43');
INSERT IGNORE INTO nurse_shift (AMKA, shift_id) VALUES ('0205417367', '43');
INSERT IGNORE INTO nurse_shift (AMKA, shift_id) VALUES ('1907956316', '43');
INSERT IGNORE INTO admin_shift (AMKA, shift_id) VALUES ('2009517049', '43');
INSERT IGNORE INTO admin_shift (AMKA, shift_id) VALUES ('1001660800', '43');
INSERT IGNORE INTO admin_shift (AMKA, shift_id) VALUES ('0903487819', '43');
UPDATE IGNORE shift SET status = TRUE WHERE shift_id = '43';
INSERT IGNORE INTO dept_shift (dept_name, shift_id) VALUES ('Operating theatre (OT)', '43');
INSERT INTO shift (day, type) VALUES ('2025-05-03 00:00:00', '23:00-07:00');
INSERT IGNORE INTO doctor_shift (AMKA, shift_id) VALUES ('1608881787', '44');
INSERT IGNORE INTO doctor_shift (AMKA, shift_id) VALUES ('2304595248', '44');
INSERT IGNORE INTO doctor_shift (AMKA, shift_id) VALUES ('0611462338', '44');
INSERT IGNORE INTO nurse_shift (AMKA, shift_id) VALUES ('0212459106', '44');
INSERT IGNORE INTO nurse_shift (AMKA, shift_id) VALUES ('2906619041', '44');
INSERT IGNORE INTO nurse_shift (AMKA, shift_id) VALUES ('2602489567', '44');
INSERT IGNORE INTO nurse_shift (AMKA, shift_id) VALUES ('0509934508', '44');
INSERT IGNORE INTO nurse_shift (AMKA, shift_id) VALUES ('3101743228', '44');
INSERT IGNORE INTO nurse_shift (AMKA, shift_id) VALUES ('0509864586', '44');
INSERT IGNORE INTO nurse_shift (AMKA, shift_id) VALUES ('2404736776', '44');
INSERT IGNORE INTO nurse_shift (AMKA, shift_id) VALUES ('2511766415', '44');
INSERT IGNORE INTO nurse_shift (AMKA, shift_id) VALUES ('2110624175', '44');
INSERT IGNORE INTO admin_shift (AMKA, shift_id) VALUES ('3108668309', '44');
INSERT IGNORE INTO admin_shift (AMKA, shift_id) VALUES ('3107841971', '44');
INSERT IGNORE INTO admin_shift (AMKA, shift_id) VALUES ('2307565593', '44');
UPDATE IGNORE shift SET status = TRUE WHERE shift_id = '44';
INSERT IGNORE INTO dept_shift (dept_name, shift_id) VALUES ('Operating theatre (OT)', '44');
INSERT INTO shift (day, type) VALUES ('2024-09-02 00:00:00', '23:00-07:00');
INSERT IGNORE INTO doctor_shift (AMKA, shift_id) VALUES ('1403472446', '45');
INSERT IGNORE INTO doctor_shift (AMKA, shift_id) VALUES ('1102752591', '45');
INSERT IGNORE INTO doctor_shift (AMKA, shift_id) VALUES ('1307618841', '45');
INSERT IGNORE INTO doctor_shift (AMKA, shift_id) VALUES ('1912912516', '45');
INSERT IGNORE INTO doctor_shift (AMKA, shift_id) VALUES ('2708408067', '45');
INSERT IGNORE INTO nurse_shift (AMKA, shift_id) VALUES ('3003940529', '45');
INSERT IGNORE INTO nurse_shift (AMKA, shift_id) VALUES ('1408697203', '45');
INSERT IGNORE INTO nurse_shift (AMKA, shift_id) VALUES ('0405455659', '45');
INSERT IGNORE INTO nurse_shift (AMKA, shift_id) VALUES ('1302876707', '45');
INSERT IGNORE INTO nurse_shift (AMKA, shift_id) VALUES ('1203883023', '45');
INSERT IGNORE INTO nurse_shift (AMKA, shift_id) VALUES ('1601483351', '45');
INSERT IGNORE INTO admin_shift (AMKA, shift_id) VALUES ('1711829846', '45');
INSERT IGNORE INTO admin_shift (AMKA, shift_id) VALUES ('0606545053', '45');
UPDATE IGNORE shift SET status = TRUE WHERE shift_id = '45';
INSERT IGNORE INTO dept_shift (dept_name, shift_id) VALUES ('Operating theatre (OT)', '45');
INSERT INTO shift (day, type) VALUES ('2024-08-28 00:00:00', '15:00-23:00');
INSERT IGNORE INTO doctor_shift (AMKA, shift_id) VALUES ('2710712553', '46');
INSERT IGNORE INTO doctor_shift (AMKA, shift_id) VALUES ('2108809189', '46');
INSERT IGNORE INTO doctor_shift (AMKA, shift_id) VALUES ('0610661297', '46');
INSERT IGNORE INTO doctor_shift (AMKA, shift_id) VALUES ('2107936328', '46');
INSERT IGNORE INTO doctor_shift (AMKA, shift_id) VALUES ('2407887390', '46');
INSERT IGNORE INTO doctor_shift (AMKA, shift_id) VALUES ('2304595248', '46');
INSERT IGNORE INTO doctor_shift (AMKA, shift_id) VALUES ('0903695053', '46');
INSERT IGNORE INTO nurse_shift (AMKA, shift_id) VALUES ('2301986927', '46');
INSERT IGNORE INTO nurse_shift (AMKA, shift_id) VALUES ('2407971013', '46');
INSERT IGNORE INTO nurse_shift (AMKA, shift_id) VALUES ('2009974419', '46');
INSERT IGNORE INTO nurse_shift (AMKA, shift_id) VALUES ('1809580815', '46');
INSERT IGNORE INTO nurse_shift (AMKA, shift_id) VALUES ('2704562592', '46');
INSERT IGNORE INTO nurse_shift (AMKA, shift_id) VALUES ('2202788231', '46');
INSERT IGNORE INTO nurse_shift (AMKA, shift_id) VALUES ('0702609163', '46');
INSERT IGNORE INTO nurse_shift (AMKA, shift_id) VALUES ('1408697203', '46');
INSERT IGNORE INTO nurse_shift (AMKA, shift_id) VALUES ('3003940529', '46');
INSERT IGNORE INTO admin_shift (AMKA, shift_id) VALUES ('2403663964', '46');
INSERT IGNORE INTO admin_shift (AMKA, shift_id) VALUES ('0409007927', '46');
UPDATE IGNORE shift SET status = TRUE WHERE shift_id = '46';
INSERT IGNORE INTO dept_shift (dept_name, shift_id) VALUES ('Operating theatre (OT)', '46');
INSERT INTO shift (day, type) VALUES ('2025-08-17 00:00:00', '07:00-15:00');
INSERT IGNORE INTO doctor_shift (AMKA, shift_id) VALUES ('0803989228', '47');
INSERT IGNORE INTO doctor_shift (AMKA, shift_id) VALUES ('0301636140', '47');
INSERT IGNORE INTO doctor_shift (AMKA, shift_id) VALUES ('1101779403', '47');
INSERT IGNORE INTO doctor_shift (AMKA, shift_id) VALUES ('1608881787', '47');
INSERT IGNORE INTO nurse_shift (AMKA, shift_id) VALUES ('1103802636', '47');
INSERT IGNORE INTO nurse_shift (AMKA, shift_id) VALUES ('0501488320', '47');
INSERT IGNORE INTO nurse_shift (AMKA, shift_id) VALUES ('2706529149', '47');
INSERT IGNORE INTO nurse_shift (AMKA, shift_id) VALUES ('0702609163', '47');
INSERT IGNORE INTO nurse_shift (AMKA, shift_id) VALUES ('0311534815', '47');
INSERT IGNORE INTO nurse_shift (AMKA, shift_id) VALUES ('0905711630', '47');
INSERT IGNORE INTO nurse_shift (AMKA, shift_id) VALUES ('0509864586', '47');
INSERT IGNORE INTO nurse_shift (AMKA, shift_id) VALUES ('0707486851', '47');
INSERT IGNORE INTO nurse_shift (AMKA, shift_id) VALUES ('2105987694', '47');
INSERT IGNORE INTO admin_shift (AMKA, shift_id) VALUES ('2210867288', '47');
INSERT IGNORE INTO admin_shift (AMKA, shift_id) VALUES ('0807583265', '47');
UPDATE IGNORE shift SET status = TRUE WHERE shift_id = '47';
INSERT IGNORE INTO dept_shift (dept_name, shift_id) VALUES ('Operating theatre (OT)', '47');
INSERT INTO shift (day, type) VALUES ('2026-12-13 00:00:00', '15:00-23:00');
INSERT IGNORE INTO doctor_shift (AMKA, shift_id) VALUES ('2003754733', '48');
INSERT IGNORE INTO doctor_shift (AMKA, shift_id) VALUES ('1104529817', '48');
INSERT IGNORE INTO doctor_shift (AMKA, shift_id) VALUES ('0803989228', '48');
INSERT IGNORE INTO doctor_shift (AMKA, shift_id) VALUES ('0811685025', '48');
INSERT IGNORE INTO doctor_shift (AMKA, shift_id) VALUES ('2403567012', '48');
INSERT IGNORE INTO doctor_shift (AMKA, shift_id) VALUES ('1210608936', '48');
INSERT IGNORE INTO doctor_shift (AMKA, shift_id) VALUES ('1912912516', '48');
INSERT IGNORE INTO doctor_shift (AMKA, shift_id) VALUES ('2406973031', '48');
INSERT IGNORE INTO nurse_shift (AMKA, shift_id) VALUES ('0212459106', '48');
INSERT IGNORE INTO nurse_shift (AMKA, shift_id) VALUES ('2009974419', '48');
INSERT IGNORE INTO nurse_shift (AMKA, shift_id) VALUES ('2005873415', '48');
INSERT IGNORE INTO nurse_shift (AMKA, shift_id) VALUES ('1302478288', '48');
INSERT IGNORE INTO nurse_shift (AMKA, shift_id) VALUES ('2903754769', '48');
INSERT IGNORE INTO nurse_shift (AMKA, shift_id) VALUES ('0403530470', '48');
INSERT IGNORE INTO admin_shift (AMKA, shift_id) VALUES ('0807583265', '48');
INSERT IGNORE INTO admin_shift (AMKA, shift_id) VALUES ('0409007927', '48');
UPDATE IGNORE shift SET status = TRUE WHERE shift_id = '48';
INSERT IGNORE INTO dept_shift (dept_name, shift_id) VALUES ('Operating theatre (OT)', '48');
INSERT INTO shift (day, type) VALUES ('2024-06-17 00:00:00', '07:00-15:00');
INSERT IGNORE INTO doctor_shift (AMKA, shift_id) VALUES ('2203633666', '49');
INSERT IGNORE INTO doctor_shift (AMKA, shift_id) VALUES ('2710712553', '49');
INSERT IGNORE INTO doctor_shift (AMKA, shift_id) VALUES ('2301681047', '49');
INSERT IGNORE INTO doctor_shift (AMKA, shift_id) VALUES ('2803422426', '49');
INSERT IGNORE INTO doctor_shift (AMKA, shift_id) VALUES ('0410505068', '49');
INSERT IGNORE INTO doctor_shift (AMKA, shift_id) VALUES ('0206637500', '49');
INSERT IGNORE INTO doctor_shift (AMKA, shift_id) VALUES ('2003754733', '49');
INSERT IGNORE INTO doctor_shift (AMKA, shift_id) VALUES ('1104742723', '49');
INSERT IGNORE INTO nurse_shift (AMKA, shift_id) VALUES ('1501974417', '49');
INSERT IGNORE INTO nurse_shift (AMKA, shift_id) VALUES ('2308761066', '49');
INSERT IGNORE INTO nurse_shift (AMKA, shift_id) VALUES ('1709556112', '49');
INSERT IGNORE INTO nurse_shift (AMKA, shift_id) VALUES ('0805529909', '49');
INSERT IGNORE INTO nurse_shift (AMKA, shift_id) VALUES ('3101743228', '49');
INSERT IGNORE INTO nurse_shift (AMKA, shift_id) VALUES ('1908934284', '49');
INSERT IGNORE INTO nurse_shift (AMKA, shift_id) VALUES ('1203883023', '49');
INSERT IGNORE INTO nurse_shift (AMKA, shift_id) VALUES ('0702609163', '49');
INSERT IGNORE INTO nurse_shift (AMKA, shift_id) VALUES ('2903754769', '49');
INSERT IGNORE INTO nurse_shift (AMKA, shift_id) VALUES ('1602668533', '49');
INSERT IGNORE INTO admin_shift (AMKA, shift_id) VALUES ('2210867288', '49');
INSERT IGNORE INTO admin_shift (AMKA, shift_id) VALUES ('1807947524', '49');
INSERT IGNORE INTO admin_shift (AMKA, shift_id) VALUES ('1909762384', '49');
UPDATE IGNORE shift SET status = TRUE WHERE shift_id = '49';
INSERT IGNORE INTO dept_shift (dept_name, shift_id) VALUES ('Operating theatre (OT)', '49');
INSERT INTO shift (day, type) VALUES ('2026-03-22 00:00:00', '15:00-23:00');
INSERT IGNORE INTO doctor_shift (AMKA, shift_id) VALUES ('1608881787', '50');
INSERT IGNORE INTO doctor_shift (AMKA, shift_id) VALUES ('0810802797', '50');
INSERT IGNORE INTO doctor_shift (AMKA, shift_id) VALUES ('1104742723', '50');
INSERT IGNORE INTO nurse_shift (AMKA, shift_id) VALUES ('1203883023', '50');
INSERT IGNORE INTO nurse_shift (AMKA, shift_id) VALUES ('1907956316', '50');
INSERT IGNORE INTO nurse_shift (AMKA, shift_id) VALUES ('2804482376', '50');
INSERT IGNORE INTO nurse_shift (AMKA, shift_id) VALUES ('1006891535', '50');
INSERT IGNORE INTO nurse_shift (AMKA, shift_id) VALUES ('2008408711', '50');
INSERT IGNORE INTO nurse_shift (AMKA, shift_id) VALUES ('1309466103', '50');
INSERT IGNORE INTO nurse_shift (AMKA, shift_id) VALUES ('2210732993', '50');
INSERT IGNORE INTO admin_shift (AMKA, shift_id) VALUES ('3107841971', '50');
INSERT IGNORE INTO admin_shift (AMKA, shift_id) VALUES ('2412702821', '50');
INSERT IGNORE INTO admin_shift (AMKA, shift_id) VALUES ('2204425556', '50');
INSERT IGNORE INTO admin_shift (AMKA, shift_id) VALUES ('2210867288', '50');
UPDATE IGNORE shift SET status = TRUE WHERE shift_id = '50';
INSERT IGNORE INTO dept_shift (dept_name, shift_id) VALUES ('Operating theatre (OT)', '50');
INSERT INTO shift (day, type) VALUES ('2026-12-12 00:00:00', '15:00-23:00');
INSERT IGNORE INTO doctor_shift (AMKA, shift_id) VALUES ('2502654079', '51');
INSERT IGNORE INTO doctor_shift (AMKA, shift_id) VALUES ('0411980022', '51');
INSERT IGNORE INTO doctor_shift (AMKA, shift_id) VALUES ('0104436410', '51');
INSERT IGNORE INTO doctor_shift (AMKA, shift_id) VALUES ('1210671054', '51');
INSERT IGNORE INTO doctor_shift (AMKA, shift_id) VALUES ('0803576389', '51');
INSERT IGNORE INTO doctor_shift (AMKA, shift_id) VALUES ('1210608936', '51');
INSERT IGNORE INTO nurse_shift (AMKA, shift_id) VALUES ('2704562592', '51');
INSERT IGNORE INTO nurse_shift (AMKA, shift_id) VALUES ('2903754769', '51');
INSERT IGNORE INTO nurse_shift (AMKA, shift_id) VALUES ('1708849364', '51');
INSERT IGNORE INTO nurse_shift (AMKA, shift_id) VALUES ('0905711630', '51');
INSERT IGNORE INTO nurse_shift (AMKA, shift_id) VALUES ('0805529909', '51');
INSERT IGNORE INTO nurse_shift (AMKA, shift_id) VALUES ('1408697203', '51');
INSERT IGNORE INTO nurse_shift (AMKA, shift_id) VALUES ('0702609163', '51');
INSERT IGNORE INTO nurse_shift (AMKA, shift_id) VALUES ('1304544511', '51');
INSERT IGNORE INTO admin_shift (AMKA, shift_id) VALUES ('1108942647', '51');
INSERT IGNORE INTO admin_shift (AMKA, shift_id) VALUES ('0212875455', '51');
UPDATE IGNORE shift SET status = TRUE WHERE shift_id = '51';
INSERT IGNORE INTO dept_shift (dept_name, shift_id) VALUES ('Operating theatre (OT)', '51');
INSERT INTO shift (day, type) VALUES ('2024-08-13 00:00:00', '07:00-15:00');
INSERT IGNORE INTO doctor_shift (AMKA, shift_id) VALUES ('2304595248', '52');
INSERT IGNORE INTO doctor_shift (AMKA, shift_id) VALUES ('2510927096', '52');
INSERT IGNORE INTO doctor_shift (AMKA, shift_id) VALUES ('0406974498', '52');
INSERT IGNORE INTO doctor_shift (AMKA, shift_id) VALUES ('0610661297', '52');
INSERT IGNORE INTO doctor_shift (AMKA, shift_id) VALUES ('1007472193', '52');
INSERT IGNORE INTO doctor_shift (AMKA, shift_id) VALUES ('0508710262', '52');
INSERT IGNORE INTO nurse_shift (AMKA, shift_id) VALUES ('2205716047', '52');
INSERT IGNORE INTO nurse_shift (AMKA, shift_id) VALUES ('1707693139', '52');
INSERT IGNORE INTO nurse_shift (AMKA, shift_id) VALUES ('1703812899', '52');
INSERT IGNORE INTO nurse_shift (AMKA, shift_id) VALUES ('2511766415', '52');
INSERT IGNORE INTO nurse_shift (AMKA, shift_id) VALUES ('2012883023', '52');
INSERT IGNORE INTO nurse_shift (AMKA, shift_id) VALUES ('0212459106', '52');
INSERT IGNORE INTO admin_shift (AMKA, shift_id) VALUES ('1810691695', '52');
INSERT IGNORE INTO admin_shift (AMKA, shift_id) VALUES ('1203690867', '52');
INSERT IGNORE INTO admin_shift (AMKA, shift_id) VALUES ('0212875455', '52');
UPDATE IGNORE shift SET status = TRUE WHERE shift_id = '52';
INSERT IGNORE INTO dept_shift (dept_name, shift_id) VALUES ('Operating theatre (OT)', '52');
INSERT INTO shift (day, type) VALUES ('2025-09-10 00:00:00', '23:00-07:00');
INSERT IGNORE INTO doctor_shift (AMKA, shift_id) VALUES ('1701787998', '53');
INSERT IGNORE INTO doctor_shift (AMKA, shift_id) VALUES ('0406974498', '53');
INSERT IGNORE INTO doctor_shift (AMKA, shift_id) VALUES ('1101779403', '53');
INSERT IGNORE INTO doctor_shift (AMKA, shift_id) VALUES ('1305442503', '53');
INSERT IGNORE INTO doctor_shift (AMKA, shift_id) VALUES ('1403472446', '53');
INSERT IGNORE INTO nurse_shift (AMKA, shift_id) VALUES ('1709556112', '53');
INSERT IGNORE INTO nurse_shift (AMKA, shift_id) VALUES ('0509934508', '53');
INSERT IGNORE INTO nurse_shift (AMKA, shift_id) VALUES ('2511766415', '53');
INSERT IGNORE INTO nurse_shift (AMKA, shift_id) VALUES ('1810684760', '53');
INSERT IGNORE INTO nurse_shift (AMKA, shift_id) VALUES ('0307004452', '53');
INSERT IGNORE INTO nurse_shift (AMKA, shift_id) VALUES ('2612984884', '53');
INSERT IGNORE INTO nurse_shift (AMKA, shift_id) VALUES ('2209772976', '53');
INSERT IGNORE INTO nurse_shift (AMKA, shift_id) VALUES ('3107984441', '53');
INSERT IGNORE INTO nurse_shift (AMKA, shift_id) VALUES ('2407818176', '53');
INSERT IGNORE INTO nurse_shift (AMKA, shift_id) VALUES ('1607801274', '53');
INSERT IGNORE INTO admin_shift (AMKA, shift_id) VALUES ('2307565593', '53');
INSERT IGNORE INTO admin_shift (AMKA, shift_id) VALUES ('2104667937', '53');
INSERT IGNORE INTO admin_shift (AMKA, shift_id) VALUES ('3108420255', '53');
UPDATE IGNORE shift SET status = TRUE WHERE shift_id = '53';
INSERT IGNORE INTO dept_shift (dept_name, shift_id) VALUES ('Operating theatre (OT)', '53');
INSERT INTO shift (day, type) VALUES ('2025-08-12 00:00:00', '15:00-23:00');
INSERT IGNORE INTO doctor_shift (AMKA, shift_id) VALUES ('1101823701', '54');
INSERT IGNORE INTO doctor_shift (AMKA, shift_id) VALUES ('2304595248', '54');
INSERT IGNORE INTO doctor_shift (AMKA, shift_id) VALUES ('1102752591', '54');
INSERT IGNORE INTO doctor_shift (AMKA, shift_id) VALUES ('0903695053', '54');
INSERT IGNORE INTO doctor_shift (AMKA, shift_id) VALUES ('0303531282', '54');
INSERT IGNORE INTO nurse_shift (AMKA, shift_id) VALUES ('0302574411', '54');
INSERT IGNORE INTO nurse_shift (AMKA, shift_id) VALUES ('0211835314', '54');
INSERT IGNORE INTO nurse_shift (AMKA, shift_id) VALUES ('1908934284', '54');
INSERT IGNORE INTO nurse_shift (AMKA, shift_id) VALUES ('3003940529', '54');
INSERT IGNORE INTO nurse_shift (AMKA, shift_id) VALUES ('1109842569', '54');
INSERT IGNORE INTO nurse_shift (AMKA, shift_id) VALUES ('2009974419', '54');
INSERT IGNORE INTO admin_shift (AMKA, shift_id) VALUES ('2104509361', '54');
INSERT IGNORE INTO admin_shift (AMKA, shift_id) VALUES ('2403663964', '54');
UPDATE IGNORE shift SET status = TRUE WHERE shift_id = '54';
INSERT IGNORE INTO dept_shift (dept_name, shift_id) VALUES ('Operating theatre (OT)', '54');
INSERT INTO shift (day, type) VALUES ('2025-06-30 00:00:00', '23:00-07:00');
INSERT IGNORE INTO doctor_shift (AMKA, shift_id) VALUES ('0610661297', '55');
INSERT IGNORE INTO doctor_shift (AMKA, shift_id) VALUES ('1701787998', '55');
INSERT IGNORE INTO doctor_shift (AMKA, shift_id) VALUES ('0406974498', '55');
INSERT IGNORE INTO doctor_shift (AMKA, shift_id) VALUES ('0508710262', '55');
INSERT IGNORE INTO nurse_shift (AMKA, shift_id) VALUES ('1712731602', '55');
INSERT IGNORE INTO nurse_shift (AMKA, shift_id) VALUES ('1703812899', '55');
INSERT IGNORE INTO nurse_shift (AMKA, shift_id) VALUES ('2509796665', '55');
INSERT IGNORE INTO nurse_shift (AMKA, shift_id) VALUES ('1907956316', '55');
INSERT IGNORE INTO nurse_shift (AMKA, shift_id) VALUES ('1601483351', '55');
INSERT IGNORE INTO nurse_shift (AMKA, shift_id) VALUES ('0307004452', '55');
INSERT IGNORE INTO nurse_shift (AMKA, shift_id) VALUES ('1304544511', '55');
INSERT IGNORE INTO nurse_shift (AMKA, shift_id) VALUES ('2012883023', '55');
INSERT IGNORE INTO nurse_shift (AMKA, shift_id) VALUES ('1709556112', '55');
INSERT IGNORE INTO nurse_shift (AMKA, shift_id) VALUES ('0405455659', '55');
INSERT IGNORE INTO admin_shift (AMKA, shift_id) VALUES ('0601877562', '55');
INSERT IGNORE INTO admin_shift (AMKA, shift_id) VALUES ('2610796674', '55');
UPDATE IGNORE shift SET status = TRUE WHERE shift_id = '55';
INSERT IGNORE INTO dept_shift (dept_name, shift_id) VALUES ('Intensive care unit (ICU)', '55');
INSERT INTO shift (day, type) VALUES ('2024-01-31 00:00:00', '23:00-07:00');
INSERT IGNORE INTO doctor_shift (AMKA, shift_id) VALUES ('1004748289', '56');
INSERT IGNORE INTO doctor_shift (AMKA, shift_id) VALUES ('2301681047', '56');
INSERT IGNORE INTO doctor_shift (AMKA, shift_id) VALUES ('2710712553', '56');
INSERT IGNORE INTO doctor_shift (AMKA, shift_id) VALUES ('2206803094', '56');
INSERT IGNORE INTO doctor_shift (AMKA, shift_id) VALUES ('1604612218', '56');
INSERT IGNORE INTO nurse_shift (AMKA, shift_id) VALUES ('0201469512', '56');
INSERT IGNORE INTO nurse_shift (AMKA, shift_id) VALUES ('2209772976', '56');
INSERT IGNORE INTO nurse_shift (AMKA, shift_id) VALUES ('1607801274', '56');
INSERT IGNORE INTO nurse_shift (AMKA, shift_id) VALUES ('1503405303', '56');
INSERT IGNORE INTO nurse_shift (AMKA, shift_id) VALUES ('2407971013', '56');
INSERT IGNORE INTO nurse_shift (AMKA, shift_id) VALUES ('2301986927', '56');
INSERT IGNORE INTO nurse_shift (AMKA, shift_id) VALUES ('1302478288', '56');
INSERT IGNORE INTO admin_shift (AMKA, shift_id) VALUES ('1909762384', '56');
INSERT IGNORE INTO admin_shift (AMKA, shift_id) VALUES ('2104667937', '56');
INSERT IGNORE INTO admin_shift (AMKA, shift_id) VALUES ('2803665107', '56');
INSERT IGNORE INTO admin_shift (AMKA, shift_id) VALUES ('3108668309', '56');
UPDATE IGNORE shift SET status = TRUE WHERE shift_id = '56';
INSERT IGNORE INTO dept_shift (dept_name, shift_id) VALUES ('Intensive care unit (ICU)', '56');
INSERT INTO shift (day, type) VALUES ('2026-11-20 00:00:00', '07:00-15:00');
INSERT IGNORE INTO doctor_shift (AMKA, shift_id) VALUES ('1912912516', '57');
INSERT IGNORE INTO doctor_shift (AMKA, shift_id) VALUES ('2707864104', '57');
INSERT IGNORE INTO doctor_shift (AMKA, shift_id) VALUES ('2312865669', '57');
INSERT IGNORE INTO doctor_shift (AMKA, shift_id) VALUES ('0602879802', '57');
INSERT IGNORE INTO doctor_shift (AMKA, shift_id) VALUES ('0411980022', '57');
INSERT IGNORE INTO doctor_shift (AMKA, shift_id) VALUES ('0810802797', '57');
INSERT IGNORE INTO doctor_shift (AMKA, shift_id) VALUES ('0109876222', '57');
INSERT IGNORE INTO doctor_shift (AMKA, shift_id) VALUES ('0811685025', '57');
INSERT IGNORE INTO nurse_shift (AMKA, shift_id) VALUES ('1603685746', '57');
INSERT IGNORE INTO nurse_shift (AMKA, shift_id) VALUES ('2812529967', '57');
INSERT IGNORE INTO nurse_shift (AMKA, shift_id) VALUES ('0201469512', '57');
INSERT IGNORE INTO nurse_shift (AMKA, shift_id) VALUES ('1807594302', '57');
INSERT IGNORE INTO nurse_shift (AMKA, shift_id) VALUES ('2012883023', '57');
INSERT IGNORE INTO nurse_shift (AMKA, shift_id) VALUES ('0307004452', '57');
INSERT IGNORE INTO nurse_shift (AMKA, shift_id) VALUES ('1311513072', '57');
INSERT IGNORE INTO nurse_shift (AMKA, shift_id) VALUES ('2407818176', '57');
INSERT IGNORE INTO admin_shift (AMKA, shift_id) VALUES ('3107841971', '57');
INSERT IGNORE INTO admin_shift (AMKA, shift_id) VALUES ('0807583265', '57');
INSERT IGNORE INTO admin_shift (AMKA, shift_id) VALUES ('2210867288', '57');
INSERT IGNORE INTO admin_shift (AMKA, shift_id) VALUES ('3108668309', '57');
UPDATE IGNORE shift SET status = TRUE WHERE shift_id = '57';
INSERT IGNORE INTO dept_shift (dept_name, shift_id) VALUES ('Intensive care unit (ICU)', '57');
INSERT INTO shift (day, type) VALUES ('2024-08-11 00:00:00', '15:00-23:00');
INSERT IGNORE INTO doctor_shift (AMKA, shift_id) VALUES ('3012474240', '58');
INSERT IGNORE INTO doctor_shift (AMKA, shift_id) VALUES ('2502654079', '58');
INSERT IGNORE INTO doctor_shift (AMKA, shift_id) VALUES ('1007472193', '58');
INSERT IGNORE INTO nurse_shift (AMKA, shift_id) VALUES ('3003940529', '58');
INSERT IGNORE INTO nurse_shift (AMKA, shift_id) VALUES ('0310576949', '58');
INSERT IGNORE INTO nurse_shift (AMKA, shift_id) VALUES ('0509934508', '58');
INSERT IGNORE INTO nurse_shift (AMKA, shift_id) VALUES ('0909660903', '58');
INSERT IGNORE INTO nurse_shift (AMKA, shift_id) VALUES ('2804482376', '58');
INSERT IGNORE INTO nurse_shift (AMKA, shift_id) VALUES ('1708849364', '58');
INSERT IGNORE INTO admin_shift (AMKA, shift_id) VALUES ('3006533908', '58');
INSERT IGNORE INTO admin_shift (AMKA, shift_id) VALUES ('1004500988', '58');
UPDATE IGNORE shift SET status = TRUE WHERE shift_id = '58';
INSERT IGNORE INTO dept_shift (dept_name, shift_id) VALUES ('Intensive care unit (ICU)', '58');
INSERT INTO shift (day, type) VALUES ('2026-06-03 00:00:00', '07:00-15:00');
INSERT IGNORE INTO doctor_shift (AMKA, shift_id) VALUES ('2304595248', '59');
INSERT IGNORE INTO doctor_shift (AMKA, shift_id) VALUES ('1101823701', '59');
INSERT IGNORE INTO doctor_shift (AMKA, shift_id) VALUES ('2403567012', '59');
INSERT IGNORE INTO doctor_shift (AMKA, shift_id) VALUES ('1904466405', '59');
INSERT IGNORE INTO doctor_shift (AMKA, shift_id) VALUES ('1612748648', '59');
INSERT IGNORE INTO doctor_shift (AMKA, shift_id) VALUES ('3012474240', '59');
INSERT IGNORE INTO doctor_shift (AMKA, shift_id) VALUES ('1403472446', '59');
INSERT IGNORE INTO doctor_shift (AMKA, shift_id) VALUES ('2003754733', '59');
INSERT IGNORE INTO nurse_shift (AMKA, shift_id) VALUES ('1607801274', '59');
INSERT IGNORE INTO nurse_shift (AMKA, shift_id) VALUES ('2602489567', '59');
INSERT IGNORE INTO nurse_shift (AMKA, shift_id) VALUES ('0205417367', '59');
INSERT IGNORE INTO nurse_shift (AMKA, shift_id) VALUES ('2105987694', '59');
INSERT IGNORE INTO nurse_shift (AMKA, shift_id) VALUES ('1302876707', '59');
INSERT IGNORE INTO nurse_shift (AMKA, shift_id) VALUES ('0302574411', '59');
INSERT IGNORE INTO admin_shift (AMKA, shift_id) VALUES ('1401438948', '59');
INSERT IGNORE INTO admin_shift (AMKA, shift_id) VALUES ('0409007927', '59');
INSERT IGNORE INTO admin_shift (AMKA, shift_id) VALUES ('1407956296', '59');
UPDATE IGNORE shift SET status = TRUE WHERE shift_id = '59';
INSERT IGNORE INTO dept_shift (dept_name, shift_id) VALUES ('Intensive care unit (ICU)', '59');
INSERT INTO shift (day, type) VALUES ('2026-10-31 00:00:00', '15:00-23:00');
INSERT IGNORE INTO doctor_shift (AMKA, shift_id) VALUES ('2206803094', '60');
INSERT IGNORE INTO doctor_shift (AMKA, shift_id) VALUES ('1307618841', '60');
INSERT IGNORE INTO doctor_shift (AMKA, shift_id) VALUES ('0909662577', '60');
INSERT IGNORE INTO nurse_shift (AMKA, shift_id) VALUES ('1207679089', '60');
INSERT IGNORE INTO nurse_shift (AMKA, shift_id) VALUES ('1709556112', '60');
INSERT IGNORE INTO nurse_shift (AMKA, shift_id) VALUES ('2812529967', '60');
INSERT IGNORE INTO nurse_shift (AMKA, shift_id) VALUES ('2904573556', '60');
INSERT IGNORE INTO nurse_shift (AMKA, shift_id) VALUES ('0805529909', '60');
INSERT IGNORE INTO nurse_shift (AMKA, shift_id) VALUES ('0211835314', '60');
INSERT IGNORE INTO nurse_shift (AMKA, shift_id) VALUES ('1210633994', '60');
INSERT IGNORE INTO nurse_shift (AMKA, shift_id) VALUES ('0905711630', '60');
INSERT IGNORE INTO nurse_shift (AMKA, shift_id) VALUES ('2202788231', '60');
INSERT IGNORE INTO nurse_shift (AMKA, shift_id) VALUES ('1410576808', '60');
INSERT IGNORE INTO admin_shift (AMKA, shift_id) VALUES ('1004500988', '60');
INSERT IGNORE INTO admin_shift (AMKA, shift_id) VALUES ('1401529676', '60');
INSERT IGNORE INTO admin_shift (AMKA, shift_id) VALUES ('2403663964', '60');
UPDATE IGNORE shift SET status = TRUE WHERE shift_id = '60';
INSERT IGNORE INTO dept_shift (dept_name, shift_id) VALUES ('Intensive care unit (ICU)', '60');
INSERT INTO shift (day, type) VALUES ('2024-09-19 00:00:00', '15:00-23:00');
INSERT IGNORE INTO doctor_shift (AMKA, shift_id) VALUES ('2001691929', '61');
INSERT IGNORE INTO doctor_shift (AMKA, shift_id) VALUES ('0411550543', '61');
INSERT IGNORE INTO doctor_shift (AMKA, shift_id) VALUES ('2203633666', '61');
INSERT IGNORE INTO doctor_shift (AMKA, shift_id) VALUES ('1210608936', '61');
INSERT IGNORE INTO doctor_shift (AMKA, shift_id) VALUES ('0903695053', '61');
INSERT IGNORE INTO doctor_shift (AMKA, shift_id) VALUES ('2012810248', '61');
INSERT IGNORE INTO nurse_shift (AMKA, shift_id) VALUES ('2005873415', '61');
INSERT IGNORE INTO nurse_shift (AMKA, shift_id) VALUES ('1101855051', '61');
INSERT IGNORE INTO nurse_shift (AMKA, shift_id) VALUES ('0208490904', '61');
INSERT IGNORE INTO nurse_shift (AMKA, shift_id) VALUES ('2211920600', '61');
INSERT IGNORE INTO nurse_shift (AMKA, shift_id) VALUES ('1601483351', '61');
INSERT IGNORE INTO nurse_shift (AMKA, shift_id) VALUES ('2905001644', '61');
INSERT IGNORE INTO admin_shift (AMKA, shift_id) VALUES ('0601877562', '61');
INSERT IGNORE INTO admin_shift (AMKA, shift_id) VALUES ('2412702821', '61');
UPDATE IGNORE shift SET status = TRUE WHERE shift_id = '61';
INSERT IGNORE INTO dept_shift (dept_name, shift_id) VALUES ('Intensive care unit (ICU)', '61');
INSERT INTO shift (day, type) VALUES ('2025-02-10 00:00:00', '07:00-15:00');
INSERT IGNORE INTO doctor_shift (AMKA, shift_id) VALUES ('2001691929', '62');
INSERT IGNORE INTO doctor_shift (AMKA, shift_id) VALUES ('0810802797', '62');
INSERT IGNORE INTO doctor_shift (AMKA, shift_id) VALUES ('1905740744', '62');
INSERT IGNORE INTO doctor_shift (AMKA, shift_id) VALUES ('2407887390', '62');
INSERT IGNORE INTO doctor_shift (AMKA, shift_id) VALUES ('1210671054', '62');
INSERT IGNORE INTO doctor_shift (AMKA, shift_id) VALUES ('1806762549', '62');
INSERT IGNORE INTO nurse_shift (AMKA, shift_id) VALUES ('1603685746', '62');
INSERT IGNORE INTO nurse_shift (AMKA, shift_id) VALUES ('0909660903', '62');
INSERT IGNORE INTO nurse_shift (AMKA, shift_id) VALUES ('1309466103', '62');
INSERT IGNORE INTO nurse_shift (AMKA, shift_id) VALUES ('1410472859', '62');
INSERT IGNORE INTO nurse_shift (AMKA, shift_id) VALUES ('1709556112', '62');
INSERT IGNORE INTO nurse_shift (AMKA, shift_id) VALUES ('2408602494', '62');
INSERT IGNORE INTO nurse_shift (AMKA, shift_id) VALUES ('2704562592', '62');
INSERT IGNORE INTO nurse_shift (AMKA, shift_id) VALUES ('1111688464', '62');
INSERT IGNORE INTO admin_shift (AMKA, shift_id) VALUES ('1003595467', '62');
INSERT IGNORE INTO admin_shift (AMKA, shift_id) VALUES ('2403663964', '62');
INSERT IGNORE INTO admin_shift (AMKA, shift_id) VALUES ('1711829846', '62');
UPDATE IGNORE shift SET status = TRUE WHERE shift_id = '62';
INSERT IGNORE INTO dept_shift (dept_name, shift_id) VALUES ('Intensive care unit (ICU)', '62');
INSERT INTO shift (day, type) VALUES ('2024-06-03 00:00:00', '15:00-23:00');
INSERT IGNORE INTO doctor_shift (AMKA, shift_id) VALUES ('0810802797', '63');
INSERT IGNORE INTO doctor_shift (AMKA, shift_id) VALUES ('1210608936', '63');
INSERT IGNORE INTO doctor_shift (AMKA, shift_id) VALUES ('0303531282', '63');
INSERT IGNORE INTO doctor_shift (AMKA, shift_id) VALUES ('1806762549', '63');
INSERT IGNORE INTO doctor_shift (AMKA, shift_id) VALUES ('2107936328', '63');
INSERT IGNORE INTO doctor_shift (AMKA, shift_id) VALUES ('1611592474', '63');
INSERT IGNORE INTO doctor_shift (AMKA, shift_id) VALUES ('0301636140', '63');
INSERT IGNORE INTO nurse_shift (AMKA, shift_id) VALUES ('2202788231', '63');
INSERT IGNORE INTO nurse_shift (AMKA, shift_id) VALUES ('1807594302', '63');
INSERT IGNORE INTO nurse_shift (AMKA, shift_id) VALUES ('0501488320', '63');
INSERT IGNORE INTO nurse_shift (AMKA, shift_id) VALUES ('2903754769', '63');
INSERT IGNORE INTO nurse_shift (AMKA, shift_id) VALUES ('2810445963', '63');
INSERT IGNORE INTO nurse_shift (AMKA, shift_id) VALUES ('1908934284', '63');
INSERT IGNORE INTO nurse_shift (AMKA, shift_id) VALUES ('2804482376', '63');
INSERT IGNORE INTO admin_shift (AMKA, shift_id) VALUES ('1401438948', '63');
INSERT IGNORE INTO admin_shift (AMKA, shift_id) VALUES ('0108846908', '63');
UPDATE IGNORE shift SET status = TRUE WHERE shift_id = '63';
INSERT IGNORE INTO dept_shift (dept_name, shift_id) VALUES ('Intensive care unit (ICU)', '63');
INSERT INTO shift (day, type) VALUES ('2026-05-30 00:00:00', '23:00-07:00');
INSERT IGNORE INTO doctor_shift (AMKA, shift_id) VALUES ('1604612218', '64');
INSERT IGNORE INTO doctor_shift (AMKA, shift_id) VALUES ('1102752591', '64');
INSERT IGNORE INTO doctor_shift (AMKA, shift_id) VALUES ('2710712553', '64');
INSERT IGNORE INTO doctor_shift (AMKA, shift_id) VALUES ('1107638937', '64');
INSERT IGNORE INTO doctor_shift (AMKA, shift_id) VALUES ('3005978572', '64');
INSERT IGNORE INTO doctor_shift (AMKA, shift_id) VALUES ('0611462338', '64');
INSERT IGNORE INTO doctor_shift (AMKA, shift_id) VALUES ('0109876222', '64');
INSERT IGNORE INTO nurse_shift (AMKA, shift_id) VALUES ('0805529909', '64');
INSERT IGNORE INTO nurse_shift (AMKA, shift_id) VALUES ('2012883023', '64');
INSERT IGNORE INTO nurse_shift (AMKA, shift_id) VALUES ('1809580815', '64');
INSERT IGNORE INTO nurse_shift (AMKA, shift_id) VALUES ('0702609163', '64');
INSERT IGNORE INTO nurse_shift (AMKA, shift_id) VALUES ('2804482376', '64');
INSERT IGNORE INTO nurse_shift (AMKA, shift_id) VALUES ('2211920600', '64');
INSERT IGNORE INTO nurse_shift (AMKA, shift_id) VALUES ('1101855051', '64');
INSERT IGNORE INTO nurse_shift (AMKA, shift_id) VALUES ('2509796665', '64');
INSERT IGNORE INTO nurse_shift (AMKA, shift_id) VALUES ('1712731602', '64');
INSERT IGNORE INTO admin_shift (AMKA, shift_id) VALUES ('1703437989', '64');
INSERT IGNORE INTO admin_shift (AMKA, shift_id) VALUES ('2803665107', '64');
INSERT IGNORE INTO admin_shift (AMKA, shift_id) VALUES ('3108420255', '64');
UPDATE IGNORE shift SET status = TRUE WHERE shift_id = '64';
INSERT IGNORE INTO dept_shift (dept_name, shift_id) VALUES ('Intensive care unit (ICU)', '64');
INSERT INTO shift (day, type) VALUES ('2024-02-12 00:00:00', '15:00-23:00');
INSERT IGNORE INTO doctor_shift (AMKA, shift_id) VALUES ('2312865669', '65');
INSERT IGNORE INTO doctor_shift (AMKA, shift_id) VALUES ('1805820786', '65');
INSERT IGNORE INTO doctor_shift (AMKA, shift_id) VALUES ('0610661297', '65');
INSERT IGNORE INTO doctor_shift (AMKA, shift_id) VALUES ('1807676900', '65');
INSERT IGNORE INTO doctor_shift (AMKA, shift_id) VALUES ('0406974498', '65');
INSERT IGNORE INTO doctor_shift (AMKA, shift_id) VALUES ('0410505068', '65');
INSERT IGNORE INTO nurse_shift (AMKA, shift_id) VALUES ('1503405303', '65');
INSERT IGNORE INTO nurse_shift (AMKA, shift_id) VALUES ('2408602494', '65');
INSERT IGNORE INTO nurse_shift (AMKA, shift_id) VALUES ('1203883023', '65');
INSERT IGNORE INTO nurse_shift (AMKA, shift_id) VALUES ('2810445963', '65');
INSERT IGNORE INTO nurse_shift (AMKA, shift_id) VALUES ('1708849364', '65');
INSERT IGNORE INTO nurse_shift (AMKA, shift_id) VALUES ('0909660903', '65');
INSERT IGNORE INTO nurse_shift (AMKA, shift_id) VALUES ('2211920600', '65');
INSERT IGNORE INTO nurse_shift (AMKA, shift_id) VALUES ('0501488320', '65');
INSERT IGNORE INTO nurse_shift (AMKA, shift_id) VALUES ('1810684760', '65');
INSERT IGNORE INTO nurse_shift (AMKA, shift_id) VALUES ('0211835314', '65');
INSERT IGNORE INTO admin_shift (AMKA, shift_id) VALUES ('2403663964', '65');
INSERT IGNORE INTO admin_shift (AMKA, shift_id) VALUES ('2307565593', '65');
INSERT IGNORE INTO admin_shift (AMKA, shift_id) VALUES ('2009517049', '65');
UPDATE IGNORE shift SET status = TRUE WHERE shift_id = '65';
INSERT IGNORE INTO dept_shift (dept_name, shift_id) VALUES ('Intensive care unit (ICU)', '65');
INSERT INTO shift (day, type) VALUES ('2025-07-08 00:00:00', '07:00-15:00');
INSERT IGNORE INTO doctor_shift (AMKA, shift_id) VALUES ('2107936328', '66');
INSERT IGNORE INTO doctor_shift (AMKA, shift_id) VALUES ('1210671054', '66');
INSERT IGNORE INTO doctor_shift (AMKA, shift_id) VALUES ('1104529817', '66');
INSERT IGNORE INTO doctor_shift (AMKA, shift_id) VALUES ('0301636140', '66');
INSERT IGNORE INTO doctor_shift (AMKA, shift_id) VALUES ('2206803094', '66');
INSERT IGNORE INTO doctor_shift (AMKA, shift_id) VALUES ('1104742723', '66');
INSERT IGNORE INTO doctor_shift (AMKA, shift_id) VALUES ('1708511124', '66');
INSERT IGNORE INTO doctor_shift (AMKA, shift_id) VALUES ('1305442503', '66');
INSERT IGNORE INTO nurse_shift (AMKA, shift_id) VALUES ('2411715378', '66');
INSERT IGNORE INTO nurse_shift (AMKA, shift_id) VALUES ('2407818176', '66');
INSERT IGNORE INTO nurse_shift (AMKA, shift_id) VALUES ('2110624175', '66');
INSERT IGNORE INTO nurse_shift (AMKA, shift_id) VALUES ('1503405303', '66');
INSERT IGNORE INTO nurse_shift (AMKA, shift_id) VALUES ('1703812899', '66');
INSERT IGNORE INTO nurse_shift (AMKA, shift_id) VALUES ('2308761066', '66');
INSERT IGNORE INTO nurse_shift (AMKA, shift_id) VALUES ('1603685746', '66');
INSERT IGNORE INTO nurse_shift (AMKA, shift_id) VALUES ('1112517867', '66');
INSERT IGNORE INTO nurse_shift (AMKA, shift_id) VALUES ('0201469512', '66');
INSERT IGNORE INTO nurse_shift (AMKA, shift_id) VALUES ('1410472859', '66');
INSERT IGNORE INTO admin_shift (AMKA, shift_id) VALUES ('2311563644', '66');
INSERT IGNORE INTO admin_shift (AMKA, shift_id) VALUES ('1711829846', '66');
INSERT IGNORE INTO admin_shift (AMKA, shift_id) VALUES ('1407956296', '66');
INSERT IGNORE INTO admin_shift (AMKA, shift_id) VALUES ('1004500988', '66');
UPDATE IGNORE shift SET status = TRUE WHERE shift_id = '66';
INSERT IGNORE INTO dept_shift (dept_name, shift_id) VALUES ('Intensive care unit (ICU)', '66');
INSERT INTO shift (day, type) VALUES ('2026-10-23 00:00:00', '23:00-07:00');
INSERT IGNORE INTO doctor_shift (AMKA, shift_id) VALUES ('0903695053', '67');
INSERT IGNORE INTO doctor_shift (AMKA, shift_id) VALUES ('0206637500', '67');
INSERT IGNORE INTO doctor_shift (AMKA, shift_id) VALUES ('0810802797', '67');
INSERT IGNORE INTO doctor_shift (AMKA, shift_id) VALUES ('0610661297', '67');
INSERT IGNORE INTO doctor_shift (AMKA, shift_id) VALUES ('1210608936', '67');
INSERT IGNORE INTO doctor_shift (AMKA, shift_id) VALUES ('0602879802', '67');
INSERT IGNORE INTO doctor_shift (AMKA, shift_id) VALUES ('2206803094', '67');
INSERT IGNORE INTO nurse_shift (AMKA, shift_id) VALUES ('2407818176', '67');
INSERT IGNORE INTO nurse_shift (AMKA, shift_id) VALUES ('3003940529', '67');
INSERT IGNORE INTO nurse_shift (AMKA, shift_id) VALUES ('0205417367', '67');
INSERT IGNORE INTO nurse_shift (AMKA, shift_id) VALUES ('0509864586', '67');
INSERT IGNORE INTO nurse_shift (AMKA, shift_id) VALUES ('1908934284', '67');
INSERT IGNORE INTO nurse_shift (AMKA, shift_id) VALUES ('0212459106', '67');
INSERT IGNORE INTO admin_shift (AMKA, shift_id) VALUES ('2010921252', '67');
INSERT IGNORE INTO admin_shift (AMKA, shift_id) VALUES ('1711829846', '67');
INSERT IGNORE INTO admin_shift (AMKA, shift_id) VALUES ('1707612309', '67');
INSERT IGNORE INTO admin_shift (AMKA, shift_id) VALUES ('2104667937', '67');
UPDATE IGNORE shift SET status = TRUE WHERE shift_id = '67';
INSERT IGNORE INTO dept_shift (dept_name, shift_id) VALUES ('Intensive care unit (ICU)', '67');
INSERT INTO shift (day, type) VALUES ('2024-12-07 00:00:00', '23:00-07:00');
INSERT IGNORE INTO doctor_shift (AMKA, shift_id) VALUES ('0909662577', '68');
INSERT IGNORE INTO doctor_shift (AMKA, shift_id) VALUES ('1807676900', '68');
INSERT IGNORE INTO doctor_shift (AMKA, shift_id) VALUES ('0411550543', '68');
INSERT IGNORE INTO doctor_shift (AMKA, shift_id) VALUES ('2708408067', '68');
INSERT IGNORE INTO doctor_shift (AMKA, shift_id) VALUES ('1101823701', '68');
INSERT IGNORE INTO nurse_shift (AMKA, shift_id) VALUES ('1601483351', '68');
INSERT IGNORE INTO nurse_shift (AMKA, shift_id) VALUES ('0310576949', '68');
INSERT IGNORE INTO nurse_shift (AMKA, shift_id) VALUES ('2308761066', '68');
INSERT IGNORE INTO nurse_shift (AMKA, shift_id) VALUES ('0707486851', '68');
INSERT IGNORE INTO nurse_shift (AMKA, shift_id) VALUES ('1501974417', '68');
INSERT IGNORE INTO nurse_shift (AMKA, shift_id) VALUES ('2409746735', '68');
INSERT IGNORE INTO nurse_shift (AMKA, shift_id) VALUES ('1708849364', '68');
INSERT IGNORE INTO nurse_shift (AMKA, shift_id) VALUES ('0302574411', '68');
INSERT IGNORE INTO admin_shift (AMKA, shift_id) VALUES ('0807583265', '68');
INSERT IGNORE INTO admin_shift (AMKA, shift_id) VALUES ('1011747457', '68');
INSERT IGNORE INTO admin_shift (AMKA, shift_id) VALUES ('1810691695', '68');
INSERT IGNORE INTO admin_shift (AMKA, shift_id) VALUES ('2803665107', '68');
UPDATE IGNORE shift SET status = TRUE WHERE shift_id = '68';
INSERT IGNORE INTO dept_shift (dept_name, shift_id) VALUES ('Intensive care unit (ICU)', '68');
INSERT INTO shift (day, type) VALUES ('2024-04-07 00:00:00', '07:00-15:00');
INSERT IGNORE INTO doctor_shift (AMKA, shift_id) VALUES ('1102752591', '69');
INSERT IGNORE INTO doctor_shift (AMKA, shift_id) VALUES ('0102891639', '69');
INSERT IGNORE INTO doctor_shift (AMKA, shift_id) VALUES ('0909662577', '69');
INSERT IGNORE INTO doctor_shift (AMKA, shift_id) VALUES ('1104529817', '69');
INSERT IGNORE INTO doctor_shift (AMKA, shift_id) VALUES ('0602879802', '69');
INSERT IGNORE INTO nurse_shift (AMKA, shift_id) VALUES ('1109842569', '69');
INSERT IGNORE INTO nurse_shift (AMKA, shift_id) VALUES ('0302574411', '69');
INSERT IGNORE INTO nurse_shift (AMKA, shift_id) VALUES ('2210732993', '69');
INSERT IGNORE INTO nurse_shift (AMKA, shift_id) VALUES ('2308761066', '69');
INSERT IGNORE INTO nurse_shift (AMKA, shift_id) VALUES ('1309466103', '69');
INSERT IGNORE INTO nurse_shift (AMKA, shift_id) VALUES ('2005873415', '69');
INSERT IGNORE INTO nurse_shift (AMKA, shift_id) VALUES ('1210633994', '69');
INSERT IGNORE INTO nurse_shift (AMKA, shift_id) VALUES ('2211920600', '69');
INSERT IGNORE INTO admin_shift (AMKA, shift_id) VALUES ('0804527361', '69');
INSERT IGNORE INTO admin_shift (AMKA, shift_id) VALUES ('1505621109', '69');
INSERT IGNORE INTO admin_shift (AMKA, shift_id) VALUES ('2210867288', '69');
INSERT IGNORE INTO admin_shift (AMKA, shift_id) VALUES ('2307565593', '69');
UPDATE IGNORE shift SET status = TRUE WHERE shift_id = '69';
INSERT IGNORE INTO dept_shift (dept_name, shift_id) VALUES ('Intensive care unit (ICU)', '69');
INSERT INTO shift (day, type) VALUES ('2024-09-02 00:00:00', '23:00-07:00');
INSERT IGNORE INTO doctor_shift (AMKA, shift_id) VALUES ('2108809189', '70');
INSERT IGNORE INTO doctor_shift (AMKA, shift_id) VALUES ('2707864104', '70');
INSERT IGNORE INTO doctor_shift (AMKA, shift_id) VALUES ('1101823701', '70');
INSERT IGNORE INTO doctor_shift (AMKA, shift_id) VALUES ('0411980022', '70');
INSERT IGNORE INTO doctor_shift (AMKA, shift_id) VALUES ('0206637500', '70');
INSERT IGNORE INTO nurse_shift (AMKA, shift_id) VALUES ('2205716047', '70');
INSERT IGNORE INTO nurse_shift (AMKA, shift_id) VALUES ('1501974417', '70');
INSERT IGNORE INTO nurse_shift (AMKA, shift_id) VALUES ('1708849364', '70');
INSERT IGNORE INTO nurse_shift (AMKA, shift_id) VALUES ('2804482376', '70');
INSERT IGNORE INTO nurse_shift (AMKA, shift_id) VALUES ('2812529967', '70');
INSERT IGNORE INTO nurse_shift (AMKA, shift_id) VALUES ('1512807285', '70');
INSERT IGNORE INTO nurse_shift (AMKA, shift_id) VALUES ('0501507716', '70');
INSERT IGNORE INTO nurse_shift (AMKA, shift_id) VALUES ('0412861461', '70');
INSERT IGNORE INTO admin_shift (AMKA, shift_id) VALUES ('3103504955', '70');
INSERT IGNORE INTO admin_shift (AMKA, shift_id) VALUES ('3107841971', '70');
INSERT IGNORE INTO admin_shift (AMKA, shift_id) VALUES ('2307565593', '70');
INSERT IGNORE INTO admin_shift (AMKA, shift_id) VALUES ('1412919767', '70');
UPDATE IGNORE shift SET status = TRUE WHERE shift_id = '70';
INSERT IGNORE INTO dept_shift (dept_name, shift_id) VALUES ('Intensive care unit (ICU)', '70');
INSERT INTO shift (day, type) VALUES ('2024-12-22 00:00:00', '23:00-07:00');
INSERT IGNORE INTO doctor_shift (AMKA, shift_id) VALUES ('2301681047', '71');
INSERT IGNORE INTO doctor_shift (AMKA, shift_id) VALUES ('1708511124', '71');
INSERT IGNORE INTO doctor_shift (AMKA, shift_id) VALUES ('2412989437', '71');
INSERT IGNORE INTO doctor_shift (AMKA, shift_id) VALUES ('2803422426', '71');
INSERT IGNORE INTO nurse_shift (AMKA, shift_id) VALUES ('1109842569', '71');
INSERT IGNORE INTO nurse_shift (AMKA, shift_id) VALUES ('1703812899', '71');
INSERT IGNORE INTO nurse_shift (AMKA, shift_id) VALUES ('0501488320', '71');
INSERT IGNORE INTO nurse_shift (AMKA, shift_id) VALUES ('1810684760', '71');
INSERT IGNORE INTO nurse_shift (AMKA, shift_id) VALUES ('1112517867', '71');
INSERT IGNORE INTO nurse_shift (AMKA, shift_id) VALUES ('2407818176', '71');
INSERT IGNORE INTO admin_shift (AMKA, shift_id) VALUES ('0903914750', '71');
INSERT IGNORE INTO admin_shift (AMKA, shift_id) VALUES ('2311563644', '71');
INSERT IGNORE INTO admin_shift (AMKA, shift_id) VALUES ('1810691695', '71');
UPDATE IGNORE shift SET status = TRUE WHERE shift_id = '71';
INSERT IGNORE INTO dept_shift (dept_name, shift_id) VALUES ('Intensive care unit (ICU)', '71');
INSERT INTO shift (day, type) VALUES ('2025-03-02 00:00:00', '23:00-07:00');
INSERT IGNORE INTO doctor_shift (AMKA, shift_id) VALUES ('1104742723', '72');
INSERT IGNORE INTO doctor_shift (AMKA, shift_id) VALUES ('1004748289', '72');
INSERT IGNORE INTO doctor_shift (AMKA, shift_id) VALUES ('2304595248', '72');
INSERT IGNORE INTO doctor_shift (AMKA, shift_id) VALUES ('1101823701', '72');
INSERT IGNORE INTO doctor_shift (AMKA, shift_id) VALUES ('0811685025', '72');
INSERT IGNORE INTO doctor_shift (AMKA, shift_id) VALUES ('2312865669', '72');
INSERT IGNORE INTO doctor_shift (AMKA, shift_id) VALUES ('1611592474', '72');
INSERT IGNORE INTO nurse_shift (AMKA, shift_id) VALUES ('1109842569', '72');
INSERT IGNORE INTO nurse_shift (AMKA, shift_id) VALUES ('0601427360', '72');
INSERT IGNORE INTO nurse_shift (AMKA, shift_id) VALUES ('3101743228', '72');
INSERT IGNORE INTO nurse_shift (AMKA, shift_id) VALUES ('0509864586', '72');
INSERT IGNORE INTO nurse_shift (AMKA, shift_id) VALUES ('0310576949', '72');
INSERT IGNORE INTO nurse_shift (AMKA, shift_id) VALUES ('1304544511', '72');
INSERT IGNORE INTO nurse_shift (AMKA, shift_id) VALUES ('2301986927', '72');
INSERT IGNORE INTO nurse_shift (AMKA, shift_id) VALUES ('1410576808', '72');
INSERT IGNORE INTO nurse_shift (AMKA, shift_id) VALUES ('0302574411', '72');
INSERT IGNORE INTO nurse_shift (AMKA, shift_id) VALUES ('1603685746', '72');
INSERT IGNORE INTO admin_shift (AMKA, shift_id) VALUES ('1001660800', '72');
INSERT IGNORE INTO admin_shift (AMKA, shift_id) VALUES ('2311845679', '72');
UPDATE IGNORE shift SET status = TRUE WHERE shift_id = '72';
INSERT IGNORE INTO dept_shift (dept_name, shift_id) VALUES ('Intensive care unit (ICU)', '72');
INSERT INTO shift (day, type) VALUES ('2024-10-07 00:00:00', '23:00-07:00');
INSERT IGNORE INTO doctor_shift (AMKA, shift_id) VALUES ('1210671054', '73');
INSERT IGNORE INTO doctor_shift (AMKA, shift_id) VALUES ('1806762549', '73');
INSERT IGNORE INTO doctor_shift (AMKA, shift_id) VALUES ('3005978572', '73');
INSERT IGNORE INTO doctor_shift (AMKA, shift_id) VALUES ('1805820786', '73');
INSERT IGNORE INTO doctor_shift (AMKA, shift_id) VALUES ('2206803094', '73');
INSERT IGNORE INTO doctor_shift (AMKA, shift_id) VALUES ('2301681047', '73');
INSERT IGNORE INTO doctor_shift (AMKA, shift_id) VALUES ('1604612218', '73');
INSERT IGNORE INTO nurse_shift (AMKA, shift_id) VALUES ('1712731602', '73');
INSERT IGNORE INTO nurse_shift (AMKA, shift_id) VALUES ('3107984441', '73');
INSERT IGNORE INTO nurse_shift (AMKA, shift_id) VALUES ('1408697203', '73');
INSERT IGNORE INTO nurse_shift (AMKA, shift_id) VALUES ('3003718056', '73');
INSERT IGNORE INTO nurse_shift (AMKA, shift_id) VALUES ('1708849364', '73');
INSERT IGNORE INTO nurse_shift (AMKA, shift_id) VALUES ('0212459106', '73');
INSERT IGNORE INTO admin_shift (AMKA, shift_id) VALUES ('0807583265', '73');
INSERT IGNORE INTO admin_shift (AMKA, shift_id) VALUES ('1412919767', '73');
INSERT IGNORE INTO admin_shift (AMKA, shift_id) VALUES ('0903914750', '73');
UPDATE IGNORE shift SET status = TRUE WHERE shift_id = '73';
INSERT IGNORE INTO dept_shift (dept_name, shift_id) VALUES ('Intensive care unit (ICU)', '73');
INSERT INTO shift (day, type) VALUES ('2026-06-24 00:00:00', '15:00-23:00');
INSERT IGNORE INTO doctor_shift (AMKA, shift_id) VALUES ('1912912516', '74');
INSERT IGNORE INTO doctor_shift (AMKA, shift_id) VALUES ('1612748648', '74');
INSERT IGNORE INTO doctor_shift (AMKA, shift_id) VALUES ('0109876222', '74');
INSERT IGNORE INTO doctor_shift (AMKA, shift_id) VALUES ('0303531282', '74');
INSERT IGNORE INTO nurse_shift (AMKA, shift_id) VALUES ('0205417367', '74');
INSERT IGNORE INTO nurse_shift (AMKA, shift_id) VALUES ('2905001644', '74');
INSERT IGNORE INTO nurse_shift (AMKA, shift_id) VALUES ('2705913673', '74');
INSERT IGNORE INTO nurse_shift (AMKA, shift_id) VALUES ('0905711630', '74');
INSERT IGNORE INTO nurse_shift (AMKA, shift_id) VALUES ('0501507716', '74');
INSERT IGNORE INTO nurse_shift (AMKA, shift_id) VALUES ('1503405303', '74');
INSERT IGNORE INTO nurse_shift (AMKA, shift_id) VALUES ('1101855051', '74');
INSERT IGNORE INTO nurse_shift (AMKA, shift_id) VALUES ('0212459106', '74');
INSERT IGNORE INTO nurse_shift (AMKA, shift_id) VALUES ('0302574411', '74');
INSERT IGNORE INTO admin_shift (AMKA, shift_id) VALUES ('2311563644', '74');
INSERT IGNORE INTO admin_shift (AMKA, shift_id) VALUES ('1001660800', '74');
UPDATE IGNORE shift SET status = TRUE WHERE shift_id = '74';
INSERT IGNORE INTO dept_shift (dept_name, shift_id) VALUES ('Intensive care unit (ICU)', '74');
INSERT INTO shift (day, type) VALUES ('2026-02-16 00:00:00', '15:00-23:00');
INSERT IGNORE INTO doctor_shift (AMKA, shift_id) VALUES ('1608881787', '75');
INSERT IGNORE INTO doctor_shift (AMKA, shift_id) VALUES ('2707864104', '75');
INSERT IGNORE INTO doctor_shift (AMKA, shift_id) VALUES ('1604612218', '75');
INSERT IGNORE INTO doctor_shift (AMKA, shift_id) VALUES ('2001691929', '75');
INSERT IGNORE INTO doctor_shift (AMKA, shift_id) VALUES ('0909662577', '75');
INSERT IGNORE INTO doctor_shift (AMKA, shift_id) VALUES ('1612748648', '75');
INSERT IGNORE INTO doctor_shift (AMKA, shift_id) VALUES ('2412989437', '75');
INSERT IGNORE INTO nurse_shift (AMKA, shift_id) VALUES ('2705913673', '75');
INSERT IGNORE INTO nurse_shift (AMKA, shift_id) VALUES ('1107666248', '75');
INSERT IGNORE INTO nurse_shift (AMKA, shift_id) VALUES ('1512807285', '75');
INSERT IGNORE INTO nurse_shift (AMKA, shift_id) VALUES ('1304544511', '75');
INSERT IGNORE INTO nurse_shift (AMKA, shift_id) VALUES ('2812529967', '75');
INSERT IGNORE INTO nurse_shift (AMKA, shift_id) VALUES ('3003940529', '75');
INSERT IGNORE INTO nurse_shift (AMKA, shift_id) VALUES ('1908934284', '75');
INSERT IGNORE INTO admin_shift (AMKA, shift_id) VALUES ('1412919767', '75');
INSERT IGNORE INTO admin_shift (AMKA, shift_id) VALUES ('1003595467', '75');
UPDATE IGNORE shift SET status = TRUE WHERE shift_id = '75';
INSERT IGNORE INTO dept_shift (dept_name, shift_id) VALUES ('Intensive care unit (ICU)', '75');
INSERT INTO shift (day, type) VALUES ('2025-04-09 00:00:00', '07:00-15:00');
INSERT IGNORE INTO doctor_shift (AMKA, shift_id) VALUES ('2407887390', '76');
INSERT IGNORE INTO doctor_shift (AMKA, shift_id) VALUES ('0811685025', '76');
INSERT IGNORE INTO doctor_shift (AMKA, shift_id) VALUES ('2710712553', '76');
INSERT IGNORE INTO doctor_shift (AMKA, shift_id) VALUES ('2806888346', '76');
INSERT IGNORE INTO doctor_shift (AMKA, shift_id) VALUES ('1305442503', '76');
INSERT IGNORE INTO nurse_shift (AMKA, shift_id) VALUES ('1109842569', '76');
INSERT IGNORE INTO nurse_shift (AMKA, shift_id) VALUES ('0403530470', '76');
INSERT IGNORE INTO nurse_shift (AMKA, shift_id) VALUES ('1302478288', '76');
INSERT IGNORE INTO nurse_shift (AMKA, shift_id) VALUES ('1907956316', '76');
INSERT IGNORE INTO nurse_shift (AMKA, shift_id) VALUES ('2209772976', '76');
INSERT IGNORE INTO nurse_shift (AMKA, shift_id) VALUES ('0909660903', '76');
INSERT IGNORE INTO admin_shift (AMKA, shift_id) VALUES ('2311563644', '76');
INSERT IGNORE INTO admin_shift (AMKA, shift_id) VALUES ('1909762384', '76');
UPDATE IGNORE shift SET status = TRUE WHERE shift_id = '76';
INSERT IGNORE INTO dept_shift (dept_name, shift_id) VALUES ('Anesthesiology', '76');
INSERT INTO shift (day, type) VALUES ('2025-10-13 00:00:00', '15:00-23:00');
INSERT IGNORE INTO doctor_shift (AMKA, shift_id) VALUES ('2204653007', '77');
INSERT IGNORE INTO doctor_shift (AMKA, shift_id) VALUES ('0610661297', '77');
INSERT IGNORE INTO doctor_shift (AMKA, shift_id) VALUES ('0301636140', '77');
INSERT IGNORE INTO doctor_shift (AMKA, shift_id) VALUES ('2304595248', '77');
INSERT IGNORE INTO doctor_shift (AMKA, shift_id) VALUES ('0406974498', '77');
INSERT IGNORE INTO doctor_shift (AMKA, shift_id) VALUES ('2301681047', '77');
INSERT IGNORE INTO nurse_shift (AMKA, shift_id) VALUES ('0509864586', '77');
INSERT IGNORE INTO nurse_shift (AMKA, shift_id) VALUES ('0403530470', '77');
INSERT IGNORE INTO nurse_shift (AMKA, shift_id) VALUES ('1410576808', '77');
INSERT IGNORE INTO nurse_shift (AMKA, shift_id) VALUES ('2906619041', '77');
INSERT IGNORE INTO nurse_shift (AMKA, shift_id) VALUES ('2211738105', '77');
INSERT IGNORE INTO nurse_shift (AMKA, shift_id) VALUES ('0405455659', '77');
INSERT IGNORE INTO nurse_shift (AMKA, shift_id) VALUES ('2602489567', '77');
INSERT IGNORE INTO admin_shift (AMKA, shift_id) VALUES ('1003595467', '77');
INSERT IGNORE INTO admin_shift (AMKA, shift_id) VALUES ('1610915018', '77');
UPDATE IGNORE shift SET status = TRUE WHERE shift_id = '77';
INSERT IGNORE INTO dept_shift (dept_name, shift_id) VALUES ('Anesthesiology', '77');
INSERT INTO shift (day, type) VALUES ('2024-02-07 00:00:00', '07:00-15:00');
INSERT IGNORE INTO doctor_shift (AMKA, shift_id) VALUES ('1611592474', '78');
INSERT IGNORE INTO doctor_shift (AMKA, shift_id) VALUES ('1210671054', '78');
INSERT IGNORE INTO doctor_shift (AMKA, shift_id) VALUES ('2203718551', '78');
INSERT IGNORE INTO doctor_shift (AMKA, shift_id) VALUES ('2004702238', '78');
INSERT IGNORE INTO doctor_shift (AMKA, shift_id) VALUES ('0303531282', '78');
INSERT IGNORE INTO doctor_shift (AMKA, shift_id) VALUES ('0508710262', '78');
INSERT IGNORE INTO doctor_shift (AMKA, shift_id) VALUES ('2412989437', '78');
INSERT IGNORE INTO doctor_shift (AMKA, shift_id) VALUES ('1708511124', '78');
INSERT IGNORE INTO nurse_shift (AMKA, shift_id) VALUES ('2104682202', '78');
INSERT IGNORE INTO nurse_shift (AMKA, shift_id) VALUES ('2704562592', '78');
INSERT IGNORE INTO nurse_shift (AMKA, shift_id) VALUES ('1101855051', '78');
INSERT IGNORE INTO nurse_shift (AMKA, shift_id) VALUES ('2205716047', '78');
INSERT IGNORE INTO nurse_shift (AMKA, shift_id) VALUES ('1210633994', '78');
INSERT IGNORE INTO nurse_shift (AMKA, shift_id) VALUES ('1908934284', '78');
INSERT IGNORE INTO nurse_shift (AMKA, shift_id) VALUES ('1907956316', '78');
INSERT IGNORE INTO nurse_shift (AMKA, shift_id) VALUES ('2903754769', '78');
INSERT IGNORE INTO admin_shift (AMKA, shift_id) VALUES ('0804527361', '78');
INSERT IGNORE INTO admin_shift (AMKA, shift_id) VALUES ('2104509361', '78');
UPDATE IGNORE shift SET status = TRUE WHERE shift_id = '78';
INSERT IGNORE INTO dept_shift (dept_name, shift_id) VALUES ('Anesthesiology', '78');
INSERT INTO shift (day, type) VALUES ('2025-01-10 00:00:00', '23:00-07:00');
INSERT IGNORE INTO doctor_shift (AMKA, shift_id) VALUES ('2312865669', '79');
INSERT IGNORE INTO doctor_shift (AMKA, shift_id) VALUES ('1305442503', '79');
INSERT IGNORE INTO doctor_shift (AMKA, shift_id) VALUES ('0610661297', '79');
INSERT IGNORE INTO doctor_shift (AMKA, shift_id) VALUES ('1210608936', '79');
INSERT IGNORE INTO nurse_shift (AMKA, shift_id) VALUES ('2905001644', '79');
INSERT IGNORE INTO nurse_shift (AMKA, shift_id) VALUES ('2704562592', '79');
INSERT IGNORE INTO nurse_shift (AMKA, shift_id) VALUES ('1207679089', '79');
INSERT IGNORE INTO nurse_shift (AMKA, shift_id) VALUES ('0501488320', '79');
INSERT IGNORE INTO nurse_shift (AMKA, shift_id) VALUES ('0509934508', '79');
INSERT IGNORE INTO nurse_shift (AMKA, shift_id) VALUES ('1907956316', '79');
INSERT IGNORE INTO admin_shift (AMKA, shift_id) VALUES ('1707612309', '79');
INSERT IGNORE INTO admin_shift (AMKA, shift_id) VALUES ('0807583265', '79');
INSERT IGNORE INTO admin_shift (AMKA, shift_id) VALUES ('1412919767', '79');
INSERT IGNORE INTO admin_shift (AMKA, shift_id) VALUES ('0806415082', '79');
UPDATE IGNORE shift SET status = TRUE WHERE shift_id = '79';
INSERT IGNORE INTO dept_shift (dept_name, shift_id) VALUES ('Anesthesiology', '79');
INSERT INTO shift (day, type) VALUES ('2024-04-07 00:00:00', '15:00-23:00');
INSERT IGNORE INTO doctor_shift (AMKA, shift_id) VALUES ('1912912516', '80');
INSERT IGNORE INTO doctor_shift (AMKA, shift_id) VALUES ('1608881787', '80');
INSERT IGNORE INTO doctor_shift (AMKA, shift_id) VALUES ('1807676900', '80');
INSERT IGNORE INTO doctor_shift (AMKA, shift_id) VALUES ('2708408067', '80');
INSERT IGNORE INTO doctor_shift (AMKA, shift_id) VALUES ('1806762549', '80');
INSERT IGNORE INTO nurse_shift (AMKA, shift_id) VALUES ('0501488320', '80');
INSERT IGNORE INTO nurse_shift (AMKA, shift_id) VALUES ('0201469512', '80');
INSERT IGNORE INTO nurse_shift (AMKA, shift_id) VALUES ('1203883023', '80');
INSERT IGNORE INTO nurse_shift (AMKA, shift_id) VALUES ('1109842569', '80');
INSERT IGNORE INTO nurse_shift (AMKA, shift_id) VALUES ('1907956316', '80');
INSERT IGNORE INTO nurse_shift (AMKA, shift_id) VALUES ('0205417367', '80');
INSERT IGNORE INTO nurse_shift (AMKA, shift_id) VALUES ('2210732993', '80');
INSERT IGNORE INTO nurse_shift (AMKA, shift_id) VALUES ('0909660903', '80');
INSERT IGNORE INTO admin_shift (AMKA, shift_id) VALUES ('2010921252', '80');
INSERT IGNORE INTO admin_shift (AMKA, shift_id) VALUES ('0903914750', '80');
INSERT IGNORE INTO admin_shift (AMKA, shift_id) VALUES ('2403663964', '80');
UPDATE IGNORE shift SET status = TRUE WHERE shift_id = '80';
INSERT IGNORE INTO dept_shift (dept_name, shift_id) VALUES ('Anesthesiology', '80');
INSERT INTO shift (day, type) VALUES ('2026-08-30 00:00:00', '15:00-23:00');
INSERT IGNORE INTO doctor_shift (AMKA, shift_id) VALUES ('1807676900', '81');
INSERT IGNORE INTO doctor_shift (AMKA, shift_id) VALUES ('1604612218', '81');
INSERT IGNORE INTO doctor_shift (AMKA, shift_id) VALUES ('2502654079', '81');
INSERT IGNORE INTO doctor_shift (AMKA, shift_id) VALUES ('0303531282', '81');
INSERT IGNORE INTO doctor_shift (AMKA, shift_id) VALUES ('2206803094', '81');
INSERT IGNORE INTO doctor_shift (AMKA, shift_id) VALUES ('1306562994', '81');
INSERT IGNORE INTO doctor_shift (AMKA, shift_id) VALUES ('0810802797', '81');
INSERT IGNORE INTO doctor_shift (AMKA, shift_id) VALUES ('2107936328', '81');
INSERT IGNORE INTO nurse_shift (AMKA, shift_id) VALUES ('1703812899', '81');
INSERT IGNORE INTO nurse_shift (AMKA, shift_id) VALUES ('1809580815', '81');
INSERT IGNORE INTO nurse_shift (AMKA, shift_id) VALUES ('2210732993', '81');
INSERT IGNORE INTO nurse_shift (AMKA, shift_id) VALUES ('1503405303', '81');
INSERT IGNORE INTO nurse_shift (AMKA, shift_id) VALUES ('2804482376', '81');
INSERT IGNORE INTO nurse_shift (AMKA, shift_id) VALUES ('3003718056', '81');
INSERT IGNORE INTO nurse_shift (AMKA, shift_id) VALUES ('1101855051', '81');
INSERT IGNORE INTO admin_shift (AMKA, shift_id) VALUES ('0903487819', '81');
INSERT IGNORE INTO admin_shift (AMKA, shift_id) VALUES ('3108420255', '81');
INSERT IGNORE INTO admin_shift (AMKA, shift_id) VALUES ('1003595467', '81');
UPDATE IGNORE shift SET status = TRUE WHERE shift_id = '81';
INSERT IGNORE INTO dept_shift (dept_name, shift_id) VALUES ('Anesthesiology', '81');
INSERT INTO shift (day, type) VALUES ('2025-06-27 00:00:00', '15:00-23:00');
INSERT IGNORE INTO doctor_shift (AMKA, shift_id) VALUES ('2708408067', '82');
INSERT IGNORE INTO doctor_shift (AMKA, shift_id) VALUES ('0909662577', '82');
INSERT IGNORE INTO doctor_shift (AMKA, shift_id) VALUES ('1206704867', '82');
INSERT IGNORE INTO doctor_shift (AMKA, shift_id) VALUES ('0303531282', '82');
INSERT IGNORE INTO doctor_shift (AMKA, shift_id) VALUES ('1905740744', '82');
INSERT IGNORE INTO nurse_shift (AMKA, shift_id) VALUES ('0607738540', '82');
INSERT IGNORE INTO nurse_shift (AMKA, shift_id) VALUES ('0201469512', '82');
INSERT IGNORE INTO nurse_shift (AMKA, shift_id) VALUES ('0311534815', '82');
INSERT IGNORE INTO nurse_shift (AMKA, shift_id) VALUES ('0601427360', '82');
INSERT IGNORE INTO nurse_shift (AMKA, shift_id) VALUES ('1809580815', '82');
INSERT IGNORE INTO nurse_shift (AMKA, shift_id) VALUES ('1006891535', '82');
INSERT IGNORE INTO admin_shift (AMKA, shift_id) VALUES ('0804527361', '82');
INSERT IGNORE INTO admin_shift (AMKA, shift_id) VALUES ('2204425556', '82');
INSERT IGNORE INTO admin_shift (AMKA, shift_id) VALUES ('0606545053', '82');
INSERT IGNORE INTO admin_shift (AMKA, shift_id) VALUES ('0601877562', '82');
UPDATE IGNORE shift SET status = TRUE WHERE shift_id = '82';
INSERT IGNORE INTO dept_shift (dept_name, shift_id) VALUES ('Anesthesiology', '82');
INSERT INTO shift (day, type) VALUES ('2026-09-14 00:00:00', '07:00-15:00');
INSERT IGNORE INTO doctor_shift (AMKA, shift_id) VALUES ('1608881787', '83');
INSERT IGNORE INTO doctor_shift (AMKA, shift_id) VALUES ('0111647658', '83');
INSERT IGNORE INTO doctor_shift (AMKA, shift_id) VALUES ('1807676900', '83');
INSERT IGNORE INTO doctor_shift (AMKA, shift_id) VALUES ('1611592474', '83');
INSERT IGNORE INTO doctor_shift (AMKA, shift_id) VALUES ('1206704867', '83');
INSERT IGNORE INTO nurse_shift (AMKA, shift_id) VALUES ('1112517867', '83');
INSERT IGNORE INTO nurse_shift (AMKA, shift_id) VALUES ('2612984884', '83');
INSERT IGNORE INTO nurse_shift (AMKA, shift_id) VALUES ('1603685746', '83');
INSERT IGNORE INTO nurse_shift (AMKA, shift_id) VALUES ('3003940529', '83');
INSERT IGNORE INTO nurse_shift (AMKA, shift_id) VALUES ('1709556112', '83');
INSERT IGNORE INTO nurse_shift (AMKA, shift_id) VALUES ('2905001644', '83');
INSERT IGNORE INTO nurse_shift (AMKA, shift_id) VALUES ('2202788231', '83');
INSERT IGNORE INTO nurse_shift (AMKA, shift_id) VALUES ('1109842569', '83');
INSERT IGNORE INTO nurse_shift (AMKA, shift_id) VALUES ('1107666248', '83');
INSERT IGNORE INTO nurse_shift (AMKA, shift_id) VALUES ('2008408711', '83');
INSERT IGNORE INTO admin_shift (AMKA, shift_id) VALUES ('1703437989', '83');
INSERT IGNORE INTO admin_shift (AMKA, shift_id) VALUES ('0903914750', '83');
INSERT IGNORE INTO admin_shift (AMKA, shift_id) VALUES ('2009517049', '83');
UPDATE IGNORE shift SET status = TRUE WHERE shift_id = '83';
INSERT IGNORE INTO dept_shift (dept_name, shift_id) VALUES ('Anesthesiology', '83');
INSERT INTO shift (day, type) VALUES ('2024-08-02 00:00:00', '07:00-15:00');
INSERT IGNORE INTO doctor_shift (AMKA, shift_id) VALUES ('1805820786', '84');
INSERT IGNORE INTO doctor_shift (AMKA, shift_id) VALUES ('0411980022', '84');
INSERT IGNORE INTO doctor_shift (AMKA, shift_id) VALUES ('1007472193', '84');
INSERT IGNORE INTO doctor_shift (AMKA, shift_id) VALUES ('0610661297', '84');
INSERT IGNORE INTO doctor_shift (AMKA, shift_id) VALUES ('0410505068', '84');
INSERT IGNORE INTO doctor_shift (AMKA, shift_id) VALUES ('0308718729', '84');
INSERT IGNORE INTO doctor_shift (AMKA, shift_id) VALUES ('2204653007', '84');
INSERT IGNORE INTO doctor_shift (AMKA, shift_id) VALUES ('2312865669', '84');
INSERT IGNORE INTO nurse_shift (AMKA, shift_id) VALUES ('0307004452', '84');
INSERT IGNORE INTO nurse_shift (AMKA, shift_id) VALUES ('2812529967', '84');
INSERT IGNORE INTO nurse_shift (AMKA, shift_id) VALUES ('0501488320', '84');
INSERT IGNORE INTO nurse_shift (AMKA, shift_id) VALUES ('2008408711', '84');
INSERT IGNORE INTO nurse_shift (AMKA, shift_id) VALUES ('1101855051', '84');
INSERT IGNORE INTO nurse_shift (AMKA, shift_id) VALUES ('1607801274', '84');
INSERT IGNORE INTO nurse_shift (AMKA, shift_id) VALUES ('3003940529', '84');
INSERT IGNORE INTO nurse_shift (AMKA, shift_id) VALUES ('1309466103', '84');
INSERT IGNORE INTO nurse_shift (AMKA, shift_id) VALUES ('2211920600', '84');
INSERT IGNORE INTO nurse_shift (AMKA, shift_id) VALUES ('2104682202', '84');
INSERT IGNORE INTO admin_shift (AMKA, shift_id) VALUES ('1412919767', '84');
INSERT IGNORE INTO admin_shift (AMKA, shift_id) VALUES ('2403663964', '84');
INSERT IGNORE INTO admin_shift (AMKA, shift_id) VALUES ('1807947524', '84');
INSERT IGNORE INTO admin_shift (AMKA, shift_id) VALUES ('1401529676', '84');
UPDATE IGNORE shift SET status = TRUE WHERE shift_id = '84';
INSERT IGNORE INTO dept_shift (dept_name, shift_id) VALUES ('Anesthesiology', '84');
INSERT INTO shift (day, type) VALUES ('2025-05-18 00:00:00', '07:00-15:00');
INSERT IGNORE INTO doctor_shift (AMKA, shift_id) VALUES ('0811685025', '85');
INSERT IGNORE INTO doctor_shift (AMKA, shift_id) VALUES ('0102891639', '85');
INSERT IGNORE INTO doctor_shift (AMKA, shift_id) VALUES ('1905740744', '85');
INSERT IGNORE INTO nurse_shift (AMKA, shift_id) VALUES ('0607738540', '85');
INSERT IGNORE INTO nurse_shift (AMKA, shift_id) VALUES ('1501974417', '85');
INSERT IGNORE INTO nurse_shift (AMKA, shift_id) VALUES ('2804482376', '85');
INSERT IGNORE INTO nurse_shift (AMKA, shift_id) VALUES ('1006891535', '85');
INSERT IGNORE INTO nurse_shift (AMKA, shift_id) VALUES ('2210732993', '85');
INSERT IGNORE INTO nurse_shift (AMKA, shift_id) VALUES ('3011568029', '85');
INSERT IGNORE INTO nurse_shift (AMKA, shift_id) VALUES ('1703812899', '85');
INSERT IGNORE INTO admin_shift (AMKA, shift_id) VALUES ('3103504955', '85');
INSERT IGNORE INTO admin_shift (AMKA, shift_id) VALUES ('1011747457', '85');
INSERT IGNORE INTO admin_shift (AMKA, shift_id) VALUES ('2412702821', '85');
INSERT IGNORE INTO admin_shift (AMKA, shift_id) VALUES ('1707612309', '85');
UPDATE IGNORE shift SET status = TRUE WHERE shift_id = '85';
INSERT IGNORE INTO dept_shift (dept_name, shift_id) VALUES ('Anesthesiology', '85');
INSERT INTO shift (day, type) VALUES ('2025-09-03 00:00:00', '07:00-15:00');
INSERT IGNORE INTO doctor_shift (AMKA, shift_id) VALUES ('1701787998', '86');
INSERT IGNORE INTO doctor_shift (AMKA, shift_id) VALUES ('0602879802', '86');
INSERT IGNORE INTO doctor_shift (AMKA, shift_id) VALUES ('1307618841', '86');
INSERT IGNORE INTO doctor_shift (AMKA, shift_id) VALUES ('2806888346', '86');
INSERT IGNORE INTO nurse_shift (AMKA, shift_id) VALUES ('2408602494', '86');
INSERT IGNORE INTO nurse_shift (AMKA, shift_id) VALUES ('0501507716', '86');
INSERT IGNORE INTO nurse_shift (AMKA, shift_id) VALUES ('1602668533', '86');
INSERT IGNORE INTO nurse_shift (AMKA, shift_id) VALUES ('2903754769', '86');
INSERT IGNORE INTO nurse_shift (AMKA, shift_id) VALUES ('2211738105', '86');
INSERT IGNORE INTO nurse_shift (AMKA, shift_id) VALUES ('2407971013', '86');
INSERT IGNORE INTO admin_shift (AMKA, shift_id) VALUES ('2311845679', '86');
INSERT IGNORE INTO admin_shift (AMKA, shift_id) VALUES ('3103504955', '86');
INSERT IGNORE INTO admin_shift (AMKA, shift_id) VALUES ('1203690867', '86');
INSERT IGNORE INTO admin_shift (AMKA, shift_id) VALUES ('1101978318', '86');
UPDATE IGNORE shift SET status = TRUE WHERE shift_id = '86';
INSERT IGNORE INTO dept_shift (dept_name, shift_id) VALUES ('Anesthesiology', '86');
INSERT INTO shift (day, type) VALUES ('2024-07-13 00:00:00', '15:00-23:00');
INSERT IGNORE INTO doctor_shift (AMKA, shift_id) VALUES ('0411550543', '87');
INSERT IGNORE INTO doctor_shift (AMKA, shift_id) VALUES ('2502654079', '87');
INSERT IGNORE INTO doctor_shift (AMKA, shift_id) VALUES ('1604612218', '87');
INSERT IGNORE INTO doctor_shift (AMKA, shift_id) VALUES ('0406974498', '87');
INSERT IGNORE INTO doctor_shift (AMKA, shift_id) VALUES ('0803576389', '87');
INSERT IGNORE INTO nurse_shift (AMKA, shift_id) VALUES ('2202745833', '87');
INSERT IGNORE INTO nurse_shift (AMKA, shift_id) VALUES ('2409746735', '87');
INSERT IGNORE INTO nurse_shift (AMKA, shift_id) VALUES ('1809580815', '87');
INSERT IGNORE INTO nurse_shift (AMKA, shift_id) VALUES ('1302876707', '87');
INSERT IGNORE INTO nurse_shift (AMKA, shift_id) VALUES ('2012883023', '87');
INSERT IGNORE INTO nurse_shift (AMKA, shift_id) VALUES ('1410576808', '87');
INSERT IGNORE INTO nurse_shift (AMKA, shift_id) VALUES ('1907956316', '87');
INSERT IGNORE INTO nurse_shift (AMKA, shift_id) VALUES ('2705913673', '87');
INSERT IGNORE INTO nurse_shift (AMKA, shift_id) VALUES ('0405455659', '87');
INSERT IGNORE INTO admin_shift (AMKA, shift_id) VALUES ('0601877562', '87');
INSERT IGNORE INTO admin_shift (AMKA, shift_id) VALUES ('1011747457', '87');
INSERT IGNORE INTO admin_shift (AMKA, shift_id) VALUES ('1003595467', '87');
INSERT IGNORE INTO admin_shift (AMKA, shift_id) VALUES ('2610796674', '87');
UPDATE IGNORE shift SET status = TRUE WHERE shift_id = '87';
INSERT IGNORE INTO dept_shift (dept_name, shift_id) VALUES ('Anesthesiology', '87');
INSERT INTO shift (day, type) VALUES ('2025-03-13 00:00:00', '23:00-07:00');
INSERT IGNORE INTO doctor_shift (AMKA, shift_id) VALUES ('2012810248', '88');
INSERT IGNORE INTO doctor_shift (AMKA, shift_id) VALUES ('2510927096', '88');
INSERT IGNORE INTO doctor_shift (AMKA, shift_id) VALUES ('0303531282', '88');
INSERT IGNORE INTO doctor_shift (AMKA, shift_id) VALUES ('2206803094', '88');
INSERT IGNORE INTO doctor_shift (AMKA, shift_id) VALUES ('1701787998', '88');
INSERT IGNORE INTO doctor_shift (AMKA, shift_id) VALUES ('2108809189', '88');
INSERT IGNORE INTO doctor_shift (AMKA, shift_id) VALUES ('2312865669', '88');
INSERT IGNORE INTO nurse_shift (AMKA, shift_id) VALUES ('2408602494', '88');
INSERT IGNORE INTO nurse_shift (AMKA, shift_id) VALUES ('1101855051', '88');
INSERT IGNORE INTO nurse_shift (AMKA, shift_id) VALUES ('0909660903', '88');
INSERT IGNORE INTO nurse_shift (AMKA, shift_id) VALUES ('2704562592', '88');
INSERT IGNORE INTO nurse_shift (AMKA, shift_id) VALUES ('1707693139', '88');
INSERT IGNORE INTO nurse_shift (AMKA, shift_id) VALUES ('2612984884', '88');
INSERT IGNORE INTO nurse_shift (AMKA, shift_id) VALUES ('2804482376', '88');
INSERT IGNORE INTO nurse_shift (AMKA, shift_id) VALUES ('2411715378', '88');
INSERT IGNORE INTO admin_shift (AMKA, shift_id) VALUES ('0212875455', '88');
INSERT IGNORE INTO admin_shift (AMKA, shift_id) VALUES ('2803665107', '88');
INSERT IGNORE INTO admin_shift (AMKA, shift_id) VALUES ('2307565593', '88');
UPDATE IGNORE shift SET status = TRUE WHERE shift_id = '88';
INSERT IGNORE INTO dept_shift (dept_name, shift_id) VALUES ('Anesthesiology', '88');
INSERT INTO shift (day, type) VALUES ('2024-10-13 00:00:00', '15:00-23:00');
INSERT IGNORE INTO doctor_shift (AMKA, shift_id) VALUES ('2811728295', '89');
INSERT IGNORE INTO doctor_shift (AMKA, shift_id) VALUES ('0406974498', '89');
INSERT IGNORE INTO doctor_shift (AMKA, shift_id) VALUES ('2312865669', '89');
INSERT IGNORE INTO nurse_shift (AMKA, shift_id) VALUES ('2407971013', '89');
INSERT IGNORE INTO nurse_shift (AMKA, shift_id) VALUES ('3003940529', '89');
INSERT IGNORE INTO nurse_shift (AMKA, shift_id) VALUES ('1210633994', '89');
INSERT IGNORE INTO nurse_shift (AMKA, shift_id) VALUES ('1601483351', '89');
INSERT IGNORE INTO nurse_shift (AMKA, shift_id) VALUES ('2705913673', '89');
INSERT IGNORE INTO nurse_shift (AMKA, shift_id) VALUES ('1503405303', '89');
INSERT IGNORE INTO nurse_shift (AMKA, shift_id) VALUES ('0509864586', '89');
INSERT IGNORE INTO nurse_shift (AMKA, shift_id) VALUES ('1112517867', '89');
INSERT IGNORE INTO nurse_shift (AMKA, shift_id) VALUES ('0201469512', '89');
INSERT IGNORE INTO nurse_shift (AMKA, shift_id) VALUES ('1107666248', '89');
INSERT IGNORE INTO admin_shift (AMKA, shift_id) VALUES ('0806415082', '89');
INSERT IGNORE INTO admin_shift (AMKA, shift_id) VALUES ('1711829846', '89');
INSERT IGNORE INTO admin_shift (AMKA, shift_id) VALUES ('1003595467', '89');
INSERT IGNORE INTO admin_shift (AMKA, shift_id) VALUES ('0807583265', '89');
UPDATE IGNORE shift SET status = TRUE WHERE shift_id = '89';
INSERT IGNORE INTO dept_shift (dept_name, shift_id) VALUES ('Anesthesiology', '89');
INSERT INTO shift (day, type) VALUES ('2024-01-07 00:00:00', '07:00-15:00');
INSERT IGNORE INTO doctor_shift (AMKA, shift_id) VALUES ('2203718551', '90');
INSERT IGNORE INTO doctor_shift (AMKA, shift_id) VALUES ('2710712553', '90');
INSERT IGNORE INTO doctor_shift (AMKA, shift_id) VALUES ('0602879802', '90');
INSERT IGNORE INTO doctor_shift (AMKA, shift_id) VALUES ('0903695053', '90');
INSERT IGNORE INTO doctor_shift (AMKA, shift_id) VALUES ('0308718729', '90');
INSERT IGNORE INTO doctor_shift (AMKA, shift_id) VALUES ('2403567012', '90');
INSERT IGNORE INTO doctor_shift (AMKA, shift_id) VALUES ('2203633666', '90');
INSERT IGNORE INTO nurse_shift (AMKA, shift_id) VALUES ('2209772976', '90');
INSERT IGNORE INTO nurse_shift (AMKA, shift_id) VALUES ('1207679089', '90');
INSERT IGNORE INTO nurse_shift (AMKA, shift_id) VALUES ('2409746735', '90');
INSERT IGNORE INTO nurse_shift (AMKA, shift_id) VALUES ('1810684760', '90');
INSERT IGNORE INTO nurse_shift (AMKA, shift_id) VALUES ('0905711630', '90');
INSERT IGNORE INTO nurse_shift (AMKA, shift_id) VALUES ('0702609163', '90');
INSERT IGNORE INTO admin_shift (AMKA, shift_id) VALUES ('0807583265', '90');
INSERT IGNORE INTO admin_shift (AMKA, shift_id) VALUES ('1401529676', '90');
UPDATE IGNORE shift SET status = TRUE WHERE shift_id = '90';
INSERT IGNORE INTO dept_shift (dept_name, shift_id) VALUES ('Anesthesiology', '90');
INSERT INTO shift (day, type) VALUES ('2025-07-16 00:00:00', '07:00-15:00');
INSERT IGNORE INTO doctor_shift (AMKA, shift_id) VALUES ('2004702238', '91');
INSERT IGNORE INTO doctor_shift (AMKA, shift_id) VALUES ('0903695053', '91');
INSERT IGNORE INTO doctor_shift (AMKA, shift_id) VALUES ('2806888346', '91');
INSERT IGNORE INTO nurse_shift (AMKA, shift_id) VALUES ('1112517867', '91');
INSERT IGNORE INTO nurse_shift (AMKA, shift_id) VALUES ('2411715378', '91');
INSERT IGNORE INTO nurse_shift (AMKA, shift_id) VALUES ('2904573556', '91');
INSERT IGNORE INTO nurse_shift (AMKA, shift_id) VALUES ('0302574411', '91');
INSERT IGNORE INTO nurse_shift (AMKA, shift_id) VALUES ('2009974419', '91');
INSERT IGNORE INTO nurse_shift (AMKA, shift_id) VALUES ('2211920600', '91');
INSERT IGNORE INTO nurse_shift (AMKA, shift_id) VALUES ('0212459106', '91');
INSERT IGNORE INTO admin_shift (AMKA, shift_id) VALUES ('2307565593', '91');
INSERT IGNORE INTO admin_shift (AMKA, shift_id) VALUES ('1001660800', '91');
INSERT IGNORE INTO admin_shift (AMKA, shift_id) VALUES ('0601877562', '91');
INSERT IGNORE INTO admin_shift (AMKA, shift_id) VALUES ('0807583265', '91');
UPDATE IGNORE shift SET status = TRUE WHERE shift_id = '91';
INSERT IGNORE INTO dept_shift (dept_name, shift_id) VALUES ('Anesthesiology', '91');
INSERT INTO shift (day, type) VALUES ('2024-05-23 00:00:00', '23:00-07:00');
INSERT IGNORE INTO doctor_shift (AMKA, shift_id) VALUES ('0410505068', '92');
INSERT IGNORE INTO doctor_shift (AMKA, shift_id) VALUES ('2510927096', '92');
INSERT IGNORE INTO doctor_shift (AMKA, shift_id) VALUES ('2803422426', '92');
INSERT IGNORE INTO nurse_shift (AMKA, shift_id) VALUES ('1410576808', '92');
INSERT IGNORE INTO nurse_shift (AMKA, shift_id) VALUES ('1512807285', '92');
INSERT IGNORE INTO nurse_shift (AMKA, shift_id) VALUES ('2704562592', '92');
INSERT IGNORE INTO nurse_shift (AMKA, shift_id) VALUES ('0702609163', '92');
INSERT IGNORE INTO nurse_shift (AMKA, shift_id) VALUES ('2612984884', '92');
INSERT IGNORE INTO nurse_shift (AMKA, shift_id) VALUES ('1109842569', '92');
INSERT IGNORE INTO nurse_shift (AMKA, shift_id) VALUES ('2301986927', '92');
INSERT IGNORE INTO admin_shift (AMKA, shift_id) VALUES ('0212875455', '92');
INSERT IGNORE INTO admin_shift (AMKA, shift_id) VALUES ('1610915018', '92');
UPDATE IGNORE shift SET status = TRUE WHERE shift_id = '92';
INSERT IGNORE INTO dept_shift (dept_name, shift_id) VALUES ('Anesthesiology', '92');
INSERT INTO shift (day, type) VALUES ('2024-09-07 00:00:00', '07:00-15:00');
INSERT IGNORE INTO doctor_shift (AMKA, shift_id) VALUES ('1904466405', '93');
INSERT IGNORE INTO doctor_shift (AMKA, shift_id) VALUES ('2708408067', '93');
INSERT IGNORE INTO doctor_shift (AMKA, shift_id) VALUES ('0301636140', '93');
INSERT IGNORE INTO doctor_shift (AMKA, shift_id) VALUES ('1611592474', '93');
INSERT IGNORE INTO nurse_shift (AMKA, shift_id) VALUES ('0905711630', '93');
INSERT IGNORE INTO nurse_shift (AMKA, shift_id) VALUES ('0805529909', '93');
INSERT IGNORE INTO nurse_shift (AMKA, shift_id) VALUES ('2211920600', '93');
INSERT IGNORE INTO nurse_shift (AMKA, shift_id) VALUES ('1707693139', '93');
INSERT IGNORE INTO nurse_shift (AMKA, shift_id) VALUES ('1503405303', '93');
INSERT IGNORE INTO nurse_shift (AMKA, shift_id) VALUES ('2804482376', '93');
INSERT IGNORE INTO nurse_shift (AMKA, shift_id) VALUES ('1408697203', '93');
INSERT IGNORE INTO admin_shift (AMKA, shift_id) VALUES ('3108668309', '93');
INSERT IGNORE INTO admin_shift (AMKA, shift_id) VALUES ('3108420255', '93');
INSERT IGNORE INTO admin_shift (AMKA, shift_id) VALUES ('1810691695', '93');
UPDATE IGNORE shift SET status = TRUE WHERE shift_id = '93';
INSERT IGNORE INTO dept_shift (dept_name, shift_id) VALUES ('Anesthesiology', '93');
INSERT INTO shift (day, type) VALUES ('2024-01-24 00:00:00', '07:00-15:00');
INSERT IGNORE INTO doctor_shift (AMKA, shift_id) VALUES ('2107936328', '94');
INSERT IGNORE INTO doctor_shift (AMKA, shift_id) VALUES ('1305442503', '94');
INSERT IGNORE INTO doctor_shift (AMKA, shift_id) VALUES ('1104529817', '94');
INSERT IGNORE INTO doctor_shift (AMKA, shift_id) VALUES ('2012810248', '94');
INSERT IGNORE INTO doctor_shift (AMKA, shift_id) VALUES ('2001691929', '94');
INSERT IGNORE INTO doctor_shift (AMKA, shift_id) VALUES ('2206803094', '94');
INSERT IGNORE INTO doctor_shift (AMKA, shift_id) VALUES ('2811728295', '94');
INSERT IGNORE INTO nurse_shift (AMKA, shift_id) VALUES ('2509796665', '94');
INSERT IGNORE INTO nurse_shift (AMKA, shift_id) VALUES ('1807594302', '94');
INSERT IGNORE INTO nurse_shift (AMKA, shift_id) VALUES ('3101743228', '94');
INSERT IGNORE INTO nurse_shift (AMKA, shift_id) VALUES ('2511766415', '94');
INSERT IGNORE INTO nurse_shift (AMKA, shift_id) VALUES ('1607801274', '94');
INSERT IGNORE INTO nurse_shift (AMKA, shift_id) VALUES ('0307004452', '94');
INSERT IGNORE INTO nurse_shift (AMKA, shift_id) VALUES ('0310576949', '94');
INSERT IGNORE INTO admin_shift (AMKA, shift_id) VALUES ('2104667937', '94');
INSERT IGNORE INTO admin_shift (AMKA, shift_id) VALUES ('2912624436', '94');
INSERT IGNORE INTO admin_shift (AMKA, shift_id) VALUES ('2610796674', '94');
INSERT IGNORE INTO admin_shift (AMKA, shift_id) VALUES ('1407956296', '94');
UPDATE IGNORE shift SET status = TRUE WHERE shift_id = '94';
INSERT IGNORE INTO dept_shift (dept_name, shift_id) VALUES ('Anesthesiology', '94');
INSERT INTO shift (day, type) VALUES ('2026-03-15 00:00:00', '07:00-15:00');
INSERT IGNORE INTO doctor_shift (AMKA, shift_id) VALUES ('1403910610', '95');
INSERT IGNORE INTO doctor_shift (AMKA, shift_id) VALUES ('1102752591', '95');
INSERT IGNORE INTO doctor_shift (AMKA, shift_id) VALUES ('1403472446', '95');
INSERT IGNORE INTO doctor_shift (AMKA, shift_id) VALUES ('2312865669', '95');
INSERT IGNORE INTO nurse_shift (AMKA, shift_id) VALUES ('1302876707', '95');
INSERT IGNORE INTO nurse_shift (AMKA, shift_id) VALUES ('2409746735', '95');
INSERT IGNORE INTO nurse_shift (AMKA, shift_id) VALUES ('2301986927', '95');
INSERT IGNORE INTO nurse_shift (AMKA, shift_id) VALUES ('1809580815', '95');
INSERT IGNORE INTO nurse_shift (AMKA, shift_id) VALUES ('2308761066', '95');
INSERT IGNORE INTO nurse_shift (AMKA, shift_id) VALUES ('1304544511', '95');
INSERT IGNORE INTO nurse_shift (AMKA, shift_id) VALUES ('1602668533', '95');
INSERT IGNORE INTO nurse_shift (AMKA, shift_id) VALUES ('0702609163', '95');
INSERT IGNORE INTO admin_shift (AMKA, shift_id) VALUES ('1407956296', '95');
INSERT IGNORE INTO admin_shift (AMKA, shift_id) VALUES ('0606545053', '95');
INSERT IGNORE INTO admin_shift (AMKA, shift_id) VALUES ('1001660800', '95');
UPDATE IGNORE shift SET status = TRUE WHERE shift_id = '95';
INSERT IGNORE INTO dept_shift (dept_name, shift_id) VALUES ('Anesthesiology', '95');
INSERT INTO shift (day, type) VALUES ('2026-08-29 00:00:00', '15:00-23:00');
INSERT IGNORE INTO doctor_shift (AMKA, shift_id) VALUES ('2502654079', '96');
INSERT IGNORE INTO doctor_shift (AMKA, shift_id) VALUES ('1904466405', '96');
INSERT IGNORE INTO doctor_shift (AMKA, shift_id) VALUES ('0710954761', '96');
INSERT IGNORE INTO doctor_shift (AMKA, shift_id) VALUES ('2012810248', '96');
INSERT IGNORE INTO doctor_shift (AMKA, shift_id) VALUES ('0303531282', '96');
INSERT IGNORE INTO doctor_shift (AMKA, shift_id) VALUES ('1403910610', '96');
INSERT IGNORE INTO nurse_shift (AMKA, shift_id) VALUES ('0501488320', '96');
INSERT IGNORE INTO nurse_shift (AMKA, shift_id) VALUES ('0302574411', '96');
INSERT IGNORE INTO nurse_shift (AMKA, shift_id) VALUES ('1103802636', '96');
INSERT IGNORE INTO nurse_shift (AMKA, shift_id) VALUES ('0601427360', '96');
INSERT IGNORE INTO nurse_shift (AMKA, shift_id) VALUES ('1709556112', '96');
INSERT IGNORE INTO nurse_shift (AMKA, shift_id) VALUES ('1707693139', '96');
INSERT IGNORE INTO nurse_shift (AMKA, shift_id) VALUES ('2408602494', '96');
INSERT IGNORE INTO nurse_shift (AMKA, shift_id) VALUES ('2202788231', '96');
INSERT IGNORE INTO nurse_shift (AMKA, shift_id) VALUES ('0201469512', '96');
INSERT IGNORE INTO admin_shift (AMKA, shift_id) VALUES ('1810691695', '96');
INSERT IGNORE INTO admin_shift (AMKA, shift_id) VALUES ('2412702821', '96');
UPDATE IGNORE shift SET status = TRUE WHERE shift_id = '96';
INSERT IGNORE INTO dept_shift (dept_name, shift_id) VALUES ('Anesthesiology', '96');
INSERT INTO shift (day, type) VALUES ('2025-08-21 00:00:00', '15:00-23:00');
INSERT IGNORE INTO doctor_shift (AMKA, shift_id) VALUES ('0303531282', '97');
INSERT IGNORE INTO doctor_shift (AMKA, shift_id) VALUES ('0411550543', '97');
INSERT IGNORE INTO doctor_shift (AMKA, shift_id) VALUES ('2412989437', '97');
INSERT IGNORE INTO doctor_shift (AMKA, shift_id) VALUES ('1305442503', '97');
INSERT IGNORE INTO nurse_shift (AMKA, shift_id) VALUES ('0607738540', '97');
INSERT IGNORE INTO nurse_shift (AMKA, shift_id) VALUES ('2905001644', '97');
INSERT IGNORE INTO nurse_shift (AMKA, shift_id) VALUES ('1408697203', '97');
INSERT IGNORE INTO nurse_shift (AMKA, shift_id) VALUES ('1210633994', '97');
INSERT IGNORE INTO nurse_shift (AMKA, shift_id) VALUES ('0412861461', '97');
INSERT IGNORE INTO nurse_shift (AMKA, shift_id) VALUES ('1112517867', '97');
INSERT IGNORE INTO nurse_shift (AMKA, shift_id) VALUES ('1707693139', '97');
INSERT IGNORE INTO admin_shift (AMKA, shift_id) VALUES ('2104509361', '97');
INSERT IGNORE INTO admin_shift (AMKA, shift_id) VALUES ('2311845679', '97');
INSERT IGNORE INTO admin_shift (AMKA, shift_id) VALUES ('0903914750', '97');
INSERT IGNORE INTO admin_shift (AMKA, shift_id) VALUES ('1108942647', '97');
UPDATE IGNORE shift SET status = TRUE WHERE shift_id = '97';
INSERT IGNORE INTO dept_shift (dept_name, shift_id) VALUES ('Anesthesiology', '97');
INSERT INTO shift (day, type) VALUES ('2025-05-19 00:00:00', '23:00-07:00');
INSERT IGNORE INTO doctor_shift (AMKA, shift_id) VALUES ('2510927096', '98');
INSERT IGNORE INTO doctor_shift (AMKA, shift_id) VALUES ('2304595248', '98');
INSERT IGNORE INTO doctor_shift (AMKA, shift_id) VALUES ('2107936328', '98');
INSERT IGNORE INTO doctor_shift (AMKA, shift_id) VALUES ('1307618841', '98');
INSERT IGNORE INTO nurse_shift (AMKA, shift_id) VALUES ('2705913673', '98');
INSERT IGNORE INTO nurse_shift (AMKA, shift_id) VALUES ('2804482376', '98');
INSERT IGNORE INTO nurse_shift (AMKA, shift_id) VALUES ('0405455659', '98');
INSERT IGNORE INTO nurse_shift (AMKA, shift_id) VALUES ('0607738540', '98');
INSERT IGNORE INTO nurse_shift (AMKA, shift_id) VALUES ('0501488320', '98');
INSERT IGNORE INTO nurse_shift (AMKA, shift_id) VALUES ('0201469512', '98');
INSERT IGNORE INTO nurse_shift (AMKA, shift_id) VALUES ('2110624175', '98');
INSERT IGNORE INTO nurse_shift (AMKA, shift_id) VALUES ('1309466103', '98');
INSERT IGNORE INTO nurse_shift (AMKA, shift_id) VALUES ('0208490904', '98');
INSERT IGNORE INTO nurse_shift (AMKA, shift_id) VALUES ('1203883023', '98');
INSERT IGNORE INTO admin_shift (AMKA, shift_id) VALUES ('1001660800', '98');
INSERT IGNORE INTO admin_shift (AMKA, shift_id) VALUES ('0903914750', '98');
UPDATE IGNORE shift SET status = TRUE WHERE shift_id = '98';
INSERT IGNORE INTO dept_shift (dept_name, shift_id) VALUES ('Anesthesiology', '98');
INSERT INTO shift (day, type) VALUES ('2026-02-01 00:00:00', '15:00-23:00');
INSERT IGNORE INTO doctor_shift (AMKA, shift_id) VALUES ('2407887390', '99');
INSERT IGNORE INTO doctor_shift (AMKA, shift_id) VALUES ('1007472193', '99');
INSERT IGNORE INTO doctor_shift (AMKA, shift_id) VALUES ('2406973031', '99');
INSERT IGNORE INTO doctor_shift (AMKA, shift_id) VALUES ('1701787998', '99');
INSERT IGNORE INTO doctor_shift (AMKA, shift_id) VALUES ('1306562994', '99');
INSERT IGNORE INTO doctor_shift (AMKA, shift_id) VALUES ('0411980022', '99');
INSERT IGNORE INTO doctor_shift (AMKA, shift_id) VALUES ('2710712553', '99');
INSERT IGNORE INTO doctor_shift (AMKA, shift_id) VALUES ('1708511124', '99');
INSERT IGNORE INTO nurse_shift (AMKA, shift_id) VALUES ('1709556112', '99');
INSERT IGNORE INTO nurse_shift (AMKA, shift_id) VALUES ('1410472859', '99');
INSERT IGNORE INTO nurse_shift (AMKA, shift_id) VALUES ('2407818176', '99');
INSERT IGNORE INTO nurse_shift (AMKA, shift_id) VALUES ('1304544511', '99');
INSERT IGNORE INTO nurse_shift (AMKA, shift_id) VALUES ('1707693139', '99');
INSERT IGNORE INTO nurse_shift (AMKA, shift_id) VALUES ('3011568029', '99');
INSERT IGNORE INTO nurse_shift (AMKA, shift_id) VALUES ('2905001644', '99');
INSERT IGNORE INTO nurse_shift (AMKA, shift_id) VALUES ('1410576808', '99');
INSERT IGNORE INTO nurse_shift (AMKA, shift_id) VALUES ('0702609163', '99');
INSERT IGNORE INTO admin_shift (AMKA, shift_id) VALUES ('1401529676', '99');
INSERT IGNORE INTO admin_shift (AMKA, shift_id) VALUES ('1807947524', '99');
INSERT IGNORE INTO admin_shift (AMKA, shift_id) VALUES ('0806415082', '99');
INSERT IGNORE INTO admin_shift (AMKA, shift_id) VALUES ('1101978318', '99');
UPDATE IGNORE shift SET status = TRUE WHERE shift_id = '99';
INSERT IGNORE INTO dept_shift (dept_name, shift_id) VALUES ('Anesthesiology', '99');
INSERT INTO shift (day, type) VALUES ('2026-04-14 00:00:00', '15:00-23:00');
INSERT IGNORE INTO doctor_shift (AMKA, shift_id) VALUES ('1805820786', '100');
INSERT IGNORE INTO doctor_shift (AMKA, shift_id) VALUES ('1210671054', '100');
INSERT IGNORE INTO doctor_shift (AMKA, shift_id) VALUES ('1604612218', '100');
INSERT IGNORE INTO doctor_shift (AMKA, shift_id) VALUES ('1007472193', '100');
INSERT IGNORE INTO doctor_shift (AMKA, shift_id) VALUES ('0303531282', '100');
INSERT IGNORE INTO doctor_shift (AMKA, shift_id) VALUES ('0104436410', '100');
INSERT IGNORE INTO doctor_shift (AMKA, shift_id) VALUES ('0611462338', '100');
INSERT IGNORE INTO doctor_shift (AMKA, shift_id) VALUES ('0602879802', '100');
INSERT IGNORE INTO nurse_shift (AMKA, shift_id) VALUES ('1408697203', '100');
INSERT IGNORE INTO nurse_shift (AMKA, shift_id) VALUES ('1908934284', '100');
INSERT IGNORE INTO nurse_shift (AMKA, shift_id) VALUES ('1703812899', '100');
INSERT IGNORE INTO nurse_shift (AMKA, shift_id) VALUES ('2202745833', '100');
INSERT IGNORE INTO nurse_shift (AMKA, shift_id) VALUES ('2804482376', '100');
INSERT IGNORE INTO nurse_shift (AMKA, shift_id) VALUES ('0205417367', '100');
INSERT IGNORE INTO admin_shift (AMKA, shift_id) VALUES ('1810691695', '100');
INSERT IGNORE INTO admin_shift (AMKA, shift_id) VALUES ('2104509361', '100');
UPDATE IGNORE shift SET status = TRUE WHERE shift_id = '100';
INSERT IGNORE INTO dept_shift (dept_name, shift_id) VALUES ('Cardiology', '100');
INSERT INTO shift (day, type) VALUES ('2026-01-16 00:00:00', '07:00-15:00');
INSERT IGNORE INTO doctor_shift (AMKA, shift_id) VALUES ('2811728295', '101');
INSERT IGNORE INTO doctor_shift (AMKA, shift_id) VALUES ('2301681047', '101');
INSERT IGNORE INTO doctor_shift (AMKA, shift_id) VALUES ('0301525882', '101');
INSERT IGNORE INTO doctor_shift (AMKA, shift_id) VALUES ('1805820786', '101');
INSERT IGNORE INTO doctor_shift (AMKA, shift_id) VALUES ('2203633666', '101');
INSERT IGNORE INTO doctor_shift (AMKA, shift_id) VALUES ('2708408067', '101');
INSERT IGNORE INTO doctor_shift (AMKA, shift_id) VALUES ('1905740744', '101');
INSERT IGNORE INTO doctor_shift (AMKA, shift_id) VALUES ('1306562994', '101');
INSERT IGNORE INTO nurse_shift (AMKA, shift_id) VALUES ('1107666248', '101');
INSERT IGNORE INTO nurse_shift (AMKA, shift_id) VALUES ('0211835314', '101');
INSERT IGNORE INTO nurse_shift (AMKA, shift_id) VALUES ('2408602494', '101');
INSERT IGNORE INTO nurse_shift (AMKA, shift_id) VALUES ('0208490904', '101');
INSERT IGNORE INTO nurse_shift (AMKA, shift_id) VALUES ('2812529967', '101');
INSERT IGNORE INTO nurse_shift (AMKA, shift_id) VALUES ('1601483351', '101');
INSERT IGNORE INTO nurse_shift (AMKA, shift_id) VALUES ('1408697203', '101');
INSERT IGNORE INTO nurse_shift (AMKA, shift_id) VALUES ('2804482376', '101');
INSERT IGNORE INTO nurse_shift (AMKA, shift_id) VALUES ('1807594302', '101');
INSERT IGNORE INTO nurse_shift (AMKA, shift_id) VALUES ('2906619041', '101');
INSERT IGNORE INTO admin_shift (AMKA, shift_id) VALUES ('2311563644', '101');
INSERT IGNORE INTO admin_shift (AMKA, shift_id) VALUES ('0601877562', '101');
UPDATE IGNORE shift SET status = TRUE WHERE shift_id = '101';
INSERT IGNORE INTO dept_shift (dept_name, shift_id) VALUES ('Cardiology', '101');
INSERT INTO shift (day, type) VALUES ('2024-12-30 00:00:00', '07:00-15:00');
INSERT IGNORE INTO doctor_shift (AMKA, shift_id) VALUES ('1210671054', '102');
INSERT IGNORE INTO doctor_shift (AMKA, shift_id) VALUES ('1305442503', '102');
INSERT IGNORE INTO doctor_shift (AMKA, shift_id) VALUES ('2301681047', '102');
INSERT IGNORE INTO doctor_shift (AMKA, shift_id) VALUES ('0109876222', '102');
INSERT IGNORE INTO doctor_shift (AMKA, shift_id) VALUES ('1307618841', '102');
INSERT IGNORE INTO doctor_shift (AMKA, shift_id) VALUES ('1403910610', '102');
INSERT IGNORE INTO doctor_shift (AMKA, shift_id) VALUES ('1805820786', '102');
INSERT IGNORE INTO nurse_shift (AMKA, shift_id) VALUES ('0601427360', '102');
INSERT IGNORE INTO nurse_shift (AMKA, shift_id) VALUES ('2012883023', '102');
INSERT IGNORE INTO nurse_shift (AMKA, shift_id) VALUES ('0208490904', '102');
INSERT IGNORE INTO nurse_shift (AMKA, shift_id) VALUES ('2612984884', '102');
INSERT IGNORE INTO nurse_shift (AMKA, shift_id) VALUES ('1809580815', '102');
INSERT IGNORE INTO nurse_shift (AMKA, shift_id) VALUES ('1712731602', '102');
INSERT IGNORE INTO nurse_shift (AMKA, shift_id) VALUES ('2407971013', '102');
INSERT IGNORE INTO admin_shift (AMKA, shift_id) VALUES ('1203690867', '102');
INSERT IGNORE INTO admin_shift (AMKA, shift_id) VALUES ('1707612309', '102');
INSERT IGNORE INTO admin_shift (AMKA, shift_id) VALUES ('1505621109', '102');
INSERT IGNORE INTO admin_shift (AMKA, shift_id) VALUES ('1004500988', '102');
UPDATE IGNORE shift SET status = TRUE WHERE shift_id = '102';
INSERT IGNORE INTO dept_shift (dept_name, shift_id) VALUES ('Cardiology', '102');
INSERT INTO shift (day, type) VALUES ('2026-01-08 00:00:00', '07:00-15:00');
INSERT IGNORE INTO doctor_shift (AMKA, shift_id) VALUES ('0411980022', '103');
INSERT IGNORE INTO doctor_shift (AMKA, shift_id) VALUES ('1807676900', '103');
INSERT IGNORE INTO doctor_shift (AMKA, shift_id) VALUES ('0810802797', '103');
INSERT IGNORE INTO doctor_shift (AMKA, shift_id) VALUES ('3012474240', '103');
INSERT IGNORE INTO doctor_shift (AMKA, shift_id) VALUES ('2108809189', '103');
INSERT IGNORE INTO doctor_shift (AMKA, shift_id) VALUES ('0811685025', '103');
INSERT IGNORE INTO doctor_shift (AMKA, shift_id) VALUES ('0102891639', '103');
INSERT IGNORE INTO doctor_shift (AMKA, shift_id) VALUES ('2204653007', '103');
INSERT IGNORE INTO nurse_shift (AMKA, shift_id) VALUES ('2202745833', '103');
INSERT IGNORE INTO nurse_shift (AMKA, shift_id) VALUES ('2810445963', '103');
INSERT IGNORE INTO nurse_shift (AMKA, shift_id) VALUES ('0212459106', '103');
INSERT IGNORE INTO nurse_shift (AMKA, shift_id) VALUES ('1512807285', '103');
INSERT IGNORE INTO nurse_shift (AMKA, shift_id) VALUES ('2211920600', '103');
INSERT IGNORE INTO nurse_shift (AMKA, shift_id) VALUES ('0211835314', '103');
INSERT IGNORE INTO nurse_shift (AMKA, shift_id) VALUES ('2407971013', '103');
INSERT IGNORE INTO nurse_shift (AMKA, shift_id) VALUES ('1709556112', '103');
INSERT IGNORE INTO admin_shift (AMKA, shift_id) VALUES ('0903487819', '103');
INSERT IGNORE INTO admin_shift (AMKA, shift_id) VALUES ('2104667937', '103');
INSERT IGNORE INTO admin_shift (AMKA, shift_id) VALUES ('2803665107', '103');
UPDATE IGNORE shift SET status = TRUE WHERE shift_id = '103';
INSERT IGNORE INTO dept_shift (dept_name, shift_id) VALUES ('Cardiology', '103');
INSERT INTO shift (day, type) VALUES ('2025-04-09 00:00:00', '07:00-15:00');
INSERT IGNORE INTO doctor_shift (AMKA, shift_id) VALUES ('0611462338', '104');
INSERT IGNORE INTO doctor_shift (AMKA, shift_id) VALUES ('0406974498', '104');
INSERT IGNORE INTO doctor_shift (AMKA, shift_id) VALUES ('1912912516', '104');
INSERT IGNORE INTO doctor_shift (AMKA, shift_id) VALUES ('0811685025', '104');
INSERT IGNORE INTO doctor_shift (AMKA, shift_id) VALUES ('1102752591', '104');
INSERT IGNORE INTO doctor_shift (AMKA, shift_id) VALUES ('1104529817', '104');
INSERT IGNORE INTO doctor_shift (AMKA, shift_id) VALUES ('2304595248', '104');
INSERT IGNORE INTO doctor_shift (AMKA, shift_id) VALUES ('2510927096', '104');
INSERT IGNORE INTO nurse_shift (AMKA, shift_id) VALUES ('1203883023', '104');
INSERT IGNORE INTO nurse_shift (AMKA, shift_id) VALUES ('1512807285', '104');
INSERT IGNORE INTO nurse_shift (AMKA, shift_id) VALUES ('2407818176', '104');
INSERT IGNORE INTO nurse_shift (AMKA, shift_id) VALUES ('1703812899', '104');
INSERT IGNORE INTO nurse_shift (AMKA, shift_id) VALUES ('2409746735', '104');
INSERT IGNORE INTO nurse_shift (AMKA, shift_id) VALUES ('0211835314', '104');
INSERT IGNORE INTO nurse_shift (AMKA, shift_id) VALUES ('2210732993', '104');
INSERT IGNORE INTO nurse_shift (AMKA, shift_id) VALUES ('0303995114', '104');
INSERT IGNORE INTO nurse_shift (AMKA, shift_id) VALUES ('2705913673', '104');
INSERT IGNORE INTO nurse_shift (AMKA, shift_id) VALUES ('2706529149', '104');
INSERT IGNORE INTO admin_shift (AMKA, shift_id) VALUES ('0212875455', '104');
INSERT IGNORE INTO admin_shift (AMKA, shift_id) VALUES ('0601877562', '104');
INSERT IGNORE INTO admin_shift (AMKA, shift_id) VALUES ('1401438948', '104');
UPDATE IGNORE shift SET status = TRUE WHERE shift_id = '104';
INSERT IGNORE INTO dept_shift (dept_name, shift_id) VALUES ('Cardiology', '104');
INSERT INTO shift (day, type) VALUES ('2024-07-17 00:00:00', '23:00-07:00');
INSERT IGNORE INTO doctor_shift (AMKA, shift_id) VALUES ('0909662577', '105');
INSERT IGNORE INTO doctor_shift (AMKA, shift_id) VALUES ('0610661297', '105');
INSERT IGNORE INTO doctor_shift (AMKA, shift_id) VALUES ('1102752591', '105');
INSERT IGNORE INTO doctor_shift (AMKA, shift_id) VALUES ('0102891639', '105');
INSERT IGNORE INTO doctor_shift (AMKA, shift_id) VALUES ('1210608936', '105');
INSERT IGNORE INTO doctor_shift (AMKA, shift_id) VALUES ('1608881787', '105');
INSERT IGNORE INTO doctor_shift (AMKA, shift_id) VALUES ('2502654079', '105');
INSERT IGNORE INTO nurse_shift (AMKA, shift_id) VALUES ('0509934508', '105');
INSERT IGNORE INTO nurse_shift (AMKA, shift_id) VALUES ('2511766415', '105');
INSERT IGNORE INTO nurse_shift (AMKA, shift_id) VALUES ('0412861461', '105');
INSERT IGNORE INTO nurse_shift (AMKA, shift_id) VALUES ('2209772976', '105');
INSERT IGNORE INTO nurse_shift (AMKA, shift_id) VALUES ('2012883023', '105');
INSERT IGNORE INTO nurse_shift (AMKA, shift_id) VALUES ('2407818176', '105');
INSERT IGNORE INTO admin_shift (AMKA, shift_id) VALUES ('3108668309', '105');
INSERT IGNORE INTO admin_shift (AMKA, shift_id) VALUES ('3103504955', '105');
INSERT IGNORE INTO admin_shift (AMKA, shift_id) VALUES ('2210867288', '105');
UPDATE IGNORE shift SET status = TRUE WHERE shift_id = '105';
INSERT IGNORE INTO dept_shift (dept_name, shift_id) VALUES ('Cardiology', '105');
INSERT INTO shift (day, type) VALUES ('2026-09-14 00:00:00', '23:00-07:00');
INSERT IGNORE INTO doctor_shift (AMKA, shift_id) VALUES ('2406973031', '106');
INSERT IGNORE INTO doctor_shift (AMKA, shift_id) VALUES ('2304595248', '106');
INSERT IGNORE INTO doctor_shift (AMKA, shift_id) VALUES ('2203718551', '106');
INSERT IGNORE INTO doctor_shift (AMKA, shift_id) VALUES ('2710712553', '106');
INSERT IGNORE INTO doctor_shift (AMKA, shift_id) VALUES ('1612748648', '106');
INSERT IGNORE INTO doctor_shift (AMKA, shift_id) VALUES ('1708511124', '106');
INSERT IGNORE INTO doctor_shift (AMKA, shift_id) VALUES ('1807676900', '106');
INSERT IGNORE INTO doctor_shift (AMKA, shift_id) VALUES ('2312865669', '106');
INSERT IGNORE INTO nurse_shift (AMKA, shift_id) VALUES ('2008408711', '106');
INSERT IGNORE INTO nurse_shift (AMKA, shift_id) VALUES ('2404736776', '106');
INSERT IGNORE INTO nurse_shift (AMKA, shift_id) VALUES ('0607738540', '106');
INSERT IGNORE INTO nurse_shift (AMKA, shift_id) VALUES ('1709556112', '106');
INSERT IGNORE INTO nurse_shift (AMKA, shift_id) VALUES ('1309466103', '106');
INSERT IGNORE INTO nurse_shift (AMKA, shift_id) VALUES ('1908934284', '106');
INSERT IGNORE INTO admin_shift (AMKA, shift_id) VALUES ('1711829846', '106');
INSERT IGNORE INTO admin_shift (AMKA, shift_id) VALUES ('2307565593', '106');
INSERT IGNORE INTO admin_shift (AMKA, shift_id) VALUES ('1610915018', '106');
INSERT IGNORE INTO admin_shift (AMKA, shift_id) VALUES ('0108846908', '106');
UPDATE IGNORE shift SET status = TRUE WHERE shift_id = '106';
INSERT IGNORE INTO dept_shift (dept_name, shift_id) VALUES ('Cardiology', '106');
INSERT INTO shift (day, type) VALUES ('2025-12-28 00:00:00', '23:00-07:00');
INSERT IGNORE INTO doctor_shift (AMKA, shift_id) VALUES ('0611462338', '107');
INSERT IGNORE INTO doctor_shift (AMKA, shift_id) VALUES ('0111647658', '107');
INSERT IGNORE INTO doctor_shift (AMKA, shift_id) VALUES ('1805820786', '107');
INSERT IGNORE INTO doctor_shift (AMKA, shift_id) VALUES ('0903695053', '107');
INSERT IGNORE INTO nurse_shift (AMKA, shift_id) VALUES ('2903754769', '107');
INSERT IGNORE INTO nurse_shift (AMKA, shift_id) VALUES ('0509864586', '107');
INSERT IGNORE INTO nurse_shift (AMKA, shift_id) VALUES ('2404736776', '107');
INSERT IGNORE INTO nurse_shift (AMKA, shift_id) VALUES ('1103802636', '107');
INSERT IGNORE INTO nurse_shift (AMKA, shift_id) VALUES ('1712731602', '107');
INSERT IGNORE INTO nurse_shift (AMKA, shift_id) VALUES ('0607738540', '107');
INSERT IGNORE INTO nurse_shift (AMKA, shift_id) VALUES ('1101855051', '107');
INSERT IGNORE INTO nurse_shift (AMKA, shift_id) VALUES ('1207679089', '107');
INSERT IGNORE INTO admin_shift (AMKA, shift_id) VALUES ('2104667937', '107');
INSERT IGNORE INTO admin_shift (AMKA, shift_id) VALUES ('1011747457', '107');
INSERT IGNORE INTO admin_shift (AMKA, shift_id) VALUES ('1810691695', '107');
INSERT IGNORE INTO admin_shift (AMKA, shift_id) VALUES ('1412919767', '107');
UPDATE IGNORE shift SET status = TRUE WHERE shift_id = '107';
INSERT IGNORE INTO dept_shift (dept_name, shift_id) VALUES ('Cardiology', '107');
INSERT INTO shift (day, type) VALUES ('2026-01-05 00:00:00', '23:00-07:00');
INSERT IGNORE INTO doctor_shift (AMKA, shift_id) VALUES ('1806762549', '108');
INSERT IGNORE INTO doctor_shift (AMKA, shift_id) VALUES ('3005978572', '108');
INSERT IGNORE INTO doctor_shift (AMKA, shift_id) VALUES ('0104436410', '108');
INSERT IGNORE INTO doctor_shift (AMKA, shift_id) VALUES ('0602879802', '108');
INSERT IGNORE INTO doctor_shift (AMKA, shift_id) VALUES ('0803576389', '108');
INSERT IGNORE INTO doctor_shift (AMKA, shift_id) VALUES ('0102891639', '108');
INSERT IGNORE INTO nurse_shift (AMKA, shift_id) VALUES ('0501507716', '108');
INSERT IGNORE INTO nurse_shift (AMKA, shift_id) VALUES ('2211738105', '108');
INSERT IGNORE INTO nurse_shift (AMKA, shift_id) VALUES ('1807594302', '108');
INSERT IGNORE INTO nurse_shift (AMKA, shift_id) VALUES ('1712731602', '108');
INSERT IGNORE INTO nurse_shift (AMKA, shift_id) VALUES ('1410472859', '108');
INSERT IGNORE INTO nurse_shift (AMKA, shift_id) VALUES ('0905711630', '108');
INSERT IGNORE INTO nurse_shift (AMKA, shift_id) VALUES ('0302574411', '108');
INSERT IGNORE INTO nurse_shift (AMKA, shift_id) VALUES ('1601483351', '108');
INSERT IGNORE INTO admin_shift (AMKA, shift_id) VALUES ('1505621109', '108');
INSERT IGNORE INTO admin_shift (AMKA, shift_id) VALUES ('1401529676', '108');
INSERT IGNORE INTO admin_shift (AMKA, shift_id) VALUES ('1711829846', '108');
INSERT IGNORE INTO admin_shift (AMKA, shift_id) VALUES ('0807583265', '108');
UPDATE IGNORE shift SET status = TRUE WHERE shift_id = '108';
INSERT IGNORE INTO dept_shift (dept_name, shift_id) VALUES ('Cardiology', '108');
INSERT INTO shift (day, type) VALUES ('2025-01-04 00:00:00', '23:00-07:00');
INSERT IGNORE INTO doctor_shift (AMKA, shift_id) VALUES ('2012810248', '109');
INSERT IGNORE INTO doctor_shift (AMKA, shift_id) VALUES ('0803989228', '109');
INSERT IGNORE INTO doctor_shift (AMKA, shift_id) VALUES ('1102752591', '109');
INSERT IGNORE INTO nurse_shift (AMKA, shift_id) VALUES ('2812529967', '109');
INSERT IGNORE INTO nurse_shift (AMKA, shift_id) VALUES ('0208490904', '109');
INSERT IGNORE INTO nurse_shift (AMKA, shift_id) VALUES ('1908934284', '109');
INSERT IGNORE INTO nurse_shift (AMKA, shift_id) VALUES ('1709556112', '109');
INSERT IGNORE INTO nurse_shift (AMKA, shift_id) VALUES ('1807594302', '109');
INSERT IGNORE INTO nurse_shift (AMKA, shift_id) VALUES ('2511766415', '109');
INSERT IGNORE INTO nurse_shift (AMKA, shift_id) VALUES ('0201469512', '109');
INSERT IGNORE INTO nurse_shift (AMKA, shift_id) VALUES ('2301986927', '109');
INSERT IGNORE INTO admin_shift (AMKA, shift_id) VALUES ('1505621109', '109');
INSERT IGNORE INTO admin_shift (AMKA, shift_id) VALUES ('3006533908', '109');
UPDATE IGNORE shift SET status = TRUE WHERE shift_id = '109';
INSERT IGNORE INTO dept_shift (dept_name, shift_id) VALUES ('Cardiology', '109');
INSERT INTO shift (day, type) VALUES ('2026-03-05 00:00:00', '07:00-15:00');
INSERT IGNORE INTO doctor_shift (AMKA, shift_id) VALUES ('1306562994', '110');
INSERT IGNORE INTO doctor_shift (AMKA, shift_id) VALUES ('0710954761', '110');
INSERT IGNORE INTO doctor_shift (AMKA, shift_id) VALUES ('1101823701', '110');
INSERT IGNORE INTO doctor_shift (AMKA, shift_id) VALUES ('0104436410', '110');
INSERT IGNORE INTO doctor_shift (AMKA, shift_id) VALUES ('2108809189', '110');
INSERT IGNORE INTO doctor_shift (AMKA, shift_id) VALUES ('2708408067', '110');
INSERT IGNORE INTO doctor_shift (AMKA, shift_id) VALUES ('2502654079', '110');
INSERT IGNORE INTO doctor_shift (AMKA, shift_id) VALUES ('2707864104', '110');
INSERT IGNORE INTO nurse_shift (AMKA, shift_id) VALUES ('2009974419', '110');
INSERT IGNORE INTO nurse_shift (AMKA, shift_id) VALUES ('2810445963', '110');
INSERT IGNORE INTO nurse_shift (AMKA, shift_id) VALUES ('1907956316', '110');
INSERT IGNORE INTO nurse_shift (AMKA, shift_id) VALUES ('2509796665', '110');
INSERT IGNORE INTO nurse_shift (AMKA, shift_id) VALUES ('0601427360', '110');
INSERT IGNORE INTO nurse_shift (AMKA, shift_id) VALUES ('0311534815', '110');
INSERT IGNORE INTO nurse_shift (AMKA, shift_id) VALUES ('0310576949', '110');
INSERT IGNORE INTO admin_shift (AMKA, shift_id) VALUES ('2104667937', '110');
INSERT IGNORE INTO admin_shift (AMKA, shift_id) VALUES ('2009517049', '110');
UPDATE IGNORE shift SET status = TRUE WHERE shift_id = '110';
INSERT IGNORE INTO dept_shift (dept_name, shift_id) VALUES ('Cardiology', '110');
INSERT INTO shift (day, type) VALUES ('2026-08-11 00:00:00', '15:00-23:00');
INSERT IGNORE INTO doctor_shift (AMKA, shift_id) VALUES ('2107936328', '111');
INSERT IGNORE INTO doctor_shift (AMKA, shift_id) VALUES ('1107638937', '111');
INSERT IGNORE INTO doctor_shift (AMKA, shift_id) VALUES ('1104529817', '111');
INSERT IGNORE INTO doctor_shift (AMKA, shift_id) VALUES ('2710712553', '111');
INSERT IGNORE INTO doctor_shift (AMKA, shift_id) VALUES ('2806888346', '111');
INSERT IGNORE INTO doctor_shift (AMKA, shift_id) VALUES ('1210671054', '111');
INSERT IGNORE INTO doctor_shift (AMKA, shift_id) VALUES ('2001691929', '111');
INSERT IGNORE INTO doctor_shift (AMKA, shift_id) VALUES ('1701787998', '111');
INSERT IGNORE INTO nurse_shift (AMKA, shift_id) VALUES ('0412861461', '111');
INSERT IGNORE INTO nurse_shift (AMKA, shift_id) VALUES ('2411715378', '111');
INSERT IGNORE INTO nurse_shift (AMKA, shift_id) VALUES ('1103802636', '111');
INSERT IGNORE INTO nurse_shift (AMKA, shift_id) VALUES ('0805529909', '111');
INSERT IGNORE INTO nurse_shift (AMKA, shift_id) VALUES ('2704562592', '111');
INSERT IGNORE INTO nurse_shift (AMKA, shift_id) VALUES ('0707486851', '111');
INSERT IGNORE INTO nurse_shift (AMKA, shift_id) VALUES ('2012883023', '111');
INSERT IGNORE INTO nurse_shift (AMKA, shift_id) VALUES ('0205417367', '111');
INSERT IGNORE INTO nurse_shift (AMKA, shift_id) VALUES ('1101855051', '111');
INSERT IGNORE INTO nurse_shift (AMKA, shift_id) VALUES ('1708849364', '111');
INSERT IGNORE INTO admin_shift (AMKA, shift_id) VALUES ('2403663964', '111');
INSERT IGNORE INTO admin_shift (AMKA, shift_id) VALUES ('1810691695', '111');
UPDATE IGNORE shift SET status = TRUE WHERE shift_id = '111';
INSERT IGNORE INTO dept_shift (dept_name, shift_id) VALUES ('Cardiology', '111');
INSERT INTO shift (day, type) VALUES ('2024-01-24 00:00:00', '07:00-15:00');
INSERT IGNORE INTO doctor_shift (AMKA, shift_id) VALUES ('2304595248', '112');
INSERT IGNORE INTO doctor_shift (AMKA, shift_id) VALUES ('2108809189', '112');
INSERT IGNORE INTO doctor_shift (AMKA, shift_id) VALUES ('1708511124', '112');
INSERT IGNORE INTO doctor_shift (AMKA, shift_id) VALUES ('0303531282', '112');
INSERT IGNORE INTO doctor_shift (AMKA, shift_id) VALUES ('1101779403', '112');
INSERT IGNORE INTO nurse_shift (AMKA, shift_id) VALUES ('2205716047', '112');
INSERT IGNORE INTO nurse_shift (AMKA, shift_id) VALUES ('2202788231', '112');
INSERT IGNORE INTO nurse_shift (AMKA, shift_id) VALUES ('1907956316', '112');
INSERT IGNORE INTO nurse_shift (AMKA, shift_id) VALUES ('2411715378', '112');
INSERT IGNORE INTO nurse_shift (AMKA, shift_id) VALUES ('1107666248', '112');
INSERT IGNORE INTO nurse_shift (AMKA, shift_id) VALUES ('0412861461', '112');
INSERT IGNORE INTO admin_shift (AMKA, shift_id) VALUES ('2803665107', '112');
INSERT IGNORE INTO admin_shift (AMKA, shift_id) VALUES ('0806415082', '112');
INSERT IGNORE INTO admin_shift (AMKA, shift_id) VALUES ('0807583265', '112');
UPDATE IGNORE shift SET status = TRUE WHERE shift_id = '112';
INSERT IGNORE INTO dept_shift (dept_name, shift_id) VALUES ('Cardiology', '112');
INSERT INTO shift (day, type) VALUES ('2025-11-16 00:00:00', '15:00-23:00');
INSERT IGNORE INTO doctor_shift (AMKA, shift_id) VALUES ('0710954761', '113');
INSERT IGNORE INTO doctor_shift (AMKA, shift_id) VALUES ('1904466405', '113');
INSERT IGNORE INTO doctor_shift (AMKA, shift_id) VALUES ('2707864104', '113');
INSERT IGNORE INTO doctor_shift (AMKA, shift_id) VALUES ('2412989437', '113');
INSERT IGNORE INTO doctor_shift (AMKA, shift_id) VALUES ('0303531282', '113');
INSERT IGNORE INTO nurse_shift (AMKA, shift_id) VALUES ('2009974419', '113');
INSERT IGNORE INTO nurse_shift (AMKA, shift_id) VALUES ('2211738105', '113');
INSERT IGNORE INTO nurse_shift (AMKA, shift_id) VALUES ('2602489567', '113');
INSERT IGNORE INTO nurse_shift (AMKA, shift_id) VALUES ('0905711630', '113');
INSERT IGNORE INTO nurse_shift (AMKA, shift_id) VALUES ('2408602494', '113');
INSERT IGNORE INTO nurse_shift (AMKA, shift_id) VALUES ('2906619041', '113');
INSERT IGNORE INTO nurse_shift (AMKA, shift_id) VALUES ('0302574411', '113');
INSERT IGNORE INTO nurse_shift (AMKA, shift_id) VALUES ('0205417367', '113');
INSERT IGNORE INTO admin_shift (AMKA, shift_id) VALUES ('1108942647', '113');
INSERT IGNORE INTO admin_shift (AMKA, shift_id) VALUES ('3108420255', '113');
INSERT IGNORE INTO admin_shift (AMKA, shift_id) VALUES ('1401529676', '113');
INSERT IGNORE INTO admin_shift (AMKA, shift_id) VALUES ('1810691695', '113');
UPDATE IGNORE shift SET status = TRUE WHERE shift_id = '113';
INSERT IGNORE INTO dept_shift (dept_name, shift_id) VALUES ('ENT', '113');
INSERT INTO shift (day, type) VALUES ('2026-06-07 00:00:00', '07:00-15:00');
INSERT IGNORE INTO doctor_shift (AMKA, shift_id) VALUES ('1305442503', '114');
INSERT IGNORE INTO doctor_shift (AMKA, shift_id) VALUES ('2406973031', '114');
INSERT IGNORE INTO doctor_shift (AMKA, shift_id) VALUES ('1403472446', '114');
INSERT IGNORE INTO doctor_shift (AMKA, shift_id) VALUES ('0810802797', '114');
INSERT IGNORE INTO doctor_shift (AMKA, shift_id) VALUES ('0909662577', '114');
INSERT IGNORE INTO doctor_shift (AMKA, shift_id) VALUES ('0710954761', '114');
INSERT IGNORE INTO doctor_shift (AMKA, shift_id) VALUES ('2710712553', '114');
INSERT IGNORE INTO nurse_shift (AMKA, shift_id) VALUES ('1907956316', '114');
INSERT IGNORE INTO nurse_shift (AMKA, shift_id) VALUES ('1304544511', '114');
INSERT IGNORE INTO nurse_shift (AMKA, shift_id) VALUES ('0509934508', '114');
INSERT IGNORE INTO nurse_shift (AMKA, shift_id) VALUES ('0707486851', '114');
INSERT IGNORE INTO nurse_shift (AMKA, shift_id) VALUES ('2211920600', '114');
INSERT IGNORE INTO nurse_shift (AMKA, shift_id) VALUES ('1203883023', '114');
INSERT IGNORE INTO nurse_shift (AMKA, shift_id) VALUES ('1410576808', '114');
INSERT IGNORE INTO nurse_shift (AMKA, shift_id) VALUES ('2301986927', '114');
INSERT IGNORE INTO admin_shift (AMKA, shift_id) VALUES ('0807583265', '114');
INSERT IGNORE INTO admin_shift (AMKA, shift_id) VALUES ('1203690867', '114');
INSERT IGNORE INTO admin_shift (AMKA, shift_id) VALUES ('1407956296', '114');
INSERT IGNORE INTO admin_shift (AMKA, shift_id) VALUES ('1711829846', '114');
UPDATE IGNORE shift SET status = TRUE WHERE shift_id = '114';
INSERT IGNORE INTO dept_shift (dept_name, shift_id) VALUES ('ENT', '114');
INSERT INTO shift (day, type) VALUES ('2025-01-23 00:00:00', '07:00-15:00');
INSERT IGNORE INTO doctor_shift (AMKA, shift_id) VALUES ('0611462338', '115');
INSERT IGNORE INTO doctor_shift (AMKA, shift_id) VALUES ('2312865669', '115');
INSERT IGNORE INTO doctor_shift (AMKA, shift_id) VALUES ('0308718729', '115');
INSERT IGNORE INTO doctor_shift (AMKA, shift_id) VALUES ('1107638937', '115');
INSERT IGNORE INTO doctor_shift (AMKA, shift_id) VALUES ('1101779403', '115');
INSERT IGNORE INTO doctor_shift (AMKA, shift_id) VALUES ('2708408067', '115');
INSERT IGNORE INTO doctor_shift (AMKA, shift_id) VALUES ('0111647658', '115');
INSERT IGNORE INTO nurse_shift (AMKA, shift_id) VALUES ('2308761066', '115');
INSERT IGNORE INTO nurse_shift (AMKA, shift_id) VALUES ('3101743228', '115');
INSERT IGNORE INTO nurse_shift (AMKA, shift_id) VALUES ('2209772976', '115');
INSERT IGNORE INTO nurse_shift (AMKA, shift_id) VALUES ('1302876707', '115');
INSERT IGNORE INTO nurse_shift (AMKA, shift_id) VALUES ('2904573556', '115');
INSERT IGNORE INTO nurse_shift (AMKA, shift_id) VALUES ('2407818176', '115');
INSERT IGNORE INTO nurse_shift (AMKA, shift_id) VALUES ('2705913673', '115');
INSERT IGNORE INTO nurse_shift (AMKA, shift_id) VALUES ('0205417367', '115');
INSERT IGNORE INTO nurse_shift (AMKA, shift_id) VALUES ('1707693139', '115');
INSERT IGNORE INTO nurse_shift (AMKA, shift_id) VALUES ('1708849364', '115');
INSERT IGNORE INTO admin_shift (AMKA, shift_id) VALUES ('2311845679', '115');
INSERT IGNORE INTO admin_shift (AMKA, shift_id) VALUES ('0409007927', '115');
UPDATE IGNORE shift SET status = TRUE WHERE shift_id = '115';
INSERT IGNORE INTO dept_shift (dept_name, shift_id) VALUES ('ENT', '115');
INSERT INTO shift (day, type) VALUES ('2024-07-13 00:00:00', '23:00-07:00');
INSERT IGNORE INTO doctor_shift (AMKA, shift_id) VALUES ('0301636140', '116');
INSERT IGNORE INTO doctor_shift (AMKA, shift_id) VALUES ('1101823701', '116');
INSERT IGNORE INTO doctor_shift (AMKA, shift_id) VALUES ('1604612218', '116');
INSERT IGNORE INTO doctor_shift (AMKA, shift_id) VALUES ('0102891639', '116');
INSERT IGNORE INTO doctor_shift (AMKA, shift_id) VALUES ('2403567012', '116');
INSERT IGNORE INTO doctor_shift (AMKA, shift_id) VALUES ('1206704867', '116');
INSERT IGNORE INTO doctor_shift (AMKA, shift_id) VALUES ('0411550543', '116');
INSERT IGNORE INTO doctor_shift (AMKA, shift_id) VALUES ('0206637500', '116');
INSERT IGNORE INTO nurse_shift (AMKA, shift_id) VALUES ('2804482376', '116');
INSERT IGNORE INTO nurse_shift (AMKA, shift_id) VALUES ('0805529909', '116');
INSERT IGNORE INTO nurse_shift (AMKA, shift_id) VALUES ('1309466103', '116');
INSERT IGNORE INTO nurse_shift (AMKA, shift_id) VALUES ('2409746735', '116');
INSERT IGNORE INTO nurse_shift (AMKA, shift_id) VALUES ('2104682202', '116');
INSERT IGNORE INTO nurse_shift (AMKA, shift_id) VALUES ('2202745833', '116');
INSERT IGNORE INTO nurse_shift (AMKA, shift_id) VALUES ('2407818176', '116');
INSERT IGNORE INTO admin_shift (AMKA, shift_id) VALUES ('3107841971', '116');
INSERT IGNORE INTO admin_shift (AMKA, shift_id) VALUES ('2009517049', '116');
INSERT IGNORE INTO admin_shift (AMKA, shift_id) VALUES ('1011747457', '116');
INSERT IGNORE INTO admin_shift (AMKA, shift_id) VALUES ('1407956296', '116');
UPDATE IGNORE shift SET status = TRUE WHERE shift_id = '116';
INSERT IGNORE INTO dept_shift (dept_name, shift_id) VALUES ('ENT', '116');
INSERT INTO shift (day, type) VALUES ('2025-03-23 00:00:00', '15:00-23:00');
INSERT IGNORE INTO doctor_shift (AMKA, shift_id) VALUES ('2004702238', '117');
INSERT IGNORE INTO doctor_shift (AMKA, shift_id) VALUES ('3012474240', '117');
INSERT IGNORE INTO doctor_shift (AMKA, shift_id) VALUES ('1912912516', '117');
INSERT IGNORE INTO doctor_shift (AMKA, shift_id) VALUES ('3005978572', '117');
INSERT IGNORE INTO doctor_shift (AMKA, shift_id) VALUES ('0411550543', '117');
INSERT IGNORE INTO doctor_shift (AMKA, shift_id) VALUES ('1701787998', '117');
INSERT IGNORE INTO doctor_shift (AMKA, shift_id) VALUES ('1905740744', '117');
INSERT IGNORE INTO nurse_shift (AMKA, shift_id) VALUES ('2705913673', '117');
INSERT IGNORE INTO nurse_shift (AMKA, shift_id) VALUES ('0509934508', '117');
INSERT IGNORE INTO nurse_shift (AMKA, shift_id) VALUES ('2211738105', '117');
INSERT IGNORE INTO nurse_shift (AMKA, shift_id) VALUES ('0212459106', '117');
INSERT IGNORE INTO nurse_shift (AMKA, shift_id) VALUES ('1607801274', '117');
INSERT IGNORE INTO nurse_shift (AMKA, shift_id) VALUES ('2511766415', '117');
INSERT IGNORE INTO nurse_shift (AMKA, shift_id) VALUES ('2202788231', '117');
INSERT IGNORE INTO nurse_shift (AMKA, shift_id) VALUES ('1107666248', '117');
INSERT IGNORE INTO nurse_shift (AMKA, shift_id) VALUES ('0303995114', '117');
INSERT IGNORE INTO nurse_shift (AMKA, shift_id) VALUES ('1302876707', '117');
INSERT IGNORE INTO admin_shift (AMKA, shift_id) VALUES ('1101978318', '117');
INSERT IGNORE INTO admin_shift (AMKA, shift_id) VALUES ('0804527361', '117');
INSERT IGNORE INTO admin_shift (AMKA, shift_id) VALUES ('1909762384', '117');
UPDATE IGNORE shift SET status = TRUE WHERE shift_id = '117';
INSERT IGNORE INTO dept_shift (dept_name, shift_id) VALUES ('ENT', '117');
INSERT INTO shift (day, type) VALUES ('2026-10-27 00:00:00', '23:00-07:00');
INSERT IGNORE INTO doctor_shift (AMKA, shift_id) VALUES ('2108809189', '118');
INSERT IGNORE INTO doctor_shift (AMKA, shift_id) VALUES ('2312865669', '118');
INSERT IGNORE INTO doctor_shift (AMKA, shift_id) VALUES ('2403567012', '118');
INSERT IGNORE INTO nurse_shift (AMKA, shift_id) VALUES ('1707693139', '118');
INSERT IGNORE INTO nurse_shift (AMKA, shift_id) VALUES ('2210732993', '118');
INSERT IGNORE INTO nurse_shift (AMKA, shift_id) VALUES ('1410472859', '118');
INSERT IGNORE INTO nurse_shift (AMKA, shift_id) VALUES ('1809580815', '118');
INSERT IGNORE INTO nurse_shift (AMKA, shift_id) VALUES ('2705913673', '118');
INSERT IGNORE INTO nurse_shift (AMKA, shift_id) VALUES ('1602668533', '118');
INSERT IGNORE INTO nurse_shift (AMKA, shift_id) VALUES ('0201469512', '118');
INSERT IGNORE INTO nurse_shift (AMKA, shift_id) VALUES ('0702609163', '118');
INSERT IGNORE INTO admin_shift (AMKA, shift_id) VALUES ('1401529676', '118');
INSERT IGNORE INTO admin_shift (AMKA, shift_id) VALUES ('0212875455', '118');
INSERT IGNORE INTO admin_shift (AMKA, shift_id) VALUES ('1407956296', '118');
UPDATE IGNORE shift SET status = TRUE WHERE shift_id = '118';
INSERT IGNORE INTO dept_shift (dept_name, shift_id) VALUES ('ENT', '118');
INSERT INTO shift (day, type) VALUES ('2025-06-30 00:00:00', '15:00-23:00');
INSERT IGNORE INTO doctor_shift (AMKA, shift_id) VALUES ('1403910610', '119');
INSERT IGNORE INTO doctor_shift (AMKA, shift_id) VALUES ('1912912516', '119');
INSERT IGNORE INTO doctor_shift (AMKA, shift_id) VALUES ('3012474240', '119');
INSERT IGNORE INTO doctor_shift (AMKA, shift_id) VALUES ('0109876222', '119');
INSERT IGNORE INTO nurse_shift (AMKA, shift_id) VALUES ('1006891535', '119');
INSERT IGNORE INTO nurse_shift (AMKA, shift_id) VALUES ('0208490904', '119');
INSERT IGNORE INTO nurse_shift (AMKA, shift_id) VALUES ('2308761066', '119');
INSERT IGNORE INTO nurse_shift (AMKA, shift_id) VALUES ('2408602494', '119');
INSERT IGNORE INTO nurse_shift (AMKA, shift_id) VALUES ('1712731602', '119');
INSERT IGNORE INTO nurse_shift (AMKA, shift_id) VALUES ('2810445963', '119');
INSERT IGNORE INTO admin_shift (AMKA, shift_id) VALUES ('1909728641', '119');
INSERT IGNORE INTO admin_shift (AMKA, shift_id) VALUES ('2803665107', '119');
UPDATE IGNORE shift SET status = TRUE WHERE shift_id = '119';
INSERT IGNORE INTO dept_shift (dept_name, shift_id) VALUES ('ENT', '119');
INSERT INTO shift (day, type) VALUES ('2026-12-31 00:00:00', '07:00-15:00');
INSERT IGNORE INTO doctor_shift (AMKA, shift_id) VALUES ('0301525882', '120');
INSERT IGNORE INTO doctor_shift (AMKA, shift_id) VALUES ('1101823701', '120');
INSERT IGNORE INTO doctor_shift (AMKA, shift_id) VALUES ('0909662577', '120');
INSERT IGNORE INTO doctor_shift (AMKA, shift_id) VALUES ('2206803094', '120');
INSERT IGNORE INTO doctor_shift (AMKA, shift_id) VALUES ('2108809189', '120');
INSERT IGNORE INTO doctor_shift (AMKA, shift_id) VALUES ('0508710262', '120');
INSERT IGNORE INTO doctor_shift (AMKA, shift_id) VALUES ('0410505068', '120');
INSERT IGNORE INTO nurse_shift (AMKA, shift_id) VALUES ('2404736776', '120');
INSERT IGNORE INTO nurse_shift (AMKA, shift_id) VALUES ('1304544511', '120');
INSERT IGNORE INTO nurse_shift (AMKA, shift_id) VALUES ('0302574411', '120');
INSERT IGNORE INTO nurse_shift (AMKA, shift_id) VALUES ('2205716047', '120');
INSERT IGNORE INTO nurse_shift (AMKA, shift_id) VALUES ('1602668533', '120');
INSERT IGNORE INTO nurse_shift (AMKA, shift_id) VALUES ('2706529149', '120');
INSERT IGNORE INTO nurse_shift (AMKA, shift_id) VALUES ('0607738540', '120');
INSERT IGNORE INTO nurse_shift (AMKA, shift_id) VALUES ('2409746735', '120');
INSERT IGNORE INTO nurse_shift (AMKA, shift_id) VALUES ('1103802636', '120');
INSERT IGNORE INTO nurse_shift (AMKA, shift_id) VALUES ('0211835314', '120');
INSERT IGNORE INTO admin_shift (AMKA, shift_id) VALUES ('1909728641', '120');
INSERT IGNORE INTO admin_shift (AMKA, shift_id) VALUES ('1703437989', '120');
INSERT IGNORE INTO admin_shift (AMKA, shift_id) VALUES ('1001660800', '120');
INSERT IGNORE INTO admin_shift (AMKA, shift_id) VALUES ('3103504955', '120');
UPDATE IGNORE shift SET status = TRUE WHERE shift_id = '120';
INSERT IGNORE INTO dept_shift (dept_name, shift_id) VALUES ('ENT', '120');
INSERT INTO shift (day, type) VALUES ('2025-07-03 00:00:00', '07:00-15:00');
INSERT IGNORE INTO doctor_shift (AMKA, shift_id) VALUES ('2108809189', '121');
INSERT IGNORE INTO doctor_shift (AMKA, shift_id) VALUES ('0803576389', '121');
INSERT IGNORE INTO doctor_shift (AMKA, shift_id) VALUES ('2811728295', '121');
INSERT IGNORE INTO doctor_shift (AMKA, shift_id) VALUES ('2708408067', '121');
INSERT IGNORE INTO doctor_shift (AMKA, shift_id) VALUES ('1101823701', '121');
INSERT IGNORE INTO doctor_shift (AMKA, shift_id) VALUES ('0610661297', '121');
INSERT IGNORE INTO nurse_shift (AMKA, shift_id) VALUES ('2209772976', '121');
INSERT IGNORE INTO nurse_shift (AMKA, shift_id) VALUES ('3107984441', '121');
INSERT IGNORE INTO nurse_shift (AMKA, shift_id) VALUES ('1707693139', '121');
INSERT IGNORE INTO nurse_shift (AMKA, shift_id) VALUES ('1503405303', '121');
INSERT IGNORE INTO nurse_shift (AMKA, shift_id) VALUES ('0310576949', '121');
INSERT IGNORE INTO nurse_shift (AMKA, shift_id) VALUES ('0412861461', '121');
INSERT IGNORE INTO admin_shift (AMKA, shift_id) VALUES ('1203690867', '121');
INSERT IGNORE INTO admin_shift (AMKA, shift_id) VALUES ('3108420255', '121');
INSERT IGNORE INTO admin_shift (AMKA, shift_id) VALUES ('1810691695', '121');
UPDATE IGNORE shift SET status = TRUE WHERE shift_id = '121';
INSERT IGNORE INTO dept_shift (dept_name, shift_id) VALUES ('ENT', '121');
INSERT INTO shift (day, type) VALUES ('2026-07-10 00:00:00', '15:00-23:00');
INSERT IGNORE INTO doctor_shift (AMKA, shift_id) VALUES ('1912912516', '122');
INSERT IGNORE INTO doctor_shift (AMKA, shift_id) VALUES ('0710954761', '122');
INSERT IGNORE INTO doctor_shift (AMKA, shift_id) VALUES ('0411550543', '122');
INSERT IGNORE INTO doctor_shift (AMKA, shift_id) VALUES ('0602879802', '122');
INSERT IGNORE INTO doctor_shift (AMKA, shift_id) VALUES ('3005978572', '122');
INSERT IGNORE INTO doctor_shift (AMKA, shift_id) VALUES ('2004702238', '122');
INSERT IGNORE INTO nurse_shift (AMKA, shift_id) VALUES ('0501507716', '122');
INSERT IGNORE INTO nurse_shift (AMKA, shift_id) VALUES ('1703812899', '122');
INSERT IGNORE INTO nurse_shift (AMKA, shift_id) VALUES ('2411715378', '122');
INSERT IGNORE INTO nurse_shift (AMKA, shift_id) VALUES ('0805529909', '122');
INSERT IGNORE INTO nurse_shift (AMKA, shift_id) VALUES ('0205417367', '122');
INSERT IGNORE INTO nurse_shift (AMKA, shift_id) VALUES ('3107984441', '122');
INSERT IGNORE INTO nurse_shift (AMKA, shift_id) VALUES ('2008408711', '122');
INSERT IGNORE INTO nurse_shift (AMKA, shift_id) VALUES ('1603685746', '122');
INSERT IGNORE INTO admin_shift (AMKA, shift_id) VALUES ('1909762384', '122');
INSERT IGNORE INTO admin_shift (AMKA, shift_id) VALUES ('1001660800', '122');
INSERT IGNORE INTO admin_shift (AMKA, shift_id) VALUES ('1810691695', '122');
INSERT IGNORE INTO admin_shift (AMKA, shift_id) VALUES ('0310498160', '122');
UPDATE IGNORE shift SET status = TRUE WHERE shift_id = '122';
INSERT IGNORE INTO dept_shift (dept_name, shift_id) VALUES ('ENT', '122');
INSERT INTO shift (day, type) VALUES ('2026-03-04 00:00:00', '15:00-23:00');
INSERT IGNORE INTO doctor_shift (AMKA, shift_id) VALUES ('2708408067', '123');
INSERT IGNORE INTO doctor_shift (AMKA, shift_id) VALUES ('0802620737', '123');
INSERT IGNORE INTO doctor_shift (AMKA, shift_id) VALUES ('0610661297', '123');
INSERT IGNORE INTO doctor_shift (AMKA, shift_id) VALUES ('1806762549', '123');
INSERT IGNORE INTO nurse_shift (AMKA, shift_id) VALUES ('1807594302', '123');
INSERT IGNORE INTO nurse_shift (AMKA, shift_id) VALUES ('2906619041', '123');
INSERT IGNORE INTO nurse_shift (AMKA, shift_id) VALUES ('1203883023', '123');
INSERT IGNORE INTO nurse_shift (AMKA, shift_id) VALUES ('2202745833', '123');
INSERT IGNORE INTO nurse_shift (AMKA, shift_id) VALUES ('0805529909', '123');
INSERT IGNORE INTO nurse_shift (AMKA, shift_id) VALUES ('0211835314', '123');
INSERT IGNORE INTO admin_shift (AMKA, shift_id) VALUES ('2412702821', '123');
INSERT IGNORE INTO admin_shift (AMKA, shift_id) VALUES ('2204425556', '123');
INSERT IGNORE INTO admin_shift (AMKA, shift_id) VALUES ('2010921252', '123');
INSERT IGNORE INTO admin_shift (AMKA, shift_id) VALUES ('1703437989', '123');
UPDATE IGNORE shift SET status = TRUE WHERE shift_id = '123';
INSERT IGNORE INTO dept_shift (dept_name, shift_id) VALUES ('ENT', '123');
INSERT INTO shift (day, type) VALUES ('2025-02-08 00:00:00', '15:00-23:00');
INSERT IGNORE INTO doctor_shift (AMKA, shift_id) VALUES ('3012474240', '124');
INSERT IGNORE INTO doctor_shift (AMKA, shift_id) VALUES ('0301525882', '124');
INSERT IGNORE INTO doctor_shift (AMKA, shift_id) VALUES ('1403910610', '124');
INSERT IGNORE INTO doctor_shift (AMKA, shift_id) VALUES ('2108809189', '124');
INSERT IGNORE INTO nurse_shift (AMKA, shift_id) VALUES ('2209772976', '124');
INSERT IGNORE INTO nurse_shift (AMKA, shift_id) VALUES ('2602489567', '124');
INSERT IGNORE INTO nurse_shift (AMKA, shift_id) VALUES ('0509864586', '124');
INSERT IGNORE INTO nurse_shift (AMKA, shift_id) VALUES ('1703812899', '124');
INSERT IGNORE INTO nurse_shift (AMKA, shift_id) VALUES ('2903754769', '124');
INSERT IGNORE INTO nurse_shift (AMKA, shift_id) VALUES ('2411715378', '124');
INSERT IGNORE INTO nurse_shift (AMKA, shift_id) VALUES ('2012883023', '124');
INSERT IGNORE INTO admin_shift (AMKA, shift_id) VALUES ('0601877562', '124');
INSERT IGNORE INTO admin_shift (AMKA, shift_id) VALUES ('3103504955', '124');
INSERT IGNORE INTO admin_shift (AMKA, shift_id) VALUES ('1807947524', '124');
UPDATE IGNORE shift SET status = TRUE WHERE shift_id = '124';
INSERT IGNORE INTO dept_shift (dept_name, shift_id) VALUES ('ENT', '124');
INSERT INTO shift (day, type) VALUES ('2026-03-01 00:00:00', '07:00-15:00');
INSERT IGNORE INTO doctor_shift (AMKA, shift_id) VALUES ('1905740744', '125');
INSERT IGNORE INTO doctor_shift (AMKA, shift_id) VALUES ('1007472193', '125');
INSERT IGNORE INTO doctor_shift (AMKA, shift_id) VALUES ('2203633666', '125');
INSERT IGNORE INTO doctor_shift (AMKA, shift_id) VALUES ('0710954761', '125');
INSERT IGNORE INTO doctor_shift (AMKA, shift_id) VALUES ('0102891639', '125');
INSERT IGNORE INTO doctor_shift (AMKA, shift_id) VALUES ('0811685025', '125');
INSERT IGNORE INTO doctor_shift (AMKA, shift_id) VALUES ('2510927096', '125');
INSERT IGNORE INTO nurse_shift (AMKA, shift_id) VALUES ('2509796665', '125');
INSERT IGNORE INTO nurse_shift (AMKA, shift_id) VALUES ('1107666248', '125');
INSERT IGNORE INTO nurse_shift (AMKA, shift_id) VALUES ('0509864586', '125');
INSERT IGNORE INTO nurse_shift (AMKA, shift_id) VALUES ('0905711630', '125');
INSERT IGNORE INTO nurse_shift (AMKA, shift_id) VALUES ('3003718056', '125');
INSERT IGNORE INTO nurse_shift (AMKA, shift_id) VALUES ('2705913673', '125');
INSERT IGNORE INTO nurse_shift (AMKA, shift_id) VALUES ('0501507716', '125');
INSERT IGNORE INTO nurse_shift (AMKA, shift_id) VALUES ('2612984884', '125');
INSERT IGNORE INTO admin_shift (AMKA, shift_id) VALUES ('1407956296', '125');
INSERT IGNORE INTO admin_shift (AMKA, shift_id) VALUES ('1807947524', '125');
UPDATE IGNORE shift SET status = TRUE WHERE shift_id = '125';
INSERT IGNORE INTO dept_shift (dept_name, shift_id) VALUES ('ENT', '125');
INSERT INTO shift (day, type) VALUES ('2025-12-09 00:00:00', '15:00-23:00');
INSERT IGNORE INTO doctor_shift (AMKA, shift_id) VALUES ('1004748289', '126');
INSERT IGNORE INTO doctor_shift (AMKA, shift_id) VALUES ('1806762549', '126');
INSERT IGNORE INTO doctor_shift (AMKA, shift_id) VALUES ('0610661297', '126');
INSERT IGNORE INTO doctor_shift (AMKA, shift_id) VALUES ('0802620737', '126');
INSERT IGNORE INTO doctor_shift (AMKA, shift_id) VALUES ('0508710262', '126');
INSERT IGNORE INTO doctor_shift (AMKA, shift_id) VALUES ('1104529817', '126');
INSERT IGNORE INTO doctor_shift (AMKA, shift_id) VALUES ('2806888346', '126');
INSERT IGNORE INTO nurse_shift (AMKA, shift_id) VALUES ('2612984884', '126');
INSERT IGNORE INTO nurse_shift (AMKA, shift_id) VALUES ('0601427360', '126');
INSERT IGNORE INTO nurse_shift (AMKA, shift_id) VALUES ('0607738540', '126');
INSERT IGNORE INTO nurse_shift (AMKA, shift_id) VALUES ('2210732993', '126');
INSERT IGNORE INTO nurse_shift (AMKA, shift_id) VALUES ('2009974419', '126');
INSERT IGNORE INTO nurse_shift (AMKA, shift_id) VALUES ('2411715378', '126');
INSERT IGNORE INTO admin_shift (AMKA, shift_id) VALUES ('1108942647', '126');
INSERT IGNORE INTO admin_shift (AMKA, shift_id) VALUES ('2311563644', '126');
UPDATE IGNORE shift SET status = TRUE WHERE shift_id = '126';
INSERT IGNORE INTO dept_shift (dept_name, shift_id) VALUES ('ENT', '126');
INSERT INTO shift (day, type) VALUES ('2026-04-22 00:00:00', '07:00-15:00');
INSERT IGNORE INTO doctor_shift (AMKA, shift_id) VALUES ('2001691929', '127');
INSERT IGNORE INTO doctor_shift (AMKA, shift_id) VALUES ('2406973031', '127');
INSERT IGNORE INTO doctor_shift (AMKA, shift_id) VALUES ('0508710262', '127');
INSERT IGNORE INTO doctor_shift (AMKA, shift_id) VALUES ('2811728295', '127');
INSERT IGNORE INTO doctor_shift (AMKA, shift_id) VALUES ('1102752591', '127');
INSERT IGNORE INTO doctor_shift (AMKA, shift_id) VALUES ('3012474240', '127');
INSERT IGNORE INTO nurse_shift (AMKA, shift_id) VALUES ('1607801274', '127');
INSERT IGNORE INTO nurse_shift (AMKA, shift_id) VALUES ('0509934508', '127');
INSERT IGNORE INTO nurse_shift (AMKA, shift_id) VALUES ('0303995114', '127');
INSERT IGNORE INTO nurse_shift (AMKA, shift_id) VALUES ('2612984884', '127');
INSERT IGNORE INTO nurse_shift (AMKA, shift_id) VALUES ('2704562592', '127');
INSERT IGNORE INTO nurse_shift (AMKA, shift_id) VALUES ('1109842569', '127');
INSERT IGNORE INTO admin_shift (AMKA, shift_id) VALUES ('1401529676', '127');
INSERT IGNORE INTO admin_shift (AMKA, shift_id) VALUES ('1711829846', '127');
INSERT IGNORE INTO admin_shift (AMKA, shift_id) VALUES ('1407956296', '127');
UPDATE IGNORE shift SET status = TRUE WHERE shift_id = '127';
INSERT IGNORE INTO dept_shift (dept_name, shift_id) VALUES ('ENT', '127');
INSERT INTO shift (day, type) VALUES ('2024-05-14 00:00:00', '07:00-15:00');
INSERT IGNORE INTO doctor_shift (AMKA, shift_id) VALUES ('2707864104', '128');
INSERT IGNORE INTO doctor_shift (AMKA, shift_id) VALUES ('2204653007', '128');
INSERT IGNORE INTO doctor_shift (AMKA, shift_id) VALUES ('0802620737', '128');
INSERT IGNORE INTO doctor_shift (AMKA, shift_id) VALUES ('1107638937', '128');
INSERT IGNORE INTO doctor_shift (AMKA, shift_id) VALUES ('2312865669', '128');
INSERT IGNORE INTO doctor_shift (AMKA, shift_id) VALUES ('1608881787', '128');
INSERT IGNORE INTO nurse_shift (AMKA, shift_id) VALUES ('2404736776', '128');
INSERT IGNORE INTO nurse_shift (AMKA, shift_id) VALUES ('2005873415', '128');
INSERT IGNORE INTO nurse_shift (AMKA, shift_id) VALUES ('1708849364', '128');
INSERT IGNORE INTO nurse_shift (AMKA, shift_id) VALUES ('1309466103', '128');
INSERT IGNORE INTO nurse_shift (AMKA, shift_id) VALUES ('2411715378', '128');
INSERT IGNORE INTO nurse_shift (AMKA, shift_id) VALUES ('2407818176', '128');
INSERT IGNORE INTO admin_shift (AMKA, shift_id) VALUES ('1412919767', '128');
INSERT IGNORE INTO admin_shift (AMKA, shift_id) VALUES ('0601877562', '128');
INSERT IGNORE INTO admin_shift (AMKA, shift_id) VALUES ('1401438948', '128');
UPDATE IGNORE shift SET status = TRUE WHERE shift_id = '128';
INSERT IGNORE INTO dept_shift (dept_name, shift_id) VALUES ('ENT', '128');
INSERT INTO shift (day, type) VALUES ('2025-06-29 00:00:00', '23:00-07:00');
INSERT IGNORE INTO doctor_shift (AMKA, shift_id) VALUES ('0411550543', '129');
INSERT IGNORE INTO doctor_shift (AMKA, shift_id) VALUES ('1905740744', '129');
INSERT IGNORE INTO doctor_shift (AMKA, shift_id) VALUES ('2811728295', '129');
INSERT IGNORE INTO doctor_shift (AMKA, shift_id) VALUES ('1904466405', '129');
INSERT IGNORE INTO doctor_shift (AMKA, shift_id) VALUES ('1806762549', '129');
INSERT IGNORE INTO doctor_shift (AMKA, shift_id) VALUES ('2004702238', '129');
INSERT IGNORE INTO doctor_shift (AMKA, shift_id) VALUES ('1102752591', '129');
INSERT IGNORE INTO nurse_shift (AMKA, shift_id) VALUES ('2110624175', '129');
INSERT IGNORE INTO nurse_shift (AMKA, shift_id) VALUES ('2705913673', '129');
INSERT IGNORE INTO nurse_shift (AMKA, shift_id) VALUES ('0412861461', '129');
INSERT IGNORE INTO nurse_shift (AMKA, shift_id) VALUES ('2205716047', '129');
INSERT IGNORE INTO nurse_shift (AMKA, shift_id) VALUES ('1907956316', '129');
INSERT IGNORE INTO nurse_shift (AMKA, shift_id) VALUES ('2211738105', '129');
INSERT IGNORE INTO nurse_shift (AMKA, shift_id) VALUES ('0805529909', '129');
INSERT IGNORE INTO nurse_shift (AMKA, shift_id) VALUES ('2602489567', '129');
INSERT IGNORE INTO admin_shift (AMKA, shift_id) VALUES ('2610796674', '129');
INSERT IGNORE INTO admin_shift (AMKA, shift_id) VALUES ('3108668309', '129');
INSERT IGNORE INTO admin_shift (AMKA, shift_id) VALUES ('1909728641', '129');
UPDATE IGNORE shift SET status = TRUE WHERE shift_id = '129';
INSERT IGNORE INTO dept_shift (dept_name, shift_id) VALUES ('Geriatric', '129');
INSERT INTO shift (day, type) VALUES ('2026-09-09 00:00:00', '23:00-07:00');
INSERT IGNORE INTO doctor_shift (AMKA, shift_id) VALUES ('1403910610', '130');
INSERT IGNORE INTO doctor_shift (AMKA, shift_id) VALUES ('2806888346', '130');
INSERT IGNORE INTO doctor_shift (AMKA, shift_id) VALUES ('2510927096', '130');
INSERT IGNORE INTO doctor_shift (AMKA, shift_id) VALUES ('1806762549', '130');
INSERT IGNORE INTO doctor_shift (AMKA, shift_id) VALUES ('1210608936', '130');
INSERT IGNORE INTO nurse_shift (AMKA, shift_id) VALUES ('1302478288', '130');
INSERT IGNORE INTO nurse_shift (AMKA, shift_id) VALUES ('0205417367', '130');
INSERT IGNORE INTO nurse_shift (AMKA, shift_id) VALUES ('1607801274', '130');
INSERT IGNORE INTO nurse_shift (AMKA, shift_id) VALUES ('2407818176', '130');
INSERT IGNORE INTO nurse_shift (AMKA, shift_id) VALUES ('2404736776', '130');
INSERT IGNORE INTO nurse_shift (AMKA, shift_id) VALUES ('2205716047', '130');
INSERT IGNORE INTO admin_shift (AMKA, shift_id) VALUES ('1203690867', '130');
INSERT IGNORE INTO admin_shift (AMKA, shift_id) VALUES ('1909762384', '130');
INSERT IGNORE INTO admin_shift (AMKA, shift_id) VALUES ('3103504955', '130');
INSERT IGNORE INTO admin_shift (AMKA, shift_id) VALUES ('1711829846', '130');
UPDATE IGNORE shift SET status = TRUE WHERE shift_id = '130';
INSERT IGNORE INTO dept_shift (dept_name, shift_id) VALUES ('Geriatric', '130');
INSERT INTO shift (day, type) VALUES ('2024-02-06 00:00:00', '15:00-23:00');
INSERT IGNORE INTO doctor_shift (AMKA, shift_id) VALUES ('2312865669', '131');
INSERT IGNORE INTO doctor_shift (AMKA, shift_id) VALUES ('2203633666', '131');
INSERT IGNORE INTO doctor_shift (AMKA, shift_id) VALUES ('2502654079', '131');
INSERT IGNORE INTO doctor_shift (AMKA, shift_id) VALUES ('1805820786', '131');
INSERT IGNORE INTO doctor_shift (AMKA, shift_id) VALUES ('0811685025', '131');
INSERT IGNORE INTO doctor_shift (AMKA, shift_id) VALUES ('1701787998', '131');
INSERT IGNORE INTO nurse_shift (AMKA, shift_id) VALUES ('1101855051', '131');
INSERT IGNORE INTO nurse_shift (AMKA, shift_id) VALUES ('3003718056', '131');
INSERT IGNORE INTO nurse_shift (AMKA, shift_id) VALUES ('3011568029', '131');
INSERT IGNORE INTO nurse_shift (AMKA, shift_id) VALUES ('1311513072', '131');
INSERT IGNORE INTO nurse_shift (AMKA, shift_id) VALUES ('2009974419', '131');
INSERT IGNORE INTO nurse_shift (AMKA, shift_id) VALUES ('2602489567', '131');
INSERT IGNORE INTO nurse_shift (AMKA, shift_id) VALUES ('0208490904', '131');
INSERT IGNORE INTO nurse_shift (AMKA, shift_id) VALUES ('1602668533', '131');
INSERT IGNORE INTO admin_shift (AMKA, shift_id) VALUES ('1703437989', '131');
INSERT IGNORE INTO admin_shift (AMKA, shift_id) VALUES ('0903914750', '131');
UPDATE IGNORE shift SET status = TRUE WHERE shift_id = '131';
INSERT IGNORE INTO dept_shift (dept_name, shift_id) VALUES ('Geriatric', '131');
INSERT INTO shift (day, type) VALUES ('2026-12-09 00:00:00', '07:00-15:00');
INSERT IGNORE INTO doctor_shift (AMKA, shift_id) VALUES ('0811685025', '132');
INSERT IGNORE INTO doctor_shift (AMKA, shift_id) VALUES ('0206637500', '132');
INSERT IGNORE INTO doctor_shift (AMKA, shift_id) VALUES ('1611592474', '132');
INSERT IGNORE INTO doctor_shift (AMKA, shift_id) VALUES ('2206803094', '132');
INSERT IGNORE INTO doctor_shift (AMKA, shift_id) VALUES ('1912912516', '132');
INSERT IGNORE INTO nurse_shift (AMKA, shift_id) VALUES ('0403530470', '132');
INSERT IGNORE INTO nurse_shift (AMKA, shift_id) VALUES ('2705913673', '132');
INSERT IGNORE INTO nurse_shift (AMKA, shift_id) VALUES ('2211920600', '132');
INSERT IGNORE INTO nurse_shift (AMKA, shift_id) VALUES ('3011568029', '132');
INSERT IGNORE INTO nurse_shift (AMKA, shift_id) VALUES ('2205716047', '132');
INSERT IGNORE INTO nurse_shift (AMKA, shift_id) VALUES ('2210732993', '132');
INSERT IGNORE INTO nurse_shift (AMKA, shift_id) VALUES ('2008408711', '132');
INSERT IGNORE INTO nurse_shift (AMKA, shift_id) VALUES ('0211835314', '132');
INSERT IGNORE INTO admin_shift (AMKA, shift_id) VALUES ('1203690867', '132');
INSERT IGNORE INTO admin_shift (AMKA, shift_id) VALUES ('2403663964', '132');
INSERT IGNORE INTO admin_shift (AMKA, shift_id) VALUES ('2912624436', '132');
UPDATE IGNORE shift SET status = TRUE WHERE shift_id = '132';
INSERT IGNORE INTO dept_shift (dept_name, shift_id) VALUES ('Geriatric', '132');
INSERT INTO shift (day, type) VALUES ('2026-12-25 00:00:00', '15:00-23:00');
INSERT IGNORE INTO doctor_shift (AMKA, shift_id) VALUES ('2502654079', '133');
INSERT IGNORE INTO doctor_shift (AMKA, shift_id) VALUES ('1806762549', '133');
INSERT IGNORE INTO doctor_shift (AMKA, shift_id) VALUES ('1007472193', '133');
INSERT IGNORE INTO nurse_shift (AMKA, shift_id) VALUES ('1712731602', '133');
INSERT IGNORE INTO nurse_shift (AMKA, shift_id) VALUES ('1107666248', '133');
INSERT IGNORE INTO nurse_shift (AMKA, shift_id) VALUES ('2810445963', '133');
INSERT IGNORE INTO nurse_shift (AMKA, shift_id) VALUES ('2511766415', '133');
INSERT IGNORE INTO nurse_shift (AMKA, shift_id) VALUES ('2906619041', '133');
INSERT IGNORE INTO nurse_shift (AMKA, shift_id) VALUES ('2209772976', '133');
INSERT IGNORE INTO nurse_shift (AMKA, shift_id) VALUES ('0211835314', '133');
INSERT IGNORE INTO nurse_shift (AMKA, shift_id) VALUES ('0501507716', '133');
INSERT IGNORE INTO admin_shift (AMKA, shift_id) VALUES ('1505621109', '133');
INSERT IGNORE INTO admin_shift (AMKA, shift_id) VALUES ('0601877562', '133');
INSERT IGNORE INTO admin_shift (AMKA, shift_id) VALUES ('1001660800', '133');
UPDATE IGNORE shift SET status = TRUE WHERE shift_id = '133';
INSERT IGNORE INTO dept_shift (dept_name, shift_id) VALUES ('Geriatric', '133');
INSERT INTO shift (day, type) VALUES ('2025-10-26 00:00:00', '07:00-15:00');
INSERT IGNORE INTO doctor_shift (AMKA, shift_id) VALUES ('2203718551', '134');
INSERT IGNORE INTO doctor_shift (AMKA, shift_id) VALUES ('2004702238', '134');
INSERT IGNORE INTO doctor_shift (AMKA, shift_id) VALUES ('1107638937', '134');
INSERT IGNORE INTO doctor_shift (AMKA, shift_id) VALUES ('2707864104', '134');
INSERT IGNORE INTO doctor_shift (AMKA, shift_id) VALUES ('1612748648', '134');
INSERT IGNORE INTO nurse_shift (AMKA, shift_id) VALUES ('3003940529', '134');
INSERT IGNORE INTO nurse_shift (AMKA, shift_id) VALUES ('3101743228', '134');
INSERT IGNORE INTO nurse_shift (AMKA, shift_id) VALUES ('1602668533', '134');
INSERT IGNORE INTO nurse_shift (AMKA, shift_id) VALUES ('1210633994', '134');
INSERT IGNORE INTO nurse_shift (AMKA, shift_id) VALUES ('2205716047', '134');
INSERT IGNORE INTO nurse_shift (AMKA, shift_id) VALUES ('0909660903', '134');
INSERT IGNORE INTO nurse_shift (AMKA, shift_id) VALUES ('0311534815', '134');
INSERT IGNORE INTO nurse_shift (AMKA, shift_id) VALUES ('1408697203', '134');
INSERT IGNORE INTO nurse_shift (AMKA, shift_id) VALUES ('2804482376', '134');
INSERT IGNORE INTO nurse_shift (AMKA, shift_id) VALUES ('2409746735', '134');
INSERT IGNORE INTO admin_shift (AMKA, shift_id) VALUES ('1011747457', '134');
INSERT IGNORE INTO admin_shift (AMKA, shift_id) VALUES ('2412702821', '134');
UPDATE IGNORE shift SET status = TRUE WHERE shift_id = '134';
INSERT IGNORE INTO dept_shift (dept_name, shift_id) VALUES ('Geriatric', '134');
INSERT INTO shift (day, type) VALUES ('2026-03-01 00:00:00', '07:00-15:00');
INSERT IGNORE INTO doctor_shift (AMKA, shift_id) VALUES ('1805820786', '135');
INSERT IGNORE INTO doctor_shift (AMKA, shift_id) VALUES ('1007472193', '135');
INSERT IGNORE INTO doctor_shift (AMKA, shift_id) VALUES ('2003754733', '135');
INSERT IGNORE INTO doctor_shift (AMKA, shift_id) VALUES ('0803989228', '135');
INSERT IGNORE INTO doctor_shift (AMKA, shift_id) VALUES ('0909662577', '135');
INSERT IGNORE INTO doctor_shift (AMKA, shift_id) VALUES ('2502654079', '135');
INSERT IGNORE INTO doctor_shift (AMKA, shift_id) VALUES ('2004702238', '135');
INSERT IGNORE INTO nurse_shift (AMKA, shift_id) VALUES ('2205716047', '135');
INSERT IGNORE INTO nurse_shift (AMKA, shift_id) VALUES ('0509864586', '135');
INSERT IGNORE INTO nurse_shift (AMKA, shift_id) VALUES ('2211738105', '135');
INSERT IGNORE INTO nurse_shift (AMKA, shift_id) VALUES ('0509934508', '135');
INSERT IGNORE INTO nurse_shift (AMKA, shift_id) VALUES ('2012883023', '135');
INSERT IGNORE INTO nurse_shift (AMKA, shift_id) VALUES ('0601427360', '135');
INSERT IGNORE INTO nurse_shift (AMKA, shift_id) VALUES ('2301986927', '135');
INSERT IGNORE INTO admin_shift (AMKA, shift_id) VALUES ('2610796674', '135');
INSERT IGNORE INTO admin_shift (AMKA, shift_id) VALUES ('0807583265', '135');
INSERT IGNORE INTO admin_shift (AMKA, shift_id) VALUES ('1412919767', '135');
UPDATE IGNORE shift SET status = TRUE WHERE shift_id = '135';
INSERT IGNORE INTO dept_shift (dept_name, shift_id) VALUES ('Geriatric', '135');
INSERT INTO shift (day, type) VALUES ('2026-11-01 00:00:00', '23:00-07:00');
INSERT IGNORE INTO doctor_shift (AMKA, shift_id) VALUES ('2510927096', '136');
INSERT IGNORE INTO doctor_shift (AMKA, shift_id) VALUES ('1604612218', '136');
INSERT IGNORE INTO doctor_shift (AMKA, shift_id) VALUES ('0903695053', '136');
INSERT IGNORE INTO doctor_shift (AMKA, shift_id) VALUES ('1210671054', '136');
INSERT IGNORE INTO nurse_shift (AMKA, shift_id) VALUES ('2009974419', '136');
INSERT IGNORE INTO nurse_shift (AMKA, shift_id) VALUES ('0205417367', '136');
INSERT IGNORE INTO nurse_shift (AMKA, shift_id) VALUES ('2804482376', '136');
INSERT IGNORE INTO nurse_shift (AMKA, shift_id) VALUES ('1810684760', '136');
INSERT IGNORE INTO nurse_shift (AMKA, shift_id) VALUES ('1309466103', '136');
INSERT IGNORE INTO nurse_shift (AMKA, shift_id) VALUES ('2012883023', '136');
INSERT IGNORE INTO nurse_shift (AMKA, shift_id) VALUES ('2210732993', '136');
INSERT IGNORE INTO nurse_shift (AMKA, shift_id) VALUES ('1512807285', '136');
INSERT IGNORE INTO admin_shift (AMKA, shift_id) VALUES ('3006533908', '136');
INSERT IGNORE INTO admin_shift (AMKA, shift_id) VALUES ('2610796674', '136');
INSERT IGNORE INTO admin_shift (AMKA, shift_id) VALUES ('1909762384', '136');
INSERT IGNORE INTO admin_shift (AMKA, shift_id) VALUES ('0903914750', '136');
UPDATE IGNORE shift SET status = TRUE WHERE shift_id = '136';
INSERT IGNORE INTO dept_shift (dept_name, shift_id) VALUES ('Geriatric', '136');
INSERT INTO shift (day, type) VALUES ('2026-06-21 00:00:00', '23:00-07:00');
INSERT IGNORE INTO doctor_shift (AMKA, shift_id) VALUES ('0803576389', '137');
INSERT IGNORE INTO doctor_shift (AMKA, shift_id) VALUES ('1608881787', '137');
INSERT IGNORE INTO doctor_shift (AMKA, shift_id) VALUES ('2707864104', '137');
INSERT IGNORE INTO nurse_shift (AMKA, shift_id) VALUES ('1410576808', '137');
INSERT IGNORE INTO nurse_shift (AMKA, shift_id) VALUES ('1408697203', '137');
INSERT IGNORE INTO nurse_shift (AMKA, shift_id) VALUES ('2105987694', '137');
INSERT IGNORE INTO nurse_shift (AMKA, shift_id) VALUES ('1602668533', '137');
INSERT IGNORE INTO nurse_shift (AMKA, shift_id) VALUES ('0310576949', '137');
INSERT IGNORE INTO nurse_shift (AMKA, shift_id) VALUES ('0509934508', '137');
INSERT IGNORE INTO nurse_shift (AMKA, shift_id) VALUES ('2301986927', '137');
INSERT IGNORE INTO nurse_shift (AMKA, shift_id) VALUES ('0302574411', '137');
INSERT IGNORE INTO nurse_shift (AMKA, shift_id) VALUES ('1707693139', '137');
INSERT IGNORE INTO admin_shift (AMKA, shift_id) VALUES ('1711829846', '137');
INSERT IGNORE INTO admin_shift (AMKA, shift_id) VALUES ('0409007927', '137');
UPDATE IGNORE shift SET status = TRUE WHERE shift_id = '137';
INSERT IGNORE INTO dept_shift (dept_name, shift_id) VALUES ('Geriatric', '137');
INSERT INTO shift (day, type) VALUES ('2025-09-07 00:00:00', '15:00-23:00');
INSERT IGNORE INTO doctor_shift (AMKA, shift_id) VALUES ('0610661297', '138');
INSERT IGNORE INTO doctor_shift (AMKA, shift_id) VALUES ('2412989437', '138');
INSERT IGNORE INTO doctor_shift (AMKA, shift_id) VALUES ('3005978572', '138');
INSERT IGNORE INTO doctor_shift (AMKA, shift_id) VALUES ('1307618841', '138');
INSERT IGNORE INTO nurse_shift (AMKA, shift_id) VALUES ('1410472859', '138');
INSERT IGNORE INTO nurse_shift (AMKA, shift_id) VALUES ('2209772976', '138');
INSERT IGNORE INTO nurse_shift (AMKA, shift_id) VALUES ('1207679089', '138');
INSERT IGNORE INTO nurse_shift (AMKA, shift_id) VALUES ('1512807285', '138');
INSERT IGNORE INTO nurse_shift (AMKA, shift_id) VALUES ('1304544511', '138');
INSERT IGNORE INTO nurse_shift (AMKA, shift_id) VALUES ('2411715378', '138');
INSERT IGNORE INTO admin_shift (AMKA, shift_id) VALUES ('1001660800', '138');
INSERT IGNORE INTO admin_shift (AMKA, shift_id) VALUES ('1401438948', '138');
UPDATE IGNORE shift SET status = TRUE WHERE shift_id = '138';
INSERT IGNORE INTO dept_shift (dept_name, shift_id) VALUES ('Geriatric', '138');
INSERT INTO shift (day, type) VALUES ('2025-05-24 00:00:00', '23:00-07:00');
INSERT IGNORE INTO doctor_shift (AMKA, shift_id) VALUES ('2206803094', '139');
INSERT IGNORE INTO doctor_shift (AMKA, shift_id) VALUES ('2204653007', '139');
INSERT IGNORE INTO doctor_shift (AMKA, shift_id) VALUES ('2708408067', '139');
INSERT IGNORE INTO doctor_shift (AMKA, shift_id) VALUES ('0803989228', '139');
INSERT IGNORE INTO doctor_shift (AMKA, shift_id) VALUES ('1806762549', '139');
INSERT IGNORE INTO doctor_shift (AMKA, shift_id) VALUES ('2003754733', '139');
INSERT IGNORE INTO doctor_shift (AMKA, shift_id) VALUES ('2004702238', '139');
INSERT IGNORE INTO doctor_shift (AMKA, shift_id) VALUES ('3005978572', '139');
INSERT IGNORE INTO nurse_shift (AMKA, shift_id) VALUES ('1907956316', '139');
INSERT IGNORE INTO nurse_shift (AMKA, shift_id) VALUES ('2906619041', '139');
INSERT IGNORE INTO nurse_shift (AMKA, shift_id) VALUES ('1112517867', '139');
INSERT IGNORE INTO nurse_shift (AMKA, shift_id) VALUES ('1807594302', '139');
INSERT IGNORE INTO nurse_shift (AMKA, shift_id) VALUES ('2407818176', '139');
INSERT IGNORE INTO nurse_shift (AMKA, shift_id) VALUES ('2407971013', '139');
INSERT IGNORE INTO nurse_shift (AMKA, shift_id) VALUES ('1503405303', '139');
INSERT IGNORE INTO nurse_shift (AMKA, shift_id) VALUES ('2202788231', '139');
INSERT IGNORE INTO nurse_shift (AMKA, shift_id) VALUES ('2105987694', '139');
INSERT IGNORE INTO admin_shift (AMKA, shift_id) VALUES ('0409007927', '139');
INSERT IGNORE INTO admin_shift (AMKA, shift_id) VALUES ('1407956296', '139');
UPDATE IGNORE shift SET status = TRUE WHERE shift_id = '139';
INSERT IGNORE INTO dept_shift (dept_name, shift_id) VALUES ('Geriatric', '139');
INSERT INTO shift (day, type) VALUES ('2026-01-14 00:00:00', '07:00-15:00');
INSERT IGNORE INTO doctor_shift (AMKA, shift_id) VALUES ('0104436410', '140');
INSERT IGNORE INTO doctor_shift (AMKA, shift_id) VALUES ('2707864104', '140');
INSERT IGNORE INTO doctor_shift (AMKA, shift_id) VALUES ('1004748289', '140');
INSERT IGNORE INTO doctor_shift (AMKA, shift_id) VALUES ('0308718729', '140');
INSERT IGNORE INTO doctor_shift (AMKA, shift_id) VALUES ('2312865669', '140');
INSERT IGNORE INTO nurse_shift (AMKA, shift_id) VALUES ('2509796665', '140');
INSERT IGNORE INTO nurse_shift (AMKA, shift_id) VALUES ('1703812899', '140');
INSERT IGNORE INTO nurse_shift (AMKA, shift_id) VALUES ('0905711630', '140');
INSERT IGNORE INTO nurse_shift (AMKA, shift_id) VALUES ('0509934508', '140');
INSERT IGNORE INTO nurse_shift (AMKA, shift_id) VALUES ('2008408711', '140');
INSERT IGNORE INTO nurse_shift (AMKA, shift_id) VALUES ('0405455659', '140');
INSERT IGNORE INTO nurse_shift (AMKA, shift_id) VALUES ('1111688464', '140');
INSERT IGNORE INTO admin_shift (AMKA, shift_id) VALUES ('0212875455', '140');
INSERT IGNORE INTO admin_shift (AMKA, shift_id) VALUES ('2610796674', '140');
INSERT IGNORE INTO admin_shift (AMKA, shift_id) VALUES ('1505621109', '140');
UPDATE IGNORE shift SET status = TRUE WHERE shift_id = '140';
INSERT IGNORE INTO dept_shift (dept_name, shift_id) VALUES ('Geriatric', '140');
INSERT INTO shift (day, type) VALUES ('2024-12-23 00:00:00', '07:00-15:00');
INSERT IGNORE INTO doctor_shift (AMKA, shift_id) VALUES ('2406973031', '141');
INSERT IGNORE INTO doctor_shift (AMKA, shift_id) VALUES ('2012810248', '141');
INSERT IGNORE INTO doctor_shift (AMKA, shift_id) VALUES ('0301636140', '141');
INSERT IGNORE INTO nurse_shift (AMKA, shift_id) VALUES ('2906619041', '141');
INSERT IGNORE INTO nurse_shift (AMKA, shift_id) VALUES ('2602489567', '141');
INSERT IGNORE INTO nurse_shift (AMKA, shift_id) VALUES ('0205417367', '141');
INSERT IGNORE INTO nurse_shift (AMKA, shift_id) VALUES ('1109842569', '141');
INSERT IGNORE INTO nurse_shift (AMKA, shift_id) VALUES ('2411715378', '141');
INSERT IGNORE INTO nurse_shift (AMKA, shift_id) VALUES ('1708849364', '141');
INSERT IGNORE INTO nurse_shift (AMKA, shift_id) VALUES ('0307004452', '141');
INSERT IGNORE INTO nurse_shift (AMKA, shift_id) VALUES ('2404736776', '141');
INSERT IGNORE INTO nurse_shift (AMKA, shift_id) VALUES ('0208490904', '141');
INSERT IGNORE INTO admin_shift (AMKA, shift_id) VALUES ('1703437989', '141');
INSERT IGNORE INTO admin_shift (AMKA, shift_id) VALUES ('0606545053', '141');
INSERT IGNORE INTO admin_shift (AMKA, shift_id) VALUES ('3107841971', '141');
UPDATE IGNORE shift SET status = TRUE WHERE shift_id = '141';
INSERT IGNORE INTO dept_shift (dept_name, shift_id) VALUES ('Geriatric', '141');
INSERT INTO shift (day, type) VALUES ('2024-07-25 00:00:00', '07:00-15:00');
INSERT IGNORE INTO doctor_shift (AMKA, shift_id) VALUES ('0602879802', '142');
INSERT IGNORE INTO doctor_shift (AMKA, shift_id) VALUES ('3012474240', '142');
INSERT IGNORE INTO doctor_shift (AMKA, shift_id) VALUES ('0411980022', '142');
INSERT IGNORE INTO doctor_shift (AMKA, shift_id) VALUES ('2502654079', '142');
INSERT IGNORE INTO doctor_shift (AMKA, shift_id) VALUES ('2707864104', '142');
INSERT IGNORE INTO doctor_shift (AMKA, shift_id) VALUES ('2710712553', '142');
INSERT IGNORE INTO doctor_shift (AMKA, shift_id) VALUES ('0411550543', '142');
INSERT IGNORE INTO nurse_shift (AMKA, shift_id) VALUES ('1503405303', '142');
INSERT IGNORE INTO nurse_shift (AMKA, shift_id) VALUES ('2104682202', '142');
INSERT IGNORE INTO nurse_shift (AMKA, shift_id) VALUES ('1112517867', '142');
INSERT IGNORE INTO nurse_shift (AMKA, shift_id) VALUES ('0707486851', '142');
INSERT IGNORE INTO nurse_shift (AMKA, shift_id) VALUES ('0205417367', '142');
INSERT IGNORE INTO nurse_shift (AMKA, shift_id) VALUES ('2906619041', '142');
INSERT IGNORE INTO nurse_shift (AMKA, shift_id) VALUES ('2706529149', '142');
INSERT IGNORE INTO admin_shift (AMKA, shift_id) VALUES ('0409007927', '142');
INSERT IGNORE INTO admin_shift (AMKA, shift_id) VALUES ('1909762384', '142');
UPDATE IGNORE shift SET status = TRUE WHERE shift_id = '142';
INSERT IGNORE INTO dept_shift (dept_name, shift_id) VALUES ('Geriatric', '142');
INSERT INTO shift (day, type) VALUES ('2024-04-13 00:00:00', '15:00-23:00');
INSERT IGNORE INTO doctor_shift (AMKA, shift_id) VALUES ('2206803094', '143');
INSERT IGNORE INTO doctor_shift (AMKA, shift_id) VALUES ('1104529817', '143');
INSERT IGNORE INTO doctor_shift (AMKA, shift_id) VALUES ('2403567012', '143');
INSERT IGNORE INTO nurse_shift (AMKA, shift_id) VALUES ('2009974419', '143');
INSERT IGNORE INTO nurse_shift (AMKA, shift_id) VALUES ('2705913673', '143');
INSERT IGNORE INTO nurse_shift (AMKA, shift_id) VALUES ('2905001644', '143');
INSERT IGNORE INTO nurse_shift (AMKA, shift_id) VALUES ('2008408711', '143');
INSERT IGNORE INTO nurse_shift (AMKA, shift_id) VALUES ('2408602494', '143');
INSERT IGNORE INTO nurse_shift (AMKA, shift_id) VALUES ('2308761066', '143');
INSERT IGNORE INTO admin_shift (AMKA, shift_id) VALUES ('3006533908', '143');
INSERT IGNORE INTO admin_shift (AMKA, shift_id) VALUES ('0601877562', '143');
INSERT IGNORE INTO admin_shift (AMKA, shift_id) VALUES ('1610915018', '143');
UPDATE IGNORE shift SET status = TRUE WHERE shift_id = '143';
INSERT IGNORE INTO dept_shift (dept_name, shift_id) VALUES ('Geriatric', '143');
INSERT INTO shift (day, type) VALUES ('2024-02-07 00:00:00', '07:00-15:00');
INSERT IGNORE INTO doctor_shift (AMKA, shift_id) VALUES ('2406973031', '144');
INSERT IGNORE INTO doctor_shift (AMKA, shift_id) VALUES ('2407887390', '144');
INSERT IGNORE INTO doctor_shift (AMKA, shift_id) VALUES ('2710712553', '144');
INSERT IGNORE INTO doctor_shift (AMKA, shift_id) VALUES ('0104436410', '144');
INSERT IGNORE INTO doctor_shift (AMKA, shift_id) VALUES ('1608881787', '144');
INSERT IGNORE INTO nurse_shift (AMKA, shift_id) VALUES ('2612984884', '144');
INSERT IGNORE INTO nurse_shift (AMKA, shift_id) VALUES ('0205417367', '144');
INSERT IGNORE INTO nurse_shift (AMKA, shift_id) VALUES ('2812529967', '144');
INSERT IGNORE INTO nurse_shift (AMKA, shift_id) VALUES ('2301986927', '144');
INSERT IGNORE INTO nurse_shift (AMKA, shift_id) VALUES ('0208490904', '144');
INSERT IGNORE INTO nurse_shift (AMKA, shift_id) VALUES ('2105987694', '144');
INSERT IGNORE INTO nurse_shift (AMKA, shift_id) VALUES ('2706529149', '144');
INSERT IGNORE INTO nurse_shift (AMKA, shift_id) VALUES ('0501507716', '144');
INSERT IGNORE INTO nurse_shift (AMKA, shift_id) VALUES ('1810684760', '144');
INSERT IGNORE INTO admin_shift (AMKA, shift_id) VALUES ('2610796674', '144');
INSERT IGNORE INTO admin_shift (AMKA, shift_id) VALUES ('0806415082', '144');
UPDATE IGNORE shift SET status = TRUE WHERE shift_id = '144';
INSERT IGNORE INTO dept_shift (dept_name, shift_id) VALUES ('Gastroenterology', '144');
INSERT INTO shift (day, type) VALUES ('2025-08-04 00:00:00', '07:00-15:00');
INSERT IGNORE INTO doctor_shift (AMKA, shift_id) VALUES ('0301636140', '145');
INSERT IGNORE INTO doctor_shift (AMKA, shift_id) VALUES ('1102752591', '145');
INSERT IGNORE INTO doctor_shift (AMKA, shift_id) VALUES ('0811685025', '145');
INSERT IGNORE INTO doctor_shift (AMKA, shift_id) VALUES ('1004748289', '145');
INSERT IGNORE INTO doctor_shift (AMKA, shift_id) VALUES ('0903695053', '145');
INSERT IGNORE INTO doctor_shift (AMKA, shift_id) VALUES ('2406973031', '145');
INSERT IGNORE INTO doctor_shift (AMKA, shift_id) VALUES ('2403567012', '145');
INSERT IGNORE INTO nurse_shift (AMKA, shift_id) VALUES ('0501488320', '145');
INSERT IGNORE INTO nurse_shift (AMKA, shift_id) VALUES ('1410576808', '145');
INSERT IGNORE INTO nurse_shift (AMKA, shift_id) VALUES ('1908934284', '145');
INSERT IGNORE INTO nurse_shift (AMKA, shift_id) VALUES ('2211738105', '145');
INSERT IGNORE INTO nurse_shift (AMKA, shift_id) VALUES ('2301986927', '145');
INSERT IGNORE INTO nurse_shift (AMKA, shift_id) VALUES ('1602668533', '145');
INSERT IGNORE INTO admin_shift (AMKA, shift_id) VALUES ('1810691695', '145');
INSERT IGNORE INTO admin_shift (AMKA, shift_id) VALUES ('1101978318', '145');
INSERT IGNORE INTO admin_shift (AMKA, shift_id) VALUES ('2210867288', '145');
INSERT IGNORE INTO admin_shift (AMKA, shift_id) VALUES ('1001660800', '145');
UPDATE IGNORE shift SET status = TRUE WHERE shift_id = '145';
INSERT IGNORE INTO dept_shift (dept_name, shift_id) VALUES ('Gastroenterology', '145');
INSERT INTO shift (day, type) VALUES ('2024-02-28 00:00:00', '07:00-15:00');
INSERT IGNORE INTO doctor_shift (AMKA, shift_id) VALUES ('0303531282', '146');
INSERT IGNORE INTO doctor_shift (AMKA, shift_id) VALUES ('1206704867', '146');
INSERT IGNORE INTO doctor_shift (AMKA, shift_id) VALUES ('2406973031', '146');
INSERT IGNORE INTO nurse_shift (AMKA, shift_id) VALUES ('1112517867', '146');
INSERT IGNORE INTO nurse_shift (AMKA, shift_id) VALUES ('1203883023', '146');
INSERT IGNORE INTO nurse_shift (AMKA, shift_id) VALUES ('0311534815', '146');
INSERT IGNORE INTO nurse_shift (AMKA, shift_id) VALUES ('2705913673', '146');
INSERT IGNORE INTO nurse_shift (AMKA, shift_id) VALUES ('2409746735', '146');
INSERT IGNORE INTO nurse_shift (AMKA, shift_id) VALUES ('1101855051', '146');
INSERT IGNORE INTO nurse_shift (AMKA, shift_id) VALUES ('1410472859', '146');
INSERT IGNORE INTO nurse_shift (AMKA, shift_id) VALUES ('3101743228', '146');
INSERT IGNORE INTO nurse_shift (AMKA, shift_id) VALUES ('2404736776', '146');
INSERT IGNORE INTO admin_shift (AMKA, shift_id) VALUES ('1707612309', '146');
INSERT IGNORE INTO admin_shift (AMKA, shift_id) VALUES ('2803665107', '146');
INSERT IGNORE INTO admin_shift (AMKA, shift_id) VALUES ('1203690867', '146');
INSERT IGNORE INTO admin_shift (AMKA, shift_id) VALUES ('2204425556', '146');
UPDATE IGNORE shift SET status = TRUE WHERE shift_id = '146';
INSERT IGNORE INTO dept_shift (dept_name, shift_id) VALUES ('Gastroenterology', '146');
INSERT INTO shift (day, type) VALUES ('2025-11-16 00:00:00', '23:00-07:00');
INSERT IGNORE INTO doctor_shift (AMKA, shift_id) VALUES ('1101779403', '147');
INSERT IGNORE INTO doctor_shift (AMKA, shift_id) VALUES ('0109876222', '147');
INSERT IGNORE INTO doctor_shift (AMKA, shift_id) VALUES ('2004702238', '147');
INSERT IGNORE INTO doctor_shift (AMKA, shift_id) VALUES ('1806762549', '147');
INSERT IGNORE INTO doctor_shift (AMKA, shift_id) VALUES ('1611592474', '147');
INSERT IGNORE INTO doctor_shift (AMKA, shift_id) VALUES ('0810802797', '147');
INSERT IGNORE INTO doctor_shift (AMKA, shift_id) VALUES ('2304595248', '147');
INSERT IGNORE INTO nurse_shift (AMKA, shift_id) VALUES ('1709556112', '147');
INSERT IGNORE INTO nurse_shift (AMKA, shift_id) VALUES ('0212459106', '147');
INSERT IGNORE INTO nurse_shift (AMKA, shift_id) VALUES ('1410472859', '147');
INSERT IGNORE INTO nurse_shift (AMKA, shift_id) VALUES ('2009974419', '147');
INSERT IGNORE INTO nurse_shift (AMKA, shift_id) VALUES ('0601427360', '147');
INSERT IGNORE INTO nurse_shift (AMKA, shift_id) VALUES ('1908934284', '147');
INSERT IGNORE INTO nurse_shift (AMKA, shift_id) VALUES ('1410576808', '147');
INSERT IGNORE INTO nurse_shift (AMKA, shift_id) VALUES ('1210633994', '147');
INSERT IGNORE INTO nurse_shift (AMKA, shift_id) VALUES ('0707486851', '147');
INSERT IGNORE INTO nurse_shift (AMKA, shift_id) VALUES ('2409746735', '147');
INSERT IGNORE INTO admin_shift (AMKA, shift_id) VALUES ('2204425556', '147');
INSERT IGNORE INTO admin_shift (AMKA, shift_id) VALUES ('0310498160', '147');
INSERT IGNORE INTO admin_shift (AMKA, shift_id) VALUES ('0806415082', '147');
INSERT IGNORE INTO admin_shift (AMKA, shift_id) VALUES ('1101978318', '147');
UPDATE IGNORE shift SET status = TRUE WHERE shift_id = '147';
INSERT IGNORE INTO dept_shift (dept_name, shift_id) VALUES ('Gastroenterology', '147');
INSERT INTO shift (day, type) VALUES ('2024-08-15 00:00:00', '15:00-23:00');
INSERT IGNORE INTO doctor_shift (AMKA, shift_id) VALUES ('1306562994', '148');
INSERT IGNORE INTO doctor_shift (AMKA, shift_id) VALUES ('2707864104', '148');
INSERT IGNORE INTO doctor_shift (AMKA, shift_id) VALUES ('0508710262', '148');
INSERT IGNORE INTO nurse_shift (AMKA, shift_id) VALUES ('1302478288', '148');
INSERT IGNORE INTO nurse_shift (AMKA, shift_id) VALUES ('1907956316', '148');
INSERT IGNORE INTO nurse_shift (AMKA, shift_id) VALUES ('2404736776', '148');
INSERT IGNORE INTO nurse_shift (AMKA, shift_id) VALUES ('2705913673', '148');
INSERT IGNORE INTO nurse_shift (AMKA, shift_id) VALUES ('1503405303', '148');
INSERT IGNORE INTO nurse_shift (AMKA, shift_id) VALUES ('2202788231', '148');
INSERT IGNORE INTO admin_shift (AMKA, shift_id) VALUES ('0601877562', '148');
INSERT IGNORE INTO admin_shift (AMKA, shift_id) VALUES ('1011747457', '148');
INSERT IGNORE INTO admin_shift (AMKA, shift_id) VALUES ('1401529676', '148');
INSERT IGNORE INTO admin_shift (AMKA, shift_id) VALUES ('0108846908', '148');
UPDATE IGNORE shift SET status = TRUE WHERE shift_id = '148';
INSERT IGNORE INTO dept_shift (dept_name, shift_id) VALUES ('Gastroenterology', '148');
INSERT INTO shift (day, type) VALUES ('2026-01-27 00:00:00', '23:00-07:00');
INSERT IGNORE INTO doctor_shift (AMKA, shift_id) VALUES ('0102891639', '149');
INSERT IGNORE INTO doctor_shift (AMKA, shift_id) VALUES ('1210671054', '149');
INSERT IGNORE INTO doctor_shift (AMKA, shift_id) VALUES ('2806888346', '149');
INSERT IGNORE INTO doctor_shift (AMKA, shift_id) VALUES ('2510927096', '149');
INSERT IGNORE INTO doctor_shift (AMKA, shift_id) VALUES ('2012810248', '149');
INSERT IGNORE INTO doctor_shift (AMKA, shift_id) VALUES ('0111647658', '149');
INSERT IGNORE INTO doctor_shift (AMKA, shift_id) VALUES ('2301681047', '149');
INSERT IGNORE INTO nurse_shift (AMKA, shift_id) VALUES ('1907956316', '149');
INSERT IGNORE INTO nurse_shift (AMKA, shift_id) VALUES ('2301986927', '149');
INSERT IGNORE INTO nurse_shift (AMKA, shift_id) VALUES ('1311513072', '149');
INSERT IGNORE INTO nurse_shift (AMKA, shift_id) VALUES ('0509864586', '149');
INSERT IGNORE INTO nurse_shift (AMKA, shift_id) VALUES ('2105987694', '149');
INSERT IGNORE INTO nurse_shift (AMKA, shift_id) VALUES ('1309466103', '149');
INSERT IGNORE INTO nurse_shift (AMKA, shift_id) VALUES ('1410472859', '149');
INSERT IGNORE INTO nurse_shift (AMKA, shift_id) VALUES ('0509934508', '149');
INSERT IGNORE INTO admin_shift (AMKA, shift_id) VALUES ('1203690867', '149');
INSERT IGNORE INTO admin_shift (AMKA, shift_id) VALUES ('1505621109', '149');
UPDATE IGNORE shift SET status = TRUE WHERE shift_id = '149';
INSERT IGNORE INTO dept_shift (dept_name, shift_id) VALUES ('Gastroenterology', '149');
INSERT INTO shift (day, type) VALUES ('2025-08-12 00:00:00', '15:00-23:00');
INSERT IGNORE INTO doctor_shift (AMKA, shift_id) VALUES ('1102752591', '150');
INSERT IGNORE INTO doctor_shift (AMKA, shift_id) VALUES ('1701787998', '150');
INSERT IGNORE INTO doctor_shift (AMKA, shift_id) VALUES ('1104529817', '150');
INSERT IGNORE INTO doctor_shift (AMKA, shift_id) VALUES ('2203633666', '150');
INSERT IGNORE INTO doctor_shift (AMKA, shift_id) VALUES ('2001691929', '150');
INSERT IGNORE INTO doctor_shift (AMKA, shift_id) VALUES ('1807676900', '150');
INSERT IGNORE INTO doctor_shift (AMKA, shift_id) VALUES ('0303531282', '150');
INSERT IGNORE INTO doctor_shift (AMKA, shift_id) VALUES ('0206637500', '150');
INSERT IGNORE INTO nurse_shift (AMKA, shift_id) VALUES ('2105987694', '150');
INSERT IGNORE INTO nurse_shift (AMKA, shift_id) VALUES ('0707486851', '150');
INSERT IGNORE INTO nurse_shift (AMKA, shift_id) VALUES ('1810684760', '150');
INSERT IGNORE INTO nurse_shift (AMKA, shift_id) VALUES ('1512807285', '150');
INSERT IGNORE INTO nurse_shift (AMKA, shift_id) VALUES ('2509796665', '150');
INSERT IGNORE INTO nurse_shift (AMKA, shift_id) VALUES ('1302478288', '150');
INSERT IGNORE INTO admin_shift (AMKA, shift_id) VALUES ('2912624436', '150');
INSERT IGNORE INTO admin_shift (AMKA, shift_id) VALUES ('1001660800', '150');
INSERT IGNORE INTO admin_shift (AMKA, shift_id) VALUES ('0804527361', '150');
INSERT IGNORE INTO admin_shift (AMKA, shift_id) VALUES ('1909728641', '150');
UPDATE IGNORE shift SET status = TRUE WHERE shift_id = '150';
INSERT IGNORE INTO dept_shift (dept_name, shift_id) VALUES ('Gastroenterology', '150');
INSERT INTO shift (day, type) VALUES ('2024-10-28 00:00:00', '23:00-07:00');
INSERT IGNORE INTO doctor_shift (AMKA, shift_id) VALUES ('0909662577', '151');
INSERT IGNORE INTO doctor_shift (AMKA, shift_id) VALUES ('1905740744', '151');
INSERT IGNORE INTO doctor_shift (AMKA, shift_id) VALUES ('2203718551', '151');
INSERT IGNORE INTO nurse_shift (AMKA, shift_id) VALUES ('2104682202', '151');
INSERT IGNORE INTO nurse_shift (AMKA, shift_id) VALUES ('0405455659', '151');
INSERT IGNORE INTO nurse_shift (AMKA, shift_id) VALUES ('2804482376', '151');
INSERT IGNORE INTO nurse_shift (AMKA, shift_id) VALUES ('0201469512', '151');
INSERT IGNORE INTO nurse_shift (AMKA, shift_id) VALUES ('1410472859', '151');
INSERT IGNORE INTO nurse_shift (AMKA, shift_id) VALUES ('2407818176', '151');
INSERT IGNORE INTO nurse_shift (AMKA, shift_id) VALUES ('2408602494', '151');
INSERT IGNORE INTO nurse_shift (AMKA, shift_id) VALUES ('0702609163', '151');
INSERT IGNORE INTO admin_shift (AMKA, shift_id) VALUES ('0310498160', '151');
INSERT IGNORE INTO admin_shift (AMKA, shift_id) VALUES ('0807583265', '151');
UPDATE IGNORE shift SET status = TRUE WHERE shift_id = '151';
INSERT IGNORE INTO dept_shift (dept_name, shift_id) VALUES ('Gastroenterology', '151');
INSERT INTO shift (day, type) VALUES ('2025-07-25 00:00:00', '23:00-07:00');
INSERT IGNORE INTO doctor_shift (AMKA, shift_id) VALUES ('2001691929', '152');
INSERT IGNORE INTO doctor_shift (AMKA, shift_id) VALUES ('0803576389', '152');
INSERT IGNORE INTO doctor_shift (AMKA, shift_id) VALUES ('2012810248', '152');
INSERT IGNORE INTO doctor_shift (AMKA, shift_id) VALUES ('0301525882', '152');
INSERT IGNORE INTO nurse_shift (AMKA, shift_id) VALUES ('1103802636', '152');
INSERT IGNORE INTO nurse_shift (AMKA, shift_id) VALUES ('2903754769', '152');
INSERT IGNORE INTO nurse_shift (AMKA, shift_id) VALUES ('0205417367', '152');
INSERT IGNORE INTO nurse_shift (AMKA, shift_id) VALUES ('1712731602', '152');
INSERT IGNORE INTO nurse_shift (AMKA, shift_id) VALUES ('2205716047', '152');
INSERT IGNORE INTO nurse_shift (AMKA, shift_id) VALUES ('0403530470', '152');
INSERT IGNORE INTO nurse_shift (AMKA, shift_id) VALUES ('2704562592', '152');
INSERT IGNORE INTO nurse_shift (AMKA, shift_id) VALUES ('1708849364', '152');
INSERT IGNORE INTO nurse_shift (AMKA, shift_id) VALUES ('0909660903', '152');
INSERT IGNORE INTO admin_shift (AMKA, shift_id) VALUES ('3107841971', '152');
INSERT IGNORE INTO admin_shift (AMKA, shift_id) VALUES ('1101978318', '152');
INSERT IGNORE INTO admin_shift (AMKA, shift_id) VALUES ('0212875455', '152');
UPDATE IGNORE shift SET status = TRUE WHERE shift_id = '152';
INSERT IGNORE INTO dept_shift (dept_name, shift_id) VALUES ('Gastroenterology', '152');
INSERT INTO shift (day, type) VALUES ('2026-06-17 00:00:00', '23:00-07:00');
INSERT IGNORE INTO doctor_shift (AMKA, shift_id) VALUES ('0111647658', '153');
INSERT IGNORE INTO doctor_shift (AMKA, shift_id) VALUES ('1104742723', '153');
INSERT IGNORE INTO doctor_shift (AMKA, shift_id) VALUES ('1004748289', '153');
INSERT IGNORE INTO doctor_shift (AMKA, shift_id) VALUES ('2707864104', '153');
INSERT IGNORE INTO nurse_shift (AMKA, shift_id) VALUES ('1006891535', '153');
INSERT IGNORE INTO nurse_shift (AMKA, shift_id) VALUES ('2110624175', '153');
INSERT IGNORE INTO nurse_shift (AMKA, shift_id) VALUES ('1309466103', '153');
INSERT IGNORE INTO nurse_shift (AMKA, shift_id) VALUES ('1109842569', '153');
INSERT IGNORE INTO nurse_shift (AMKA, shift_id) VALUES ('0607738540', '153');
INSERT IGNORE INTO nurse_shift (AMKA, shift_id) VALUES ('1302478288', '153');
INSERT IGNORE INTO nurse_shift (AMKA, shift_id) VALUES ('2704562592', '153');
INSERT IGNORE INTO admin_shift (AMKA, shift_id) VALUES ('1401438948', '153');
INSERT IGNORE INTO admin_shift (AMKA, shift_id) VALUES ('0804527361', '153');
INSERT IGNORE INTO admin_shift (AMKA, shift_id) VALUES ('2009517049', '153');
UPDATE IGNORE shift SET status = TRUE WHERE shift_id = '153';
INSERT IGNORE INTO dept_shift (dept_name, shift_id) VALUES ('Gastroenterology', '153');
INSERT INTO shift (day, type) VALUES ('2025-12-26 00:00:00', '07:00-15:00');
INSERT IGNORE INTO doctor_shift (AMKA, shift_id) VALUES ('1612748648', '154');
INSERT IGNORE INTO doctor_shift (AMKA, shift_id) VALUES ('1403472446', '154');
INSERT IGNORE INTO doctor_shift (AMKA, shift_id) VALUES ('0411550543', '154');
INSERT IGNORE INTO doctor_shift (AMKA, shift_id) VALUES ('0710954761', '154');
INSERT IGNORE INTO doctor_shift (AMKA, shift_id) VALUES ('0909662577', '154');
INSERT IGNORE INTO doctor_shift (AMKA, shift_id) VALUES ('1611592474', '154');
INSERT IGNORE INTO doctor_shift (AMKA, shift_id) VALUES ('1004748289', '154');
INSERT IGNORE INTO nurse_shift (AMKA, shift_id) VALUES ('1703812899', '154');
INSERT IGNORE INTO nurse_shift (AMKA, shift_id) VALUES ('1601483351', '154');
INSERT IGNORE INTO nurse_shift (AMKA, shift_id) VALUES ('0307004452', '154');
INSERT IGNORE INTO nurse_shift (AMKA, shift_id) VALUES ('0310576949', '154');
INSERT IGNORE INTO nurse_shift (AMKA, shift_id) VALUES ('2005873415', '154');
INSERT IGNORE INTO nurse_shift (AMKA, shift_id) VALUES ('3011568029', '154');
INSERT IGNORE INTO nurse_shift (AMKA, shift_id) VALUES ('1501974417', '154');
INSERT IGNORE INTO nurse_shift (AMKA, shift_id) VALUES ('2211920600', '154');
INSERT IGNORE INTO admin_shift (AMKA, shift_id) VALUES ('1004500988', '154');
INSERT IGNORE INTO admin_shift (AMKA, shift_id) VALUES ('1401529676', '154');
INSERT IGNORE INTO admin_shift (AMKA, shift_id) VALUES ('3103504955', '154');
UPDATE IGNORE shift SET status = TRUE WHERE shift_id = '154';
INSERT IGNORE INTO dept_shift (dept_name, shift_id) VALUES ('Gastroenterology', '154');
INSERT INTO shift (day, type) VALUES ('2026-07-30 00:00:00', '07:00-15:00');
INSERT IGNORE INTO doctor_shift (AMKA, shift_id) VALUES ('0909662577', '155');
INSERT IGNORE INTO doctor_shift (AMKA, shift_id) VALUES ('2203633666', '155');
INSERT IGNORE INTO doctor_shift (AMKA, shift_id) VALUES ('0109876222', '155');
INSERT IGNORE INTO doctor_shift (AMKA, shift_id) VALUES ('2001691929', '155');
INSERT IGNORE INTO doctor_shift (AMKA, shift_id) VALUES ('0802620737', '155');
INSERT IGNORE INTO doctor_shift (AMKA, shift_id) VALUES ('1007472193', '155');
INSERT IGNORE INTO doctor_shift (AMKA, shift_id) VALUES ('1403910610', '155');
INSERT IGNORE INTO nurse_shift (AMKA, shift_id) VALUES ('1601483351', '155');
INSERT IGNORE INTO nurse_shift (AMKA, shift_id) VALUES ('0303995114', '155');
INSERT IGNORE INTO nurse_shift (AMKA, shift_id) VALUES ('0212459106', '155');
INSERT IGNORE INTO nurse_shift (AMKA, shift_id) VALUES ('3003718056', '155');
INSERT IGNORE INTO nurse_shift (AMKA, shift_id) VALUES ('2904573556', '155');
INSERT IGNORE INTO nurse_shift (AMKA, shift_id) VALUES ('2209772976', '155');
INSERT IGNORE INTO nurse_shift (AMKA, shift_id) VALUES ('0211835314', '155');
INSERT IGNORE INTO nurse_shift (AMKA, shift_id) VALUES ('1109842569', '155');
INSERT IGNORE INTO nurse_shift (AMKA, shift_id) VALUES ('3011568029', '155');
INSERT IGNORE INTO nurse_shift (AMKA, shift_id) VALUES ('2110624175', '155');
INSERT IGNORE INTO admin_shift (AMKA, shift_id) VALUES ('2307565593', '155');
INSERT IGNORE INTO admin_shift (AMKA, shift_id) VALUES ('3108420255', '155');
INSERT IGNORE INTO admin_shift (AMKA, shift_id) VALUES ('1610915018', '155');
UPDATE IGNORE shift SET status = TRUE WHERE shift_id = '155';
INSERT IGNORE INTO dept_shift (dept_name, shift_id) VALUES ('Gastroenterology', '155');
INSERT INTO shift (day, type) VALUES ('2025-02-16 00:00:00', '15:00-23:00');
INSERT IGNORE INTO doctor_shift (AMKA, shift_id) VALUES ('0206637500', '156');
INSERT IGNORE INTO doctor_shift (AMKA, shift_id) VALUES ('1007472193', '156');
INSERT IGNORE INTO doctor_shift (AMKA, shift_id) VALUES ('0411980022', '156');
INSERT IGNORE INTO doctor_shift (AMKA, shift_id) VALUES ('2003754733', '156');
INSERT IGNORE INTO nurse_shift (AMKA, shift_id) VALUES ('1302876707', '156');
INSERT IGNORE INTO nurse_shift (AMKA, shift_id) VALUES ('1203883023', '156');
INSERT IGNORE INTO nurse_shift (AMKA, shift_id) VALUES ('2202788231', '156');
INSERT IGNORE INTO nurse_shift (AMKA, shift_id) VALUES ('1302478288', '156');
INSERT IGNORE INTO nurse_shift (AMKA, shift_id) VALUES ('1304544511', '156');
INSERT IGNORE INTO nurse_shift (AMKA, shift_id) VALUES ('1006891535', '156');
INSERT IGNORE INTO nurse_shift (AMKA, shift_id) VALUES ('0205417367', '156');
INSERT IGNORE INTO nurse_shift (AMKA, shift_id) VALUES ('2210732993', '156');
INSERT IGNORE INTO admin_shift (AMKA, shift_id) VALUES ('1003595467', '156');
INSERT IGNORE INTO admin_shift (AMKA, shift_id) VALUES ('1505621109', '156');
INSERT IGNORE INTO admin_shift (AMKA, shift_id) VALUES ('1004500988', '156');
UPDATE IGNORE shift SET status = TRUE WHERE shift_id = '156';
INSERT IGNORE INTO dept_shift (dept_name, shift_id) VALUES ('Gastroenterology', '156');
INSERT INTO shift (day, type) VALUES ('2024-11-17 00:00:00', '07:00-15:00');
INSERT IGNORE INTO doctor_shift (AMKA, shift_id) VALUES ('1807676900', '157');
INSERT IGNORE INTO doctor_shift (AMKA, shift_id) VALUES ('2003754733', '157');
INSERT IGNORE INTO doctor_shift (AMKA, shift_id) VALUES ('0411550543', '157');
INSERT IGNORE INTO doctor_shift (AMKA, shift_id) VALUES ('0301525882', '157');
INSERT IGNORE INTO nurse_shift (AMKA, shift_id) VALUES ('2012883023', '157');
INSERT IGNORE INTO nurse_shift (AMKA, shift_id) VALUES ('1708849364', '157');
INSERT IGNORE INTO nurse_shift (AMKA, shift_id) VALUES ('0205417367', '157');
INSERT IGNORE INTO nurse_shift (AMKA, shift_id) VALUES ('2903754769', '157');
INSERT IGNORE INTO nurse_shift (AMKA, shift_id) VALUES ('3003718056', '157');
INSERT IGNORE INTO nurse_shift (AMKA, shift_id) VALUES ('1304544511', '157');
INSERT IGNORE INTO admin_shift (AMKA, shift_id) VALUES ('0212875455', '157');
INSERT IGNORE INTO admin_shift (AMKA, shift_id) VALUES ('2311845679', '157');
INSERT IGNORE INTO admin_shift (AMKA, shift_id) VALUES ('1909762384', '157');
INSERT IGNORE INTO admin_shift (AMKA, shift_id) VALUES ('3108420255', '157');
UPDATE IGNORE shift SET status = TRUE WHERE shift_id = '157';
INSERT IGNORE INTO dept_shift (dept_name, shift_id) VALUES ('Gastroenterology', '157');
INSERT INTO shift (day, type) VALUES ('2025-04-16 00:00:00', '07:00-15:00');
INSERT IGNORE INTO doctor_shift (AMKA, shift_id) VALUES ('3005978572', '158');
INSERT IGNORE INTO doctor_shift (AMKA, shift_id) VALUES ('1104742723', '158');
INSERT IGNORE INTO doctor_shift (AMKA, shift_id) VALUES ('0410505068', '158');
INSERT IGNORE INTO doctor_shift (AMKA, shift_id) VALUES ('0308718729', '158');
INSERT IGNORE INTO doctor_shift (AMKA, shift_id) VALUES ('0301525882', '158');
INSERT IGNORE INTO doctor_shift (AMKA, shift_id) VALUES ('2708408067', '158');
INSERT IGNORE INTO doctor_shift (AMKA, shift_id) VALUES ('1612748648', '158');
INSERT IGNORE INTO nurse_shift (AMKA, shift_id) VALUES ('1107666248', '158');
INSERT IGNORE INTO nurse_shift (AMKA, shift_id) VALUES ('1112517867', '158');
INSERT IGNORE INTO nurse_shift (AMKA, shift_id) VALUES ('2903754769', '158');
INSERT IGNORE INTO nurse_shift (AMKA, shift_id) VALUES ('1810684760', '158');
INSERT IGNORE INTO nurse_shift (AMKA, shift_id) VALUES ('2904573556', '158');
INSERT IGNORE INTO nurse_shift (AMKA, shift_id) VALUES ('2105987694', '158');
INSERT IGNORE INTO nurse_shift (AMKA, shift_id) VALUES ('1410472859', '158');
INSERT IGNORE INTO nurse_shift (AMKA, shift_id) VALUES ('1210633994', '158');
INSERT IGNORE INTO nurse_shift (AMKA, shift_id) VALUES ('2810445963', '158');
INSERT IGNORE INTO nurse_shift (AMKA, shift_id) VALUES ('2005873415', '158');
INSERT IGNORE INTO admin_shift (AMKA, shift_id) VALUES ('0807583265', '158');
INSERT IGNORE INTO admin_shift (AMKA, shift_id) VALUES ('1401529676', '158');
INSERT IGNORE INTO admin_shift (AMKA, shift_id) VALUES ('2104667937', '158');
UPDATE IGNORE shift SET status = TRUE WHERE shift_id = '158';
INSERT IGNORE INTO dept_shift (dept_name, shift_id) VALUES ('Gastroenterology', '158');
INSERT INTO shift (day, type) VALUES ('2024-11-11 00:00:00', '23:00-07:00');
INSERT IGNORE INTO doctor_shift (AMKA, shift_id) VALUES ('0803989228', '159');
INSERT IGNORE INTO doctor_shift (AMKA, shift_id) VALUES ('1701787998', '159');
INSERT IGNORE INTO doctor_shift (AMKA, shift_id) VALUES ('0102891639', '159');
INSERT IGNORE INTO doctor_shift (AMKA, shift_id) VALUES ('1604612218', '159');
INSERT IGNORE INTO nurse_shift (AMKA, shift_id) VALUES ('0509934508', '159');
INSERT IGNORE INTO nurse_shift (AMKA, shift_id) VALUES ('2705913673', '159');
INSERT IGNORE INTO nurse_shift (AMKA, shift_id) VALUES ('2612984884', '159');
INSERT IGNORE INTO nurse_shift (AMKA, shift_id) VALUES ('3003718056', '159');
INSERT IGNORE INTO nurse_shift (AMKA, shift_id) VALUES ('0702609163', '159');
INSERT IGNORE INTO nurse_shift (AMKA, shift_id) VALUES ('2906619041', '159');
INSERT IGNORE INTO nurse_shift (AMKA, shift_id) VALUES ('1707693139', '159');
INSERT IGNORE INTO admin_shift (AMKA, shift_id) VALUES ('0903914750', '159');
INSERT IGNORE INTO admin_shift (AMKA, shift_id) VALUES ('1909728641', '159');
INSERT IGNORE INTO admin_shift (AMKA, shift_id) VALUES ('1412919767', '159');
INSERT IGNORE INTO admin_shift (AMKA, shift_id) VALUES ('0212875455', '159');
UPDATE IGNORE shift SET status = TRUE WHERE shift_id = '159';
INSERT IGNORE INTO dept_shift (dept_name, shift_id) VALUES ('Gastroenterology', '159');
INSERT INTO shift (day, type) VALUES ('2026-12-31 00:00:00', '23:00-07:00');
INSERT IGNORE INTO doctor_shift (AMKA, shift_id) VALUES ('1806762549', '160');
INSERT IGNORE INTO doctor_shift (AMKA, shift_id) VALUES ('1604612218', '160');
INSERT IGNORE INTO doctor_shift (AMKA, shift_id) VALUES ('1611592474', '160');
INSERT IGNORE INTO doctor_shift (AMKA, shift_id) VALUES ('2001691929', '160');
INSERT IGNORE INTO doctor_shift (AMKA, shift_id) VALUES ('1107638937', '160');
INSERT IGNORE INTO doctor_shift (AMKA, shift_id) VALUES ('1206704867', '160');
INSERT IGNORE INTO nurse_shift (AMKA, shift_id) VALUES ('1304544511', '160');
INSERT IGNORE INTO nurse_shift (AMKA, shift_id) VALUES ('2211738105', '160');
INSERT IGNORE INTO nurse_shift (AMKA, shift_id) VALUES ('0412861461', '160');
INSERT IGNORE INTO nurse_shift (AMKA, shift_id) VALUES ('2308761066', '160');
INSERT IGNORE INTO nurse_shift (AMKA, shift_id) VALUES ('2210732993', '160');
INSERT IGNORE INTO nurse_shift (AMKA, shift_id) VALUES ('2211920600', '160');
INSERT IGNORE INTO nurse_shift (AMKA, shift_id) VALUES ('2012883023', '160');
INSERT IGNORE INTO nurse_shift (AMKA, shift_id) VALUES ('1309466103', '160');
INSERT IGNORE INTO admin_shift (AMKA, shift_id) VALUES ('1412919767', '160');
INSERT IGNORE INTO admin_shift (AMKA, shift_id) VALUES ('2403663964', '160');
UPDATE IGNORE shift SET status = TRUE WHERE shift_id = '160';
INSERT IGNORE INTO dept_shift (dept_name, shift_id) VALUES ('Gastroenterology', '160');
INSERT INTO shift (day, type) VALUES ('2026-06-20 00:00:00', '15:00-23:00');
INSERT IGNORE INTO doctor_shift (AMKA, shift_id) VALUES ('1608881787', '161');
INSERT IGNORE INTO doctor_shift (AMKA, shift_id) VALUES ('1101823701', '161');
INSERT IGNORE INTO doctor_shift (AMKA, shift_id) VALUES ('1101779403', '161');
INSERT IGNORE INTO nurse_shift (AMKA, shift_id) VALUES ('3003940529', '161');
INSERT IGNORE INTO nurse_shift (AMKA, shift_id) VALUES ('1601483351', '161');
INSERT IGNORE INTO nurse_shift (AMKA, shift_id) VALUES ('3011568029', '161');
INSERT IGNORE INTO nurse_shift (AMKA, shift_id) VALUES ('1807594302', '161');
INSERT IGNORE INTO nurse_shift (AMKA, shift_id) VALUES ('0909660903', '161');
INSERT IGNORE INTO nurse_shift (AMKA, shift_id) VALUES ('1302876707', '161');
INSERT IGNORE INTO nurse_shift (AMKA, shift_id) VALUES ('3101743228', '161');
INSERT IGNORE INTO nurse_shift (AMKA, shift_id) VALUES ('2210732993', '161');
INSERT IGNORE INTO admin_shift (AMKA, shift_id) VALUES ('2009517049', '161');
INSERT IGNORE INTO admin_shift (AMKA, shift_id) VALUES ('1610915018', '161');
UPDATE IGNORE shift SET status = TRUE WHERE shift_id = '161';
INSERT IGNORE INTO dept_shift (dept_name, shift_id) VALUES ('Gastroenterology', '161');
INSERT INTO shift (day, type) VALUES ('2026-03-11 00:00:00', '15:00-23:00');
INSERT IGNORE INTO doctor_shift (AMKA, shift_id) VALUES ('1612748648', '162');
INSERT IGNORE INTO doctor_shift (AMKA, shift_id) VALUES ('0406974498', '162');
INSERT IGNORE INTO doctor_shift (AMKA, shift_id) VALUES ('3012474240', '162');
INSERT IGNORE INTO doctor_shift (AMKA, shift_id) VALUES ('1806762549', '162');
INSERT IGNORE INTO doctor_shift (AMKA, shift_id) VALUES ('2510927096', '162');
INSERT IGNORE INTO doctor_shift (AMKA, shift_id) VALUES ('1210608936', '162');
INSERT IGNORE INTO doctor_shift (AMKA, shift_id) VALUES ('2012810248', '162');
INSERT IGNORE INTO doctor_shift (AMKA, shift_id) VALUES ('2407887390', '162');
INSERT IGNORE INTO nurse_shift (AMKA, shift_id) VALUES ('1107666248', '162');
INSERT IGNORE INTO nurse_shift (AMKA, shift_id) VALUES ('0201469512', '162');
INSERT IGNORE INTO nurse_shift (AMKA, shift_id) VALUES ('2705913673', '162');
INSERT IGNORE INTO nurse_shift (AMKA, shift_id) VALUES ('1907956316', '162');
INSERT IGNORE INTO nurse_shift (AMKA, shift_id) VALUES ('2009974419', '162');
INSERT IGNORE INTO nurse_shift (AMKA, shift_id) VALUES ('3011568029', '162');
INSERT IGNORE INTO nurse_shift (AMKA, shift_id) VALUES ('1603685746', '162');
INSERT IGNORE INTO admin_shift (AMKA, shift_id) VALUES ('2311845679', '162');
INSERT IGNORE INTO admin_shift (AMKA, shift_id) VALUES ('2803665107', '162');
UPDATE IGNORE shift SET status = TRUE WHERE shift_id = '162';
INSERT IGNORE INTO dept_shift (dept_name, shift_id) VALUES ('Gastroenterology', '162');
INSERT INTO shift (day, type) VALUES ('2024-01-23 00:00:00', '23:00-07:00');
INSERT IGNORE INTO doctor_shift (AMKA, shift_id) VALUES ('2301681047', '163');
INSERT IGNORE INTO doctor_shift (AMKA, shift_id) VALUES ('0803576389', '163');
INSERT IGNORE INTO doctor_shift (AMKA, shift_id) VALUES ('2803422426', '163');
INSERT IGNORE INTO doctor_shift (AMKA, shift_id) VALUES ('0811685025', '163');
INSERT IGNORE INTO doctor_shift (AMKA, shift_id) VALUES ('0303531282', '163');
INSERT IGNORE INTO doctor_shift (AMKA, shift_id) VALUES ('1805820786', '163');
INSERT IGNORE INTO doctor_shift (AMKA, shift_id) VALUES ('1104742723', '163');
INSERT IGNORE INTO doctor_shift (AMKA, shift_id) VALUES ('0206637500', '163');
INSERT IGNORE INTO nurse_shift (AMKA, shift_id) VALUES ('2810445963', '163');
INSERT IGNORE INTO nurse_shift (AMKA, shift_id) VALUES ('2511766415', '163');
INSERT IGNORE INTO nurse_shift (AMKA, shift_id) VALUES ('2104682202', '163');
INSERT IGNORE INTO nurse_shift (AMKA, shift_id) VALUES ('0509934508', '163');
INSERT IGNORE INTO nurse_shift (AMKA, shift_id) VALUES ('0201469512', '163');
INSERT IGNORE INTO nurse_shift (AMKA, shift_id) VALUES ('0211835314', '163');
INSERT IGNORE INTO nurse_shift (AMKA, shift_id) VALUES ('2209772976', '163');
INSERT IGNORE INTO nurse_shift (AMKA, shift_id) VALUES ('0403530470', '163');
INSERT IGNORE INTO admin_shift (AMKA, shift_id) VALUES ('3103504955', '163');
INSERT IGNORE INTO admin_shift (AMKA, shift_id) VALUES ('1108942647', '163');
UPDATE IGNORE shift SET status = TRUE WHERE shift_id = '163';
INSERT IGNORE INTO dept_shift (dept_name, shift_id) VALUES ('General surgery', '163');
INSERT INTO shift (day, type) VALUES ('2025-08-05 00:00:00', '07:00-15:00');
INSERT IGNORE INTO doctor_shift (AMKA, shift_id) VALUES ('1805820786', '164');
INSERT IGNORE INTO doctor_shift (AMKA, shift_id) VALUES ('0803989228', '164');
INSERT IGNORE INTO doctor_shift (AMKA, shift_id) VALUES ('1912912516', '164');
INSERT IGNORE INTO nurse_shift (AMKA, shift_id) VALUES ('3107984441', '164');
INSERT IGNORE INTO nurse_shift (AMKA, shift_id) VALUES ('0303995114', '164');
INSERT IGNORE INTO nurse_shift (AMKA, shift_id) VALUES ('3101743228', '164');
INSERT IGNORE INTO nurse_shift (AMKA, shift_id) VALUES ('2404736776', '164');
INSERT IGNORE INTO nurse_shift (AMKA, shift_id) VALUES ('2211738105', '164');
INSERT IGNORE INTO nurse_shift (AMKA, shift_id) VALUES ('1807594302', '164');
INSERT IGNORE INTO admin_shift (AMKA, shift_id) VALUES ('1412919767', '164');
INSERT IGNORE INTO admin_shift (AMKA, shift_id) VALUES ('0108846908', '164');
INSERT IGNORE INTO admin_shift (AMKA, shift_id) VALUES ('1909728641', '164');
UPDATE IGNORE shift SET status = TRUE WHERE shift_id = '164';
INSERT IGNORE INTO dept_shift (dept_name, shift_id) VALUES ('General surgery', '164');
INSERT INTO shift (day, type) VALUES ('2026-01-06 00:00:00', '07:00-15:00');
INSERT IGNORE INTO doctor_shift (AMKA, shift_id) VALUES ('2708408067', '165');
INSERT IGNORE INTO doctor_shift (AMKA, shift_id) VALUES ('0102891639', '165');
INSERT IGNORE INTO doctor_shift (AMKA, shift_id) VALUES ('1612748648', '165');
INSERT IGNORE INTO doctor_shift (AMKA, shift_id) VALUES ('1708511124', '165');
INSERT IGNORE INTO nurse_shift (AMKA, shift_id) VALUES ('1302876707', '165');
INSERT IGNORE INTO nurse_shift (AMKA, shift_id) VALUES ('2202745833', '165');
INSERT IGNORE INTO nurse_shift (AMKA, shift_id) VALUES ('1302478288', '165');
INSERT IGNORE INTO nurse_shift (AMKA, shift_id) VALUES ('0311534815', '165');
INSERT IGNORE INTO nurse_shift (AMKA, shift_id) VALUES ('3003718056', '165');
INSERT IGNORE INTO nurse_shift (AMKA, shift_id) VALUES ('0509934508', '165');
INSERT IGNORE INTO nurse_shift (AMKA, shift_id) VALUES ('1309466103', '165');
INSERT IGNORE INTO nurse_shift (AMKA, shift_id) VALUES ('2906619041', '165');
INSERT IGNORE INTO nurse_shift (AMKA, shift_id) VALUES ('3011568029', '165');
INSERT IGNORE INTO nurse_shift (AMKA, shift_id) VALUES ('1709556112', '165');
INSERT IGNORE INTO admin_shift (AMKA, shift_id) VALUES ('1810691695', '165');
INSERT IGNORE INTO admin_shift (AMKA, shift_id) VALUES ('1707612309', '165');
INSERT IGNORE INTO admin_shift (AMKA, shift_id) VALUES ('0903914750', '165');
UPDATE IGNORE shift SET status = TRUE WHERE shift_id = '165';
INSERT IGNORE INTO dept_shift (dept_name, shift_id) VALUES ('General surgery', '165');
INSERT INTO shift (day, type) VALUES ('2025-09-23 00:00:00', '07:00-15:00');
INSERT IGNORE INTO doctor_shift (AMKA, shift_id) VALUES ('1904466405', '166');
INSERT IGNORE INTO doctor_shift (AMKA, shift_id) VALUES ('1102752591', '166');
INSERT IGNORE INTO doctor_shift (AMKA, shift_id) VALUES ('2203718551', '166');
INSERT IGNORE INTO doctor_shift (AMKA, shift_id) VALUES ('2403567012', '166');
INSERT IGNORE INTO doctor_shift (AMKA, shift_id) VALUES ('0903695053', '166');
INSERT IGNORE INTO doctor_shift (AMKA, shift_id) VALUES ('2407887390', '166');
INSERT IGNORE INTO doctor_shift (AMKA, shift_id) VALUES ('2412989437', '166');
INSERT IGNORE INTO nurse_shift (AMKA, shift_id) VALUES ('2110624175', '166');
INSERT IGNORE INTO nurse_shift (AMKA, shift_id) VALUES ('2209772976', '166');
INSERT IGNORE INTO nurse_shift (AMKA, shift_id) VALUES ('2511766415', '166');
INSERT IGNORE INTO nurse_shift (AMKA, shift_id) VALUES ('3003718056', '166');
INSERT IGNORE INTO nurse_shift (AMKA, shift_id) VALUES ('1203883023', '166');
INSERT IGNORE INTO nurse_shift (AMKA, shift_id) VALUES ('1006891535', '166');
INSERT IGNORE INTO nurse_shift (AMKA, shift_id) VALUES ('2202745833', '166');
INSERT IGNORE INTO nurse_shift (AMKA, shift_id) VALUES ('0412861461', '166');
INSERT IGNORE INTO nurse_shift (AMKA, shift_id) VALUES ('3011568029', '166');
INSERT IGNORE INTO admin_shift (AMKA, shift_id) VALUES ('2104667937', '166');
INSERT IGNORE INTO admin_shift (AMKA, shift_id) VALUES ('1108942647', '166');
INSERT IGNORE INTO admin_shift (AMKA, shift_id) VALUES ('2009517049', '166');
INSERT IGNORE INTO admin_shift (AMKA, shift_id) VALUES ('2311845679', '166');
UPDATE IGNORE shift SET status = TRUE WHERE shift_id = '166';
INSERT IGNORE INTO dept_shift (dept_name, shift_id) VALUES ('General surgery', '166');
INSERT INTO shift (day, type) VALUES ('2024-01-11 00:00:00', '15:00-23:00');
INSERT IGNORE INTO doctor_shift (AMKA, shift_id) VALUES ('2003754733', '167');
INSERT IGNORE INTO doctor_shift (AMKA, shift_id) VALUES ('0803576389', '167');
INSERT IGNORE INTO doctor_shift (AMKA, shift_id) VALUES ('0508710262', '167');
INSERT IGNORE INTO doctor_shift (AMKA, shift_id) VALUES ('1107638937', '167');
INSERT IGNORE INTO doctor_shift (AMKA, shift_id) VALUES ('1305442503', '167');
INSERT IGNORE INTO doctor_shift (AMKA, shift_id) VALUES ('1007472193', '167');
INSERT IGNORE INTO nurse_shift (AMKA, shift_id) VALUES ('0905711630', '167');
INSERT IGNORE INTO nurse_shift (AMKA, shift_id) VALUES ('0205417367', '167');
INSERT IGNORE INTO nurse_shift (AMKA, shift_id) VALUES ('2509796665', '167');
INSERT IGNORE INTO nurse_shift (AMKA, shift_id) VALUES ('2009974419', '167');
INSERT IGNORE INTO nurse_shift (AMKA, shift_id) VALUES ('0302574411', '167');
INSERT IGNORE INTO nurse_shift (AMKA, shift_id) VALUES ('0311534815', '167');
INSERT IGNORE INTO nurse_shift (AMKA, shift_id) VALUES ('2210732993', '167');
INSERT IGNORE INTO nurse_shift (AMKA, shift_id) VALUES ('0702609163', '167');
INSERT IGNORE INTO nurse_shift (AMKA, shift_id) VALUES ('0310576949', '167');
INSERT IGNORE INTO admin_shift (AMKA, shift_id) VALUES ('1707612309', '167');
INSERT IGNORE INTO admin_shift (AMKA, shift_id) VALUES ('1203690867', '167');
UPDATE IGNORE shift SET status = TRUE WHERE shift_id = '167';
INSERT IGNORE INTO dept_shift (dept_name, shift_id) VALUES ('General surgery', '167');
INSERT INTO shift (day, type) VALUES ('2024-05-05 00:00:00', '15:00-23:00');
INSERT IGNORE INTO doctor_shift (AMKA, shift_id) VALUES ('1807676900', '168');
INSERT IGNORE INTO doctor_shift (AMKA, shift_id) VALUES ('0411550543', '168');
INSERT IGNORE INTO doctor_shift (AMKA, shift_id) VALUES ('2806888346', '168');
INSERT IGNORE INTO doctor_shift (AMKA, shift_id) VALUES ('0811685025', '168');
INSERT IGNORE INTO doctor_shift (AMKA, shift_id) VALUES ('1905740744', '168');
INSERT IGNORE INTO doctor_shift (AMKA, shift_id) VALUES ('1608881787', '168');
INSERT IGNORE INTO doctor_shift (AMKA, shift_id) VALUES ('0411980022', '168');
INSERT IGNORE INTO doctor_shift (AMKA, shift_id) VALUES ('2203633666', '168');
INSERT IGNORE INTO nurse_shift (AMKA, shift_id) VALUES ('2005873415', '168');
INSERT IGNORE INTO nurse_shift (AMKA, shift_id) VALUES ('2211738105', '168');
INSERT IGNORE INTO nurse_shift (AMKA, shift_id) VALUES ('2008408711', '168');
INSERT IGNORE INTO nurse_shift (AMKA, shift_id) VALUES ('1410472859', '168');
INSERT IGNORE INTO nurse_shift (AMKA, shift_id) VALUES ('2706529149', '168');
INSERT IGNORE INTO nurse_shift (AMKA, shift_id) VALUES ('0403530470', '168');
INSERT IGNORE INTO nurse_shift (AMKA, shift_id) VALUES ('1907956316', '168');
INSERT IGNORE INTO nurse_shift (AMKA, shift_id) VALUES ('0501488320', '168');
INSERT IGNORE INTO admin_shift (AMKA, shift_id) VALUES ('1610915018', '168');
INSERT IGNORE INTO admin_shift (AMKA, shift_id) VALUES ('2311845679', '168');
UPDATE IGNORE shift SET status = TRUE WHERE shift_id = '168';
INSERT IGNORE INTO dept_shift (dept_name, shift_id) VALUES ('General surgery', '168');
INSERT INTO shift (day, type) VALUES ('2026-12-16 00:00:00', '15:00-23:00');
INSERT IGNORE INTO doctor_shift (AMKA, shift_id) VALUES ('2107936328', '169');
INSERT IGNORE INTO doctor_shift (AMKA, shift_id) VALUES ('1604612218', '169');
INSERT IGNORE INTO doctor_shift (AMKA, shift_id) VALUES ('2803422426', '169');
INSERT IGNORE INTO doctor_shift (AMKA, shift_id) VALUES ('0308718729', '169');
INSERT IGNORE INTO doctor_shift (AMKA, shift_id) VALUES ('0811685025', '169');
INSERT IGNORE INTO doctor_shift (AMKA, shift_id) VALUES ('1101823701', '169');
INSERT IGNORE INTO doctor_shift (AMKA, shift_id) VALUES ('2206803094', '169');
INSERT IGNORE INTO doctor_shift (AMKA, shift_id) VALUES ('2412989437', '169');
INSERT IGNORE INTO nurse_shift (AMKA, shift_id) VALUES ('2904573556', '169');
INSERT IGNORE INTO nurse_shift (AMKA, shift_id) VALUES ('1807594302', '169');
INSERT IGNORE INTO nurse_shift (AMKA, shift_id) VALUES ('2903754769', '169');
INSERT IGNORE INTO nurse_shift (AMKA, shift_id) VALUES ('1109842569', '169');
INSERT IGNORE INTO nurse_shift (AMKA, shift_id) VALUES ('0601427360', '169');
INSERT IGNORE INTO nurse_shift (AMKA, shift_id) VALUES ('1601483351', '169');
INSERT IGNORE INTO nurse_shift (AMKA, shift_id) VALUES ('2211920600', '169');
INSERT IGNORE INTO admin_shift (AMKA, shift_id) VALUES ('1003595467', '169');
INSERT IGNORE INTO admin_shift (AMKA, shift_id) VALUES ('1203690867', '169');
INSERT IGNORE INTO admin_shift (AMKA, shift_id) VALUES ('2204425556', '169');
INSERT IGNORE INTO admin_shift (AMKA, shift_id) VALUES ('1610915018', '169');
UPDATE IGNORE shift SET status = TRUE WHERE shift_id = '169';
INSERT IGNORE INTO dept_shift (dept_name, shift_id) VALUES ('General surgery', '169');
INSERT INTO shift (day, type) VALUES ('2024-03-20 00:00:00', '15:00-23:00');
INSERT IGNORE INTO doctor_shift (AMKA, shift_id) VALUES ('2502654079', '170');
INSERT IGNORE INTO doctor_shift (AMKA, shift_id) VALUES ('1608881787', '170');
INSERT IGNORE INTO doctor_shift (AMKA, shift_id) VALUES ('1104529817', '170');
INSERT IGNORE INTO doctor_shift (AMKA, shift_id) VALUES ('1102752591', '170');
INSERT IGNORE INTO doctor_shift (AMKA, shift_id) VALUES ('0411980022', '170');
INSERT IGNORE INTO nurse_shift (AMKA, shift_id) VALUES ('0405455659', '170');
INSERT IGNORE INTO nurse_shift (AMKA, shift_id) VALUES ('2906619041', '170');
INSERT IGNORE INTO nurse_shift (AMKA, shift_id) VALUES ('1603685746', '170');
INSERT IGNORE INTO nurse_shift (AMKA, shift_id) VALUES ('1908934284', '170');
INSERT IGNORE INTO nurse_shift (AMKA, shift_id) VALUES ('1302876707', '170');
INSERT IGNORE INTO nurse_shift (AMKA, shift_id) VALUES ('2602489567', '170');
INSERT IGNORE INTO nurse_shift (AMKA, shift_id) VALUES ('1708849364', '170');
INSERT IGNORE INTO nurse_shift (AMKA, shift_id) VALUES ('0805529909', '170');
INSERT IGNORE INTO nurse_shift (AMKA, shift_id) VALUES ('1501974417', '170');
INSERT IGNORE INTO admin_shift (AMKA, shift_id) VALUES ('1703437989', '170');
INSERT IGNORE INTO admin_shift (AMKA, shift_id) VALUES ('0409007927', '170');
INSERT IGNORE INTO admin_shift (AMKA, shift_id) VALUES ('1203690867', '170');
UPDATE IGNORE shift SET status = TRUE WHERE shift_id = '170';
INSERT IGNORE INTO dept_shift (dept_name, shift_id) VALUES ('General surgery', '170');
INSERT INTO shift (day, type) VALUES ('2026-06-17 00:00:00', '15:00-23:00');
INSERT IGNORE INTO doctor_shift (AMKA, shift_id) VALUES ('1104529817', '171');
INSERT IGNORE INTO doctor_shift (AMKA, shift_id) VALUES ('0111647658', '171');
INSERT IGNORE INTO doctor_shift (AMKA, shift_id) VALUES ('1612748648', '171');
INSERT IGNORE INTO doctor_shift (AMKA, shift_id) VALUES ('2203718551', '171');
INSERT IGNORE INTO doctor_shift (AMKA, shift_id) VALUES ('2710712553', '171');
INSERT IGNORE INTO nurse_shift (AMKA, shift_id) VALUES ('1302876707', '171');
INSERT IGNORE INTO nurse_shift (AMKA, shift_id) VALUES ('0310576949', '171');
INSERT IGNORE INTO nurse_shift (AMKA, shift_id) VALUES ('1311513072', '171');
INSERT IGNORE INTO nurse_shift (AMKA, shift_id) VALUES ('0702609163', '171');
INSERT IGNORE INTO nurse_shift (AMKA, shift_id) VALUES ('0501507716', '171');
INSERT IGNORE INTO nurse_shift (AMKA, shift_id) VALUES ('2008408711', '171');
INSERT IGNORE INTO nurse_shift (AMKA, shift_id) VALUES ('0212459106', '171');
INSERT IGNORE INTO admin_shift (AMKA, shift_id) VALUES ('2311563644', '171');
INSERT IGNORE INTO admin_shift (AMKA, shift_id) VALUES ('1909728641', '171');
INSERT IGNORE INTO admin_shift (AMKA, shift_id) VALUES ('1108942647', '171');
UPDATE IGNORE shift SET status = TRUE WHERE shift_id = '171';
INSERT IGNORE INTO dept_shift (dept_name, shift_id) VALUES ('General surgery', '171');
INSERT INTO shift (day, type) VALUES ('2025-03-09 00:00:00', '23:00-07:00');
INSERT IGNORE INTO doctor_shift (AMKA, shift_id) VALUES ('0810802797', '172');
INSERT IGNORE INTO doctor_shift (AMKA, shift_id) VALUES ('2203718551', '172');
INSERT IGNORE INTO doctor_shift (AMKA, shift_id) VALUES ('0102891639', '172');
INSERT IGNORE INTO nurse_shift (AMKA, shift_id) VALUES ('1107666248', '172');
INSERT IGNORE INTO nurse_shift (AMKA, shift_id) VALUES ('2008408711', '172');
INSERT IGNORE INTO nurse_shift (AMKA, shift_id) VALUES ('0501507716', '172');
INSERT IGNORE INTO nurse_shift (AMKA, shift_id) VALUES ('1103802636', '172');
INSERT IGNORE INTO nurse_shift (AMKA, shift_id) VALUES ('0205417367', '172');
INSERT IGNORE INTO nurse_shift (AMKA, shift_id) VALUES ('2509796665', '172');
INSERT IGNORE INTO nurse_shift (AMKA, shift_id) VALUES ('2104682202', '172');
INSERT IGNORE INTO nurse_shift (AMKA, shift_id) VALUES ('1501974417', '172');
INSERT IGNORE INTO admin_shift (AMKA, shift_id) VALUES ('3107841971', '172');
INSERT IGNORE INTO admin_shift (AMKA, shift_id) VALUES ('1909762384', '172');
INSERT IGNORE INTO admin_shift (AMKA, shift_id) VALUES ('0903487819', '172');
INSERT IGNORE INTO admin_shift (AMKA, shift_id) VALUES ('1703437989', '172');
UPDATE IGNORE shift SET status = TRUE WHERE shift_id = '172';
INSERT IGNORE INTO dept_shift (dept_name, shift_id) VALUES ('General surgery', '172');
INSERT INTO shift (day, type) VALUES ('2025-04-30 00:00:00', '23:00-07:00');
INSERT IGNORE INTO doctor_shift (AMKA, shift_id) VALUES ('1101779403', '173');
INSERT IGNORE INTO doctor_shift (AMKA, shift_id) VALUES ('3012474240', '173');
INSERT IGNORE INTO doctor_shift (AMKA, shift_id) VALUES ('0303531282', '173');
INSERT IGNORE INTO doctor_shift (AMKA, shift_id) VALUES ('0301636140', '173');
INSERT IGNORE INTO doctor_shift (AMKA, shift_id) VALUES ('1805820786', '173');
INSERT IGNORE INTO doctor_shift (AMKA, shift_id) VALUES ('2412989437', '173');
INSERT IGNORE INTO doctor_shift (AMKA, shift_id) VALUES ('1206704867', '173');
INSERT IGNORE INTO doctor_shift (AMKA, shift_id) VALUES ('1403472446', '173');
INSERT IGNORE INTO nurse_shift (AMKA, shift_id) VALUES ('0607738540', '173');
INSERT IGNORE INTO nurse_shift (AMKA, shift_id) VALUES ('0909660903', '173');
INSERT IGNORE INTO nurse_shift (AMKA, shift_id) VALUES ('0302574411', '173');
INSERT IGNORE INTO nurse_shift (AMKA, shift_id) VALUES ('0205417367', '173');
INSERT IGNORE INTO nurse_shift (AMKA, shift_id) VALUES ('2110624175', '173');
INSERT IGNORE INTO nurse_shift (AMKA, shift_id) VALUES ('0201469512', '173');
INSERT IGNORE INTO nurse_shift (AMKA, shift_id) VALUES ('2509796665', '173');
INSERT IGNORE INTO nurse_shift (AMKA, shift_id) VALUES ('1207679089', '173');
INSERT IGNORE INTO admin_shift (AMKA, shift_id) VALUES ('2307565593', '173');
INSERT IGNORE INTO admin_shift (AMKA, shift_id) VALUES ('2009517049', '173');
UPDATE IGNORE shift SET status = TRUE WHERE shift_id = '173';
INSERT IGNORE INTO dept_shift (dept_name, shift_id) VALUES ('General surgery', '173');
INSERT INTO shift (day, type) VALUES ('2026-11-25 00:00:00', '23:00-07:00');
INSERT IGNORE INTO doctor_shift (AMKA, shift_id) VALUES ('2107936328', '174');
INSERT IGNORE INTO doctor_shift (AMKA, shift_id) VALUES ('1206704867', '174');
INSERT IGNORE INTO doctor_shift (AMKA, shift_id) VALUES ('0111647658', '174');
INSERT IGNORE INTO nurse_shift (AMKA, shift_id) VALUES ('1311513072', '174');
INSERT IGNORE INTO nurse_shift (AMKA, shift_id) VALUES ('2404736776', '174');
INSERT IGNORE INTO nurse_shift (AMKA, shift_id) VALUES ('2202788231', '174');
INSERT IGNORE INTO nurse_shift (AMKA, shift_id) VALUES ('2704562592', '174');
INSERT IGNORE INTO nurse_shift (AMKA, shift_id) VALUES ('2904573556', '174');
INSERT IGNORE INTO nurse_shift (AMKA, shift_id) VALUES ('1309466103', '174');
INSERT IGNORE INTO nurse_shift (AMKA, shift_id) VALUES ('0310576949', '174');
INSERT IGNORE INTO nurse_shift (AMKA, shift_id) VALUES ('0307004452', '174');
INSERT IGNORE INTO nurse_shift (AMKA, shift_id) VALUES ('0403530470', '174');
INSERT IGNORE INTO nurse_shift (AMKA, shift_id) VALUES ('2110624175', '174');
INSERT IGNORE INTO admin_shift (AMKA, shift_id) VALUES ('1407956296', '174');
INSERT IGNORE INTO admin_shift (AMKA, shift_id) VALUES ('0804527361', '174');
INSERT IGNORE INTO admin_shift (AMKA, shift_id) VALUES ('1003595467', '174');
INSERT IGNORE INTO admin_shift (AMKA, shift_id) VALUES ('1004500988', '174');
UPDATE IGNORE shift SET status = TRUE WHERE shift_id = '174';
INSERT IGNORE INTO dept_shift (dept_name, shift_id) VALUES ('General surgery', '174');
INSERT INTO shift (day, type) VALUES ('2025-08-21 00:00:00', '15:00-23:00');
INSERT IGNORE INTO doctor_shift (AMKA, shift_id) VALUES ('1007472193', '175');
INSERT IGNORE INTO doctor_shift (AMKA, shift_id) VALUES ('0308718729', '175');
INSERT IGNORE INTO doctor_shift (AMKA, shift_id) VALUES ('3012474240', '175');
INSERT IGNORE INTO doctor_shift (AMKA, shift_id) VALUES ('1905740744', '175');
INSERT IGNORE INTO doctor_shift (AMKA, shift_id) VALUES ('1611592474', '175');
INSERT IGNORE INTO doctor_shift (AMKA, shift_id) VALUES ('2811728295', '175');
INSERT IGNORE INTO doctor_shift (AMKA, shift_id) VALUES ('0411980022', '175');
INSERT IGNORE INTO doctor_shift (AMKA, shift_id) VALUES ('1104742723', '175');
INSERT IGNORE INTO nurse_shift (AMKA, shift_id) VALUES ('0607738540', '175');
INSERT IGNORE INTO nurse_shift (AMKA, shift_id) VALUES ('2704562592', '175');
INSERT IGNORE INTO nurse_shift (AMKA, shift_id) VALUES ('0403530470', '175');
INSERT IGNORE INTO nurse_shift (AMKA, shift_id) VALUES ('0205417367', '175');
INSERT IGNORE INTO nurse_shift (AMKA, shift_id) VALUES ('1501974417', '175');
INSERT IGNORE INTO nurse_shift (AMKA, shift_id) VALUES ('0310576949', '175');
INSERT IGNORE INTO admin_shift (AMKA, shift_id) VALUES ('3107841971', '175');
INSERT IGNORE INTO admin_shift (AMKA, shift_id) VALUES ('3006533908', '175');
INSERT IGNORE INTO admin_shift (AMKA, shift_id) VALUES ('2803665107', '175');
INSERT IGNORE INTO admin_shift (AMKA, shift_id) VALUES ('2912624436', '175');
UPDATE IGNORE shift SET status = TRUE WHERE shift_id = '175';
INSERT IGNORE INTO dept_shift (dept_name, shift_id) VALUES ('General surgery', '175');
INSERT INTO shift (day, type) VALUES ('2024-03-27 00:00:00', '23:00-07:00');
INSERT IGNORE INTO doctor_shift (AMKA, shift_id) VALUES ('0803989228', '176');
INSERT IGNORE INTO doctor_shift (AMKA, shift_id) VALUES ('2412989437', '176');
INSERT IGNORE INTO doctor_shift (AMKA, shift_id) VALUES ('2012810248', '176');
INSERT IGNORE INTO doctor_shift (AMKA, shift_id) VALUES ('3012474240', '176');
INSERT IGNORE INTO doctor_shift (AMKA, shift_id) VALUES ('0903695053', '176');
INSERT IGNORE INTO doctor_shift (AMKA, shift_id) VALUES ('1708511124', '176');
INSERT IGNORE INTO nurse_shift (AMKA, shift_id) VALUES ('3011568029', '176');
INSERT IGNORE INTO nurse_shift (AMKA, shift_id) VALUES ('1203883023', '176');
INSERT IGNORE INTO nurse_shift (AMKA, shift_id) VALUES ('1109842569', '176');
INSERT IGNORE INTO nurse_shift (AMKA, shift_id) VALUES ('0412861461', '176');
INSERT IGNORE INTO nurse_shift (AMKA, shift_id) VALUES ('0212459106', '176');
INSERT IGNORE INTO nurse_shift (AMKA, shift_id) VALUES ('2408602494', '176');
INSERT IGNORE INTO nurse_shift (AMKA, shift_id) VALUES ('2810445963', '176');
INSERT IGNORE INTO admin_shift (AMKA, shift_id) VALUES ('1011747457', '176');
INSERT IGNORE INTO admin_shift (AMKA, shift_id) VALUES ('0903914750', '176');
INSERT IGNORE INTO admin_shift (AMKA, shift_id) VALUES ('0606545053', '176');
INSERT IGNORE INTO admin_shift (AMKA, shift_id) VALUES ('0804527361', '176');
UPDATE IGNORE shift SET status = TRUE WHERE shift_id = '176';
INSERT IGNORE INTO dept_shift (dept_name, shift_id) VALUES ('General surgery', '176');
INSERT INTO shift (day, type) VALUES ('2024-12-01 00:00:00', '23:00-07:00');
INSERT IGNORE INTO doctor_shift (AMKA, shift_id) VALUES ('1104742723', '177');
INSERT IGNORE INTO doctor_shift (AMKA, shift_id) VALUES ('1701787998', '177');
INSERT IGNORE INTO doctor_shift (AMKA, shift_id) VALUES ('2312865669', '177');
INSERT IGNORE INTO nurse_shift (AMKA, shift_id) VALUES ('0702609163', '177');
INSERT IGNORE INTO nurse_shift (AMKA, shift_id) VALUES ('2704562592', '177');
INSERT IGNORE INTO nurse_shift (AMKA, shift_id) VALUES ('1601483351', '177');
INSERT IGNORE INTO nurse_shift (AMKA, shift_id) VALUES ('0311534815', '177');
INSERT IGNORE INTO nurse_shift (AMKA, shift_id) VALUES ('2411715378', '177');
INSERT IGNORE INTO nurse_shift (AMKA, shift_id) VALUES ('2903754769', '177');
INSERT IGNORE INTO nurse_shift (AMKA, shift_id) VALUES ('0212459106', '177');
INSERT IGNORE INTO admin_shift (AMKA, shift_id) VALUES ('3108668309', '177');
INSERT IGNORE INTO admin_shift (AMKA, shift_id) VALUES ('0903487819', '177');
UPDATE IGNORE shift SET status = TRUE WHERE shift_id = '177';
INSERT IGNORE INTO dept_shift (dept_name, shift_id) VALUES ('General surgery', '177');
INSERT INTO shift (day, type) VALUES ('2024-06-24 00:00:00', '15:00-23:00');
INSERT IGNORE INTO doctor_shift (AMKA, shift_id) VALUES ('0301525882', '178');
INSERT IGNORE INTO doctor_shift (AMKA, shift_id) VALUES ('2312865669', '178');
INSERT IGNORE INTO doctor_shift (AMKA, shift_id) VALUES ('3005978572', '178');
INSERT IGNORE INTO doctor_shift (AMKA, shift_id) VALUES ('0710954761', '178');
INSERT IGNORE INTO doctor_shift (AMKA, shift_id) VALUES ('2004702238', '178');
INSERT IGNORE INTO nurse_shift (AMKA, shift_id) VALUES ('0805529909', '178');
INSERT IGNORE INTO nurse_shift (AMKA, shift_id) VALUES ('1101855051', '178');
INSERT IGNORE INTO nurse_shift (AMKA, shift_id) VALUES ('1602668533', '178');
INSERT IGNORE INTO nurse_shift (AMKA, shift_id) VALUES ('0405455659', '178');
INSERT IGNORE INTO nurse_shift (AMKA, shift_id) VALUES ('0307004452', '178');
INSERT IGNORE INTO nurse_shift (AMKA, shift_id) VALUES ('0205417367', '178');
INSERT IGNORE INTO nurse_shift (AMKA, shift_id) VALUES ('2704562592', '178');
INSERT IGNORE INTO nurse_shift (AMKA, shift_id) VALUES ('1512807285', '178');
INSERT IGNORE INTO admin_shift (AMKA, shift_id) VALUES ('1401529676', '178');
INSERT IGNORE INTO admin_shift (AMKA, shift_id) VALUES ('1909728641', '178');
UPDATE IGNORE shift SET status = TRUE WHERE shift_id = '178';
INSERT IGNORE INTO dept_shift (dept_name, shift_id) VALUES ('General surgery', '178');
INSERT INTO shift (day, type) VALUES ('2026-06-11 00:00:00', '23:00-07:00');
INSERT IGNORE INTO doctor_shift (AMKA, shift_id) VALUES ('0308718729', '179');
INSERT IGNORE INTO doctor_shift (AMKA, shift_id) VALUES ('2406973031', '179');
INSERT IGNORE INTO doctor_shift (AMKA, shift_id) VALUES ('0611462338', '179');
INSERT IGNORE INTO doctor_shift (AMKA, shift_id) VALUES ('1305442503', '179');
INSERT IGNORE INTO doctor_shift (AMKA, shift_id) VALUES ('1206704867', '179');
INSERT IGNORE INTO doctor_shift (AMKA, shift_id) VALUES ('2811728295', '179');
INSERT IGNORE INTO nurse_shift (AMKA, shift_id) VALUES ('2104682202', '179');
INSERT IGNORE INTO nurse_shift (AMKA, shift_id) VALUES ('1512807285', '179');
INSERT IGNORE INTO nurse_shift (AMKA, shift_id) VALUES ('1707693139', '179');
INSERT IGNORE INTO nurse_shift (AMKA, shift_id) VALUES ('1607801274', '179');
INSERT IGNORE INTO nurse_shift (AMKA, shift_id) VALUES ('2301986927', '179');
INSERT IGNORE INTO nurse_shift (AMKA, shift_id) VALUES ('1111688464', '179');
INSERT IGNORE INTO nurse_shift (AMKA, shift_id) VALUES ('1304544511', '179');
INSERT IGNORE INTO nurse_shift (AMKA, shift_id) VALUES ('1603685746', '179');
INSERT IGNORE INTO nurse_shift (AMKA, shift_id) VALUES ('1809580815', '179');
INSERT IGNORE INTO nurse_shift (AMKA, shift_id) VALUES ('2810445963', '179');
INSERT IGNORE INTO admin_shift (AMKA, shift_id) VALUES ('1011747457', '179');
INSERT IGNORE INTO admin_shift (AMKA, shift_id) VALUES ('0409007927', '179');
INSERT IGNORE INTO admin_shift (AMKA, shift_id) VALUES ('1401438948', '179');
UPDATE IGNORE shift SET status = TRUE WHERE shift_id = '179';
INSERT IGNORE INTO dept_shift (dept_name, shift_id) VALUES ('General surgery', '179');
INSERT INTO shift (day, type) VALUES ('2025-04-24 00:00:00', '07:00-15:00');
INSERT IGNORE INTO doctor_shift (AMKA, shift_id) VALUES ('1101823701', '180');
INSERT IGNORE INTO doctor_shift (AMKA, shift_id) VALUES ('2412989437', '180');
INSERT IGNORE INTO doctor_shift (AMKA, shift_id) VALUES ('1107638937', '180');
INSERT IGNORE INTO doctor_shift (AMKA, shift_id) VALUES ('1604612218', '180');
INSERT IGNORE INTO doctor_shift (AMKA, shift_id) VALUES ('0111647658', '180');
INSERT IGNORE INTO nurse_shift (AMKA, shift_id) VALUES ('1103802636', '180');
INSERT IGNORE INTO nurse_shift (AMKA, shift_id) VALUES ('2705913673', '180');
INSERT IGNORE INTO nurse_shift (AMKA, shift_id) VALUES ('0501488320', '180');
INSERT IGNORE INTO nurse_shift (AMKA, shift_id) VALUES ('1512807285', '180');
INSERT IGNORE INTO nurse_shift (AMKA, shift_id) VALUES ('2812529967', '180');
INSERT IGNORE INTO nurse_shift (AMKA, shift_id) VALUES ('1311513072', '180');
INSERT IGNORE INTO nurse_shift (AMKA, shift_id) VALUES ('2409746735', '180');
INSERT IGNORE INTO nurse_shift (AMKA, shift_id) VALUES ('2704562592', '180');
INSERT IGNORE INTO nurse_shift (AMKA, shift_id) VALUES ('2411715378', '180');
INSERT IGNORE INTO nurse_shift (AMKA, shift_id) VALUES ('1112517867', '180');
INSERT IGNORE INTO admin_shift (AMKA, shift_id) VALUES ('3103504955', '180');
INSERT IGNORE INTO admin_shift (AMKA, shift_id) VALUES ('0903487819', '180');
INSERT IGNORE INTO admin_shift (AMKA, shift_id) VALUES ('2412702821', '180');
INSERT IGNORE INTO admin_shift (AMKA, shift_id) VALUES ('3107841971', '180');
UPDATE IGNORE shift SET status = TRUE WHERE shift_id = '180';
INSERT IGNORE INTO dept_shift (dept_name, shift_id) VALUES ('Gynaecology', '180');
INSERT INTO shift (day, type) VALUES ('2026-05-21 00:00:00', '23:00-07:00');
INSERT IGNORE INTO doctor_shift (AMKA, shift_id) VALUES ('0909662577', '181');
INSERT IGNORE INTO doctor_shift (AMKA, shift_id) VALUES ('3012474240', '181');
INSERT IGNORE INTO doctor_shift (AMKA, shift_id) VALUES ('0803576389', '181');
INSERT IGNORE INTO doctor_shift (AMKA, shift_id) VALUES ('1403910610', '181');
INSERT IGNORE INTO doctor_shift (AMKA, shift_id) VALUES ('2707864104', '181');
INSERT IGNORE INTO doctor_shift (AMKA, shift_id) VALUES ('1403472446', '181');
INSERT IGNORE INTO doctor_shift (AMKA, shift_id) VALUES ('0611462338', '181');
INSERT IGNORE INTO nurse_shift (AMKA, shift_id) VALUES ('2209772976', '181');
INSERT IGNORE INTO nurse_shift (AMKA, shift_id) VALUES ('2009974419', '181');
INSERT IGNORE INTO nurse_shift (AMKA, shift_id) VALUES ('1309466103', '181');
INSERT IGNORE INTO nurse_shift (AMKA, shift_id) VALUES ('1707693139', '181');
INSERT IGNORE INTO nurse_shift (AMKA, shift_id) VALUES ('0201469512', '181');
INSERT IGNORE INTO nurse_shift (AMKA, shift_id) VALUES ('2812529967', '181');
INSERT IGNORE INTO admin_shift (AMKA, shift_id) VALUES ('2311563644', '181');
INSERT IGNORE INTO admin_shift (AMKA, shift_id) VALUES ('0310498160', '181');
INSERT IGNORE INTO admin_shift (AMKA, shift_id) VALUES ('0601877562', '181');
INSERT IGNORE INTO admin_shift (AMKA, shift_id) VALUES ('2307565593', '181');
UPDATE IGNORE shift SET status = TRUE WHERE shift_id = '181';
INSERT IGNORE INTO dept_shift (dept_name, shift_id) VALUES ('Gynaecology', '181');
INSERT INTO shift (day, type) VALUES ('2024-02-01 00:00:00', '07:00-15:00');
INSERT IGNORE INTO doctor_shift (AMKA, shift_id) VALUES ('0410505068', '182');
INSERT IGNORE INTO doctor_shift (AMKA, shift_id) VALUES ('1611592474', '182');
INSERT IGNORE INTO doctor_shift (AMKA, shift_id) VALUES ('2510927096', '182');
INSERT IGNORE INTO doctor_shift (AMKA, shift_id) VALUES ('1210608936', '182');
INSERT IGNORE INTO doctor_shift (AMKA, shift_id) VALUES ('1210671054', '182');
INSERT IGNORE INTO doctor_shift (AMKA, shift_id) VALUES ('0308718729', '182');
INSERT IGNORE INTO nurse_shift (AMKA, shift_id) VALUES ('1703812899', '182');
INSERT IGNORE INTO nurse_shift (AMKA, shift_id) VALUES ('1907956316', '182');
INSERT IGNORE INTO nurse_shift (AMKA, shift_id) VALUES ('2411715378', '182');
INSERT IGNORE INTO nurse_shift (AMKA, shift_id) VALUES ('2211920600', '182');
INSERT IGNORE INTO nurse_shift (AMKA, shift_id) VALUES ('0311534815', '182');
INSERT IGNORE INTO nurse_shift (AMKA, shift_id) VALUES ('0909660903', '182');
INSERT IGNORE INTO nurse_shift (AMKA, shift_id) VALUES ('1908934284', '182');
INSERT IGNORE INTO nurse_shift (AMKA, shift_id) VALUES ('2407971013', '182');
INSERT IGNORE INTO admin_shift (AMKA, shift_id) VALUES ('1707612309', '182');
INSERT IGNORE INTO admin_shift (AMKA, shift_id) VALUES ('1001660800', '182');
INSERT IGNORE INTO admin_shift (AMKA, shift_id) VALUES ('1505621109', '182');
INSERT IGNORE INTO admin_shift (AMKA, shift_id) VALUES ('0804527361', '182');
UPDATE IGNORE shift SET status = TRUE WHERE shift_id = '182';
INSERT IGNORE INTO dept_shift (dept_name, shift_id) VALUES ('Gynaecology', '182');
INSERT INTO shift (day, type) VALUES ('2025-05-14 00:00:00', '15:00-23:00');
INSERT IGNORE INTO doctor_shift (AMKA, shift_id) VALUES ('3005978572', '183');
INSERT IGNORE INTO doctor_shift (AMKA, shift_id) VALUES ('1608881787', '183');
INSERT IGNORE INTO doctor_shift (AMKA, shift_id) VALUES ('1403910610', '183');
INSERT IGNORE INTO doctor_shift (AMKA, shift_id) VALUES ('2203718551', '183');
INSERT IGNORE INTO doctor_shift (AMKA, shift_id) VALUES ('2304595248', '183');
INSERT IGNORE INTO doctor_shift (AMKA, shift_id) VALUES ('0109876222', '183');
INSERT IGNORE INTO doctor_shift (AMKA, shift_id) VALUES ('1612748648', '183');
INSERT IGNORE INTO nurse_shift (AMKA, shift_id) VALUES ('2308761066', '183');
INSERT IGNORE INTO nurse_shift (AMKA, shift_id) VALUES ('2411715378', '183');
INSERT IGNORE INTO nurse_shift (AMKA, shift_id) VALUES ('1410472859', '183');
INSERT IGNORE INTO nurse_shift (AMKA, shift_id) VALUES ('2209772976', '183');
INSERT IGNORE INTO nurse_shift (AMKA, shift_id) VALUES ('2612984884', '183');
INSERT IGNORE INTO nurse_shift (AMKA, shift_id) VALUES ('1810684760', '183');
INSERT IGNORE INTO admin_shift (AMKA, shift_id) VALUES ('1412919767', '183');
INSERT IGNORE INTO admin_shift (AMKA, shift_id) VALUES ('0108846908', '183');
INSERT IGNORE INTO admin_shift (AMKA, shift_id) VALUES ('2610796674', '183');
UPDATE IGNORE shift SET status = TRUE WHERE shift_id = '183';
INSERT IGNORE INTO dept_shift (dept_name, shift_id) VALUES ('Gynaecology', '183');
INSERT INTO shift (day, type) VALUES ('2024-08-13 00:00:00', '07:00-15:00');
INSERT IGNORE INTO doctor_shift (AMKA, shift_id) VALUES ('1403472446', '184');
INSERT IGNORE INTO doctor_shift (AMKA, shift_id) VALUES ('2811728295', '184');
INSERT IGNORE INTO doctor_shift (AMKA, shift_id) VALUES ('0102891639', '184');
INSERT IGNORE INTO doctor_shift (AMKA, shift_id) VALUES ('2708408067', '184');
INSERT IGNORE INTO doctor_shift (AMKA, shift_id) VALUES ('0109876222', '184');
INSERT IGNORE INTO doctor_shift (AMKA, shift_id) VALUES ('1210671054', '184');
INSERT IGNORE INTO nurse_shift (AMKA, shift_id) VALUES ('0405455659', '184');
INSERT IGNORE INTO nurse_shift (AMKA, shift_id) VALUES ('3003940529', '184');
INSERT IGNORE INTO nurse_shift (AMKA, shift_id) VALUES ('0607738540', '184');
INSERT IGNORE INTO nurse_shift (AMKA, shift_id) VALUES ('1703812899', '184');
INSERT IGNORE INTO nurse_shift (AMKA, shift_id) VALUES ('1708849364', '184');
INSERT IGNORE INTO nurse_shift (AMKA, shift_id) VALUES ('1602668533', '184');
INSERT IGNORE INTO admin_shift (AMKA, shift_id) VALUES ('0903914750', '184');
INSERT IGNORE INTO admin_shift (AMKA, shift_id) VALUES ('2803665107', '184');
UPDATE IGNORE shift SET status = TRUE WHERE shift_id = '184';
INSERT IGNORE INTO dept_shift (dept_name, shift_id) VALUES ('Gynaecology', '184');
INSERT INTO shift (day, type) VALUES ('2026-02-24 00:00:00', '15:00-23:00');
INSERT IGNORE INTO doctor_shift (AMKA, shift_id) VALUES ('0508710262', '185');
INSERT IGNORE INTO doctor_shift (AMKA, shift_id) VALUES ('1403910610', '185');
INSERT IGNORE INTO doctor_shift (AMKA, shift_id) VALUES ('0303531282', '185');
INSERT IGNORE INTO doctor_shift (AMKA, shift_id) VALUES ('0710954761', '185');
INSERT IGNORE INTO doctor_shift (AMKA, shift_id) VALUES ('2108809189', '185');
INSERT IGNORE INTO doctor_shift (AMKA, shift_id) VALUES ('0104436410', '185');
INSERT IGNORE INTO doctor_shift (AMKA, shift_id) VALUES ('0301636140', '185');
INSERT IGNORE INTO doctor_shift (AMKA, shift_id) VALUES ('1007472193', '185');
INSERT IGNORE INTO nurse_shift (AMKA, shift_id) VALUES ('1101855051', '185');
INSERT IGNORE INTO nurse_shift (AMKA, shift_id) VALUES ('0509864586', '185');
INSERT IGNORE INTO nurse_shift (AMKA, shift_id) VALUES ('1410576808', '185');
INSERT IGNORE INTO nurse_shift (AMKA, shift_id) VALUES ('1304544511', '185');
INSERT IGNORE INTO nurse_shift (AMKA, shift_id) VALUES ('2905001644', '185');
INSERT IGNORE INTO nurse_shift (AMKA, shift_id) VALUES ('0905711630', '185');
INSERT IGNORE INTO nurse_shift (AMKA, shift_id) VALUES ('2509796665', '185');
INSERT IGNORE INTO nurse_shift (AMKA, shift_id) VALUES ('0208490904', '185');
INSERT IGNORE INTO admin_shift (AMKA, shift_id) VALUES ('2010921252', '185');
INSERT IGNORE INTO admin_shift (AMKA, shift_id) VALUES ('1711829846', '185');
INSERT IGNORE INTO admin_shift (AMKA, shift_id) VALUES ('1001660800', '185');
UPDATE IGNORE shift SET status = TRUE WHERE shift_id = '185';
INSERT IGNORE INTO dept_shift (dept_name, shift_id) VALUES ('Gynaecology', '185');
INSERT INTO shift (day, type) VALUES ('2026-09-27 00:00:00', '07:00-15:00');
INSERT IGNORE INTO doctor_shift (AMKA, shift_id) VALUES ('2708408067', '186');
INSERT IGNORE INTO doctor_shift (AMKA, shift_id) VALUES ('1104529817', '186');
INSERT IGNORE INTO doctor_shift (AMKA, shift_id) VALUES ('1403910610', '186');
INSERT IGNORE INTO doctor_shift (AMKA, shift_id) VALUES ('3005978572', '186');
INSERT IGNORE INTO doctor_shift (AMKA, shift_id) VALUES ('3012474240', '186');
INSERT IGNORE INTO doctor_shift (AMKA, shift_id) VALUES ('0102891639', '186');
INSERT IGNORE INTO nurse_shift (AMKA, shift_id) VALUES ('1304544511', '186');
INSERT IGNORE INTO nurse_shift (AMKA, shift_id) VALUES ('2407818176', '186');
INSERT IGNORE INTO nurse_shift (AMKA, shift_id) VALUES ('3011568029', '186');
INSERT IGNORE INTO nurse_shift (AMKA, shift_id) VALUES ('2005873415', '186');
INSERT IGNORE INTO nurse_shift (AMKA, shift_id) VALUES ('2012883023', '186');
INSERT IGNORE INTO nurse_shift (AMKA, shift_id) VALUES ('1603685746', '186');
INSERT IGNORE INTO admin_shift (AMKA, shift_id) VALUES ('1108942647', '186');
INSERT IGNORE INTO admin_shift (AMKA, shift_id) VALUES ('2610796674', '186');
UPDATE IGNORE shift SET status = TRUE WHERE shift_id = '186';
INSERT IGNORE INTO dept_shift (dept_name, shift_id) VALUES ('Gynaecology', '186');
INSERT INTO shift (day, type) VALUES ('2025-02-12 00:00:00', '07:00-15:00');
INSERT IGNORE INTO doctor_shift (AMKA, shift_id) VALUES ('0303531282', '187');
INSERT IGNORE INTO doctor_shift (AMKA, shift_id) VALUES ('0909662577', '187');
INSERT IGNORE INTO doctor_shift (AMKA, shift_id) VALUES ('2107936328', '187');
INSERT IGNORE INTO doctor_shift (AMKA, shift_id) VALUES ('0803989228', '187');
INSERT IGNORE INTO doctor_shift (AMKA, shift_id) VALUES ('0903695053', '187');
INSERT IGNORE INTO doctor_shift (AMKA, shift_id) VALUES ('1611592474', '187');
INSERT IGNORE INTO nurse_shift (AMKA, shift_id) VALUES ('0607738540', '187');
INSERT IGNORE INTO nurse_shift (AMKA, shift_id) VALUES ('1809580815', '187');
INSERT IGNORE INTO nurse_shift (AMKA, shift_id) VALUES ('2706529149', '187');
INSERT IGNORE INTO nurse_shift (AMKA, shift_id) VALUES ('0302574411', '187');
INSERT IGNORE INTO nurse_shift (AMKA, shift_id) VALUES ('1703812899', '187');
INSERT IGNORE INTO nurse_shift (AMKA, shift_id) VALUES ('2009974419', '187');
INSERT IGNORE INTO admin_shift (AMKA, shift_id) VALUES ('1407956296', '187');
INSERT IGNORE INTO admin_shift (AMKA, shift_id) VALUES ('2104667937', '187');
UPDATE IGNORE shift SET status = TRUE WHERE shift_id = '187';
INSERT IGNORE INTO dept_shift (dept_name, shift_id) VALUES ('Gynaecology', '187');
INSERT INTO shift (day, type) VALUES ('2025-06-17 00:00:00', '23:00-07:00');
INSERT IGNORE INTO doctor_shift (AMKA, shift_id) VALUES ('0610661297', '188');
INSERT IGNORE INTO doctor_shift (AMKA, shift_id) VALUES ('0909662577', '188');
INSERT IGNORE INTO doctor_shift (AMKA, shift_id) VALUES ('0301525882', '188');
INSERT IGNORE INTO nurse_shift (AMKA, shift_id) VALUES ('1810684760', '188');
INSERT IGNORE INTO nurse_shift (AMKA, shift_id) VALUES ('2105987694', '188');
INSERT IGNORE INTO nurse_shift (AMKA, shift_id) VALUES ('1603685746', '188');
INSERT IGNORE INTO nurse_shift (AMKA, shift_id) VALUES ('2812529967', '188');
INSERT IGNORE INTO nurse_shift (AMKA, shift_id) VALUES ('1107666248', '188');
INSERT IGNORE INTO nurse_shift (AMKA, shift_id) VALUES ('1809580815', '188');
INSERT IGNORE INTO admin_shift (AMKA, shift_id) VALUES ('1004500988', '188');
INSERT IGNORE INTO admin_shift (AMKA, shift_id) VALUES ('1807947524', '188');
UPDATE IGNORE shift SET status = TRUE WHERE shift_id = '188';
INSERT IGNORE INTO dept_shift (dept_name, shift_id) VALUES ('Gynaecology', '188');
INSERT INTO shift (day, type) VALUES ('2024-11-07 00:00:00', '07:00-15:00');
INSERT IGNORE INTO doctor_shift (AMKA, shift_id) VALUES ('0411550543', '189');
INSERT IGNORE INTO doctor_shift (AMKA, shift_id) VALUES ('0810802797', '189');
INSERT IGNORE INTO doctor_shift (AMKA, shift_id) VALUES ('2707864104', '189');
INSERT IGNORE INTO doctor_shift (AMKA, shift_id) VALUES ('2001691929', '189');
INSERT IGNORE INTO doctor_shift (AMKA, shift_id) VALUES ('0811685025', '189');
INSERT IGNORE INTO nurse_shift (AMKA, shift_id) VALUES ('2210732993', '189');
INSERT IGNORE INTO nurse_shift (AMKA, shift_id) VALUES ('2804482376', '189');
INSERT IGNORE INTO nurse_shift (AMKA, shift_id) VALUES ('0501507716', '189');
INSERT IGNORE INTO nurse_shift (AMKA, shift_id) VALUES ('2104682202', '189');
INSERT IGNORE INTO nurse_shift (AMKA, shift_id) VALUES ('1112517867', '189');
INSERT IGNORE INTO nurse_shift (AMKA, shift_id) VALUES ('1703812899', '189');
INSERT IGNORE INTO nurse_shift (AMKA, shift_id) VALUES ('2105987694', '189');
INSERT IGNORE INTO nurse_shift (AMKA, shift_id) VALUES ('1111688464', '189');
INSERT IGNORE INTO admin_shift (AMKA, shift_id) VALUES ('2803665107', '189');
INSERT IGNORE INTO admin_shift (AMKA, shift_id) VALUES ('0310498160', '189');
UPDATE IGNORE shift SET status = TRUE WHERE shift_id = '189';
INSERT IGNORE INTO dept_shift (dept_name, shift_id) VALUES ('Gynaecology', '189');
INSERT INTO shift (day, type) VALUES ('2024-06-14 00:00:00', '23:00-07:00');
INSERT IGNORE INTO doctor_shift (AMKA, shift_id) VALUES ('2107936328', '190');
INSERT IGNORE INTO doctor_shift (AMKA, shift_id) VALUES ('2312865669', '190');
INSERT IGNORE INTO doctor_shift (AMKA, shift_id) VALUES ('1102752591', '190');
INSERT IGNORE INTO nurse_shift (AMKA, shift_id) VALUES ('3003718056', '190');
INSERT IGNORE INTO nurse_shift (AMKA, shift_id) VALUES ('1503405303', '190');
INSERT IGNORE INTO nurse_shift (AMKA, shift_id) VALUES ('2308761066', '190');
INSERT IGNORE INTO nurse_shift (AMKA, shift_id) VALUES ('2211738105', '190');
INSERT IGNORE INTO nurse_shift (AMKA, shift_id) VALUES ('1302876707', '190');
INSERT IGNORE INTO nurse_shift (AMKA, shift_id) VALUES ('2105987694', '190');
INSERT IGNORE INTO nurse_shift (AMKA, shift_id) VALUES ('2810445963', '190');
INSERT IGNORE INTO nurse_shift (AMKA, shift_id) VALUES ('0501488320', '190');
INSERT IGNORE INTO nurse_shift (AMKA, shift_id) VALUES ('1410576808', '190');
INSERT IGNORE INTO admin_shift (AMKA, shift_id) VALUES ('1412919767', '190');
INSERT IGNORE INTO admin_shift (AMKA, shift_id) VALUES ('0108846908', '190');
UPDATE IGNORE shift SET status = TRUE WHERE shift_id = '190';
INSERT IGNORE INTO dept_shift (dept_name, shift_id) VALUES ('Gynaecology', '190');
INSERT INTO shift (day, type) VALUES ('2026-01-03 00:00:00', '15:00-23:00');
INSERT IGNORE INTO doctor_shift (AMKA, shift_id) VALUES ('1102752591', '191');
INSERT IGNORE INTO doctor_shift (AMKA, shift_id) VALUES ('1104742723', '191');
INSERT IGNORE INTO doctor_shift (AMKA, shift_id) VALUES ('2107936328', '191');
INSERT IGNORE INTO doctor_shift (AMKA, shift_id) VALUES ('0810802797', '191');
INSERT IGNORE INTO doctor_shift (AMKA, shift_id) VALUES ('0909662577', '191');
INSERT IGNORE INTO doctor_shift (AMKA, shift_id) VALUES ('1806762549', '191');
INSERT IGNORE INTO doctor_shift (AMKA, shift_id) VALUES ('2407887390', '191');
INSERT IGNORE INTO nurse_shift (AMKA, shift_id) VALUES ('2509796665', '191');
INSERT IGNORE INTO nurse_shift (AMKA, shift_id) VALUES ('2810445963', '191');
INSERT IGNORE INTO nurse_shift (AMKA, shift_id) VALUES ('0501507716', '191');
INSERT IGNORE INTO nurse_shift (AMKA, shift_id) VALUES ('1601483351', '191');
INSERT IGNORE INTO nurse_shift (AMKA, shift_id) VALUES ('1708849364', '191');
INSERT IGNORE INTO nurse_shift (AMKA, shift_id) VALUES ('1111688464', '191');
INSERT IGNORE INTO nurse_shift (AMKA, shift_id) VALUES ('1709556112', '191');
INSERT IGNORE INTO nurse_shift (AMKA, shift_id) VALUES ('2009974419', '191');
INSERT IGNORE INTO nurse_shift (AMKA, shift_id) VALUES ('2205716047', '191');
INSERT IGNORE INTO nurse_shift (AMKA, shift_id) VALUES ('3101743228', '191');
INSERT IGNORE INTO admin_shift (AMKA, shift_id) VALUES ('1711829846', '191');
INSERT IGNORE INTO admin_shift (AMKA, shift_id) VALUES ('2610796674', '191');
INSERT IGNORE INTO admin_shift (AMKA, shift_id) VALUES ('1909728641', '191');
UPDATE IGNORE shift SET status = TRUE WHERE shift_id = '191';
INSERT IGNORE INTO dept_shift (dept_name, shift_id) VALUES ('Gynaecology', '191');
INSERT INTO shift (day, type) VALUES ('2026-03-26 00:00:00', '23:00-07:00');
INSERT IGNORE INTO doctor_shift (AMKA, shift_id) VALUES ('1307618841', '192');
INSERT IGNORE INTO doctor_shift (AMKA, shift_id) VALUES ('2004702238', '192');
INSERT IGNORE INTO doctor_shift (AMKA, shift_id) VALUES ('2304595248', '192');
INSERT IGNORE INTO doctor_shift (AMKA, shift_id) VALUES ('1210671054', '192');
INSERT IGNORE INTO nurse_shift (AMKA, shift_id) VALUES ('0509864586', '192');
INSERT IGNORE INTO nurse_shift (AMKA, shift_id) VALUES ('2704562592', '192');
INSERT IGNORE INTO nurse_shift (AMKA, shift_id) VALUES ('1107666248', '192');
INSERT IGNORE INTO nurse_shift (AMKA, shift_id) VALUES ('0702609163', '192');
INSERT IGNORE INTO nurse_shift (AMKA, shift_id) VALUES ('0208490904', '192');
INSERT IGNORE INTO nurse_shift (AMKA, shift_id) VALUES ('1304544511', '192');
INSERT IGNORE INTO nurse_shift (AMKA, shift_id) VALUES ('1101855051', '192');
INSERT IGNORE INTO nurse_shift (AMKA, shift_id) VALUES ('2104682202', '192');
INSERT IGNORE INTO nurse_shift (AMKA, shift_id) VALUES ('1809580815', '192');
INSERT IGNORE INTO nurse_shift (AMKA, shift_id) VALUES ('0205417367', '192');
INSERT IGNORE INTO admin_shift (AMKA, shift_id) VALUES ('0212875455', '192');
INSERT IGNORE INTO admin_shift (AMKA, shift_id) VALUES ('2104667937', '192');
INSERT IGNORE INTO admin_shift (AMKA, shift_id) VALUES ('2009517049', '192');
INSERT IGNORE INTO admin_shift (AMKA, shift_id) VALUES ('2311563644', '192');
UPDATE IGNORE shift SET status = TRUE WHERE shift_id = '192';
INSERT IGNORE INTO dept_shift (dept_name, shift_id) VALUES ('Gynaecology', '192');
INSERT INTO shift (day, type) VALUES ('2026-07-11 00:00:00', '23:00-07:00');
INSERT IGNORE INTO doctor_shift (AMKA, shift_id) VALUES ('0308718729', '193');
INSERT IGNORE INTO doctor_shift (AMKA, shift_id) VALUES ('2107936328', '193');
INSERT IGNORE INTO doctor_shift (AMKA, shift_id) VALUES ('1612748648', '193');
INSERT IGNORE INTO doctor_shift (AMKA, shift_id) VALUES ('2206803094', '193');
INSERT IGNORE INTO doctor_shift (AMKA, shift_id) VALUES ('1107638937', '193');
INSERT IGNORE INTO doctor_shift (AMKA, shift_id) VALUES ('2510927096', '193');
INSERT IGNORE INTO nurse_shift (AMKA, shift_id) VALUES ('0311534815', '193');
INSERT IGNORE INTO nurse_shift (AMKA, shift_id) VALUES ('1601483351', '193');
INSERT IGNORE INTO nurse_shift (AMKA, shift_id) VALUES ('0302574411', '193');
INSERT IGNORE INTO nurse_shift (AMKA, shift_id) VALUES ('2301986927', '193');
INSERT IGNORE INTO nurse_shift (AMKA, shift_id) VALUES ('1109842569', '193');
INSERT IGNORE INTO nurse_shift (AMKA, shift_id) VALUES ('1709556112', '193');
INSERT IGNORE INTO nurse_shift (AMKA, shift_id) VALUES ('2202788231', '193');
INSERT IGNORE INTO nurse_shift (AMKA, shift_id) VALUES ('1107666248', '193');
INSERT IGNORE INTO nurse_shift (AMKA, shift_id) VALUES ('2005873415', '193');
INSERT IGNORE INTO nurse_shift (AMKA, shift_id) VALUES ('0905711630', '193');
INSERT IGNORE INTO admin_shift (AMKA, shift_id) VALUES ('3103504955', '193');
INSERT IGNORE INTO admin_shift (AMKA, shift_id) VALUES ('1412919767', '193');
INSERT IGNORE INTO admin_shift (AMKA, shift_id) VALUES ('1610915018', '193');
UPDATE IGNORE shift SET status = TRUE WHERE shift_id = '193';
INSERT IGNORE INTO dept_shift (dept_name, shift_id) VALUES ('Gynaecology', '193');
INSERT INTO shift (day, type) VALUES ('2024-10-23 00:00:00', '07:00-15:00');
INSERT IGNORE INTO doctor_shift (AMKA, shift_id) VALUES ('2003754733', '194');
INSERT IGNORE INTO doctor_shift (AMKA, shift_id) VALUES ('0301525882', '194');
INSERT IGNORE INTO doctor_shift (AMKA, shift_id) VALUES ('1805820786', '194');
INSERT IGNORE INTO doctor_shift (AMKA, shift_id) VALUES ('2407887390', '194');
INSERT IGNORE INTO doctor_shift (AMKA, shift_id) VALUES ('1403910610', '194');
INSERT IGNORE INTO doctor_shift (AMKA, shift_id) VALUES ('0802620737', '194');
INSERT IGNORE INTO nurse_shift (AMKA, shift_id) VALUES ('1101855051', '194');
INSERT IGNORE INTO nurse_shift (AMKA, shift_id) VALUES ('3101743228', '194');
INSERT IGNORE INTO nurse_shift (AMKA, shift_id) VALUES ('2209772976', '194');
INSERT IGNORE INTO nurse_shift (AMKA, shift_id) VALUES ('1107666248', '194');
INSERT IGNORE INTO nurse_shift (AMKA, shift_id) VALUES ('2612984884', '194');
INSERT IGNORE INTO nurse_shift (AMKA, shift_id) VALUES ('2408602494', '194');
INSERT IGNORE INTO admin_shift (AMKA, shift_id) VALUES ('1807947524', '194');
INSERT IGNORE INTO admin_shift (AMKA, shift_id) VALUES ('2403663964', '194');
UPDATE IGNORE shift SET status = TRUE WHERE shift_id = '194';
INSERT IGNORE INTO dept_shift (dept_name, shift_id) VALUES ('Gynaecology', '194');
INSERT INTO shift (day, type) VALUES ('2024-08-08 00:00:00', '15:00-23:00');
INSERT IGNORE INTO doctor_shift (AMKA, shift_id) VALUES ('0803989228', '195');
INSERT IGNORE INTO doctor_shift (AMKA, shift_id) VALUES ('0410505068', '195');
INSERT IGNORE INTO doctor_shift (AMKA, shift_id) VALUES ('1604612218', '195');
INSERT IGNORE INTO doctor_shift (AMKA, shift_id) VALUES ('1101779403', '195');
INSERT IGNORE INTO nurse_shift (AMKA, shift_id) VALUES ('2903754769', '195');
INSERT IGNORE INTO nurse_shift (AMKA, shift_id) VALUES ('2407818176', '195');
INSERT IGNORE INTO nurse_shift (AMKA, shift_id) VALUES ('1709556112', '195');
INSERT IGNORE INTO nurse_shift (AMKA, shift_id) VALUES ('2104682202', '195');
INSERT IGNORE INTO nurse_shift (AMKA, shift_id) VALUES ('2804482376', '195');
INSERT IGNORE INTO nurse_shift (AMKA, shift_id) VALUES ('2210732993', '195');
INSERT IGNORE INTO admin_shift (AMKA, shift_id) VALUES ('0806415082', '195');
INSERT IGNORE INTO admin_shift (AMKA, shift_id) VALUES ('0903487819', '195');
INSERT IGNORE INTO admin_shift (AMKA, shift_id) VALUES ('0212875455', '195');
INSERT IGNORE INTO admin_shift (AMKA, shift_id) VALUES ('3108668309', '195');
UPDATE IGNORE shift SET status = TRUE WHERE shift_id = '195';
INSERT IGNORE INTO dept_shift (dept_name, shift_id) VALUES ('Gynaecology', '195');
INSERT INTO shift (day, type) VALUES ('2024-09-07 00:00:00', '15:00-23:00');
INSERT IGNORE INTO doctor_shift (AMKA, shift_id) VALUES ('2203718551', '196');
INSERT IGNORE INTO doctor_shift (AMKA, shift_id) VALUES ('2710712553', '196');
INSERT IGNORE INTO doctor_shift (AMKA, shift_id) VALUES ('2510927096', '196');
INSERT IGNORE INTO doctor_shift (AMKA, shift_id) VALUES ('2301681047', '196');
INSERT IGNORE INTO doctor_shift (AMKA, shift_id) VALUES ('1305442503', '196');
INSERT IGNORE INTO doctor_shift (AMKA, shift_id) VALUES ('1701787998', '196');
INSERT IGNORE INTO nurse_shift (AMKA, shift_id) VALUES ('1311513072', '196');
INSERT IGNORE INTO nurse_shift (AMKA, shift_id) VALUES ('1712731602', '196');
INSERT IGNORE INTO nurse_shift (AMKA, shift_id) VALUES ('0310576949', '196');
INSERT IGNORE INTO nurse_shift (AMKA, shift_id) VALUES ('2612984884', '196');
INSERT IGNORE INTO nurse_shift (AMKA, shift_id) VALUES ('1207679089', '196');
INSERT IGNORE INTO nurse_shift (AMKA, shift_id) VALUES ('2906619041', '196');
INSERT IGNORE INTO nurse_shift (AMKA, shift_id) VALUES ('0208490904', '196');
INSERT IGNORE INTO nurse_shift (AMKA, shift_id) VALUES ('1703812899', '196');
INSERT IGNORE INTO nurse_shift (AMKA, shift_id) VALUES ('2407971013', '196');
INSERT IGNORE INTO admin_shift (AMKA, shift_id) VALUES ('2010921252', '196');
INSERT IGNORE INTO admin_shift (AMKA, shift_id) VALUES ('2204425556', '196');
INSERT IGNORE INTO admin_shift (AMKA, shift_id) VALUES ('0409007927', '196');
INSERT IGNORE INTO admin_shift (AMKA, shift_id) VALUES ('1004500988', '196');
UPDATE IGNORE shift SET status = TRUE WHERE shift_id = '196';
INSERT IGNORE INTO dept_shift (dept_name, shift_id) VALUES ('Gynaecology', '196');
INSERT INTO shift (day, type) VALUES ('2024-04-14 00:00:00', '23:00-07:00');
INSERT IGNORE INTO doctor_shift (AMKA, shift_id) VALUES ('1708511124', '197');
INSERT IGNORE INTO doctor_shift (AMKA, shift_id) VALUES ('0611462338', '197');
INSERT IGNORE INTO doctor_shift (AMKA, shift_id) VALUES ('0903695053', '197');
INSERT IGNORE INTO doctor_shift (AMKA, shift_id) VALUES ('0111647658', '197');
INSERT IGNORE INTO doctor_shift (AMKA, shift_id) VALUES ('0104436410', '197');
INSERT IGNORE INTO doctor_shift (AMKA, shift_id) VALUES ('2304595248', '197');
INSERT IGNORE INTO doctor_shift (AMKA, shift_id) VALUES ('1701787998', '197');
INSERT IGNORE INTO nurse_shift (AMKA, shift_id) VALUES ('1111688464', '197');
INSERT IGNORE INTO nurse_shift (AMKA, shift_id) VALUES ('3101743228', '197');
INSERT IGNORE INTO nurse_shift (AMKA, shift_id) VALUES ('0805529909', '197');
INSERT IGNORE INTO nurse_shift (AMKA, shift_id) VALUES ('2704562592', '197');
INSERT IGNORE INTO nurse_shift (AMKA, shift_id) VALUES ('1112517867', '197');
INSERT IGNORE INTO nurse_shift (AMKA, shift_id) VALUES ('1207679089', '197');
INSERT IGNORE INTO nurse_shift (AMKA, shift_id) VALUES ('2211738105', '197');
INSERT IGNORE INTO nurse_shift (AMKA, shift_id) VALUES ('0307004452', '197');
INSERT IGNORE INTO nurse_shift (AMKA, shift_id) VALUES ('1410472859', '197');
INSERT IGNORE INTO admin_shift (AMKA, shift_id) VALUES ('0903487819', '197');
INSERT IGNORE INTO admin_shift (AMKA, shift_id) VALUES ('1203690867', '197');
INSERT IGNORE INTO admin_shift (AMKA, shift_id) VALUES ('1703437989', '197');
INSERT IGNORE INTO admin_shift (AMKA, shift_id) VALUES ('0409007927', '197');
UPDATE IGNORE shift SET status = TRUE WHERE shift_id = '197';
INSERT IGNORE INTO dept_shift (dept_name, shift_id) VALUES ('Gynaecology', '197');
INSERT INTO shift (day, type) VALUES ('2026-04-09 00:00:00', '23:00-07:00');
INSERT IGNORE INTO doctor_shift (AMKA, shift_id) VALUES ('0301525882', '198');
INSERT IGNORE INTO doctor_shift (AMKA, shift_id) VALUES ('1306562994', '198');
INSERT IGNORE INTO doctor_shift (AMKA, shift_id) VALUES ('2412989437', '198');
INSERT IGNORE INTO nurse_shift (AMKA, shift_id) VALUES ('1410576808', '198');
INSERT IGNORE INTO nurse_shift (AMKA, shift_id) VALUES ('3107984441', '198');
INSERT IGNORE INTO nurse_shift (AMKA, shift_id) VALUES ('2810445963', '198');
INSERT IGNORE INTO nurse_shift (AMKA, shift_id) VALUES ('2612984884', '198');
INSERT IGNORE INTO nurse_shift (AMKA, shift_id) VALUES ('1311513072', '198');
INSERT IGNORE INTO nurse_shift (AMKA, shift_id) VALUES ('0607738540', '198');
INSERT IGNORE INTO nurse_shift (AMKA, shift_id) VALUES ('0509934508', '198');
INSERT IGNORE INTO nurse_shift (AMKA, shift_id) VALUES ('0212459106', '198');
INSERT IGNORE INTO admin_shift (AMKA, shift_id) VALUES ('1810691695', '198');
INSERT IGNORE INTO admin_shift (AMKA, shift_id) VALUES ('0601877562', '198');
INSERT IGNORE INTO admin_shift (AMKA, shift_id) VALUES ('1011747457', '198');
INSERT IGNORE INTO admin_shift (AMKA, shift_id) VALUES ('2311845679', '198');
UPDATE IGNORE shift SET status = TRUE WHERE shift_id = '198';
INSERT IGNORE INTO dept_shift (dept_name, shift_id) VALUES ('Gynaecology', '198');
INSERT INTO shift (day, type) VALUES ('2026-12-04 00:00:00', '15:00-23:00');
INSERT IGNORE INTO doctor_shift (AMKA, shift_id) VALUES ('2806888346', '199');
INSERT IGNORE INTO doctor_shift (AMKA, shift_id) VALUES ('2811728295', '199');
INSERT IGNORE INTO doctor_shift (AMKA, shift_id) VALUES ('2710712553', '199');
INSERT IGNORE INTO doctor_shift (AMKA, shift_id) VALUES ('0102891639', '199');
INSERT IGNORE INTO doctor_shift (AMKA, shift_id) VALUES ('1403472446', '199');
INSERT IGNORE INTO doctor_shift (AMKA, shift_id) VALUES ('1210671054', '199');
INSERT IGNORE INTO doctor_shift (AMKA, shift_id) VALUES ('0710954761', '199');
INSERT IGNORE INTO nurse_shift (AMKA, shift_id) VALUES ('1203883023', '199');
INSERT IGNORE INTO nurse_shift (AMKA, shift_id) VALUES ('1107666248', '199');
INSERT IGNORE INTO nurse_shift (AMKA, shift_id) VALUES ('2612984884', '199');
INSERT IGNORE INTO nurse_shift (AMKA, shift_id) VALUES ('2210732993', '199');
INSERT IGNORE INTO nurse_shift (AMKA, shift_id) VALUES ('1210633994', '199');
INSERT IGNORE INTO nurse_shift (AMKA, shift_id) VALUES ('1601483351', '199');
INSERT IGNORE INTO admin_shift (AMKA, shift_id) VALUES ('0310498160', '199');
INSERT IGNORE INTO admin_shift (AMKA, shift_id) VALUES ('2412702821', '199');
INSERT IGNORE INTO admin_shift (AMKA, shift_id) VALUES ('2912624436', '199');
INSERT IGNORE INTO admin_shift (AMKA, shift_id) VALUES ('1004500988', '199');
UPDATE IGNORE shift SET status = TRUE WHERE shift_id = '199';
INSERT IGNORE INTO dept_shift (dept_name, shift_id) VALUES ('Haematology', '199');
INSERT INTO shift (day, type) VALUES ('2024-01-11 00:00:00', '07:00-15:00');
INSERT IGNORE INTO doctor_shift (AMKA, shift_id) VALUES ('0909662577', '200');
INSERT IGNORE INTO doctor_shift (AMKA, shift_id) VALUES ('2403567012', '200');
INSERT IGNORE INTO doctor_shift (AMKA, shift_id) VALUES ('2502654079', '200');
INSERT IGNORE INTO nurse_shift (AMKA, shift_id) VALUES ('1103802636', '200');
INSERT IGNORE INTO nurse_shift (AMKA, shift_id) VALUES ('1809580815', '200');
INSERT IGNORE INTO nurse_shift (AMKA, shift_id) VALUES ('2408602494', '200');
INSERT IGNORE INTO nurse_shift (AMKA, shift_id) VALUES ('2407818176', '200');
INSERT IGNORE INTO nurse_shift (AMKA, shift_id) VALUES ('1807594302', '200');
INSERT IGNORE INTO nurse_shift (AMKA, shift_id) VALUES ('2009974419', '200');
INSERT IGNORE INTO nurse_shift (AMKA, shift_id) VALUES ('3107984441', '200');
INSERT IGNORE INTO nurse_shift (AMKA, shift_id) VALUES ('1207679089', '200');
INSERT IGNORE INTO admin_shift (AMKA, shift_id) VALUES ('0409007927', '200');
INSERT IGNORE INTO admin_shift (AMKA, shift_id) VALUES ('2311845679', '200');
UPDATE IGNORE shift SET status = TRUE WHERE shift_id = '200';
INSERT IGNORE INTO dept_shift (dept_name, shift_id) VALUES ('Haematology', '200');
INSERT INTO shift (day, type) VALUES ('2026-01-12 00:00:00', '15:00-23:00');
INSERT IGNORE INTO doctor_shift (AMKA, shift_id) VALUES ('0301525882', '201');
INSERT IGNORE INTO doctor_shift (AMKA, shift_id) VALUES ('1104529817', '201');
INSERT IGNORE INTO doctor_shift (AMKA, shift_id) VALUES ('1210671054', '201');
INSERT IGNORE INTO doctor_shift (AMKA, shift_id) VALUES ('0802620737', '201');
INSERT IGNORE INTO doctor_shift (AMKA, shift_id) VALUES ('0109876222', '201');
INSERT IGNORE INTO doctor_shift (AMKA, shift_id) VALUES ('2312865669', '201');
INSERT IGNORE INTO nurse_shift (AMKA, shift_id) VALUES ('2706529149', '201');
INSERT IGNORE INTO nurse_shift (AMKA, shift_id) VALUES ('2408602494', '201');
INSERT IGNORE INTO nurse_shift (AMKA, shift_id) VALUES ('0307004452', '201');
INSERT IGNORE INTO nurse_shift (AMKA, shift_id) VALUES ('0310576949', '201');
INSERT IGNORE INTO nurse_shift (AMKA, shift_id) VALUES ('0311534815', '201');
INSERT IGNORE INTO nurse_shift (AMKA, shift_id) VALUES ('1807594302', '201');
INSERT IGNORE INTO nurse_shift (AMKA, shift_id) VALUES ('2210732993', '201');
INSERT IGNORE INTO nurse_shift (AMKA, shift_id) VALUES ('2008408711', '201');
INSERT IGNORE INTO nurse_shift (AMKA, shift_id) VALUES ('0805529909', '201');
INSERT IGNORE INTO nurse_shift (AMKA, shift_id) VALUES ('1603685746', '201');
INSERT IGNORE INTO admin_shift (AMKA, shift_id) VALUES ('1909762384', '201');
INSERT IGNORE INTO admin_shift (AMKA, shift_id) VALUES ('0212875455', '201');
INSERT IGNORE INTO admin_shift (AMKA, shift_id) VALUES ('2204425556', '201');
INSERT IGNORE INTO admin_shift (AMKA, shift_id) VALUES ('1004500988', '201');
UPDATE IGNORE shift SET status = TRUE WHERE shift_id = '201';
INSERT IGNORE INTO dept_shift (dept_name, shift_id) VALUES ('Haematology', '201');
INSERT INTO shift (day, type) VALUES ('2025-03-02 00:00:00', '15:00-23:00');
INSERT IGNORE INTO doctor_shift (AMKA, shift_id) VALUES ('2203718551', '202');
INSERT IGNORE INTO doctor_shift (AMKA, shift_id) VALUES ('1004748289', '202');
INSERT IGNORE INTO doctor_shift (AMKA, shift_id) VALUES ('1904466405', '202');
INSERT IGNORE INTO doctor_shift (AMKA, shift_id) VALUES ('2407887390', '202');
INSERT IGNORE INTO doctor_shift (AMKA, shift_id) VALUES ('2304595248', '202');
INSERT IGNORE INTO doctor_shift (AMKA, shift_id) VALUES ('1905740744', '202');
INSERT IGNORE INTO doctor_shift (AMKA, shift_id) VALUES ('2806888346', '202');
INSERT IGNORE INTO nurse_shift (AMKA, shift_id) VALUES ('2812529967', '202');
INSERT IGNORE INTO nurse_shift (AMKA, shift_id) VALUES ('2905001644', '202');
INSERT IGNORE INTO nurse_shift (AMKA, shift_id) VALUES ('2202788231', '202');
INSERT IGNORE INTO nurse_shift (AMKA, shift_id) VALUES ('0702609163', '202');
INSERT IGNORE INTO nurse_shift (AMKA, shift_id) VALUES ('2903754769', '202');
INSERT IGNORE INTO nurse_shift (AMKA, shift_id) VALUES ('0905711630', '202');
INSERT IGNORE INTO nurse_shift (AMKA, shift_id) VALUES ('0607738540', '202');
INSERT IGNORE INTO admin_shift (AMKA, shift_id) VALUES ('2010921252', '202');
INSERT IGNORE INTO admin_shift (AMKA, shift_id) VALUES ('0409007927', '202');
UPDATE IGNORE shift SET status = TRUE WHERE shift_id = '202';
INSERT IGNORE INTO dept_shift (dept_name, shift_id) VALUES ('Haematology', '202');
INSERT INTO shift (day, type) VALUES ('2026-06-15 00:00:00', '23:00-07:00');
INSERT IGNORE INTO doctor_shift (AMKA, shift_id) VALUES ('2206803094', '203');
INSERT IGNORE INTO doctor_shift (AMKA, shift_id) VALUES ('0301525882', '203');
INSERT IGNORE INTO doctor_shift (AMKA, shift_id) VALUES ('2403567012', '203');
INSERT IGNORE INTO doctor_shift (AMKA, shift_id) VALUES ('0811685025', '203');
INSERT IGNORE INTO doctor_shift (AMKA, shift_id) VALUES ('2710712553', '203');
INSERT IGNORE INTO nurse_shift (AMKA, shift_id) VALUES ('1410576808', '203');
INSERT IGNORE INTO nurse_shift (AMKA, shift_id) VALUES ('0909660903', '203');
INSERT IGNORE INTO nurse_shift (AMKA, shift_id) VALUES ('1203883023', '203');
INSERT IGNORE INTO nurse_shift (AMKA, shift_id) VALUES ('0403530470', '203');
INSERT IGNORE INTO nurse_shift (AMKA, shift_id) VALUES ('0405455659', '203');
INSERT IGNORE INTO nurse_shift (AMKA, shift_id) VALUES ('0303995114', '203');
INSERT IGNORE INTO nurse_shift (AMKA, shift_id) VALUES ('0501488320', '203');
INSERT IGNORE INTO nurse_shift (AMKA, shift_id) VALUES ('2308761066', '203');
INSERT IGNORE INTO nurse_shift (AMKA, shift_id) VALUES ('0607738540', '203');
INSERT IGNORE INTO nurse_shift (AMKA, shift_id) VALUES ('2211920600', '203');
INSERT IGNORE INTO admin_shift (AMKA, shift_id) VALUES ('2104667937', '203');
INSERT IGNORE INTO admin_shift (AMKA, shift_id) VALUES ('1909762384', '203');
UPDATE IGNORE shift SET status = TRUE WHERE shift_id = '203';
INSERT IGNORE INTO dept_shift (dept_name, shift_id) VALUES ('Haematology', '203');
INSERT INTO shift (day, type) VALUES ('2024-12-22 00:00:00', '23:00-07:00');
INSERT IGNORE INTO doctor_shift (AMKA, shift_id) VALUES ('2710712553', '204');
INSERT IGNORE INTO doctor_shift (AMKA, shift_id) VALUES ('2406973031', '204');
INSERT IGNORE INTO doctor_shift (AMKA, shift_id) VALUES ('1608881787', '204');
INSERT IGNORE INTO doctor_shift (AMKA, shift_id) VALUES ('2206803094', '204');
INSERT IGNORE INTO doctor_shift (AMKA, shift_id) VALUES ('0611462338', '204');
INSERT IGNORE INTO doctor_shift (AMKA, shift_id) VALUES ('1101823701', '204');
INSERT IGNORE INTO doctor_shift (AMKA, shift_id) VALUES ('1806762549', '204');
INSERT IGNORE INTO doctor_shift (AMKA, shift_id) VALUES ('0308718729', '204');
INSERT IGNORE INTO nurse_shift (AMKA, shift_id) VALUES ('2205716047', '204');
INSERT IGNORE INTO nurse_shift (AMKA, shift_id) VALUES ('1809580815', '204');
INSERT IGNORE INTO nurse_shift (AMKA, shift_id) VALUES ('0412861461', '204');
INSERT IGNORE INTO nurse_shift (AMKA, shift_id) VALUES ('2009974419', '204');
INSERT IGNORE INTO nurse_shift (AMKA, shift_id) VALUES ('2612984884', '204');
INSERT IGNORE INTO nurse_shift (AMKA, shift_id) VALUES ('0509864586', '204');
INSERT IGNORE INTO admin_shift (AMKA, shift_id) VALUES ('2912624436', '204');
INSERT IGNORE INTO admin_shift (AMKA, shift_id) VALUES ('1610915018', '204');
INSERT IGNORE INTO admin_shift (AMKA, shift_id) VALUES ('0601877562', '204');
INSERT IGNORE INTO admin_shift (AMKA, shift_id) VALUES ('3006533908', '204');
UPDATE IGNORE shift SET status = TRUE WHERE shift_id = '204';
INSERT IGNORE INTO dept_shift (dept_name, shift_id) VALUES ('Haematology', '204');
INSERT INTO shift (day, type) VALUES ('2026-03-07 00:00:00', '15:00-23:00');
INSERT IGNORE INTO doctor_shift (AMKA, shift_id) VALUES ('0810802797', '205');
INSERT IGNORE INTO doctor_shift (AMKA, shift_id) VALUES ('1701787998', '205');
INSERT IGNORE INTO doctor_shift (AMKA, shift_id) VALUES ('2710712553', '205');
INSERT IGNORE INTO doctor_shift (AMKA, shift_id) VALUES ('1807676900', '205');
INSERT IGNORE INTO nurse_shift (AMKA, shift_id) VALUES ('1112517867', '205');
INSERT IGNORE INTO nurse_shift (AMKA, shift_id) VALUES ('2202788231', '205');
INSERT IGNORE INTO nurse_shift (AMKA, shift_id) VALUES ('0601427360', '205');
INSERT IGNORE INTO nurse_shift (AMKA, shift_id) VALUES ('1304544511', '205');
INSERT IGNORE INTO nurse_shift (AMKA, shift_id) VALUES ('2110624175', '205');
INSERT IGNORE INTO nurse_shift (AMKA, shift_id) VALUES ('1603685746', '205');
INSERT IGNORE INTO nurse_shift (AMKA, shift_id) VALUES ('2411715378', '205');
INSERT IGNORE INTO nurse_shift (AMKA, shift_id) VALUES ('2804482376', '205');
INSERT IGNORE INTO nurse_shift (AMKA, shift_id) VALUES ('2012883023', '205');
INSERT IGNORE INTO admin_shift (AMKA, shift_id) VALUES ('2204425556', '205');
INSERT IGNORE INTO admin_shift (AMKA, shift_id) VALUES ('0310498160', '205');
UPDATE IGNORE shift SET status = TRUE WHERE shift_id = '205';
INSERT IGNORE INTO dept_shift (dept_name, shift_id) VALUES ('Haematology', '205');
INSERT INTO shift (day, type) VALUES ('2024-01-18 00:00:00', '07:00-15:00');
INSERT IGNORE INTO doctor_shift (AMKA, shift_id) VALUES ('0508710262', '206');
INSERT IGNORE INTO doctor_shift (AMKA, shift_id) VALUES ('0811685025', '206');
INSERT IGNORE INTO doctor_shift (AMKA, shift_id) VALUES ('1206704867', '206');
INSERT IGNORE INTO doctor_shift (AMKA, shift_id) VALUES ('2012810248', '206');
INSERT IGNORE INTO doctor_shift (AMKA, shift_id) VALUES ('0410505068', '206');
INSERT IGNORE INTO doctor_shift (AMKA, shift_id) VALUES ('2407887390', '206');
INSERT IGNORE INTO nurse_shift (AMKA, shift_id) VALUES ('2202788231', '206');
INSERT IGNORE INTO nurse_shift (AMKA, shift_id) VALUES ('2211738105', '206');
INSERT IGNORE INTO nurse_shift (AMKA, shift_id) VALUES ('0805529909', '206');
INSERT IGNORE INTO nurse_shift (AMKA, shift_id) VALUES ('1103802636', '206');
INSERT IGNORE INTO nurse_shift (AMKA, shift_id) VALUES ('2005873415', '206');
INSERT IGNORE INTO nurse_shift (AMKA, shift_id) VALUES ('1101855051', '206');
INSERT IGNORE INTO nurse_shift (AMKA, shift_id) VALUES ('0302574411', '206');
INSERT IGNORE INTO nurse_shift (AMKA, shift_id) VALUES ('2105987694', '206');
INSERT IGNORE INTO nurse_shift (AMKA, shift_id) VALUES ('1601483351', '206');
INSERT IGNORE INTO nurse_shift (AMKA, shift_id) VALUES ('0211835314', '206');
INSERT IGNORE INTO admin_shift (AMKA, shift_id) VALUES ('1203690867', '206');
INSERT IGNORE INTO admin_shift (AMKA, shift_id) VALUES ('1407956296', '206');
INSERT IGNORE INTO admin_shift (AMKA, shift_id) VALUES ('1711829846', '206');
INSERT IGNORE INTO admin_shift (AMKA, shift_id) VALUES ('0903914750', '206');
UPDATE IGNORE shift SET status = TRUE WHERE shift_id = '206';
INSERT IGNORE INTO dept_shift (dept_name, shift_id) VALUES ('Haematology', '206');
INSERT INTO shift (day, type) VALUES ('2026-03-22 00:00:00', '23:00-07:00');
INSERT IGNORE INTO doctor_shift (AMKA, shift_id) VALUES ('0611462338', '207');
INSERT IGNORE INTO doctor_shift (AMKA, shift_id) VALUES ('3005978572', '207');
INSERT IGNORE INTO doctor_shift (AMKA, shift_id) VALUES ('1912912516', '207');
INSERT IGNORE INTO nurse_shift (AMKA, shift_id) VALUES ('2205716047', '207');
INSERT IGNORE INTO nurse_shift (AMKA, shift_id) VALUES ('0311534815', '207');
INSERT IGNORE INTO nurse_shift (AMKA, shift_id) VALUES ('2009974419', '207');
INSERT IGNORE INTO nurse_shift (AMKA, shift_id) VALUES ('2211920600', '207');
INSERT IGNORE INTO nurse_shift (AMKA, shift_id) VALUES ('2008408711', '207');
INSERT IGNORE INTO nurse_shift (AMKA, shift_id) VALUES ('2812529967', '207');
INSERT IGNORE INTO nurse_shift (AMKA, shift_id) VALUES ('1410472859', '207');
INSERT IGNORE INTO nurse_shift (AMKA, shift_id) VALUES ('1601483351', '207');
INSERT IGNORE INTO nurse_shift (AMKA, shift_id) VALUES ('2705913673', '207');
INSERT IGNORE INTO admin_shift (AMKA, shift_id) VALUES ('1011747457', '207');
INSERT IGNORE INTO admin_shift (AMKA, shift_id) VALUES ('2104667937', '207');
INSERT IGNORE INTO admin_shift (AMKA, shift_id) VALUES ('0903914750', '207');
UPDATE IGNORE shift SET status = TRUE WHERE shift_id = '207';
INSERT IGNORE INTO dept_shift (dept_name, shift_id) VALUES ('Haematology', '207');
INSERT INTO shift (day, type) VALUES ('2025-03-01 00:00:00', '23:00-07:00');
INSERT IGNORE INTO doctor_shift (AMKA, shift_id) VALUES ('1305442503', '208');
INSERT IGNORE INTO doctor_shift (AMKA, shift_id) VALUES ('0802620737', '208');
INSERT IGNORE INTO doctor_shift (AMKA, shift_id) VALUES ('2304595248', '208');
INSERT IGNORE INTO doctor_shift (AMKA, shift_id) VALUES ('1307618841', '208');
INSERT IGNORE INTO doctor_shift (AMKA, shift_id) VALUES ('0109876222', '208');
INSERT IGNORE INTO nurse_shift (AMKA, shift_id) VALUES ('2602489567', '208');
INSERT IGNORE INTO nurse_shift (AMKA, shift_id) VALUES ('1501974417', '208');
INSERT IGNORE INTO nurse_shift (AMKA, shift_id) VALUES ('2903754769', '208');
INSERT IGNORE INTO nurse_shift (AMKA, shift_id) VALUES ('0201469512', '208');
INSERT IGNORE INTO nurse_shift (AMKA, shift_id) VALUES ('1103802636', '208');
INSERT IGNORE INTO nurse_shift (AMKA, shift_id) VALUES ('2009974419', '208');
INSERT IGNORE INTO nurse_shift (AMKA, shift_id) VALUES ('2904573556', '208');
INSERT IGNORE INTO nurse_shift (AMKA, shift_id) VALUES ('0805529909', '208');
INSERT IGNORE INTO nurse_shift (AMKA, shift_id) VALUES ('2407818176', '208');
INSERT IGNORE INTO nurse_shift (AMKA, shift_id) VALUES ('0310576949', '208');
INSERT IGNORE INTO admin_shift (AMKA, shift_id) VALUES ('1909728641', '208');
INSERT IGNORE INTO admin_shift (AMKA, shift_id) VALUES ('1610915018', '208');
INSERT IGNORE INTO admin_shift (AMKA, shift_id) VALUES ('0807583265', '208');
UPDATE IGNORE shift SET status = TRUE WHERE shift_id = '208';
INSERT IGNORE INTO dept_shift (dept_name, shift_id) VALUES ('Haematology', '208');
INSERT INTO shift (day, type) VALUES ('2024-08-25 00:00:00', '07:00-15:00');
INSERT IGNORE INTO doctor_shift (AMKA, shift_id) VALUES ('0308718729', '209');
INSERT IGNORE INTO doctor_shift (AMKA, shift_id) VALUES ('2707864104', '209');
INSERT IGNORE INTO doctor_shift (AMKA, shift_id) VALUES ('1905740744', '209');
INSERT IGNORE INTO nurse_shift (AMKA, shift_id) VALUES ('2205716047', '209');
INSERT IGNORE INTO nurse_shift (AMKA, shift_id) VALUES ('1602668533', '209');
INSERT IGNORE INTO nurse_shift (AMKA, shift_id) VALUES ('0208490904', '209');
INSERT IGNORE INTO nurse_shift (AMKA, shift_id) VALUES ('1302876707', '209');
INSERT IGNORE INTO nurse_shift (AMKA, shift_id) VALUES ('1707693139', '209');
INSERT IGNORE INTO nurse_shift (AMKA, shift_id) VALUES ('0805529909', '209');
INSERT IGNORE INTO nurse_shift (AMKA, shift_id) VALUES ('0307004452', '209');
INSERT IGNORE INTO nurse_shift (AMKA, shift_id) VALUES ('1210633994', '209');
INSERT IGNORE INTO nurse_shift (AMKA, shift_id) VALUES ('1810684760', '209');
INSERT IGNORE INTO nurse_shift (AMKA, shift_id) VALUES ('2804482376', '209');
INSERT IGNORE INTO admin_shift (AMKA, shift_id) VALUES ('0807583265', '209');
INSERT IGNORE INTO admin_shift (AMKA, shift_id) VALUES ('1003595467', '209');
INSERT IGNORE INTO admin_shift (AMKA, shift_id) VALUES ('1909762384', '209');
UPDATE IGNORE shift SET status = TRUE WHERE shift_id = '209';
INSERT IGNORE INTO dept_shift (dept_name, shift_id) VALUES ('Haematology', '209');
INSERT INTO shift (day, type) VALUES ('2026-07-17 00:00:00', '15:00-23:00');
INSERT IGNORE INTO doctor_shift (AMKA, shift_id) VALUES ('2312865669', '210');
INSERT IGNORE INTO doctor_shift (AMKA, shift_id) VALUES ('1905740744', '210');
INSERT IGNORE INTO doctor_shift (AMKA, shift_id) VALUES ('2004702238', '210');
INSERT IGNORE INTO doctor_shift (AMKA, shift_id) VALUES ('0301636140', '210');
INSERT IGNORE INTO doctor_shift (AMKA, shift_id) VALUES ('1806762549', '210');
INSERT IGNORE INTO nurse_shift (AMKA, shift_id) VALUES ('0208490904', '210');
INSERT IGNORE INTO nurse_shift (AMKA, shift_id) VALUES ('2704562592', '210');
INSERT IGNORE INTO nurse_shift (AMKA, shift_id) VALUES ('1712731602', '210');
INSERT IGNORE INTO nurse_shift (AMKA, shift_id) VALUES ('2005873415', '210');
INSERT IGNORE INTO nurse_shift (AMKA, shift_id) VALUES ('2409746735', '210');
INSERT IGNORE INTO nurse_shift (AMKA, shift_id) VALUES ('2706529149', '210');
INSERT IGNORE INTO admin_shift (AMKA, shift_id) VALUES ('0606545053', '210');
INSERT IGNORE INTO admin_shift (AMKA, shift_id) VALUES ('1003595467', '210');
UPDATE IGNORE shift SET status = TRUE WHERE shift_id = '210';
INSERT IGNORE INTO dept_shift (dept_name, shift_id) VALUES ('Haematology', '210');
INSERT INTO shift (day, type) VALUES ('2024-03-13 00:00:00', '23:00-07:00');
INSERT IGNORE INTO doctor_shift (AMKA, shift_id) VALUES ('0710954761', '211');
INSERT IGNORE INTO doctor_shift (AMKA, shift_id) VALUES ('1904466405', '211');
INSERT IGNORE INTO doctor_shift (AMKA, shift_id) VALUES ('0406974498', '211');
INSERT IGNORE INTO nurse_shift (AMKA, shift_id) VALUES ('0302574411', '211');
INSERT IGNORE INTO nurse_shift (AMKA, shift_id) VALUES ('1703812899', '211');
INSERT IGNORE INTO nurse_shift (AMKA, shift_id) VALUES ('0310576949', '211');
INSERT IGNORE INTO nurse_shift (AMKA, shift_id) VALUES ('0607738540', '211');
INSERT IGNORE INTO nurse_shift (AMKA, shift_id) VALUES ('2810445963', '211');
INSERT IGNORE INTO nurse_shift (AMKA, shift_id) VALUES ('2705913673', '211');
INSERT IGNORE INTO nurse_shift (AMKA, shift_id) VALUES ('0702609163', '211');
INSERT IGNORE INTO nurse_shift (AMKA, shift_id) VALUES ('3003718056', '211');
INSERT IGNORE INTO nurse_shift (AMKA, shift_id) VALUES ('1907956316', '211');
INSERT IGNORE INTO admin_shift (AMKA, shift_id) VALUES ('0409007927', '211');
INSERT IGNORE INTO admin_shift (AMKA, shift_id) VALUES ('3108668309', '211');
INSERT IGNORE INTO admin_shift (AMKA, shift_id) VALUES ('2403663964', '211');
INSERT IGNORE INTO admin_shift (AMKA, shift_id) VALUES ('1909728641', '211');
UPDATE IGNORE shift SET status = TRUE WHERE shift_id = '211';
INSERT IGNORE INTO dept_shift (dept_name, shift_id) VALUES ('Haematology', '211');
INSERT INTO shift (day, type) VALUES ('2024-12-15 00:00:00', '23:00-07:00');
INSERT IGNORE INTO doctor_shift (AMKA, shift_id) VALUES ('2407887390', '212');
INSERT IGNORE INTO doctor_shift (AMKA, shift_id) VALUES ('2004702238', '212');
INSERT IGNORE INTO doctor_shift (AMKA, shift_id) VALUES ('2403567012', '212');
INSERT IGNORE INTO doctor_shift (AMKA, shift_id) VALUES ('1107638937', '212');
INSERT IGNORE INTO nurse_shift (AMKA, shift_id) VALUES ('2906619041', '212');
INSERT IGNORE INTO nurse_shift (AMKA, shift_id) VALUES ('2105987694', '212');
INSERT IGNORE INTO nurse_shift (AMKA, shift_id) VALUES ('0909660903', '212');
INSERT IGNORE INTO nurse_shift (AMKA, shift_id) VALUES ('1709556112', '212');
INSERT IGNORE INTO nurse_shift (AMKA, shift_id) VALUES ('2202745833', '212');
INSERT IGNORE INTO nurse_shift (AMKA, shift_id) VALUES ('1602668533', '212');
INSERT IGNORE INTO nurse_shift (AMKA, shift_id) VALUES ('3101743228', '212');
INSERT IGNORE INTO admin_shift (AMKA, shift_id) VALUES ('0212875455', '212');
INSERT IGNORE INTO admin_shift (AMKA, shift_id) VALUES ('1001660800', '212');
INSERT IGNORE INTO admin_shift (AMKA, shift_id) VALUES ('2104667937', '212');
UPDATE IGNORE shift SET status = TRUE WHERE shift_id = '212';
INSERT IGNORE INTO dept_shift (dept_name, shift_id) VALUES ('Haematology', '212');
INSERT INTO shift (day, type) VALUES ('2025-07-12 00:00:00', '15:00-23:00');
INSERT IGNORE INTO doctor_shift (AMKA, shift_id) VALUES ('2406973031', '213');
INSERT IGNORE INTO doctor_shift (AMKA, shift_id) VALUES ('1306562994', '213');
INSERT IGNORE INTO doctor_shift (AMKA, shift_id) VALUES ('1904466405', '213');
INSERT IGNORE INTO doctor_shift (AMKA, shift_id) VALUES ('1403472446', '213');
INSERT IGNORE INTO doctor_shift (AMKA, shift_id) VALUES ('0508710262', '213');
INSERT IGNORE INTO nurse_shift (AMKA, shift_id) VALUES ('0501488320', '213');
INSERT IGNORE INTO nurse_shift (AMKA, shift_id) VALUES ('1703812899', '213');
INSERT IGNORE INTO nurse_shift (AMKA, shift_id) VALUES ('2704562592', '213');
INSERT IGNORE INTO nurse_shift (AMKA, shift_id) VALUES ('2903754769', '213');
INSERT IGNORE INTO nurse_shift (AMKA, shift_id) VALUES ('1302876707', '213');
INSERT IGNORE INTO nurse_shift (AMKA, shift_id) VALUES ('1302478288', '213');
INSERT IGNORE INTO nurse_shift (AMKA, shift_id) VALUES ('1503405303', '213');
INSERT IGNORE INTO nurse_shift (AMKA, shift_id) VALUES ('2404736776', '213');
INSERT IGNORE INTO nurse_shift (AMKA, shift_id) VALUES ('1607801274', '213');
INSERT IGNORE INTO admin_shift (AMKA, shift_id) VALUES ('2104667937', '213');
INSERT IGNORE INTO admin_shift (AMKA, shift_id) VALUES ('1003595467', '213');
UPDATE IGNORE shift SET status = TRUE WHERE shift_id = '213';
INSERT IGNORE INTO dept_shift (dept_name, shift_id) VALUES ('Haematology', '213');
INSERT INTO shift (day, type) VALUES ('2026-11-06 00:00:00', '07:00-15:00');
INSERT IGNORE INTO doctor_shift (AMKA, shift_id) VALUES ('0508710262', '214');
INSERT IGNORE INTO doctor_shift (AMKA, shift_id) VALUES ('2407887390', '214');
INSERT IGNORE INTO doctor_shift (AMKA, shift_id) VALUES ('0802620737', '214');
INSERT IGNORE INTO doctor_shift (AMKA, shift_id) VALUES ('2811728295', '214');
INSERT IGNORE INTO doctor_shift (AMKA, shift_id) VALUES ('0602879802', '214');
INSERT IGNORE INTO doctor_shift (AMKA, shift_id) VALUES ('0410505068', '214');
INSERT IGNORE INTO doctor_shift (AMKA, shift_id) VALUES ('3012474240', '214');
INSERT IGNORE INTO nurse_shift (AMKA, shift_id) VALUES ('2810445963', '214');
INSERT IGNORE INTO nurse_shift (AMKA, shift_id) VALUES ('1309466103', '214');
INSERT IGNORE INTO nurse_shift (AMKA, shift_id) VALUES ('0303995114', '214');
INSERT IGNORE INTO nurse_shift (AMKA, shift_id) VALUES ('2905001644', '214');
INSERT IGNORE INTO nurse_shift (AMKA, shift_id) VALUES ('2105987694', '214');
INSERT IGNORE INTO nurse_shift (AMKA, shift_id) VALUES ('2411715378', '214');
INSERT IGNORE INTO nurse_shift (AMKA, shift_id) VALUES ('2408602494', '214');
INSERT IGNORE INTO nurse_shift (AMKA, shift_id) VALUES ('2705913673', '214');
INSERT IGNORE INTO nurse_shift (AMKA, shift_id) VALUES ('0307004452', '214');
INSERT IGNORE INTO nurse_shift (AMKA, shift_id) VALUES ('2209772976', '214');
INSERT IGNORE INTO admin_shift (AMKA, shift_id) VALUES ('2311563644', '214');
INSERT IGNORE INTO admin_shift (AMKA, shift_id) VALUES ('2412702821', '214');
UPDATE IGNORE shift SET status = TRUE WHERE shift_id = '214';
INSERT IGNORE INTO dept_shift (dept_name, shift_id) VALUES ('Haematology', '214');
INSERT INTO shift (day, type) VALUES ('2026-09-20 00:00:00', '23:00-07:00');
INSERT IGNORE INTO doctor_shift (AMKA, shift_id) VALUES ('0909662577', '215');
INSERT IGNORE INTO doctor_shift (AMKA, shift_id) VALUES ('2203718551', '215');
INSERT IGNORE INTO doctor_shift (AMKA, shift_id) VALUES ('1403472446', '215');
INSERT IGNORE INTO nurse_shift (AMKA, shift_id) VALUES ('0307004452', '215');
INSERT IGNORE INTO nurse_shift (AMKA, shift_id) VALUES ('2205716047', '215');
INSERT IGNORE INTO nurse_shift (AMKA, shift_id) VALUES ('1707693139', '215');
INSERT IGNORE INTO nurse_shift (AMKA, shift_id) VALUES ('1503405303', '215');
INSERT IGNORE INTO nurse_shift (AMKA, shift_id) VALUES ('1103802636', '215');
INSERT IGNORE INTO nurse_shift (AMKA, shift_id) VALUES ('2812529967', '215');
INSERT IGNORE INTO nurse_shift (AMKA, shift_id) VALUES ('2509796665', '215');
INSERT IGNORE INTO nurse_shift (AMKA, shift_id) VALUES ('1601483351', '215');
INSERT IGNORE INTO nurse_shift (AMKA, shift_id) VALUES ('0302574411', '215');
INSERT IGNORE INTO admin_shift (AMKA, shift_id) VALUES ('1004500988', '215');
INSERT IGNORE INTO admin_shift (AMKA, shift_id) VALUES ('0108846908', '215');
INSERT IGNORE INTO admin_shift (AMKA, shift_id) VALUES ('2009517049', '215');
INSERT IGNORE INTO admin_shift (AMKA, shift_id) VALUES ('0601877562', '215');
UPDATE IGNORE shift SET status = TRUE WHERE shift_id = '215';
INSERT IGNORE INTO dept_shift (dept_name, shift_id) VALUES ('Haematology', '215');
INSERT INTO shift (day, type) VALUES ('2026-06-16 00:00:00', '15:00-23:00');
INSERT IGNORE INTO doctor_shift (AMKA, shift_id) VALUES ('1305442503', '216');
INSERT IGNORE INTO doctor_shift (AMKA, shift_id) VALUES ('2301681047', '216');
INSERT IGNORE INTO doctor_shift (AMKA, shift_id) VALUES ('1905740744', '216');
INSERT IGNORE INTO nurse_shift (AMKA, shift_id) VALUES ('2810445963', '216');
INSERT IGNORE INTO nurse_shift (AMKA, shift_id) VALUES ('3107984441', '216');
INSERT IGNORE INTO nurse_shift (AMKA, shift_id) VALUES ('2012883023', '216');
INSERT IGNORE INTO nurse_shift (AMKA, shift_id) VALUES ('1712731602', '216');
INSERT IGNORE INTO nurse_shift (AMKA, shift_id) VALUES ('2211920600', '216');
INSERT IGNORE INTO nurse_shift (AMKA, shift_id) VALUES ('0601427360', '216');
INSERT IGNORE INTO admin_shift (AMKA, shift_id) VALUES ('2610796674', '216');
INSERT IGNORE INTO admin_shift (AMKA, shift_id) VALUES ('2104509361', '216');
UPDATE IGNORE shift SET status = TRUE WHERE shift_id = '216';
INSERT IGNORE INTO dept_shift (dept_name, shift_id) VALUES ('Haematology', '216');
INSERT INTO shift (day, type) VALUES ('2024-05-10 00:00:00', '15:00-23:00');
INSERT IGNORE INTO doctor_shift (AMKA, shift_id) VALUES ('0301636140', '217');
INSERT IGNORE INTO doctor_shift (AMKA, shift_id) VALUES ('0903695053', '217');
INSERT IGNORE INTO doctor_shift (AMKA, shift_id) VALUES ('0406974498', '217');
INSERT IGNORE INTO doctor_shift (AMKA, shift_id) VALUES ('1206704867', '217');
INSERT IGNORE INTO doctor_shift (AMKA, shift_id) VALUES ('1107638937', '217');
INSERT IGNORE INTO doctor_shift (AMKA, shift_id) VALUES ('1305442503', '217');
INSERT IGNORE INTO doctor_shift (AMKA, shift_id) VALUES ('0104436410', '217');
INSERT IGNORE INTO doctor_shift (AMKA, shift_id) VALUES ('1912912516', '217');
INSERT IGNORE INTO nurse_shift (AMKA, shift_id) VALUES ('0403530470', '217');
INSERT IGNORE INTO nurse_shift (AMKA, shift_id) VALUES ('1603685746', '217');
INSERT IGNORE INTO nurse_shift (AMKA, shift_id) VALUES ('1101855051', '217');
INSERT IGNORE INTO nurse_shift (AMKA, shift_id) VALUES ('2411715378', '217');
INSERT IGNORE INTO nurse_shift (AMKA, shift_id) VALUES ('1410576808', '217');
INSERT IGNORE INTO nurse_shift (AMKA, shift_id) VALUES ('0211835314', '217');
INSERT IGNORE INTO admin_shift (AMKA, shift_id) VALUES ('2210867288', '217');
INSERT IGNORE INTO admin_shift (AMKA, shift_id) VALUES ('0806415082', '217');
INSERT IGNORE INTO admin_shift (AMKA, shift_id) VALUES ('3103504955', '217');
INSERT IGNORE INTO admin_shift (AMKA, shift_id) VALUES ('0903487819', '217');
UPDATE IGNORE shift SET status = TRUE WHERE shift_id = '217';
INSERT IGNORE INTO dept_shift (dept_name, shift_id) VALUES ('Haematology', '217');
INSERT INTO shift (day, type) VALUES ('2024-04-27 00:00:00', '07:00-15:00');
INSERT IGNORE INTO doctor_shift (AMKA, shift_id) VALUES ('1608881787', '218');
INSERT IGNORE INTO doctor_shift (AMKA, shift_id) VALUES ('2806888346', '218');
INSERT IGNORE INTO doctor_shift (AMKA, shift_id) VALUES ('2403567012', '218');
INSERT IGNORE INTO doctor_shift (AMKA, shift_id) VALUES ('2203633666', '218');
INSERT IGNORE INTO doctor_shift (AMKA, shift_id) VALUES ('0602879802', '218');
INSERT IGNORE INTO doctor_shift (AMKA, shift_id) VALUES ('0710954761', '218');
INSERT IGNORE INTO doctor_shift (AMKA, shift_id) VALUES ('1206704867', '218');
INSERT IGNORE INTO nurse_shift (AMKA, shift_id) VALUES ('1501974417', '218');
INSERT IGNORE INTO nurse_shift (AMKA, shift_id) VALUES ('2308761066', '218');
INSERT IGNORE INTO nurse_shift (AMKA, shift_id) VALUES ('2110624175', '218');
INSERT IGNORE INTO nurse_shift (AMKA, shift_id) VALUES ('0211835314', '218');
INSERT IGNORE INTO nurse_shift (AMKA, shift_id) VALUES ('1602668533', '218');
INSERT IGNORE INTO nurse_shift (AMKA, shift_id) VALUES ('3011568029', '218');
INSERT IGNORE INTO nurse_shift (AMKA, shift_id) VALUES ('1103802636', '218');
INSERT IGNORE INTO admin_shift (AMKA, shift_id) VALUES ('2412702821', '218');
INSERT IGNORE INTO admin_shift (AMKA, shift_id) VALUES ('0807583265', '218');
INSERT IGNORE INTO admin_shift (AMKA, shift_id) VALUES ('3107841971', '218');
UPDATE IGNORE shift SET status = TRUE WHERE shift_id = '218';
INSERT IGNORE INTO dept_shift (dept_name, shift_id) VALUES ('Pediatrics', '218');
INSERT INTO shift (day, type) VALUES ('2025-12-05 00:00:00', '15:00-23:00');
INSERT IGNORE INTO doctor_shift (AMKA, shift_id) VALUES ('2108809189', '219');
INSERT IGNORE INTO doctor_shift (AMKA, shift_id) VALUES ('1912912516', '219');
INSERT IGNORE INTO doctor_shift (AMKA, shift_id) VALUES ('2012810248', '219');
INSERT IGNORE INTO doctor_shift (AMKA, shift_id) VALUES ('3005978572', '219');
INSERT IGNORE INTO doctor_shift (AMKA, shift_id) VALUES ('1104529817', '219');
INSERT IGNORE INTO nurse_shift (AMKA, shift_id) VALUES ('2812529967', '219');
INSERT IGNORE INTO nurse_shift (AMKA, shift_id) VALUES ('1601483351', '219');
INSERT IGNORE INTO nurse_shift (AMKA, shift_id) VALUES ('1210633994', '219');
INSERT IGNORE INTO nurse_shift (AMKA, shift_id) VALUES ('0302574411', '219');
INSERT IGNORE INTO nurse_shift (AMKA, shift_id) VALUES ('2005873415', '219');
INSERT IGNORE INTO nurse_shift (AMKA, shift_id) VALUES ('2906619041', '219');
INSERT IGNORE INTO nurse_shift (AMKA, shift_id) VALUES ('0211835314', '219');
INSERT IGNORE INTO admin_shift (AMKA, shift_id) VALUES ('0212875455', '219');
INSERT IGNORE INTO admin_shift (AMKA, shift_id) VALUES ('3108420255', '219');
INSERT IGNORE INTO admin_shift (AMKA, shift_id) VALUES ('1505621109', '219');
UPDATE IGNORE shift SET status = TRUE WHERE shift_id = '219';
INSERT IGNORE INTO dept_shift (dept_name, shift_id) VALUES ('Pediatrics', '219');
INSERT INTO shift (day, type) VALUES ('2024-03-12 00:00:00', '15:00-23:00');
INSERT IGNORE INTO doctor_shift (AMKA, shift_id) VALUES ('0508710262', '220');
INSERT IGNORE INTO doctor_shift (AMKA, shift_id) VALUES ('1101779403', '220');
INSERT IGNORE INTO doctor_shift (AMKA, shift_id) VALUES ('1708511124', '220');
INSERT IGNORE INTO doctor_shift (AMKA, shift_id) VALUES ('1905740744', '220');
INSERT IGNORE INTO nurse_shift (AMKA, shift_id) VALUES ('2012883023', '220');
INSERT IGNORE INTO nurse_shift (AMKA, shift_id) VALUES ('0201469512', '220');
INSERT IGNORE INTO nurse_shift (AMKA, shift_id) VALUES ('2210732993', '220');
INSERT IGNORE INTO nurse_shift (AMKA, shift_id) VALUES ('2612984884', '220');
INSERT IGNORE INTO nurse_shift (AMKA, shift_id) VALUES ('2704562592', '220');
INSERT IGNORE INTO nurse_shift (AMKA, shift_id) VALUES ('2404736776', '220');
INSERT IGNORE INTO nurse_shift (AMKA, shift_id) VALUES ('2301986927', '220');
INSERT IGNORE INTO nurse_shift (AMKA, shift_id) VALUES ('1709556112', '220');
INSERT IGNORE INTO admin_shift (AMKA, shift_id) VALUES ('1407956296', '220');
INSERT IGNORE INTO admin_shift (AMKA, shift_id) VALUES ('3108668309', '220');
INSERT IGNORE INTO admin_shift (AMKA, shift_id) VALUES ('0108846908', '220');
UPDATE IGNORE shift SET status = TRUE WHERE shift_id = '220';
INSERT IGNORE INTO dept_shift (dept_name, shift_id) VALUES ('Pediatrics', '220');
INSERT INTO shift (day, type) VALUES ('2026-05-13 00:00:00', '07:00-15:00');
INSERT IGNORE INTO doctor_shift (AMKA, shift_id) VALUES ('1701787998', '221');
INSERT IGNORE INTO doctor_shift (AMKA, shift_id) VALUES ('1806762549', '221');
INSERT IGNORE INTO doctor_shift (AMKA, shift_id) VALUES ('1805820786', '221');
INSERT IGNORE INTO doctor_shift (AMKA, shift_id) VALUES ('0301525882', '221');
INSERT IGNORE INTO doctor_shift (AMKA, shift_id) VALUES ('2707864104', '221');
INSERT IGNORE INTO doctor_shift (AMKA, shift_id) VALUES ('0611462338', '221');
INSERT IGNORE INTO nurse_shift (AMKA, shift_id) VALUES ('0208490904', '221');
INSERT IGNORE INTO nurse_shift (AMKA, shift_id) VALUES ('1112517867', '221');
INSERT IGNORE INTO nurse_shift (AMKA, shift_id) VALUES ('2906619041', '221');
INSERT IGNORE INTO nurse_shift (AMKA, shift_id) VALUES ('1410472859', '221');
INSERT IGNORE INTO nurse_shift (AMKA, shift_id) VALUES ('2407971013', '221');
INSERT IGNORE INTO nurse_shift (AMKA, shift_id) VALUES ('1210633994', '221');
INSERT IGNORE INTO nurse_shift (AMKA, shift_id) VALUES ('2905001644', '221');
INSERT IGNORE INTO nurse_shift (AMKA, shift_id) VALUES ('1602668533', '221');
INSERT IGNORE INTO nurse_shift (AMKA, shift_id) VALUES ('1309466103', '221');
INSERT IGNORE INTO admin_shift (AMKA, shift_id) VALUES ('1401438948', '221');
INSERT IGNORE INTO admin_shift (AMKA, shift_id) VALUES ('1401529676', '221');
INSERT IGNORE INTO admin_shift (AMKA, shift_id) VALUES ('0807583265', '221');
INSERT IGNORE INTO admin_shift (AMKA, shift_id) VALUES ('2912624436', '221');
UPDATE IGNORE shift SET status = TRUE WHERE shift_id = '221';
INSERT IGNORE INTO dept_shift (dept_name, shift_id) VALUES ('Pediatrics', '221');
INSERT INTO shift (day, type) VALUES ('2025-08-03 00:00:00', '23:00-07:00');
INSERT IGNORE INTO doctor_shift (AMKA, shift_id) VALUES ('1107638937', '222');
INSERT IGNORE INTO doctor_shift (AMKA, shift_id) VALUES ('0810802797', '222');
INSERT IGNORE INTO doctor_shift (AMKA, shift_id) VALUES ('2708408067', '222');
INSERT IGNORE INTO doctor_shift (AMKA, shift_id) VALUES ('1904466405', '222');
INSERT IGNORE INTO doctor_shift (AMKA, shift_id) VALUES ('0710954761', '222');
INSERT IGNORE INTO doctor_shift (AMKA, shift_id) VALUES ('1004748289', '222');
INSERT IGNORE INTO doctor_shift (AMKA, shift_id) VALUES ('0111647658', '222');
INSERT IGNORE INTO nurse_shift (AMKA, shift_id) VALUES ('1107666248', '222');
INSERT IGNORE INTO nurse_shift (AMKA, shift_id) VALUES ('1207679089', '222');
INSERT IGNORE INTO nurse_shift (AMKA, shift_id) VALUES ('2012883023', '222');
INSERT IGNORE INTO nurse_shift (AMKA, shift_id) VALUES ('2602489567', '222');
INSERT IGNORE INTO nurse_shift (AMKA, shift_id) VALUES ('2301986927', '222');
INSERT IGNORE INTO nurse_shift (AMKA, shift_id) VALUES ('1006891535', '222');
INSERT IGNORE INTO nurse_shift (AMKA, shift_id) VALUES ('1703812899', '222');
INSERT IGNORE INTO nurse_shift (AMKA, shift_id) VALUES ('1601483351', '222');
INSERT IGNORE INTO nurse_shift (AMKA, shift_id) VALUES ('1109842569', '222');
INSERT IGNORE INTO admin_shift (AMKA, shift_id) VALUES ('1003595467', '222');
INSERT IGNORE INTO admin_shift (AMKA, shift_id) VALUES ('1004500988', '222');
UPDATE IGNORE shift SET status = TRUE WHERE shift_id = '222';
INSERT IGNORE INTO dept_shift (dept_name, shift_id) VALUES ('Pediatrics', '222');
INSERT INTO shift (day, type) VALUES ('2025-01-14 00:00:00', '23:00-07:00');
INSERT IGNORE INTO doctor_shift (AMKA, shift_id) VALUES ('2001691929', '223');
INSERT IGNORE INTO doctor_shift (AMKA, shift_id) VALUES ('1912912516', '223');
INSERT IGNORE INTO doctor_shift (AMKA, shift_id) VALUES ('1210608936', '223');
INSERT IGNORE INTO doctor_shift (AMKA, shift_id) VALUES ('0411550543', '223');
INSERT IGNORE INTO doctor_shift (AMKA, shift_id) VALUES ('0811685025', '223');
INSERT IGNORE INTO doctor_shift (AMKA, shift_id) VALUES ('2412989437', '223');
INSERT IGNORE INTO doctor_shift (AMKA, shift_id) VALUES ('0803576389', '223');
INSERT IGNORE INTO nurse_shift (AMKA, shift_id) VALUES ('2407818176', '223');
INSERT IGNORE INTO nurse_shift (AMKA, shift_id) VALUES ('2104682202', '223');
INSERT IGNORE INTO nurse_shift (AMKA, shift_id) VALUES ('0501488320', '223');
INSERT IGNORE INTO nurse_shift (AMKA, shift_id) VALUES ('2906619041', '223');
INSERT IGNORE INTO nurse_shift (AMKA, shift_id) VALUES ('2211738105', '223');
INSERT IGNORE INTO nurse_shift (AMKA, shift_id) VALUES ('1309466103', '223');
INSERT IGNORE INTO nurse_shift (AMKA, shift_id) VALUES ('0201469512', '223');
INSERT IGNORE INTO admin_shift (AMKA, shift_id) VALUES ('1505621109', '223');
INSERT IGNORE INTO admin_shift (AMKA, shift_id) VALUES ('1610915018', '223');
INSERT IGNORE INTO admin_shift (AMKA, shift_id) VALUES ('1401438948', '223');
INSERT IGNORE INTO admin_shift (AMKA, shift_id) VALUES ('0601877562', '223');
UPDATE IGNORE shift SET status = TRUE WHERE shift_id = '223';
INSERT IGNORE INTO dept_shift (dept_name, shift_id) VALUES ('Pediatrics', '223');
INSERT INTO shift (day, type) VALUES ('2026-07-31 00:00:00', '23:00-07:00');
INSERT IGNORE INTO doctor_shift (AMKA, shift_id) VALUES ('1007472193', '224');
INSERT IGNORE INTO doctor_shift (AMKA, shift_id) VALUES ('1611592474', '224');
INSERT IGNORE INTO doctor_shift (AMKA, shift_id) VALUES ('1612748648', '224');
INSERT IGNORE INTO doctor_shift (AMKA, shift_id) VALUES ('2708408067', '224');
INSERT IGNORE INTO doctor_shift (AMKA, shift_id) VALUES ('0810802797', '224');
INSERT IGNORE INTO nurse_shift (AMKA, shift_id) VALUES ('0707486851', '224');
INSERT IGNORE INTO nurse_shift (AMKA, shift_id) VALUES ('2511766415', '224');
INSERT IGNORE INTO nurse_shift (AMKA, shift_id) VALUES ('2407818176', '224');
INSERT IGNORE INTO nurse_shift (AMKA, shift_id) VALUES ('1602668533', '224');
INSERT IGNORE INTO nurse_shift (AMKA, shift_id) VALUES ('1203883023', '224');
INSERT IGNORE INTO nurse_shift (AMKA, shift_id) VALUES ('1210633994', '224');
INSERT IGNORE INTO nurse_shift (AMKA, shift_id) VALUES ('3003718056', '224');
INSERT IGNORE INTO nurse_shift (AMKA, shift_id) VALUES ('1103802636', '224');
INSERT IGNORE INTO nurse_shift (AMKA, shift_id) VALUES ('0211835314', '224');
INSERT IGNORE INTO nurse_shift (AMKA, shift_id) VALUES ('2005873415', '224');
INSERT IGNORE INTO admin_shift (AMKA, shift_id) VALUES ('0606545053', '224');
INSERT IGNORE INTO admin_shift (AMKA, shift_id) VALUES ('2210867288', '224');
INSERT IGNORE INTO admin_shift (AMKA, shift_id) VALUES ('2311845679', '224');
INSERT IGNORE INTO admin_shift (AMKA, shift_id) VALUES ('0806415082', '224');
UPDATE IGNORE shift SET status = TRUE WHERE shift_id = '224';
INSERT IGNORE INTO dept_shift (dept_name, shift_id) VALUES ('Pediatrics', '224');
INSERT INTO shift (day, type) VALUES ('2025-03-06 00:00:00', '15:00-23:00');
INSERT IGNORE INTO doctor_shift (AMKA, shift_id) VALUES ('1805820786', '225');
INSERT IGNORE INTO doctor_shift (AMKA, shift_id) VALUES ('0410505068', '225');
INSERT IGNORE INTO doctor_shift (AMKA, shift_id) VALUES ('0508710262', '225');
INSERT IGNORE INTO doctor_shift (AMKA, shift_id) VALUES ('1611592474', '225');
INSERT IGNORE INTO doctor_shift (AMKA, shift_id) VALUES ('0308718729', '225');
INSERT IGNORE INTO doctor_shift (AMKA, shift_id) VALUES ('0710954761', '225');
INSERT IGNORE INTO nurse_shift (AMKA, shift_id) VALUES ('2211920600', '225');
INSERT IGNORE INTO nurse_shift (AMKA, shift_id) VALUES ('1703812899', '225');
INSERT IGNORE INTO nurse_shift (AMKA, shift_id) VALUES ('2404736776', '225');
INSERT IGNORE INTO nurse_shift (AMKA, shift_id) VALUES ('2008408711', '225');
INSERT IGNORE INTO nurse_shift (AMKA, shift_id) VALUES ('1111688464', '225');
INSERT IGNORE INTO nurse_shift (AMKA, shift_id) VALUES ('0509864586', '225');
INSERT IGNORE INTO nurse_shift (AMKA, shift_id) VALUES ('2612984884', '225');
INSERT IGNORE INTO admin_shift (AMKA, shift_id) VALUES ('3108420255', '225');
INSERT IGNORE INTO admin_shift (AMKA, shift_id) VALUES ('1711829846', '225');
INSERT IGNORE INTO admin_shift (AMKA, shift_id) VALUES ('3107841971', '225');
UPDATE IGNORE shift SET status = TRUE WHERE shift_id = '225';
INSERT IGNORE INTO dept_shift (dept_name, shift_id) VALUES ('Pediatrics', '225');
INSERT INTO shift (day, type) VALUES ('2025-06-29 00:00:00', '23:00-07:00');
INSERT IGNORE INTO doctor_shift (AMKA, shift_id) VALUES ('0508710262', '226');
INSERT IGNORE INTO doctor_shift (AMKA, shift_id) VALUES ('1805820786', '226');
INSERT IGNORE INTO doctor_shift (AMKA, shift_id) VALUES ('1912912516', '226');
INSERT IGNORE INTO doctor_shift (AMKA, shift_id) VALUES ('0710954761', '226');
INSERT IGNORE INTO nurse_shift (AMKA, shift_id) VALUES ('0405455659', '226');
INSERT IGNORE INTO nurse_shift (AMKA, shift_id) VALUES ('0208490904', '226');
INSERT IGNORE INTO nurse_shift (AMKA, shift_id) VALUES ('1908934284', '226');
INSERT IGNORE INTO nurse_shift (AMKA, shift_id) VALUES ('2411715378', '226');
INSERT IGNORE INTO nurse_shift (AMKA, shift_id) VALUES ('3003718056', '226');
INSERT IGNORE INTO nurse_shift (AMKA, shift_id) VALUES ('1810684760', '226');
INSERT IGNORE INTO nurse_shift (AMKA, shift_id) VALUES ('2404736776', '226');
INSERT IGNORE INTO nurse_shift (AMKA, shift_id) VALUES ('2009974419', '226');
INSERT IGNORE INTO nurse_shift (AMKA, shift_id) VALUES ('0201469512', '226');
INSERT IGNORE INTO nurse_shift (AMKA, shift_id) VALUES ('2602489567', '226');
INSERT IGNORE INTO admin_shift (AMKA, shift_id) VALUES ('1003595467', '226');
INSERT IGNORE INTO admin_shift (AMKA, shift_id) VALUES ('3107841971', '226');
UPDATE IGNORE shift SET status = TRUE WHERE shift_id = '226';
INSERT IGNORE INTO dept_shift (dept_name, shift_id) VALUES ('Pediatrics', '226');
INSERT INTO shift (day, type) VALUES ('2024-10-15 00:00:00', '07:00-15:00');
INSERT IGNORE INTO doctor_shift (AMKA, shift_id) VALUES ('2203718551', '227');
INSERT IGNORE INTO doctor_shift (AMKA, shift_id) VALUES ('1210608936', '227');
INSERT IGNORE INTO doctor_shift (AMKA, shift_id) VALUES ('0802620737', '227');
INSERT IGNORE INTO doctor_shift (AMKA, shift_id) VALUES ('1306562994', '227');
INSERT IGNORE INTO nurse_shift (AMKA, shift_id) VALUES ('2407818176', '227');
INSERT IGNORE INTO nurse_shift (AMKA, shift_id) VALUES ('0702609163', '227');
INSERT IGNORE INTO nurse_shift (AMKA, shift_id) VALUES ('1512807285', '227');
INSERT IGNORE INTO nurse_shift (AMKA, shift_id) VALUES ('1501974417', '227');
INSERT IGNORE INTO nurse_shift (AMKA, shift_id) VALUES ('1304544511', '227');
INSERT IGNORE INTO nurse_shift (AMKA, shift_id) VALUES ('3101743228', '227');
INSERT IGNORE INTO admin_shift (AMKA, shift_id) VALUES ('1101978318', '227');
INSERT IGNORE INTO admin_shift (AMKA, shift_id) VALUES ('0409007927', '227');
UPDATE IGNORE shift SET status = TRUE WHERE shift_id = '227';
INSERT IGNORE INTO dept_shift (dept_name, shift_id) VALUES ('Pediatrics', '227');
INSERT INTO shift (day, type) VALUES ('2026-04-09 00:00:00', '15:00-23:00');
INSERT IGNORE INTO doctor_shift (AMKA, shift_id) VALUES ('1708511124', '228');
INSERT IGNORE INTO doctor_shift (AMKA, shift_id) VALUES ('0301636140', '228');
INSERT IGNORE INTO doctor_shift (AMKA, shift_id) VALUES ('0303531282', '228');
INSERT IGNORE INTO doctor_shift (AMKA, shift_id) VALUES ('0102891639', '228');
INSERT IGNORE INTO nurse_shift (AMKA, shift_id) VALUES ('2411715378', '228');
INSERT IGNORE INTO nurse_shift (AMKA, shift_id) VALUES ('2210732993', '228');
INSERT IGNORE INTO nurse_shift (AMKA, shift_id) VALUES ('0607738540', '228');
INSERT IGNORE INTO nurse_shift (AMKA, shift_id) VALUES ('1408697203', '228');
INSERT IGNORE INTO nurse_shift (AMKA, shift_id) VALUES ('1602668533', '228');
INSERT IGNORE INTO nurse_shift (AMKA, shift_id) VALUES ('2104682202', '228');
INSERT IGNORE INTO admin_shift (AMKA, shift_id) VALUES ('1412919767', '228');
INSERT IGNORE INTO admin_shift (AMKA, shift_id) VALUES ('2204425556', '228');
UPDATE IGNORE shift SET status = TRUE WHERE shift_id = '228';
INSERT IGNORE INTO dept_shift (dept_name, shift_id) VALUES ('Pediatrics', '228');
INSERT INTO shift (day, type) VALUES ('2024-08-07 00:00:00', '07:00-15:00');
INSERT IGNORE INTO doctor_shift (AMKA, shift_id) VALUES ('2304595248', '229');
INSERT IGNORE INTO doctor_shift (AMKA, shift_id) VALUES ('2206803094', '229');
INSERT IGNORE INTO doctor_shift (AMKA, shift_id) VALUES ('2108809189', '229');
INSERT IGNORE INTO doctor_shift (AMKA, shift_id) VALUES ('0206637500', '229');
INSERT IGNORE INTO doctor_shift (AMKA, shift_id) VALUES ('1306562994', '229');
INSERT IGNORE INTO doctor_shift (AMKA, shift_id) VALUES ('0803576389', '229');
INSERT IGNORE INTO doctor_shift (AMKA, shift_id) VALUES ('0104436410', '229');
INSERT IGNORE INTO doctor_shift (AMKA, shift_id) VALUES ('1806762549', '229');
INSERT IGNORE INTO nurse_shift (AMKA, shift_id) VALUES ('0909660903', '229');
INSERT IGNORE INTO nurse_shift (AMKA, shift_id) VALUES ('0702609163', '229');
INSERT IGNORE INTO nurse_shift (AMKA, shift_id) VALUES ('2704562592', '229');
INSERT IGNORE INTO nurse_shift (AMKA, shift_id) VALUES ('2202745833', '229');
INSERT IGNORE INTO nurse_shift (AMKA, shift_id) VALUES ('0501488320', '229');
INSERT IGNORE INTO nurse_shift (AMKA, shift_id) VALUES ('1302876707', '229');
INSERT IGNORE INTO nurse_shift (AMKA, shift_id) VALUES ('0412861461', '229');
INSERT IGNORE INTO nurse_shift (AMKA, shift_id) VALUES ('0307004452', '229');
INSERT IGNORE INTO nurse_shift (AMKA, shift_id) VALUES ('3011568029', '229');
INSERT IGNORE INTO admin_shift (AMKA, shift_id) VALUES ('0310498160', '229');
INSERT IGNORE INTO admin_shift (AMKA, shift_id) VALUES ('2307565593', '229');
UPDATE IGNORE shift SET status = TRUE WHERE shift_id = '229';
INSERT IGNORE INTO dept_shift (dept_name, shift_id) VALUES ('Pediatrics', '229');
INSERT INTO shift (day, type) VALUES ('2026-01-04 00:00:00', '23:00-07:00');
INSERT IGNORE INTO doctor_shift (AMKA, shift_id) VALUES ('0410505068', '230');
INSERT IGNORE INTO doctor_shift (AMKA, shift_id) VALUES ('2004702238', '230');
INSERT IGNORE INTO doctor_shift (AMKA, shift_id) VALUES ('0303531282', '230');
INSERT IGNORE INTO doctor_shift (AMKA, shift_id) VALUES ('0104436410', '230');
INSERT IGNORE INTO nurse_shift (AMKA, shift_id) VALUES ('1410472859', '230');
INSERT IGNORE INTO nurse_shift (AMKA, shift_id) VALUES ('2904573556', '230');
INSERT IGNORE INTO nurse_shift (AMKA, shift_id) VALUES ('1703812899', '230');
INSERT IGNORE INTO nurse_shift (AMKA, shift_id) VALUES ('2104682202', '230');
INSERT IGNORE INTO nurse_shift (AMKA, shift_id) VALUES ('0501507716', '230');
INSERT IGNORE INTO nurse_shift (AMKA, shift_id) VALUES ('1503405303', '230');
INSERT IGNORE INTO nurse_shift (AMKA, shift_id) VALUES ('1112517867', '230');
INSERT IGNORE INTO nurse_shift (AMKA, shift_id) VALUES ('1512807285', '230');
INSERT IGNORE INTO nurse_shift (AMKA, shift_id) VALUES ('2812529967', '230');
INSERT IGNORE INTO nurse_shift (AMKA, shift_id) VALUES ('1101855051', '230');
INSERT IGNORE INTO admin_shift (AMKA, shift_id) VALUES ('1001660800', '230');
INSERT IGNORE INTO admin_shift (AMKA, shift_id) VALUES ('3006533908', '230');
INSERT IGNORE INTO admin_shift (AMKA, shift_id) VALUES ('2610796674', '230');
UPDATE IGNORE shift SET status = TRUE WHERE shift_id = '230';
INSERT IGNORE INTO dept_shift (dept_name, shift_id) VALUES ('Pediatrics', '230');
INSERT INTO shift (day, type) VALUES ('2025-02-14 00:00:00', '23:00-07:00');
INSERT IGNORE INTO doctor_shift (AMKA, shift_id) VALUES ('1307618841', '231');
INSERT IGNORE INTO doctor_shift (AMKA, shift_id) VALUES ('2108809189', '231');
INSERT IGNORE INTO doctor_shift (AMKA, shift_id) VALUES ('1904466405', '231');
INSERT IGNORE INTO doctor_shift (AMKA, shift_id) VALUES ('0909662577', '231');
INSERT IGNORE INTO doctor_shift (AMKA, shift_id) VALUES ('0410505068', '231');
INSERT IGNORE INTO doctor_shift (AMKA, shift_id) VALUES ('0903695053', '231');
INSERT IGNORE INTO doctor_shift (AMKA, shift_id) VALUES ('1101823701', '231');
INSERT IGNORE INTO doctor_shift (AMKA, shift_id) VALUES ('2107936328', '231');
INSERT IGNORE INTO nurse_shift (AMKA, shift_id) VALUES ('1109842569', '231');
INSERT IGNORE INTO nurse_shift (AMKA, shift_id) VALUES ('2008408711', '231');
INSERT IGNORE INTO nurse_shift (AMKA, shift_id) VALUES ('1408697203', '231');
INSERT IGNORE INTO nurse_shift (AMKA, shift_id) VALUES ('0212459106', '231');
INSERT IGNORE INTO nurse_shift (AMKA, shift_id) VALUES ('1103802636', '231');
INSERT IGNORE INTO nurse_shift (AMKA, shift_id) VALUES ('0909660903', '231');
INSERT IGNORE INTO nurse_shift (AMKA, shift_id) VALUES ('1304544511', '231');
INSERT IGNORE INTO nurse_shift (AMKA, shift_id) VALUES ('3101743228', '231');
INSERT IGNORE INTO nurse_shift (AMKA, shift_id) VALUES ('0805529909', '231');
INSERT IGNORE INTO admin_shift (AMKA, shift_id) VALUES ('0212875455', '231');
INSERT IGNORE INTO admin_shift (AMKA, shift_id) VALUES ('2412702821', '231');
INSERT IGNORE INTO admin_shift (AMKA, shift_id) VALUES ('2610796674', '231');
UPDATE IGNORE shift SET status = TRUE WHERE shift_id = '231';
INSERT IGNORE INTO dept_shift (dept_name, shift_id) VALUES ('Pediatrics', '231');
INSERT INTO shift (day, type) VALUES ('2025-08-04 00:00:00', '15:00-23:00');
INSERT IGNORE INTO doctor_shift (AMKA, shift_id) VALUES ('1608881787', '232');
INSERT IGNORE INTO doctor_shift (AMKA, shift_id) VALUES ('1107638937', '232');
INSERT IGNORE INTO doctor_shift (AMKA, shift_id) VALUES ('1905740744', '232');
INSERT IGNORE INTO doctor_shift (AMKA, shift_id) VALUES ('1805820786', '232');
INSERT IGNORE INTO doctor_shift (AMKA, shift_id) VALUES ('2710712553', '232');
INSERT IGNORE INTO nurse_shift (AMKA, shift_id) VALUES ('2110624175', '232');
INSERT IGNORE INTO nurse_shift (AMKA, shift_id) VALUES ('1302876707', '232');
INSERT IGNORE INTO nurse_shift (AMKA, shift_id) VALUES ('0403530470', '232');
INSERT IGNORE INTO nurse_shift (AMKA, shift_id) VALUES ('2301986927', '232');
INSERT IGNORE INTO nurse_shift (AMKA, shift_id) VALUES ('2012883023', '232');
INSERT IGNORE INTO nurse_shift (AMKA, shift_id) VALUES ('3003940529', '232');
INSERT IGNORE INTO nurse_shift (AMKA, shift_id) VALUES ('0303995114', '232');
INSERT IGNORE INTO nurse_shift (AMKA, shift_id) VALUES ('2409746735', '232');
INSERT IGNORE INTO nurse_shift (AMKA, shift_id) VALUES ('2904573556', '232');
INSERT IGNORE INTO nurse_shift (AMKA, shift_id) VALUES ('3101743228', '232');
INSERT IGNORE INTO admin_shift (AMKA, shift_id) VALUES ('2307565593', '232');
INSERT IGNORE INTO admin_shift (AMKA, shift_id) VALUES ('0310498160', '232');
INSERT IGNORE INTO admin_shift (AMKA, shift_id) VALUES ('1610915018', '232');
UPDATE IGNORE shift SET status = TRUE WHERE shift_id = '232';
INSERT IGNORE INTO dept_shift (dept_name, shift_id) VALUES ('Pediatrics', '232');
INSERT INTO shift (day, type) VALUES ('2025-10-08 00:00:00', '07:00-15:00');
INSERT IGNORE INTO doctor_shift (AMKA, shift_id) VALUES ('1403472446', '233');
INSERT IGNORE INTO doctor_shift (AMKA, shift_id) VALUES ('2206803094', '233');
INSERT IGNORE INTO doctor_shift (AMKA, shift_id) VALUES ('1807676900', '233');
INSERT IGNORE INTO doctor_shift (AMKA, shift_id) VALUES ('1805820786', '233');
INSERT IGNORE INTO nurse_shift (AMKA, shift_id) VALUES ('1203883023', '233');
INSERT IGNORE INTO nurse_shift (AMKA, shift_id) VALUES ('2211920600', '233');
INSERT IGNORE INTO nurse_shift (AMKA, shift_id) VALUES ('0205417367', '233');
INSERT IGNORE INTO nurse_shift (AMKA, shift_id) VALUES ('1708849364', '233');
INSERT IGNORE INTO nurse_shift (AMKA, shift_id) VALUES ('3011568029', '233');
INSERT IGNORE INTO nurse_shift (AMKA, shift_id) VALUES ('1103802636', '233');
INSERT IGNORE INTO admin_shift (AMKA, shift_id) VALUES ('1203690867', '233');
INSERT IGNORE INTO admin_shift (AMKA, shift_id) VALUES ('1108942647', '233');
INSERT IGNORE INTO admin_shift (AMKA, shift_id) VALUES ('0310498160', '233');
UPDATE IGNORE shift SET status = TRUE WHERE shift_id = '233';
INSERT IGNORE INTO dept_shift (dept_name, shift_id) VALUES ('Pediatrics', '233');
INSERT INTO shift (day, type) VALUES ('2025-06-29 00:00:00', '23:00-07:00');
INSERT IGNORE INTO doctor_shift (AMKA, shift_id) VALUES ('1101779403', '234');
INSERT IGNORE INTO doctor_shift (AMKA, shift_id) VALUES ('1904466405', '234');
INSERT IGNORE INTO doctor_shift (AMKA, shift_id) VALUES ('1210608936', '234');
INSERT IGNORE INTO doctor_shift (AMKA, shift_id) VALUES ('2803422426', '234');
INSERT IGNORE INTO doctor_shift (AMKA, shift_id) VALUES ('0803989228', '234');
INSERT IGNORE INTO doctor_shift (AMKA, shift_id) VALUES ('2707864104', '234');
INSERT IGNORE INTO nurse_shift (AMKA, shift_id) VALUES ('1703812899', '234');
INSERT IGNORE INTO nurse_shift (AMKA, shift_id) VALUES ('0509934508', '234');
INSERT IGNORE INTO nurse_shift (AMKA, shift_id) VALUES ('1410472859', '234');
INSERT IGNORE INTO nurse_shift (AMKA, shift_id) VALUES ('1203883023', '234');
INSERT IGNORE INTO nurse_shift (AMKA, shift_id) VALUES ('2408602494', '234');
INSERT IGNORE INTO nurse_shift (AMKA, shift_id) VALUES ('0501488320', '234');
INSERT IGNORE INTO nurse_shift (AMKA, shift_id) VALUES ('0702609163', '234');
INSERT IGNORE INTO nurse_shift (AMKA, shift_id) VALUES ('1810684760', '234');
INSERT IGNORE INTO nurse_shift (AMKA, shift_id) VALUES ('2706529149', '234');
INSERT IGNORE INTO admin_shift (AMKA, shift_id) VALUES ('0606545053', '234');
INSERT IGNORE INTO admin_shift (AMKA, shift_id) VALUES ('3108668309', '234');
INSERT IGNORE INTO admin_shift (AMKA, shift_id) VALUES ('0903914750', '234');
UPDATE IGNORE shift SET status = TRUE WHERE shift_id = '234';
INSERT IGNORE INTO dept_shift (dept_name, shift_id) VALUES ('Pediatrics', '234');
INSERT INTO shift (day, type) VALUES ('2024-11-18 00:00:00', '15:00-23:00');
INSERT IGNORE INTO doctor_shift (AMKA, shift_id) VALUES ('3005978572', '235');
INSERT IGNORE INTO doctor_shift (AMKA, shift_id) VALUES ('2707864104', '235');
INSERT IGNORE INTO doctor_shift (AMKA, shift_id) VALUES ('0301525882', '235');
INSERT IGNORE INTO doctor_shift (AMKA, shift_id) VALUES ('0710954761', '235');
INSERT IGNORE INTO doctor_shift (AMKA, shift_id) VALUES ('1107638937', '235');
INSERT IGNORE INTO doctor_shift (AMKA, shift_id) VALUES ('2012810248', '235');
INSERT IGNORE INTO doctor_shift (AMKA, shift_id) VALUES ('2811728295', '235');
INSERT IGNORE INTO doctor_shift (AMKA, shift_id) VALUES ('0909662577', '235');
INSERT IGNORE INTO nurse_shift (AMKA, shift_id) VALUES ('2509796665', '235');
INSERT IGNORE INTO nurse_shift (AMKA, shift_id) VALUES ('3107984441', '235');
INSERT IGNORE INTO nurse_shift (AMKA, shift_id) VALUES ('2407818176', '235');
INSERT IGNORE INTO nurse_shift (AMKA, shift_id) VALUES ('0310576949', '235');
INSERT IGNORE INTO nurse_shift (AMKA, shift_id) VALUES ('2110624175', '235');
INSERT IGNORE INTO nurse_shift (AMKA, shift_id) VALUES ('2210732993', '235');
INSERT IGNORE INTO nurse_shift (AMKA, shift_id) VALUES ('2612984884', '235');
INSERT IGNORE INTO nurse_shift (AMKA, shift_id) VALUES ('2704562592', '235');
INSERT IGNORE INTO nurse_shift (AMKA, shift_id) VALUES ('2008408711', '235');
INSERT IGNORE INTO admin_shift (AMKA, shift_id) VALUES ('2311563644', '235');
INSERT IGNORE INTO admin_shift (AMKA, shift_id) VALUES ('0804527361', '235');
UPDATE IGNORE shift SET status = TRUE WHERE shift_id = '235';
INSERT IGNORE INTO dept_shift (dept_name, shift_id) VALUES ('Pediatrics', '235');
INSERT INTO shift (day, type) VALUES ('2025-02-13 00:00:00', '07:00-15:00');
INSERT IGNORE INTO doctor_shift (AMKA, shift_id) VALUES ('1004748289', '236');
INSERT IGNORE INTO doctor_shift (AMKA, shift_id) VALUES ('0611462338', '236');
INSERT IGNORE INTO doctor_shift (AMKA, shift_id) VALUES ('2206803094', '236');
INSERT IGNORE INTO doctor_shift (AMKA, shift_id) VALUES ('1307618841', '236');
INSERT IGNORE INTO nurse_shift (AMKA, shift_id) VALUES ('1703812899', '236');
INSERT IGNORE INTO nurse_shift (AMKA, shift_id) VALUES ('0501507716', '236');
INSERT IGNORE INTO nurse_shift (AMKA, shift_id) VALUES ('2612984884', '236');
INSERT IGNORE INTO nurse_shift (AMKA, shift_id) VALUES ('2308761066', '236');
INSERT IGNORE INTO nurse_shift (AMKA, shift_id) VALUES ('0501488320', '236');
INSERT IGNORE INTO nurse_shift (AMKA, shift_id) VALUES ('2211738105', '236');
INSERT IGNORE INTO nurse_shift (AMKA, shift_id) VALUES ('2407971013', '236');
INSERT IGNORE INTO nurse_shift (AMKA, shift_id) VALUES ('1210633994', '236');
INSERT IGNORE INTO nurse_shift (AMKA, shift_id) VALUES ('2210732993', '236');
INSERT IGNORE INTO nurse_shift (AMKA, shift_id) VALUES ('0310576949', '236');
INSERT IGNORE INTO admin_shift (AMKA, shift_id) VALUES ('3108420255', '236');
INSERT IGNORE INTO admin_shift (AMKA, shift_id) VALUES ('1003595467', '236');
INSERT IGNORE INTO admin_shift (AMKA, shift_id) VALUES ('0806415082', '236');
INSERT IGNORE INTO admin_shift (AMKA, shift_id) VALUES ('1703437989', '236');
UPDATE IGNORE shift SET status = TRUE WHERE shift_id = '236';
INSERT IGNORE INTO dept_shift (dept_name, shift_id) VALUES ('Pediatrics', '236');
INSERT INTO shift (day, type) VALUES ('2026-06-01 00:00:00', '15:00-23:00');
INSERT IGNORE INTO doctor_shift (AMKA, shift_id) VALUES ('0111647658', '237');
INSERT IGNORE INTO doctor_shift (AMKA, shift_id) VALUES ('0411550543', '237');
INSERT IGNORE INTO doctor_shift (AMKA, shift_id) VALUES ('1306562994', '237');
INSERT IGNORE INTO nurse_shift (AMKA, shift_id) VALUES ('3101743228', '237');
INSERT IGNORE INTO nurse_shift (AMKA, shift_id) VALUES ('0303995114', '237');
INSERT IGNORE INTO nurse_shift (AMKA, shift_id) VALUES ('1311513072', '237');
INSERT IGNORE INTO nurse_shift (AMKA, shift_id) VALUES ('2211738105', '237');
INSERT IGNORE INTO nurse_shift (AMKA, shift_id) VALUES ('1410576808', '237');
INSERT IGNORE INTO nurse_shift (AMKA, shift_id) VALUES ('2804482376', '237');
INSERT IGNORE INTO nurse_shift (AMKA, shift_id) VALUES ('2602489567', '237');
INSERT IGNORE INTO nurse_shift (AMKA, shift_id) VALUES ('2202788231', '237');
INSERT IGNORE INTO nurse_shift (AMKA, shift_id) VALUES ('0311534815', '237');
INSERT IGNORE INTO admin_shift (AMKA, shift_id) VALUES ('2104667937', '237');
INSERT IGNORE INTO admin_shift (AMKA, shift_id) VALUES ('1412919767', '237');
INSERT IGNORE INTO admin_shift (AMKA, shift_id) VALUES ('2912624436', '237');
UPDATE IGNORE shift SET status = TRUE WHERE shift_id = '237';
INSERT IGNORE INTO dept_shift (dept_name, shift_id) VALUES ('Pediatrics', '237');
INSERT INTO shift (day, type) VALUES ('2024-07-23 00:00:00', '07:00-15:00');
INSERT IGNORE INTO doctor_shift (AMKA, shift_id) VALUES ('1102752591', '238');
INSERT IGNORE INTO doctor_shift (AMKA, shift_id) VALUES ('0903695053', '238');
INSERT IGNORE INTO doctor_shift (AMKA, shift_id) VALUES ('0810802797', '238');
INSERT IGNORE INTO nurse_shift (AMKA, shift_id) VALUES ('1111688464', '238');
INSERT IGNORE INTO nurse_shift (AMKA, shift_id) VALUES ('0909660903', '238');
INSERT IGNORE INTO nurse_shift (AMKA, shift_id) VALUES ('1703812899', '238');
INSERT IGNORE INTO nurse_shift (AMKA, shift_id) VALUES ('2105987694', '238');
INSERT IGNORE INTO nurse_shift (AMKA, shift_id) VALUES ('0905711630', '238');
INSERT IGNORE INTO nurse_shift (AMKA, shift_id) VALUES ('0501507716', '238');
INSERT IGNORE INTO nurse_shift (AMKA, shift_id) VALUES ('2012883023', '238');
INSERT IGNORE INTO nurse_shift (AMKA, shift_id) VALUES ('2706529149', '238');
INSERT IGNORE INTO nurse_shift (AMKA, shift_id) VALUES ('1101855051', '238');
INSERT IGNORE INTO admin_shift (AMKA, shift_id) VALUES ('2610796674', '238');
INSERT IGNORE INTO admin_shift (AMKA, shift_id) VALUES ('3103504955', '238');
INSERT IGNORE INTO admin_shift (AMKA, shift_id) VALUES ('1203690867', '238');
UPDATE IGNORE shift SET status = TRUE WHERE shift_id = '238';
INSERT IGNORE INTO dept_shift (dept_name, shift_id) VALUES ('Pediatrics', '238');
INSERT INTO shift (day, type) VALUES ('2024-11-19 00:00:00', '07:00-15:00');
INSERT IGNORE INTO doctor_shift (AMKA, shift_id) VALUES ('2107936328', '239');
INSERT IGNORE INTO doctor_shift (AMKA, shift_id) VALUES ('0301636140', '239');
INSERT IGNORE INTO doctor_shift (AMKA, shift_id) VALUES ('2710712553', '239');
INSERT IGNORE INTO doctor_shift (AMKA, shift_id) VALUES ('2510927096', '239');
INSERT IGNORE INTO doctor_shift (AMKA, shift_id) VALUES ('0810802797', '239');
INSERT IGNORE INTO nurse_shift (AMKA, shift_id) VALUES ('0805529909', '239');
INSERT IGNORE INTO nurse_shift (AMKA, shift_id) VALUES ('1707693139', '239');
INSERT IGNORE INTO nurse_shift (AMKA, shift_id) VALUES ('2211920600', '239');
INSERT IGNORE INTO nurse_shift (AMKA, shift_id) VALUES ('3107984441', '239');
INSERT IGNORE INTO nurse_shift (AMKA, shift_id) VALUES ('2509796665', '239');
INSERT IGNORE INTO nurse_shift (AMKA, shift_id) VALUES ('1210633994', '239');
INSERT IGNORE INTO admin_shift (AMKA, shift_id) VALUES ('2204425556', '239');
INSERT IGNORE INTO admin_shift (AMKA, shift_id) VALUES ('3103504955', '239');
UPDATE IGNORE shift SET status = TRUE WHERE shift_id = '239';
INSERT IGNORE INTO dept_shift (dept_name, shift_id) VALUES ('Pediatrics', '239');
INSERT INTO shift (day, type) VALUES ('2026-09-12 00:00:00', '23:00-07:00');
INSERT IGNORE INTO doctor_shift (AMKA, shift_id) VALUES ('1101823701', '240');
INSERT IGNORE INTO doctor_shift (AMKA, shift_id) VALUES ('1807676900', '240');
INSERT IGNORE INTO doctor_shift (AMKA, shift_id) VALUES ('2510927096', '240');
INSERT IGNORE INTO doctor_shift (AMKA, shift_id) VALUES ('1806762549', '240');
INSERT IGNORE INTO doctor_shift (AMKA, shift_id) VALUES ('0102891639', '240');
INSERT IGNORE INTO doctor_shift (AMKA, shift_id) VALUES ('2203718551', '240');
INSERT IGNORE INTO doctor_shift (AMKA, shift_id) VALUES ('2203633666', '240');
INSERT IGNORE INTO doctor_shift (AMKA, shift_id) VALUES ('2811728295', '240');
INSERT IGNORE INTO nurse_shift (AMKA, shift_id) VALUES ('1311513072', '240');
INSERT IGNORE INTO nurse_shift (AMKA, shift_id) VALUES ('0205417367', '240');
INSERT IGNORE INTO nurse_shift (AMKA, shift_id) VALUES ('2704562592', '240');
INSERT IGNORE INTO nurse_shift (AMKA, shift_id) VALUES ('0905711630', '240');
INSERT IGNORE INTO nurse_shift (AMKA, shift_id) VALUES ('1304544511', '240');
INSERT IGNORE INTO nurse_shift (AMKA, shift_id) VALUES ('1907956316', '240');
INSERT IGNORE INTO nurse_shift (AMKA, shift_id) VALUES ('0607738540', '240');
INSERT IGNORE INTO admin_shift (AMKA, shift_id) VALUES ('2210867288', '240');
INSERT IGNORE INTO admin_shift (AMKA, shift_id) VALUES ('3108420255', '240');
INSERT IGNORE INTO admin_shift (AMKA, shift_id) VALUES ('1909762384', '240');
INSERT IGNORE INTO admin_shift (AMKA, shift_id) VALUES ('2010921252', '240');
UPDATE IGNORE shift SET status = TRUE WHERE shift_id = '240';
INSERT IGNORE INTO dept_shift (dept_name, shift_id) VALUES ('Pediatrics', '240');
INSERT INTO shift (day, type) VALUES ('2025-03-06 00:00:00', '15:00-23:00');
INSERT IGNORE INTO doctor_shift (AMKA, shift_id) VALUES ('1611592474', '241');
INSERT IGNORE INTO doctor_shift (AMKA, shift_id) VALUES ('0411550543', '241');
INSERT IGNORE INTO doctor_shift (AMKA, shift_id) VALUES ('1101823701', '241');
INSERT IGNORE INTO doctor_shift (AMKA, shift_id) VALUES ('1805820786', '241');
INSERT IGNORE INTO doctor_shift (AMKA, shift_id) VALUES ('0206637500', '241');
INSERT IGNORE INTO doctor_shift (AMKA, shift_id) VALUES ('1806762549', '241');
INSERT IGNORE INTO doctor_shift (AMKA, shift_id) VALUES ('0301525882', '241');
INSERT IGNORE INTO nurse_shift (AMKA, shift_id) VALUES ('0302574411', '241');
INSERT IGNORE INTO nurse_shift (AMKA, shift_id) VALUES ('0307004452', '241');
INSERT IGNORE INTO nurse_shift (AMKA, shift_id) VALUES ('1210633994', '241');
INSERT IGNORE INTO nurse_shift (AMKA, shift_id) VALUES ('1408697203', '241');
INSERT IGNORE INTO nurse_shift (AMKA, shift_id) VALUES ('1302478288', '241');
INSERT IGNORE INTO nurse_shift (AMKA, shift_id) VALUES ('2602489567', '241');
INSERT IGNORE INTO nurse_shift (AMKA, shift_id) VALUES ('2104682202', '241');
INSERT IGNORE INTO nurse_shift (AMKA, shift_id) VALUES ('0412861461', '241');
INSERT IGNORE INTO admin_shift (AMKA, shift_id) VALUES ('2311563644', '241');
INSERT IGNORE INTO admin_shift (AMKA, shift_id) VALUES ('3108420255', '241');
UPDATE IGNORE shift SET status = TRUE WHERE shift_id = '241';
INSERT IGNORE INTO dept_shift (dept_name, shift_id) VALUES ('Pediatrics', '241');
INSERT INTO shift (day, type) VALUES ('2026-11-21 00:00:00', '07:00-15:00');
INSERT IGNORE INTO doctor_shift (AMKA, shift_id) VALUES ('1604612218', '242');
INSERT IGNORE INTO doctor_shift (AMKA, shift_id) VALUES ('0411550543', '242');
INSERT IGNORE INTO doctor_shift (AMKA, shift_id) VALUES ('2502654079', '242');
INSERT IGNORE INTO doctor_shift (AMKA, shift_id) VALUES ('1007472193', '242');
INSERT IGNORE INTO doctor_shift (AMKA, shift_id) VALUES ('0308718729', '242');
INSERT IGNORE INTO doctor_shift (AMKA, shift_id) VALUES ('1104529817', '242');
INSERT IGNORE INTO doctor_shift (AMKA, shift_id) VALUES ('1805820786', '242');
INSERT IGNORE INTO doctor_shift (AMKA, shift_id) VALUES ('0811685025', '242');
INSERT IGNORE INTO nurse_shift (AMKA, shift_id) VALUES ('2408602494', '242');
INSERT IGNORE INTO nurse_shift (AMKA, shift_id) VALUES ('0909660903', '242');
INSERT IGNORE INTO nurse_shift (AMKA, shift_id) VALUES ('3101743228', '242');
INSERT IGNORE INTO nurse_shift (AMKA, shift_id) VALUES ('2411715378', '242');
INSERT IGNORE INTO nurse_shift (AMKA, shift_id) VALUES ('2903754769', '242');
INSERT IGNORE INTO nurse_shift (AMKA, shift_id) VALUES ('0501507716', '242');
INSERT IGNORE INTO nurse_shift (AMKA, shift_id) VALUES ('0211835314', '242');
INSERT IGNORE INTO nurse_shift (AMKA, shift_id) VALUES ('2005873415', '242');
INSERT IGNORE INTO nurse_shift (AMKA, shift_id) VALUES ('2105987694', '242');
INSERT IGNORE INTO nurse_shift (AMKA, shift_id) VALUES ('0302574411', '242');
INSERT IGNORE INTO admin_shift (AMKA, shift_id) VALUES ('2210867288', '242');
INSERT IGNORE INTO admin_shift (AMKA, shift_id) VALUES ('1703437989', '242');
UPDATE IGNORE shift SET status = TRUE WHERE shift_id = '242';
INSERT IGNORE INTO dept_shift (dept_name, shift_id) VALUES ('Pediatrics', '242');
INSERT INTO shift (day, type) VALUES ('2024-06-30 00:00:00', '15:00-23:00');
INSERT IGNORE INTO doctor_shift (AMKA, shift_id) VALUES ('1104742723', '243');
INSERT IGNORE INTO doctor_shift (AMKA, shift_id) VALUES ('3005978572', '243');
INSERT IGNORE INTO doctor_shift (AMKA, shift_id) VALUES ('0602879802', '243');
INSERT IGNORE INTO nurse_shift (AMKA, shift_id) VALUES ('0905711630', '243');
INSERT IGNORE INTO nurse_shift (AMKA, shift_id) VALUES ('1111688464', '243');
INSERT IGNORE INTO nurse_shift (AMKA, shift_id) VALUES ('2705913673', '243');
INSERT IGNORE INTO nurse_shift (AMKA, shift_id) VALUES ('0509864586', '243');
INSERT IGNORE INTO nurse_shift (AMKA, shift_id) VALUES ('1109842569', '243');
INSERT IGNORE INTO nurse_shift (AMKA, shift_id) VALUES ('1107666248', '243');
INSERT IGNORE INTO nurse_shift (AMKA, shift_id) VALUES ('1302478288', '243');
INSERT IGNORE INTO nurse_shift (AMKA, shift_id) VALUES ('2804482376', '243');
INSERT IGNORE INTO nurse_shift (AMKA, shift_id) VALUES ('1607801274', '243');
INSERT IGNORE INTO nurse_shift (AMKA, shift_id) VALUES ('2210732993', '243');
INSERT IGNORE INTO admin_shift (AMKA, shift_id) VALUES ('1909728641', '243');
INSERT IGNORE INTO admin_shift (AMKA, shift_id) VALUES ('0310498160', '243');
INSERT IGNORE INTO admin_shift (AMKA, shift_id) VALUES ('1711829846', '243');
INSERT IGNORE INTO admin_shift (AMKA, shift_id) VALUES ('1401529676', '243');
UPDATE IGNORE shift SET status = TRUE WHERE shift_id = '243';
INSERT IGNORE INTO dept_shift (dept_name, shift_id) VALUES ('Pediatrics', '243');
INSERT INTO shift (day, type) VALUES ('2026-06-21 00:00:00', '07:00-15:00');
INSERT IGNORE INTO doctor_shift (AMKA, shift_id) VALUES ('2806888346', '244');
INSERT IGNORE INTO doctor_shift (AMKA, shift_id) VALUES ('0109876222', '244');
INSERT IGNORE INTO doctor_shift (AMKA, shift_id) VALUES ('1306562994', '244');
INSERT IGNORE INTO doctor_shift (AMKA, shift_id) VALUES ('3012474240', '244');
INSERT IGNORE INTO doctor_shift (AMKA, shift_id) VALUES ('0406974498', '244');
INSERT IGNORE INTO doctor_shift (AMKA, shift_id) VALUES ('1701787998', '244');
INSERT IGNORE INTO doctor_shift (AMKA, shift_id) VALUES ('0903695053', '244');
INSERT IGNORE INTO doctor_shift (AMKA, shift_id) VALUES ('1206704867', '244');
INSERT IGNORE INTO nurse_shift (AMKA, shift_id) VALUES ('2409746735', '244');
INSERT IGNORE INTO nurse_shift (AMKA, shift_id) VALUES ('2904573556', '244');
INSERT IGNORE INTO nurse_shift (AMKA, shift_id) VALUES ('2202788231', '244');
INSERT IGNORE INTO nurse_shift (AMKA, shift_id) VALUES ('1109842569', '244');
INSERT IGNORE INTO nurse_shift (AMKA, shift_id) VALUES ('0211835314', '244');
INSERT IGNORE INTO nurse_shift (AMKA, shift_id) VALUES ('1302478288', '244');
INSERT IGNORE INTO nurse_shift (AMKA, shift_id) VALUES ('0212459106', '244');
INSERT IGNORE INTO nurse_shift (AMKA, shift_id) VALUES ('3003718056', '244');
INSERT IGNORE INTO nurse_shift (AMKA, shift_id) VALUES ('0707486851', '244');
INSERT IGNORE INTO nurse_shift (AMKA, shift_id) VALUES ('1607801274', '244');
INSERT IGNORE INTO admin_shift (AMKA, shift_id) VALUES ('2307565593', '244');
INSERT IGNORE INTO admin_shift (AMKA, shift_id) VALUES ('1011747457', '244');
UPDATE IGNORE shift SET status = TRUE WHERE shift_id = '244';
INSERT IGNORE INTO dept_shift (dept_name, shift_id) VALUES ('Pediatrics', '244');
INSERT INTO shift (day, type) VALUES ('2024-06-22 00:00:00', '07:00-15:00');
INSERT IGNORE INTO doctor_shift (AMKA, shift_id) VALUES ('1210671054', '245');
INSERT IGNORE INTO doctor_shift (AMKA, shift_id) VALUES ('1806762549', '245');
INSERT IGNORE INTO doctor_shift (AMKA, shift_id) VALUES ('2403567012', '245');
INSERT IGNORE INTO nurse_shift (AMKA, shift_id) VALUES ('0405455659', '245');
INSERT IGNORE INTO nurse_shift (AMKA, shift_id) VALUES ('2008408711', '245');
INSERT IGNORE INTO nurse_shift (AMKA, shift_id) VALUES ('1101855051', '245');
INSERT IGNORE INTO nurse_shift (AMKA, shift_id) VALUES ('1907956316', '245');
INSERT IGNORE INTO nurse_shift (AMKA, shift_id) VALUES ('2511766415', '245');
INSERT IGNORE INTO nurse_shift (AMKA, shift_id) VALUES ('2407971013', '245');
INSERT IGNORE INTO nurse_shift (AMKA, shift_id) VALUES ('0201469512', '245');
INSERT IGNORE INTO nurse_shift (AMKA, shift_id) VALUES ('0307004452', '245');
INSERT IGNORE INTO nurse_shift (AMKA, shift_id) VALUES ('1203883023', '245');
INSERT IGNORE INTO nurse_shift (AMKA, shift_id) VALUES ('0501507716', '245');
INSERT IGNORE INTO admin_shift (AMKA, shift_id) VALUES ('1909728641', '245');
INSERT IGNORE INTO admin_shift (AMKA, shift_id) VALUES ('1711829846', '245');
INSERT IGNORE INTO admin_shift (AMKA, shift_id) VALUES ('2311563644', '245');
INSERT IGNORE INTO admin_shift (AMKA, shift_id) VALUES ('0807583265', '245');
UPDATE IGNORE shift SET status = TRUE WHERE shift_id = '245';
INSERT IGNORE INTO dept_shift (dept_name, shift_id) VALUES ('Pediatrics', '245');
INSERT INTO shift (day, type) VALUES ('2024-07-05 00:00:00', '23:00-07:00');
INSERT IGNORE INTO doctor_shift (AMKA, shift_id) VALUES ('2407887390', '246');
INSERT IGNORE INTO doctor_shift (AMKA, shift_id) VALUES ('0301636140', '246');
INSERT IGNORE INTO doctor_shift (AMKA, shift_id) VALUES ('2510927096', '246');
INSERT IGNORE INTO doctor_shift (AMKA, shift_id) VALUES ('1904466405', '246');
INSERT IGNORE INTO nurse_shift (AMKA, shift_id) VALUES ('0211835314', '246');
INSERT IGNORE INTO nurse_shift (AMKA, shift_id) VALUES ('1708849364', '246');
INSERT IGNORE INTO nurse_shift (AMKA, shift_id) VALUES ('0707486851', '246');
INSERT IGNORE INTO nurse_shift (AMKA, shift_id) VALUES ('1111688464', '246');
INSERT IGNORE INTO nurse_shift (AMKA, shift_id) VALUES ('0205417367', '246');
INSERT IGNORE INTO nurse_shift (AMKA, shift_id) VALUES ('2906619041', '246');
INSERT IGNORE INTO nurse_shift (AMKA, shift_id) VALUES ('1107666248', '246');
INSERT IGNORE INTO admin_shift (AMKA, shift_id) VALUES ('0601877562', '246');
INSERT IGNORE INTO admin_shift (AMKA, shift_id) VALUES ('1909762384', '246');
INSERT IGNORE INTO admin_shift (AMKA, shift_id) VALUES ('0806415082', '246');
INSERT IGNORE INTO admin_shift (AMKA, shift_id) VALUES ('1108942647', '246');
UPDATE IGNORE shift SET status = TRUE WHERE shift_id = '246';
INSERT IGNORE INTO dept_shift (dept_name, shift_id) VALUES ('Pediatrics', '246');
INSERT INTO shift (day, type) VALUES ('2025-11-24 00:00:00', '15:00-23:00');
INSERT IGNORE INTO doctor_shift (AMKA, shift_id) VALUES ('0301636140', '247');
INSERT IGNORE INTO doctor_shift (AMKA, shift_id) VALUES ('2012810248', '247');
INSERT IGNORE INTO doctor_shift (AMKA, shift_id) VALUES ('0803989228', '247');
INSERT IGNORE INTO doctor_shift (AMKA, shift_id) VALUES ('0810802797', '247');
INSERT IGNORE INTO doctor_shift (AMKA, shift_id) VALUES ('2108809189', '247');
INSERT IGNORE INTO doctor_shift (AMKA, shift_id) VALUES ('1905740744', '247');
INSERT IGNORE INTO nurse_shift (AMKA, shift_id) VALUES ('1107666248', '247');
INSERT IGNORE INTO nurse_shift (AMKA, shift_id) VALUES ('0403530470', '247');
INSERT IGNORE INTO nurse_shift (AMKA, shift_id) VALUES ('2211920600', '247');
INSERT IGNORE INTO nurse_shift (AMKA, shift_id) VALUES ('2404736776', '247');
INSERT IGNORE INTO nurse_shift (AMKA, shift_id) VALUES ('2705913673', '247');
INSERT IGNORE INTO nurse_shift (AMKA, shift_id) VALUES ('1703812899', '247');
INSERT IGNORE INTO nurse_shift (AMKA, shift_id) VALUES ('0905711630', '247');
INSERT IGNORE INTO nurse_shift (AMKA, shift_id) VALUES ('2009974419', '247');
INSERT IGNORE INTO nurse_shift (AMKA, shift_id) VALUES ('2602489567', '247');
INSERT IGNORE INTO admin_shift (AMKA, shift_id) VALUES ('2311845679', '247');
INSERT IGNORE INTO admin_shift (AMKA, shift_id) VALUES ('3108420255', '247');
INSERT IGNORE INTO admin_shift (AMKA, shift_id) VALUES ('1505621109', '247');
INSERT IGNORE INTO admin_shift (AMKA, shift_id) VALUES ('0212875455', '247');
UPDATE IGNORE shift SET status = TRUE WHERE shift_id = '247';
INSERT IGNORE INTO dept_shift (dept_name, shift_id) VALUES ('Pediatrics', '247');
INSERT INTO shift (day, type) VALUES ('2024-12-26 00:00:00', '15:00-23:00');
INSERT IGNORE INTO doctor_shift (AMKA, shift_id) VALUES ('2312865669', '248');
INSERT IGNORE INTO doctor_shift (AMKA, shift_id) VALUES ('1101823701', '248');
INSERT IGNORE INTO doctor_shift (AMKA, shift_id) VALUES ('2803422426', '248');
INSERT IGNORE INTO doctor_shift (AMKA, shift_id) VALUES ('1307618841', '248');
INSERT IGNORE INTO doctor_shift (AMKA, shift_id) VALUES ('2204653007', '248');
INSERT IGNORE INTO doctor_shift (AMKA, shift_id) VALUES ('1604612218', '248');
INSERT IGNORE INTO doctor_shift (AMKA, shift_id) VALUES ('1102752591', '248');
INSERT IGNORE INTO doctor_shift (AMKA, shift_id) VALUES ('0206637500', '248');
INSERT IGNORE INTO nurse_shift (AMKA, shift_id) VALUES ('2211738105', '248');
INSERT IGNORE INTO nurse_shift (AMKA, shift_id) VALUES ('0302574411', '248');
INSERT IGNORE INTO nurse_shift (AMKA, shift_id) VALUES ('1712731602', '248');
INSERT IGNORE INTO nurse_shift (AMKA, shift_id) VALUES ('1101855051', '248');
INSERT IGNORE INTO nurse_shift (AMKA, shift_id) VALUES ('1107666248', '248');
INSERT IGNORE INTO nurse_shift (AMKA, shift_id) VALUES ('2411715378', '248');
INSERT IGNORE INTO nurse_shift (AMKA, shift_id) VALUES ('0212459106', '248');
INSERT IGNORE INTO admin_shift (AMKA, shift_id) VALUES ('1412919767', '248');
INSERT IGNORE INTO admin_shift (AMKA, shift_id) VALUES ('1505621109', '248');
INSERT IGNORE INTO admin_shift (AMKA, shift_id) VALUES ('2912624436', '248');
UPDATE IGNORE shift SET status = TRUE WHERE shift_id = '248';
INSERT IGNORE INTO dept_shift (dept_name, shift_id) VALUES ('Neurology', '248');
INSERT INTO shift (day, type) VALUES ('2024-07-14 00:00:00', '15:00-23:00');
INSERT IGNORE INTO doctor_shift (AMKA, shift_id) VALUES ('2811728295', '249');
INSERT IGNORE INTO doctor_shift (AMKA, shift_id) VALUES ('0308718729', '249');
INSERT IGNORE INTO doctor_shift (AMKA, shift_id) VALUES ('2707864104', '249');
INSERT IGNORE INTO nurse_shift (AMKA, shift_id) VALUES ('2110624175', '249');
INSERT IGNORE INTO nurse_shift (AMKA, shift_id) VALUES ('1603685746', '249');
INSERT IGNORE INTO nurse_shift (AMKA, shift_id) VALUES ('2301986927', '249');
INSERT IGNORE INTO nurse_shift (AMKA, shift_id) VALUES ('1302876707', '249');
INSERT IGNORE INTO nurse_shift (AMKA, shift_id) VALUES ('0211835314', '249');
INSERT IGNORE INTO nurse_shift (AMKA, shift_id) VALUES ('1708849364', '249');
INSERT IGNORE INTO nurse_shift (AMKA, shift_id) VALUES ('0601427360', '249');
INSERT IGNORE INTO nurse_shift (AMKA, shift_id) VALUES ('0405455659', '249');
INSERT IGNORE INTO admin_shift (AMKA, shift_id) VALUES ('3103504955', '249');
INSERT IGNORE INTO admin_shift (AMKA, shift_id) VALUES ('1909728641', '249');
INSERT IGNORE INTO admin_shift (AMKA, shift_id) VALUES ('2311845679', '249');
INSERT IGNORE INTO admin_shift (AMKA, shift_id) VALUES ('2912624436', '249');
UPDATE IGNORE shift SET status = TRUE WHERE shift_id = '249';
INSERT IGNORE INTO dept_shift (dept_name, shift_id) VALUES ('Neurology', '249');
INSERT INTO shift (day, type) VALUES ('2025-05-18 00:00:00', '15:00-23:00');
INSERT IGNORE INTO doctor_shift (AMKA, shift_id) VALUES ('2203633666', '250');
INSERT IGNORE INTO doctor_shift (AMKA, shift_id) VALUES ('2806888346', '250');
INSERT IGNORE INTO doctor_shift (AMKA, shift_id) VALUES ('1806762549', '250');
INSERT IGNORE INTO doctor_shift (AMKA, shift_id) VALUES ('1403910610', '250');
INSERT IGNORE INTO doctor_shift (AMKA, shift_id) VALUES ('1612748648', '250');
INSERT IGNORE INTO doctor_shift (AMKA, shift_id) VALUES ('1210608936', '250');
INSERT IGNORE INTO nurse_shift (AMKA, shift_id) VALUES ('1707693139', '250');
INSERT IGNORE INTO nurse_shift (AMKA, shift_id) VALUES ('1207679089', '250');
INSERT IGNORE INTO nurse_shift (AMKA, shift_id) VALUES ('0905711630', '250');
INSERT IGNORE INTO nurse_shift (AMKA, shift_id) VALUES ('0501488320', '250');
INSERT IGNORE INTO nurse_shift (AMKA, shift_id) VALUES ('3003940529', '250');
INSERT IGNORE INTO nurse_shift (AMKA, shift_id) VALUES ('1408697203', '250');
INSERT IGNORE INTO nurse_shift (AMKA, shift_id) VALUES ('2008408711', '250');
INSERT IGNORE INTO nurse_shift (AMKA, shift_id) VALUES ('0302574411', '250');
INSERT IGNORE INTO admin_shift (AMKA, shift_id) VALUES ('1101978318', '250');
INSERT IGNORE INTO admin_shift (AMKA, shift_id) VALUES ('0903487819', '250');
INSERT IGNORE INTO admin_shift (AMKA, shift_id) VALUES ('1004500988', '250');
INSERT IGNORE INTO admin_shift (AMKA, shift_id) VALUES ('0806415082', '250');
UPDATE IGNORE shift SET status = TRUE WHERE shift_id = '250';
INSERT IGNORE INTO dept_shift (dept_name, shift_id) VALUES ('Neurology', '250');
INSERT INTO shift (day, type) VALUES ('2026-01-13 00:00:00', '15:00-23:00');
INSERT IGNORE INTO doctor_shift (AMKA, shift_id) VALUES ('1004748289', '251');
INSERT IGNORE INTO doctor_shift (AMKA, shift_id) VALUES ('2403567012', '251');
INSERT IGNORE INTO doctor_shift (AMKA, shift_id) VALUES ('1806762549', '251');
INSERT IGNORE INTO doctor_shift (AMKA, shift_id) VALUES ('1611592474', '251');
INSERT IGNORE INTO nurse_shift (AMKA, shift_id) VALUES ('1807594302', '251');
INSERT IGNORE INTO nurse_shift (AMKA, shift_id) VALUES ('1210633994', '251');
INSERT IGNORE INTO nurse_shift (AMKA, shift_id) VALUES ('2209772976', '251');
INSERT IGNORE INTO nurse_shift (AMKA, shift_id) VALUES ('2005873415', '251');
INSERT IGNORE INTO nurse_shift (AMKA, shift_id) VALUES ('2407971013', '251');
INSERT IGNORE INTO nurse_shift (AMKA, shift_id) VALUES ('3101743228', '251');
INSERT IGNORE INTO nurse_shift (AMKA, shift_id) VALUES ('0307004452', '251');
INSERT IGNORE INTO admin_shift (AMKA, shift_id) VALUES ('2009517049', '251');
INSERT IGNORE INTO admin_shift (AMKA, shift_id) VALUES ('0903487819', '251');
UPDATE IGNORE shift SET status = TRUE WHERE shift_id = '251';
INSERT IGNORE INTO dept_shift (dept_name, shift_id) VALUES ('Neurology', '251');
INSERT INTO shift (day, type) VALUES ('2026-06-01 00:00:00', '23:00-07:00');
INSERT IGNORE INTO doctor_shift (AMKA, shift_id) VALUES ('0301636140', '252');
INSERT IGNORE INTO doctor_shift (AMKA, shift_id) VALUES ('1807676900', '252');
INSERT IGNORE INTO doctor_shift (AMKA, shift_id) VALUES ('2811728295', '252');
INSERT IGNORE INTO doctor_shift (AMKA, shift_id) VALUES ('1905740744', '252');
INSERT IGNORE INTO doctor_shift (AMKA, shift_id) VALUES ('2710712553', '252');
INSERT IGNORE INTO doctor_shift (AMKA, shift_id) VALUES ('0802620737', '252');
INSERT IGNORE INTO nurse_shift (AMKA, shift_id) VALUES ('1311513072', '252');
INSERT IGNORE INTO nurse_shift (AMKA, shift_id) VALUES ('0303995114', '252');
INSERT IGNORE INTO nurse_shift (AMKA, shift_id) VALUES ('2705913673', '252');
INSERT IGNORE INTO nurse_shift (AMKA, shift_id) VALUES ('2210732993', '252');
INSERT IGNORE INTO nurse_shift (AMKA, shift_id) VALUES ('1601483351', '252');
INSERT IGNORE INTO nurse_shift (AMKA, shift_id) VALUES ('0311534815', '252');
INSERT IGNORE INTO admin_shift (AMKA, shift_id) VALUES ('0903914750', '252');
INSERT IGNORE INTO admin_shift (AMKA, shift_id) VALUES ('1108942647', '252');
INSERT IGNORE INTO admin_shift (AMKA, shift_id) VALUES ('3108668309', '252');
UPDATE IGNORE shift SET status = TRUE WHERE shift_id = '252';
INSERT IGNORE INTO dept_shift (dept_name, shift_id) VALUES ('Neurology', '252');
INSERT INTO shift (day, type) VALUES ('2025-07-09 00:00:00', '23:00-07:00');
INSERT IGNORE INTO doctor_shift (AMKA, shift_id) VALUES ('0410505068', '253');
INSERT IGNORE INTO doctor_shift (AMKA, shift_id) VALUES ('1807676900', '253');
INSERT IGNORE INTO doctor_shift (AMKA, shift_id) VALUES ('0308718729', '253');
INSERT IGNORE INTO doctor_shift (AMKA, shift_id) VALUES ('2001691929', '253');
INSERT IGNORE INTO doctor_shift (AMKA, shift_id) VALUES ('0104436410', '253');
INSERT IGNORE INTO doctor_shift (AMKA, shift_id) VALUES ('1305442503', '253');
INSERT IGNORE INTO nurse_shift (AMKA, shift_id) VALUES ('2105987694', '253');
INSERT IGNORE INTO nurse_shift (AMKA, shift_id) VALUES ('0501488320', '253');
INSERT IGNORE INTO nurse_shift (AMKA, shift_id) VALUES ('1708849364', '253');
INSERT IGNORE INTO nurse_shift (AMKA, shift_id) VALUES ('0302574411', '253');
INSERT IGNORE INTO nurse_shift (AMKA, shift_id) VALUES ('2411715378', '253');
INSERT IGNORE INTO nurse_shift (AMKA, shift_id) VALUES ('2301986927', '253');
INSERT IGNORE INTO nurse_shift (AMKA, shift_id) VALUES ('2110624175', '253');
INSERT IGNORE INTO admin_shift (AMKA, shift_id) VALUES ('2104667937', '253');
INSERT IGNORE INTO admin_shift (AMKA, shift_id) VALUES ('2610796674', '253');
UPDATE IGNORE shift SET status = TRUE WHERE shift_id = '253';
INSERT IGNORE INTO dept_shift (dept_name, shift_id) VALUES ('Neurology', '253');
INSERT INTO shift (day, type) VALUES ('2025-03-14 00:00:00', '15:00-23:00');
INSERT IGNORE INTO doctor_shift (AMKA, shift_id) VALUES ('1101779403', '254');
INSERT IGNORE INTO doctor_shift (AMKA, shift_id) VALUES ('1403472446', '254');
INSERT IGNORE INTO doctor_shift (AMKA, shift_id) VALUES ('1608881787', '254');
INSERT IGNORE INTO nurse_shift (AMKA, shift_id) VALUES ('1309466103', '254');
INSERT IGNORE INTO nurse_shift (AMKA, shift_id) VALUES ('1907956316', '254');
INSERT IGNORE INTO nurse_shift (AMKA, shift_id) VALUES ('1408697203', '254');
INSERT IGNORE INTO nurse_shift (AMKA, shift_id) VALUES ('1109842569', '254');
INSERT IGNORE INTO nurse_shift (AMKA, shift_id) VALUES ('2105987694', '254');
INSERT IGNORE INTO nurse_shift (AMKA, shift_id) VALUES ('1709556112', '254');
INSERT IGNORE INTO nurse_shift (AMKA, shift_id) VALUES ('2407971013', '254');
INSERT IGNORE INTO nurse_shift (AMKA, shift_id) VALUES ('1006891535', '254');
INSERT IGNORE INTO nurse_shift (AMKA, shift_id) VALUES ('0702609163', '254');
INSERT IGNORE INTO admin_shift (AMKA, shift_id) VALUES ('0601877562', '254');
INSERT IGNORE INTO admin_shift (AMKA, shift_id) VALUES ('1001660800', '254');
UPDATE IGNORE shift SET status = TRUE WHERE shift_id = '254';
INSERT IGNORE INTO dept_shift (dept_name, shift_id) VALUES ('Neurology', '254');
INSERT INTO shift (day, type) VALUES ('2026-08-05 00:00:00', '15:00-23:00');
INSERT IGNORE INTO doctor_shift (AMKA, shift_id) VALUES ('1101823701', '255');
INSERT IGNORE INTO doctor_shift (AMKA, shift_id) VALUES ('1307618841', '255');
INSERT IGNORE INTO doctor_shift (AMKA, shift_id) VALUES ('1305442503', '255');
INSERT IGNORE INTO doctor_shift (AMKA, shift_id) VALUES ('3005978572', '255');
INSERT IGNORE INTO nurse_shift (AMKA, shift_id) VALUES ('0201469512', '255');
INSERT IGNORE INTO nurse_shift (AMKA, shift_id) VALUES ('2612984884', '255');
INSERT IGNORE INTO nurse_shift (AMKA, shift_id) VALUES ('0601427360', '255');
INSERT IGNORE INTO nurse_shift (AMKA, shift_id) VALUES ('3003940529', '255');
INSERT IGNORE INTO nurse_shift (AMKA, shift_id) VALUES ('1311513072', '255');
INSERT IGNORE INTO nurse_shift (AMKA, shift_id) VALUES ('2008408711', '255');
INSERT IGNORE INTO nurse_shift (AMKA, shift_id) VALUES ('1408697203', '255');
INSERT IGNORE INTO admin_shift (AMKA, shift_id) VALUES ('1203690867', '255');
INSERT IGNORE INTO admin_shift (AMKA, shift_id) VALUES ('1909762384', '255');
INSERT IGNORE INTO admin_shift (AMKA, shift_id) VALUES ('1108942647', '255');
UPDATE IGNORE shift SET status = TRUE WHERE shift_id = '255';
INSERT IGNORE INTO dept_shift (dept_name, shift_id) VALUES ('Neurology', '255');
INSERT INTO shift (day, type) VALUES ('2024-09-20 00:00:00', '15:00-23:00');
INSERT IGNORE INTO doctor_shift (AMKA, shift_id) VALUES ('1608881787', '256');
INSERT IGNORE INTO doctor_shift (AMKA, shift_id) VALUES ('1708511124', '256');
INSERT IGNORE INTO doctor_shift (AMKA, shift_id) VALUES ('2406973031', '256');
INSERT IGNORE INTO doctor_shift (AMKA, shift_id) VALUES ('1806762549', '256');
INSERT IGNORE INTO doctor_shift (AMKA, shift_id) VALUES ('0111647658', '256');
INSERT IGNORE INTO nurse_shift (AMKA, shift_id) VALUES ('2404736776', '256');
INSERT IGNORE INTO nurse_shift (AMKA, shift_id) VALUES ('2705913673', '256');
INSERT IGNORE INTO nurse_shift (AMKA, shift_id) VALUES ('0702609163', '256');
INSERT IGNORE INTO nurse_shift (AMKA, shift_id) VALUES ('2005873415', '256');
INSERT IGNORE INTO nurse_shift (AMKA, shift_id) VALUES ('1311513072', '256');
INSERT IGNORE INTO nurse_shift (AMKA, shift_id) VALUES ('1602668533', '256');
INSERT IGNORE INTO nurse_shift (AMKA, shift_id) VALUES ('3011568029', '256');
INSERT IGNORE INTO nurse_shift (AMKA, shift_id) VALUES ('2211738105', '256');
INSERT IGNORE INTO admin_shift (AMKA, shift_id) VALUES ('0212875455', '256');
INSERT IGNORE INTO admin_shift (AMKA, shift_id) VALUES ('0606545053', '256');
INSERT IGNORE INTO admin_shift (AMKA, shift_id) VALUES ('2610796674', '256');
INSERT IGNORE INTO admin_shift (AMKA, shift_id) VALUES ('1401529676', '256');
UPDATE IGNORE shift SET status = TRUE WHERE shift_id = '256';
INSERT IGNORE INTO dept_shift (dept_name, shift_id) VALUES ('Neurology', '256');
INSERT INTO shift (day, type) VALUES ('2026-12-01 00:00:00', '23:00-07:00');
INSERT IGNORE INTO doctor_shift (AMKA, shift_id) VALUES ('0602879802', '257');
INSERT IGNORE INTO doctor_shift (AMKA, shift_id) VALUES ('3005978572', '257');
INSERT IGNORE INTO doctor_shift (AMKA, shift_id) VALUES ('2301681047', '257');
INSERT IGNORE INTO doctor_shift (AMKA, shift_id) VALUES ('0610661297', '257');
INSERT IGNORE INTO doctor_shift (AMKA, shift_id) VALUES ('2203718551', '257');
INSERT IGNORE INTO nurse_shift (AMKA, shift_id) VALUES ('1707693139', '257');
INSERT IGNORE INTO nurse_shift (AMKA, shift_id) VALUES ('1501974417', '257');
INSERT IGNORE INTO nurse_shift (AMKA, shift_id) VALUES ('2511766415', '257');
INSERT IGNORE INTO nurse_shift (AMKA, shift_id) VALUES ('2407818176', '257');
INSERT IGNORE INTO nurse_shift (AMKA, shift_id) VALUES ('0302574411', '257');
INSERT IGNORE INTO nurse_shift (AMKA, shift_id) VALUES ('1103802636', '257');
INSERT IGNORE INTO nurse_shift (AMKA, shift_id) VALUES ('0601427360', '257');
INSERT IGNORE INTO admin_shift (AMKA, shift_id) VALUES ('1401438948', '257');
INSERT IGNORE INTO admin_shift (AMKA, shift_id) VALUES ('1909762384', '257');
INSERT IGNORE INTO admin_shift (AMKA, shift_id) VALUES ('1203690867', '257');
INSERT IGNORE INTO admin_shift (AMKA, shift_id) VALUES ('0212875455', '257');
UPDATE IGNORE shift SET status = TRUE WHERE shift_id = '257';
INSERT IGNORE INTO dept_shift (dept_name, shift_id) VALUES ('Neurology', '257');
INSERT INTO shift (day, type) VALUES ('2024-12-13 00:00:00', '23:00-07:00');
INSERT IGNORE INTO doctor_shift (AMKA, shift_id) VALUES ('3005978572', '258');
INSERT IGNORE INTO doctor_shift (AMKA, shift_id) VALUES ('0803576389', '258');
INSERT IGNORE INTO doctor_shift (AMKA, shift_id) VALUES ('0602879802', '258');
INSERT IGNORE INTO doctor_shift (AMKA, shift_id) VALUES ('2312865669', '258');
INSERT IGNORE INTO doctor_shift (AMKA, shift_id) VALUES ('2001691929', '258');
INSERT IGNORE INTO nurse_shift (AMKA, shift_id) VALUES ('0909660903', '258');
INSERT IGNORE INTO nurse_shift (AMKA, shift_id) VALUES ('1203883023', '258');
INSERT IGNORE INTO nurse_shift (AMKA, shift_id) VALUES ('2905001644', '258');
INSERT IGNORE INTO nurse_shift (AMKA, shift_id) VALUES ('3011568029', '258');
INSERT IGNORE INTO nurse_shift (AMKA, shift_id) VALUES ('1809580815', '258');
INSERT IGNORE INTO nurse_shift (AMKA, shift_id) VALUES ('0201469512', '258');
INSERT IGNORE INTO nurse_shift (AMKA, shift_id) VALUES ('1603685746', '258');
INSERT IGNORE INTO nurse_shift (AMKA, shift_id) VALUES ('0302574411', '258');
INSERT IGNORE INTO admin_shift (AMKA, shift_id) VALUES ('1707612309', '258');
INSERT IGNORE INTO admin_shift (AMKA, shift_id) VALUES ('2210867288', '258');
INSERT IGNORE INTO admin_shift (AMKA, shift_id) VALUES ('0606545053', '258');
UPDATE IGNORE shift SET status = TRUE WHERE shift_id = '258';
INSERT IGNORE INTO dept_shift (dept_name, shift_id) VALUES ('Neurology', '258');
INSERT INTO shift (day, type) VALUES ('2024-01-09 00:00:00', '15:00-23:00');
INSERT IGNORE INTO doctor_shift (AMKA, shift_id) VALUES ('3005978572', '259');
INSERT IGNORE INTO doctor_shift (AMKA, shift_id) VALUES ('0102891639', '259');
INSERT IGNORE INTO doctor_shift (AMKA, shift_id) VALUES ('0602879802', '259');
INSERT IGNORE INTO nurse_shift (AMKA, shift_id) VALUES ('1210633994', '259');
INSERT IGNORE INTO nurse_shift (AMKA, shift_id) VALUES ('1712731602', '259');
INSERT IGNORE INTO nurse_shift (AMKA, shift_id) VALUES ('2409746735', '259');
INSERT IGNORE INTO nurse_shift (AMKA, shift_id) VALUES ('2209772976', '259');
INSERT IGNORE INTO nurse_shift (AMKA, shift_id) VALUES ('2812529967', '259');
INSERT IGNORE INTO nurse_shift (AMKA, shift_id) VALUES ('0607738540', '259');
INSERT IGNORE INTO nurse_shift (AMKA, shift_id) VALUES ('0211835314', '259');
INSERT IGNORE INTO nurse_shift (AMKA, shift_id) VALUES ('0905711630', '259');
INSERT IGNORE INTO admin_shift (AMKA, shift_id) VALUES ('0108846908', '259');
INSERT IGNORE INTO admin_shift (AMKA, shift_id) VALUES ('1401529676', '259');
INSERT IGNORE INTO admin_shift (AMKA, shift_id) VALUES ('1412919767', '259');
INSERT IGNORE INTO admin_shift (AMKA, shift_id) VALUES ('3006533908', '259');
UPDATE IGNORE shift SET status = TRUE WHERE shift_id = '259';
INSERT IGNORE INTO dept_shift (dept_name, shift_id) VALUES ('Neurology', '259');
INSERT INTO shift (day, type) VALUES ('2026-11-06 00:00:00', '07:00-15:00');
INSERT IGNORE INTO doctor_shift (AMKA, shift_id) VALUES ('1210671054', '260');
INSERT IGNORE INTO doctor_shift (AMKA, shift_id) VALUES ('0301525882', '260');
INSERT IGNORE INTO doctor_shift (AMKA, shift_id) VALUES ('1101779403', '260');
INSERT IGNORE INTO doctor_shift (AMKA, shift_id) VALUES ('1004748289', '260');
INSERT IGNORE INTO doctor_shift (AMKA, shift_id) VALUES ('0803989228', '260');
INSERT IGNORE INTO doctor_shift (AMKA, shift_id) VALUES ('2403567012', '260');
INSERT IGNORE INTO nurse_shift (AMKA, shift_id) VALUES ('2906619041', '260');
INSERT IGNORE INTO nurse_shift (AMKA, shift_id) VALUES ('2704562592', '260');
INSERT IGNORE INTO nurse_shift (AMKA, shift_id) VALUES ('1810684760', '260');
INSERT IGNORE INTO nurse_shift (AMKA, shift_id) VALUES ('2804482376', '260');
INSERT IGNORE INTO nurse_shift (AMKA, shift_id) VALUES ('0405455659', '260');
INSERT IGNORE INTO nurse_shift (AMKA, shift_id) VALUES ('1112517867', '260');
INSERT IGNORE INTO nurse_shift (AMKA, shift_id) VALUES ('1512807285', '260');
INSERT IGNORE INTO admin_shift (AMKA, shift_id) VALUES ('0108846908', '260');
INSERT IGNORE INTO admin_shift (AMKA, shift_id) VALUES ('3108668309', '260');
INSERT IGNORE INTO admin_shift (AMKA, shift_id) VALUES ('1703437989', '260');
UPDATE IGNORE shift SET status = TRUE WHERE shift_id = '260';
INSERT IGNORE INTO dept_shift (dept_name, shift_id) VALUES ('Neurology', '260');
INSERT INTO shift (day, type) VALUES ('2024-01-31 00:00:00', '23:00-07:00');
INSERT IGNORE INTO doctor_shift (AMKA, shift_id) VALUES ('1604612218', '261');
INSERT IGNORE INTO doctor_shift (AMKA, shift_id) VALUES ('1305442503', '261');
INSERT IGNORE INTO doctor_shift (AMKA, shift_id) VALUES ('1206704867', '261');
INSERT IGNORE INTO doctor_shift (AMKA, shift_id) VALUES ('1912912516', '261');
INSERT IGNORE INTO doctor_shift (AMKA, shift_id) VALUES ('3005978572', '261');
INSERT IGNORE INTO doctor_shift (AMKA, shift_id) VALUES ('0803989228', '261');
INSERT IGNORE INTO doctor_shift (AMKA, shift_id) VALUES ('2502654079', '261');
INSERT IGNORE INTO nurse_shift (AMKA, shift_id) VALUES ('1410472859', '261');
INSERT IGNORE INTO nurse_shift (AMKA, shift_id) VALUES ('0303995114', '261');
INSERT IGNORE INTO nurse_shift (AMKA, shift_id) VALUES ('0205417367', '261');
INSERT IGNORE INTO nurse_shift (AMKA, shift_id) VALUES ('1707693139', '261');
INSERT IGNORE INTO nurse_shift (AMKA, shift_id) VALUES ('2411715378', '261');
INSERT IGNORE INTO nurse_shift (AMKA, shift_id) VALUES ('1809580815', '261');
INSERT IGNORE INTO nurse_shift (AMKA, shift_id) VALUES ('1309466103', '261');
INSERT IGNORE INTO nurse_shift (AMKA, shift_id) VALUES ('1807594302', '261');
INSERT IGNORE INTO nurse_shift (AMKA, shift_id) VALUES ('0501488320', '261');
INSERT IGNORE INTO nurse_shift (AMKA, shift_id) VALUES ('0211835314', '261');
INSERT IGNORE INTO admin_shift (AMKA, shift_id) VALUES ('1711829846', '261');
INSERT IGNORE INTO admin_shift (AMKA, shift_id) VALUES ('0903914750', '261');
INSERT IGNORE INTO admin_shift (AMKA, shift_id) VALUES ('3006533908', '261');
INSERT IGNORE INTO admin_shift (AMKA, shift_id) VALUES ('2307565593', '261');
UPDATE IGNORE shift SET status = TRUE WHERE shift_id = '261';
INSERT IGNORE INTO dept_shift (dept_name, shift_id) VALUES ('Neurology', '261');
INSERT INTO shift (day, type) VALUES ('2024-12-28 00:00:00', '15:00-23:00');
INSERT IGNORE INTO doctor_shift (AMKA, shift_id) VALUES ('0508710262', '262');
INSERT IGNORE INTO doctor_shift (AMKA, shift_id) VALUES ('1307618841', '262');
INSERT IGNORE INTO doctor_shift (AMKA, shift_id) VALUES ('0810802797', '262');
INSERT IGNORE INTO doctor_shift (AMKA, shift_id) VALUES ('2003754733', '262');
INSERT IGNORE INTO nurse_shift (AMKA, shift_id) VALUES ('2810445963', '262');
INSERT IGNORE INTO nurse_shift (AMKA, shift_id) VALUES ('2409746735', '262');
INSERT IGNORE INTO nurse_shift (AMKA, shift_id) VALUES ('1602668533', '262');
INSERT IGNORE INTO nurse_shift (AMKA, shift_id) VALUES ('3101743228', '262');
INSERT IGNORE INTO nurse_shift (AMKA, shift_id) VALUES ('1101855051', '262');
INSERT IGNORE INTO nurse_shift (AMKA, shift_id) VALUES ('1907956316', '262');
INSERT IGNORE INTO nurse_shift (AMKA, shift_id) VALUES ('1410472859', '262');
INSERT IGNORE INTO nurse_shift (AMKA, shift_id) VALUES ('2009974419', '262');
INSERT IGNORE INTO nurse_shift (AMKA, shift_id) VALUES ('3107984441', '262');
INSERT IGNORE INTO admin_shift (AMKA, shift_id) VALUES ('1707612309', '262');
INSERT IGNORE INTO admin_shift (AMKA, shift_id) VALUES ('1401438948', '262');
INSERT IGNORE INTO admin_shift (AMKA, shift_id) VALUES ('1610915018', '262');
UPDATE IGNORE shift SET status = TRUE WHERE shift_id = '262';
INSERT IGNORE INTO dept_shift (dept_name, shift_id) VALUES ('Neurology', '262');
INSERT INTO shift (day, type) VALUES ('2026-08-05 00:00:00', '15:00-23:00');
INSERT IGNORE INTO doctor_shift (AMKA, shift_id) VALUES ('2203718551', '263');
INSERT IGNORE INTO doctor_shift (AMKA, shift_id) VALUES ('1104529817', '263');
INSERT IGNORE INTO doctor_shift (AMKA, shift_id) VALUES ('1107638937', '263');
INSERT IGNORE INTO doctor_shift (AMKA, shift_id) VALUES ('2204653007', '263');
INSERT IGNORE INTO doctor_shift (AMKA, shift_id) VALUES ('2407887390', '263');
INSERT IGNORE INTO doctor_shift (AMKA, shift_id) VALUES ('2004702238', '263');
INSERT IGNORE INTO doctor_shift (AMKA, shift_id) VALUES ('2206803094', '263');
INSERT IGNORE INTO nurse_shift (AMKA, shift_id) VALUES ('0311534815', '263');
INSERT IGNORE INTO nurse_shift (AMKA, shift_id) VALUES ('2612984884', '263');
INSERT IGNORE INTO nurse_shift (AMKA, shift_id) VALUES ('2404736776', '263');
INSERT IGNORE INTO nurse_shift (AMKA, shift_id) VALUES ('2308761066', '263');
INSERT IGNORE INTO nurse_shift (AMKA, shift_id) VALUES ('1109842569', '263');
INSERT IGNORE INTO nurse_shift (AMKA, shift_id) VALUES ('0302574411', '263');
INSERT IGNORE INTO nurse_shift (AMKA, shift_id) VALUES ('3003718056', '263');
INSERT IGNORE INTO nurse_shift (AMKA, shift_id) VALUES ('1207679089', '263');
INSERT IGNORE INTO nurse_shift (AMKA, shift_id) VALUES ('0909660903', '263');
INSERT IGNORE INTO nurse_shift (AMKA, shift_id) VALUES ('1501974417', '263');
INSERT IGNORE INTO admin_shift (AMKA, shift_id) VALUES ('2412702821', '263');
INSERT IGNORE INTO admin_shift (AMKA, shift_id) VALUES ('1101978318', '263');
INSERT IGNORE INTO admin_shift (AMKA, shift_id) VALUES ('1401529676', '263');
UPDATE IGNORE shift SET status = TRUE WHERE shift_id = '263';
INSERT IGNORE INTO dept_shift (dept_name, shift_id) VALUES ('Neurology', '263');
INSERT INTO shift (day, type) VALUES ('2026-07-04 00:00:00', '07:00-15:00');
INSERT IGNORE INTO doctor_shift (AMKA, shift_id) VALUES ('0301525882', '264');
INSERT IGNORE INTO doctor_shift (AMKA, shift_id) VALUES ('2203633666', '264');
INSERT IGNORE INTO doctor_shift (AMKA, shift_id) VALUES ('1807676900', '264');
INSERT IGNORE INTO doctor_shift (AMKA, shift_id) VALUES ('2012810248', '264');
INSERT IGNORE INTO nurse_shift (AMKA, shift_id) VALUES ('1809580815', '264');
INSERT IGNORE INTO nurse_shift (AMKA, shift_id) VALUES ('2810445963', '264');
INSERT IGNORE INTO nurse_shift (AMKA, shift_id) VALUES ('2704562592', '264');
INSERT IGNORE INTO nurse_shift (AMKA, shift_id) VALUES ('2012883023', '264');
INSERT IGNORE INTO nurse_shift (AMKA, shift_id) VALUES ('0509864586', '264');
INSERT IGNORE INTO nurse_shift (AMKA, shift_id) VALUES ('0303995114', '264');
INSERT IGNORE INTO nurse_shift (AMKA, shift_id) VALUES ('1210633994', '264');
INSERT IGNORE INTO nurse_shift (AMKA, shift_id) VALUES ('0310576949', '264');
INSERT IGNORE INTO nurse_shift (AMKA, shift_id) VALUES ('2511766415', '264');
INSERT IGNORE INTO nurse_shift (AMKA, shift_id) VALUES ('1708849364', '264');
INSERT IGNORE INTO admin_shift (AMKA, shift_id) VALUES ('2009517049', '264');
INSERT IGNORE INTO admin_shift (AMKA, shift_id) VALUES ('1004500988', '264');
INSERT IGNORE INTO admin_shift (AMKA, shift_id) VALUES ('2403663964', '264');
UPDATE IGNORE shift SET status = TRUE WHERE shift_id = '264';
INSERT IGNORE INTO dept_shift (dept_name, shift_id) VALUES ('Neurology', '264');
INSERT INTO shift (day, type) VALUES ('2026-12-25 00:00:00', '07:00-15:00');
INSERT IGNORE INTO doctor_shift (AMKA, shift_id) VALUES ('0303531282', '265');
INSERT IGNORE INTO doctor_shift (AMKA, shift_id) VALUES ('2203718551', '265');
INSERT IGNORE INTO doctor_shift (AMKA, shift_id) VALUES ('0206637500', '265');
INSERT IGNORE INTO doctor_shift (AMKA, shift_id) VALUES ('2412989437', '265');
INSERT IGNORE INTO doctor_shift (AMKA, shift_id) VALUES ('0803989228', '265');
INSERT IGNORE INTO doctor_shift (AMKA, shift_id) VALUES ('0406974498', '265');
INSERT IGNORE INTO doctor_shift (AMKA, shift_id) VALUES ('2107936328', '265');
INSERT IGNORE INTO nurse_shift (AMKA, shift_id) VALUES ('0310576949', '265');
INSERT IGNORE INTO nurse_shift (AMKA, shift_id) VALUES ('0205417367', '265');
INSERT IGNORE INTO nurse_shift (AMKA, shift_id) VALUES ('1112517867', '265');
INSERT IGNORE INTO nurse_shift (AMKA, shift_id) VALUES ('1111688464', '265');
INSERT IGNORE INTO nurse_shift (AMKA, shift_id) VALUES ('0303995114', '265');
INSERT IGNORE INTO nurse_shift (AMKA, shift_id) VALUES ('2008408711', '265');
INSERT IGNORE INTO nurse_shift (AMKA, shift_id) VALUES ('2211738105', '265');
INSERT IGNORE INTO nurse_shift (AMKA, shift_id) VALUES ('0909660903', '265');
INSERT IGNORE INTO admin_shift (AMKA, shift_id) VALUES ('0310498160', '265');
INSERT IGNORE INTO admin_shift (AMKA, shift_id) VALUES ('1001660800', '265');
INSERT IGNORE INTO admin_shift (AMKA, shift_id) VALUES ('0108846908', '265');
UPDATE IGNORE shift SET status = TRUE WHERE shift_id = '265';
INSERT IGNORE INTO dept_shift (dept_name, shift_id) VALUES ('Neurology', '265');
INSERT INTO shift (day, type) VALUES ('2026-08-16 00:00:00', '07:00-15:00');
INSERT IGNORE INTO doctor_shift (AMKA, shift_id) VALUES ('0802620737', '266');
INSERT IGNORE INTO doctor_shift (AMKA, shift_id) VALUES ('1102752591', '266');
INSERT IGNORE INTO doctor_shift (AMKA, shift_id) VALUES ('2203633666', '266');
INSERT IGNORE INTO nurse_shift (AMKA, shift_id) VALUES ('1908934284', '266');
INSERT IGNORE INTO nurse_shift (AMKA, shift_id) VALUES ('0403530470', '266');
INSERT IGNORE INTO nurse_shift (AMKA, shift_id) VALUES ('2904573556', '266');
INSERT IGNORE INTO nurse_shift (AMKA, shift_id) VALUES ('1607801274', '266');
INSERT IGNORE INTO nurse_shift (AMKA, shift_id) VALUES ('0909660903', '266');
INSERT IGNORE INTO nurse_shift (AMKA, shift_id) VALUES ('0405455659', '266');
INSERT IGNORE INTO nurse_shift (AMKA, shift_id) VALUES ('3003718056', '266');
INSERT IGNORE INTO admin_shift (AMKA, shift_id) VALUES ('1001660800', '266');
INSERT IGNORE INTO admin_shift (AMKA, shift_id) VALUES ('2204425556', '266');
INSERT IGNORE INTO admin_shift (AMKA, shift_id) VALUES ('3107841971', '266');
UPDATE IGNORE shift SET status = TRUE WHERE shift_id = '266';
INSERT IGNORE INTO dept_shift (dept_name, shift_id) VALUES ('Neurology', '266');
INSERT INTO shift (day, type) VALUES ('2024-10-10 00:00:00', '23:00-07:00');
INSERT IGNORE INTO doctor_shift (AMKA, shift_id) VALUES ('2710712553', '267');
INSERT IGNORE INTO doctor_shift (AMKA, shift_id) VALUES ('0109876222', '267');
INSERT IGNORE INTO doctor_shift (AMKA, shift_id) VALUES ('0104436410', '267');
INSERT IGNORE INTO doctor_shift (AMKA, shift_id) VALUES ('0301636140', '267');
INSERT IGNORE INTO doctor_shift (AMKA, shift_id) VALUES ('2708408067', '267');
INSERT IGNORE INTO doctor_shift (AMKA, shift_id) VALUES ('2001691929', '267');
INSERT IGNORE INTO nurse_shift (AMKA, shift_id) VALUES ('2005873415', '267');
INSERT IGNORE INTO nurse_shift (AMKA, shift_id) VALUES ('1908934284', '267');
INSERT IGNORE INTO nurse_shift (AMKA, shift_id) VALUES ('0707486851', '267');
INSERT IGNORE INTO nurse_shift (AMKA, shift_id) VALUES ('0310576949', '267');
INSERT IGNORE INTO nurse_shift (AMKA, shift_id) VALUES ('1111688464', '267');
INSERT IGNORE INTO nurse_shift (AMKA, shift_id) VALUES ('0909660903', '267');
INSERT IGNORE INTO admin_shift (AMKA, shift_id) VALUES ('0310498160', '267');
INSERT IGNORE INTO admin_shift (AMKA, shift_id) VALUES ('2204425556', '267');
INSERT IGNORE INTO admin_shift (AMKA, shift_id) VALUES ('2104667937', '267');
INSERT IGNORE INTO admin_shift (AMKA, shift_id) VALUES ('1412919767', '267');
UPDATE IGNORE shift SET status = TRUE WHERE shift_id = '267';
INSERT IGNORE INTO dept_shift (dept_name, shift_id) VALUES ('Neurology', '267');
INSERT INTO shift (day, type) VALUES ('2026-09-12 00:00:00', '23:00-07:00');
INSERT IGNORE INTO doctor_shift (AMKA, shift_id) VALUES ('3012474240', '268');
INSERT IGNORE INTO doctor_shift (AMKA, shift_id) VALUES ('0301525882', '268');
INSERT IGNORE INTO doctor_shift (AMKA, shift_id) VALUES ('2406973031', '268');
INSERT IGNORE INTO doctor_shift (AMKA, shift_id) VALUES ('1912912516', '268');
INSERT IGNORE INTO doctor_shift (AMKA, shift_id) VALUES ('2004702238', '268');
INSERT IGNORE INTO doctor_shift (AMKA, shift_id) VALUES ('1102752591', '268');
INSERT IGNORE INTO doctor_shift (AMKA, shift_id) VALUES ('1904466405', '268');
INSERT IGNORE INTO doctor_shift (AMKA, shift_id) VALUES ('2204653007', '268');
INSERT IGNORE INTO nurse_shift (AMKA, shift_id) VALUES ('1410472859', '268');
INSERT IGNORE INTO nurse_shift (AMKA, shift_id) VALUES ('0707486851', '268');
INSERT IGNORE INTO nurse_shift (AMKA, shift_id) VALUES ('2110624175', '268');
INSERT IGNORE INTO nurse_shift (AMKA, shift_id) VALUES ('2511766415', '268');
INSERT IGNORE INTO nurse_shift (AMKA, shift_id) VALUES ('1107666248', '268');
INSERT IGNORE INTO nurse_shift (AMKA, shift_id) VALUES ('2812529967', '268');
INSERT IGNORE INTO admin_shift (AMKA, shift_id) VALUES ('0310498160', '268');
INSERT IGNORE INTO admin_shift (AMKA, shift_id) VALUES ('0212875455', '268');
UPDATE IGNORE shift SET status = TRUE WHERE shift_id = '268';
INSERT IGNORE INTO dept_shift (dept_name, shift_id) VALUES ('Oncology', '268');
INSERT INTO shift (day, type) VALUES ('2026-10-03 00:00:00', '23:00-07:00');
INSERT IGNORE INTO doctor_shift (AMKA, shift_id) VALUES ('2003754733', '269');
INSERT IGNORE INTO doctor_shift (AMKA, shift_id) VALUES ('2707864104', '269');
INSERT IGNORE INTO doctor_shift (AMKA, shift_id) VALUES ('1805820786', '269');
INSERT IGNORE INTO doctor_shift (AMKA, shift_id) VALUES ('1104529817', '269');
INSERT IGNORE INTO doctor_shift (AMKA, shift_id) VALUES ('1905740744', '269');
INSERT IGNORE INTO doctor_shift (AMKA, shift_id) VALUES ('2012810248', '269');
INSERT IGNORE INTO doctor_shift (AMKA, shift_id) VALUES ('0411550543', '269');
INSERT IGNORE INTO doctor_shift (AMKA, shift_id) VALUES ('1206704867', '269');
INSERT IGNORE INTO nurse_shift (AMKA, shift_id) VALUES ('2202788231', '269');
INSERT IGNORE INTO nurse_shift (AMKA, shift_id) VALUES ('3003718056', '269');
INSERT IGNORE INTO nurse_shift (AMKA, shift_id) VALUES ('0805529909', '269');
INSERT IGNORE INTO nurse_shift (AMKA, shift_id) VALUES ('0302574411', '269');
INSERT IGNORE INTO nurse_shift (AMKA, shift_id) VALUES ('1501974417', '269');
INSERT IGNORE INTO nurse_shift (AMKA, shift_id) VALUES ('0201469512', '269');
INSERT IGNORE INTO admin_shift (AMKA, shift_id) VALUES ('0804527361', '269');
INSERT IGNORE INTO admin_shift (AMKA, shift_id) VALUES ('1807947524', '269');
INSERT IGNORE INTO admin_shift (AMKA, shift_id) VALUES ('1711829846', '269');
UPDATE IGNORE shift SET status = TRUE WHERE shift_id = '269';
INSERT IGNORE INTO dept_shift (dept_name, shift_id) VALUES ('Oncology', '269');
INSERT INTO shift (day, type) VALUES ('2026-07-10 00:00:00', '15:00-23:00');
INSERT IGNORE INTO doctor_shift (AMKA, shift_id) VALUES ('0803576389', '270');
INSERT IGNORE INTO doctor_shift (AMKA, shift_id) VALUES ('1806762549', '270');
INSERT IGNORE INTO doctor_shift (AMKA, shift_id) VALUES ('1604612218', '270');
INSERT IGNORE INTO doctor_shift (AMKA, shift_id) VALUES ('1305442503', '270');
INSERT IGNORE INTO doctor_shift (AMKA, shift_id) VALUES ('1912912516', '270');
INSERT IGNORE INTO doctor_shift (AMKA, shift_id) VALUES ('1210608936', '270');
INSERT IGNORE INTO doctor_shift (AMKA, shift_id) VALUES ('0410505068', '270');
INSERT IGNORE INTO nurse_shift (AMKA, shift_id) VALUES ('2110624175', '270');
INSERT IGNORE INTO nurse_shift (AMKA, shift_id) VALUES ('1807594302', '270');
INSERT IGNORE INTO nurse_shift (AMKA, shift_id) VALUES ('2005873415', '270');
INSERT IGNORE INTO nurse_shift (AMKA, shift_id) VALUES ('1112517867', '270');
INSERT IGNORE INTO nurse_shift (AMKA, shift_id) VALUES ('1410576808', '270');
INSERT IGNORE INTO nurse_shift (AMKA, shift_id) VALUES ('0805529909', '270');
INSERT IGNORE INTO admin_shift (AMKA, shift_id) VALUES ('1810691695', '270');
INSERT IGNORE INTO admin_shift (AMKA, shift_id) VALUES ('1407956296', '270');
UPDATE IGNORE shift SET status = TRUE WHERE shift_id = '270';
INSERT IGNORE INTO dept_shift (dept_name, shift_id) VALUES ('Oncology', '270');
INSERT INTO shift (day, type) VALUES ('2024-05-09 00:00:00', '23:00-07:00');
INSERT IGNORE INTO doctor_shift (AMKA, shift_id) VALUES ('2803422426', '271');
INSERT IGNORE INTO doctor_shift (AMKA, shift_id) VALUES ('0903695053', '271');
INSERT IGNORE INTO doctor_shift (AMKA, shift_id) VALUES ('2502654079', '271');
INSERT IGNORE INTO doctor_shift (AMKA, shift_id) VALUES ('1101823701', '271');
INSERT IGNORE INTO doctor_shift (AMKA, shift_id) VALUES ('2107936328', '271');
INSERT IGNORE INTO doctor_shift (AMKA, shift_id) VALUES ('3012474240', '271');
INSERT IGNORE INTO nurse_shift (AMKA, shift_id) VALUES ('0310576949', '271');
INSERT IGNORE INTO nurse_shift (AMKA, shift_id) VALUES ('0412861461', '271');
INSERT IGNORE INTO nurse_shift (AMKA, shift_id) VALUES ('1907956316', '271');
INSERT IGNORE INTO nurse_shift (AMKA, shift_id) VALUES ('2705913673', '271');
INSERT IGNORE INTO nurse_shift (AMKA, shift_id) VALUES ('2612984884', '271');
INSERT IGNORE INTO nurse_shift (AMKA, shift_id) VALUES ('2704562592', '271');
INSERT IGNORE INTO nurse_shift (AMKA, shift_id) VALUES ('1908934284', '271');
INSERT IGNORE INTO nurse_shift (AMKA, shift_id) VALUES ('1712731602', '271');
INSERT IGNORE INTO nurse_shift (AMKA, shift_id) VALUES ('2706529149', '271');
INSERT IGNORE INTO nurse_shift (AMKA, shift_id) VALUES ('0509864586', '271');
INSERT IGNORE INTO admin_shift (AMKA, shift_id) VALUES ('2104509361', '271');
INSERT IGNORE INTO admin_shift (AMKA, shift_id) VALUES ('1707612309', '271');
UPDATE IGNORE shift SET status = TRUE WHERE shift_id = '271';
INSERT IGNORE INTO dept_shift (dept_name, shift_id) VALUES ('Oncology', '271');
INSERT INTO shift (day, type) VALUES ('2026-09-12 00:00:00', '23:00-07:00');
INSERT IGNORE INTO doctor_shift (AMKA, shift_id) VALUES ('1101823701', '272');
INSERT IGNORE INTO doctor_shift (AMKA, shift_id) VALUES ('1403910610', '272');
INSERT IGNORE INTO doctor_shift (AMKA, shift_id) VALUES ('1307618841', '272');
INSERT IGNORE INTO doctor_shift (AMKA, shift_id) VALUES ('0206637500', '272');
INSERT IGNORE INTO nurse_shift (AMKA, shift_id) VALUES ('1203883023', '272');
INSERT IGNORE INTO nurse_shift (AMKA, shift_id) VALUES ('1111688464', '272');
INSERT IGNORE INTO nurse_shift (AMKA, shift_id) VALUES ('2407818176', '272');
INSERT IGNORE INTO nurse_shift (AMKA, shift_id) VALUES ('1311513072', '272');
INSERT IGNORE INTO nurse_shift (AMKA, shift_id) VALUES ('3003940529', '272');
INSERT IGNORE INTO nurse_shift (AMKA, shift_id) VALUES ('1501974417', '272');
INSERT IGNORE INTO nurse_shift (AMKA, shift_id) VALUES ('2705913673', '272');
INSERT IGNORE INTO nurse_shift (AMKA, shift_id) VALUES ('1410576808', '272');
INSERT IGNORE INTO admin_shift (AMKA, shift_id) VALUES ('1909762384', '272');
INSERT IGNORE INTO admin_shift (AMKA, shift_id) VALUES ('1108942647', '272');
UPDATE IGNORE shift SET status = TRUE WHERE shift_id = '272';
INSERT IGNORE INTO dept_shift (dept_name, shift_id) VALUES ('Oncology', '272');
INSERT INTO shift (day, type) VALUES ('2025-10-09 00:00:00', '23:00-07:00');
INSERT IGNORE INTO doctor_shift (AMKA, shift_id) VALUES ('2407887390', '273');
INSERT IGNORE INTO doctor_shift (AMKA, shift_id) VALUES ('1701787998', '273');
INSERT IGNORE INTO doctor_shift (AMKA, shift_id) VALUES ('2708408067', '273');
INSERT IGNORE INTO doctor_shift (AMKA, shift_id) VALUES ('1403910610', '273');
INSERT IGNORE INTO nurse_shift (AMKA, shift_id) VALUES ('0403530470', '273');
INSERT IGNORE INTO nurse_shift (AMKA, shift_id) VALUES ('1603685746', '273');
INSERT IGNORE INTO nurse_shift (AMKA, shift_id) VALUES ('2705913673', '273');
INSERT IGNORE INTO nurse_shift (AMKA, shift_id) VALUES ('1304544511', '273');
INSERT IGNORE INTO nurse_shift (AMKA, shift_id) VALUES ('1501974417', '273');
INSERT IGNORE INTO nurse_shift (AMKA, shift_id) VALUES ('1708849364', '273');
INSERT IGNORE INTO admin_shift (AMKA, shift_id) VALUES ('2412702821', '273');
INSERT IGNORE INTO admin_shift (AMKA, shift_id) VALUES ('2204425556', '273');
INSERT IGNORE INTO admin_shift (AMKA, shift_id) VALUES ('0804527361', '273');
INSERT IGNORE INTO admin_shift (AMKA, shift_id) VALUES ('3103504955', '273');
UPDATE IGNORE shift SET status = TRUE WHERE shift_id = '273';
INSERT IGNORE INTO dept_shift (dept_name, shift_id) VALUES ('Oncology', '273');
INSERT INTO shift (day, type) VALUES ('2025-02-04 00:00:00', '07:00-15:00');
INSERT IGNORE INTO doctor_shift (AMKA, shift_id) VALUES ('1107638937', '274');
INSERT IGNORE INTO doctor_shift (AMKA, shift_id) VALUES ('0109876222', '274');
INSERT IGNORE INTO doctor_shift (AMKA, shift_id) VALUES ('0810802797', '274');
INSERT IGNORE INTO doctor_shift (AMKA, shift_id) VALUES ('2301681047', '274');
INSERT IGNORE INTO nurse_shift (AMKA, shift_id) VALUES ('1603685746', '274');
INSERT IGNORE INTO nurse_shift (AMKA, shift_id) VALUES ('3107984441', '274');
INSERT IGNORE INTO nurse_shift (AMKA, shift_id) VALUES ('1101855051', '274');
INSERT IGNORE INTO nurse_shift (AMKA, shift_id) VALUES ('2008408711', '274');
INSERT IGNORE INTO nurse_shift (AMKA, shift_id) VALUES ('2210732993', '274');
INSERT IGNORE INTO nurse_shift (AMKA, shift_id) VALUES ('2104682202', '274');
INSERT IGNORE INTO nurse_shift (AMKA, shift_id) VALUES ('1210633994', '274');
INSERT IGNORE INTO nurse_shift (AMKA, shift_id) VALUES ('3101743228', '274');
INSERT IGNORE INTO nurse_shift (AMKA, shift_id) VALUES ('0707486851', '274');
INSERT IGNORE INTO admin_shift (AMKA, shift_id) VALUES ('2204425556', '274');
INSERT IGNORE INTO admin_shift (AMKA, shift_id) VALUES ('2803665107', '274');
INSERT IGNORE INTO admin_shift (AMKA, shift_id) VALUES ('1001660800', '274');
UPDATE IGNORE shift SET status = TRUE WHERE shift_id = '274';
INSERT IGNORE INTO dept_shift (dept_name, shift_id) VALUES ('Oncology', '274');
INSERT INTO shift (day, type) VALUES ('2024-09-10 00:00:00', '07:00-15:00');
INSERT IGNORE INTO doctor_shift (AMKA, shift_id) VALUES ('1102752591', '275');
INSERT IGNORE INTO doctor_shift (AMKA, shift_id) VALUES ('0811685025', '275');
INSERT IGNORE INTO doctor_shift (AMKA, shift_id) VALUES ('0810802797', '275');
INSERT IGNORE INTO doctor_shift (AMKA, shift_id) VALUES ('2304595248', '275');
INSERT IGNORE INTO doctor_shift (AMKA, shift_id) VALUES ('1307618841', '275');
INSERT IGNORE INTO doctor_shift (AMKA, shift_id) VALUES ('1403472446', '275');
INSERT IGNORE INTO nurse_shift (AMKA, shift_id) VALUES ('0905711630', '275');
INSERT IGNORE INTO nurse_shift (AMKA, shift_id) VALUES ('0307004452', '275');
INSERT IGNORE INTO nurse_shift (AMKA, shift_id) VALUES ('0909660903', '275');
INSERT IGNORE INTO nurse_shift (AMKA, shift_id) VALUES ('1006891535', '275');
INSERT IGNORE INTO nurse_shift (AMKA, shift_id) VALUES ('2705913673', '275');
INSERT IGNORE INTO nurse_shift (AMKA, shift_id) VALUES ('0509864586', '275');
INSERT IGNORE INTO nurse_shift (AMKA, shift_id) VALUES ('2804482376', '275');
INSERT IGNORE INTO admin_shift (AMKA, shift_id) VALUES ('2610796674', '275');
INSERT IGNORE INTO admin_shift (AMKA, shift_id) VALUES ('0807583265', '275');
UPDATE IGNORE shift SET status = TRUE WHERE shift_id = '275';
INSERT IGNORE INTO dept_shift (dept_name, shift_id) VALUES ('Oncology', '275');
INSERT INTO shift (day, type) VALUES ('2025-05-09 00:00:00', '23:00-07:00');
INSERT IGNORE INTO doctor_shift (AMKA, shift_id) VALUES ('2510927096', '276');
INSERT IGNORE INTO doctor_shift (AMKA, shift_id) VALUES ('2204653007', '276');
INSERT IGNORE INTO doctor_shift (AMKA, shift_id) VALUES ('0206637500', '276');
INSERT IGNORE INTO doctor_shift (AMKA, shift_id) VALUES ('1101823701', '276');
INSERT IGNORE INTO doctor_shift (AMKA, shift_id) VALUES ('2811728295', '276');
INSERT IGNORE INTO doctor_shift (AMKA, shift_id) VALUES ('1104742723', '276');
INSERT IGNORE INTO nurse_shift (AMKA, shift_id) VALUES ('1207679089', '276');
INSERT IGNORE INTO nurse_shift (AMKA, shift_id) VALUES ('0412861461', '276');
INSERT IGNORE INTO nurse_shift (AMKA, shift_id) VALUES ('1107666248', '276');
INSERT IGNORE INTO nurse_shift (AMKA, shift_id) VALUES ('2008408711', '276');
INSERT IGNORE INTO nurse_shift (AMKA, shift_id) VALUES ('2612984884', '276');
INSERT IGNORE INTO nurse_shift (AMKA, shift_id) VALUES ('2409746735', '276');
INSERT IGNORE INTO nurse_shift (AMKA, shift_id) VALUES ('0201469512', '276');
INSERT IGNORE INTO nurse_shift (AMKA, shift_id) VALUES ('0707486851', '276');
INSERT IGNORE INTO nurse_shift (AMKA, shift_id) VALUES ('0302574411', '276');
INSERT IGNORE INTO nurse_shift (AMKA, shift_id) VALUES ('2104682202', '276');
INSERT IGNORE INTO admin_shift (AMKA, shift_id) VALUES ('1108942647', '276');
INSERT IGNORE INTO admin_shift (AMKA, shift_id) VALUES ('2403663964', '276');
INSERT IGNORE INTO admin_shift (AMKA, shift_id) VALUES ('2610796674', '276');
UPDATE IGNORE shift SET status = TRUE WHERE shift_id = '276';
INSERT IGNORE INTO dept_shift (dept_name, shift_id) VALUES ('Oncology', '276');
INSERT INTO shift (day, type) VALUES ('2026-08-28 00:00:00', '23:00-07:00');
INSERT IGNORE INTO doctor_shift (AMKA, shift_id) VALUES ('1611592474', '277');
INSERT IGNORE INTO doctor_shift (AMKA, shift_id) VALUES ('1307618841', '277');
INSERT IGNORE INTO doctor_shift (AMKA, shift_id) VALUES ('2107936328', '277');
INSERT IGNORE INTO doctor_shift (AMKA, shift_id) VALUES ('0308718729', '277');
INSERT IGNORE INTO doctor_shift (AMKA, shift_id) VALUES ('2510927096', '277');
INSERT IGNORE INTO doctor_shift (AMKA, shift_id) VALUES ('1805820786', '277');
INSERT IGNORE INTO doctor_shift (AMKA, shift_id) VALUES ('2206803094', '277');
INSERT IGNORE INTO nurse_shift (AMKA, shift_id) VALUES ('2104682202', '277');
INSERT IGNORE INTO nurse_shift (AMKA, shift_id) VALUES ('1809580815', '277');
INSERT IGNORE INTO nurse_shift (AMKA, shift_id) VALUES ('1210633994', '277');
INSERT IGNORE INTO nurse_shift (AMKA, shift_id) VALUES ('2407818176', '277');
INSERT IGNORE INTO nurse_shift (AMKA, shift_id) VALUES ('1708849364', '277');
INSERT IGNORE INTO nurse_shift (AMKA, shift_id) VALUES ('1602668533', '277');
INSERT IGNORE INTO nurse_shift (AMKA, shift_id) VALUES ('3107984441', '277');
INSERT IGNORE INTO nurse_shift (AMKA, shift_id) VALUES ('0303995114', '277');
INSERT IGNORE INTO admin_shift (AMKA, shift_id) VALUES ('1703437989', '277');
INSERT IGNORE INTO admin_shift (AMKA, shift_id) VALUES ('3103504955', '277');
UPDATE IGNORE shift SET status = TRUE WHERE shift_id = '277';
INSERT IGNORE INTO dept_shift (dept_name, shift_id) VALUES ('Oncology', '277');
INSERT INTO shift (day, type) VALUES ('2026-03-17 00:00:00', '23:00-07:00');
INSERT IGNORE INTO doctor_shift (AMKA, shift_id) VALUES ('1805820786', '278');
INSERT IGNORE INTO doctor_shift (AMKA, shift_id) VALUES ('0410505068', '278');
INSERT IGNORE INTO doctor_shift (AMKA, shift_id) VALUES ('0303531282', '278');
INSERT IGNORE INTO doctor_shift (AMKA, shift_id) VALUES ('1708511124', '278');
INSERT IGNORE INTO nurse_shift (AMKA, shift_id) VALUES ('2105987694', '278');
INSERT IGNORE INTO nurse_shift (AMKA, shift_id) VALUES ('1908934284', '278');
INSERT IGNORE INTO nurse_shift (AMKA, shift_id) VALUES ('1101855051', '278');
INSERT IGNORE INTO nurse_shift (AMKA, shift_id) VALUES ('0212459106', '278');
INSERT IGNORE INTO nurse_shift (AMKA, shift_id) VALUES ('1703812899', '278');
INSERT IGNORE INTO nurse_shift (AMKA, shift_id) VALUES ('0509934508', '278');
INSERT IGNORE INTO nurse_shift (AMKA, shift_id) VALUES ('2903754769', '278');
INSERT IGNORE INTO admin_shift (AMKA, shift_id) VALUES ('3006533908', '278');
INSERT IGNORE INTO admin_shift (AMKA, shift_id) VALUES ('3108420255', '278');
INSERT IGNORE INTO admin_shift (AMKA, shift_id) VALUES ('2912624436', '278');
UPDATE IGNORE shift SET status = TRUE WHERE shift_id = '278';
INSERT IGNORE INTO dept_shift (dept_name, shift_id) VALUES ('Oncology', '278');
INSERT INTO shift (day, type) VALUES ('2026-01-28 00:00:00', '15:00-23:00');
INSERT IGNORE INTO doctor_shift (AMKA, shift_id) VALUES ('2304595248', '279');
INSERT IGNORE INTO doctor_shift (AMKA, shift_id) VALUES ('1904466405', '279');
INSERT IGNORE INTO doctor_shift (AMKA, shift_id) VALUES ('1708511124', '279');
INSERT IGNORE INTO doctor_shift (AMKA, shift_id) VALUES ('1305442503', '279');
INSERT IGNORE INTO doctor_shift (AMKA, shift_id) VALUES ('1403910610', '279');
INSERT IGNORE INTO doctor_shift (AMKA, shift_id) VALUES ('1806762549', '279');
INSERT IGNORE INTO nurse_shift (AMKA, shift_id) VALUES ('1309466103', '279');
INSERT IGNORE INTO nurse_shift (AMKA, shift_id) VALUES ('0501507716', '279');
INSERT IGNORE INTO nurse_shift (AMKA, shift_id) VALUES ('2706529149', '279');
INSERT IGNORE INTO nurse_shift (AMKA, shift_id) VALUES ('0707486851', '279');
INSERT IGNORE INTO nurse_shift (AMKA, shift_id) VALUES ('2903754769', '279');
INSERT IGNORE INTO nurse_shift (AMKA, shift_id) VALUES ('0405455659', '279');
INSERT IGNORE INTO nurse_shift (AMKA, shift_id) VALUES ('2704562592', '279');
INSERT IGNORE INTO nurse_shift (AMKA, shift_id) VALUES ('2509796665', '279');
INSERT IGNORE INTO nurse_shift (AMKA, shift_id) VALUES ('0211835314', '279');
INSERT IGNORE INTO admin_shift (AMKA, shift_id) VALUES ('1108942647', '279');
INSERT IGNORE INTO admin_shift (AMKA, shift_id) VALUES ('1610915018', '279');
INSERT IGNORE INTO admin_shift (AMKA, shift_id) VALUES ('0601877562', '279');
UPDATE IGNORE shift SET status = TRUE WHERE shift_id = '279';
INSERT IGNORE INTO dept_shift (dept_name, shift_id) VALUES ('Oncology', '279');
INSERT INTO shift (day, type) VALUES ('2025-02-04 00:00:00', '15:00-23:00');
INSERT IGNORE INTO doctor_shift (AMKA, shift_id) VALUES ('3005978572', '280');
INSERT IGNORE INTO doctor_shift (AMKA, shift_id) VALUES ('2407887390', '280');
INSERT IGNORE INTO doctor_shift (AMKA, shift_id) VALUES ('1912912516', '280');
INSERT IGNORE INTO doctor_shift (AMKA, shift_id) VALUES ('1210608936', '280');
INSERT IGNORE INTO doctor_shift (AMKA, shift_id) VALUES ('0508710262', '280');
INSERT IGNORE INTO doctor_shift (AMKA, shift_id) VALUES ('0109876222', '280');
INSERT IGNORE INTO nurse_shift (AMKA, shift_id) VALUES ('1210633994', '280');
INSERT IGNORE INTO nurse_shift (AMKA, shift_id) VALUES ('1111688464', '280');
INSERT IGNORE INTO nurse_shift (AMKA, shift_id) VALUES ('2906619041', '280');
INSERT IGNORE INTO nurse_shift (AMKA, shift_id) VALUES ('2602489567', '280');
INSERT IGNORE INTO nurse_shift (AMKA, shift_id) VALUES ('2810445963', '280');
INSERT IGNORE INTO nurse_shift (AMKA, shift_id) VALUES ('2009974419', '280');
INSERT IGNORE INTO admin_shift (AMKA, shift_id) VALUES ('2403663964', '280');
INSERT IGNORE INTO admin_shift (AMKA, shift_id) VALUES ('2610796674', '280');
UPDATE IGNORE shift SET status = TRUE WHERE shift_id = '280';
INSERT IGNORE INTO dept_shift (dept_name, shift_id) VALUES ('Oncology', '280');
INSERT INTO shift (day, type) VALUES ('2024-07-08 00:00:00', '07:00-15:00');
INSERT IGNORE INTO doctor_shift (AMKA, shift_id) VALUES ('2004702238', '281');
INSERT IGNORE INTO doctor_shift (AMKA, shift_id) VALUES ('1104529817', '281');
INSERT IGNORE INTO doctor_shift (AMKA, shift_id) VALUES ('1107638937', '281');
INSERT IGNORE INTO nurse_shift (AMKA, shift_id) VALUES ('1111688464', '281');
INSERT IGNORE INTO nurse_shift (AMKA, shift_id) VALUES ('1304544511', '281');
INSERT IGNORE INTO nurse_shift (AMKA, shift_id) VALUES ('0909660903', '281');
INSERT IGNORE INTO nurse_shift (AMKA, shift_id) VALUES ('2804482376', '281');
INSERT IGNORE INTO nurse_shift (AMKA, shift_id) VALUES ('2209772976', '281');
INSERT IGNORE INTO nurse_shift (AMKA, shift_id) VALUES ('3107984441', '281');
INSERT IGNORE INTO admin_shift (AMKA, shift_id) VALUES ('0903487819', '281');
INSERT IGNORE INTO admin_shift (AMKA, shift_id) VALUES ('2307565593', '281');
UPDATE IGNORE shift SET status = TRUE WHERE shift_id = '281';
INSERT IGNORE INTO dept_shift (dept_name, shift_id) VALUES ('Oncology', '281');
INSERT INTO shift (day, type) VALUES ('2024-02-03 00:00:00', '15:00-23:00');
INSERT IGNORE INTO doctor_shift (AMKA, shift_id) VALUES ('1904466405', '282');
INSERT IGNORE INTO doctor_shift (AMKA, shift_id) VALUES ('0602879802', '282');
INSERT IGNORE INTO doctor_shift (AMKA, shift_id) VALUES ('0411980022', '282');
INSERT IGNORE INTO doctor_shift (AMKA, shift_id) VALUES ('1210608936', '282');
INSERT IGNORE INTO doctor_shift (AMKA, shift_id) VALUES ('1101823701', '282');
INSERT IGNORE INTO doctor_shift (AMKA, shift_id) VALUES ('0508710262', '282');
INSERT IGNORE INTO doctor_shift (AMKA, shift_id) VALUES ('1104529817', '282');
INSERT IGNORE INTO doctor_shift (AMKA, shift_id) VALUES ('2806888346', '282');
INSERT IGNORE INTO nurse_shift (AMKA, shift_id) VALUES ('2012883023', '282');
INSERT IGNORE INTO nurse_shift (AMKA, shift_id) VALUES ('1602668533', '282');
INSERT IGNORE INTO nurse_shift (AMKA, shift_id) VALUES ('2509796665', '282');
INSERT IGNORE INTO nurse_shift (AMKA, shift_id) VALUES ('3003718056', '282');
INSERT IGNORE INTO nurse_shift (AMKA, shift_id) VALUES ('2407818176', '282');
INSERT IGNORE INTO nurse_shift (AMKA, shift_id) VALUES ('0403530470', '282');
INSERT IGNORE INTO nurse_shift (AMKA, shift_id) VALUES ('2409746735', '282');
INSERT IGNORE INTO nurse_shift (AMKA, shift_id) VALUES ('2906619041', '282');
INSERT IGNORE INTO nurse_shift (AMKA, shift_id) VALUES ('2209772976', '282');
INSERT IGNORE INTO admin_shift (AMKA, shift_id) VALUES ('2210867288', '282');
INSERT IGNORE INTO admin_shift (AMKA, shift_id) VALUES ('1004500988', '282');
INSERT IGNORE INTO admin_shift (AMKA, shift_id) VALUES ('0409007927', '282');
UPDATE IGNORE shift SET status = TRUE WHERE shift_id = '282';
INSERT IGNORE INTO dept_shift (dept_name, shift_id) VALUES ('Oncology', '282');
INSERT INTO shift (day, type) VALUES ('2026-12-01 00:00:00', '15:00-23:00');
INSERT IGNORE INTO doctor_shift (AMKA, shift_id) VALUES ('0710954761', '283');
INSERT IGNORE INTO doctor_shift (AMKA, shift_id) VALUES ('2203718551', '283');
INSERT IGNORE INTO doctor_shift (AMKA, shift_id) VALUES ('1904466405', '283');
INSERT IGNORE INTO doctor_shift (AMKA, shift_id) VALUES ('2707864104', '283');
INSERT IGNORE INTO doctor_shift (AMKA, shift_id) VALUES ('2108809189', '283');
INSERT IGNORE INTO doctor_shift (AMKA, shift_id) VALUES ('2312865669', '283');
INSERT IGNORE INTO doctor_shift (AMKA, shift_id) VALUES ('1305442503', '283');
INSERT IGNORE INTO doctor_shift (AMKA, shift_id) VALUES ('2412989437', '283');
INSERT IGNORE INTO nurse_shift (AMKA, shift_id) VALUES ('1006891535', '283');
INSERT IGNORE INTO nurse_shift (AMKA, shift_id) VALUES ('1107666248', '283');
INSERT IGNORE INTO nurse_shift (AMKA, shift_id) VALUES ('0509934508', '283');
INSERT IGNORE INTO nurse_shift (AMKA, shift_id) VALUES ('2804482376', '283');
INSERT IGNORE INTO nurse_shift (AMKA, shift_id) VALUES ('3011568029', '283');
INSERT IGNORE INTO nurse_shift (AMKA, shift_id) VALUES ('1709556112', '283');
INSERT IGNORE INTO nurse_shift (AMKA, shift_id) VALUES ('2904573556', '283');
INSERT IGNORE INTO admin_shift (AMKA, shift_id) VALUES ('3107841971', '283');
INSERT IGNORE INTO admin_shift (AMKA, shift_id) VALUES ('2610796674', '283');
INSERT IGNORE INTO admin_shift (AMKA, shift_id) VALUES ('2204425556', '283');
UPDATE IGNORE shift SET status = TRUE WHERE shift_id = '283';
INSERT IGNORE INTO dept_shift (dept_name, shift_id) VALUES ('Oncology', '283');
INSERT INTO shift (day, type) VALUES ('2026-09-02 00:00:00', '23:00-07:00');
INSERT IGNORE INTO doctor_shift (AMKA, shift_id) VALUES ('0301525882', '284');
INSERT IGNORE INTO doctor_shift (AMKA, shift_id) VALUES ('2806888346', '284');
INSERT IGNORE INTO doctor_shift (AMKA, shift_id) VALUES ('1206704867', '284');
INSERT IGNORE INTO nurse_shift (AMKA, shift_id) VALUES ('1311513072', '284');
INSERT IGNORE INTO nurse_shift (AMKA, shift_id) VALUES ('0205417367', '284');
INSERT IGNORE INTO nurse_shift (AMKA, shift_id) VALUES ('1103802636', '284');
INSERT IGNORE INTO nurse_shift (AMKA, shift_id) VALUES ('1107666248', '284');
INSERT IGNORE INTO nurse_shift (AMKA, shift_id) VALUES ('1601483351', '284');
INSERT IGNORE INTO nurse_shift (AMKA, shift_id) VALUES ('2301986927', '284');
INSERT IGNORE INTO nurse_shift (AMKA, shift_id) VALUES ('2509796665', '284');
INSERT IGNORE INTO nurse_shift (AMKA, shift_id) VALUES ('1908934284', '284');
INSERT IGNORE INTO nurse_shift (AMKA, shift_id) VALUES ('1603685746', '284');
INSERT IGNORE INTO nurse_shift (AMKA, shift_id) VALUES ('0403530470', '284');
INSERT IGNORE INTO admin_shift (AMKA, shift_id) VALUES ('1401529676', '284');
INSERT IGNORE INTO admin_shift (AMKA, shift_id) VALUES ('0601877562', '284');
INSERT IGNORE INTO admin_shift (AMKA, shift_id) VALUES ('2210867288', '284');
UPDATE IGNORE shift SET status = TRUE WHERE shift_id = '284';
INSERT IGNORE INTO dept_shift (dept_name, shift_id) VALUES ('Oncology', '284');
INSERT INTO shift (day, type) VALUES ('2024-10-11 00:00:00', '07:00-15:00');
INSERT IGNORE INTO doctor_shift (AMKA, shift_id) VALUES ('0811685025', '285');
INSERT IGNORE INTO doctor_shift (AMKA, shift_id) VALUES ('0903695053', '285');
INSERT IGNORE INTO doctor_shift (AMKA, shift_id) VALUES ('1805820786', '285');
INSERT IGNORE INTO doctor_shift (AMKA, shift_id) VALUES ('2708408067', '285');
INSERT IGNORE INTO doctor_shift (AMKA, shift_id) VALUES ('1608881787', '285');
INSERT IGNORE INTO doctor_shift (AMKA, shift_id) VALUES ('0611462338', '285');
INSERT IGNORE INTO doctor_shift (AMKA, shift_id) VALUES ('0411980022', '285');
INSERT IGNORE INTO doctor_shift (AMKA, shift_id) VALUES ('1104529817', '285');
INSERT IGNORE INTO nurse_shift (AMKA, shift_id) VALUES ('1707693139', '285');
INSERT IGNORE INTO nurse_shift (AMKA, shift_id) VALUES ('2205716047', '285');
INSERT IGNORE INTO nurse_shift (AMKA, shift_id) VALUES ('1712731602', '285');
INSERT IGNORE INTO nurse_shift (AMKA, shift_id) VALUES ('2704562592', '285');
INSERT IGNORE INTO nurse_shift (AMKA, shift_id) VALUES ('1302478288', '285');
INSERT IGNORE INTO nurse_shift (AMKA, shift_id) VALUES ('2407818176', '285');
INSERT IGNORE INTO nurse_shift (AMKA, shift_id) VALUES ('2706529149', '285');
INSERT IGNORE INTO nurse_shift (AMKA, shift_id) VALUES ('1708849364', '285');
INSERT IGNORE INTO nurse_shift (AMKA, shift_id) VALUES ('1109842569', '285');
INSERT IGNORE INTO admin_shift (AMKA, shift_id) VALUES ('3108668309', '285');
INSERT IGNORE INTO admin_shift (AMKA, shift_id) VALUES ('1401438948', '285');
INSERT IGNORE INTO admin_shift (AMKA, shift_id) VALUES ('1108942647', '285');
UPDATE IGNORE shift SET status = TRUE WHERE shift_id = '285';
INSERT IGNORE INTO dept_shift (dept_name, shift_id) VALUES ('Oncology', '285');
INSERT INTO shift (day, type) VALUES ('2024-04-18 00:00:00', '15:00-23:00');
INSERT IGNORE INTO doctor_shift (AMKA, shift_id) VALUES ('1612748648', '286');
INSERT IGNORE INTO doctor_shift (AMKA, shift_id) VALUES ('2312865669', '286');
INSERT IGNORE INTO doctor_shift (AMKA, shift_id) VALUES ('1004748289', '286');
INSERT IGNORE INTO doctor_shift (AMKA, shift_id) VALUES ('1608881787', '286');
INSERT IGNORE INTO doctor_shift (AMKA, shift_id) VALUES ('2502654079', '286');
INSERT IGNORE INTO doctor_shift (AMKA, shift_id) VALUES ('2806888346', '286');
INSERT IGNORE INTO nurse_shift (AMKA, shift_id) VALUES ('1709556112', '286');
INSERT IGNORE INTO nurse_shift (AMKA, shift_id) VALUES ('2904573556', '286');
INSERT IGNORE INTO nurse_shift (AMKA, shift_id) VALUES ('1810684760', '286');
INSERT IGNORE INTO nurse_shift (AMKA, shift_id) VALUES ('1907956316', '286');
INSERT IGNORE INTO nurse_shift (AMKA, shift_id) VALUES ('2804482376', '286');
INSERT IGNORE INTO nurse_shift (AMKA, shift_id) VALUES ('0412861461', '286');
INSERT IGNORE INTO nurse_shift (AMKA, shift_id) VALUES ('0909660903', '286');
INSERT IGNORE INTO nurse_shift (AMKA, shift_id) VALUES ('1707693139', '286');
INSERT IGNORE INTO nurse_shift (AMKA, shift_id) VALUES ('0201469512', '286');
INSERT IGNORE INTO admin_shift (AMKA, shift_id) VALUES ('1108942647', '286');
INSERT IGNORE INTO admin_shift (AMKA, shift_id) VALUES ('1407956296', '286');
INSERT IGNORE INTO admin_shift (AMKA, shift_id) VALUES ('2204425556', '286');
INSERT IGNORE INTO admin_shift (AMKA, shift_id) VALUES ('2403663964', '286');
UPDATE IGNORE shift SET status = TRUE WHERE shift_id = '286';
INSERT IGNORE INTO dept_shift (dept_name, shift_id) VALUES ('Oncology', '286');
INSERT INTO shift (day, type) VALUES ('2024-11-03 00:00:00', '15:00-23:00');
INSERT IGNORE INTO doctor_shift (AMKA, shift_id) VALUES ('2301681047', '287');
INSERT IGNORE INTO doctor_shift (AMKA, shift_id) VALUES ('0406974498', '287');
INSERT IGNORE INTO doctor_shift (AMKA, shift_id) VALUES ('0301636140', '287');
INSERT IGNORE INTO doctor_shift (AMKA, shift_id) VALUES ('1210671054', '287');
INSERT IGNORE INTO doctor_shift (AMKA, shift_id) VALUES ('2510927096', '287');
INSERT IGNORE INTO doctor_shift (AMKA, shift_id) VALUES ('1210608936', '287');
INSERT IGNORE INTO doctor_shift (AMKA, shift_id) VALUES ('1102752591', '287');
INSERT IGNORE INTO nurse_shift (AMKA, shift_id) VALUES ('1607801274', '287');
INSERT IGNORE INTO nurse_shift (AMKA, shift_id) VALUES ('2202745833', '287');
INSERT IGNORE INTO nurse_shift (AMKA, shift_id) VALUES ('1210633994', '287');
INSERT IGNORE INTO nurse_shift (AMKA, shift_id) VALUES ('2105987694', '287');
INSERT IGNORE INTO nurse_shift (AMKA, shift_id) VALUES ('1203883023', '287');
INSERT IGNORE INTO nurse_shift (AMKA, shift_id) VALUES ('2008408711', '287');
INSERT IGNORE INTO admin_shift (AMKA, shift_id) VALUES ('3108668309', '287');
INSERT IGNORE INTO admin_shift (AMKA, shift_id) VALUES ('2210867288', '287');
INSERT IGNORE INTO admin_shift (AMKA, shift_id) VALUES ('1004500988', '287');
INSERT IGNORE INTO admin_shift (AMKA, shift_id) VALUES ('1810691695', '287');
UPDATE IGNORE shift SET status = TRUE WHERE shift_id = '287';
INSERT IGNORE INTO dept_shift (dept_name, shift_id) VALUES ('Oncology', '287');
INSERT INTO shift (day, type) VALUES ('2024-05-15 00:00:00', '15:00-23:00');
INSERT IGNORE INTO doctor_shift (AMKA, shift_id) VALUES ('2301681047', '288');
INSERT IGNORE INTO doctor_shift (AMKA, shift_id) VALUES ('1305442503', '288');
INSERT IGNORE INTO doctor_shift (AMKA, shift_id) VALUES ('0411550543', '288');
INSERT IGNORE INTO doctor_shift (AMKA, shift_id) VALUES ('2412989437', '288');
INSERT IGNORE INTO doctor_shift (AMKA, shift_id) VALUES ('0109876222', '288');
INSERT IGNORE INTO doctor_shift (AMKA, shift_id) VALUES ('2012810248', '288');
INSERT IGNORE INTO nurse_shift (AMKA, shift_id) VALUES ('3101743228', '288');
INSERT IGNORE INTO nurse_shift (AMKA, shift_id) VALUES ('2202788231', '288');
INSERT IGNORE INTO nurse_shift (AMKA, shift_id) VALUES ('2602489567', '288');
INSERT IGNORE INTO nurse_shift (AMKA, shift_id) VALUES ('2810445963', '288');
INSERT IGNORE INTO nurse_shift (AMKA, shift_id) VALUES ('2612984884', '288');
INSERT IGNORE INTO nurse_shift (AMKA, shift_id) VALUES ('1708849364', '288');
INSERT IGNORE INTO nurse_shift (AMKA, shift_id) VALUES ('0208490904', '288');
INSERT IGNORE INTO nurse_shift (AMKA, shift_id) VALUES ('0302574411', '288');
INSERT IGNORE INTO nurse_shift (AMKA, shift_id) VALUES ('2906619041', '288');
INSERT IGNORE INTO admin_shift (AMKA, shift_id) VALUES ('1807947524', '288');
INSERT IGNORE INTO admin_shift (AMKA, shift_id) VALUES ('0806415082', '288');
INSERT IGNORE INTO admin_shift (AMKA, shift_id) VALUES ('1101978318', '288');
UPDATE IGNORE shift SET status = TRUE WHERE shift_id = '288';
INSERT IGNORE INTO dept_shift (dept_name, shift_id) VALUES ('Oncology', '288');
INSERT INTO shift (day, type) VALUES ('2026-12-26 00:00:00', '15:00-23:00');
INSERT IGNORE INTO doctor_shift (AMKA, shift_id) VALUES ('1104742723', '289');
INSERT IGNORE INTO doctor_shift (AMKA, shift_id) VALUES ('1806762549', '289');
INSERT IGNORE INTO doctor_shift (AMKA, shift_id) VALUES ('0903695053', '289');
INSERT IGNORE INTO doctor_shift (AMKA, shift_id) VALUES ('0411980022', '289');
INSERT IGNORE INTO doctor_shift (AMKA, shift_id) VALUES ('0104436410', '289');
INSERT IGNORE INTO doctor_shift (AMKA, shift_id) VALUES ('2012810248', '289');
INSERT IGNORE INTO doctor_shift (AMKA, shift_id) VALUES ('0406974498', '289');
INSERT IGNORE INTO nurse_shift (AMKA, shift_id) VALUES ('3101743228', '289');
INSERT IGNORE INTO nurse_shift (AMKA, shift_id) VALUES ('0509934508', '289');
INSERT IGNORE INTO nurse_shift (AMKA, shift_id) VALUES ('2301986927', '289');
INSERT IGNORE INTO nurse_shift (AMKA, shift_id) VALUES ('0601427360', '289');
INSERT IGNORE INTO nurse_shift (AMKA, shift_id) VALUES ('2509796665', '289');
INSERT IGNORE INTO nurse_shift (AMKA, shift_id) VALUES ('0205417367', '289');
INSERT IGNORE INTO nurse_shift (AMKA, shift_id) VALUES ('3011568029', '289');
INSERT IGNORE INTO admin_shift (AMKA, shift_id) VALUES ('1407956296', '289');
INSERT IGNORE INTO admin_shift (AMKA, shift_id) VALUES ('2311563644', '289');
INSERT IGNORE INTO admin_shift (AMKA, shift_id) VALUES ('1203690867', '289');
UPDATE IGNORE shift SET status = TRUE WHERE shift_id = '289';
INSERT IGNORE INTO dept_shift (dept_name, shift_id) VALUES ('Opthalmology', '289');
INSERT INTO shift (day, type) VALUES ('2026-01-03 00:00:00', '07:00-15:00');
INSERT IGNORE INTO doctor_shift (AMKA, shift_id) VALUES ('1701787998', '290');
INSERT IGNORE INTO doctor_shift (AMKA, shift_id) VALUES ('0602879802', '290');
INSERT IGNORE INTO doctor_shift (AMKA, shift_id) VALUES ('1912912516', '290');
INSERT IGNORE INTO doctor_shift (AMKA, shift_id) VALUES ('0710954761', '290');
INSERT IGNORE INTO doctor_shift (AMKA, shift_id) VALUES ('2004702238', '290');
INSERT IGNORE INTO doctor_shift (AMKA, shift_id) VALUES ('1807676900', '290');
INSERT IGNORE INTO nurse_shift (AMKA, shift_id) VALUES ('1302478288', '290');
INSERT IGNORE INTO nurse_shift (AMKA, shift_id) VALUES ('0707486851', '290');
INSERT IGNORE INTO nurse_shift (AMKA, shift_id) VALUES ('0303995114', '290');
INSERT IGNORE INTO nurse_shift (AMKA, shift_id) VALUES ('1203883023', '290');
INSERT IGNORE INTO nurse_shift (AMKA, shift_id) VALUES ('1601483351', '290');
INSERT IGNORE INTO nurse_shift (AMKA, shift_id) VALUES ('2012883023', '290');
INSERT IGNORE INTO nurse_shift (AMKA, shift_id) VALUES ('1109842569', '290');
INSERT IGNORE INTO nurse_shift (AMKA, shift_id) VALUES ('1101855051', '290');
INSERT IGNORE INTO nurse_shift (AMKA, shift_id) VALUES ('2407818176', '290');
INSERT IGNORE INTO admin_shift (AMKA, shift_id) VALUES ('2104509361', '290');
INSERT IGNORE INTO admin_shift (AMKA, shift_id) VALUES ('2204425556', '290');
UPDATE IGNORE shift SET status = TRUE WHERE shift_id = '290';
INSERT IGNORE INTO dept_shift (dept_name, shift_id) VALUES ('Opthalmology', '290');
INSERT INTO shift (day, type) VALUES ('2026-04-16 00:00:00', '07:00-15:00');
INSERT IGNORE INTO doctor_shift (AMKA, shift_id) VALUES ('2107936328', '291');
INSERT IGNORE INTO doctor_shift (AMKA, shift_id) VALUES ('1403910610', '291');
INSERT IGNORE INTO doctor_shift (AMKA, shift_id) VALUES ('2204653007', '291');
INSERT IGNORE INTO doctor_shift (AMKA, shift_id) VALUES ('0111647658', '291');
INSERT IGNORE INTO doctor_shift (AMKA, shift_id) VALUES ('1604612218', '291');
INSERT IGNORE INTO nurse_shift (AMKA, shift_id) VALUES ('0412861461', '291');
INSERT IGNORE INTO nurse_shift (AMKA, shift_id) VALUES ('2105987694', '291');
INSERT IGNORE INTO nurse_shift (AMKA, shift_id) VALUES ('2704562592', '291');
INSERT IGNORE INTO nurse_shift (AMKA, shift_id) VALUES ('0501488320', '291');
INSERT IGNORE INTO nurse_shift (AMKA, shift_id) VALUES ('2407818176', '291');
INSERT IGNORE INTO nurse_shift (AMKA, shift_id) VALUES ('1112517867', '291');
INSERT IGNORE INTO nurse_shift (AMKA, shift_id) VALUES ('1304544511', '291');
INSERT IGNORE INTO nurse_shift (AMKA, shift_id) VALUES ('3107984441', '291');
INSERT IGNORE INTO admin_shift (AMKA, shift_id) VALUES ('0108846908', '291');
INSERT IGNORE INTO admin_shift (AMKA, shift_id) VALUES ('0409007927', '291');
INSERT IGNORE INTO admin_shift (AMKA, shift_id) VALUES ('1011747457', '291');
INSERT IGNORE INTO admin_shift (AMKA, shift_id) VALUES ('1909762384', '291');
UPDATE IGNORE shift SET status = TRUE WHERE shift_id = '291';
INSERT IGNORE INTO dept_shift (dept_name, shift_id) VALUES ('Opthalmology', '291');
INSERT INTO shift (day, type) VALUES ('2026-05-04 00:00:00', '23:00-07:00');
INSERT IGNORE INTO doctor_shift (AMKA, shift_id) VALUES ('1604612218', '292');
INSERT IGNORE INTO doctor_shift (AMKA, shift_id) VALUES ('0710954761', '292');
INSERT IGNORE INTO doctor_shift (AMKA, shift_id) VALUES ('0301636140', '292');
INSERT IGNORE INTO doctor_shift (AMKA, shift_id) VALUES ('2204653007', '292');
INSERT IGNORE INTO doctor_shift (AMKA, shift_id) VALUES ('2710712553', '292');
INSERT IGNORE INTO doctor_shift (AMKA, shift_id) VALUES ('2707864104', '292');
INSERT IGNORE INTO doctor_shift (AMKA, shift_id) VALUES ('1612748648', '292');
INSERT IGNORE INTO nurse_shift (AMKA, shift_id) VALUES ('1512807285', '292');
INSERT IGNORE INTO nurse_shift (AMKA, shift_id) VALUES ('1309466103', '292');
INSERT IGNORE INTO nurse_shift (AMKA, shift_id) VALUES ('0212459106', '292');
INSERT IGNORE INTO nurse_shift (AMKA, shift_id) VALUES ('2804482376', '292');
INSERT IGNORE INTO nurse_shift (AMKA, shift_id) VALUES ('2409746735', '292');
INSERT IGNORE INTO nurse_shift (AMKA, shift_id) VALUES ('1607801274', '292');
INSERT IGNORE INTO nurse_shift (AMKA, shift_id) VALUES ('2810445963', '292');
INSERT IGNORE INTO nurse_shift (AMKA, shift_id) VALUES ('1103802636', '292');
INSERT IGNORE INTO admin_shift (AMKA, shift_id) VALUES ('2104509361', '292');
INSERT IGNORE INTO admin_shift (AMKA, shift_id) VALUES ('2311845679', '292');
INSERT IGNORE INTO admin_shift (AMKA, shift_id) VALUES ('0807583265', '292');
INSERT IGNORE INTO admin_shift (AMKA, shift_id) VALUES ('3108420255', '292');
UPDATE IGNORE shift SET status = TRUE WHERE shift_id = '292';
INSERT IGNORE INTO dept_shift (dept_name, shift_id) VALUES ('Opthalmology', '292');
INSERT INTO shift (day, type) VALUES ('2024-08-25 00:00:00', '15:00-23:00');
INSERT IGNORE INTO doctor_shift (AMKA, shift_id) VALUES ('1206704867', '293');
INSERT IGNORE INTO doctor_shift (AMKA, shift_id) VALUES ('0909662577', '293');
INSERT IGNORE INTO doctor_shift (AMKA, shift_id) VALUES ('0602879802', '293');
INSERT IGNORE INTO doctor_shift (AMKA, shift_id) VALUES ('2510927096', '293');
INSERT IGNORE INTO doctor_shift (AMKA, shift_id) VALUES ('0303531282', '293');
INSERT IGNORE INTO nurse_shift (AMKA, shift_id) VALUES ('3003940529', '293');
INSERT IGNORE INTO nurse_shift (AMKA, shift_id) VALUES ('0310576949', '293');
INSERT IGNORE INTO nurse_shift (AMKA, shift_id) VALUES ('0405455659', '293');
INSERT IGNORE INTO nurse_shift (AMKA, shift_id) VALUES ('1302478288', '293');
INSERT IGNORE INTO nurse_shift (AMKA, shift_id) VALUES ('2904573556', '293');
INSERT IGNORE INTO nurse_shift (AMKA, shift_id) VALUES ('1304544511', '293');
INSERT IGNORE INTO nurse_shift (AMKA, shift_id) VALUES ('0909660903', '293');
INSERT IGNORE INTO nurse_shift (AMKA, shift_id) VALUES ('0403530470', '293');
INSERT IGNORE INTO admin_shift (AMKA, shift_id) VALUES ('2403663964', '293');
INSERT IGNORE INTO admin_shift (AMKA, shift_id) VALUES ('3108668309', '293');
UPDATE IGNORE shift SET status = TRUE WHERE shift_id = '293';
INSERT IGNORE INTO dept_shift (dept_name, shift_id) VALUES ('Opthalmology', '293');
INSERT INTO shift (day, type) VALUES ('2024-05-04 00:00:00', '07:00-15:00');
INSERT IGNORE INTO doctor_shift (AMKA, shift_id) VALUES ('2003754733', '294');
INSERT IGNORE INTO doctor_shift (AMKA, shift_id) VALUES ('2407887390', '294');
INSERT IGNORE INTO doctor_shift (AMKA, shift_id) VALUES ('1306562994', '294');
INSERT IGNORE INTO doctor_shift (AMKA, shift_id) VALUES ('0903695053', '294');
INSERT IGNORE INTO doctor_shift (AMKA, shift_id) VALUES ('0303531282', '294');
INSERT IGNORE INTO doctor_shift (AMKA, shift_id) VALUES ('2708408067', '294');
INSERT IGNORE INTO doctor_shift (AMKA, shift_id) VALUES ('2012810248', '294');
INSERT IGNORE INTO nurse_shift (AMKA, shift_id) VALUES ('3003940529', '294');
INSERT IGNORE INTO nurse_shift (AMKA, shift_id) VALUES ('2008408711', '294');
INSERT IGNORE INTO nurse_shift (AMKA, shift_id) VALUES ('2211738105', '294');
INSERT IGNORE INTO nurse_shift (AMKA, shift_id) VALUES ('2202788231', '294');
INSERT IGNORE INTO nurse_shift (AMKA, shift_id) VALUES ('1311513072', '294');
INSERT IGNORE INTO nurse_shift (AMKA, shift_id) VALUES ('0302574411', '294');
INSERT IGNORE INTO admin_shift (AMKA, shift_id) VALUES ('1703437989', '294');
INSERT IGNORE INTO admin_shift (AMKA, shift_id) VALUES ('0601877562', '294');
UPDATE IGNORE shift SET status = TRUE WHERE shift_id = '294';
INSERT IGNORE INTO dept_shift (dept_name, shift_id) VALUES ('Opthalmology', '294');
INSERT INTO shift (day, type) VALUES ('2024-04-13 00:00:00', '07:00-15:00');
INSERT IGNORE INTO doctor_shift (AMKA, shift_id) VALUES ('1904466405', '295');
INSERT IGNORE INTO doctor_shift (AMKA, shift_id) VALUES ('1806762549', '295');
INSERT IGNORE INTO doctor_shift (AMKA, shift_id) VALUES ('0406974498', '295');
INSERT IGNORE INTO doctor_shift (AMKA, shift_id) VALUES ('1102752591', '295');
INSERT IGNORE INTO nurse_shift (AMKA, shift_id) VALUES ('1203883023', '295');
INSERT IGNORE INTO nurse_shift (AMKA, shift_id) VALUES ('2104682202', '295');
INSERT IGNORE INTO nurse_shift (AMKA, shift_id) VALUES ('2903754769', '295');
INSERT IGNORE INTO nurse_shift (AMKA, shift_id) VALUES ('2012883023', '295');
INSERT IGNORE INTO nurse_shift (AMKA, shift_id) VALUES ('0403530470', '295');
INSERT IGNORE INTO nurse_shift (AMKA, shift_id) VALUES ('2511766415', '295');
INSERT IGNORE INTO nurse_shift (AMKA, shift_id) VALUES ('1309466103', '295');
INSERT IGNORE INTO nurse_shift (AMKA, shift_id) VALUES ('0501488320', '295');
INSERT IGNORE INTO nurse_shift (AMKA, shift_id) VALUES ('0905711630', '295');
INSERT IGNORE INTO admin_shift (AMKA, shift_id) VALUES ('1001660800', '295');
INSERT IGNORE INTO admin_shift (AMKA, shift_id) VALUES ('1401438948', '295');
UPDATE IGNORE shift SET status = TRUE WHERE shift_id = '295';
INSERT IGNORE INTO dept_shift (dept_name, shift_id) VALUES ('Opthalmology', '295');
INSERT INTO shift (day, type) VALUES ('2026-05-08 00:00:00', '15:00-23:00');
INSERT IGNORE INTO doctor_shift (AMKA, shift_id) VALUES ('0206637500', '296');
INSERT IGNORE INTO doctor_shift (AMKA, shift_id) VALUES ('1101779403', '296');
INSERT IGNORE INTO doctor_shift (AMKA, shift_id) VALUES ('1403472446', '296');
INSERT IGNORE INTO doctor_shift (AMKA, shift_id) VALUES ('2301681047', '296');
INSERT IGNORE INTO doctor_shift (AMKA, shift_id) VALUES ('0903695053', '296');
INSERT IGNORE INTO doctor_shift (AMKA, shift_id) VALUES ('2107936328', '296');
INSERT IGNORE INTO doctor_shift (AMKA, shift_id) VALUES ('1403910610', '296');
INSERT IGNORE INTO nurse_shift (AMKA, shift_id) VALUES ('2511766415', '296');
INSERT IGNORE INTO nurse_shift (AMKA, shift_id) VALUES ('0601427360', '296');
INSERT IGNORE INTO nurse_shift (AMKA, shift_id) VALUES ('0212459106', '296');
INSERT IGNORE INTO nurse_shift (AMKA, shift_id) VALUES ('2407818176', '296');
INSERT IGNORE INTO nurse_shift (AMKA, shift_id) VALUES ('1908934284', '296');
INSERT IGNORE INTO nurse_shift (AMKA, shift_id) VALUES ('1712731602', '296');
INSERT IGNORE INTO nurse_shift (AMKA, shift_id) VALUES ('1309466103', '296');
INSERT IGNORE INTO nurse_shift (AMKA, shift_id) VALUES ('0707486851', '296');
INSERT IGNORE INTO nurse_shift (AMKA, shift_id) VALUES ('1503405303', '296');
INSERT IGNORE INTO nurse_shift (AMKA, shift_id) VALUES ('1112517867', '296');
INSERT IGNORE INTO admin_shift (AMKA, shift_id) VALUES ('2104667937', '296');
INSERT IGNORE INTO admin_shift (AMKA, shift_id) VALUES ('2403663964', '296');
UPDATE IGNORE shift SET status = TRUE WHERE shift_id = '296';
INSERT IGNORE INTO dept_shift (dept_name, shift_id) VALUES ('Opthalmology', '296');
INSERT INTO shift (day, type) VALUES ('2024-08-08 00:00:00', '23:00-07:00');
INSERT IGNORE INTO doctor_shift (AMKA, shift_id) VALUES ('2203718551', '297');
INSERT IGNORE INTO doctor_shift (AMKA, shift_id) VALUES ('2206803094', '297');
INSERT IGNORE INTO doctor_shift (AMKA, shift_id) VALUES ('2803422426', '297');
INSERT IGNORE INTO doctor_shift (AMKA, shift_id) VALUES ('0102891639', '297');
INSERT IGNORE INTO doctor_shift (AMKA, shift_id) VALUES ('1307618841', '297');
INSERT IGNORE INTO doctor_shift (AMKA, shift_id) VALUES ('0802620737', '297');
INSERT IGNORE INTO doctor_shift (AMKA, shift_id) VALUES ('0811685025', '297');
INSERT IGNORE INTO nurse_shift (AMKA, shift_id) VALUES ('1709556112', '297');
INSERT IGNORE INTO nurse_shift (AMKA, shift_id) VALUES ('3011568029', '297');
INSERT IGNORE INTO nurse_shift (AMKA, shift_id) VALUES ('0302574411', '297');
INSERT IGNORE INTO nurse_shift (AMKA, shift_id) VALUES ('0303995114', '297');
INSERT IGNORE INTO nurse_shift (AMKA, shift_id) VALUES ('0205417367', '297');
INSERT IGNORE INTO nurse_shift (AMKA, shift_id) VALUES ('0501488320', '297');
INSERT IGNORE INTO nurse_shift (AMKA, shift_id) VALUES ('0805529909', '297');
INSERT IGNORE INTO nurse_shift (AMKA, shift_id) VALUES ('0307004452', '297');
INSERT IGNORE INTO admin_shift (AMKA, shift_id) VALUES ('1401529676', '297');
INSERT IGNORE INTO admin_shift (AMKA, shift_id) VALUES ('1001660800', '297');
INSERT IGNORE INTO admin_shift (AMKA, shift_id) VALUES ('1909728641', '297');
INSERT IGNORE INTO admin_shift (AMKA, shift_id) VALUES ('1407956296', '297');
UPDATE IGNORE shift SET status = TRUE WHERE shift_id = '297';
INSERT IGNORE INTO dept_shift (dept_name, shift_id) VALUES ('Opthalmology', '297');
INSERT INTO shift (day, type) VALUES ('2026-04-18 00:00:00', '23:00-07:00');
INSERT IGNORE INTO doctor_shift (AMKA, shift_id) VALUES ('0802620737', '298');
INSERT IGNORE INTO doctor_shift (AMKA, shift_id) VALUES ('0411550543', '298');
INSERT IGNORE INTO doctor_shift (AMKA, shift_id) VALUES ('1107638937', '298');
INSERT IGNORE INTO nurse_shift (AMKA, shift_id) VALUES ('0607738540', '298');
INSERT IGNORE INTO nurse_shift (AMKA, shift_id) VALUES ('2903754769', '298');
INSERT IGNORE INTO nurse_shift (AMKA, shift_id) VALUES ('2408602494', '298');
INSERT IGNORE INTO nurse_shift (AMKA, shift_id) VALUES ('0201469512', '298');
INSERT IGNORE INTO nurse_shift (AMKA, shift_id) VALUES ('2906619041', '298');
INSERT IGNORE INTO nurse_shift (AMKA, shift_id) VALUES ('1712731602', '298');
INSERT IGNORE INTO nurse_shift (AMKA, shift_id) VALUES ('0403530470', '298');
INSERT IGNORE INTO nurse_shift (AMKA, shift_id) VALUES ('0509864586', '298');
INSERT IGNORE INTO admin_shift (AMKA, shift_id) VALUES ('2412702821', '298');
INSERT IGNORE INTO admin_shift (AMKA, shift_id) VALUES ('1003595467', '298');
UPDATE IGNORE shift SET status = TRUE WHERE shift_id = '298';
INSERT IGNORE INTO dept_shift (dept_name, shift_id) VALUES ('Opthalmology', '298');
INSERT INTO shift (day, type) VALUES ('2025-12-29 00:00:00', '23:00-07:00');
INSERT IGNORE INTO doctor_shift (AMKA, shift_id) VALUES ('2403567012', '299');
INSERT IGNORE INTO doctor_shift (AMKA, shift_id) VALUES ('0710954761', '299');
INSERT IGNORE INTO doctor_shift (AMKA, shift_id) VALUES ('2406973031', '299');
INSERT IGNORE INTO nurse_shift (AMKA, shift_id) VALUES ('1601483351', '299');
INSERT IGNORE INTO nurse_shift (AMKA, shift_id) VALUES ('2407818176', '299');
INSERT IGNORE INTO nurse_shift (AMKA, shift_id) VALUES ('2804482376', '299');
INSERT IGNORE INTO nurse_shift (AMKA, shift_id) VALUES ('1101855051', '299');
INSERT IGNORE INTO nurse_shift (AMKA, shift_id) VALUES ('2008408711', '299');
INSERT IGNORE INTO nurse_shift (AMKA, shift_id) VALUES ('1503405303', '299');
INSERT IGNORE INTO nurse_shift (AMKA, shift_id) VALUES ('1512807285', '299');
INSERT IGNORE INTO nurse_shift (AMKA, shift_id) VALUES ('0405455659', '299');
INSERT IGNORE INTO admin_shift (AMKA, shift_id) VALUES ('1505621109', '299');
INSERT IGNORE INTO admin_shift (AMKA, shift_id) VALUES ('0606545053', '299');
UPDATE IGNORE shift SET status = TRUE WHERE shift_id = '299';
INSERT IGNORE INTO dept_shift (dept_name, shift_id) VALUES ('Opthalmology', '299');
INSERT INTO shift (day, type) VALUES ('2025-12-21 00:00:00', '07:00-15:00');
INSERT IGNORE INTO doctor_shift (AMKA, shift_id) VALUES ('1905740744', '300');
INSERT IGNORE INTO doctor_shift (AMKA, shift_id) VALUES ('1104529817', '300');
INSERT IGNORE INTO doctor_shift (AMKA, shift_id) VALUES ('0810802797', '300');
INSERT IGNORE INTO doctor_shift (AMKA, shift_id) VALUES ('1611592474', '300');
INSERT IGNORE INTO doctor_shift (AMKA, shift_id) VALUES ('1007472193', '300');
INSERT IGNORE INTO doctor_shift (AMKA, shift_id) VALUES ('3012474240', '300');
INSERT IGNORE INTO doctor_shift (AMKA, shift_id) VALUES ('2204653007', '300');
INSERT IGNORE INTO doctor_shift (AMKA, shift_id) VALUES ('1701787998', '300');
INSERT IGNORE INTO nurse_shift (AMKA, shift_id) VALUES ('2704562592', '300');
INSERT IGNORE INTO nurse_shift (AMKA, shift_id) VALUES ('3011568029', '300');
INSERT IGNORE INTO nurse_shift (AMKA, shift_id) VALUES ('1410576808', '300');
INSERT IGNORE INTO nurse_shift (AMKA, shift_id) VALUES ('0311534815', '300');
INSERT IGNORE INTO nurse_shift (AMKA, shift_id) VALUES ('2105987694', '300');
INSERT IGNORE INTO nurse_shift (AMKA, shift_id) VALUES ('2509796665', '300');
INSERT IGNORE INTO admin_shift (AMKA, shift_id) VALUES ('1807947524', '300');
INSERT IGNORE INTO admin_shift (AMKA, shift_id) VALUES ('0409007927', '300');
INSERT IGNORE INTO admin_shift (AMKA, shift_id) VALUES ('1001660800', '300');
INSERT IGNORE INTO admin_shift (AMKA, shift_id) VALUES ('0807583265', '300');
UPDATE IGNORE shift SET status = TRUE WHERE shift_id = '300';
INSERT IGNORE INTO dept_shift (dept_name, shift_id) VALUES ('Opthalmology', '300');
INSERT INTO shift (day, type) VALUES ('2025-11-22 00:00:00', '07:00-15:00');
INSERT IGNORE INTO doctor_shift (AMKA, shift_id) VALUES ('2811728295', '301');
INSERT IGNORE INTO doctor_shift (AMKA, shift_id) VALUES ('0109876222', '301');
INSERT IGNORE INTO doctor_shift (AMKA, shift_id) VALUES ('0610661297', '301');
INSERT IGNORE INTO nurse_shift (AMKA, shift_id) VALUES ('2804482376', '301');
INSERT IGNORE INTO nurse_shift (AMKA, shift_id) VALUES ('0412861461', '301');
INSERT IGNORE INTO nurse_shift (AMKA, shift_id) VALUES ('1602668533', '301');
INSERT IGNORE INTO nurse_shift (AMKA, shift_id) VALUES ('2404736776', '301');
INSERT IGNORE INTO nurse_shift (AMKA, shift_id) VALUES ('0307004452', '301');
INSERT IGNORE INTO nurse_shift (AMKA, shift_id) VALUES ('0501507716', '301');
INSERT IGNORE INTO nurse_shift (AMKA, shift_id) VALUES ('2511766415', '301');
INSERT IGNORE INTO admin_shift (AMKA, shift_id) VALUES ('1810691695', '301');
INSERT IGNORE INTO admin_shift (AMKA, shift_id) VALUES ('2311845679', '301');
INSERT IGNORE INTO admin_shift (AMKA, shift_id) VALUES ('3108668309', '301');
INSERT IGNORE INTO admin_shift (AMKA, shift_id) VALUES ('2009517049', '301');
UPDATE IGNORE shift SET status = TRUE WHERE shift_id = '301';
INSERT IGNORE INTO dept_shift (dept_name, shift_id) VALUES ('Opthalmology', '301');
INSERT INTO shift (day, type) VALUES ('2025-02-27 00:00:00', '15:00-23:00');
INSERT IGNORE INTO doctor_shift (AMKA, shift_id) VALUES ('1612748648', '302');
INSERT IGNORE INTO doctor_shift (AMKA, shift_id) VALUES ('1807676900', '302');
INSERT IGNORE INTO doctor_shift (AMKA, shift_id) VALUES ('0308718729', '302');
INSERT IGNORE INTO doctor_shift (AMKA, shift_id) VALUES ('0303531282', '302');
INSERT IGNORE INTO nurse_shift (AMKA, shift_id) VALUES ('2411715378', '302');
INSERT IGNORE INTO nurse_shift (AMKA, shift_id) VALUES ('3107984441', '302');
INSERT IGNORE INTO nurse_shift (AMKA, shift_id) VALUES ('0601427360', '302');
INSERT IGNORE INTO nurse_shift (AMKA, shift_id) VALUES ('1410576808', '302');
INSERT IGNORE INTO nurse_shift (AMKA, shift_id) VALUES ('0805529909', '302');
INSERT IGNORE INTO nurse_shift (AMKA, shift_id) VALUES ('2407818176', '302');
INSERT IGNORE INTO nurse_shift (AMKA, shift_id) VALUES ('2404736776', '302');
INSERT IGNORE INTO nurse_shift (AMKA, shift_id) VALUES ('1512807285', '302');
INSERT IGNORE INTO admin_shift (AMKA, shift_id) VALUES ('2610796674', '302');
INSERT IGNORE INTO admin_shift (AMKA, shift_id) VALUES ('2009517049', '302');
UPDATE IGNORE shift SET status = TRUE WHERE shift_id = '302';
INSERT IGNORE INTO dept_shift (dept_name, shift_id) VALUES ('Opthalmology', '302');
INSERT INTO shift (day, type) VALUES ('2024-08-08 00:00:00', '15:00-23:00');
INSERT IGNORE INTO doctor_shift (AMKA, shift_id) VALUES ('2707864104', '303');
INSERT IGNORE INTO doctor_shift (AMKA, shift_id) VALUES ('0104436410', '303');
INSERT IGNORE INTO doctor_shift (AMKA, shift_id) VALUES ('2206803094', '303');
INSERT IGNORE INTO doctor_shift (AMKA, shift_id) VALUES ('1004748289', '303');
INSERT IGNORE INTO doctor_shift (AMKA, shift_id) VALUES ('2012810248', '303');
INSERT IGNORE INTO nurse_shift (AMKA, shift_id) VALUES ('1512807285', '303');
INSERT IGNORE INTO nurse_shift (AMKA, shift_id) VALUES ('1112517867', '303');
INSERT IGNORE INTO nurse_shift (AMKA, shift_id) VALUES ('1410576808', '303');
INSERT IGNORE INTO nurse_shift (AMKA, shift_id) VALUES ('0607738540', '303');
INSERT IGNORE INTO nurse_shift (AMKA, shift_id) VALUES ('1101855051', '303');
INSERT IGNORE INTO nurse_shift (AMKA, shift_id) VALUES ('0501507716', '303');
INSERT IGNORE INTO nurse_shift (AMKA, shift_id) VALUES ('3101743228', '303');
INSERT IGNORE INTO nurse_shift (AMKA, shift_id) VALUES ('1708849364', '303');
INSERT IGNORE INTO nurse_shift (AMKA, shift_id) VALUES ('1302478288', '303');
INSERT IGNORE INTO admin_shift (AMKA, shift_id) VALUES ('1001660800', '303');
INSERT IGNORE INTO admin_shift (AMKA, shift_id) VALUES ('1505621109', '303');
INSERT IGNORE INTO admin_shift (AMKA, shift_id) VALUES ('1412919767', '303');
INSERT IGNORE INTO admin_shift (AMKA, shift_id) VALUES ('0806415082', '303');
UPDATE IGNORE shift SET status = TRUE WHERE shift_id = '303';
INSERT IGNORE INTO dept_shift (dept_name, shift_id) VALUES ('Opthalmology', '303');
INSERT INTO shift (day, type) VALUES ('2024-09-28 00:00:00', '07:00-15:00');
INSERT IGNORE INTO doctor_shift (AMKA, shift_id) VALUES ('1102752591', '304');
INSERT IGNORE INTO doctor_shift (AMKA, shift_id) VALUES ('0802620737', '304');
INSERT IGNORE INTO doctor_shift (AMKA, shift_id) VALUES ('0109876222', '304');
INSERT IGNORE INTO nurse_shift (AMKA, shift_id) VALUES ('2202788231', '304');
INSERT IGNORE INTO nurse_shift (AMKA, shift_id) VALUES ('0702609163', '304');
INSERT IGNORE INTO nurse_shift (AMKA, shift_id) VALUES ('1708849364', '304');
INSERT IGNORE INTO nurse_shift (AMKA, shift_id) VALUES ('0311534815', '304');
INSERT IGNORE INTO nurse_shift (AMKA, shift_id) VALUES ('1112517867', '304');
INSERT IGNORE INTO nurse_shift (AMKA, shift_id) VALUES ('3003718056', '304');
INSERT IGNORE INTO nurse_shift (AMKA, shift_id) VALUES ('2706529149', '304');
INSERT IGNORE INTO nurse_shift (AMKA, shift_id) VALUES ('1712731602', '304');
INSERT IGNORE INTO nurse_shift (AMKA, shift_id) VALUES ('2705913673', '304');
INSERT IGNORE INTO nurse_shift (AMKA, shift_id) VALUES ('1603685746', '304');
INSERT IGNORE INTO admin_shift (AMKA, shift_id) VALUES ('1909762384', '304');
INSERT IGNORE INTO admin_shift (AMKA, shift_id) VALUES ('2204425556', '304');
UPDATE IGNORE shift SET status = TRUE WHERE shift_id = '304';
INSERT IGNORE INTO dept_shift (dept_name, shift_id) VALUES ('Opthalmology', '304');
INSERT INTO shift (day, type) VALUES ('2024-03-17 00:00:00', '23:00-07:00');
INSERT IGNORE INTO doctor_shift (AMKA, shift_id) VALUES ('0109876222', '305');
INSERT IGNORE INTO doctor_shift (AMKA, shift_id) VALUES ('2710712553', '305');
INSERT IGNORE INTO doctor_shift (AMKA, shift_id) VALUES ('1307618841', '305');
INSERT IGNORE INTO doctor_shift (AMKA, shift_id) VALUES ('0206637500', '305');
INSERT IGNORE INTO doctor_shift (AMKA, shift_id) VALUES ('2406973031', '305');
INSERT IGNORE INTO nurse_shift (AMKA, shift_id) VALUES ('2205716047', '305');
INSERT IGNORE INTO nurse_shift (AMKA, shift_id) VALUES ('2804482376', '305');
INSERT IGNORE INTO nurse_shift (AMKA, shift_id) VALUES ('1112517867', '305');
INSERT IGNORE INTO nurse_shift (AMKA, shift_id) VALUES ('2301986927', '305');
INSERT IGNORE INTO nurse_shift (AMKA, shift_id) VALUES ('1107666248', '305');
INSERT IGNORE INTO nurse_shift (AMKA, shift_id) VALUES ('2706529149', '305');
INSERT IGNORE INTO admin_shift (AMKA, shift_id) VALUES ('3006533908', '305');
INSERT IGNORE INTO admin_shift (AMKA, shift_id) VALUES ('2204425556', '305');
INSERT IGNORE INTO admin_shift (AMKA, shift_id) VALUES ('1101978318', '305');
INSERT IGNORE INTO admin_shift (AMKA, shift_id) VALUES ('1505621109', '305');
UPDATE IGNORE shift SET status = TRUE WHERE shift_id = '305';
INSERT IGNORE INTO dept_shift (dept_name, shift_id) VALUES ('Opthalmology', '305');
INSERT INTO shift (day, type) VALUES ('2026-06-12 00:00:00', '15:00-23:00');
INSERT IGNORE INTO doctor_shift (AMKA, shift_id) VALUES ('0104436410', '306');
INSERT IGNORE INTO doctor_shift (AMKA, shift_id) VALUES ('2304595248', '306');
INSERT IGNORE INTO doctor_shift (AMKA, shift_id) VALUES ('1101779403', '306');
INSERT IGNORE INTO doctor_shift (AMKA, shift_id) VALUES ('2108809189', '306');
INSERT IGNORE INTO nurse_shift (AMKA, shift_id) VALUES ('2407818176', '306');
INSERT IGNORE INTO nurse_shift (AMKA, shift_id) VALUES ('2411715378', '306');
INSERT IGNORE INTO nurse_shift (AMKA, shift_id) VALUES ('3101743228', '306');
INSERT IGNORE INTO nurse_shift (AMKA, shift_id) VALUES ('0702609163', '306');
INSERT IGNORE INTO nurse_shift (AMKA, shift_id) VALUES ('2211738105', '306');
INSERT IGNORE INTO nurse_shift (AMKA, shift_id) VALUES ('1607801274', '306');
INSERT IGNORE INTO nurse_shift (AMKA, shift_id) VALUES ('0509934508', '306');
INSERT IGNORE INTO nurse_shift (AMKA, shift_id) VALUES ('2509796665', '306');
INSERT IGNORE INTO nurse_shift (AMKA, shift_id) VALUES ('2906619041', '306');
INSERT IGNORE INTO admin_shift (AMKA, shift_id) VALUES ('1909762384', '306');
INSERT IGNORE INTO admin_shift (AMKA, shift_id) VALUES ('1707612309', '306');
INSERT IGNORE INTO admin_shift (AMKA, shift_id) VALUES ('0212875455', '306');
INSERT IGNORE INTO admin_shift (AMKA, shift_id) VALUES ('1703437989', '306');
UPDATE IGNORE shift SET status = TRUE WHERE shift_id = '306';
INSERT IGNORE INTO dept_shift (dept_name, shift_id) VALUES ('Opthalmology', '306');
INSERT INTO shift (day, type) VALUES ('2025-05-30 00:00:00', '07:00-15:00');
INSERT IGNORE INTO doctor_shift (AMKA, shift_id) VALUES ('2803422426', '307');
INSERT IGNORE INTO doctor_shift (AMKA, shift_id) VALUES ('1403910610', '307');
INSERT IGNORE INTO doctor_shift (AMKA, shift_id) VALUES ('1007472193', '307');
INSERT IGNORE INTO nurse_shift (AMKA, shift_id) VALUES ('2005873415', '307');
INSERT IGNORE INTO nurse_shift (AMKA, shift_id) VALUES ('0509864586', '307');
INSERT IGNORE INTO nurse_shift (AMKA, shift_id) VALUES ('2209772976', '307');
INSERT IGNORE INTO nurse_shift (AMKA, shift_id) VALUES ('2905001644', '307');
INSERT IGNORE INTO nurse_shift (AMKA, shift_id) VALUES ('0201469512', '307');
INSERT IGNORE INTO nurse_shift (AMKA, shift_id) VALUES ('2408602494', '307');
INSERT IGNORE INTO nurse_shift (AMKA, shift_id) VALUES ('0905711630', '307');
INSERT IGNORE INTO nurse_shift (AMKA, shift_id) VALUES ('1101855051', '307');
INSERT IGNORE INTO nurse_shift (AMKA, shift_id) VALUES ('1601483351', '307');
INSERT IGNORE INTO nurse_shift (AMKA, shift_id) VALUES ('2612984884', '307');
INSERT IGNORE INTO admin_shift (AMKA, shift_id) VALUES ('2803665107', '307');
INSERT IGNORE INTO admin_shift (AMKA, shift_id) VALUES ('3107841971', '307');
UPDATE IGNORE shift SET status = TRUE WHERE shift_id = '307';
INSERT IGNORE INTO dept_shift (dept_name, shift_id) VALUES ('Orthopaedic', '307');
INSERT INTO shift (day, type) VALUES ('2025-04-22 00:00:00', '23:00-07:00');
INSERT IGNORE INTO doctor_shift (AMKA, shift_id) VALUES ('0803989228', '308');
INSERT IGNORE INTO doctor_shift (AMKA, shift_id) VALUES ('2203718551', '308');
INSERT IGNORE INTO doctor_shift (AMKA, shift_id) VALUES ('0111647658', '308');
INSERT IGNORE INTO doctor_shift (AMKA, shift_id) VALUES ('2412989437', '308');
INSERT IGNORE INTO doctor_shift (AMKA, shift_id) VALUES ('2001691929', '308');
INSERT IGNORE INTO doctor_shift (AMKA, shift_id) VALUES ('0104436410', '308');
INSERT IGNORE INTO doctor_shift (AMKA, shift_id) VALUES ('2204653007', '308');
INSERT IGNORE INTO doctor_shift (AMKA, shift_id) VALUES ('2003754733', '308');
INSERT IGNORE INTO nurse_shift (AMKA, shift_id) VALUES ('0307004452', '308');
INSERT IGNORE INTO nurse_shift (AMKA, shift_id) VALUES ('1708849364', '308');
INSERT IGNORE INTO nurse_shift (AMKA, shift_id) VALUES ('1512807285', '308');
INSERT IGNORE INTO nurse_shift (AMKA, shift_id) VALUES ('2407818176', '308');
INSERT IGNORE INTO nurse_shift (AMKA, shift_id) VALUES ('0302574411', '308');
INSERT IGNORE INTO nurse_shift (AMKA, shift_id) VALUES ('0412861461', '308');
INSERT IGNORE INTO nurse_shift (AMKA, shift_id) VALUES ('2308761066', '308');
INSERT IGNORE INTO nurse_shift (AMKA, shift_id) VALUES ('2104682202', '308');
INSERT IGNORE INTO nurse_shift (AMKA, shift_id) VALUES ('0509864586', '308');
INSERT IGNORE INTO admin_shift (AMKA, shift_id) VALUES ('0409007927', '308');
INSERT IGNORE INTO admin_shift (AMKA, shift_id) VALUES ('1707612309', '308');
UPDATE IGNORE shift SET status = TRUE WHERE shift_id = '308';
INSERT IGNORE INTO dept_shift (dept_name, shift_id) VALUES ('Orthopaedic', '308');
INSERT INTO shift (day, type) VALUES ('2024-10-19 00:00:00', '15:00-23:00');
INSERT IGNORE INTO doctor_shift (AMKA, shift_id) VALUES ('1612748648', '309');
INSERT IGNORE INTO doctor_shift (AMKA, shift_id) VALUES ('2406973031', '309');
INSERT IGNORE INTO doctor_shift (AMKA, shift_id) VALUES ('0803989228', '309');
INSERT IGNORE INTO doctor_shift (AMKA, shift_id) VALUES ('0308718729', '309');
INSERT IGNORE INTO nurse_shift (AMKA, shift_id) VALUES ('2008408711', '309');
INSERT IGNORE INTO nurse_shift (AMKA, shift_id) VALUES ('0211835314', '309');
INSERT IGNORE INTO nurse_shift (AMKA, shift_id) VALUES ('1809580815', '309');
INSERT IGNORE INTO nurse_shift (AMKA, shift_id) VALUES ('2009974419', '309');
INSERT IGNORE INTO nurse_shift (AMKA, shift_id) VALUES ('0509864586', '309');
INSERT IGNORE INTO nurse_shift (AMKA, shift_id) VALUES ('1101855051', '309');
INSERT IGNORE INTO nurse_shift (AMKA, shift_id) VALUES ('2210732993', '309');
INSERT IGNORE INTO nurse_shift (AMKA, shift_id) VALUES ('1304544511', '309');
INSERT IGNORE INTO admin_shift (AMKA, shift_id) VALUES ('1810691695', '309');
INSERT IGNORE INTO admin_shift (AMKA, shift_id) VALUES ('1610915018', '309');
INSERT IGNORE INTO admin_shift (AMKA, shift_id) VALUES ('1108942647', '309');
INSERT IGNORE INTO admin_shift (AMKA, shift_id) VALUES ('1909762384', '309');
UPDATE IGNORE shift SET status = TRUE WHERE shift_id = '309';
INSERT IGNORE INTO dept_shift (dept_name, shift_id) VALUES ('Orthopaedic', '309');
INSERT INTO shift (day, type) VALUES ('2026-10-22 00:00:00', '15:00-23:00');
INSERT IGNORE INTO doctor_shift (AMKA, shift_id) VALUES ('2707864104', '310');
INSERT IGNORE INTO doctor_shift (AMKA, shift_id) VALUES ('2403567012', '310');
INSERT IGNORE INTO doctor_shift (AMKA, shift_id) VALUES ('0811685025', '310');
INSERT IGNORE INTO doctor_shift (AMKA, shift_id) VALUES ('0111647658', '310');
INSERT IGNORE INTO doctor_shift (AMKA, shift_id) VALUES ('1305442503', '310');
INSERT IGNORE INTO doctor_shift (AMKA, shift_id) VALUES ('0411550543', '310');
INSERT IGNORE INTO nurse_shift (AMKA, shift_id) VALUES ('2009974419', '310');
INSERT IGNORE INTO nurse_shift (AMKA, shift_id) VALUES ('1112517867', '310');
INSERT IGNORE INTO nurse_shift (AMKA, shift_id) VALUES ('2012883023', '310');
INSERT IGNORE INTO nurse_shift (AMKA, shift_id) VALUES ('0201469512', '310');
INSERT IGNORE INTO nurse_shift (AMKA, shift_id) VALUES ('2209772976', '310');
INSERT IGNORE INTO nurse_shift (AMKA, shift_id) VALUES ('2210732993', '310');
INSERT IGNORE INTO nurse_shift (AMKA, shift_id) VALUES ('2612984884', '310');
INSERT IGNORE INTO admin_shift (AMKA, shift_id) VALUES ('0903487819', '310');
INSERT IGNORE INTO admin_shift (AMKA, shift_id) VALUES ('1407956296', '310');
INSERT IGNORE INTO admin_shift (AMKA, shift_id) VALUES ('1011747457', '310');
UPDATE IGNORE shift SET status = TRUE WHERE shift_id = '310';
INSERT IGNORE INTO dept_shift (dept_name, shift_id) VALUES ('Orthopaedic', '310');
INSERT INTO shift (day, type) VALUES ('2026-07-13 00:00:00', '23:00-07:00');
INSERT IGNORE INTO doctor_shift (AMKA, shift_id) VALUES ('2502654079', '311');
INSERT IGNORE INTO doctor_shift (AMKA, shift_id) VALUES ('1307618841', '311');
INSERT IGNORE INTO doctor_shift (AMKA, shift_id) VALUES ('2510927096', '311');
INSERT IGNORE INTO doctor_shift (AMKA, shift_id) VALUES ('0411550543', '311');
INSERT IGNORE INTO doctor_shift (AMKA, shift_id) VALUES ('1805820786', '311');
INSERT IGNORE INTO nurse_shift (AMKA, shift_id) VALUES ('0909660903', '311');
INSERT IGNORE INTO nurse_shift (AMKA, shift_id) VALUES ('1311513072', '311');
INSERT IGNORE INTO nurse_shift (AMKA, shift_id) VALUES ('1712731602', '311');
INSERT IGNORE INTO nurse_shift (AMKA, shift_id) VALUES ('1109842569', '311');
INSERT IGNORE INTO nurse_shift (AMKA, shift_id) VALUES ('0702609163', '311');
INSERT IGNORE INTO nurse_shift (AMKA, shift_id) VALUES ('2407818176', '311');
INSERT IGNORE INTO nurse_shift (AMKA, shift_id) VALUES ('2704562592', '311');
INSERT IGNORE INTO admin_shift (AMKA, shift_id) VALUES ('1807947524', '311');
INSERT IGNORE INTO admin_shift (AMKA, shift_id) VALUES ('1401529676', '311');
UPDATE IGNORE shift SET status = TRUE WHERE shift_id = '311';
INSERT IGNORE INTO dept_shift (dept_name, shift_id) VALUES ('Orthopaedic', '311');
INSERT INTO shift (day, type) VALUES ('2026-04-20 00:00:00', '15:00-23:00');
INSERT IGNORE INTO doctor_shift (AMKA, shift_id) VALUES ('2708408067', '312');
INSERT IGNORE INTO doctor_shift (AMKA, shift_id) VALUES ('1805820786', '312');
INSERT IGNORE INTO doctor_shift (AMKA, shift_id) VALUES ('0803576389', '312');
INSERT IGNORE INTO doctor_shift (AMKA, shift_id) VALUES ('0111647658', '312');
INSERT IGNORE INTO doctor_shift (AMKA, shift_id) VALUES ('2406973031', '312');
INSERT IGNORE INTO nurse_shift (AMKA, shift_id) VALUES ('0311534815', '312');
INSERT IGNORE INTO nurse_shift (AMKA, shift_id) VALUES ('2905001644', '312');
INSERT IGNORE INTO nurse_shift (AMKA, shift_id) VALUES ('2602489567', '312');
INSERT IGNORE INTO nurse_shift (AMKA, shift_id) VALUES ('0412861461', '312');
INSERT IGNORE INTO nurse_shift (AMKA, shift_id) VALUES ('2407818176', '312');
INSERT IGNORE INTO nurse_shift (AMKA, shift_id) VALUES ('2810445963', '312');
INSERT IGNORE INTO nurse_shift (AMKA, shift_id) VALUES ('3101743228', '312');
INSERT IGNORE INTO nurse_shift (AMKA, shift_id) VALUES ('0601427360', '312');
INSERT IGNORE INTO nurse_shift (AMKA, shift_id) VALUES ('3107984441', '312');
INSERT IGNORE INTO nurse_shift (AMKA, shift_id) VALUES ('1410472859', '312');
INSERT IGNORE INTO admin_shift (AMKA, shift_id) VALUES ('0903487819', '312');
INSERT IGNORE INTO admin_shift (AMKA, shift_id) VALUES ('1703437989', '312');
UPDATE IGNORE shift SET status = TRUE WHERE shift_id = '312';
INSERT IGNORE INTO dept_shift (dept_name, shift_id) VALUES ('Orthopaedic', '312');
INSERT INTO shift (day, type) VALUES ('2025-12-12 00:00:00', '15:00-23:00');
INSERT IGNORE INTO doctor_shift (AMKA, shift_id) VALUES ('0810802797', '313');
INSERT IGNORE INTO doctor_shift (AMKA, shift_id) VALUES ('0602879802', '313');
INSERT IGNORE INTO doctor_shift (AMKA, shift_id) VALUES ('1904466405', '313');
INSERT IGNORE INTO doctor_shift (AMKA, shift_id) VALUES ('1101779403', '313');
INSERT IGNORE INTO doctor_shift (AMKA, shift_id) VALUES ('2204653007', '313');
INSERT IGNORE INTO doctor_shift (AMKA, shift_id) VALUES ('1101823701', '313');
INSERT IGNORE INTO doctor_shift (AMKA, shift_id) VALUES ('1210608936', '313');
INSERT IGNORE INTO doctor_shift (AMKA, shift_id) VALUES ('0610661297', '313');
INSERT IGNORE INTO nurse_shift (AMKA, shift_id) VALUES ('2705913673', '313');
INSERT IGNORE INTO nurse_shift (AMKA, shift_id) VALUES ('2110624175', '313');
INSERT IGNORE INTO nurse_shift (AMKA, shift_id) VALUES ('0201469512', '313');
INSERT IGNORE INTO nurse_shift (AMKA, shift_id) VALUES ('3003718056', '313');
INSERT IGNORE INTO nurse_shift (AMKA, shift_id) VALUES ('0805529909', '313');
INSERT IGNORE INTO nurse_shift (AMKA, shift_id) VALUES ('2511766415', '313');
INSERT IGNORE INTO admin_shift (AMKA, shift_id) VALUES ('1203690867', '313');
INSERT IGNORE INTO admin_shift (AMKA, shift_id) VALUES ('1108942647', '313');
UPDATE IGNORE shift SET status = TRUE WHERE shift_id = '313';
INSERT IGNORE INTO dept_shift (dept_name, shift_id) VALUES ('Orthopaedic', '313');
INSERT INTO shift (day, type) VALUES ('2025-02-16 00:00:00', '07:00-15:00');
INSERT IGNORE INTO doctor_shift (AMKA, shift_id) VALUES ('1403910610', '314');
INSERT IGNORE INTO doctor_shift (AMKA, shift_id) VALUES ('2004702238', '314');
INSERT IGNORE INTO doctor_shift (AMKA, shift_id) VALUES ('2710712553', '314');
INSERT IGNORE INTO doctor_shift (AMKA, shift_id) VALUES ('1701787998', '314');
INSERT IGNORE INTO doctor_shift (AMKA, shift_id) VALUES ('3005978572', '314');
INSERT IGNORE INTO nurse_shift (AMKA, shift_id) VALUES ('2903754769', '314');
INSERT IGNORE INTO nurse_shift (AMKA, shift_id) VALUES ('1607801274', '314');
INSERT IGNORE INTO nurse_shift (AMKA, shift_id) VALUES ('2205716047', '314');
INSERT IGNORE INTO nurse_shift (AMKA, shift_id) VALUES ('1603685746', '314');
INSERT IGNORE INTO nurse_shift (AMKA, shift_id) VALUES ('0501488320', '314');
INSERT IGNORE INTO nurse_shift (AMKA, shift_id) VALUES ('0405455659', '314');
INSERT IGNORE INTO nurse_shift (AMKA, shift_id) VALUES ('1707693139', '314');
INSERT IGNORE INTO nurse_shift (AMKA, shift_id) VALUES ('2509796665', '314');
INSERT IGNORE INTO admin_shift (AMKA, shift_id) VALUES ('1401529676', '314');
INSERT IGNORE INTO admin_shift (AMKA, shift_id) VALUES ('3108668309', '314');
UPDATE IGNORE shift SET status = TRUE WHERE shift_id = '314';
INSERT IGNORE INTO dept_shift (dept_name, shift_id) VALUES ('Orthopaedic', '314');
INSERT INTO shift (day, type) VALUES ('2024-05-24 00:00:00', '07:00-15:00');
INSERT IGNORE INTO doctor_shift (AMKA, shift_id) VALUES ('1912912516', '315');
INSERT IGNORE INTO doctor_shift (AMKA, shift_id) VALUES ('2502654079', '315');
INSERT IGNORE INTO doctor_shift (AMKA, shift_id) VALUES ('0810802797', '315');
INSERT IGNORE INTO doctor_shift (AMKA, shift_id) VALUES ('1210671054', '315');
INSERT IGNORE INTO nurse_shift (AMKA, shift_id) VALUES ('2509796665', '315');
INSERT IGNORE INTO nurse_shift (AMKA, shift_id) VALUES ('0303995114', '315');
INSERT IGNORE INTO nurse_shift (AMKA, shift_id) VALUES ('1203883023', '315');
INSERT IGNORE INTO nurse_shift (AMKA, shift_id) VALUES ('2905001644', '315');
INSERT IGNORE INTO nurse_shift (AMKA, shift_id) VALUES ('0501507716', '315');
INSERT IGNORE INTO nurse_shift (AMKA, shift_id) VALUES ('1410576808', '315');
INSERT IGNORE INTO nurse_shift (AMKA, shift_id) VALUES ('1103802636', '315');
INSERT IGNORE INTO nurse_shift (AMKA, shift_id) VALUES ('1809580815', '315');
INSERT IGNORE INTO admin_shift (AMKA, shift_id) VALUES ('0212875455', '315');
INSERT IGNORE INTO admin_shift (AMKA, shift_id) VALUES ('2307565593', '315');
UPDATE IGNORE shift SET status = TRUE WHERE shift_id = '315';
INSERT IGNORE INTO dept_shift (dept_name, shift_id) VALUES ('Orthopaedic', '315');
INSERT INTO shift (day, type) VALUES ('2024-11-30 00:00:00', '23:00-07:00');
INSERT IGNORE INTO doctor_shift (AMKA, shift_id) VALUES ('1104742723', '316');
INSERT IGNORE INTO doctor_shift (AMKA, shift_id) VALUES ('3012474240', '316');
INSERT IGNORE INTO doctor_shift (AMKA, shift_id) VALUES ('2803422426', '316');
INSERT IGNORE INTO doctor_shift (AMKA, shift_id) VALUES ('2003754733', '316');
INSERT IGNORE INTO nurse_shift (AMKA, shift_id) VALUES ('0310576949', '316');
INSERT IGNORE INTO nurse_shift (AMKA, shift_id) VALUES ('2511766415', '316');
INSERT IGNORE INTO nurse_shift (AMKA, shift_id) VALUES ('1109842569', '316');
INSERT IGNORE INTO nurse_shift (AMKA, shift_id) VALUES ('1603685746', '316');
INSERT IGNORE INTO nurse_shift (AMKA, shift_id) VALUES ('1807594302', '316');
INSERT IGNORE INTO nurse_shift (AMKA, shift_id) VALUES ('1908934284', '316');
INSERT IGNORE INTO nurse_shift (AMKA, shift_id) VALUES ('1210633994', '316');
INSERT IGNORE INTO nurse_shift (AMKA, shift_id) VALUES ('2408602494', '316');
INSERT IGNORE INTO admin_shift (AMKA, shift_id) VALUES ('3103504955', '316');
INSERT IGNORE INTO admin_shift (AMKA, shift_id) VALUES ('3108420255', '316');
UPDATE IGNORE shift SET status = TRUE WHERE shift_id = '316';
INSERT IGNORE INTO dept_shift (dept_name, shift_id) VALUES ('Orthopaedic', '316');
INSERT INTO shift (day, type) VALUES ('2025-12-19 00:00:00', '07:00-15:00');
INSERT IGNORE INTO doctor_shift (AMKA, shift_id) VALUES ('2204653007', '317');
INSERT IGNORE INTO doctor_shift (AMKA, shift_id) VALUES ('0104436410', '317');
INSERT IGNORE INTO doctor_shift (AMKA, shift_id) VALUES ('2301681047', '317');
INSERT IGNORE INTO doctor_shift (AMKA, shift_id) VALUES ('0803576389', '317');
INSERT IGNORE INTO doctor_shift (AMKA, shift_id) VALUES ('0411980022', '317');
INSERT IGNORE INTO doctor_shift (AMKA, shift_id) VALUES ('0611462338', '317');
INSERT IGNORE INTO nurse_shift (AMKA, shift_id) VALUES ('1107666248', '317');
INSERT IGNORE INTO nurse_shift (AMKA, shift_id) VALUES ('1601483351', '317');
INSERT IGNORE INTO nurse_shift (AMKA, shift_id) VALUES ('3003940529', '317');
INSERT IGNORE INTO nurse_shift (AMKA, shift_id) VALUES ('2012883023', '317');
INSERT IGNORE INTO nurse_shift (AMKA, shift_id) VALUES ('1501974417', '317');
INSERT IGNORE INTO nurse_shift (AMKA, shift_id) VALUES ('2005873415', '317');
INSERT IGNORE INTO nurse_shift (AMKA, shift_id) VALUES ('1302478288', '317');
INSERT IGNORE INTO admin_shift (AMKA, shift_id) VALUES ('0108846908', '317');
INSERT IGNORE INTO admin_shift (AMKA, shift_id) VALUES ('2803665107', '317');
INSERT IGNORE INTO admin_shift (AMKA, shift_id) VALUES ('2204425556', '317');
UPDATE IGNORE shift SET status = TRUE WHERE shift_id = '317';
INSERT IGNORE INTO dept_shift (dept_name, shift_id) VALUES ('Orthopaedic', '317');
INSERT INTO shift (day, type) VALUES ('2026-09-25 00:00:00', '07:00-15:00');
INSERT IGNORE INTO doctor_shift (AMKA, shift_id) VALUES ('2204653007', '318');
INSERT IGNORE INTO doctor_shift (AMKA, shift_id) VALUES ('0410505068', '318');
INSERT IGNORE INTO doctor_shift (AMKA, shift_id) VALUES ('0802620737', '318');
INSERT IGNORE INTO doctor_shift (AMKA, shift_id) VALUES ('0710954761', '318');
INSERT IGNORE INTO doctor_shift (AMKA, shift_id) VALUES ('0111647658', '318');
INSERT IGNORE INTO doctor_shift (AMKA, shift_id) VALUES ('2803422426', '318');
INSERT IGNORE INTO nurse_shift (AMKA, shift_id) VALUES ('2211920600', '318');
INSERT IGNORE INTO nurse_shift (AMKA, shift_id) VALUES ('2301986927', '318');
INSERT IGNORE INTO nurse_shift (AMKA, shift_id) VALUES ('1607801274', '318');
INSERT IGNORE INTO nurse_shift (AMKA, shift_id) VALUES ('0405455659', '318');
INSERT IGNORE INTO nurse_shift (AMKA, shift_id) VALUES ('1103802636', '318');
INSERT IGNORE INTO nurse_shift (AMKA, shift_id) VALUES ('2812529967', '318');
INSERT IGNORE INTO nurse_shift (AMKA, shift_id) VALUES ('2704562592', '318');
INSERT IGNORE INTO nurse_shift (AMKA, shift_id) VALUES ('2005873415', '318');
INSERT IGNORE INTO nurse_shift (AMKA, shift_id) VALUES ('0211835314', '318');
INSERT IGNORE INTO admin_shift (AMKA, shift_id) VALUES ('1909762384', '318');
INSERT IGNORE INTO admin_shift (AMKA, shift_id) VALUES ('1407956296', '318');
INSERT IGNORE INTO admin_shift (AMKA, shift_id) VALUES ('1108942647', '318');
INSERT IGNORE INTO admin_shift (AMKA, shift_id) VALUES ('1505621109', '318');
UPDATE IGNORE shift SET status = TRUE WHERE shift_id = '318';
INSERT IGNORE INTO dept_shift (dept_name, shift_id) VALUES ('Urology', '318');
INSERT INTO shift (day, type) VALUES ('2026-07-07 00:00:00', '07:00-15:00');
INSERT IGNORE INTO doctor_shift (AMKA, shift_id) VALUES ('0301525882', '319');
INSERT IGNORE INTO doctor_shift (AMKA, shift_id) VALUES ('0508710262', '319');
INSERT IGNORE INTO doctor_shift (AMKA, shift_id) VALUES ('1701787998', '319');
INSERT IGNORE INTO doctor_shift (AMKA, shift_id) VALUES ('1307618841', '319');
INSERT IGNORE INTO doctor_shift (AMKA, shift_id) VALUES ('0303531282', '319');
INSERT IGNORE INTO doctor_shift (AMKA, shift_id) VALUES ('0903695053', '319');
INSERT IGNORE INTO nurse_shift (AMKA, shift_id) VALUES ('1603685746', '319');
INSERT IGNORE INTO nurse_shift (AMKA, shift_id) VALUES ('1302876707', '319');
INSERT IGNORE INTO nurse_shift (AMKA, shift_id) VALUES ('1501974417', '319');
INSERT IGNORE INTO nurse_shift (AMKA, shift_id) VALUES ('0607738540', '319');
INSERT IGNORE INTO nurse_shift (AMKA, shift_id) VALUES ('3003940529', '319');
INSERT IGNORE INTO nurse_shift (AMKA, shift_id) VALUES ('2906619041', '319');
INSERT IGNORE INTO nurse_shift (AMKA, shift_id) VALUES ('1103802636', '319');
INSERT IGNORE INTO admin_shift (AMKA, shift_id) VALUES ('1101978318', '319');
INSERT IGNORE INTO admin_shift (AMKA, shift_id) VALUES ('2104509361', '319');
UPDATE IGNORE shift SET status = TRUE WHERE shift_id = '319';
INSERT IGNORE INTO dept_shift (dept_name, shift_id) VALUES ('Urology', '319');
INSERT INTO shift (day, type) VALUES ('2024-01-07 00:00:00', '07:00-15:00');
INSERT IGNORE INTO doctor_shift (AMKA, shift_id) VALUES ('2206803094', '320');
INSERT IGNORE INTO doctor_shift (AMKA, shift_id) VALUES ('1104529817', '320');
INSERT IGNORE INTO doctor_shift (AMKA, shift_id) VALUES ('0301525882', '320');
INSERT IGNORE INTO nurse_shift (AMKA, shift_id) VALUES ('1703812899', '320');
INSERT IGNORE INTO nurse_shift (AMKA, shift_id) VALUES ('2704562592', '320');
INSERT IGNORE INTO nurse_shift (AMKA, shift_id) VALUES ('1607801274', '320');
INSERT IGNORE INTO nurse_shift (AMKA, shift_id) VALUES ('2905001644', '320');
INSERT IGNORE INTO nurse_shift (AMKA, shift_id) VALUES ('1807594302', '320');
INSERT IGNORE INTO nurse_shift (AMKA, shift_id) VALUES ('1603685746', '320');
INSERT IGNORE INTO nurse_shift (AMKA, shift_id) VALUES ('2404736776', '320');
INSERT IGNORE INTO nurse_shift (AMKA, shift_id) VALUES ('1601483351', '320');
INSERT IGNORE INTO nurse_shift (AMKA, shift_id) VALUES ('2409746735', '320');
INSERT IGNORE INTO nurse_shift (AMKA, shift_id) VALUES ('0707486851', '320');
INSERT IGNORE INTO admin_shift (AMKA, shift_id) VALUES ('0804527361', '320');
INSERT IGNORE INTO admin_shift (AMKA, shift_id) VALUES ('0806415082', '320');
INSERT IGNORE INTO admin_shift (AMKA, shift_id) VALUES ('0108846908', '320');
UPDATE IGNORE shift SET status = TRUE WHERE shift_id = '320';
INSERT IGNORE INTO dept_shift (dept_name, shift_id) VALUES ('Urology', '320');
INSERT INTO shift (day, type) VALUES ('2024-03-12 00:00:00', '15:00-23:00');
INSERT IGNORE INTO doctor_shift (AMKA, shift_id) VALUES ('2811728295', '321');
INSERT IGNORE INTO doctor_shift (AMKA, shift_id) VALUES ('2204653007', '321');
INSERT IGNORE INTO doctor_shift (AMKA, shift_id) VALUES ('0303531282', '321');
INSERT IGNORE INTO doctor_shift (AMKA, shift_id) VALUES ('1102752591', '321');
INSERT IGNORE INTO doctor_shift (AMKA, shift_id) VALUES ('2806888346', '321');
INSERT IGNORE INTO nurse_shift (AMKA, shift_id) VALUES ('0205417367', '321');
INSERT IGNORE INTO nurse_shift (AMKA, shift_id) VALUES ('0501488320', '321');
INSERT IGNORE INTO nurse_shift (AMKA, shift_id) VALUES ('1309466103', '321');
INSERT IGNORE INTO nurse_shift (AMKA, shift_id) VALUES ('2005873415', '321');
INSERT IGNORE INTO nurse_shift (AMKA, shift_id) VALUES ('0805529909', '321');
INSERT IGNORE INTO nurse_shift (AMKA, shift_id) VALUES ('1810684760', '321');
INSERT IGNORE INTO nurse_shift (AMKA, shift_id) VALUES ('1512807285', '321');
INSERT IGNORE INTO nurse_shift (AMKA, shift_id) VALUES ('0212459106', '321');
INSERT IGNORE INTO nurse_shift (AMKA, shift_id) VALUES ('1112517867', '321');
INSERT IGNORE INTO admin_shift (AMKA, shift_id) VALUES ('1003595467', '321');
INSERT IGNORE INTO admin_shift (AMKA, shift_id) VALUES ('2311845679', '321');
INSERT IGNORE INTO admin_shift (AMKA, shift_id) VALUES ('1401529676', '321');
UPDATE IGNORE shift SET status = TRUE WHERE shift_id = '321';
INSERT IGNORE INTO dept_shift (dept_name, shift_id) VALUES ('Urology', '321');
INSERT INTO shift (day, type) VALUES ('2024-01-05 00:00:00', '15:00-23:00');
INSERT IGNORE INTO doctor_shift (AMKA, shift_id) VALUES ('0301525882', '322');
INSERT IGNORE INTO doctor_shift (AMKA, shift_id) VALUES ('0508710262', '322');
INSERT IGNORE INTO doctor_shift (AMKA, shift_id) VALUES ('0710954761', '322');
INSERT IGNORE INTO doctor_shift (AMKA, shift_id) VALUES ('0109876222', '322');
INSERT IGNORE INTO nurse_shift (AMKA, shift_id) VALUES ('2008408711', '322');
INSERT IGNORE INTO nurse_shift (AMKA, shift_id) VALUES ('0201469512', '322');
INSERT IGNORE INTO nurse_shift (AMKA, shift_id) VALUES ('2104682202', '322');
INSERT IGNORE INTO nurse_shift (AMKA, shift_id) VALUES ('0403530470', '322');
INSERT IGNORE INTO nurse_shift (AMKA, shift_id) VALUES ('0307004452', '322');
INSERT IGNORE INTO nurse_shift (AMKA, shift_id) VALUES ('0412861461', '322');
INSERT IGNORE INTO admin_shift (AMKA, shift_id) VALUES ('2610796674', '322');
INSERT IGNORE INTO admin_shift (AMKA, shift_id) VALUES ('2010921252', '322');
INSERT IGNORE INTO admin_shift (AMKA, shift_id) VALUES ('1203690867', '322');
UPDATE IGNORE shift SET status = TRUE WHERE shift_id = '322';
INSERT IGNORE INTO dept_shift (dept_name, shift_id) VALUES ('Urology', '322');
INSERT INTO shift (day, type) VALUES ('2024-08-25 00:00:00', '23:00-07:00');
INSERT IGNORE INTO doctor_shift (AMKA, shift_id) VALUES ('2407887390', '323');
INSERT IGNORE INTO doctor_shift (AMKA, shift_id) VALUES ('0810802797', '323');
INSERT IGNORE INTO doctor_shift (AMKA, shift_id) VALUES ('2003754733', '323');
INSERT IGNORE INTO nurse_shift (AMKA, shift_id) VALUES ('0412861461', '323');
INSERT IGNORE INTO nurse_shift (AMKA, shift_id) VALUES ('2202788231', '323');
INSERT IGNORE INTO nurse_shift (AMKA, shift_id) VALUES ('2110624175', '323');
INSERT IGNORE INTO nurse_shift (AMKA, shift_id) VALUES ('2612984884', '323');
INSERT IGNORE INTO nurse_shift (AMKA, shift_id) VALUES ('0212459106', '323');
INSERT IGNORE INTO nurse_shift (AMKA, shift_id) VALUES ('0208490904', '323');
INSERT IGNORE INTO nurse_shift (AMKA, shift_id) VALUES ('1703812899', '323');
INSERT IGNORE INTO nurse_shift (AMKA, shift_id) VALUES ('2404736776', '323');
INSERT IGNORE INTO nurse_shift (AMKA, shift_id) VALUES ('1807594302', '323');
INSERT IGNORE INTO admin_shift (AMKA, shift_id) VALUES ('1505621109', '323');
INSERT IGNORE INTO admin_shift (AMKA, shift_id) VALUES ('0606545053', '323');
INSERT IGNORE INTO admin_shift (AMKA, shift_id) VALUES ('1001660800', '323');
UPDATE IGNORE shift SET status = TRUE WHERE shift_id = '323';
INSERT IGNORE INTO dept_shift (dept_name, shift_id) VALUES ('Urology', '323');
INSERT INTO shift (day, type) VALUES ('2024-08-03 00:00:00', '23:00-07:00');
INSERT IGNORE INTO doctor_shift (AMKA, shift_id) VALUES ('2708408067', '324');
INSERT IGNORE INTO doctor_shift (AMKA, shift_id) VALUES ('2707864104', '324');
INSERT IGNORE INTO doctor_shift (AMKA, shift_id) VALUES ('0810802797', '324');
INSERT IGNORE INTO doctor_shift (AMKA, shift_id) VALUES ('2001691929', '324');
INSERT IGNORE INTO doctor_shift (AMKA, shift_id) VALUES ('0602879802', '324');
INSERT IGNORE INTO doctor_shift (AMKA, shift_id) VALUES ('2012810248', '324');
INSERT IGNORE INTO doctor_shift (AMKA, shift_id) VALUES ('1806762549', '324');
INSERT IGNORE INTO nurse_shift (AMKA, shift_id) VALUES ('1809580815', '324');
INSERT IGNORE INTO nurse_shift (AMKA, shift_id) VALUES ('2209772976', '324');
INSERT IGNORE INTO nurse_shift (AMKA, shift_id) VALUES ('2205716047', '324');
INSERT IGNORE INTO nurse_shift (AMKA, shift_id) VALUES ('1707693139', '324');
INSERT IGNORE INTO nurse_shift (AMKA, shift_id) VALUES ('1103802636', '324');
INSERT IGNORE INTO nurse_shift (AMKA, shift_id) VALUES ('2407818176', '324');
INSERT IGNORE INTO nurse_shift (AMKA, shift_id) VALUES ('0909660903', '324');
INSERT IGNORE INTO admin_shift (AMKA, shift_id) VALUES ('1004500988', '324');
INSERT IGNORE INTO admin_shift (AMKA, shift_id) VALUES ('1101978318', '324');
INSERT IGNORE INTO admin_shift (AMKA, shift_id) VALUES ('1909728641', '324');
INSERT IGNORE INTO admin_shift (AMKA, shift_id) VALUES ('1807947524', '324');
UPDATE IGNORE shift SET status = TRUE WHERE shift_id = '324';
INSERT IGNORE INTO dept_shift (dept_name, shift_id) VALUES ('Urology', '324');
INSERT INTO shift (day, type) VALUES ('2025-09-13 00:00:00', '07:00-15:00');
INSERT IGNORE INTO doctor_shift (AMKA, shift_id) VALUES ('1708511124', '325');
INSERT IGNORE INTO doctor_shift (AMKA, shift_id) VALUES ('0411550543', '325');
INSERT IGNORE INTO doctor_shift (AMKA, shift_id) VALUES ('2412989437', '325');
INSERT IGNORE INTO doctor_shift (AMKA, shift_id) VALUES ('1612748648', '325');
INSERT IGNORE INTO doctor_shift (AMKA, shift_id) VALUES ('1403472446', '325');
INSERT IGNORE INTO doctor_shift (AMKA, shift_id) VALUES ('1805820786', '325');
INSERT IGNORE INTO doctor_shift (AMKA, shift_id) VALUES ('1912912516', '325');
INSERT IGNORE INTO nurse_shift (AMKA, shift_id) VALUES ('2706529149', '325');
INSERT IGNORE INTO nurse_shift (AMKA, shift_id) VALUES ('0501507716', '325');
INSERT IGNORE INTO nurse_shift (AMKA, shift_id) VALUES ('2202745833', '325');
INSERT IGNORE INTO nurse_shift (AMKA, shift_id) VALUES ('2602489567', '325');
INSERT IGNORE INTO nurse_shift (AMKA, shift_id) VALUES ('1603685746', '325');
INSERT IGNORE INTO nurse_shift (AMKA, shift_id) VALUES ('1907956316', '325');
INSERT IGNORE INTO nurse_shift (AMKA, shift_id) VALUES ('1112517867', '325');
INSERT IGNORE INTO nurse_shift (AMKA, shift_id) VALUES ('0405455659', '325');
INSERT IGNORE INTO admin_shift (AMKA, shift_id) VALUES ('1807947524', '325');
INSERT IGNORE INTO admin_shift (AMKA, shift_id) VALUES ('1401438948', '325');
UPDATE IGNORE shift SET status = TRUE WHERE shift_id = '325';
INSERT IGNORE INTO dept_shift (dept_name, shift_id) VALUES ('Urology', '325');
INSERT INTO shift (day, type) VALUES ('2025-11-12 00:00:00', '23:00-07:00');
INSERT IGNORE INTO doctor_shift (AMKA, shift_id) VALUES ('1102752591', '326');
INSERT IGNORE INTO doctor_shift (AMKA, shift_id) VALUES ('2708408067', '326');
INSERT IGNORE INTO doctor_shift (AMKA, shift_id) VALUES ('2206803094', '326');
INSERT IGNORE INTO doctor_shift (AMKA, shift_id) VALUES ('1604612218', '326');
INSERT IGNORE INTO doctor_shift (AMKA, shift_id) VALUES ('0411980022', '326');
INSERT IGNORE INTO doctor_shift (AMKA, shift_id) VALUES ('1307618841', '326');
INSERT IGNORE INTO nurse_shift (AMKA, shift_id) VALUES ('1304544511', '326');
INSERT IGNORE INTO nurse_shift (AMKA, shift_id) VALUES ('0205417367', '326');
INSERT IGNORE INTO nurse_shift (AMKA, shift_id) VALUES ('0702609163', '326');
INSERT IGNORE INTO nurse_shift (AMKA, shift_id) VALUES ('1207679089', '326');
INSERT IGNORE INTO nurse_shift (AMKA, shift_id) VALUES ('1807594302', '326');
INSERT IGNORE INTO nurse_shift (AMKA, shift_id) VALUES ('2110624175', '326');
INSERT IGNORE INTO admin_shift (AMKA, shift_id) VALUES ('1101978318', '326');
INSERT IGNORE INTO admin_shift (AMKA, shift_id) VALUES ('2412702821', '326');
INSERT IGNORE INTO admin_shift (AMKA, shift_id) VALUES ('1703437989', '326');
UPDATE IGNORE shift SET status = TRUE WHERE shift_id = '326';
INSERT IGNORE INTO dept_shift (dept_name, shift_id) VALUES ('Urology', '326');
INSERT INTO shift (day, type) VALUES ('2024-06-24 00:00:00', '07:00-15:00');
INSERT IGNORE INTO doctor_shift (AMKA, shift_id) VALUES ('0303531282', '327');
INSERT IGNORE INTO doctor_shift (AMKA, shift_id) VALUES ('2811728295', '327');
INSERT IGNORE INTO doctor_shift (AMKA, shift_id) VALUES ('2412989437', '327');
INSERT IGNORE INTO doctor_shift (AMKA, shift_id) VALUES ('1101823701', '327');
INSERT IGNORE INTO doctor_shift (AMKA, shift_id) VALUES ('1807676900', '327');
INSERT IGNORE INTO doctor_shift (AMKA, shift_id) VALUES ('0301636140', '327');
INSERT IGNORE INTO nurse_shift (AMKA, shift_id) VALUES ('1309466103', '327');
INSERT IGNORE INTO nurse_shift (AMKA, shift_id) VALUES ('1302876707', '327');
INSERT IGNORE INTO nurse_shift (AMKA, shift_id) VALUES ('1210633994', '327');
INSERT IGNORE INTO nurse_shift (AMKA, shift_id) VALUES ('2005873415', '327');
INSERT IGNORE INTO nurse_shift (AMKA, shift_id) VALUES ('2408602494', '327');
INSERT IGNORE INTO nurse_shift (AMKA, shift_id) VALUES ('2411715378', '327');
INSERT IGNORE INTO nurse_shift (AMKA, shift_id) VALUES ('1908934284', '327');
INSERT IGNORE INTO nurse_shift (AMKA, shift_id) VALUES ('0311534815', '327');
INSERT IGNORE INTO admin_shift (AMKA, shift_id) VALUES ('0108846908', '327');
INSERT IGNORE INTO admin_shift (AMKA, shift_id) VALUES ('0310498160', '327');
INSERT IGNORE INTO admin_shift (AMKA, shift_id) VALUES ('3107841971', '327');
UPDATE IGNORE shift SET status = TRUE WHERE shift_id = '327';
INSERT IGNORE INTO dept_shift (dept_name, shift_id) VALUES ('Urology', '327');
INSERT INTO shift (day, type) VALUES ('2026-12-31 00:00:00', '07:00-15:00');
INSERT IGNORE INTO doctor_shift (AMKA, shift_id) VALUES ('0303531282', '328');
INSERT IGNORE INTO doctor_shift (AMKA, shift_id) VALUES ('1905740744', '328');
INSERT IGNORE INTO doctor_shift (AMKA, shift_id) VALUES ('2206803094', '328');
INSERT IGNORE INTO doctor_shift (AMKA, shift_id) VALUES ('0301525882', '328');
INSERT IGNORE INTO doctor_shift (AMKA, shift_id) VALUES ('1612748648', '328');
INSERT IGNORE INTO doctor_shift (AMKA, shift_id) VALUES ('3005978572', '328');
INSERT IGNORE INTO doctor_shift (AMKA, shift_id) VALUES ('2108809189', '328');
INSERT IGNORE INTO nurse_shift (AMKA, shift_id) VALUES ('2407971013', '328');
INSERT IGNORE INTO nurse_shift (AMKA, shift_id) VALUES ('2612984884', '328');
INSERT IGNORE INTO nurse_shift (AMKA, shift_id) VALUES ('2104682202', '328');
INSERT IGNORE INTO nurse_shift (AMKA, shift_id) VALUES ('0501507716', '328');
INSERT IGNORE INTO nurse_shift (AMKA, shift_id) VALUES ('1603685746', '328');
INSERT IGNORE INTO nurse_shift (AMKA, shift_id) VALUES ('1807594302', '328');
INSERT IGNORE INTO nurse_shift (AMKA, shift_id) VALUES ('0403530470', '328');
INSERT IGNORE INTO nurse_shift (AMKA, shift_id) VALUES ('3101743228', '328');
INSERT IGNORE INTO nurse_shift (AMKA, shift_id) VALUES ('2511766415', '328');
INSERT IGNORE INTO admin_shift (AMKA, shift_id) VALUES ('1610915018', '328');
INSERT IGNORE INTO admin_shift (AMKA, shift_id) VALUES ('2204425556', '328');
INSERT IGNORE INTO admin_shift (AMKA, shift_id) VALUES ('1108942647', '328');
UPDATE IGNORE shift SET status = TRUE WHERE shift_id = '328';
INSERT IGNORE INTO dept_shift (dept_name, shift_id) VALUES ('Urology', '328');
INSERT INTO shift (day, type) VALUES ('2025-03-28 00:00:00', '15:00-23:00');
INSERT IGNORE INTO doctor_shift (AMKA, shift_id) VALUES ('2407887390', '329');
INSERT IGNORE INTO doctor_shift (AMKA, shift_id) VALUES ('0111647658', '329');
INSERT IGNORE INTO doctor_shift (AMKA, shift_id) VALUES ('0301636140', '329');
INSERT IGNORE INTO doctor_shift (AMKA, shift_id) VALUES ('1004748289', '329');
INSERT IGNORE INTO doctor_shift (AMKA, shift_id) VALUES ('1904466405', '329');
INSERT IGNORE INTO doctor_shift (AMKA, shift_id) VALUES ('0610661297', '329');
INSERT IGNORE INTO doctor_shift (AMKA, shift_id) VALUES ('2012810248', '329');
INSERT IGNORE INTO doctor_shift (AMKA, shift_id) VALUES ('0710954761', '329');
INSERT IGNORE INTO nurse_shift (AMKA, shift_id) VALUES ('1708849364', '329');
INSERT IGNORE INTO nurse_shift (AMKA, shift_id) VALUES ('0509934508', '329');
INSERT IGNORE INTO nurse_shift (AMKA, shift_id) VALUES ('1907956316', '329');
INSERT IGNORE INTO nurse_shift (AMKA, shift_id) VALUES ('1707693139', '329');
INSERT IGNORE INTO nurse_shift (AMKA, shift_id) VALUES ('1503405303', '329');
INSERT IGNORE INTO nurse_shift (AMKA, shift_id) VALUES ('2008408711', '329');
INSERT IGNORE INTO admin_shift (AMKA, shift_id) VALUES ('1401529676', '329');
INSERT IGNORE INTO admin_shift (AMKA, shift_id) VALUES ('2307565593', '329');
INSERT IGNORE INTO admin_shift (AMKA, shift_id) VALUES ('2104509361', '329');
INSERT IGNORE INTO admin_shift (AMKA, shift_id) VALUES ('0108846908', '329');
UPDATE IGNORE shift SET status = TRUE WHERE shift_id = '329';
INSERT IGNORE INTO dept_shift (dept_name, shift_id) VALUES ('Urology', '329');
INSERT INTO shift (day, type) VALUES ('2026-03-10 00:00:00', '23:00-07:00');
INSERT IGNORE INTO doctor_shift (AMKA, shift_id) VALUES ('2710712553', '330');
INSERT IGNORE INTO doctor_shift (AMKA, shift_id) VALUES ('0903695053', '330');
INSERT IGNORE INTO doctor_shift (AMKA, shift_id) VALUES ('0206637500', '330');
INSERT IGNORE INTO doctor_shift (AMKA, shift_id) VALUES ('0610661297', '330');
INSERT IGNORE INTO doctor_shift (AMKA, shift_id) VALUES ('1608881787', '330');
INSERT IGNORE INTO nurse_shift (AMKA, shift_id) VALUES ('0302574411', '330');
INSERT IGNORE INTO nurse_shift (AMKA, shift_id) VALUES ('0601427360', '330');
INSERT IGNORE INTO nurse_shift (AMKA, shift_id) VALUES ('2812529967', '330');
INSERT IGNORE INTO nurse_shift (AMKA, shift_id) VALUES ('0805529909', '330');
INSERT IGNORE INTO nurse_shift (AMKA, shift_id) VALUES ('0310576949', '330');
INSERT IGNORE INTO nurse_shift (AMKA, shift_id) VALUES ('2905001644', '330');
INSERT IGNORE INTO nurse_shift (AMKA, shift_id) VALUES ('2705913673', '330');
INSERT IGNORE INTO nurse_shift (AMKA, shift_id) VALUES ('2409746735', '330');
INSERT IGNORE INTO nurse_shift (AMKA, shift_id) VALUES ('2903754769', '330');
INSERT IGNORE INTO admin_shift (AMKA, shift_id) VALUES ('2403663964', '330');
INSERT IGNORE INTO admin_shift (AMKA, shift_id) VALUES ('1003595467', '330');
INSERT IGNORE INTO admin_shift (AMKA, shift_id) VALUES ('1108942647', '330');
UPDATE IGNORE shift SET status = TRUE WHERE shift_id = '330';
INSERT IGNORE INTO dept_shift (dept_name, shift_id) VALUES ('Urology', '330');
INSERT INTO shift (day, type) VALUES ('2024-08-26 00:00:00', '15:00-23:00');
INSERT IGNORE INTO doctor_shift (AMKA, shift_id) VALUES ('1905740744', '331');
INSERT IGNORE INTO doctor_shift (AMKA, shift_id) VALUES ('2206803094', '331');
INSERT IGNORE INTO doctor_shift (AMKA, shift_id) VALUES ('1004748289', '331');
INSERT IGNORE INTO doctor_shift (AMKA, shift_id) VALUES ('1102752591', '331');
INSERT IGNORE INTO doctor_shift (AMKA, shift_id) VALUES ('1805820786', '331');
INSERT IGNORE INTO nurse_shift (AMKA, shift_id) VALUES ('0509934508', '331');
INSERT IGNORE INTO nurse_shift (AMKA, shift_id) VALUES ('1703812899', '331');
INSERT IGNORE INTO nurse_shift (AMKA, shift_id) VALUES ('2705913673', '331');
INSERT IGNORE INTO nurse_shift (AMKA, shift_id) VALUES ('1708849364', '331');
INSERT IGNORE INTO nurse_shift (AMKA, shift_id) VALUES ('0702609163', '331');
INSERT IGNORE INTO nurse_shift (AMKA, shift_id) VALUES ('2906619041', '331');
INSERT IGNORE INTO nurse_shift (AMKA, shift_id) VALUES ('3011568029', '331');
INSERT IGNORE INTO nurse_shift (AMKA, shift_id) VALUES ('1311513072', '331');
INSERT IGNORE INTO nurse_shift (AMKA, shift_id) VALUES ('2211738105', '331');
INSERT IGNORE INTO nurse_shift (AMKA, shift_id) VALUES ('1807594302', '331');
INSERT IGNORE INTO admin_shift (AMKA, shift_id) VALUES ('2403663964', '331');
INSERT IGNORE INTO admin_shift (AMKA, shift_id) VALUES ('1412919767', '331');
INSERT IGNORE INTO admin_shift (AMKA, shift_id) VALUES ('2104509361', '331');
UPDATE IGNORE shift SET status = TRUE WHERE shift_id = '331';
INSERT IGNORE INTO dept_shift (dept_name, shift_id) VALUES ('Urology', '331');
INSERT INTO shift (day, type) VALUES ('2024-11-30 00:00:00', '07:00-15:00');
INSERT IGNORE INTO doctor_shift (AMKA, shift_id) VALUES ('2204653007', '332');
INSERT IGNORE INTO doctor_shift (AMKA, shift_id) VALUES ('0710954761', '332');
INSERT IGNORE INTO doctor_shift (AMKA, shift_id) VALUES ('1805820786', '332');
INSERT IGNORE INTO doctor_shift (AMKA, shift_id) VALUES ('1806762549', '332');
INSERT IGNORE INTO doctor_shift (AMKA, shift_id) VALUES ('1210608936', '332');
INSERT IGNORE INTO doctor_shift (AMKA, shift_id) VALUES ('1107638937', '332');
INSERT IGNORE INTO doctor_shift (AMKA, shift_id) VALUES ('1101779403', '332');
INSERT IGNORE INTO nurse_shift (AMKA, shift_id) VALUES ('2704562592', '332');
INSERT IGNORE INTO nurse_shift (AMKA, shift_id) VALUES ('1302478288', '332');
INSERT IGNORE INTO nurse_shift (AMKA, shift_id) VALUES ('1603685746', '332');
INSERT IGNORE INTO nurse_shift (AMKA, shift_id) VALUES ('0601427360', '332');
INSERT IGNORE INTO nurse_shift (AMKA, shift_id) VALUES ('0307004452', '332');
INSERT IGNORE INTO nurse_shift (AMKA, shift_id) VALUES ('1503405303', '332');
INSERT IGNORE INTO nurse_shift (AMKA, shift_id) VALUES ('1907956316', '332');
INSERT IGNORE INTO nurse_shift (AMKA, shift_id) VALUES ('2105987694', '332');
INSERT IGNORE INTO nurse_shift (AMKA, shift_id) VALUES ('2308761066', '332');
INSERT IGNORE INTO admin_shift (AMKA, shift_id) VALUES ('1011747457', '332');
INSERT IGNORE INTO admin_shift (AMKA, shift_id) VALUES ('2009517049', '332');
INSERT IGNORE INTO admin_shift (AMKA, shift_id) VALUES ('3103504955', '332');
UPDATE IGNORE shift SET status = TRUE WHERE shift_id = '332';
INSERT IGNORE INTO dept_shift (dept_name, shift_id) VALUES ('Urology', '332');
INSERT INTO shift (day, type) VALUES ('2024-08-23 00:00:00', '23:00-07:00');
INSERT IGNORE INTO doctor_shift (AMKA, shift_id) VALUES ('1101823701', '333');
INSERT IGNORE INTO doctor_shift (AMKA, shift_id) VALUES ('1305442503', '333');
INSERT IGNORE INTO doctor_shift (AMKA, shift_id) VALUES ('1612748648', '333');
INSERT IGNORE INTO doctor_shift (AMKA, shift_id) VALUES ('0710954761', '333');
INSERT IGNORE INTO doctor_shift (AMKA, shift_id) VALUES ('2204653007', '333');
INSERT IGNORE INTO doctor_shift (AMKA, shift_id) VALUES ('2108809189', '333');
INSERT IGNORE INTO doctor_shift (AMKA, shift_id) VALUES ('2304595248', '333');
INSERT IGNORE INTO doctor_shift (AMKA, shift_id) VALUES ('1608881787', '333');
INSERT IGNORE INTO nurse_shift (AMKA, shift_id) VALUES ('0909660903', '333');
INSERT IGNORE INTO nurse_shift (AMKA, shift_id) VALUES ('1207679089', '333');
INSERT IGNORE INTO nurse_shift (AMKA, shift_id) VALUES ('2205716047', '333');
INSERT IGNORE INTO nurse_shift (AMKA, shift_id) VALUES ('1107666248', '333');
INSERT IGNORE INTO nurse_shift (AMKA, shift_id) VALUES ('2509796665', '333');
INSERT IGNORE INTO nurse_shift (AMKA, shift_id) VALUES ('2210732993', '333');
INSERT IGNORE INTO nurse_shift (AMKA, shift_id) VALUES ('0307004452', '333');
INSERT IGNORE INTO nurse_shift (AMKA, shift_id) VALUES ('2301986927', '333');
INSERT IGNORE INTO admin_shift (AMKA, shift_id) VALUES ('2912624436', '333');
INSERT IGNORE INTO admin_shift (AMKA, shift_id) VALUES ('2009517049', '333');
INSERT IGNORE INTO admin_shift (AMKA, shift_id) VALUES ('2311563644', '333');
INSERT IGNORE INTO admin_shift (AMKA, shift_id) VALUES ('0409007927', '333');
UPDATE IGNORE shift SET status = TRUE WHERE shift_id = '333';
INSERT IGNORE INTO dept_shift (dept_name, shift_id) VALUES ('Urology', '333');
INSERT INTO shift (day, type) VALUES ('2026-09-21 00:00:00', '07:00-15:00');
INSERT IGNORE INTO doctor_shift (AMKA, shift_id) VALUES ('2204653007', '334');
INSERT IGNORE INTO doctor_shift (AMKA, shift_id) VALUES ('0909662577', '334');
INSERT IGNORE INTO doctor_shift (AMKA, shift_id) VALUES ('2001691929', '334');
INSERT IGNORE INTO doctor_shift (AMKA, shift_id) VALUES ('2108809189', '334');
INSERT IGNORE INTO nurse_shift (AMKA, shift_id) VALUES ('1302478288', '334');
INSERT IGNORE INTO nurse_shift (AMKA, shift_id) VALUES ('3101743228', '334');
INSERT IGNORE INTO nurse_shift (AMKA, shift_id) VALUES ('1309466103', '334');
INSERT IGNORE INTO nurse_shift (AMKA, shift_id) VALUES ('1302876707', '334');
INSERT IGNORE INTO nurse_shift (AMKA, shift_id) VALUES ('2211738105', '334');
INSERT IGNORE INTO nurse_shift (AMKA, shift_id) VALUES ('2308761066', '334');
INSERT IGNORE INTO nurse_shift (AMKA, shift_id) VALUES ('0201469512', '334');
INSERT IGNORE INTO nurse_shift (AMKA, shift_id) VALUES ('0208490904', '334');
INSERT IGNORE INTO nurse_shift (AMKA, shift_id) VALUES ('0805529909', '334');
INSERT IGNORE INTO admin_shift (AMKA, shift_id) VALUES ('2210867288', '334');
INSERT IGNORE INTO admin_shift (AMKA, shift_id) VALUES ('1407956296', '334');
INSERT IGNORE INTO admin_shift (AMKA, shift_id) VALUES ('1203690867', '334');
INSERT IGNORE INTO admin_shift (AMKA, shift_id) VALUES ('2204425556', '334');
UPDATE IGNORE shift SET status = TRUE WHERE shift_id = '334';
INSERT IGNORE INTO dept_shift (dept_name, shift_id) VALUES ('Urology', '334');
INSERT INTO shift (day, type) VALUES ('2024-11-23 00:00:00', '07:00-15:00');
INSERT IGNORE INTO doctor_shift (AMKA, shift_id) VALUES ('0303531282', '335');
INSERT IGNORE INTO doctor_shift (AMKA, shift_id) VALUES ('0811685025', '335');
INSERT IGNORE INTO doctor_shift (AMKA, shift_id) VALUES ('2710712553', '335');
INSERT IGNORE INTO doctor_shift (AMKA, shift_id) VALUES ('0803576389', '335');
INSERT IGNORE INTO doctor_shift (AMKA, shift_id) VALUES ('1206704867', '335');
INSERT IGNORE INTO doctor_shift (AMKA, shift_id) VALUES ('1307618841', '335');
INSERT IGNORE INTO nurse_shift (AMKA, shift_id) VALUES ('1302478288', '335');
INSERT IGNORE INTO nurse_shift (AMKA, shift_id) VALUES ('2105987694', '335');
INSERT IGNORE INTO nurse_shift (AMKA, shift_id) VALUES ('1512807285', '335');
INSERT IGNORE INTO nurse_shift (AMKA, shift_id) VALUES ('1410472859', '335');
INSERT IGNORE INTO nurse_shift (AMKA, shift_id) VALUES ('1708849364', '335');
INSERT IGNORE INTO nurse_shift (AMKA, shift_id) VALUES ('0509934508', '335');
INSERT IGNORE INTO nurse_shift (AMKA, shift_id) VALUES ('1603685746', '335');
INSERT IGNORE INTO nurse_shift (AMKA, shift_id) VALUES ('1111688464', '335');
INSERT IGNORE INTO nurse_shift (AMKA, shift_id) VALUES ('2411715378', '335');
INSERT IGNORE INTO nurse_shift (AMKA, shift_id) VALUES ('2202788231', '335');
INSERT IGNORE INTO admin_shift (AMKA, shift_id) VALUES ('1401438948', '335');
INSERT IGNORE INTO admin_shift (AMKA, shift_id) VALUES ('1703437989', '335');
INSERT IGNORE INTO admin_shift (AMKA, shift_id) VALUES ('2803665107', '335');
UPDATE IGNORE shift SET status = TRUE WHERE shift_id = '335';
INSERT IGNORE INTO dept_shift (dept_name, shift_id) VALUES ('Urology', '335');
INSERT INTO shift (day, type) VALUES ('2026-10-30 00:00:00', '23:00-07:00');
INSERT IGNORE INTO doctor_shift (AMKA, shift_id) VALUES ('2003754733', '336');
INSERT IGNORE INTO doctor_shift (AMKA, shift_id) VALUES ('1101823701', '336');
INSERT IGNORE INTO doctor_shift (AMKA, shift_id) VALUES ('2412989437', '336');
INSERT IGNORE INTO nurse_shift (AMKA, shift_id) VALUES ('1203883023', '336');
INSERT IGNORE INTO nurse_shift (AMKA, shift_id) VALUES ('2511766415', '336');
INSERT IGNORE INTO nurse_shift (AMKA, shift_id) VALUES ('0412861461', '336');
INSERT IGNORE INTO nurse_shift (AMKA, shift_id) VALUES ('2903754769', '336');
INSERT IGNORE INTO nurse_shift (AMKA, shift_id) VALUES ('2408602494', '336');
INSERT IGNORE INTO nurse_shift (AMKA, shift_id) VALUES ('2602489567', '336');
INSERT IGNORE INTO nurse_shift (AMKA, shift_id) VALUES ('0707486851', '336');
INSERT IGNORE INTO admin_shift (AMKA, shift_id) VALUES ('1101978318', '336');
INSERT IGNORE INTO admin_shift (AMKA, shift_id) VALUES ('3103504955', '336');
INSERT IGNORE INTO admin_shift (AMKA, shift_id) VALUES ('1011747457', '336');
UPDATE IGNORE shift SET status = TRUE WHERE shift_id = '336';
INSERT IGNORE INTO dept_shift (dept_name, shift_id) VALUES ('Urology', '336');
INSERT INTO shift (day, type) VALUES ('2026-07-09 00:00:00', '07:00-15:00');
INSERT IGNORE INTO doctor_shift (AMKA, shift_id) VALUES ('1101779403', '337');
INSERT IGNORE INTO doctor_shift (AMKA, shift_id) VALUES ('2806888346', '337');
INSERT IGNORE INTO doctor_shift (AMKA, shift_id) VALUES ('1608881787', '337');
INSERT IGNORE INTO nurse_shift (AMKA, shift_id) VALUES ('2110624175', '337');
INSERT IGNORE INTO nurse_shift (AMKA, shift_id) VALUES ('0601427360', '337');
INSERT IGNORE INTO nurse_shift (AMKA, shift_id) VALUES ('1311513072', '337');
INSERT IGNORE INTO nurse_shift (AMKA, shift_id) VALUES ('3003718056', '337');
INSERT IGNORE INTO nurse_shift (AMKA, shift_id) VALUES ('2105987694', '337');
INSERT IGNORE INTO nurse_shift (AMKA, shift_id) VALUES ('2903754769', '337');
INSERT IGNORE INTO nurse_shift (AMKA, shift_id) VALUES ('2308761066', '337');
INSERT IGNORE INTO nurse_shift (AMKA, shift_id) VALUES ('2904573556', '337');
INSERT IGNORE INTO admin_shift (AMKA, shift_id) VALUES ('0310498160', '337');
INSERT IGNORE INTO admin_shift (AMKA, shift_id) VALUES ('1401438948', '337');
INSERT IGNORE INTO admin_shift (AMKA, shift_id) VALUES ('3006533908', '337');
UPDATE IGNORE shift SET status = TRUE WHERE shift_id = '337';
INSERT IGNORE INTO dept_shift (dept_name, shift_id) VALUES ('Psychiatry', '337');
INSERT INTO shift (day, type) VALUES ('2026-08-05 00:00:00', '07:00-15:00');
INSERT IGNORE INTO doctor_shift (AMKA, shift_id) VALUES ('0301636140', '338');
INSERT IGNORE INTO doctor_shift (AMKA, shift_id) VALUES ('1004748289', '338');
INSERT IGNORE INTO doctor_shift (AMKA, shift_id) VALUES ('2012810248', '338');
INSERT IGNORE INTO doctor_shift (AMKA, shift_id) VALUES ('0602879802', '338');
INSERT IGNORE INTO doctor_shift (AMKA, shift_id) VALUES ('1104529817', '338');
INSERT IGNORE INTO nurse_shift (AMKA, shift_id) VALUES ('2408602494', '338');
INSERT IGNORE INTO nurse_shift (AMKA, shift_id) VALUES ('2105987694', '338');
INSERT IGNORE INTO nurse_shift (AMKA, shift_id) VALUES ('2409746735', '338');
INSERT IGNORE INTO nurse_shift (AMKA, shift_id) VALUES ('1210633994', '338');
INSERT IGNORE INTO nurse_shift (AMKA, shift_id) VALUES ('1107666248', '338');
INSERT IGNORE INTO nurse_shift (AMKA, shift_id) VALUES ('1112517867', '338');
INSERT IGNORE INTO nurse_shift (AMKA, shift_id) VALUES ('0211835314', '338');
INSERT IGNORE INTO admin_shift (AMKA, shift_id) VALUES ('1003595467', '338');
INSERT IGNORE INTO admin_shift (AMKA, shift_id) VALUES ('3107841971', '338');
INSERT IGNORE INTO admin_shift (AMKA, shift_id) VALUES ('2104509361', '338');
INSERT IGNORE INTO admin_shift (AMKA, shift_id) VALUES ('1004500988', '338');
UPDATE IGNORE shift SET status = TRUE WHERE shift_id = '338';
INSERT IGNORE INTO dept_shift (dept_name, shift_id) VALUES ('Psychiatry', '338');
INSERT INTO shift (day, type) VALUES ('2025-08-29 00:00:00', '15:00-23:00');
INSERT IGNORE INTO doctor_shift (AMKA, shift_id) VALUES ('2707864104', '339');
INSERT IGNORE INTO doctor_shift (AMKA, shift_id) VALUES ('1102752591', '339');
INSERT IGNORE INTO doctor_shift (AMKA, shift_id) VALUES ('1206704867', '339');
INSERT IGNORE INTO doctor_shift (AMKA, shift_id) VALUES ('0104436410', '339');
INSERT IGNORE INTO doctor_shift (AMKA, shift_id) VALUES ('1612748648', '339');
INSERT IGNORE INTO doctor_shift (AMKA, shift_id) VALUES ('2708408067', '339');
INSERT IGNORE INTO nurse_shift (AMKA, shift_id) VALUES ('2012883023', '339');
INSERT IGNORE INTO nurse_shift (AMKA, shift_id) VALUES ('1707693139', '339');
INSERT IGNORE INTO nurse_shift (AMKA, shift_id) VALUES ('2110624175', '339');
INSERT IGNORE INTO nurse_shift (AMKA, shift_id) VALUES ('2810445963', '339');
INSERT IGNORE INTO nurse_shift (AMKA, shift_id) VALUES ('2804482376', '339');
INSERT IGNORE INTO nurse_shift (AMKA, shift_id) VALUES ('0509864586', '339');
INSERT IGNORE INTO nurse_shift (AMKA, shift_id) VALUES ('1607801274', '339');
INSERT IGNORE INTO nurse_shift (AMKA, shift_id) VALUES ('2408602494', '339');
INSERT IGNORE INTO admin_shift (AMKA, shift_id) VALUES ('0903914750', '339');
INSERT IGNORE INTO admin_shift (AMKA, shift_id) VALUES ('1003595467', '339');
INSERT IGNORE INTO admin_shift (AMKA, shift_id) VALUES ('3107841971', '339');
UPDATE IGNORE shift SET status = TRUE WHERE shift_id = '339';
INSERT IGNORE INTO dept_shift (dept_name, shift_id) VALUES ('Psychiatry', '339');
INSERT INTO shift (day, type) VALUES ('2026-12-11 00:00:00', '15:00-23:00');
INSERT IGNORE INTO doctor_shift (AMKA, shift_id) VALUES ('1708511124', '340');
INSERT IGNORE INTO doctor_shift (AMKA, shift_id) VALUES ('0802620737', '340');
INSERT IGNORE INTO doctor_shift (AMKA, shift_id) VALUES ('1101779403', '340');
INSERT IGNORE INTO doctor_shift (AMKA, shift_id) VALUES ('2412989437', '340');
INSERT IGNORE INTO doctor_shift (AMKA, shift_id) VALUES ('0602879802', '340');
INSERT IGNORE INTO doctor_shift (AMKA, shift_id) VALUES ('0810802797', '340');
INSERT IGNORE INTO doctor_shift (AMKA, shift_id) VALUES ('2707864104', '340');
INSERT IGNORE INTO nurse_shift (AMKA, shift_id) VALUES ('2211920600', '340');
INSERT IGNORE INTO nurse_shift (AMKA, shift_id) VALUES ('2407818176', '340');
INSERT IGNORE INTO nurse_shift (AMKA, shift_id) VALUES ('2008408711', '340');
INSERT IGNORE INTO nurse_shift (AMKA, shift_id) VALUES ('1304544511', '340');
INSERT IGNORE INTO nurse_shift (AMKA, shift_id) VALUES ('0509864586', '340');
INSERT IGNORE INTO nurse_shift (AMKA, shift_id) VALUES ('0607738540', '340');
INSERT IGNORE INTO nurse_shift (AMKA, shift_id) VALUES ('1602668533', '340');
INSERT IGNORE INTO admin_shift (AMKA, shift_id) VALUES ('3107841971', '340');
INSERT IGNORE INTO admin_shift (AMKA, shift_id) VALUES ('2210867288', '340');
INSERT IGNORE INTO admin_shift (AMKA, shift_id) VALUES ('2912624436', '340');
INSERT IGNORE INTO admin_shift (AMKA, shift_id) VALUES ('0212875455', '340');
UPDATE IGNORE shift SET status = TRUE WHERE shift_id = '340';
INSERT IGNORE INTO dept_shift (dept_name, shift_id) VALUES ('Psychiatry', '340');
INSERT INTO shift (day, type) VALUES ('2026-05-01 00:00:00', '23:00-07:00');
INSERT IGNORE INTO doctor_shift (AMKA, shift_id) VALUES ('1101779403', '341');
INSERT IGNORE INTO doctor_shift (AMKA, shift_id) VALUES ('2406973031', '341');
INSERT IGNORE INTO doctor_shift (AMKA, shift_id) VALUES ('0406974498', '341');
INSERT IGNORE INTO doctor_shift (AMKA, shift_id) VALUES ('0410505068', '341');
INSERT IGNORE INTO doctor_shift (AMKA, shift_id) VALUES ('0411980022', '341');
INSERT IGNORE INTO doctor_shift (AMKA, shift_id) VALUES ('0102891639', '341');
INSERT IGNORE INTO doctor_shift (AMKA, shift_id) VALUES ('0109876222', '341');
INSERT IGNORE INTO doctor_shift (AMKA, shift_id) VALUES ('2301681047', '341');
INSERT IGNORE INTO nurse_shift (AMKA, shift_id) VALUES ('1503405303', '341');
INSERT IGNORE INTO nurse_shift (AMKA, shift_id) VALUES ('2411715378', '341');
INSERT IGNORE INTO nurse_shift (AMKA, shift_id) VALUES ('2906619041', '341');
INSERT IGNORE INTO nurse_shift (AMKA, shift_id) VALUES ('2104682202', '341');
INSERT IGNORE INTO nurse_shift (AMKA, shift_id) VALUES ('1708849364', '341');
INSERT IGNORE INTO nurse_shift (AMKA, shift_id) VALUES ('2211920600', '341');
INSERT IGNORE INTO nurse_shift (AMKA, shift_id) VALUES ('2009974419', '341');
INSERT IGNORE INTO nurse_shift (AMKA, shift_id) VALUES ('2210732993', '341');
INSERT IGNORE INTO nurse_shift (AMKA, shift_id) VALUES ('3003718056', '341');
INSERT IGNORE INTO nurse_shift (AMKA, shift_id) VALUES ('3101743228', '341');
INSERT IGNORE INTO admin_shift (AMKA, shift_id) VALUES ('1011747457', '341');
INSERT IGNORE INTO admin_shift (AMKA, shift_id) VALUES ('2311563644', '341');
UPDATE IGNORE shift SET status = TRUE WHERE shift_id = '341';
INSERT IGNORE INTO dept_shift (dept_name, shift_id) VALUES ('Psychiatry', '341');
INSERT INTO shift (day, type) VALUES ('2024-04-23 00:00:00', '07:00-15:00');
INSERT IGNORE INTO doctor_shift (AMKA, shift_id) VALUES ('0810802797', '342');
INSERT IGNORE INTO doctor_shift (AMKA, shift_id) VALUES ('2412989437', '342');
INSERT IGNORE INTO doctor_shift (AMKA, shift_id) VALUES ('2312865669', '342');
INSERT IGNORE INTO doctor_shift (AMKA, shift_id) VALUES ('2001691929', '342');
INSERT IGNORE INTO doctor_shift (AMKA, shift_id) VALUES ('1210671054', '342');
INSERT IGNORE INTO doctor_shift (AMKA, shift_id) VALUES ('0811685025', '342');
INSERT IGNORE INTO doctor_shift (AMKA, shift_id) VALUES ('1206704867', '342');
INSERT IGNORE INTO doctor_shift (AMKA, shift_id) VALUES ('1805820786', '342');
INSERT IGNORE INTO nurse_shift (AMKA, shift_id) VALUES ('1501974417', '342');
INSERT IGNORE INTO nurse_shift (AMKA, shift_id) VALUES ('1707693139', '342');
INSERT IGNORE INTO nurse_shift (AMKA, shift_id) VALUES ('1503405303', '342');
INSERT IGNORE INTO nurse_shift (AMKA, shift_id) VALUES ('1807594302', '342');
INSERT IGNORE INTO nurse_shift (AMKA, shift_id) VALUES ('2407818176', '342');
INSERT IGNORE INTO nurse_shift (AMKA, shift_id) VALUES ('0707486851', '342');
INSERT IGNORE INTO nurse_shift (AMKA, shift_id) VALUES ('2904573556', '342');
INSERT IGNORE INTO nurse_shift (AMKA, shift_id) VALUES ('1006891535', '342');
INSERT IGNORE INTO admin_shift (AMKA, shift_id) VALUES ('0806415082', '342');
INSERT IGNORE INTO admin_shift (AMKA, shift_id) VALUES ('2307565593', '342');
INSERT IGNORE INTO admin_shift (AMKA, shift_id) VALUES ('1401438948', '342');
INSERT IGNORE INTO admin_shift (AMKA, shift_id) VALUES ('1505621109', '342');
UPDATE IGNORE shift SET status = TRUE WHERE shift_id = '342';
INSERT IGNORE INTO dept_shift (dept_name, shift_id) VALUES ('Psychiatry', '342');
INSERT INTO shift (day, type) VALUES ('2025-03-18 00:00:00', '07:00-15:00');
INSERT IGNORE INTO doctor_shift (AMKA, shift_id) VALUES ('3005978572', '343');
INSERT IGNORE INTO doctor_shift (AMKA, shift_id) VALUES ('1101823701', '343');
INSERT IGNORE INTO doctor_shift (AMKA, shift_id) VALUES ('1007472193', '343');
INSERT IGNORE INTO doctor_shift (AMKA, shift_id) VALUES ('2304595248', '343');
INSERT IGNORE INTO nurse_shift (AMKA, shift_id) VALUES ('2408602494', '343');
INSERT IGNORE INTO nurse_shift (AMKA, shift_id) VALUES ('1908934284', '343');
INSERT IGNORE INTO nurse_shift (AMKA, shift_id) VALUES ('0909660903', '343');
INSERT IGNORE INTO nurse_shift (AMKA, shift_id) VALUES ('2012883023', '343');
INSERT IGNORE INTO nurse_shift (AMKA, shift_id) VALUES ('2511766415', '343');
INSERT IGNORE INTO nurse_shift (AMKA, shift_id) VALUES ('2804482376', '343');
INSERT IGNORE INTO nurse_shift (AMKA, shift_id) VALUES ('0307004452', '343');
INSERT IGNORE INTO nurse_shift (AMKA, shift_id) VALUES ('2906619041', '343');
INSERT IGNORE INTO nurse_shift (AMKA, shift_id) VALUES ('1601483351', '343');
INSERT IGNORE INTO nurse_shift (AMKA, shift_id) VALUES ('1112517867', '343');
INSERT IGNORE INTO admin_shift (AMKA, shift_id) VALUES ('1003595467', '343');
INSERT IGNORE INTO admin_shift (AMKA, shift_id) VALUES ('2412702821', '343');
INSERT IGNORE INTO admin_shift (AMKA, shift_id) VALUES ('3103504955', '343');
UPDATE IGNORE shift SET status = TRUE WHERE shift_id = '343';
INSERT IGNORE INTO dept_shift (dept_name, shift_id) VALUES ('Psychiatry', '343');
INSERT INTO shift (day, type) VALUES ('2025-12-02 00:00:00', '23:00-07:00');
INSERT IGNORE INTO doctor_shift (AMKA, shift_id) VALUES ('1701787998', '344');
INSERT IGNORE INTO doctor_shift (AMKA, shift_id) VALUES ('1403472446', '344');
INSERT IGNORE INTO doctor_shift (AMKA, shift_id) VALUES ('2502654079', '344');
INSERT IGNORE INTO nurse_shift (AMKA, shift_id) VALUES ('2903754769', '344');
INSERT IGNORE INTO nurse_shift (AMKA, shift_id) VALUES ('1302876707', '344');
INSERT IGNORE INTO nurse_shift (AMKA, shift_id) VALUES ('1602668533', '344');
INSERT IGNORE INTO nurse_shift (AMKA, shift_id) VALUES ('2810445963', '344');
INSERT IGNORE INTO nurse_shift (AMKA, shift_id) VALUES ('2301986927', '344');
INSERT IGNORE INTO nurse_shift (AMKA, shift_id) VALUES ('0905711630', '344');
INSERT IGNORE INTO nurse_shift (AMKA, shift_id) VALUES ('0702609163', '344');
INSERT IGNORE INTO admin_shift (AMKA, shift_id) VALUES ('1401438948', '344');
INSERT IGNORE INTO admin_shift (AMKA, shift_id) VALUES ('1004500988', '344');
INSERT IGNORE INTO admin_shift (AMKA, shift_id) VALUES ('1909762384', '344');
INSERT IGNORE INTO admin_shift (AMKA, shift_id) VALUES ('1412919767', '344');
UPDATE IGNORE shift SET status = TRUE WHERE shift_id = '344';
INSERT IGNORE INTO dept_shift (dept_name, shift_id) VALUES ('Psychiatry', '344');
INSERT INTO shift (day, type) VALUES ('2025-10-30 00:00:00', '23:00-07:00');
INSERT IGNORE INTO doctor_shift (AMKA, shift_id) VALUES ('0602879802', '345');
INSERT IGNORE INTO doctor_shift (AMKA, shift_id) VALUES ('1306562994', '345');
INSERT IGNORE INTO doctor_shift (AMKA, shift_id) VALUES ('2001691929', '345');
INSERT IGNORE INTO doctor_shift (AMKA, shift_id) VALUES ('1807676900', '345');
INSERT IGNORE INTO doctor_shift (AMKA, shift_id) VALUES ('1904466405', '345');
INSERT IGNORE INTO doctor_shift (AMKA, shift_id) VALUES ('3012474240', '345');
INSERT IGNORE INTO doctor_shift (AMKA, shift_id) VALUES ('1608881787', '345');
INSERT IGNORE INTO doctor_shift (AMKA, shift_id) VALUES ('0803576389', '345');
INSERT IGNORE INTO nurse_shift (AMKA, shift_id) VALUES ('0509934508', '345');
INSERT IGNORE INTO nurse_shift (AMKA, shift_id) VALUES ('1302478288', '345');
INSERT IGNORE INTO nurse_shift (AMKA, shift_id) VALUES ('2705913673', '345');
INSERT IGNORE INTO nurse_shift (AMKA, shift_id) VALUES ('1503405303', '345');
INSERT IGNORE INTO nurse_shift (AMKA, shift_id) VALUES ('0311534815', '345');
INSERT IGNORE INTO nurse_shift (AMKA, shift_id) VALUES ('0201469512', '345');
INSERT IGNORE INTO nurse_shift (AMKA, shift_id) VALUES ('1309466103', '345');
INSERT IGNORE INTO admin_shift (AMKA, shift_id) VALUES ('0409007927', '345');
INSERT IGNORE INTO admin_shift (AMKA, shift_id) VALUES ('0606545053', '345');
INSERT IGNORE INTO admin_shift (AMKA, shift_id) VALUES ('2311845679', '345');
INSERT IGNORE INTO admin_shift (AMKA, shift_id) VALUES ('2311563644', '345');
UPDATE IGNORE shift SET status = TRUE WHERE shift_id = '345';
INSERT IGNORE INTO dept_shift (dept_name, shift_id) VALUES ('Psychiatry', '345');
INSERT INTO shift (day, type) VALUES ('2026-06-09 00:00:00', '15:00-23:00');
INSERT IGNORE INTO doctor_shift (AMKA, shift_id) VALUES ('0411980022', '346');
INSERT IGNORE INTO doctor_shift (AMKA, shift_id) VALUES ('1403910610', '346');
INSERT IGNORE INTO doctor_shift (AMKA, shift_id) VALUES ('2412989437', '346');
INSERT IGNORE INTO doctor_shift (AMKA, shift_id) VALUES ('1102752591', '346');
INSERT IGNORE INTO doctor_shift (AMKA, shift_id) VALUES ('1305442503', '346');
INSERT IGNORE INTO doctor_shift (AMKA, shift_id) VALUES ('0411550543', '346');
INSERT IGNORE INTO doctor_shift (AMKA, shift_id) VALUES ('2012810248', '346');
INSERT IGNORE INTO nurse_shift (AMKA, shift_id) VALUES ('2705913673', '346');
INSERT IGNORE INTO nurse_shift (AMKA, shift_id) VALUES ('0501488320', '346');
INSERT IGNORE INTO nurse_shift (AMKA, shift_id) VALUES ('1207679089', '346');
INSERT IGNORE INTO nurse_shift (AMKA, shift_id) VALUES ('1302876707', '346');
INSERT IGNORE INTO nurse_shift (AMKA, shift_id) VALUES ('0205417367', '346');
INSERT IGNORE INTO nurse_shift (AMKA, shift_id) VALUES ('1311513072', '346');
INSERT IGNORE INTO nurse_shift (AMKA, shift_id) VALUES ('2810445963', '346');
INSERT IGNORE INTO nurse_shift (AMKA, shift_id) VALUES ('2012883023', '346');
INSERT IGNORE INTO admin_shift (AMKA, shift_id) VALUES ('0804527361', '346');
INSERT IGNORE INTO admin_shift (AMKA, shift_id) VALUES ('1412919767', '346');
UPDATE IGNORE shift SET status = TRUE WHERE shift_id = '346';
INSERT IGNORE INTO dept_shift (dept_name, shift_id) VALUES ('Psychiatry', '346');
INSERT INTO shift (day, type) VALUES ('2024-02-03 00:00:00', '23:00-07:00');
INSERT IGNORE INTO doctor_shift (AMKA, shift_id) VALUES ('2301681047', '347');
INSERT IGNORE INTO doctor_shift (AMKA, shift_id) VALUES ('2710712553', '347');
INSERT IGNORE INTO doctor_shift (AMKA, shift_id) VALUES ('1807676900', '347');
INSERT IGNORE INTO doctor_shift (AMKA, shift_id) VALUES ('2204653007', '347');
INSERT IGNORE INTO doctor_shift (AMKA, shift_id) VALUES ('1611592474', '347');
INSERT IGNORE INTO doctor_shift (AMKA, shift_id) VALUES ('2407887390', '347');
INSERT IGNORE INTO doctor_shift (AMKA, shift_id) VALUES ('1004748289', '347');
INSERT IGNORE INTO nurse_shift (AMKA, shift_id) VALUES ('2210732993', '347');
INSERT IGNORE INTO nurse_shift (AMKA, shift_id) VALUES ('1602668533', '347');
INSERT IGNORE INTO nurse_shift (AMKA, shift_id) VALUES ('2205716047', '347');
INSERT IGNORE INTO nurse_shift (AMKA, shift_id) VALUES ('3101743228', '347');
INSERT IGNORE INTO nurse_shift (AMKA, shift_id) VALUES ('0509934508', '347');
INSERT IGNORE INTO nurse_shift (AMKA, shift_id) VALUES ('1708849364', '347');
INSERT IGNORE INTO admin_shift (AMKA, shift_id) VALUES ('3108668309', '347');
INSERT IGNORE INTO admin_shift (AMKA, shift_id) VALUES ('3006533908', '347');
UPDATE IGNORE shift SET status = TRUE WHERE shift_id = '347';
INSERT IGNORE INTO dept_shift (dept_name, shift_id) VALUES ('Psychiatry', '347');
INSERT INTO shift (day, type) VALUES ('2024-11-14 00:00:00', '15:00-23:00');
INSERT IGNORE INTO doctor_shift (AMKA, shift_id) VALUES ('2107936328', '348');
INSERT IGNORE INTO doctor_shift (AMKA, shift_id) VALUES ('1701787998', '348');
INSERT IGNORE INTO doctor_shift (AMKA, shift_id) VALUES ('1101823701', '348');
INSERT IGNORE INTO nurse_shift (AMKA, shift_id) VALUES ('1309466103', '348');
INSERT IGNORE INTO nurse_shift (AMKA, shift_id) VALUES ('1107666248', '348');
INSERT IGNORE INTO nurse_shift (AMKA, shift_id) VALUES ('1410472859', '348');
INSERT IGNORE INTO nurse_shift (AMKA, shift_id) VALUES ('0212459106', '348');
INSERT IGNORE INTO nurse_shift (AMKA, shift_id) VALUES ('2202745833', '348');
INSERT IGNORE INTO nurse_shift (AMKA, shift_id) VALUES ('1111688464', '348');
INSERT IGNORE INTO nurse_shift (AMKA, shift_id) VALUES ('3003718056', '348');
INSERT IGNORE INTO nurse_shift (AMKA, shift_id) VALUES ('3107984441', '348');
INSERT IGNORE INTO nurse_shift (AMKA, shift_id) VALUES ('2105987694', '348');
INSERT IGNORE INTO admin_shift (AMKA, shift_id) VALUES ('2210867288', '348');
INSERT IGNORE INTO admin_shift (AMKA, shift_id) VALUES ('1401438948', '348');
UPDATE IGNORE shift SET status = TRUE WHERE shift_id = '348';
INSERT IGNORE INTO dept_shift (dept_name, shift_id) VALUES ('Inpatient Department (IPD)', '348');
INSERT INTO shift (day, type) VALUES ('2024-10-24 00:00:00', '07:00-15:00');
INSERT IGNORE INTO doctor_shift (AMKA, shift_id) VALUES ('1701787998', '349');
INSERT IGNORE INTO doctor_shift (AMKA, shift_id) VALUES ('2204653007', '349');
INSERT IGNORE INTO doctor_shift (AMKA, shift_id) VALUES ('0102891639', '349');
INSERT IGNORE INTO nurse_shift (AMKA, shift_id) VALUES ('1304544511', '349');
INSERT IGNORE INTO nurse_shift (AMKA, shift_id) VALUES ('3003940529', '349');
INSERT IGNORE INTO nurse_shift (AMKA, shift_id) VALUES ('1111688464', '349');
INSERT IGNORE INTO nurse_shift (AMKA, shift_id) VALUES ('0302574411', '349');
INSERT IGNORE INTO nurse_shift (AMKA, shift_id) VALUES ('2409746735', '349');
INSERT IGNORE INTO nurse_shift (AMKA, shift_id) VALUES ('1809580815', '349');
INSERT IGNORE INTO admin_shift (AMKA, shift_id) VALUES ('2912624436', '349');
INSERT IGNORE INTO admin_shift (AMKA, shift_id) VALUES ('1001660800', '349');
UPDATE IGNORE shift SET status = TRUE WHERE shift_id = '349';
INSERT IGNORE INTO dept_shift (dept_name, shift_id) VALUES ('Inpatient Department (IPD)', '349');
INSERT INTO shift (day, type) VALUES ('2025-12-24 00:00:00', '23:00-07:00');
INSERT IGNORE INTO doctor_shift (AMKA, shift_id) VALUES ('2502654079', '350');
INSERT IGNORE INTO doctor_shift (AMKA, shift_id) VALUES ('2203633666', '350');
INSERT IGNORE INTO doctor_shift (AMKA, shift_id) VALUES ('2206803094', '350');
INSERT IGNORE INTO doctor_shift (AMKA, shift_id) VALUES ('2108809189', '350');
INSERT IGNORE INTO doctor_shift (AMKA, shift_id) VALUES ('1101823701', '350');
INSERT IGNORE INTO doctor_shift (AMKA, shift_id) VALUES ('2107936328', '350');
INSERT IGNORE INTO doctor_shift (AMKA, shift_id) VALUES ('0104436410', '350');
INSERT IGNORE INTO nurse_shift (AMKA, shift_id) VALUES ('2705913673', '350');
INSERT IGNORE INTO nurse_shift (AMKA, shift_id) VALUES ('1907956316', '350');
INSERT IGNORE INTO nurse_shift (AMKA, shift_id) VALUES ('1103802636', '350');
INSERT IGNORE INTO nurse_shift (AMKA, shift_id) VALUES ('1101855051', '350');
INSERT IGNORE INTO nurse_shift (AMKA, shift_id) VALUES ('0607738540', '350');
INSERT IGNORE INTO nurse_shift (AMKA, shift_id) VALUES ('1503405303', '350');
INSERT IGNORE INTO nurse_shift (AMKA, shift_id) VALUES ('2411715378', '350');
INSERT IGNORE INTO nurse_shift (AMKA, shift_id) VALUES ('0412861461', '350');
INSERT IGNORE INTO nurse_shift (AMKA, shift_id) VALUES ('0205417367', '350');
INSERT IGNORE INTO admin_shift (AMKA, shift_id) VALUES ('1807947524', '350');
INSERT IGNORE INTO admin_shift (AMKA, shift_id) VALUES ('0903487819', '350');
INSERT IGNORE INTO admin_shift (AMKA, shift_id) VALUES ('2104509361', '350');
INSERT IGNORE INTO admin_shift (AMKA, shift_id) VALUES ('0807583265', '350');
UPDATE IGNORE shift SET status = TRUE WHERE shift_id = '350';
INSERT IGNORE INTO dept_shift (dept_name, shift_id) VALUES ('Inpatient Department (IPD)', '350');
INSERT INTO shift (day, type) VALUES ('2024-01-03 00:00:00', '23:00-07:00');
INSERT IGNORE INTO doctor_shift (AMKA, shift_id) VALUES ('1805820786', '351');
INSERT IGNORE INTO doctor_shift (AMKA, shift_id) VALUES ('1210608936', '351');
INSERT IGNORE INTO doctor_shift (AMKA, shift_id) VALUES ('2001691929', '351');
INSERT IGNORE INTO doctor_shift (AMKA, shift_id) VALUES ('3012474240', '351');
INSERT IGNORE INTO doctor_shift (AMKA, shift_id) VALUES ('0111647658', '351');
INSERT IGNORE INTO doctor_shift (AMKA, shift_id) VALUES ('0803576389', '351');
INSERT IGNORE INTO doctor_shift (AMKA, shift_id) VALUES ('2407887390', '351');
INSERT IGNORE INTO nurse_shift (AMKA, shift_id) VALUES ('3107984441', '351');
INSERT IGNORE INTO nurse_shift (AMKA, shift_id) VALUES ('0905711630', '351');
INSERT IGNORE INTO nurse_shift (AMKA, shift_id) VALUES ('2005873415', '351');
INSERT IGNORE INTO nurse_shift (AMKA, shift_id) VALUES ('3101743228', '351');
INSERT IGNORE INTO nurse_shift (AMKA, shift_id) VALUES ('1302876707', '351');
INSERT IGNORE INTO nurse_shift (AMKA, shift_id) VALUES ('0311534815', '351');
INSERT IGNORE INTO nurse_shift (AMKA, shift_id) VALUES ('0403530470', '351');
INSERT IGNORE INTO admin_shift (AMKA, shift_id) VALUES ('1108942647', '351');
INSERT IGNORE INTO admin_shift (AMKA, shift_id) VALUES ('1203690867', '351');
UPDATE IGNORE shift SET status = TRUE WHERE shift_id = '351';
INSERT IGNORE INTO dept_shift (dept_name, shift_id) VALUES ('Inpatient Department (IPD)', '351');
INSERT INTO shift (day, type) VALUES ('2025-07-13 00:00:00', '23:00-07:00');
INSERT IGNORE INTO doctor_shift (AMKA, shift_id) VALUES ('1102752591', '352');
INSERT IGNORE INTO doctor_shift (AMKA, shift_id) VALUES ('1403472446', '352');
INSERT IGNORE INTO doctor_shift (AMKA, shift_id) VALUES ('1805820786', '352');
INSERT IGNORE INTO doctor_shift (AMKA, shift_id) VALUES ('2707864104', '352');
INSERT IGNORE INTO doctor_shift (AMKA, shift_id) VALUES ('1307618841', '352');
INSERT IGNORE INTO nurse_shift (AMKA, shift_id) VALUES ('2704562592', '352');
INSERT IGNORE INTO nurse_shift (AMKA, shift_id) VALUES ('2602489567', '352');
INSERT IGNORE INTO nurse_shift (AMKA, shift_id) VALUES ('2706529149', '352');
INSERT IGNORE INTO nurse_shift (AMKA, shift_id) VALUES ('1712731602', '352');
INSERT IGNORE INTO nurse_shift (AMKA, shift_id) VALUES ('2511766415', '352');
INSERT IGNORE INTO nurse_shift (AMKA, shift_id) VALUES ('0805529909', '352');
INSERT IGNORE INTO nurse_shift (AMKA, shift_id) VALUES ('2104682202', '352');
INSERT IGNORE INTO nurse_shift (AMKA, shift_id) VALUES ('2904573556', '352');
INSERT IGNORE INTO nurse_shift (AMKA, shift_id) VALUES ('2409746735', '352');
INSERT IGNORE INTO admin_shift (AMKA, shift_id) VALUES ('1401438948', '352');
INSERT IGNORE INTO admin_shift (AMKA, shift_id) VALUES ('2204425556', '352');
INSERT IGNORE INTO admin_shift (AMKA, shift_id) VALUES ('2104667937', '352');
INSERT IGNORE INTO admin_shift (AMKA, shift_id) VALUES ('2311563644', '352');
UPDATE IGNORE shift SET status = TRUE WHERE shift_id = '352';
INSERT IGNORE INTO dept_shift (dept_name, shift_id) VALUES ('Inpatient Department (IPD)', '352');
INSERT INTO shift (day, type) VALUES ('2025-09-21 00:00:00', '07:00-15:00');
INSERT IGNORE INTO doctor_shift (AMKA, shift_id) VALUES ('1611592474', '353');
INSERT IGNORE INTO doctor_shift (AMKA, shift_id) VALUES ('1305442503', '353');
INSERT IGNORE INTO doctor_shift (AMKA, shift_id) VALUES ('1403472446', '353');
INSERT IGNORE INTO doctor_shift (AMKA, shift_id) VALUES ('2407887390', '353');
INSERT IGNORE INTO nurse_shift (AMKA, shift_id) VALUES ('3003940529', '353');
INSERT IGNORE INTO nurse_shift (AMKA, shift_id) VALUES ('1302876707', '353');
INSERT IGNORE INTO nurse_shift (AMKA, shift_id) VALUES ('1807594302', '353');
INSERT IGNORE INTO nurse_shift (AMKA, shift_id) VALUES ('1809580815', '353');
INSERT IGNORE INTO nurse_shift (AMKA, shift_id) VALUES ('0509864586', '353');
INSERT IGNORE INTO nurse_shift (AMKA, shift_id) VALUES ('2110624175', '353');
INSERT IGNORE INTO nurse_shift (AMKA, shift_id) VALUES ('2602489567', '353');
INSERT IGNORE INTO nurse_shift (AMKA, shift_id) VALUES ('2408602494', '353');
INSERT IGNORE INTO nurse_shift (AMKA, shift_id) VALUES ('2409746735', '353');
INSERT IGNORE INTO admin_shift (AMKA, shift_id) VALUES ('0903914750', '353');
INSERT IGNORE INTO admin_shift (AMKA, shift_id) VALUES ('2010921252', '353');
UPDATE IGNORE shift SET status = TRUE WHERE shift_id = '353';
INSERT IGNORE INTO dept_shift (dept_name, shift_id) VALUES ('Inpatient Department (IPD)', '353');
INSERT INTO shift (day, type) VALUES ('2024-04-14 00:00:00', '07:00-15:00');
INSERT IGNORE INTO doctor_shift (AMKA, shift_id) VALUES ('1608881787', '354');
INSERT IGNORE INTO doctor_shift (AMKA, shift_id) VALUES ('1307618841', '354');
INSERT IGNORE INTO doctor_shift (AMKA, shift_id) VALUES ('0104436410', '354');
INSERT IGNORE INTO doctor_shift (AMKA, shift_id) VALUES ('0102891639', '354');
INSERT IGNORE INTO doctor_shift (AMKA, shift_id) VALUES ('1805820786', '354');
INSERT IGNORE INTO doctor_shift (AMKA, shift_id) VALUES ('2107936328', '354');
INSERT IGNORE INTO doctor_shift (AMKA, shift_id) VALUES ('1206704867', '354');
INSERT IGNORE INTO nurse_shift (AMKA, shift_id) VALUES ('0303995114', '354');
INSERT IGNORE INTO nurse_shift (AMKA, shift_id) VALUES ('0302574411', '354');
INSERT IGNORE INTO nurse_shift (AMKA, shift_id) VALUES ('0607738540', '354');
INSERT IGNORE INTO nurse_shift (AMKA, shift_id) VALUES ('2110624175', '354');
INSERT IGNORE INTO nurse_shift (AMKA, shift_id) VALUES ('2012883023', '354');
INSERT IGNORE INTO nurse_shift (AMKA, shift_id) VALUES ('2904573556', '354');
INSERT IGNORE INTO nurse_shift (AMKA, shift_id) VALUES ('1603685746', '354');
INSERT IGNORE INTO admin_shift (AMKA, shift_id) VALUES ('0212875455', '354');
INSERT IGNORE INTO admin_shift (AMKA, shift_id) VALUES ('0807583265', '354');
INSERT IGNORE INTO admin_shift (AMKA, shift_id) VALUES ('3107841971', '354');
UPDATE IGNORE shift SET status = TRUE WHERE shift_id = '354';
INSERT IGNORE INTO dept_shift (dept_name, shift_id) VALUES ('Inpatient Department (IPD)', '354');
INSERT INTO shift (day, type) VALUES ('2024-04-25 00:00:00', '07:00-15:00');
INSERT IGNORE INTO doctor_shift (AMKA, shift_id) VALUES ('0811685025', '355');
INSERT IGNORE INTO doctor_shift (AMKA, shift_id) VALUES ('2206803094', '355');
INSERT IGNORE INTO doctor_shift (AMKA, shift_id) VALUES ('2407887390', '355');
INSERT IGNORE INTO doctor_shift (AMKA, shift_id) VALUES ('2707864104', '355');
INSERT IGNORE INTO doctor_shift (AMKA, shift_id) VALUES ('2003754733', '355');
INSERT IGNORE INTO doctor_shift (AMKA, shift_id) VALUES ('1104529817', '355');
INSERT IGNORE INTO doctor_shift (AMKA, shift_id) VALUES ('2001691929', '355');
INSERT IGNORE INTO doctor_shift (AMKA, shift_id) VALUES ('1101823701', '355');
INSERT IGNORE INTO nurse_shift (AMKA, shift_id) VALUES ('0403530470', '355');
INSERT IGNORE INTO nurse_shift (AMKA, shift_id) VALUES ('2407818176', '355');
INSERT IGNORE INTO nurse_shift (AMKA, shift_id) VALUES ('2407971013', '355');
INSERT IGNORE INTO nurse_shift (AMKA, shift_id) VALUES ('1809580815', '355');
INSERT IGNORE INTO nurse_shift (AMKA, shift_id) VALUES ('1006891535', '355');
INSERT IGNORE INTO nurse_shift (AMKA, shift_id) VALUES ('1503405303', '355');
INSERT IGNORE INTO nurse_shift (AMKA, shift_id) VALUES ('2706529149', '355');
INSERT IGNORE INTO admin_shift (AMKA, shift_id) VALUES ('0409007927', '355');
INSERT IGNORE INTO admin_shift (AMKA, shift_id) VALUES ('2403663964', '355');
UPDATE IGNORE shift SET status = TRUE WHERE shift_id = '355';
INSERT IGNORE INTO dept_shift (dept_name, shift_id) VALUES ('Inpatient Department (IPD)', '355');
INSERT INTO shift (day, type) VALUES ('2024-12-14 00:00:00', '07:00-15:00');
INSERT IGNORE INTO doctor_shift (AMKA, shift_id) VALUES ('2001691929', '356');
INSERT IGNORE INTO doctor_shift (AMKA, shift_id) VALUES ('2811728295', '356');
INSERT IGNORE INTO doctor_shift (AMKA, shift_id) VALUES ('0710954761', '356');
INSERT IGNORE INTO doctor_shift (AMKA, shift_id) VALUES ('2806888346', '356');
INSERT IGNORE INTO doctor_shift (AMKA, shift_id) VALUES ('1307618841', '356');
INSERT IGNORE INTO nurse_shift (AMKA, shift_id) VALUES ('1512807285', '356');
INSERT IGNORE INTO nurse_shift (AMKA, shift_id) VALUES ('1109842569', '356');
INSERT IGNORE INTO nurse_shift (AMKA, shift_id) VALUES ('0509934508', '356');
INSERT IGNORE INTO nurse_shift (AMKA, shift_id) VALUES ('2705913673', '356');
INSERT IGNORE INTO nurse_shift (AMKA, shift_id) VALUES ('0805529909', '356');
INSERT IGNORE INTO nurse_shift (AMKA, shift_id) VALUES ('1607801274', '356');
INSERT IGNORE INTO nurse_shift (AMKA, shift_id) VALUES ('2706529149', '356');
INSERT IGNORE INTO nurse_shift (AMKA, shift_id) VALUES ('0205417367', '356');
INSERT IGNORE INTO nurse_shift (AMKA, shift_id) VALUES ('1006891535', '356');
INSERT IGNORE INTO nurse_shift (AMKA, shift_id) VALUES ('2704562592', '356');
INSERT IGNORE INTO admin_shift (AMKA, shift_id) VALUES ('1407956296', '356');
INSERT IGNORE INTO admin_shift (AMKA, shift_id) VALUES ('0804527361', '356');
INSERT IGNORE INTO admin_shift (AMKA, shift_id) VALUES ('1401529676', '356');
INSERT IGNORE INTO admin_shift (AMKA, shift_id) VALUES ('1505621109', '356');
UPDATE IGNORE shift SET status = TRUE WHERE shift_id = '356';
INSERT IGNORE INTO dept_shift (dept_name, shift_id) VALUES ('Inpatient Department (IPD)', '356');
INSERT INTO shift (day, type) VALUES ('2026-12-16 00:00:00', '15:00-23:00');
INSERT IGNORE INTO doctor_shift (AMKA, shift_id) VALUES ('0102891639', '357');
INSERT IGNORE INTO doctor_shift (AMKA, shift_id) VALUES ('1701787998', '357');
INSERT IGNORE INTO doctor_shift (AMKA, shift_id) VALUES ('0301636140', '357');
INSERT IGNORE INTO nurse_shift (AMKA, shift_id) VALUES ('2012883023', '357');
INSERT IGNORE INTO nurse_shift (AMKA, shift_id) VALUES ('2202788231', '357');
INSERT IGNORE INTO nurse_shift (AMKA, shift_id) VALUES ('0302574411', '357');
INSERT IGNORE INTO nurse_shift (AMKA, shift_id) VALUES ('2804482376', '357');
INSERT IGNORE INTO nurse_shift (AMKA, shift_id) VALUES ('2903754769', '357');
INSERT IGNORE INTO nurse_shift (AMKA, shift_id) VALUES ('0403530470', '357');
INSERT IGNORE INTO admin_shift (AMKA, shift_id) VALUES ('1101978318', '357');
INSERT IGNORE INTO admin_shift (AMKA, shift_id) VALUES ('1401438948', '357');
UPDATE IGNORE shift SET status = TRUE WHERE shift_id = '357';
INSERT IGNORE INTO dept_shift (dept_name, shift_id) VALUES ('Inpatient Department (IPD)', '357');
INSERT INTO shift (day, type) VALUES ('2025-07-04 00:00:00', '07:00-15:00');
INSERT IGNORE INTO doctor_shift (AMKA, shift_id) VALUES ('0802620737', '358');
INSERT IGNORE INTO doctor_shift (AMKA, shift_id) VALUES ('1701787998', '358');
INSERT IGNORE INTO doctor_shift (AMKA, shift_id) VALUES ('0104436410', '358');
INSERT IGNORE INTO doctor_shift (AMKA, shift_id) VALUES ('0301525882', '358');
INSERT IGNORE INTO doctor_shift (AMKA, shift_id) VALUES ('0810802797', '358');
INSERT IGNORE INTO doctor_shift (AMKA, shift_id) VALUES ('0710954761', '358');
INSERT IGNORE INTO nurse_shift (AMKA, shift_id) VALUES ('1006891535', '358');
INSERT IGNORE INTO nurse_shift (AMKA, shift_id) VALUES ('2104682202', '358');
INSERT IGNORE INTO nurse_shift (AMKA, shift_id) VALUES ('1410472859', '358');
INSERT IGNORE INTO nurse_shift (AMKA, shift_id) VALUES ('1203883023', '358');
INSERT IGNORE INTO nurse_shift (AMKA, shift_id) VALUES ('2012883023', '358');
INSERT IGNORE INTO nurse_shift (AMKA, shift_id) VALUES ('1809580815', '358');
INSERT IGNORE INTO nurse_shift (AMKA, shift_id) VALUES ('2706529149', '358');
INSERT IGNORE INTO nurse_shift (AMKA, shift_id) VALUES ('2211920600', '358');
INSERT IGNORE INTO nurse_shift (AMKA, shift_id) VALUES ('0311534815', '358');
INSERT IGNORE INTO nurse_shift (AMKA, shift_id) VALUES ('0607738540', '358');
INSERT IGNORE INTO admin_shift (AMKA, shift_id) VALUES ('1101978318', '358');
INSERT IGNORE INTO admin_shift (AMKA, shift_id) VALUES ('1407956296', '358');
UPDATE IGNORE shift SET status = TRUE WHERE shift_id = '358';
INSERT IGNORE INTO dept_shift (dept_name, shift_id) VALUES ('Inpatient Department (IPD)', '358');
INSERT INTO shift (day, type) VALUES ('2026-07-03 00:00:00', '15:00-23:00');
INSERT IGNORE INTO doctor_shift (AMKA, shift_id) VALUES ('2803422426', '359');
INSERT IGNORE INTO doctor_shift (AMKA, shift_id) VALUES ('0802620737', '359');
INSERT IGNORE INTO doctor_shift (AMKA, shift_id) VALUES ('1101823701', '359');
INSERT IGNORE INTO doctor_shift (AMKA, shift_id) VALUES ('1206704867', '359');
INSERT IGNORE INTO nurse_shift (AMKA, shift_id) VALUES ('2202788231', '359');
INSERT IGNORE INTO nurse_shift (AMKA, shift_id) VALUES ('1203883023', '359');
INSERT IGNORE INTO nurse_shift (AMKA, shift_id) VALUES ('2211920600', '359');
INSERT IGNORE INTO nurse_shift (AMKA, shift_id) VALUES ('1210633994', '359');
INSERT IGNORE INTO nurse_shift (AMKA, shift_id) VALUES ('1107666248', '359');
INSERT IGNORE INTO nurse_shift (AMKA, shift_id) VALUES ('0310576949', '359');
INSERT IGNORE INTO nurse_shift (AMKA, shift_id) VALUES ('1207679089', '359');
INSERT IGNORE INTO nurse_shift (AMKA, shift_id) VALUES ('1607801274', '359');
INSERT IGNORE INTO nurse_shift (AMKA, shift_id) VALUES ('1601483351', '359');
INSERT IGNORE INTO nurse_shift (AMKA, shift_id) VALUES ('1503405303', '359');
INSERT IGNORE INTO admin_shift (AMKA, shift_id) VALUES ('3107841971', '359');
INSERT IGNORE INTO admin_shift (AMKA, shift_id) VALUES ('1001660800', '359');
UPDATE IGNORE shift SET status = TRUE WHERE shift_id = '359';
INSERT IGNORE INTO dept_shift (dept_name, shift_id) VALUES ('Inpatient Department (IPD)', '359');
INSERT INTO shift (day, type) VALUES ('2026-06-06 00:00:00', '23:00-07:00');
INSERT IGNORE INTO doctor_shift (AMKA, shift_id) VALUES ('1004748289', '360');
INSERT IGNORE INTO doctor_shift (AMKA, shift_id) VALUES ('0410505068', '360');
INSERT IGNORE INTO doctor_shift (AMKA, shift_id) VALUES ('2001691929', '360');
INSERT IGNORE INTO doctor_shift (AMKA, shift_id) VALUES ('1905740744', '360');
INSERT IGNORE INTO nurse_shift (AMKA, shift_id) VALUES ('1111688464', '360');
INSERT IGNORE INTO nurse_shift (AMKA, shift_id) VALUES ('0805529909', '360');
INSERT IGNORE INTO nurse_shift (AMKA, shift_id) VALUES ('2005873415', '360');
INSERT IGNORE INTO nurse_shift (AMKA, shift_id) VALUES ('1601483351', '360');
INSERT IGNORE INTO nurse_shift (AMKA, shift_id) VALUES ('1006891535', '360');
INSERT IGNORE INTO nurse_shift (AMKA, shift_id) VALUES ('2012883023', '360');
INSERT IGNORE INTO nurse_shift (AMKA, shift_id) VALUES ('1408697203', '360');
INSERT IGNORE INTO nurse_shift (AMKA, shift_id) VALUES ('0405455659', '360');
INSERT IGNORE INTO nurse_shift (AMKA, shift_id) VALUES ('0205417367', '360');
INSERT IGNORE INTO admin_shift (AMKA, shift_id) VALUES ('2307565593', '360');
INSERT IGNORE INTO admin_shift (AMKA, shift_id) VALUES ('2412702821', '360');
INSERT IGNORE INTO admin_shift (AMKA, shift_id) VALUES ('1001660800', '360');
INSERT IGNORE INTO admin_shift (AMKA, shift_id) VALUES ('1810691695', '360');
UPDATE IGNORE shift SET status = TRUE WHERE shift_id = '360';
INSERT IGNORE INTO dept_shift (dept_name, shift_id) VALUES ('Inpatient Department (IPD)', '360');
INSERT INTO shift (day, type) VALUES ('2026-02-08 00:00:00', '23:00-07:00');
INSERT IGNORE INTO doctor_shift (AMKA, shift_id) VALUES ('1305442503', '361');
INSERT IGNORE INTO doctor_shift (AMKA, shift_id) VALUES ('0109876222', '361');
INSERT IGNORE INTO doctor_shift (AMKA, shift_id) VALUES ('1403472446', '361');
INSERT IGNORE INTO doctor_shift (AMKA, shift_id) VALUES ('2001691929', '361');
INSERT IGNORE INTO doctor_shift (AMKA, shift_id) VALUES ('0301636140', '361');
INSERT IGNORE INTO nurse_shift (AMKA, shift_id) VALUES ('2202788231', '361');
INSERT IGNORE INTO nurse_shift (AMKA, shift_id) VALUES ('2211920600', '361');
INSERT IGNORE INTO nurse_shift (AMKA, shift_id) VALUES ('0302574411', '361');
INSERT IGNORE INTO nurse_shift (AMKA, shift_id) VALUES ('2104682202', '361');
INSERT IGNORE INTO nurse_shift (AMKA, shift_id) VALUES ('3101743228', '361');
INSERT IGNORE INTO nurse_shift (AMKA, shift_id) VALUES ('1207679089', '361');
INSERT IGNORE INTO nurse_shift (AMKA, shift_id) VALUES ('1810684760', '361');
INSERT IGNORE INTO nurse_shift (AMKA, shift_id) VALUES ('1311513072', '361');
INSERT IGNORE INTO nurse_shift (AMKA, shift_id) VALUES ('1712731602', '361');
INSERT IGNORE INTO nurse_shift (AMKA, shift_id) VALUES ('1503405303', '361');
INSERT IGNORE INTO admin_shift (AMKA, shift_id) VALUES ('0903914750', '361');
INSERT IGNORE INTO admin_shift (AMKA, shift_id) VALUES ('1108942647', '361');
INSERT IGNORE INTO admin_shift (AMKA, shift_id) VALUES ('2009517049', '361');
INSERT IGNORE INTO admin_shift (AMKA, shift_id) VALUES ('1011747457', '361');
UPDATE IGNORE shift SET status = TRUE WHERE shift_id = '361';
INSERT IGNORE INTO dept_shift (dept_name, shift_id) VALUES ('Inpatient Department (IPD)', '361');
INSERT INTO shift (day, type) VALUES ('2024-08-15 00:00:00', '15:00-23:00');
INSERT IGNORE INTO doctor_shift (AMKA, shift_id) VALUES ('0303531282', '362');
INSERT IGNORE INTO doctor_shift (AMKA, shift_id) VALUES ('1904466405', '362');
INSERT IGNORE INTO doctor_shift (AMKA, shift_id) VALUES ('1912912516', '362');
INSERT IGNORE INTO doctor_shift (AMKA, shift_id) VALUES ('1102752591', '362');
INSERT IGNORE INTO doctor_shift (AMKA, shift_id) VALUES ('0710954761', '362');
INSERT IGNORE INTO doctor_shift (AMKA, shift_id) VALUES ('1101823701', '362');
INSERT IGNORE INTO doctor_shift (AMKA, shift_id) VALUES ('1608881787', '362');
INSERT IGNORE INTO doctor_shift (AMKA, shift_id) VALUES ('0903695053', '362');
INSERT IGNORE INTO nurse_shift (AMKA, shift_id) VALUES ('1302876707', '362');
INSERT IGNORE INTO nurse_shift (AMKA, shift_id) VALUES ('2906619041', '362');
INSERT IGNORE INTO nurse_shift (AMKA, shift_id) VALUES ('2407971013', '362');
INSERT IGNORE INTO nurse_shift (AMKA, shift_id) VALUES ('1709556112', '362');
INSERT IGNORE INTO nurse_shift (AMKA, shift_id) VALUES ('2903754769', '362');
INSERT IGNORE INTO nurse_shift (AMKA, shift_id) VALUES ('2804482376', '362');
INSERT IGNORE INTO nurse_shift (AMKA, shift_id) VALUES ('2005873415', '362');
INSERT IGNORE INTO nurse_shift (AMKA, shift_id) VALUES ('2211920600', '362');
INSERT IGNORE INTO admin_shift (AMKA, shift_id) VALUES ('1011747457', '362');
INSERT IGNORE INTO admin_shift (AMKA, shift_id) VALUES ('2009517049', '362');
UPDATE IGNORE shift SET status = TRUE WHERE shift_id = '362';
INSERT IGNORE INTO dept_shift (dept_name, shift_id) VALUES ('Inpatient Department (IPD)', '362');
INSERT INTO shift (day, type) VALUES ('2026-08-29 00:00:00', '15:00-23:00');
INSERT IGNORE INTO doctor_shift (AMKA, shift_id) VALUES ('2003754733', '363');
INSERT IGNORE INTO doctor_shift (AMKA, shift_id) VALUES ('2108809189', '363');
INSERT IGNORE INTO doctor_shift (AMKA, shift_id) VALUES ('2510927096', '363');
INSERT IGNORE INTO doctor_shift (AMKA, shift_id) VALUES ('2403567012', '363');
INSERT IGNORE INTO doctor_shift (AMKA, shift_id) VALUES ('1905740744', '363');
INSERT IGNORE INTO doctor_shift (AMKA, shift_id) VALUES ('1611592474', '363');
INSERT IGNORE INTO doctor_shift (AMKA, shift_id) VALUES ('2707864104', '363');
INSERT IGNORE INTO doctor_shift (AMKA, shift_id) VALUES ('2406973031', '363');
INSERT IGNORE INTO nurse_shift (AMKA, shift_id) VALUES ('2810445963', '363');
INSERT IGNORE INTO nurse_shift (AMKA, shift_id) VALUES ('1907956316', '363');
INSERT IGNORE INTO nurse_shift (AMKA, shift_id) VALUES ('2903754769', '363');
INSERT IGNORE INTO nurse_shift (AMKA, shift_id) VALUES ('1207679089', '363');
INSERT IGNORE INTO nurse_shift (AMKA, shift_id) VALUES ('0208490904', '363');
INSERT IGNORE INTO nurse_shift (AMKA, shift_id) VALUES ('0607738540', '363');
INSERT IGNORE INTO nurse_shift (AMKA, shift_id) VALUES ('1410576808', '363');
INSERT IGNORE INTO nurse_shift (AMKA, shift_id) VALUES ('3003940529', '363');
INSERT IGNORE INTO nurse_shift (AMKA, shift_id) VALUES ('0707486851', '363');
INSERT IGNORE INTO admin_shift (AMKA, shift_id) VALUES ('1401529676', '363');
INSERT IGNORE INTO admin_shift (AMKA, shift_id) VALUES ('2010921252', '363');
INSERT IGNORE INTO admin_shift (AMKA, shift_id) VALUES ('1703437989', '363');
INSERT IGNORE INTO admin_shift (AMKA, shift_id) VALUES ('1412919767', '363');
UPDATE IGNORE shift SET status = TRUE WHERE shift_id = '363';
INSERT IGNORE INTO dept_shift (dept_name, shift_id) VALUES ('Inpatient Department (IPD)', '363');
INSERT INTO shift (day, type) VALUES ('2024-06-08 00:00:00', '15:00-23:00');
INSERT IGNORE INTO doctor_shift (AMKA, shift_id) VALUES ('1806762549', '364');
INSERT IGNORE INTO doctor_shift (AMKA, shift_id) VALUES ('1210608936', '364');
INSERT IGNORE INTO doctor_shift (AMKA, shift_id) VALUES ('2708408067', '364');
INSERT IGNORE INTO doctor_shift (AMKA, shift_id) VALUES ('2107936328', '364');
INSERT IGNORE INTO doctor_shift (AMKA, shift_id) VALUES ('0909662577', '364');
INSERT IGNORE INTO doctor_shift (AMKA, shift_id) VALUES ('0102891639', '364');
INSERT IGNORE INTO doctor_shift (AMKA, shift_id) VALUES ('1104529817', '364');
INSERT IGNORE INTO nurse_shift (AMKA, shift_id) VALUES ('2404736776', '364');
INSERT IGNORE INTO nurse_shift (AMKA, shift_id) VALUES ('0201469512', '364');
INSERT IGNORE INTO nurse_shift (AMKA, shift_id) VALUES ('0805529909', '364');
INSERT IGNORE INTO nurse_shift (AMKA, shift_id) VALUES ('0707486851', '364');
INSERT IGNORE INTO nurse_shift (AMKA, shift_id) VALUES ('0601427360', '364');
INSERT IGNORE INTO nurse_shift (AMKA, shift_id) VALUES ('0403530470', '364');
INSERT IGNORE INTO nurse_shift (AMKA, shift_id) VALUES ('2906619041', '364');
INSERT IGNORE INTO nurse_shift (AMKA, shift_id) VALUES ('0405455659', '364');
INSERT IGNORE INTO nurse_shift (AMKA, shift_id) VALUES ('1210633994', '364');
INSERT IGNORE INTO nurse_shift (AMKA, shift_id) VALUES ('0702609163', '364');
INSERT IGNORE INTO admin_shift (AMKA, shift_id) VALUES ('1401529676', '364');
INSERT IGNORE INTO admin_shift (AMKA, shift_id) VALUES ('2311845679', '364');
INSERT IGNORE INTO admin_shift (AMKA, shift_id) VALUES ('0807583265', '364');
INSERT IGNORE INTO admin_shift (AMKA, shift_id) VALUES ('2204425556', '364');
UPDATE IGNORE shift SET status = TRUE WHERE shift_id = '364';
INSERT IGNORE INTO dept_shift (dept_name, shift_id) VALUES ('Inpatient Department (IPD)', '364');
INSERT INTO shift (day, type) VALUES ('2024-08-08 00:00:00', '15:00-23:00');
INSERT IGNORE INTO doctor_shift (AMKA, shift_id) VALUES ('1101779403', '365');
INSERT IGNORE INTO doctor_shift (AMKA, shift_id) VALUES ('2204653007', '365');
INSERT IGNORE INTO doctor_shift (AMKA, shift_id) VALUES ('0508710262', '365');
INSERT IGNORE INTO nurse_shift (AMKA, shift_id) VALUES ('2904573556', '365');
INSERT IGNORE INTO nurse_shift (AMKA, shift_id) VALUES ('2411715378', '365');
INSERT IGNORE INTO nurse_shift (AMKA, shift_id) VALUES ('2906619041', '365');
INSERT IGNORE INTO nurse_shift (AMKA, shift_id) VALUES ('2804482376', '365');
INSERT IGNORE INTO nurse_shift (AMKA, shift_id) VALUES ('0208490904', '365');
INSERT IGNORE INTO nurse_shift (AMKA, shift_id) VALUES ('0307004452', '365');
INSERT IGNORE INTO nurse_shift (AMKA, shift_id) VALUES ('1006891535', '365');
INSERT IGNORE INTO nurse_shift (AMKA, shift_id) VALUES ('2408602494', '365');
INSERT IGNORE INTO admin_shift (AMKA, shift_id) VALUES ('2307565593', '365');
INSERT IGNORE INTO admin_shift (AMKA, shift_id) VALUES ('2009517049', '365');
UPDATE IGNORE shift SET status = TRUE WHERE shift_id = '365';
INSERT IGNORE INTO dept_shift (dept_name, shift_id) VALUES ('Inpatient Department (IPD)', '365');
INSERT INTO shift (day, type) VALUES ('2024-06-11 00:00:00', '23:00-07:00');
INSERT IGNORE INTO doctor_shift (AMKA, shift_id) VALUES ('0301525882', '366');
INSERT IGNORE INTO doctor_shift (AMKA, shift_id) VALUES ('1107638937', '366');
INSERT IGNORE INTO doctor_shift (AMKA, shift_id) VALUES ('0104436410', '366');
INSERT IGNORE INTO nurse_shift (AMKA, shift_id) VALUES ('1709556112', '366');
INSERT IGNORE INTO nurse_shift (AMKA, shift_id) VALUES ('1111688464', '366');
INSERT IGNORE INTO nurse_shift (AMKA, shift_id) VALUES ('1907956316', '366');
INSERT IGNORE INTO nurse_shift (AMKA, shift_id) VALUES ('2005873415', '366');
INSERT IGNORE INTO nurse_shift (AMKA, shift_id) VALUES ('2407971013', '366');
INSERT IGNORE INTO nurse_shift (AMKA, shift_id) VALUES ('0707486851', '366');
INSERT IGNORE INTO admin_shift (AMKA, shift_id) VALUES ('1711829846', '366');
INSERT IGNORE INTO admin_shift (AMKA, shift_id) VALUES ('0310498160', '366');
INSERT IGNORE INTO admin_shift (AMKA, shift_id) VALUES ('1610915018', '366');
UPDATE IGNORE shift SET status = TRUE WHERE shift_id = '366';
INSERT IGNORE INTO dept_shift (dept_name, shift_id) VALUES ('Inpatient Department (IPD)', '366');
INSERT INTO shift (day, type) VALUES ('2025-05-17 00:00:00', '15:00-23:00');
INSERT IGNORE INTO doctor_shift (AMKA, shift_id) VALUES ('1806762549', '367');
INSERT IGNORE INTO doctor_shift (AMKA, shift_id) VALUES ('2707864104', '367');
INSERT IGNORE INTO doctor_shift (AMKA, shift_id) VALUES ('2004702238', '367');
INSERT IGNORE INTO doctor_shift (AMKA, shift_id) VALUES ('2204653007', '367');
INSERT IGNORE INTO doctor_shift (AMKA, shift_id) VALUES ('0909662577', '367');
INSERT IGNORE INTO doctor_shift (AMKA, shift_id) VALUES ('0411550543', '367');
INSERT IGNORE INTO nurse_shift (AMKA, shift_id) VALUES ('0303995114', '367');
INSERT IGNORE INTO nurse_shift (AMKA, shift_id) VALUES ('2408602494', '367');
INSERT IGNORE INTO nurse_shift (AMKA, shift_id) VALUES ('0211835314', '367');
INSERT IGNORE INTO nurse_shift (AMKA, shift_id) VALUES ('1302478288', '367');
INSERT IGNORE INTO nurse_shift (AMKA, shift_id) VALUES ('1410576808', '367');
INSERT IGNORE INTO nurse_shift (AMKA, shift_id) VALUES ('0201469512', '367');
INSERT IGNORE INTO admin_shift (AMKA, shift_id) VALUES ('2412702821', '367');
INSERT IGNORE INTO admin_shift (AMKA, shift_id) VALUES ('0310498160', '367');
INSERT IGNORE INTO admin_shift (AMKA, shift_id) VALUES ('2104509361', '367');
INSERT IGNORE INTO admin_shift (AMKA, shift_id) VALUES ('1004500988', '367');
UPDATE IGNORE shift SET status = TRUE WHERE shift_id = '367';
INSERT IGNORE INTO dept_shift (dept_name, shift_id) VALUES ('Inpatient Department (IPD)', '367');
INSERT INTO shift (day, type) VALUES ('2025-01-27 00:00:00', '07:00-15:00');
INSERT IGNORE INTO doctor_shift (AMKA, shift_id) VALUES ('0803576389', '368');
INSERT IGNORE INTO doctor_shift (AMKA, shift_id) VALUES ('2707864104', '368');
INSERT IGNORE INTO doctor_shift (AMKA, shift_id) VALUES ('2312865669', '368');
INSERT IGNORE INTO doctor_shift (AMKA, shift_id) VALUES ('1102752591', '368');
INSERT IGNORE INTO doctor_shift (AMKA, shift_id) VALUES ('0611462338', '368');
INSERT IGNORE INTO doctor_shift (AMKA, shift_id) VALUES ('0308718729', '368');
INSERT IGNORE INTO doctor_shift (AMKA, shift_id) VALUES ('1403910610', '368');
INSERT IGNORE INTO doctor_shift (AMKA, shift_id) VALUES ('2107936328', '368');
INSERT IGNORE INTO nurse_shift (AMKA, shift_id) VALUES ('1309466103', '368');
INSERT IGNORE INTO nurse_shift (AMKA, shift_id) VALUES ('2602489567', '368');
INSERT IGNORE INTO nurse_shift (AMKA, shift_id) VALUES ('1103802636', '368');
INSERT IGNORE INTO nurse_shift (AMKA, shift_id) VALUES ('3011568029', '368');
INSERT IGNORE INTO nurse_shift (AMKA, shift_id) VALUES ('1203883023', '368');
INSERT IGNORE INTO nurse_shift (AMKA, shift_id) VALUES ('1907956316', '368');
INSERT IGNORE INTO nurse_shift (AMKA, shift_id) VALUES ('0509864586', '368');
INSERT IGNORE INTO nurse_shift (AMKA, shift_id) VALUES ('2705913673', '368');
INSERT IGNORE INTO nurse_shift (AMKA, shift_id) VALUES ('0208490904', '368');
INSERT IGNORE INTO admin_shift (AMKA, shift_id) VALUES ('2403663964', '368');
INSERT IGNORE INTO admin_shift (AMKA, shift_id) VALUES ('1004500988', '368');
INSERT IGNORE INTO admin_shift (AMKA, shift_id) VALUES ('0310498160', '368');
UPDATE IGNORE shift SET status = TRUE WHERE shift_id = '368';
INSERT IGNORE INTO dept_shift (dept_name, shift_id) VALUES ('Inpatient Department (IPD)', '368');
INSERT INTO shift (day, type) VALUES ('2026-09-13 00:00:00', '07:00-15:00');
INSERT IGNORE INTO doctor_shift (AMKA, shift_id) VALUES ('0104436410', '369');
INSERT IGNORE INTO doctor_shift (AMKA, shift_id) VALUES ('1905740744', '369');
INSERT IGNORE INTO doctor_shift (AMKA, shift_id) VALUES ('0803989228', '369');
INSERT IGNORE INTO doctor_shift (AMKA, shift_id) VALUES ('0802620737', '369');
INSERT IGNORE INTO doctor_shift (AMKA, shift_id) VALUES ('2811728295', '369');
INSERT IGNORE INTO nurse_shift (AMKA, shift_id) VALUES ('2202788231', '369');
INSERT IGNORE INTO nurse_shift (AMKA, shift_id) VALUES ('2104682202', '369');
INSERT IGNORE INTO nurse_shift (AMKA, shift_id) VALUES ('1907956316', '369');
INSERT IGNORE INTO nurse_shift (AMKA, shift_id) VALUES ('2409746735', '369');
INSERT IGNORE INTO nurse_shift (AMKA, shift_id) VALUES ('2202745833', '369');
INSERT IGNORE INTO nurse_shift (AMKA, shift_id) VALUES ('0509934508', '369');
INSERT IGNORE INTO admin_shift (AMKA, shift_id) VALUES ('0310498160', '369');
INSERT IGNORE INTO admin_shift (AMKA, shift_id) VALUES ('0903487819', '369');
UPDATE IGNORE shift SET status = TRUE WHERE shift_id = '369';
INSERT IGNORE INTO dept_shift (dept_name, shift_id) VALUES ('Inpatient Department (IPD)', '369');
INSERT INTO shift (day, type) VALUES ('2024-11-04 00:00:00', '07:00-15:00');
INSERT IGNORE INTO doctor_shift (AMKA, shift_id) VALUES ('1104742723', '370');
INSERT IGNORE INTO doctor_shift (AMKA, shift_id) VALUES ('1403472446', '370');
INSERT IGNORE INTO doctor_shift (AMKA, shift_id) VALUES ('1905740744', '370');
INSERT IGNORE INTO doctor_shift (AMKA, shift_id) VALUES ('2502654079', '370');
INSERT IGNORE INTO doctor_shift (AMKA, shift_id) VALUES ('1904466405', '370');
INSERT IGNORE INTO doctor_shift (AMKA, shift_id) VALUES ('1612748648', '370');
INSERT IGNORE INTO doctor_shift (AMKA, shift_id) VALUES ('2312865669', '370');
INSERT IGNORE INTO doctor_shift (AMKA, shift_id) VALUES ('1102752591', '370');
INSERT IGNORE INTO nurse_shift (AMKA, shift_id) VALUES ('1907956316', '370');
INSERT IGNORE INTO nurse_shift (AMKA, shift_id) VALUES ('2612984884', '370');
INSERT IGNORE INTO nurse_shift (AMKA, shift_id) VALUES ('2411715378', '370');
INSERT IGNORE INTO nurse_shift (AMKA, shift_id) VALUES ('1810684760', '370');
INSERT IGNORE INTO nurse_shift (AMKA, shift_id) VALUES ('0805529909', '370');
INSERT IGNORE INTO nurse_shift (AMKA, shift_id) VALUES ('2705913673', '370');
INSERT IGNORE INTO nurse_shift (AMKA, shift_id) VALUES ('2110624175', '370');
INSERT IGNORE INTO nurse_shift (AMKA, shift_id) VALUES ('1503405303', '370');
INSERT IGNORE INTO admin_shift (AMKA, shift_id) VALUES ('2104509361', '370');
INSERT IGNORE INTO admin_shift (AMKA, shift_id) VALUES ('1108942647', '370');
INSERT IGNORE INTO admin_shift (AMKA, shift_id) VALUES ('3006533908', '370');
UPDATE IGNORE shift SET status = TRUE WHERE shift_id = '370';
INSERT IGNORE INTO dept_shift (dept_name, shift_id) VALUES ('Inpatient Department (IPD)', '370');
INSERT INTO shift (day, type) VALUES ('2024-08-11 00:00:00', '07:00-15:00');
INSERT IGNORE INTO doctor_shift (AMKA, shift_id) VALUES ('1307618841', '371');
INSERT IGNORE INTO doctor_shift (AMKA, shift_id) VALUES ('0909662577', '371');
INSERT IGNORE INTO doctor_shift (AMKA, shift_id) VALUES ('2403567012', '371');
INSERT IGNORE INTO doctor_shift (AMKA, shift_id) VALUES ('0411550543', '371');
INSERT IGNORE INTO doctor_shift (AMKA, shift_id) VALUES ('0410505068', '371');
INSERT IGNORE INTO doctor_shift (AMKA, shift_id) VALUES ('1806762549', '371');
INSERT IGNORE INTO doctor_shift (AMKA, shift_id) VALUES ('0301636140', '371');
INSERT IGNORE INTO nurse_shift (AMKA, shift_id) VALUES ('2804482376', '371');
INSERT IGNORE INTO nurse_shift (AMKA, shift_id) VALUES ('0310576949', '371');
INSERT IGNORE INTO nurse_shift (AMKA, shift_id) VALUES ('2904573556', '371');
INSERT IGNORE INTO nurse_shift (AMKA, shift_id) VALUES ('1107666248', '371');
INSERT IGNORE INTO nurse_shift (AMKA, shift_id) VALUES ('2211920600', '371');
INSERT IGNORE INTO nurse_shift (AMKA, shift_id) VALUES ('3003940529', '371');
INSERT IGNORE INTO nurse_shift (AMKA, shift_id) VALUES ('0501488320', '371');
INSERT IGNORE INTO nurse_shift (AMKA, shift_id) VALUES ('2105987694', '371');
INSERT IGNORE INTO admin_shift (AMKA, shift_id) VALUES ('2610796674', '371');
INSERT IGNORE INTO admin_shift (AMKA, shift_id) VALUES ('2803665107', '371');
INSERT IGNORE INTO admin_shift (AMKA, shift_id) VALUES ('1101978318', '371');
UPDATE IGNORE shift SET status = TRUE WHERE shift_id = '371';
INSERT IGNORE INTO dept_shift (dept_name, shift_id) VALUES ('Inpatient Department (IPD)', '371');
INSERT INTO shift (day, type) VALUES ('2026-04-13 00:00:00', '15:00-23:00');
INSERT IGNORE INTO doctor_shift (AMKA, shift_id) VALUES ('1101823701', '372');
INSERT IGNORE INTO doctor_shift (AMKA, shift_id) VALUES ('0710954761', '372');
INSERT IGNORE INTO doctor_shift (AMKA, shift_id) VALUES ('0303531282', '372');
INSERT IGNORE INTO nurse_shift (AMKA, shift_id) VALUES ('1410472859', '372');
INSERT IGNORE INTO nurse_shift (AMKA, shift_id) VALUES ('2105987694', '372');
INSERT IGNORE INTO nurse_shift (AMKA, shift_id) VALUES ('2411715378', '372');
INSERT IGNORE INTO nurse_shift (AMKA, shift_id) VALUES ('2906619041', '372');
INSERT IGNORE INTO nurse_shift (AMKA, shift_id) VALUES ('1603685746', '372');
INSERT IGNORE INTO nurse_shift (AMKA, shift_id) VALUES ('2602489567', '372');
INSERT IGNORE INTO nurse_shift (AMKA, shift_id) VALUES ('2211920600', '372');
INSERT IGNORE INTO nurse_shift (AMKA, shift_id) VALUES ('2404736776', '372');
INSERT IGNORE INTO nurse_shift (AMKA, shift_id) VALUES ('0702609163', '372');
INSERT IGNORE INTO admin_shift (AMKA, shift_id) VALUES ('1003595467', '372');
INSERT IGNORE INTO admin_shift (AMKA, shift_id) VALUES ('2803665107', '372');
INSERT IGNORE INTO admin_shift (AMKA, shift_id) VALUES ('0903487819', '372');
UPDATE IGNORE shift SET status = TRUE WHERE shift_id = '372';
INSERT IGNORE INTO dept_shift (dept_name, shift_id) VALUES ('Inpatient Department (IPD)', '372');
INSERT INTO shift (day, type) VALUES ('2024-06-28 00:00:00', '07:00-15:00');
INSERT IGNORE INTO doctor_shift (AMKA, shift_id) VALUES ('3005978572', '373');
INSERT IGNORE INTO doctor_shift (AMKA, shift_id) VALUES ('2707864104', '373');
INSERT IGNORE INTO doctor_shift (AMKA, shift_id) VALUES ('0301525882', '373');
INSERT IGNORE INTO doctor_shift (AMKA, shift_id) VALUES ('2708408067', '373');
INSERT IGNORE INTO doctor_shift (AMKA, shift_id) VALUES ('1305442503', '373');
INSERT IGNORE INTO doctor_shift (AMKA, shift_id) VALUES ('2204653007', '373');
INSERT IGNORE INTO doctor_shift (AMKA, shift_id) VALUES ('1107638937', '373');
INSERT IGNORE INTO nurse_shift (AMKA, shift_id) VALUES ('2705913673', '373');
INSERT IGNORE INTO nurse_shift (AMKA, shift_id) VALUES ('2511766415', '373');
INSERT IGNORE INTO nurse_shift (AMKA, shift_id) VALUES ('2301986927', '373');
INSERT IGNORE INTO nurse_shift (AMKA, shift_id) VALUES ('0702609163', '373');
INSERT IGNORE INTO nurse_shift (AMKA, shift_id) VALUES ('2812529967', '373');
INSERT IGNORE INTO nurse_shift (AMKA, shift_id) VALUES ('1512807285', '373');
INSERT IGNORE INTO nurse_shift (AMKA, shift_id) VALUES ('0302574411', '373');
INSERT IGNORE INTO nurse_shift (AMKA, shift_id) VALUES ('0509864586', '373');
INSERT IGNORE INTO nurse_shift (AMKA, shift_id) VALUES ('2407818176', '373');
INSERT IGNORE INTO admin_shift (AMKA, shift_id) VALUES ('2403663964', '373');
INSERT IGNORE INTO admin_shift (AMKA, shift_id) VALUES ('0108846908', '373');
UPDATE IGNORE shift SET status = TRUE WHERE shift_id = '373';
INSERT IGNORE INTO dept_shift (dept_name, shift_id) VALUES ('Inpatient Department (IPD)', '373');
INSERT INTO shift (day, type) VALUES ('2025-12-04 00:00:00', '15:00-23:00');
INSERT IGNORE INTO doctor_shift (AMKA, shift_id) VALUES ('1104742723', '374');
INSERT IGNORE INTO doctor_shift (AMKA, shift_id) VALUES ('1904466405', '374');
INSERT IGNORE INTO doctor_shift (AMKA, shift_id) VALUES ('0508710262', '374');
INSERT IGNORE INTO nurse_shift (AMKA, shift_id) VALUES ('3011568029', '374');
INSERT IGNORE INTO nurse_shift (AMKA, shift_id) VALUES ('2906619041', '374');
INSERT IGNORE INTO nurse_shift (AMKA, shift_id) VALUES ('2005873415', '374');
INSERT IGNORE INTO nurse_shift (AMKA, shift_id) VALUES ('1809580815', '374');
INSERT IGNORE INTO nurse_shift (AMKA, shift_id) VALUES ('0303995114', '374');
INSERT IGNORE INTO nurse_shift (AMKA, shift_id) VALUES ('1707693139', '374');
INSERT IGNORE INTO admin_shift (AMKA, shift_id) VALUES ('2010921252', '374');
INSERT IGNORE INTO admin_shift (AMKA, shift_id) VALUES ('1505621109', '374');
INSERT IGNORE INTO admin_shift (AMKA, shift_id) VALUES ('1011747457', '374');
UPDATE IGNORE shift SET status = TRUE WHERE shift_id = '374';
INSERT IGNORE INTO dept_shift (dept_name, shift_id) VALUES ('Inpatient Department (IPD)', '374');
INSERT INTO shift (day, type) VALUES ('2025-01-01 00:00:00', '07:00-15:00');
INSERT IGNORE INTO doctor_shift (AMKA, shift_id) VALUES ('2502654079', '375');
INSERT IGNORE INTO doctor_shift (AMKA, shift_id) VALUES ('2806888346', '375');
INSERT IGNORE INTO doctor_shift (AMKA, shift_id) VALUES ('1403472446', '375');
INSERT IGNORE INTO doctor_shift (AMKA, shift_id) VALUES ('0710954761', '375');
INSERT IGNORE INTO doctor_shift (AMKA, shift_id) VALUES ('1611592474', '375');
INSERT IGNORE INTO doctor_shift (AMKA, shift_id) VALUES ('2003754733', '375');
INSERT IGNORE INTO doctor_shift (AMKA, shift_id) VALUES ('0811685025', '375');
INSERT IGNORE INTO doctor_shift (AMKA, shift_id) VALUES ('1101779403', '375');
INSERT IGNORE INTO nurse_shift (AMKA, shift_id) VALUES ('2012883023', '375');
INSERT IGNORE INTO nurse_shift (AMKA, shift_id) VALUES ('0805529909', '375');
INSERT IGNORE INTO nurse_shift (AMKA, shift_id) VALUES ('1103802636', '375');
INSERT IGNORE INTO nurse_shift (AMKA, shift_id) VALUES ('1006891535', '375');
INSERT IGNORE INTO nurse_shift (AMKA, shift_id) VALUES ('0412861461', '375');
INSERT IGNORE INTO nurse_shift (AMKA, shift_id) VALUES ('0501488320', '375');
INSERT IGNORE INTO nurse_shift (AMKA, shift_id) VALUES ('2209772976', '375');
INSERT IGNORE INTO nurse_shift (AMKA, shift_id) VALUES ('1712731602', '375');
INSERT IGNORE INTO nurse_shift (AMKA, shift_id) VALUES ('1112517867', '375');
INSERT IGNORE INTO nurse_shift (AMKA, shift_id) VALUES ('2903754769', '375');
INSERT IGNORE INTO admin_shift (AMKA, shift_id) VALUES ('1004500988', '375');
INSERT IGNORE INTO admin_shift (AMKA, shift_id) VALUES ('2009517049', '375');
INSERT IGNORE INTO admin_shift (AMKA, shift_id) VALUES ('1810691695', '375');
UPDATE IGNORE shift SET status = TRUE WHERE shift_id = '375';
INSERT IGNORE INTO dept_shift (dept_name, shift_id) VALUES ('Inpatient Department (IPD)', '375');
INSERT INTO shift (day, type) VALUES ('2024-05-31 00:00:00', '15:00-23:00');
INSERT IGNORE INTO doctor_shift (AMKA, shift_id) VALUES ('1604612218', '376');
INSERT IGNORE INTO doctor_shift (AMKA, shift_id) VALUES ('1701787998', '376');
INSERT IGNORE INTO doctor_shift (AMKA, shift_id) VALUES ('2203633666', '376');
INSERT IGNORE INTO doctor_shift (AMKA, shift_id) VALUES ('1904466405', '376');
INSERT IGNORE INTO doctor_shift (AMKA, shift_id) VALUES ('0803576389', '376');
INSERT IGNORE INTO doctor_shift (AMKA, shift_id) VALUES ('1206704867', '376');
INSERT IGNORE INTO nurse_shift (AMKA, shift_id) VALUES ('2202745833', '376');
INSERT IGNORE INTO nurse_shift (AMKA, shift_id) VALUES ('2404736776', '376');
INSERT IGNORE INTO nurse_shift (AMKA, shift_id) VALUES ('2903754769', '376');
INSERT IGNORE INTO nurse_shift (AMKA, shift_id) VALUES ('1304544511', '376');
INSERT IGNORE INTO nurse_shift (AMKA, shift_id) VALUES ('0702609163', '376');
INSERT IGNORE INTO nurse_shift (AMKA, shift_id) VALUES ('2810445963', '376');
INSERT IGNORE INTO nurse_shift (AMKA, shift_id) VALUES ('0909660903', '376');
INSERT IGNORE INTO nurse_shift (AMKA, shift_id) VALUES ('0307004452', '376');
INSERT IGNORE INTO nurse_shift (AMKA, shift_id) VALUES ('1109842569', '376');
INSERT IGNORE INTO nurse_shift (AMKA, shift_id) VALUES ('2104682202', '376');
INSERT IGNORE INTO admin_shift (AMKA, shift_id) VALUES ('2104667937', '376');
INSERT IGNORE INTO admin_shift (AMKA, shift_id) VALUES ('0903487819', '376');
INSERT IGNORE INTO admin_shift (AMKA, shift_id) VALUES ('0310498160', '376');
UPDATE IGNORE shift SET status = TRUE WHERE shift_id = '376';
INSERT IGNORE INTO dept_shift (dept_name, shift_id) VALUES ('Inpatient Department (IPD)', '376');
INSERT INTO shift (day, type) VALUES ('2025-12-22 00:00:00', '23:00-07:00');
INSERT IGNORE INTO doctor_shift (AMKA, shift_id) VALUES ('1007472193', '377');
INSERT IGNORE INTO doctor_shift (AMKA, shift_id) VALUES ('0301525882', '377');
INSERT IGNORE INTO doctor_shift (AMKA, shift_id) VALUES ('1102752591', '377');
INSERT IGNORE INTO doctor_shift (AMKA, shift_id) VALUES ('0810802797', '377');
INSERT IGNORE INTO doctor_shift (AMKA, shift_id) VALUES ('2108809189', '377');
INSERT IGNORE INTO nurse_shift (AMKA, shift_id) VALUES ('0212459106', '377');
INSERT IGNORE INTO nurse_shift (AMKA, shift_id) VALUES ('3101743228', '377');
INSERT IGNORE INTO nurse_shift (AMKA, shift_id) VALUES ('0501507716', '377');
INSERT IGNORE INTO nurse_shift (AMKA, shift_id) VALUES ('0601427360', '377');
INSERT IGNORE INTO nurse_shift (AMKA, shift_id) VALUES ('1712731602', '377');
INSERT IGNORE INTO nurse_shift (AMKA, shift_id) VALUES ('1810684760', '377');
INSERT IGNORE INTO nurse_shift (AMKA, shift_id) VALUES ('2905001644', '377');
INSERT IGNORE INTO nurse_shift (AMKA, shift_id) VALUES ('1602668533', '377');
INSERT IGNORE INTO admin_shift (AMKA, shift_id) VALUES ('0606545053', '377');
INSERT IGNORE INTO admin_shift (AMKA, shift_id) VALUES ('1203690867', '377');
INSERT IGNORE INTO admin_shift (AMKA, shift_id) VALUES ('1407956296', '377');
UPDATE IGNORE shift SET status = TRUE WHERE shift_id = '377';
INSERT IGNORE INTO dept_shift (dept_name, shift_id) VALUES ('Outpatient Department (OPD)', '377');
INSERT INTO shift (day, type) VALUES ('2025-12-23 00:00:00', '15:00-23:00');
INSERT IGNORE INTO doctor_shift (AMKA, shift_id) VALUES ('0109876222', '378');
INSERT IGNORE INTO doctor_shift (AMKA, shift_id) VALUES ('1104529817', '378');
INSERT IGNORE INTO doctor_shift (AMKA, shift_id) VALUES ('2204653007', '378');
INSERT IGNORE INTO doctor_shift (AMKA, shift_id) VALUES ('1007472193', '378');
INSERT IGNORE INTO doctor_shift (AMKA, shift_id) VALUES ('1102752591', '378');
INSERT IGNORE INTO doctor_shift (AMKA, shift_id) VALUES ('0909662577', '378');
INSERT IGNORE INTO doctor_shift (AMKA, shift_id) VALUES ('1306562994', '378');
INSERT IGNORE INTO doctor_shift (AMKA, shift_id) VALUES ('1210671054', '378');
INSERT IGNORE INTO nurse_shift (AMKA, shift_id) VALUES ('1112517867', '378');
INSERT IGNORE INTO nurse_shift (AMKA, shift_id) VALUES ('0909660903', '378');
INSERT IGNORE INTO nurse_shift (AMKA, shift_id) VALUES ('1107666248', '378');
INSERT IGNORE INTO nurse_shift (AMKA, shift_id) VALUES ('1503405303', '378');
INSERT IGNORE INTO nurse_shift (AMKA, shift_id) VALUES ('0307004452', '378');
INSERT IGNORE INTO nurse_shift (AMKA, shift_id) VALUES ('2404736776', '378');
INSERT IGNORE INTO nurse_shift (AMKA, shift_id) VALUES ('1709556112', '378');
INSERT IGNORE INTO nurse_shift (AMKA, shift_id) VALUES ('2509796665', '378');
INSERT IGNORE INTO nurse_shift (AMKA, shift_id) VALUES ('2209772976', '378');
INSERT IGNORE INTO nurse_shift (AMKA, shift_id) VALUES ('1809580815', '378');
INSERT IGNORE INTO admin_shift (AMKA, shift_id) VALUES ('2311563644', '378');
INSERT IGNORE INTO admin_shift (AMKA, shift_id) VALUES ('3108420255', '378');
INSERT IGNORE INTO admin_shift (AMKA, shift_id) VALUES ('1412919767', '378');
INSERT IGNORE INTO admin_shift (AMKA, shift_id) VALUES ('3107841971', '378');
UPDATE IGNORE shift SET status = TRUE WHERE shift_id = '378';
INSERT IGNORE INTO dept_shift (dept_name, shift_id) VALUES ('Outpatient Department (OPD)', '378');
INSERT INTO shift (day, type) VALUES ('2026-01-24 00:00:00', '07:00-15:00');
INSERT IGNORE INTO doctor_shift (AMKA, shift_id) VALUES ('0109876222', '379');
INSERT IGNORE INTO doctor_shift (AMKA, shift_id) VALUES ('2710712553', '379');
INSERT IGNORE INTO doctor_shift (AMKA, shift_id) VALUES ('0206637500', '379');
INSERT IGNORE INTO doctor_shift (AMKA, shift_id) VALUES ('2301681047', '379');
INSERT IGNORE INTO doctor_shift (AMKA, shift_id) VALUES ('1807676900', '379');
INSERT IGNORE INTO nurse_shift (AMKA, shift_id) VALUES ('2407971013', '379');
INSERT IGNORE INTO nurse_shift (AMKA, shift_id) VALUES ('1601483351', '379');
INSERT IGNORE INTO nurse_shift (AMKA, shift_id) VALUES ('2008408711', '379');
INSERT IGNORE INTO nurse_shift (AMKA, shift_id) VALUES ('1304544511', '379');
INSERT IGNORE INTO nurse_shift (AMKA, shift_id) VALUES ('2012883023', '379');
INSERT IGNORE INTO nurse_shift (AMKA, shift_id) VALUES ('0405455659', '379');
INSERT IGNORE INTO admin_shift (AMKA, shift_id) VALUES ('0212875455', '379');
INSERT IGNORE INTO admin_shift (AMKA, shift_id) VALUES ('2104509361', '379');
UPDATE IGNORE shift SET status = TRUE WHERE shift_id = '379';
INSERT IGNORE INTO dept_shift (dept_name, shift_id) VALUES ('Outpatient Department (OPD)', '379');
INSERT INTO shift (day, type) VALUES ('2025-02-25 00:00:00', '07:00-15:00');
INSERT IGNORE INTO doctor_shift (AMKA, shift_id) VALUES ('0301525882', '380');
INSERT IGNORE INTO doctor_shift (AMKA, shift_id) VALUES ('0410505068', '380');
INSERT IGNORE INTO doctor_shift (AMKA, shift_id) VALUES ('1104529817', '380');
INSERT IGNORE INTO doctor_shift (AMKA, shift_id) VALUES ('0811685025', '380');
INSERT IGNORE INTO doctor_shift (AMKA, shift_id) VALUES ('3005978572', '380');
INSERT IGNORE INTO doctor_shift (AMKA, shift_id) VALUES ('2708408067', '380');
INSERT IGNORE INTO nurse_shift (AMKA, shift_id) VALUES ('1607801274', '380');
INSERT IGNORE INTO nurse_shift (AMKA, shift_id) VALUES ('2205716047', '380');
INSERT IGNORE INTO nurse_shift (AMKA, shift_id) VALUES ('1309466103', '380');
INSERT IGNORE INTO nurse_shift (AMKA, shift_id) VALUES ('2804482376', '380');
INSERT IGNORE INTO nurse_shift (AMKA, shift_id) VALUES ('1107666248', '380');
INSERT IGNORE INTO nurse_shift (AMKA, shift_id) VALUES ('0211835314', '380');
INSERT IGNORE INTO nurse_shift (AMKA, shift_id) VALUES ('2812529967', '380');
INSERT IGNORE INTO admin_shift (AMKA, shift_id) VALUES ('1004500988', '380');
INSERT IGNORE INTO admin_shift (AMKA, shift_id) VALUES ('1807947524', '380');
INSERT IGNORE INTO admin_shift (AMKA, shift_id) VALUES ('2912624436', '380');
UPDATE IGNORE shift SET status = TRUE WHERE shift_id = '380';
INSERT IGNORE INTO dept_shift (dept_name, shift_id) VALUES ('Outpatient Department (OPD)', '380');
INSERT INTO shift (day, type) VALUES ('2026-06-01 00:00:00', '07:00-15:00');
INSERT IGNORE INTO doctor_shift (AMKA, shift_id) VALUES ('1210608936', '381');
INSERT IGNORE INTO doctor_shift (AMKA, shift_id) VALUES ('1307618841', '381');
INSERT IGNORE INTO doctor_shift (AMKA, shift_id) VALUES ('2406973031', '381');
INSERT IGNORE INTO doctor_shift (AMKA, shift_id) VALUES ('0909662577', '381');
INSERT IGNORE INTO doctor_shift (AMKA, shift_id) VALUES ('1306562994', '381');
INSERT IGNORE INTO doctor_shift (AMKA, shift_id) VALUES ('0303531282', '381');
INSERT IGNORE INTO doctor_shift (AMKA, shift_id) VALUES ('3012474240', '381');
INSERT IGNORE INTO nurse_shift (AMKA, shift_id) VALUES ('1309466103', '381');
INSERT IGNORE INTO nurse_shift (AMKA, shift_id) VALUES ('1410472859', '381');
INSERT IGNORE INTO nurse_shift (AMKA, shift_id) VALUES ('1207679089', '381');
INSERT IGNORE INTO nurse_shift (AMKA, shift_id) VALUES ('0302574411', '381');
INSERT IGNORE INTO nurse_shift (AMKA, shift_id) VALUES ('2903754769', '381');
INSERT IGNORE INTO nurse_shift (AMKA, shift_id) VALUES ('1304544511', '381');
INSERT IGNORE INTO nurse_shift (AMKA, shift_id) VALUES ('2301986927', '381');
INSERT IGNORE INTO nurse_shift (AMKA, shift_id) VALUES ('1112517867', '381');
INSERT IGNORE INTO nurse_shift (AMKA, shift_id) VALUES ('2209772976', '381');
INSERT IGNORE INTO nurse_shift (AMKA, shift_id) VALUES ('1601483351', '381');
INSERT IGNORE INTO admin_shift (AMKA, shift_id) VALUES ('1707612309', '381');
INSERT IGNORE INTO admin_shift (AMKA, shift_id) VALUES ('1909762384', '381');
INSERT IGNORE INTO admin_shift (AMKA, shift_id) VALUES ('1101978318', '381');
INSERT IGNORE INTO admin_shift (AMKA, shift_id) VALUES ('2912624436', '381');
UPDATE IGNORE shift SET status = TRUE WHERE shift_id = '381';
INSERT IGNORE INTO dept_shift (dept_name, shift_id) VALUES ('Outpatient Department (OPD)', '381');
INSERT INTO shift (day, type) VALUES ('2025-10-27 00:00:00', '15:00-23:00');
INSERT IGNORE INTO doctor_shift (AMKA, shift_id) VALUES ('1403472446', '382');
INSERT IGNORE INTO doctor_shift (AMKA, shift_id) VALUES ('2203633666', '382');
INSERT IGNORE INTO doctor_shift (AMKA, shift_id) VALUES ('2107936328', '382');
INSERT IGNORE INTO doctor_shift (AMKA, shift_id) VALUES ('1107638937', '382');
INSERT IGNORE INTO doctor_shift (AMKA, shift_id) VALUES ('2811728295', '382');
INSERT IGNORE INTO doctor_shift (AMKA, shift_id) VALUES ('2001691929', '382');
INSERT IGNORE INTO nurse_shift (AMKA, shift_id) VALUES ('1703812899', '382');
INSERT IGNORE INTO nurse_shift (AMKA, shift_id) VALUES ('2209772976', '382');
INSERT IGNORE INTO nurse_shift (AMKA, shift_id) VALUES ('1503405303', '382');
INSERT IGNORE INTO nurse_shift (AMKA, shift_id) VALUES ('1707693139', '382');
INSERT IGNORE INTO nurse_shift (AMKA, shift_id) VALUES ('0702609163', '382');
INSERT IGNORE INTO nurse_shift (AMKA, shift_id) VALUES ('0501488320', '382');
INSERT IGNORE INTO admin_shift (AMKA, shift_id) VALUES ('1909728641', '382');
INSERT IGNORE INTO admin_shift (AMKA, shift_id) VALUES ('0804527361', '382');
INSERT IGNORE INTO admin_shift (AMKA, shift_id) VALUES ('1407956296', '382');
UPDATE IGNORE shift SET status = TRUE WHERE shift_id = '382';
INSERT IGNORE INTO dept_shift (dept_name, shift_id) VALUES ('Outpatient Department (OPD)', '382');
INSERT INTO shift (day, type) VALUES ('2024-09-16 00:00:00', '23:00-07:00');
INSERT IGNORE INTO doctor_shift (AMKA, shift_id) VALUES ('1210671054', '383');
INSERT IGNORE INTO doctor_shift (AMKA, shift_id) VALUES ('0102891639', '383');
INSERT IGNORE INTO doctor_shift (AMKA, shift_id) VALUES ('1904466405', '383');
INSERT IGNORE INTO nurse_shift (AMKA, shift_id) VALUES ('1707693139', '383');
INSERT IGNORE INTO nurse_shift (AMKA, shift_id) VALUES ('0501488320', '383');
INSERT IGNORE INTO nurse_shift (AMKA, shift_id) VALUES ('1601483351', '383');
INSERT IGNORE INTO nurse_shift (AMKA, shift_id) VALUES ('0607738540', '383');
INSERT IGNORE INTO nurse_shift (AMKA, shift_id) VALUES ('3011568029', '383');
INSERT IGNORE INTO nurse_shift (AMKA, shift_id) VALUES ('0211835314', '383');
INSERT IGNORE INTO nurse_shift (AMKA, shift_id) VALUES ('0310576949', '383');
INSERT IGNORE INTO nurse_shift (AMKA, shift_id) VALUES ('2704562592', '383');
INSERT IGNORE INTO admin_shift (AMKA, shift_id) VALUES ('0108846908', '383');
INSERT IGNORE INTO admin_shift (AMKA, shift_id) VALUES ('1001660800', '383');
INSERT IGNORE INTO admin_shift (AMKA, shift_id) VALUES ('2210867288', '383');
UPDATE IGNORE shift SET status = TRUE WHERE shift_id = '383';
INSERT IGNORE INTO dept_shift (dept_name, shift_id) VALUES ('Outpatient Department (OPD)', '383');
INSERT INTO shift (day, type) VALUES ('2024-03-10 00:00:00', '23:00-07:00');
INSERT IGNORE INTO doctor_shift (AMKA, shift_id) VALUES ('1007472193', '384');
INSERT IGNORE INTO doctor_shift (AMKA, shift_id) VALUES ('2012810248', '384');
INSERT IGNORE INTO doctor_shift (AMKA, shift_id) VALUES ('1104529817', '384');
INSERT IGNORE INTO doctor_shift (AMKA, shift_id) VALUES ('2203718551', '384');
INSERT IGNORE INTO doctor_shift (AMKA, shift_id) VALUES ('1701787998', '384');
INSERT IGNORE INTO doctor_shift (AMKA, shift_id) VALUES ('2001691929', '384');
INSERT IGNORE INTO doctor_shift (AMKA, shift_id) VALUES ('2502654079', '384');
INSERT IGNORE INTO doctor_shift (AMKA, shift_id) VALUES ('2406973031', '384');
INSERT IGNORE INTO nurse_shift (AMKA, shift_id) VALUES ('2407818176', '384');
INSERT IGNORE INTO nurse_shift (AMKA, shift_id) VALUES ('2209772976', '384');
INSERT IGNORE INTO nurse_shift (AMKA, shift_id) VALUES ('0805529909', '384');
INSERT IGNORE INTO nurse_shift (AMKA, shift_id) VALUES ('2602489567', '384');
INSERT IGNORE INTO nurse_shift (AMKA, shift_id) VALUES ('0905711630', '384');
INSERT IGNORE INTO nurse_shift (AMKA, shift_id) VALUES ('1601483351', '384');
INSERT IGNORE INTO nurse_shift (AMKA, shift_id) VALUES ('2810445963', '384');
INSERT IGNORE INTO nurse_shift (AMKA, shift_id) VALUES ('2404736776', '384');
INSERT IGNORE INTO nurse_shift (AMKA, shift_id) VALUES ('1203883023', '384');
INSERT IGNORE INTO nurse_shift (AMKA, shift_id) VALUES ('0212459106', '384');
INSERT IGNORE INTO admin_shift (AMKA, shift_id) VALUES ('2803665107', '384');
INSERT IGNORE INTO admin_shift (AMKA, shift_id) VALUES ('2412702821', '384');
UPDATE IGNORE shift SET status = TRUE WHERE shift_id = '384';
INSERT IGNORE INTO dept_shift (dept_name, shift_id) VALUES ('Outpatient Department (OPD)', '384');
INSERT INTO shift (day, type) VALUES ('2024-09-23 00:00:00', '23:00-07:00');
INSERT IGNORE INTO doctor_shift (AMKA, shift_id) VALUES ('1305442503', '385');
INSERT IGNORE INTO doctor_shift (AMKA, shift_id) VALUES ('2403567012', '385');
INSERT IGNORE INTO doctor_shift (AMKA, shift_id) VALUES ('2708408067', '385');
INSERT IGNORE INTO nurse_shift (AMKA, shift_id) VALUES ('1602668533', '385');
INSERT IGNORE INTO nurse_shift (AMKA, shift_id) VALUES ('0702609163', '385');
INSERT IGNORE INTO nurse_shift (AMKA, shift_id) VALUES ('2612984884', '385');
INSERT IGNORE INTO nurse_shift (AMKA, shift_id) VALUES ('1707693139', '385');
INSERT IGNORE INTO nurse_shift (AMKA, shift_id) VALUES ('0302574411', '385');
INSERT IGNORE INTO nurse_shift (AMKA, shift_id) VALUES ('2404736776', '385');
INSERT IGNORE INTO nurse_shift (AMKA, shift_id) VALUES ('1810684760', '385');
INSERT IGNORE INTO nurse_shift (AMKA, shift_id) VALUES ('1103802636', '385');
INSERT IGNORE INTO nurse_shift (AMKA, shift_id) VALUES ('0403530470', '385');
INSERT IGNORE INTO nurse_shift (AMKA, shift_id) VALUES ('2202745833', '385');
INSERT IGNORE INTO admin_shift (AMKA, shift_id) VALUES ('0903914750', '385');
INSERT IGNORE INTO admin_shift (AMKA, shift_id) VALUES ('3006533908', '385');
UPDATE IGNORE shift SET status = TRUE WHERE shift_id = '385';
INSERT IGNORE INTO dept_shift (dept_name, shift_id) VALUES ('Outpatient Department (OPD)', '385');
INSERT INTO shift (day, type) VALUES ('2024-09-11 00:00:00', '23:00-07:00');
INSERT IGNORE INTO doctor_shift (AMKA, shift_id) VALUES ('1004748289', '386');
INSERT IGNORE INTO doctor_shift (AMKA, shift_id) VALUES ('1807676900', '386');
INSERT IGNORE INTO doctor_shift (AMKA, shift_id) VALUES ('2203633666', '386');
INSERT IGNORE INTO doctor_shift (AMKA, shift_id) VALUES ('0811685025', '386');
INSERT IGNORE INTO doctor_shift (AMKA, shift_id) VALUES ('2301681047', '386');
INSERT IGNORE INTO doctor_shift (AMKA, shift_id) VALUES ('2204653007', '386');
INSERT IGNORE INTO doctor_shift (AMKA, shift_id) VALUES ('1306562994', '386');
INSERT IGNORE INTO nurse_shift (AMKA, shift_id) VALUES ('2301986927', '386');
INSERT IGNORE INTO nurse_shift (AMKA, shift_id) VALUES ('1809580815', '386');
INSERT IGNORE INTO nurse_shift (AMKA, shift_id) VALUES ('1503405303', '386');
INSERT IGNORE INTO nurse_shift (AMKA, shift_id) VALUES ('2202745833', '386');
INSERT IGNORE INTO nurse_shift (AMKA, shift_id) VALUES ('3107984441', '386');
INSERT IGNORE INTO nurse_shift (AMKA, shift_id) VALUES ('1112517867', '386');
INSERT IGNORE INTO nurse_shift (AMKA, shift_id) VALUES ('2411715378', '386');
INSERT IGNORE INTO nurse_shift (AMKA, shift_id) VALUES ('2602489567', '386');
INSERT IGNORE INTO nurse_shift (AMKA, shift_id) VALUES ('0205417367', '386');
INSERT IGNORE INTO nurse_shift (AMKA, shift_id) VALUES ('2906619041', '386');
INSERT IGNORE INTO admin_shift (AMKA, shift_id) VALUES ('1001660800', '386');
INSERT IGNORE INTO admin_shift (AMKA, shift_id) VALUES ('0212875455', '386');
UPDATE IGNORE shift SET status = TRUE WHERE shift_id = '386';
INSERT IGNORE INTO dept_shift (dept_name, shift_id) VALUES ('Outpatient Department (OPD)', '386');
INSERT INTO shift (day, type) VALUES ('2025-12-16 00:00:00', '15:00-23:00');
INSERT IGNORE INTO doctor_shift (AMKA, shift_id) VALUES ('2406973031', '387');
INSERT IGNORE INTO doctor_shift (AMKA, shift_id) VALUES ('1604612218', '387');
INSERT IGNORE INTO doctor_shift (AMKA, shift_id) VALUES ('1104742723', '387');
INSERT IGNORE INTO doctor_shift (AMKA, shift_id) VALUES ('1805820786', '387');
INSERT IGNORE INTO doctor_shift (AMKA, shift_id) VALUES ('2203633666', '387');
INSERT IGNORE INTO doctor_shift (AMKA, shift_id) VALUES ('1612748648', '387');
INSERT IGNORE INTO doctor_shift (AMKA, shift_id) VALUES ('1403910610', '387');
INSERT IGNORE INTO doctor_shift (AMKA, shift_id) VALUES ('2806888346', '387');
INSERT IGNORE INTO nurse_shift (AMKA, shift_id) VALUES ('1908934284', '387');
INSERT IGNORE INTO nurse_shift (AMKA, shift_id) VALUES ('2509796665', '387');
INSERT IGNORE INTO nurse_shift (AMKA, shift_id) VALUES ('1712731602', '387');
INSERT IGNORE INTO nurse_shift (AMKA, shift_id) VALUES ('0205417367', '387');
INSERT IGNORE INTO nurse_shift (AMKA, shift_id) VALUES ('0601427360', '387');
INSERT IGNORE INTO nurse_shift (AMKA, shift_id) VALUES ('2408602494', '387');
INSERT IGNORE INTO nurse_shift (AMKA, shift_id) VALUES ('1309466103', '387');
INSERT IGNORE INTO admin_shift (AMKA, shift_id) VALUES ('2412702821', '387');
INSERT IGNORE INTO admin_shift (AMKA, shift_id) VALUES ('1401529676', '387');
INSERT IGNORE INTO admin_shift (AMKA, shift_id) VALUES ('3107841971', '387');
INSERT IGNORE INTO admin_shift (AMKA, shift_id) VALUES ('1711829846', '387');
UPDATE IGNORE shift SET status = TRUE WHERE shift_id = '387';
INSERT IGNORE INTO dept_shift (dept_name, shift_id) VALUES ('Outpatient Department (OPD)', '387');
INSERT INTO shift (day, type) VALUES ('2024-07-18 00:00:00', '15:00-23:00');
INSERT IGNORE INTO doctor_shift (AMKA, shift_id) VALUES ('0611462338', '388');
INSERT IGNORE INTO doctor_shift (AMKA, shift_id) VALUES ('0811685025', '388');
INSERT IGNORE INTO doctor_shift (AMKA, shift_id) VALUES ('0710954761', '388');
INSERT IGNORE INTO doctor_shift (AMKA, shift_id) VALUES ('1107638937', '388');
INSERT IGNORE INTO nurse_shift (AMKA, shift_id) VALUES ('0405455659', '388');
INSERT IGNORE INTO nurse_shift (AMKA, shift_id) VALUES ('2009974419', '388');
INSERT IGNORE INTO nurse_shift (AMKA, shift_id) VALUES ('2301986927', '388');
INSERT IGNORE INTO nurse_shift (AMKA, shift_id) VALUES ('0311534815', '388');
INSERT IGNORE INTO nurse_shift (AMKA, shift_id) VALUES ('0201469512', '388');
INSERT IGNORE INTO nurse_shift (AMKA, shift_id) VALUES ('2511766415', '388');
INSERT IGNORE INTO nurse_shift (AMKA, shift_id) VALUES ('1709556112', '388');
INSERT IGNORE INTO nurse_shift (AMKA, shift_id) VALUES ('2012883023', '388');
INSERT IGNORE INTO nurse_shift (AMKA, shift_id) VALUES ('1109842569', '388');
INSERT IGNORE INTO nurse_shift (AMKA, shift_id) VALUES ('1006891535', '388');
INSERT IGNORE INTO admin_shift (AMKA, shift_id) VALUES ('1711829846', '388');
INSERT IGNORE INTO admin_shift (AMKA, shift_id) VALUES ('1108942647', '388');
UPDATE IGNORE shift SET status = TRUE WHERE shift_id = '388';
INSERT IGNORE INTO dept_shift (dept_name, shift_id) VALUES ('Outpatient Department (OPD)', '388');
INSERT INTO shift (day, type) VALUES ('2025-01-20 00:00:00', '15:00-23:00');
INSERT IGNORE INTO doctor_shift (AMKA, shift_id) VALUES ('2012810248', '389');
INSERT IGNORE INTO doctor_shift (AMKA, shift_id) VALUES ('1608881787', '389');
INSERT IGNORE INTO doctor_shift (AMKA, shift_id) VALUES ('0301525882', '389');
INSERT IGNORE INTO doctor_shift (AMKA, shift_id) VALUES ('2707864104', '389');
INSERT IGNORE INTO doctor_shift (AMKA, shift_id) VALUES ('0104436410', '389');
INSERT IGNORE INTO doctor_shift (AMKA, shift_id) VALUES ('2003754733', '389');
INSERT IGNORE INTO doctor_shift (AMKA, shift_id) VALUES ('2304595248', '389');
INSERT IGNORE INTO nurse_shift (AMKA, shift_id) VALUES ('1501974417', '389');
INSERT IGNORE INTO nurse_shift (AMKA, shift_id) VALUES ('2209772976', '389');
INSERT IGNORE INTO nurse_shift (AMKA, shift_id) VALUES ('1707693139', '389');
INSERT IGNORE INTO nurse_shift (AMKA, shift_id) VALUES ('1602668533', '389');
INSERT IGNORE INTO nurse_shift (AMKA, shift_id) VALUES ('1302478288', '389');
INSERT IGNORE INTO nurse_shift (AMKA, shift_id) VALUES ('1006891535', '389');
INSERT IGNORE INTO nurse_shift (AMKA, shift_id) VALUES ('1709556112', '389');
INSERT IGNORE INTO nurse_shift (AMKA, shift_id) VALUES ('2211738105', '389');
INSERT IGNORE INTO admin_shift (AMKA, shift_id) VALUES ('3103504955', '389');
INSERT IGNORE INTO admin_shift (AMKA, shift_id) VALUES ('0903914750', '389');
INSERT IGNORE INTO admin_shift (AMKA, shift_id) VALUES ('0606545053', '389');
INSERT IGNORE INTO admin_shift (AMKA, shift_id) VALUES ('2311563644', '389');
UPDATE IGNORE shift SET status = TRUE WHERE shift_id = '389';
INSERT IGNORE INTO dept_shift (dept_name, shift_id) VALUES ('Outpatient Department (OPD)', '389');
INSERT INTO shift (day, type) VALUES ('2026-09-22 00:00:00', '15:00-23:00');
INSERT IGNORE INTO doctor_shift (AMKA, shift_id) VALUES ('1806762549', '390');
INSERT IGNORE INTO doctor_shift (AMKA, shift_id) VALUES ('2403567012', '390');
INSERT IGNORE INTO doctor_shift (AMKA, shift_id) VALUES ('0610661297', '390');
INSERT IGNORE INTO doctor_shift (AMKA, shift_id) VALUES ('1403472446', '390');
INSERT IGNORE INTO doctor_shift (AMKA, shift_id) VALUES ('0411980022', '390');
INSERT IGNORE INTO doctor_shift (AMKA, shift_id) VALUES ('1007472193', '390');
INSERT IGNORE INTO doctor_shift (AMKA, shift_id) VALUES ('2412989437', '390');
INSERT IGNORE INTO nurse_shift (AMKA, shift_id) VALUES ('1410576808', '390');
INSERT IGNORE INTO nurse_shift (AMKA, shift_id) VALUES ('0302574411', '390');
INSERT IGNORE INTO nurse_shift (AMKA, shift_id) VALUES ('2110624175', '390');
INSERT IGNORE INTO nurse_shift (AMKA, shift_id) VALUES ('1810684760', '390');
INSERT IGNORE INTO nurse_shift (AMKA, shift_id) VALUES ('2408602494', '390');
INSERT IGNORE INTO nurse_shift (AMKA, shift_id) VALUES ('2812529967', '390');
INSERT IGNORE INTO admin_shift (AMKA, shift_id) VALUES ('2204425556', '390');
INSERT IGNORE INTO admin_shift (AMKA, shift_id) VALUES ('1401438948', '390');
INSERT IGNORE INTO admin_shift (AMKA, shift_id) VALUES ('1810691695', '390');
UPDATE IGNORE shift SET status = TRUE WHERE shift_id = '390';
INSERT IGNORE INTO dept_shift (dept_name, shift_id) VALUES ('Outpatient Department (OPD)', '390');
INSERT INTO shift (day, type) VALUES ('2024-01-25 00:00:00', '15:00-23:00');
INSERT IGNORE INTO doctor_shift (AMKA, shift_id) VALUES ('0802620737', '391');
INSERT IGNORE INTO doctor_shift (AMKA, shift_id) VALUES ('2707864104', '391');
INSERT IGNORE INTO doctor_shift (AMKA, shift_id) VALUES ('0611462338', '391');
INSERT IGNORE INTO doctor_shift (AMKA, shift_id) VALUES ('1104529817', '391');
INSERT IGNORE INTO doctor_shift (AMKA, shift_id) VALUES ('0903695053', '391');
INSERT IGNORE INTO doctor_shift (AMKA, shift_id) VALUES ('1102752591', '391');
INSERT IGNORE INTO doctor_shift (AMKA, shift_id) VALUES ('0301636140', '391');
INSERT IGNORE INTO nurse_shift (AMKA, shift_id) VALUES ('2411715378', '391');
INSERT IGNORE INTO nurse_shift (AMKA, shift_id) VALUES ('0311534815', '391');
INSERT IGNORE INTO nurse_shift (AMKA, shift_id) VALUES ('1512807285', '391');
INSERT IGNORE INTO nurse_shift (AMKA, shift_id) VALUES ('2211738105', '391');
INSERT IGNORE INTO nurse_shift (AMKA, shift_id) VALUES ('0501488320', '391');
INSERT IGNORE INTO nurse_shift (AMKA, shift_id) VALUES ('1203883023', '391');
INSERT IGNORE INTO nurse_shift (AMKA, shift_id) VALUES ('1602668533', '391');
INSERT IGNORE INTO nurse_shift (AMKA, shift_id) VALUES ('1101855051', '391');
INSERT IGNORE INTO nurse_shift (AMKA, shift_id) VALUES ('3003940529', '391');
INSERT IGNORE INTO admin_shift (AMKA, shift_id) VALUES ('2307565593', '391');
INSERT IGNORE INTO admin_shift (AMKA, shift_id) VALUES ('2912624436', '391');
INSERT IGNORE INTO admin_shift (AMKA, shift_id) VALUES ('2403663964', '391');
UPDATE IGNORE shift SET status = TRUE WHERE shift_id = '391';
INSERT IGNORE INTO dept_shift (dept_name, shift_id) VALUES ('Outpatient Department (OPD)', '391');
INSERT INTO shift (day, type) VALUES ('2026-07-01 00:00:00', '23:00-07:00');
INSERT IGNORE INTO doctor_shift (AMKA, shift_id) VALUES ('2406973031', '392');
INSERT IGNORE INTO doctor_shift (AMKA, shift_id) VALUES ('1104529817', '392');
INSERT IGNORE INTO doctor_shift (AMKA, shift_id) VALUES ('0411550543', '392');
INSERT IGNORE INTO doctor_shift (AMKA, shift_id) VALUES ('1904466405', '392');
INSERT IGNORE INTO nurse_shift (AMKA, shift_id) VALUES ('0303995114', '392');
INSERT IGNORE INTO nurse_shift (AMKA, shift_id) VALUES ('0307004452', '392');
INSERT IGNORE INTO nurse_shift (AMKA, shift_id) VALUES ('0909660903', '392');
INSERT IGNORE INTO nurse_shift (AMKA, shift_id) VALUES ('0509934508', '392');
INSERT IGNORE INTO nurse_shift (AMKA, shift_id) VALUES ('2404736776', '392');
INSERT IGNORE INTO nurse_shift (AMKA, shift_id) VALUES ('1501974417', '392');
INSERT IGNORE INTO nurse_shift (AMKA, shift_id) VALUES ('1103802636', '392');
INSERT IGNORE INTO nurse_shift (AMKA, shift_id) VALUES ('2012883023', '392');
INSERT IGNORE INTO nurse_shift (AMKA, shift_id) VALUES ('2301986927', '392');
INSERT IGNORE INTO admin_shift (AMKA, shift_id) VALUES ('1003595467', '392');
INSERT IGNORE INTO admin_shift (AMKA, shift_id) VALUES ('2104509361', '392');
INSERT IGNORE INTO admin_shift (AMKA, shift_id) VALUES ('1909762384', '392');
INSERT IGNORE INTO admin_shift (AMKA, shift_id) VALUES ('2204425556', '392');
UPDATE IGNORE shift SET status = TRUE WHERE shift_id = '392';
INSERT IGNORE INTO dept_shift (dept_name, shift_id) VALUES ('Outpatient Department (OPD)', '392');
INSERT INTO shift (day, type) VALUES ('2026-03-29 00:00:00', '07:00-15:00');
INSERT IGNORE INTO doctor_shift (AMKA, shift_id) VALUES ('0206637500', '393');
INSERT IGNORE INTO doctor_shift (AMKA, shift_id) VALUES ('0802620737', '393');
INSERT IGNORE INTO doctor_shift (AMKA, shift_id) VALUES ('2707864104', '393');
INSERT IGNORE INTO doctor_shift (AMKA, shift_id) VALUES ('1807676900', '393');
INSERT IGNORE INTO doctor_shift (AMKA, shift_id) VALUES ('1904466405', '393');
INSERT IGNORE INTO nurse_shift (AMKA, shift_id) VALUES ('0201469512', '393');
INSERT IGNORE INTO nurse_shift (AMKA, shift_id) VALUES ('0501488320', '393');
INSERT IGNORE INTO nurse_shift (AMKA, shift_id) VALUES ('2012883023', '393');
INSERT IGNORE INTO nurse_shift (AMKA, shift_id) VALUES ('2407818176', '393');
INSERT IGNORE INTO nurse_shift (AMKA, shift_id) VALUES ('2407971013', '393');
INSERT IGNORE INTO nurse_shift (AMKA, shift_id) VALUES ('0403530470', '393');
INSERT IGNORE INTO admin_shift (AMKA, shift_id) VALUES ('2912624436', '393');
INSERT IGNORE INTO admin_shift (AMKA, shift_id) VALUES ('2204425556', '393');
INSERT IGNORE INTO admin_shift (AMKA, shift_id) VALUES ('0804527361', '393');
INSERT IGNORE INTO admin_shift (AMKA, shift_id) VALUES ('3103504955', '393');
UPDATE IGNORE shift SET status = TRUE WHERE shift_id = '393';
INSERT IGNORE INTO dept_shift (dept_name, shift_id) VALUES ('Outpatient Department (OPD)', '393');
INSERT INTO shift (day, type) VALUES ('2025-02-09 00:00:00', '15:00-23:00');
INSERT IGNORE INTO doctor_shift (AMKA, shift_id) VALUES ('1403910610', '394');
INSERT IGNORE INTO doctor_shift (AMKA, shift_id) VALUES ('1611592474', '394');
INSERT IGNORE INTO doctor_shift (AMKA, shift_id) VALUES ('1805820786', '394');
INSERT IGNORE INTO doctor_shift (AMKA, shift_id) VALUES ('2707864104', '394');
INSERT IGNORE INTO doctor_shift (AMKA, shift_id) VALUES ('0508710262', '394');
INSERT IGNORE INTO doctor_shift (AMKA, shift_id) VALUES ('3005978572', '394');
INSERT IGNORE INTO nurse_shift (AMKA, shift_id) VALUES ('2411715378', '394');
INSERT IGNORE INTO nurse_shift (AMKA, shift_id) VALUES ('1101855051', '394');
INSERT IGNORE INTO nurse_shift (AMKA, shift_id) VALUES ('2205716047', '394');
INSERT IGNORE INTO nurse_shift (AMKA, shift_id) VALUES ('2705913673', '394');
INSERT IGNORE INTO nurse_shift (AMKA, shift_id) VALUES ('1907956316', '394');
INSERT IGNORE INTO nurse_shift (AMKA, shift_id) VALUES ('1607801274', '394');
INSERT IGNORE INTO nurse_shift (AMKA, shift_id) VALUES ('2301986927', '394');
INSERT IGNORE INTO admin_shift (AMKA, shift_id) VALUES ('1401438948', '394');
INSERT IGNORE INTO admin_shift (AMKA, shift_id) VALUES ('1807947524', '394');
INSERT IGNORE INTO admin_shift (AMKA, shift_id) VALUES ('0409007927', '394');
UPDATE IGNORE shift SET status = TRUE WHERE shift_id = '394';
INSERT IGNORE INTO dept_shift (dept_name, shift_id) VALUES ('Outpatient Department (OPD)', '394');
INSERT INTO shift (day, type) VALUES ('2026-03-02 00:00:00', '23:00-07:00');
INSERT IGNORE INTO doctor_shift (AMKA, shift_id) VALUES ('1612748648', '395');
INSERT IGNORE INTO doctor_shift (AMKA, shift_id) VALUES ('0406974498', '395');
INSERT IGNORE INTO doctor_shift (AMKA, shift_id) VALUES ('0109876222', '395');
INSERT IGNORE INTO doctor_shift (AMKA, shift_id) VALUES ('0301525882', '395');
INSERT IGNORE INTO doctor_shift (AMKA, shift_id) VALUES ('1708511124', '395');
INSERT IGNORE INTO nurse_shift (AMKA, shift_id) VALUES ('1107666248', '395');
INSERT IGNORE INTO nurse_shift (AMKA, shift_id) VALUES ('1309466103', '395');
INSERT IGNORE INTO nurse_shift (AMKA, shift_id) VALUES ('1302478288', '395');
INSERT IGNORE INTO nurse_shift (AMKA, shift_id) VALUES ('0211835314', '395');
INSERT IGNORE INTO nurse_shift (AMKA, shift_id) VALUES ('2105987694', '395');
INSERT IGNORE INTO nurse_shift (AMKA, shift_id) VALUES ('0607738540', '395');
INSERT IGNORE INTO nurse_shift (AMKA, shift_id) VALUES ('1503405303', '395');
INSERT IGNORE INTO nurse_shift (AMKA, shift_id) VALUES ('1410576808', '395');
INSERT IGNORE INTO nurse_shift (AMKA, shift_id) VALUES ('0412861461', '395');
INSERT IGNORE INTO admin_shift (AMKA, shift_id) VALUES ('0807583265', '395');
INSERT IGNORE INTO admin_shift (AMKA, shift_id) VALUES ('1505621109', '395');
INSERT IGNORE INTO admin_shift (AMKA, shift_id) VALUES ('0903487819', '395');
INSERT IGNORE INTO admin_shift (AMKA, shift_id) VALUES ('1412919767', '395');
UPDATE IGNORE shift SET status = TRUE WHERE shift_id = '395';
INSERT IGNORE INTO dept_shift (dept_name, shift_id) VALUES ('Outpatient Department (OPD)', '395');
INSERT INTO shift (day, type) VALUES ('2025-09-13 00:00:00', '15:00-23:00');
INSERT IGNORE INTO doctor_shift (AMKA, shift_id) VALUES ('2510927096', '396');
INSERT IGNORE INTO doctor_shift (AMKA, shift_id) VALUES ('1101779403', '396');
INSERT IGNORE INTO doctor_shift (AMKA, shift_id) VALUES ('2412989437', '396');
INSERT IGNORE INTO doctor_shift (AMKA, shift_id) VALUES ('0802620737', '396');
INSERT IGNORE INTO nurse_shift (AMKA, shift_id) VALUES ('2105987694', '396');
INSERT IGNORE INTO nurse_shift (AMKA, shift_id) VALUES ('1709556112', '396');
INSERT IGNORE INTO nurse_shift (AMKA, shift_id) VALUES ('1203883023', '396');
INSERT IGNORE INTO nurse_shift (AMKA, shift_id) VALUES ('2211738105', '396');
INSERT IGNORE INTO nurse_shift (AMKA, shift_id) VALUES ('1309466103', '396');
INSERT IGNORE INTO nurse_shift (AMKA, shift_id) VALUES ('0607738540', '396');
INSERT IGNORE INTO nurse_shift (AMKA, shift_id) VALUES ('1809580815', '396');
INSERT IGNORE INTO nurse_shift (AMKA, shift_id) VALUES ('0205417367', '396');
INSERT IGNORE INTO nurse_shift (AMKA, shift_id) VALUES ('1712731602', '396');
INSERT IGNORE INTO admin_shift (AMKA, shift_id) VALUES ('1909728641', '396');
INSERT IGNORE INTO admin_shift (AMKA, shift_id) VALUES ('0606545053', '396');
INSERT IGNORE INTO admin_shift (AMKA, shift_id) VALUES ('2104509361', '396');
UPDATE IGNORE shift SET status = TRUE WHERE shift_id = '396';
INSERT IGNORE INTO dept_shift (dept_name, shift_id) VALUES ('Outpatient Department (OPD)', '396');
INSERT INTO shift (day, type) VALUES ('2024-04-26 00:00:00', '23:00-07:00');
INSERT IGNORE INTO doctor_shift (AMKA, shift_id) VALUES ('1007472193', '397');
INSERT IGNORE INTO doctor_shift (AMKA, shift_id) VALUES ('1306562994', '397');
INSERT IGNORE INTO doctor_shift (AMKA, shift_id) VALUES ('1101823701', '397');
INSERT IGNORE INTO doctor_shift (AMKA, shift_id) VALUES ('1210671054', '397');
INSERT IGNORE INTO nurse_shift (AMKA, shift_id) VALUES ('1503405303', '397');
INSERT IGNORE INTO nurse_shift (AMKA, shift_id) VALUES ('2404736776', '397');
INSERT IGNORE INTO nurse_shift (AMKA, shift_id) VALUES ('3003940529', '397');
INSERT IGNORE INTO nurse_shift (AMKA, shift_id) VALUES ('0205417367', '397');
INSERT IGNORE INTO nurse_shift (AMKA, shift_id) VALUES ('2706529149', '397');
INSERT IGNORE INTO nurse_shift (AMKA, shift_id) VALUES ('1603685746', '397');
INSERT IGNORE INTO nurse_shift (AMKA, shift_id) VALUES ('2211920600', '397');
INSERT IGNORE INTO nurse_shift (AMKA, shift_id) VALUES ('0707486851', '397');
INSERT IGNORE INTO admin_shift (AMKA, shift_id) VALUES ('2412702821', '397');
INSERT IGNORE INTO admin_shift (AMKA, shift_id) VALUES ('3107841971', '397');
UPDATE IGNORE shift SET status = TRUE WHERE shift_id = '397';
INSERT IGNORE INTO dept_shift (dept_name, shift_id) VALUES ('Outpatient Department (OPD)', '397');
INSERT INTO shift (day, type) VALUES ('2025-05-28 00:00:00', '23:00-07:00');
INSERT IGNORE INTO doctor_shift (AMKA, shift_id) VALUES ('2412989437', '398');
INSERT IGNORE INTO doctor_shift (AMKA, shift_id) VALUES ('0810802797', '398');
INSERT IGNORE INTO doctor_shift (AMKA, shift_id) VALUES ('1107638937', '398');
INSERT IGNORE INTO doctor_shift (AMKA, shift_id) VALUES ('2108809189', '398');
INSERT IGNORE INTO doctor_shift (AMKA, shift_id) VALUES ('0410505068', '398');
INSERT IGNORE INTO nurse_shift (AMKA, shift_id) VALUES ('3003718056', '398');
INSERT IGNORE INTO nurse_shift (AMKA, shift_id) VALUES ('0212459106', '398');
INSERT IGNORE INTO nurse_shift (AMKA, shift_id) VALUES ('2202745833', '398');
INSERT IGNORE INTO nurse_shift (AMKA, shift_id) VALUES ('0307004452', '398');
INSERT IGNORE INTO nurse_shift (AMKA, shift_id) VALUES ('0403530470', '398');
INSERT IGNORE INTO nurse_shift (AMKA, shift_id) VALUES ('2407971013', '398');
INSERT IGNORE INTO nurse_shift (AMKA, shift_id) VALUES ('1712731602', '398');
INSERT IGNORE INTO nurse_shift (AMKA, shift_id) VALUES ('1311513072', '398');
INSERT IGNORE INTO nurse_shift (AMKA, shift_id) VALUES ('1103802636', '398');
INSERT IGNORE INTO admin_shift (AMKA, shift_id) VALUES ('1401438948', '398');
INSERT IGNORE INTO admin_shift (AMKA, shift_id) VALUES ('2610796674', '398');
INSERT IGNORE INTO admin_shift (AMKA, shift_id) VALUES ('1909728641', '398');
INSERT IGNORE INTO admin_shift (AMKA, shift_id) VALUES ('1412919767', '398');
UPDATE IGNORE shift SET status = TRUE WHERE shift_id = '398';
INSERT IGNORE INTO dept_shift (dept_name, shift_id) VALUES ('Outpatient Department (OPD)', '398');
INSERT INTO shift (day, type) VALUES ('2026-09-18 00:00:00', '23:00-07:00');
INSERT IGNORE INTO doctor_shift (AMKA, shift_id) VALUES ('1206704867', '399');
INSERT IGNORE INTO doctor_shift (AMKA, shift_id) VALUES ('2407887390', '399');
INSERT IGNORE INTO doctor_shift (AMKA, shift_id) VALUES ('0909662577', '399');
INSERT IGNORE INTO doctor_shift (AMKA, shift_id) VALUES ('2108809189', '399');
INSERT IGNORE INTO doctor_shift (AMKA, shift_id) VALUES ('2806888346', '399');
INSERT IGNORE INTO doctor_shift (AMKA, shift_id) VALUES ('0301525882', '399');
INSERT IGNORE INTO doctor_shift (AMKA, shift_id) VALUES ('0508710262', '399');
INSERT IGNORE INTO doctor_shift (AMKA, shift_id) VALUES ('1611592474', '399');
INSERT IGNORE INTO nurse_shift (AMKA, shift_id) VALUES ('1103802636', '399');
INSERT IGNORE INTO nurse_shift (AMKA, shift_id) VALUES ('2008408711', '399');
INSERT IGNORE INTO nurse_shift (AMKA, shift_id) VALUES ('1709556112', '399');
INSERT IGNORE INTO nurse_shift (AMKA, shift_id) VALUES ('2704562592', '399');
INSERT IGNORE INTO nurse_shift (AMKA, shift_id) VALUES ('2105987694', '399');
INSERT IGNORE INTO nurse_shift (AMKA, shift_id) VALUES ('1101855051', '399');
INSERT IGNORE INTO admin_shift (AMKA, shift_id) VALUES ('0601877562', '399');
INSERT IGNORE INTO admin_shift (AMKA, shift_id) VALUES ('1011747457', '399');
UPDATE IGNORE shift SET status = TRUE WHERE shift_id = '399';
INSERT IGNORE INTO dept_shift (dept_name, shift_id) VALUES ('Outpatient Department (OPD)', '399');
INSERT INTO shift (day, type) VALUES ('2025-03-21 00:00:00', '23:00-07:00');
INSERT IGNORE INTO doctor_shift (AMKA, shift_id) VALUES ('0909662577', '400');
INSERT IGNORE INTO doctor_shift (AMKA, shift_id) VALUES ('1807676900', '400');
INSERT IGNORE INTO doctor_shift (AMKA, shift_id) VALUES ('1912912516', '400');
INSERT IGNORE INTO doctor_shift (AMKA, shift_id) VALUES ('1210608936', '400');
INSERT IGNORE INTO nurse_shift (AMKA, shift_id) VALUES ('2211920600', '400');
INSERT IGNORE INTO nurse_shift (AMKA, shift_id) VALUES ('1809580815', '400');
INSERT IGNORE INTO nurse_shift (AMKA, shift_id) VALUES ('2104682202', '400');
INSERT IGNORE INTO nurse_shift (AMKA, shift_id) VALUES ('1712731602', '400');
INSERT IGNORE INTO nurse_shift (AMKA, shift_id) VALUES ('2110624175', '400');
INSERT IGNORE INTO nurse_shift (AMKA, shift_id) VALUES ('0909660903', '400');
INSERT IGNORE INTO nurse_shift (AMKA, shift_id) VALUES ('2706529149', '400');
INSERT IGNORE INTO nurse_shift (AMKA, shift_id) VALUES ('2408602494', '400');
INSERT IGNORE INTO admin_shift (AMKA, shift_id) VALUES ('0806415082', '400');
INSERT IGNORE INTO admin_shift (AMKA, shift_id) VALUES ('0903914750', '400');
INSERT IGNORE INTO admin_shift (AMKA, shift_id) VALUES ('0310498160', '400');
INSERT IGNORE INTO admin_shift (AMKA, shift_id) VALUES ('0804527361', '400');
UPDATE IGNORE shift SET status = TRUE WHERE shift_id = '400';
INSERT IGNORE INTO dept_shift (dept_name, shift_id) VALUES ('Outpatient Department (OPD)', '400');
INSERT INTO shift (day, type) VALUES ('2026-12-21 00:00:00', '15:00-23:00');
INSERT IGNORE INTO doctor_shift (AMKA, shift_id) VALUES ('2203633666', '401');
INSERT IGNORE INTO doctor_shift (AMKA, shift_id) VALUES ('0410505068', '401');
INSERT IGNORE INTO doctor_shift (AMKA, shift_id) VALUES ('0802620737', '401');
INSERT IGNORE INTO doctor_shift (AMKA, shift_id) VALUES ('2203718551', '401');
INSERT IGNORE INTO doctor_shift (AMKA, shift_id) VALUES ('1102752591', '401');
INSERT IGNORE INTO doctor_shift (AMKA, shift_id) VALUES ('2806888346', '401');
INSERT IGNORE INTO doctor_shift (AMKA, shift_id) VALUES ('2412989437', '401');
INSERT IGNORE INTO doctor_shift (AMKA, shift_id) VALUES ('2811728295', '401');
INSERT IGNORE INTO nurse_shift (AMKA, shift_id) VALUES ('0509934508', '401');
INSERT IGNORE INTO nurse_shift (AMKA, shift_id) VALUES ('1309466103', '401');
INSERT IGNORE INTO nurse_shift (AMKA, shift_id) VALUES ('2202745833', '401');
INSERT IGNORE INTO nurse_shift (AMKA, shift_id) VALUES ('0302574411', '401');
INSERT IGNORE INTO nurse_shift (AMKA, shift_id) VALUES ('1601483351', '401');
INSERT IGNORE INTO nurse_shift (AMKA, shift_id) VALUES ('2404736776', '401');
INSERT IGNORE INTO nurse_shift (AMKA, shift_id) VALUES ('2409746735', '401');
INSERT IGNORE INTO admin_shift (AMKA, shift_id) VALUES ('2803665107', '401');
INSERT IGNORE INTO admin_shift (AMKA, shift_id) VALUES ('2307565593', '401');
UPDATE IGNORE shift SET status = TRUE WHERE shift_id = '401';
INSERT IGNORE INTO dept_shift (dept_name, shift_id) VALUES ('Outpatient Department (OPD)', '401');
INSERT INTO shift (day, type) VALUES ('2025-07-14 00:00:00', '23:00-07:00');
INSERT IGNORE INTO doctor_shift (AMKA, shift_id) VALUES ('1101823701', '402');
INSERT IGNORE INTO doctor_shift (AMKA, shift_id) VALUES ('1403472446', '402');
INSERT IGNORE INTO doctor_shift (AMKA, shift_id) VALUES ('2510927096', '402');
INSERT IGNORE INTO doctor_shift (AMKA, shift_id) VALUES ('3012474240', '402');
INSERT IGNORE INTO doctor_shift (AMKA, shift_id) VALUES ('1604612218', '402');
INSERT IGNORE INTO nurse_shift (AMKA, shift_id) VALUES ('2407971013', '402');
INSERT IGNORE INTO nurse_shift (AMKA, shift_id) VALUES ('2612984884', '402');
INSERT IGNORE INTO nurse_shift (AMKA, shift_id) VALUES ('2110624175', '402');
INSERT IGNORE INTO nurse_shift (AMKA, shift_id) VALUES ('2202745833', '402');
INSERT IGNORE INTO nurse_shift (AMKA, shift_id) VALUES ('0311534815', '402');
INSERT IGNORE INTO nurse_shift (AMKA, shift_id) VALUES ('2804482376', '402');
INSERT IGNORE INTO nurse_shift (AMKA, shift_id) VALUES ('2704562592', '402');
INSERT IGNORE INTO nurse_shift (AMKA, shift_id) VALUES ('2904573556', '402');
INSERT IGNORE INTO nurse_shift (AMKA, shift_id) VALUES ('2210732993', '402');
INSERT IGNORE INTO nurse_shift (AMKA, shift_id) VALUES ('1709556112', '402');
INSERT IGNORE INTO admin_shift (AMKA, shift_id) VALUES ('2010921252', '402');
INSERT IGNORE INTO admin_shift (AMKA, shift_id) VALUES ('0903914750', '402');
INSERT IGNORE INTO admin_shift (AMKA, shift_id) VALUES ('2311845679', '402');
UPDATE IGNORE shift SET status = TRUE WHERE shift_id = '402';
INSERT IGNORE INTO dept_shift (dept_name, shift_id) VALUES ('Outpatient Department (OPD)', '402');
INSERT INTO shift (day, type) VALUES ('2026-01-20 00:00:00', '07:00-15:00');
INSERT IGNORE INTO doctor_shift (AMKA, shift_id) VALUES ('1611592474', '403');
INSERT IGNORE INTO doctor_shift (AMKA, shift_id) VALUES ('0903695053', '403');
INSERT IGNORE INTO doctor_shift (AMKA, shift_id) VALUES ('1210671054', '403');
INSERT IGNORE INTO doctor_shift (AMKA, shift_id) VALUES ('1107638937', '403');
INSERT IGNORE INTO doctor_shift (AMKA, shift_id) VALUES ('2301681047', '403');
INSERT IGNORE INTO nurse_shift (AMKA, shift_id) VALUES ('1109842569', '403');
INSERT IGNORE INTO nurse_shift (AMKA, shift_id) VALUES ('0211835314', '403');
INSERT IGNORE INTO nurse_shift (AMKA, shift_id) VALUES ('1111688464', '403');
INSERT IGNORE INTO nurse_shift (AMKA, shift_id) VALUES ('0501507716', '403');
INSERT IGNORE INTO nurse_shift (AMKA, shift_id) VALUES ('0303995114', '403');
INSERT IGNORE INTO nurse_shift (AMKA, shift_id) VALUES ('1809580815', '403');
INSERT IGNORE INTO admin_shift (AMKA, shift_id) VALUES ('0409007927', '403');
INSERT IGNORE INTO admin_shift (AMKA, shift_id) VALUES ('1004500988', '403');
UPDATE IGNORE shift SET status = TRUE WHERE shift_id = '403';
INSERT IGNORE INTO dept_shift (dept_name, shift_id) VALUES ('Outpatient Department (OPD)', '403');
SET FOREIGN_KEY_CHECKS = 1;
