SET FOREIGN_KEY_CHECKS = 0;
DELETE FROM admin_email;
DELETE FROM admin_media;
DELETE FROM admin_phone;
DELETE FROM admin_shift;
DELETE FROM administrative_staff;
DELETE FROM admission_diagnosis;
DELETE FROM bed;
DELETE FROM bed_media;
DELETE FROM department;
DELETE FROM dept_shift;
DELETE FROM discharge_diagnosis;
DELETE FROM doc_spec;
DELETE FROM doctor;
DELETE FROM doctor_dept;
DELETE FROM doctor_email;
DELETE FROM doctor_media;
DELETE FROM doctor_phone;
DELETE FROM doctor_shift;
DELETE FROM emergency_contact;
DELETE FROM equipment;
DELETE FROM equipment_media;
DELETE FROM hosp_lab_test;
DELETE FROM hosp_med_act;
DELETE FROM hospitalisation;
DELETE FROM insurance_carrier;
DELETE FROM lab_test;
DELETE FROM media;
DELETE FROM medical_act;
DELETE FROM nurse;
DELETE FROM nurse_email;
DELETE FROM nurse_media;
DELETE FROM nurse_phone;
DELETE FROM nurse_shift;
DELETE FROM patient;
DELETE FROM patient_allergy;
DELETE FROM patient_email;
DELETE FROM patient_insurance;
DELETE FROM patient_phone;
DELETE FROM patient_record;
DELETE FROM prescribed_products;
DELETE FROM prescription;
DELETE FROM rating;
DELETE FROM room;
DELETE FROM room_media;
DELETE FROM shift;
DELETE FROM surgical_act;
DELETE FROM surgical_act_doctor_assistants;
DELETE FROM surgical_act_nurse_assistants;
DELETE FROM triage;
INSERT INTO triage (triage_id, level, symptoms) VALUES ('0', '1', 'Από αντιλήφθηκαν εσωτερικών που αυτήν. Ανά δυστυχής εγώ γραμμής. Εικόνες αποκλειστικούς μια εκτελέσει.
Ας μπορούσες ζητήσεις. Αρπάζεις αφήσεις τι.');
INSERT INTO patient (AMKA, first_name, middle_name, last_name, date_of_birth, sex, weight, height, street_name, street_number, postal_code, area, municipality, prefecture,  profession, citizenship, triage_id) VALUES ('1810694252','Ιωσήφ','Ευκλείδης','Κουκουθάκη','1969-10-18','other','93.99','118.45','Πλ. Αλιφείρας','117','ΤΚ 55761','Κόρινθος','Ιωάννινα','Πέλλα','Αεροναυπηγός Μηχανικός','Ρεϊνιόν','0');
INSERT INTO patient_email (AMKA, email_address) VALUES ('1810694252', 'kotsou.dimosthenis@example.com');
INSERT INTO patient_phone (AMKA, phone_number) VALUES ('1810694252', '210 406 1542');
INSERT INTO patient_phone (AMKA, phone_number) VALUES ('1810694252', '2970 825840');
INSERT INTO triage (triage_id, level, symptoms) VALUES ('0', '1', 'Μέσης ναι τέλειοι το αυτός. Δημιουργείς πηγαίου βαθμό ώρα για κύκλο. Ροή έξι μπορούσες γιαυτό εφαμοργής.');
INSERT INTO patient (AMKA, first_name, middle_name, last_name, date_of_birth, sex, weight, height, street_name, street_number, postal_code, area, municipality, prefecture,  profession, citizenship, triage_id) VALUES ('2202794381','Δρόσος',NULL,'Σταθάτος','1979-02-22','male','104.98','164.95','Παπασταύρου','194','37129','Αργοστόλι','Άμφισσα','Λέσβος','Βρεφοκόμος','Δημοκρατία της Βόρειας Μακεδονίας','0');
INSERT INTO patient_email (AMKA, email_address) VALUES ('2202794381', 'xdoukidou@example.net');
INSERT INTO patient_email (AMKA, email_address) VALUES ('2202794381', 'avramiotis.sergios@example.net');
INSERT INTO patient_phone (AMKA, phone_number) VALUES ('2202794381', '2390 413862');
INSERT INTO patient_phone (AMKA, phone_number) VALUES ('2202794381', '6954515128');
INSERT INTO patient_phone (AMKA, phone_number) VALUES ('2202794381', '6911 107 476');
INSERT INTO triage (triage_id, level, symptoms) VALUES ('0', '1', 'Ζητήσεις έχω τον μάθε τρόπο διευθυντές. Ποια παράγοντες δυστυχώς συγγραφής άπειρα βιβλίο. Ατόμου όσο καλύτερο εδώ χαρτιού νιρβάνα αφήσεις τρόποι.');
INSERT INTO patient (AMKA, first_name, middle_name, last_name, date_of_birth, sex, weight, height, street_name, street_number, postal_code, area, municipality, prefecture,  profession, citizenship, triage_id) VALUES ('1111850883','Σάρρα',NULL,'Κοντός','1985-11-11','other','149.4','189.47','Πλ. Λαμπινής','70','33965','Ερμούπολη','Έδεσσα','Ημαθία','Καμαριέρης - Καμαριέρα','Αλγερία','0');
INSERT INTO patient_email (AMKA, email_address) VALUES ('1111850883', 'kollia.agni@example.com');
INSERT INTO patient_phone (AMKA, phone_number) VALUES ('1111850883', '2107186517');
INSERT INTO patient_phone (AMKA, phone_number) VALUES ('1111850883', '210 9608185');
INSERT INTO patient_phone (AMKA, phone_number) VALUES ('1111850883', '2102729137');
INSERT INTO triage (triage_id, level, symptoms) VALUES ('0', '3', 'Εξοργιστικά επιχείριση αντιλήφθηκαν ρωτάει πιο για. Ο εκτελέσεις πλέον που άρα αρέσει αντιλήφθηκαν.');
INSERT INTO patient (AMKA, first_name, middle_name, last_name, date_of_birth, sex, weight, height, street_name, street_number, postal_code, area, municipality, prefecture,  profession, citizenship, triage_id) VALUES ('2508898105','Μαλβίνα',NULL,'Τσαμοπούλου','1989-08-25','female','66.75','61.31','Πλατάνου','142','56863','Ιωάννινα','Λευκάδα','Ηλεία','Υπεύθυνος Δημοσίων Σχέσεων','Φινλανδία','0');
INSERT INTO patient_email (AMKA, email_address) VALUES ('2508898105', 'stefania.zenempisis@example.net');
INSERT INTO patient_email (AMKA, email_address) VALUES ('2508898105', 'epameinondas.mpaltzis@example.com');
INSERT INTO patient_phone (AMKA, phone_number) VALUES ('2508898105', '+30 6968 438483');
INSERT INTO triage (triage_id, level, symptoms) VALUES ('0', '4', 'Μάθε αποστηθίσει συνεχώς κάτι δίνοντας θέλεις χάος τρόποι. Πρώτοι στη πολύ ποια ήδη ανώδυνη.
Γράψει άλγεβρα έτσι βουτήξουν εργάστηκε διοικητικό βάζοντας. Τύπου ώρα ρουτίνα της γραμμές ο μα.');
INSERT INTO patient (AMKA, first_name, middle_name, last_name, date_of_birth, sex, weight, height, street_name, street_number, postal_code, area, municipality, prefecture,  profession, citizenship, triage_id) VALUES ('1102810329','Ραφαήλ',NULL,'Σταθάτος','1981-02-11','female','59.01','190.3','Μυτάρη','8','ΤΚ 18308','Βόλος','Καβάλα','Θεσπρωτία','Οδηγός Οχημάτων Δημοσίας Χρήσης','Ουγκάντα','0');
INSERT INTO patient_email (AMKA, email_address) VALUES ('1102810329', 'spyridoula31@example.net');
INSERT INTO patient_email (AMKA, email_address) VALUES ('1102810329', 'kziakas@example.com');
INSERT INTO patient_phone (AMKA, phone_number) VALUES ('1102810329', '6970 286755');
INSERT INTO patient_phone (AMKA, phone_number) VALUES ('1102810329', '+302051373637');
INSERT INTO triage (triage_id, level, symptoms) VALUES ('0', '5', 'Έξι λιγότερο συνηθίζουν τη ροή σταματάς ροή δυστυχής.
Προσεκτικά την γιαυτό τεκμηριώνει έχω. Δύο μας επενδυτής. Πετάνε έξι έγραψες από νέο.');
INSERT INTO patient (AMKA, first_name, middle_name, last_name, date_of_birth, sex, weight, height, street_name, street_number, postal_code, area, municipality, prefecture,  profession, citizenship, triage_id) VALUES ('0905149025','Ιάκωβος','Αναξαγόρας','Μανιώτης','2014-05-09','male','143.8','198.25','Νικόπολης','11','22813','Αγ. Νικόλαος','Πολύγυρος','Μαγνησία','Διοικητικό Στέλεχος Αθλητισμού','Γκουάμ','0');
INSERT INTO patient_email (AMKA, email_address) VALUES ('0905149025', 'paulaki.aimilia@example.net');
INSERT INTO patient_email (AMKA, email_address) VALUES ('0905149025', 'ourania48@example.com');
INSERT INTO patient_phone (AMKA, phone_number) VALUES ('0905149025', '2560 329315');
INSERT INTO patient_phone (AMKA, phone_number) VALUES ('0905149025', '29550 86 468');
INSERT INTO triage (triage_id, level, symptoms) VALUES ('0', '5', 'Σε έξι χειρότερα εξοργιστικά φίλος. Περιβάλλοντος όχι των χρόνου ειδικά στις εξακολουθεί. Βάζοντας λες προσπαθούν μιας στο νιρβάνα ορίστε.');
INSERT INTO patient (AMKA, first_name, middle_name, last_name, date_of_birth, sex, weight, height, street_name, street_number, postal_code, area, municipality, prefecture,  profession, citizenship, triage_id) VALUES ('0211577555','Αγαπητός',NULL,'Βλάχου','1957-11-02','other','70.12','57.81','Σερνικακίου','135','032 81','Μυτιλήνη','Καλαμάτα','Ζάκυνθος','Διακοσμητής - Τεχνικός Διακόσμησης','Κονγκό','0');
INSERT INTO patient_email (AMKA, email_address) VALUES ('0211577555', 'aikaterini69@example.org');
INSERT INTO patient_email (AMKA, email_address) VALUES ('0211577555', 'panou.varsamia@example.com');
INSERT INTO patient_phone (AMKA, phone_number) VALUES ('0211577555', '23080 72 190');
INSERT INTO patient_phone (AMKA, phone_number) VALUES ('0211577555', '2109307027');
INSERT INTO triage (triage_id, level, symptoms) VALUES ('0', '5', 'Κι εκτελέσει και χρησιμοποιούσες τον σπίτι όσο. Ποια τρόποι ημέρα θέμα.
Εργοστασίου μα πάντως λοιπόν κοιτάζοντας σχεδιαστής πλέον. Ήδη πεδία εκείνου δημιουργια ξέχασε ελέγχου.');
INSERT INTO patient (AMKA, first_name, middle_name, last_name, date_of_birth, sex, weight, height, street_name, street_number, postal_code, area, municipality, prefecture,  profession, citizenship, triage_id) VALUES ('2207088439','Μακρίνα',NULL,'Γκάγκας','2008-07-22','female','149.01','115.39','Αμπελοφύτου','65','ΤΚ 67100','Καρδίτσα','Άρτα','Κεφαλληνία','Ειδικός Αεροπορικών Εταιριών','Νήσος Μπουβέ','0');
INSERT INTO patient_email (AMKA, email_address) VALUES ('2207088439', 'mpalanika.kyveli@example.com');
INSERT INTO patient_email (AMKA, email_address) VALUES ('2207088439', 'klairi96@example.com');
INSERT INTO patient_phone (AMKA, phone_number) VALUES ('2207088439', '2420 078 681');
INSERT INTO triage (triage_id, level, symptoms) VALUES ('0', '1', 'Πες μη τι πλέον μαγικά ο χρονοδιαγράμματα. Αποκλειστικούς άλγεβρα εξακολουθεί σίγουρος ειδικά βάζοντας άρα.
Του εγώ προσοχή διακοπή εκείνου πλέον.');
INSERT INTO patient (AMKA, first_name, middle_name, last_name, date_of_birth, sex, weight, height, street_name, street_number, postal_code, area, municipality, prefecture,  profession, citizenship, triage_id) VALUES ('1804013485','Μαρκέλλα',NULL,'Βοσινάκη','2001-04-18','female','143.87','68.95','Κουμαριτσίου','10','ΤΚ 052 64','Σπάρτη','Ηράκλειο','Χαλκιδική','Ταμίας','Ουγκάντα','0');
INSERT INTO patient_email (AMKA, email_address) VALUES ('1804013485', 'mazarakis.agni@example.org');
INSERT INTO patient_email (AMKA, email_address) VALUES ('1804013485', 'salexopoulos@example.net');
INSERT INTO patient_phone (AMKA, phone_number) VALUES ('1804013485', '2170 062581');
INSERT INTO patient_phone (AMKA, phone_number) VALUES ('1804013485', '2060859779');
INSERT INTO patient_phone (AMKA, phone_number) VALUES ('1804013485', '23220 03 986');
INSERT INTO triage (triage_id, level, symptoms) VALUES ('0', '4', 'Χρονοδιαγράμματα εργασίας δουλεύει αν έξι. Λετπά ταξινομεί εκτελέσεις κρατήσουν. Απαράδεκτη αρπάζεις τα χάος.
Ας λες πάρα. Μου χρησιμοποιούσες πετάξαμε άρα. Ίδιο εικόνες δύο σου.');
INSERT INTO patient (AMKA, first_name, middle_name, last_name, date_of_birth, sex, weight, height, street_name, street_number, postal_code, area, municipality, prefecture,  profession, citizenship, triage_id) VALUES ('0204156229','Λεώνη',NULL,'Δρακάκη','2015-04-02','other','68.78','170.57','Σατρών','170','664 44','Ζάκυνθος','Ρέθυμνο','Θεσπρωτία','Ταμίας','Αυστρία','0');
INSERT INTO patient_email (AMKA, email_address) VALUES ('0204156229', 'smponias.roza@example.com');
INSERT INTO patient_email (AMKA, email_address) VALUES ('0204156229', 'orestis92@example.com');
INSERT INTO patient_phone (AMKA, phone_number) VALUES ('0204156229', '+30 2775 932100');
INSERT INTO patient_phone (AMKA, phone_number) VALUES ('0204156229', '+30 2000 911442');
INSERT INTO triage (triage_id, level, symptoms) VALUES ('0', '5', 'Πάντα ας της ίδιο. Ταξινομεί προσλάμβανες αθόρυβες από.
Σαν ποια επιδιόρθωση παίρνουν διάσημα. Ανά κάνε δυστυχής παράδειγμα κάτι έρθει νέα. Όσο απαράδεκτη προσπαθήσεις επί εκτός διακοπή.');
INSERT INTO patient (AMKA, first_name, middle_name, last_name, date_of_birth, sex, weight, height, street_name, street_number, postal_code, area, municipality, prefecture,  profession, citizenship, triage_id) VALUES ('1001214930','Πίνδαρος',NULL,'Τζιρατούδη','2021-01-10','male','85.99','140.82','Κραθίου','104','33272','Χίος','Δράμα','Βοιωτία','Μηχανικός Περιβάλλοντος','Κουρακάο','0');
INSERT INTO patient_email (AMKA, email_address) VALUES ('1001214930', 'petrakis.eurydiki@example.org');
INSERT INTO patient_email (AMKA, email_address) VALUES ('1001214930', 'chalantzouka.kyparissia@example.org');
INSERT INTO patient_phone (AMKA, phone_number) VALUES ('1001214930', '6953 603 824');
INSERT INTO triage (triage_id, level, symptoms) VALUES ('0', '4', 'Χρησιμοποίησέ εκτελέσεις όχι διαπιστώνεις προκαλείς. Κόψεις όχι κόλπα ναι δείξει βαθμό τα πολύ.');
INSERT INTO patient (AMKA, first_name, middle_name, last_name, date_of_birth, sex, weight, height, street_name, street_number, postal_code, area, municipality, prefecture,  profession, citizenship, triage_id) VALUES ('1611254423','Διονυσία',NULL,'Γκαλίου','2025-11-16','male','144.89','114.2','Μουσιωτίτσης','13','553 30','Αλεξανδρούπολη','Λιβαδιά','Λέσβος','Βοηθός Νοσηλευτή Χειρουργείου','Εσθονία','0');
INSERT INTO patient_email (AMKA, email_address) VALUES ('1611254423', 'lemonia11@example.com');
INSERT INTO patient_email (AMKA, email_address) VALUES ('1611254423', 'tsagkrasoulis.milia@example.org');
INSERT INTO patient_phone (AMKA, phone_number) VALUES ('1611254423', '210 1096561');
INSERT INTO patient_phone (AMKA, phone_number) VALUES ('1611254423', '+302841259182');
INSERT INTO patient_phone (AMKA, phone_number) VALUES ('1611254423', '+306943375093');
INSERT INTO triage (triage_id, level, symptoms) VALUES ('0', '4', 'Λετπά ξέχασε το χαμηλός πάντως μάτσο πρώτης. Δυστυχώς βάζοντας στα τι εντολές άρα. Στραβά μη διακόψουμε έγραψες.
Ημέρα νέων στη. Νέο εργαζόμενοι διαφήμιση περιεχόμενα εντολές.');
INSERT INTO patient (AMKA, first_name, middle_name, last_name, date_of_birth, sex, weight, height, street_name, street_number, postal_code, area, municipality, prefecture,  profession, citizenship, triage_id) VALUES ('2210197258','Κανέλλα',NULL,'Μπαλάσκας','2019-10-22','male','85.43','182.16','Πλαταριάς','119','18534','Ρόδος','Δράμα','Βοιωτία','Στυλίστας','Γαλλικά Νότια και Ανταρκτικά Εδάφη','0');
INSERT INTO patient_email (AMKA, email_address) VALUES ('2210197258', 'ionas61@example.org');
INSERT INTO patient_email (AMKA, email_address) VALUES ('2210197258', 'pausanias93@example.org');
INSERT INTO patient_phone (AMKA, phone_number) VALUES ('2210197258', '2106329808');
INSERT INTO triage (triage_id, level, symptoms) VALUES ('0', '1', 'Χειρότερα δύο ναι πεδία δε. Εσωτερικών τελειώσει εδώ στη απόλαυσε γνωρίζουμε ατόμου.');
INSERT INTO patient (AMKA, first_name, middle_name, last_name, date_of_birth, sex, weight, height, street_name, street_number, postal_code, area, municipality, prefecture,  profession, citizenship, triage_id) VALUES ('0609256953','Ανθή',NULL,'Νασίκας','2025-09-06','other','122.82','67.7','Φρίξης','96','666 61','Αθήνα','Ζάκυνθος','Πρέβεζα','Υπεύθυνος Δημοσίων Σχέσεων','Ισημερινή Γουινέα','0');
INSERT INTO patient_email (AMKA, email_address) VALUES ('0609256953', 'rachmanidis.eirinaios@example.com');
INSERT INTO patient_email (AMKA, email_address) VALUES ('0609256953', 'lazaridis.foivos@example.net');
INSERT INTO patient_phone (AMKA, phone_number) VALUES ('0609256953', '2250590387');
INSERT INTO patient_phone (AMKA, phone_number) VALUES ('0609256953', '2480 528 464');
INSERT INTO triage (triage_id, level, symptoms) VALUES ('0', '5', 'Εξοργιστικά διακοπής ρωτάει. Διαφήμιση εγώ τον όσο συνάδελφος λοιπόν διευθυντές προκύπτουν.
Προκαλείς συγγραφής έστελνε. Τις κανόνα εργασίας πετάξαμε ποια μιας εκείνου.');
INSERT INTO patient (AMKA, first_name, middle_name, last_name, date_of_birth, sex, weight, height, street_name, street_number, postal_code, area, municipality, prefecture,  profession, citizenship, triage_id) VALUES ('0411706871','Αικατερίνη','Παυσανίας','Θεοχάρης','1970-11-04','female','67.02','57.99','Θερμησίας','74','932 03','Καρδίτσα','Πρέβεζα','Ιωάννινα','Αισθητικός Αρωματοθεραπείας','Πορτογαλία','0');
INSERT INTO patient_email (AMKA, email_address) VALUES ('0411706871', 'omanolakis@example.com');
INSERT INTO patient_email (AMKA, email_address) VALUES ('0411706871', 'theofylakti33@example.com');
INSERT INTO patient_phone (AMKA, phone_number) VALUES ('0411706871', '+30 6955 279867');
INSERT INTO triage (triage_id, level, symptoms) VALUES ('0', '5', 'Έξι εγώ έξι δίνοντας. Δεν επί διαπιστώνεις στο αλγόριθμου βαθμό. Λαμβάνουν παράδειγμα μέχρι ερωτήσεις. Γραμμές αγοράζοντας τον αποθηκευτικού μετράει τι παίρνει δε.');
INSERT INTO patient (AMKA, first_name, middle_name, last_name, date_of_birth, sex, weight, height, street_name, street_number, postal_code, area, municipality, prefecture,  profession, citizenship, triage_id) VALUES ('0409051150','Αλκμήνη','Νεκτάριος','Μπότζα','2005-09-04','female','72.25','146.15','Κωτιλίου','15','90363','Λάρισα','Κιλκίς','Ρέθυμνο','Υαλουργός','Ουγκάντα','0');
INSERT INTO patient_email (AMKA, email_address) VALUES ('0409051150', 'loukas.kotsikoris@example.net');
INSERT INTO patient_phone (AMKA, phone_number) VALUES ('0409051150', '6919828629');
INSERT INTO patient_phone (AMKA, phone_number) VALUES ('0409051150', '2280 184 811');
INSERT INTO patient_phone (AMKA, phone_number) VALUES ('0409051150', '210 7204419');
INSERT INTO triage (triage_id, level, symptoms) VALUES ('0', '5', 'Πάντα ειδικά δίνοντας στα διακοπής. Λαμβάνουν το μου έτοιμος. Επιδιόρθωση σκεφτείς εκτός κάνε είχαμε.
Μπορούσες αν επί των.');
INSERT INTO patient (AMKA, first_name, middle_name, last_name, date_of_birth, sex, weight, height, street_name, street_number, postal_code, area, municipality, prefecture,  profession, citizenship, triage_id) VALUES ('0706740483','Μαριάνθη',NULL,'Χαρπαντίδης','1974-06-07','male','56.85','104.67','Σατρών','89','ΤΚ 137 96','Κοζάνη','Ερμούπολη','Ζάκυνθος','Ταξιδιωτικός Συνοδός και Συνοδός δρυμών','Ανατολικό Τιμόρ','0');
INSERT INTO patient_email (AMKA, email_address) VALUES ('0706740483', 'ufanourgakis@example.net');
INSERT INTO patient_email (AMKA, email_address) VALUES ('0706740483', 'gkarveli@example.net');
INSERT INTO patient_phone (AMKA, phone_number) VALUES ('0706740483', '2450 022 649');
INSERT INTO patient_phone (AMKA, phone_number) VALUES ('0706740483', '22720 00 873');
INSERT INTO patient_phone (AMKA, phone_number) VALUES ('0706740483', '2246046860');
INSERT INTO triage (triage_id, level, symptoms) VALUES ('0', '1', 'Διολισθήσεις μην γραμμή πάρα εντολές. Διακοπής μετράει προσθέσει.');
INSERT INTO patient (AMKA, first_name, middle_name, last_name, date_of_birth, sex, weight, height, street_name, street_number, postal_code, area, municipality, prefecture,  profession, citizenship, triage_id) VALUES ('3108126244','Θεοδοσία',NULL,'Καρκαλέτση','2012-08-31','other','55.77','179.28','Μακυνείας','185','ΤΚ 957 69','Ναύπλιο','Ιωάννινα','Κυκλάδες','Υπεύθυνος Δημοσίων Σχέσεων','Δυτική Σαχάρα','0');
INSERT INTO patient_email (AMKA, email_address) VALUES ('3108126244', 'polykratis56@example.net');
INSERT INTO patient_email (AMKA, email_address) VALUES ('3108126244', 'elessa33@example.com');
INSERT INTO patient_phone (AMKA, phone_number) VALUES ('3108126244', '+30 2571 707895');
INSERT INTO triage (triage_id, level, symptoms) VALUES ('0', '2', 'Κι τρέξει αντιλήφθηκαν αγοράζοντας προκαλείς. Διορθώσει εργαλείων όσο εντολές έξι μάτσο. Μια ίδιο πλέον πετούν μέγιστη επί χρησιμοποιώντας.');
INSERT INTO patient (AMKA, first_name, middle_name, last_name, date_of_birth, sex, weight, height, street_name, street_number, postal_code, area, municipality, prefecture,  profession, citizenship, triage_id) VALUES ('1501975395','Νεκτάριος',NULL,'Παπακώστα','1997-01-15','other','53.23','146.12','Πλατεία Μανικίων','42','133 21','Χαλκίδα','Λιβαδιά','Καρδίτσα','Κόπτης Ενδυμάτων','Ελ Σαλβαδόρ','0');
INSERT INTO patient_email (AMKA, email_address) VALUES ('1501975395', 'rodokleia.papastergiou@example.com');
INSERT INTO patient_email (AMKA, email_address) VALUES ('1501975395', 'papakosta.tilemachos@example.org');
INSERT INTO patient_phone (AMKA, phone_number) VALUES ('1501975395', '2670194240');
INSERT INTO patient_phone (AMKA, phone_number) VALUES ('1501975395', '210 5894003');
INSERT INTO patient_phone (AMKA, phone_number) VALUES ('1501975395', '210 912 5836');
INSERT INTO triage (triage_id, level, symptoms) VALUES ('0', '1', 'Διορθώσει χαρτιού και δίνοντας ανά.
Χαρακτηριστικό δείξει έστειλε πάντα αναγκάζονται. Ένα εδώ μου δε εφαρμογής ο σας.');
INSERT INTO patient (AMKA, first_name, middle_name, last_name, date_of_birth, sex, weight, height, street_name, street_number, postal_code, area, municipality, prefecture,  profession, citizenship, triage_id) VALUES ('1609775336','Αμαλία',NULL,'Παντίσκα','1977-09-16','other','136.23','123.04','Καταπόλων','164','90941','Βέροια','Καρπενήσι','Κέρκυρα','Ειδικός Ξενοδοχειακών Υπηρεσιών και Τροφοδοσίας','Αϊτή','0');
INSERT INTO patient_email (AMKA, email_address) VALUES ('1609775336', 'fkarypidis@example.net');
INSERT INTO patient_phone (AMKA, phone_number) VALUES ('1609775336', '6968 690 550');
INSERT INTO triage (triage_id, level, symptoms) VALUES ('0', '3', 'Πετάξαμε μπουν ανακλύψεις δίνοντας. Κανένας εδώ τον επεξεργασία.');
INSERT INTO patient (AMKA, first_name, middle_name, last_name, date_of_birth, sex, weight, height, street_name, street_number, postal_code, area, municipality, prefecture,  profession, citizenship, triage_id) VALUES ('2201087342','Φρίξος',NULL,'Γιαννακουδάκης','2008-01-22','other','55.73','184.57','Ακράτας','135','ΤΚ 65431','Κόρινθος','Άμφισσα','Πιερία','Ναυαγοσώστης','Ιαπωνία','0');
INSERT INTO patient_email (AMKA, email_address) VALUES ('2201087342', 'faidra66@example.com');
INSERT INTO patient_phone (AMKA, phone_number) VALUES ('2201087342', '+30 6987 177680');
INSERT INTO patient_phone (AMKA, phone_number) VALUES ('2201087342', '2420969180');
INSERT INTO patient_phone (AMKA, phone_number) VALUES ('2201087342', '2104717196');
INSERT INTO triage (triage_id, level, symptoms) VALUES ('0', '4', 'Γεύματος μέχρι πλέον σημαντικός σου χάος. Χειρότερα μια μέχρι.
Γράψει περισσότερες ιδιαίτερα δεν μέγιστη μην. Για άρα παραδώσεις κύκλο προσεκτικά εργαλείων.');
INSERT INTO patient (AMKA, first_name, middle_name, last_name, date_of_birth, sex, weight, height, street_name, street_number, postal_code, area, municipality, prefecture,  profession, citizenship, triage_id) VALUES ('1409713724','Ιωνάς',NULL,'Χριστόπουλος','1971-09-14','male','92.92','74.03','Δάρα','123','80854','Αγ. Νικόλαος','Μεσολόγγι','Κεφαλληνία','Μηχανικός Μεταλλείων','Άγιος Βαρθολομαίος','0');
INSERT INTO patient_email (AMKA, email_address) VALUES ('1409713724', 'voulgaris.vyron@example.com');
INSERT INTO patient_phone (AMKA, phone_number) VALUES ('1409713724', '6975781942');
INSERT INTO patient_phone (AMKA, phone_number) VALUES ('1409713724', '+30 6945 095901');
INSERT INTO patient_phone (AMKA, phone_number) VALUES ('1409713724', '2700 754038');
INSERT INTO triage (triage_id, level, symptoms) VALUES ('0', '3', 'Του με δύο μην τι. Άρα όταν ήδη θέλεις εκτελέσει διάσημα.
Εκθέσεις λέει εργοστασίου εντολές ο ανταγωνιστής ως. Δίνοντας αποφάσισε κανένας στέλνοντάς. Στραβά βρίσκονται βγήκε δε.');
INSERT INTO patient (AMKA, first_name, middle_name, last_name, date_of_birth, sex, weight, height, street_name, street_number, postal_code, area, municipality, prefecture,  profession, citizenship, triage_id) VALUES ('0211747520','Μαρίνος',NULL,'Δούνης','1974-11-02','female','141.6','127.95','Κατσαφάδου','95','49979','Χαλκίδα','Βέροια','Πρέβεζα','Φαρμακοποιός','Απομακρυσμένες Νησίδες των Ηνωμένων Πολιτειών','0');
INSERT INTO patient_email (AMKA, email_address) VALUES ('0211747520', 'chatzellis.gkikas@example.com');
INSERT INTO patient_email (AMKA, email_address) VALUES ('0211747520', 'andromeda.magkafopoulou@example.net');
INSERT INTO patient_phone (AMKA, phone_number) VALUES ('0211747520', '6996 804 105');
INSERT INTO triage (triage_id, level, symptoms) VALUES ('0', '5', 'Εργασίας έξι άπειρα διάβασε τύπου. Γεύματος έρθει πλέον γνωστή δεδομένων ως πετάξαμε. Κι συγχρόνως ως επιδιόρθωση κάτι ημέρα. Ρωτάει ποια γραμμή εκτελείται.');
INSERT INTO patient (AMKA, first_name, middle_name, last_name, date_of_birth, sex, weight, height, street_name, street_number, postal_code, area, municipality, prefecture,  profession, citizenship, triage_id) VALUES ('2401171045','Πανωραία','Λουκία','Χατζησαββίδης','2017-01-24','female','55.39','149.08','Παλαιοπόλεως','53','80743','Έδεσσα','Κοζάνη','Πιερία','Αξιωματικός Στρατού Ξηράς','Μαρόκο','0');
INSERT INTO patient_email (AMKA, email_address) VALUES ('2401171045', 'miltiadis.vossos@example.com');
INSERT INTO patient_email (AMKA, email_address) VALUES ('2401171045', 'savvoula.pikros@example.org');
INSERT INTO patient_phone (AMKA, phone_number) VALUES ('2401171045', '6952 390709');
INSERT INTO patient_phone (AMKA, phone_number) VALUES ('2401171045', '2620028587');
INSERT INTO patient_phone (AMKA, phone_number) VALUES ('2401171045', '(+30) 6956 707719');
INSERT INTO triage (triage_id, level, symptoms) VALUES ('0', '2', 'Μετρήσεις ίδιο λιγότερο. Ότι μηχανής προκύπτουν το ένα παίξουν. Της γνωρίζουμε επί που προκύπτουν διακόψουμε.');
INSERT INTO patient (AMKA, first_name, middle_name, last_name, date_of_birth, sex, weight, height, street_name, street_number, postal_code, area, municipality, prefecture,  profession, citizenship, triage_id) VALUES ('1004967910','Ανθή',NULL,'Καπουρνιώτη','1996-04-10','male','117.67','116.11','Φιλιάγκου','143','677 50','Άρτα','Πύργος','Φωκίδα','Στυλίστας','Τόγκο','0');
INSERT INTO patient_email (AMKA, email_address) VALUES ('1004967910', 'domna70@example.org');
INSERT INTO patient_email (AMKA, email_address) VALUES ('1004967910', 'eurydiki92@example.com');
INSERT INTO patient_phone (AMKA, phone_number) VALUES ('1004967910', '24130 20 578');
INSERT INTO triage (triage_id, level, symptoms) VALUES ('0', '4', 'Λιγότερο καλύτερο αρχεία δύο εργασίας παράγοντες της. Επί μπορούσες αποθηκευτικού κρατήσουν προσπαθούν.
Διαδίκτυο χρησιμοποιούνταν εδώ. Μετράει στραβά ίδιο μιας χρησιμοποιούσες.');
INSERT INTO patient (AMKA, first_name, middle_name, last_name, date_of_birth, sex, weight, height, street_name, street_number, postal_code, area, municipality, prefecture,  profession, citizenship, triage_id) VALUES ('2808413232','Μαρκέλλα',NULL,'Παράνου','1941-08-28','male','131.82','152.92','Ενωτιάδη','189','ΤΚ 220 79','Κομοτηνή','Τρίπολη','Ηλεία','Λιμενεργάτης','Κουβέιτ','0');
INSERT INTO patient_email (AMKA, email_address) VALUES ('2808413232', 'aimilios85@example.org');
INSERT INTO patient_phone (AMKA, phone_number) VALUES ('2808413232', '+30 6902 112144');
INSERT INTO patient_phone (AMKA, phone_number) VALUES ('2808413232', '+30 2339 545898');
INSERT INTO triage (triage_id, level, symptoms) VALUES ('0', '1', 'Πάντως οι ευκολότερο πακέτων. Χρησιμοποιώντας δεν χρονοδιαγράμματα ναι γραμμή άλγεβρα θα ήδη.
Εδώ θέλεις γνωστή έτσι τα. Αποκλειστικούς ας λοιπόν κρατάει έγραψες κάνε υόρκη.');
INSERT INTO patient (AMKA, first_name, middle_name, last_name, date_of_birth, sex, weight, height, street_name, street_number, postal_code, area, municipality, prefecture,  profession, citizenship, triage_id) VALUES ('0304796784','Κλήμης',NULL,'Κουκλατζής','1979-04-03','female','102.19','91.27','Ασή Γωνιάς','175','ΤΚ 605 71','Καρδίτσα','Καρπενήσι','Αττική','Τουριστικός Πράκτορας','Τουβαλού','0');
INSERT INTO patient_email (AMKA, email_address) VALUES ('0304796784', 'neoklis.gousios@example.com');
INSERT INTO patient_email (AMKA, email_address) VALUES ('0304796784', 'fchatzi@example.net');
INSERT INTO patient_phone (AMKA, phone_number) VALUES ('0304796784', '2439081934');
INSERT INTO patient_phone (AMKA, phone_number) VALUES ('0304796784', '+306927129042');
INSERT INTO triage (triage_id, level, symptoms) VALUES ('0', '2', 'Σίγουρος εφαρμογή με περιεχόμενα βάζοντας. Προβληματική ώρα θυμάμαι δείξει εδώ πως μπορούσες.
Ανώδυνη βρίσκονται δύο έτοιμος τους.');
INSERT INTO patient (AMKA, first_name, middle_name, last_name, date_of_birth, sex, weight, height, street_name, street_number, postal_code, area, municipality, prefecture,  profession, citizenship, triage_id) VALUES ('0909990472','Ευθύμιος','Θεοφανία','Βαΐου','1999-09-09','other','80.35','80.68','Αϊτανίων','136','ΤΚ 502 84','Καρπενήσι','Αργοστόλι','Ευρυτανία','Μηχανολόγος Μηχανικός Συστημάτων Αυτόματου Ελέγχου και Ρομποτικής','Μάλτα','0');
INSERT INTO patient_email (AMKA, email_address) VALUES ('0909990472', 'vlachonikoleas.flora@example.com');
INSERT INTO patient_phone (AMKA, phone_number) VALUES ('0909990472', '6907 540 366');
INSERT INTO triage (triage_id, level, symptoms) VALUES ('0', '2', 'Δε έγραψες προκαλείς της. Μάλλον προγραμματιστές γέλασαν. Συγγραφείς τέλειοι διασφαλίζεται. Σε αγοράζοντας αντιλήφθηκαν υπηρεσία κάτι βάζοντας ο πετούν.');
INSERT INTO patient (AMKA, first_name, middle_name, last_name, date_of_birth, sex, weight, height, street_name, street_number, postal_code, area, municipality, prefecture,  profession, citizenship, triage_id) VALUES ('0511416310','Γλυκερία',NULL,'Χαραλάμπους','1941-11-05','male','94.04','164.88','Δαφνιωτίσσης','185','ΤΚ 06904','Ιωάννινα','Ναύπλιο','Καστοριά','Ειδικός Εκπαίδευσης Ενηλίκων','Βρετανικές Παρθένοι Νήσοι','0');
INSERT INTO patient_email (AMKA, email_address) VALUES ('0511416310', 'vartholomaios40@example.net');
INSERT INTO patient_phone (AMKA, phone_number) VALUES ('0511416310', '2519054720');
INSERT INTO patient_phone (AMKA, phone_number) VALUES ('0511416310', '(+30) 2103 539790');
INSERT INTO triage (triage_id, level, symptoms) VALUES ('0', '1', 'Σας έχω εργαζόμενοι δοκιμάσεις.
Εκτελέσεις δε περιβάλλοντος πετούν μεταφραστής χαρτιού. Πλέον πιο κάνε πάντα νέων. Ως ανταγωνιστής μιας σου μη εργαζόμενων.');
INSERT INTO patient (AMKA, first_name, middle_name, last_name, date_of_birth, sex, weight, height, street_name, street_number, postal_code, area, municipality, prefecture,  profession, citizenship, triage_id) VALUES ('2211615129','Στέργιος',NULL,'Γεωργακοπούλου','1961-11-22','other','59.82','93.11','Αποστολίδου','195','07845','Ξάνθη','Σπάρτη','Ξάνθη','Ειδικός Στατιστικής Έρευνας Αγοράς και Δημοσκοπήσεων – Στέλεχος Στατιστικής Δημοσκόπησης','Κίνα','0');
INSERT INTO patient_email (AMKA, email_address) VALUES ('2211615129', 'qpapapanos@example.com');
INSERT INTO patient_email (AMKA, email_address) VALUES ('2211615129', 'zdimou@example.com');
INSERT INTO patient_phone (AMKA, phone_number) VALUES ('2211615129', '+302061614568');
INSERT INTO patient_phone (AMKA, phone_number) VALUES ('2211615129', '6910 506549');
INSERT INTO triage (triage_id, level, symptoms) VALUES ('0', '3', 'Συνάδελφος εξαρτάται κλπ δημιουργια.
Εξαρτάται ανώδυνη διορθώσεις δε. Παράγοντες βγήκε έτσι σχεδιαστής.');
INSERT INTO patient (AMKA, first_name, middle_name, last_name, date_of_birth, sex, weight, height, street_name, street_number, postal_code, area, municipality, prefecture,  profession, citizenship, triage_id) VALUES ('2111074055','Κανέλλα',NULL,'Καρανίκας','2007-11-21','male','91.73','74.18','Λεωφόρος Μύρων','189','10583','Λαμία','Λάρισα','Ηράκλειο','Τεχνικός Αρδεύσεων','Δομινίκα','0');
INSERT INTO patient_email (AMKA, email_address) VALUES ('2111074055', 'eukarpidis.iakovos@example.net');
INSERT INTO patient_email (AMKA, email_address) VALUES ('2111074055', 'koutsogiannopoulos.klytaimnistra@example.net');
INSERT INTO patient_phone (AMKA, phone_number) VALUES ('2111074055', '2462098889');
INSERT INTO patient_phone (AMKA, phone_number) VALUES ('2111074055', '2104416536');
INSERT INTO patient_phone (AMKA, phone_number) VALUES ('2111074055', '2180113594');
INSERT INTO triage (triage_id, level, symptoms) VALUES ('0', '4', 'Επί έστελνε χρονοδιαγράμματος τεσσαρών. Ειδικά διολισθήσεις ταξινομεί μου. Επεξεργασία προσοχή απόλαυσε ζητήσεις.
Όταν σίγουρος μιας πρώτης.');
INSERT INTO patient (AMKA, first_name, middle_name, last_name, date_of_birth, sex, weight, height, street_name, street_number, postal_code, area, municipality, prefecture,  profession, citizenship, triage_id) VALUES ('2307877811','Ζαφειρία','Βύρων','Χέλιος','1987-07-23','other','130.05','88.83','Σκλίβας','133','ΤΚ 784 57','Ναύπλιο','Ναύπλιο','Φωκίδα','Κατασκευαστής Υποδημάτων','Βενεζουέλα','0');
INSERT INTO patient_email (AMKA, email_address) VALUES ('2307877811', 'alexios95@example.net');
INSERT INTO patient_email (AMKA, email_address) VALUES ('2307877811', 'jfolia@example.net');
INSERT INTO patient_phone (AMKA, phone_number) VALUES ('2307877811', '(+30) 2646 025847');
INSERT INTO patient_phone (AMKA, phone_number) VALUES ('2307877811', '(+30) 6904 663325');
INSERT INTO triage (triage_id, level, symptoms) VALUES ('0', '1', 'Μια σπίτι μη χρησιμοποιούσες νέα παράδειγμα. Κάτι βαθμό προκαλείς εκτός εργαζόμενοι σταματάς ακούσει.');
INSERT INTO patient (AMKA, first_name, middle_name, last_name, date_of_birth, sex, weight, height, street_name, street_number, postal_code, area, municipality, prefecture,  profession, citizenship, triage_id) VALUES ('2704878658','Μεθόδιος',NULL,'Σδούκου','1987-04-27','other','149.39','169.52','Πάρ. Στενής','119','19230','Μεσολόγγι','Ηγουμενίτσα','Κιλκίς','Οπτικός','Μπαγκλαντές','0');
INSERT INTO patient_email (AMKA, email_address) VALUES ('2704878658', 'agamemnon.salichos@example.com');
INSERT INTO patient_email (AMKA, email_address) VALUES ('2704878658', 'dimitra.kalatha@example.net');
INSERT INTO patient_phone (AMKA, phone_number) VALUES ('2704878658', '+302957711752');
INSERT INTO triage (triage_id, level, symptoms) VALUES ('0', '1', 'Κλπ χρειάζονται μέρος. Τι αλγόριθμου προγραμματιστής μην εκτός έτοιμος εταιρείες.
Νέο διάσημα αναγκάζονται δημιουργια γεγονός γραμμές ίδιο θέλεις. Συνεχώς χαρτιού το τέλειοι του πηγαίου έχω πετάξαμε.');
INSERT INTO patient (AMKA, first_name, middle_name, last_name, date_of_birth, sex, weight, height, street_name, street_number, postal_code, area, municipality, prefecture,  profession, citizenship, triage_id) VALUES ('1911894428','Κλαίρη',NULL,'Μαυρούτσος','1989-11-19','other','86.3','107.99','Στράτου','164','182 37','Βόλος','Τρίκαλα','Θεσσαλονίκη','Σχεδιαστής Επίπλου','Νήσοι Χερντ και Μακντόναλντ','0');
INSERT INTO patient_email (AMKA, email_address) VALUES ('1911894428', 'nikodimos13@example.org');
INSERT INTO patient_phone (AMKA, phone_number) VALUES ('1911894428', '+30 6900 847265');
INSERT INTO triage (triage_id, level, symptoms) VALUES ('0', '3', 'Σαν πετάνε προσλάμβανες εκτός και διορθώσει. Για έλεγχος που κι εξακολουθεί θα για. Έστελνε πεδία αυτός νέο υπηρεσία.');
INSERT INTO patient (AMKA, first_name, middle_name, last_name, date_of_birth, sex, weight, height, street_name, street_number, postal_code, area, municipality, prefecture,  profession, citizenship, triage_id) VALUES ('0210050553','Βελισσαρία','Μιχαέλα','Γκάβρου','2005-10-02','female','142.66','90.55','Πλατεία Φαλαισίας','38','90076','Σέρρες','Δράμα','Βοιωτία','Μηχανικός Διαχείρισης Ενεργειακών Πόρων','Σιγκαπούρη','0');
INSERT INTO patient_email (AMKA, email_address) VALUES ('0210050553', 'sfakianaki.margietta@example.net');
INSERT INTO patient_phone (AMKA, phone_number) VALUES ('0210050553', '2670 748 717');
INSERT INTO patient_phone (AMKA, phone_number) VALUES ('0210050553', '210 3431645');
INSERT INTO triage (triage_id, level, symptoms) VALUES ('0', '5', 'Γραφικά παίρνουν ορίστε άρα μετρήσεις. Πιο συγχωνευτεί αφήσεις έχω. Κάτι απομόνωση μαγικά παράγοντες κύκλο ίδιο.');
INSERT INTO patient (AMKA, first_name, middle_name, last_name, date_of_birth, sex, weight, height, street_name, street_number, postal_code, area, municipality, prefecture,  profession, citizenship, triage_id) VALUES ('0310669006','Αύγουστος','Κίμων','Σκορδάκης','1966-10-03','female','121.27','118.44','Πάροδος Δύο Βουνών','191','73753','Κομοτηνή','Ξάνθη','Ρέθυμνο','Ψυχίατρος','Γουιάνα','0');
INSERT INTO patient_email (AMKA, email_address) VALUES ('0310669006', 'varsamia38@example.com');
INSERT INTO patient_phone (AMKA, phone_number) VALUES ('0310669006', '(+30) 2418 073636');
INSERT INTO triage (triage_id, level, symptoms) VALUES ('0', '2', 'Κώδικάς των περισσότερη. Πλέον για πάρα βγήκε συγχρόνως. Πλέον έχω έτσι προσπαθήσεις φαινόμενο.');
INSERT INTO patient (AMKA, first_name, middle_name, last_name, date_of_birth, sex, weight, height, street_name, street_number, postal_code, area, municipality, prefecture,  profession, citizenship, triage_id) VALUES ('1504113652','Δωρόθεος',NULL,'Μπαλτατζή','2011-04-15','other','78.0','97.96','Γδοχίων','26','988 37','Καρπενήσι','Φλώρινα','Δωδεκάνησσος','Βιβλιοθηκονόμος','Γουαδελούπη','0');
INSERT INTO patient_email (AMKA, email_address) VALUES ('1504113652', 'ion.chrysikaki@example.net');
INSERT INTO patient_phone (AMKA, phone_number) VALUES ('1504113652', '2352009412');
INSERT INTO patient_phone (AMKA, phone_number) VALUES ('1504113652', '(+30) 6905 371221');
INSERT INTO patient_phone (AMKA, phone_number) VALUES ('1504113652', '6908 230 192');
INSERT INTO triage (triage_id, level, symptoms) VALUES ('0', '3', 'Ποια χρονοδιαγράμματα σου πάντα μέσης. Κόψεις πηγαίου ποια επιδιόρθωση.
Μέσης πλέον ίδιο δωροδοκηθούν σαν. Μέγιστη βαθμό έτοιμος διακοπή εσωτερικών.');
INSERT INTO patient (AMKA, first_name, middle_name, last_name, date_of_birth, sex, weight, height, street_name, street_number, postal_code, area, municipality, prefecture,  profession, citizenship, triage_id) VALUES ('2404429599','Βλασία',NULL,'Κυρούδη','1942-04-24','male','128.35','156.08','Κέλλης','170','687 08','Πρέβεζα','Ρόδος','Πέλλα','Βιολόγος','Απομακρυσμένες Νησίδες των Ηνωμένων Πολιτειών','0');
INSERT INTO patient_email (AMKA, email_address) VALUES ('2404429599', 'itsotsis@example.com');
INSERT INTO patient_email (AMKA, email_address) VALUES ('2404429599', 'petraki.afentra@example.com');
INSERT INTO patient_phone (AMKA, phone_number) VALUES ('2404429599', '210 8679947');
INSERT INTO patient_phone (AMKA, phone_number) VALUES ('2404429599', '6997 159851');
INSERT INTO triage (triage_id, level, symptoms) VALUES ('0', '5', 'Ένας έστελνε τις δουλεύει απαράδεκτη γραφικά. Προσλάμβανες διορθώσει βιβλίο κάτι μέχρι περισσότερες. Κάτι απαρατήρητο ένας τη. Εκτός γνωρίζουμε έτσι απαραίτητο.');
INSERT INTO patient (AMKA, first_name, middle_name, last_name, date_of_birth, sex, weight, height, street_name, street_number, postal_code, area, municipality, prefecture,  profession, citizenship, triage_id) VALUES ('1007944602','Χάιδω',NULL,'Νιτσοτόλης','1994-07-10','male','59.92','163.26','Νοχιών','122','932 54','Ξάνθη','Πάτρα','Χίος','Μηχανικός Πολεμικής Αεροπορίας','Κουβέιτ','0');
INSERT INTO patient_email (AMKA, email_address) VALUES ('1007944602', 'papaeuaggeliou.andronikos@example.org');
INSERT INTO patient_phone (AMKA, phone_number) VALUES ('1007944602', '+306906582605');
INSERT INTO patient_phone (AMKA, phone_number) VALUES ('1007944602', '+30 6989 354036');
INSERT INTO patient_phone (AMKA, phone_number) VALUES ('1007944602', '(+30) 2914 465373');
INSERT INTO triage (triage_id, level, symptoms) VALUES ('0', '1', 'Βιβλίο ξέχασε καταλάθος νέα μεταγλωτίσει μπουν. Ένας παίρνουν υπηρεσία από εντολές. Καταλάθος ρωτήσει συνέχεια όχι σχεδιαστής ναι δεδομένων.');
INSERT INTO patient (AMKA, first_name, middle_name, last_name, date_of_birth, sex, weight, height, street_name, street_number, postal_code, area, municipality, prefecture,  profession, citizenship, triage_id) VALUES ('0910538676','Θωμαίς',NULL,'Κωνσταντινίδης','1953-10-09','male','64.8','169.29','Μεράς','185','811 60','Σπάρτη','Λαμία','Ξάνθη','Διοικητικό και Οικονομικό Στέλεχος Επιχειρήσεων','Ιταλία','0');
INSERT INTO patient_email (AMKA, email_address) VALUES ('0910538676', 'dmina@example.com');
INSERT INTO patient_phone (AMKA, phone_number) VALUES ('0910538676', '6922 177 835');
INSERT INTO triage (triage_id, level, symptoms) VALUES ('0', '2', 'Πρώτο ευκολότερο ακούσει εκτός δύο κλπ δεδομένων δεν. Ροή άρα διακόψουμε της ευκολότερο αρέσει σημεία δεν.');
INSERT INTO patient (AMKA, first_name, middle_name, last_name, date_of_birth, sex, weight, height, street_name, street_number, postal_code, area, municipality, prefecture,  profession, citizenship, triage_id) VALUES ('0211121915','Μαριάννα',NULL,'Ταφραλή','2012-11-02','other','139.03','197.47','Λουτρού Λαρίσης','6','58650','Αργοστόλι','Κιλκίς','Κεφαλληνία','Επιστήμων Πληροφορικής και Η/Υ','Νορβηγία','0');
INSERT INTO patient_email (AMKA, email_address) VALUES ('0211121915', 'myrto.skordos@example.com');
INSERT INTO patient_phone (AMKA, phone_number) VALUES ('0211121915', '6916448381');
INSERT INTO triage (triage_id, level, symptoms) VALUES ('0', '5', 'Έστελνε κώδικάς γεύματος δούλευε κι. Στήλες στη σταματάς πες ναι ανταγωνιστής. Κρατήσουν ανώδυνη άρα εργοστασίου ημέρα χρησιμοποιούσες επιδιόρθωση χρησιμοποιώντας.');
INSERT INTO patient (AMKA, first_name, middle_name, last_name, date_of_birth, sex, weight, height, street_name, street_number, postal_code, area, municipality, prefecture,  profession, citizenship, triage_id) VALUES ('2407167798','Σεραφεία',NULL,'Μπαγανάς','2016-07-24','female','138.12','171.29','Βασιλάκη','109','ΤΚ 831 20','Αγ. Νικόλαος','Τρίκαλα','Ιωάννινα','Διευθυντής Eπιχειρήσεων','Νιγηρία','0');
INSERT INTO patient_email (AMKA, email_address) VALUES ('2407167798', 'xpantzekos@example.com');
INSERT INTO patient_email (AMKA, email_address) VALUES ('2407167798', 'dmakris@example.net');
INSERT INTO patient_phone (AMKA, phone_number) VALUES ('2407167798', '210 2705150');
INSERT INTO patient_phone (AMKA, phone_number) VALUES ('2407167798', '+302278087093');
INSERT INTO triage (triage_id, level, symptoms) VALUES ('0', '1', 'Ποια ποια σπίτι βαθμό από συγγραφής. Έτσι αρχεία πολύ. Μου μάλλον λαμβάνουν μπουν σημεία έστελνε τρόπο. Εργαλείων προσεκτικά τελειώσει θέματα.');
INSERT INTO patient (AMKA, first_name, middle_name, last_name, date_of_birth, sex, weight, height, street_name, street_number, postal_code, area, municipality, prefecture,  profession, citizenship, triage_id) VALUES ('1101655806','Σταμάτης','Νεόκλεια','Μαυρουδής','1965-01-11','male','52.75','174.91','Μάντου','74','ΤΚ 824 86','Λαμία','Βέροια','Μαγνησία','Επισκευαστής Λαμαρινών Αυτοκινήτων-Οχημάτων','Κούβα','0');
INSERT INTO patient_email (AMKA, email_address) VALUES ('1101655806', 'kleanthis52@example.com');
INSERT INTO patient_phone (AMKA, phone_number) VALUES ('1101655806', '6925274921');
INSERT INTO patient_phone (AMKA, phone_number) VALUES ('1101655806', '210 872 7125');
INSERT INTO patient_phone (AMKA, phone_number) VALUES ('1101655806', '6943 963657');
INSERT INTO triage (triage_id, level, symptoms) VALUES ('0', '5', 'Κανείς όσο δεν εφαμοργής. Κανένας διακοπής σου νέου επενδυτής έτσι.
Εδώ αν παίρνουν έστελνε τι προκαλείς αρχεία. Γεγονός κρατήσουν σου ύψος.');
INSERT INTO patient (AMKA, first_name, middle_name, last_name, date_of_birth, sex, weight, height, street_name, street_number, postal_code, area, municipality, prefecture,  profession, citizenship, triage_id) VALUES ('1005553989','Ιωακείμ',NULL,'Λαουρδέκης','1955-05-10','male','98.85','189.93','Αγκαθιάς','30','74787','Κόρινθος','Μεσολόγγι','Εύβοια','Μηχανολόγος Μηχανικός Βιομηχανίας','Νότιος Γεωργία και οι Νότιοι Σάντουιτς Νήσοι','0');
INSERT INTO patient_email (AMKA, email_address) VALUES ('1005553989', 'anagnostis.pantos@example.net');
INSERT INTO patient_email (AMKA, email_address) VALUES ('1005553989', 'nsfounis@example.org');
INSERT INTO patient_phone (AMKA, phone_number) VALUES ('1005553989', '210 692 9625');
INSERT INTO patient_phone (AMKA, phone_number) VALUES ('1005553989', '27760 03 893');
INSERT INTO patient_phone (AMKA, phone_number) VALUES ('1005553989', '28080 37 993');
INSERT INTO triage (triage_id, level, symptoms) VALUES ('0', '5', 'Γιαυτό μου βουτήξουν. Ο δεν όσο ότι υποψήφιο νόμιζες χρόνου. Πήρε μιας ορίστε βιαστικά το.');
INSERT INTO patient (AMKA, first_name, middle_name, last_name, date_of_birth, sex, weight, height, street_name, street_number, postal_code, area, municipality, prefecture,  profession, citizenship, triage_id) VALUES ('2203183514','Δάφνη','Αλκινόη','Τσαμαδός','2018-03-22','male','117.12','149.05','Αρχανίου','33','15181','Πρέβεζα','Ηράκλειο','Ευρυτανία','Εκτιμητής Έργων Τέχνης','Κύπρος','0');
INSERT INTO patient_email (AMKA, email_address) VALUES ('2203183514', 'zisoula.mantou@example.net');
INSERT INTO patient_email (AMKA, email_address) VALUES ('2203183514', 'melani.mantha@example.org');
INSERT INTO patient_phone (AMKA, phone_number) VALUES ('2203183514', '210 3994561');
INSERT INTO triage (triage_id, level, symptoms) VALUES ('0', '2', 'Στις εδώ από πολύ αγοράζοντας εργοστασίου. Από δυστυχώς γράψει στο.
Δημιουργείς ερωτήσεις μη λοιπόν εκτελέσεις. Κόψεις συγκεντρωμένοι εργαζόμενοι. Μια λίγο ο συνέχεια.');
INSERT INTO patient (AMKA, first_name, middle_name, last_name, date_of_birth, sex, weight, height, street_name, street_number, postal_code, area, municipality, prefecture,  profession, citizenship, triage_id) VALUES ('2303739960','Νίκος',NULL,'Πολυχρόνης','1973-03-23','female','62.19','119.75','Ανακασιάς','92','ΤΚ 00585','Ερμούπολη','Χανιά','Ημαθία','Διαχειριστής Τεχνολογίας Internet','Ρεϊνιόν','0');
INSERT INTO patient_email (AMKA, email_address) VALUES ('2303739960', 'markella68@example.com');
INSERT INTO patient_phone (AMKA, phone_number) VALUES ('2303739960', '(+30) 6909 574612');
INSERT INTO triage (triage_id, level, symptoms) VALUES ('0', '4', 'Διαπιστώνεις ορίστε προσθέσει πάντα μηχανής λαμβάνουν σίγουρος. Αναφορά πετούν εργασίας τον προϊόντα μάθε εκτός.
Άρθρων κανείς εφαρμογή πάντως διοικητικό. Έχω αποστηθίσει και.');
INSERT INTO patient (AMKA, first_name, middle_name, last_name, date_of_birth, sex, weight, height, street_name, street_number, postal_code, area, municipality, prefecture,  profession, citizenship, triage_id) VALUES ('3105055034','Πολύβιος',NULL,'Γιαννοπούλου','2005-05-31','female','84.64','92.13','Οικονομοπούλου','166','401 43','Λιβαδιά','Πρέβεζα','Χαλκιδική','Ειδικός Ξενοδοχειακών Υπηρεσιών και Τροφοδοσίας','Μπουρουντί','0');
INSERT INTO patient_email (AMKA, email_address) VALUES ('3105055034', 'vkoutsonika@example.net');
INSERT INTO patient_email (AMKA, email_address) VALUES ('3105055034', 'stergiani87@example.org');
INSERT INTO patient_phone (AMKA, phone_number) VALUES ('3105055034', '(+30) 2336 538861');
INSERT INTO patient_phone (AMKA, phone_number) VALUES ('3105055034', '2180267263');
INSERT INTO patient_phone (AMKA, phone_number) VALUES ('3105055034', '2109993003');
INSERT INTO triage (triage_id, level, symptoms) VALUES ('0', '2', 'Απαράδεκτη γραμμές νέα ίδιο απαράδεκτη όχι. Από σίγουρος το. Δημιουργια υψηλότερη έτσι μια τι μετράει.');
INSERT INTO patient (AMKA, first_name, middle_name, last_name, date_of_birth, sex, weight, height, street_name, street_number, postal_code, area, municipality, prefecture,  profession, citizenship, triage_id) VALUES ('2208165936','Πανορμίτης',NULL,'Μπούζα','2016-08-22','female','135.41','115.41','Πάροδος Βραγγιανών','16','ΤΚ 130 30','Λάρισα','Ξάνθη','Κεφαλληνία','Αθλητικός Δημοσιογράφος – Ρεπόρτερ','Ανδόρα','0');
INSERT INTO patient_email (AMKA, email_address) VALUES ('2208165936', 'sozousa62@example.org');
INSERT INTO patient_email (AMKA, email_address) VALUES ('2208165936', 'lymperis.fani@example.org');
INSERT INTO patient_phone (AMKA, phone_number) VALUES ('2208165936', '2670086664');
INSERT INTO patient_phone (AMKA, phone_number) VALUES ('2208165936', '(+30) 6949 562514');
INSERT INTO triage (triage_id, level, symptoms) VALUES ('0', '4', 'Έτοιμος να εντολές. Νέων ορίστε φακέλους δούλευε αλγόριθμου.
Ήδη μπουν εξαρτάται ως.
Επί ροή προσεκτικά έχω. Μην μέχρι έξι αλγόριθμου.');
INSERT INTO patient (AMKA, first_name, middle_name, last_name, date_of_birth, sex, weight, height, street_name, street_number, postal_code, area, municipality, prefecture,  profession, citizenship, triage_id) VALUES ('1611548914','Αγάθη',NULL,'Μπαλτατζή','1954-11-16','male','70.76','135.01','Αβραμιού','192','ΤΚ 440 96','Ηγουμενίτσα','Λαμία','Εύβοια','Πλανόδιος Πωλητής','Μπρουνέι','0');
INSERT INTO patient_email (AMKA, email_address) VALUES ('1611548914', 'koulidis.daniil@example.net');
INSERT INTO patient_phone (AMKA, phone_number) VALUES ('1611548914', '6913 003411');
INSERT INTO patient_phone (AMKA, phone_number) VALUES ('1611548914', '6953922556');
INSERT INTO patient_phone (AMKA, phone_number) VALUES ('1611548914', '+302419918219');
INSERT INTO triage (triage_id, level, symptoms) VALUES ('0', '1', 'Πήρε απομόνωση τρόπο ροή του εκτελέσει την. Μια μέχρι επιδιορθώσεις ίδιο κανόνα. Θα μέχρι πες αυτήν προσπαθήσεις.
Ότι στέλνοντάς αν πρώτης αφήσεις ειδικά. Περιβάλλοντος αγοράζοντας εκείνου σίγουρος.');
INSERT INTO patient (AMKA, first_name, middle_name, last_name, date_of_birth, sex, weight, height, street_name, street_number, postal_code, area, municipality, prefecture,  profession, citizenship, triage_id) VALUES ('1908400321','Ανάργυρη',NULL,'Γεροδήμος','1940-08-19','other','99.76','163.17','Κυπαρισσίων','121','60145','Θεσσαλονίκη','Καρδίτσα','Ημαθία','Υπεύθυνος Προμηθειών και Διαχείρισης Αποθήκης','Τόγκο','0');
INSERT INTO patient_email (AMKA, email_address) VALUES ('1908400321', 'vlepida@example.com');
INSERT INTO patient_email (AMKA, email_address) VALUES ('1908400321', 'argyriou.nefeli@example.com');
INSERT INTO patient_phone (AMKA, phone_number) VALUES ('1908400321', '20370 67 239');
INSERT INTO patient_phone (AMKA, phone_number) VALUES ('1908400321', '(+30) 6964 183611');
INSERT INTO triage (triage_id, level, symptoms) VALUES ('0', '5', 'Ο επιχείριση κοιτάζοντας αποστηθίσει ξέχασε μέγιστη κόλπα. Πήρε εντολές πάρα της αν.
Συνεχώς περιεχόμενα μεταφραστής. Χρησιμοποιούνταν εκτελέσει στο αν πολύ προσλάμβανες δεδομένων.');
INSERT INTO patient (AMKA, first_name, middle_name, last_name, date_of_birth, sex, weight, height, street_name, street_number, postal_code, area, municipality, prefecture,  profession, citizenship, triage_id) VALUES ('2110925240','Βάιος',NULL,'Βαβουλίδης','1992-10-21','other','131.2','105.79','Πάρ. Γρηγορίου','174','ΤΚ 655 33','Ρέθυμνο','Χίος','Φλώρινα','Τεχνικός Μηχανών Θαλάσσης και Αναψυχής','Βιετνάμ','0');
INSERT INTO patient_email (AMKA, email_address) VALUES ('2110925240', 'dsgouros@example.net');
INSERT INTO patient_phone (AMKA, phone_number) VALUES ('2110925240', '6918 618 697');
INSERT INTO triage (triage_id, level, symptoms) VALUES ('0', '3', 'Γεγονός σίγουρος σαν σκεφτείς. Λετπά μην προσπαθήσεις δε ρουτίνα διακοπής.
Συνηθίζουν βασανίζουν στα εφαρμογής φράση ήδη ναι αποφάσισε. Εγώ έτσι δυστυχής πλέον παραπάνω δεδομένων πρόσληψη.');
INSERT INTO patient (AMKA, first_name, middle_name, last_name, date_of_birth, sex, weight, height, street_name, street_number, postal_code, area, municipality, prefecture,  profession, citizenship, triage_id) VALUES ('0809149671','Θεολόγος',NULL,'Κυργιά','2014-09-08','male','93.2','199.11','Τραγακίου','38','22859','Καβάλα','Ρέθυμνο','Μαγνησία','Ιερέας','Φινλανδία','0');
INSERT INTO patient_email (AMKA, email_address) VALUES ('0809149671', 'stamatina44@example.com');
INSERT INTO patient_phone (AMKA, phone_number) VALUES ('0809149671', '(+30) 6976 610879');
INSERT INTO triage (triage_id, level, symptoms) VALUES ('0', '5', 'Εκδόσεις κάτι πόρτες πακέτων έλεγχος τους. Τελειώσει όσο εκτελέσει βιαστικά περίπου.
Πλέον πως γνωρίζουμε σε μάθε μας νέα. Εδώ σαν κανόνα περιεχόμενα στήλες. Αυτήν τύπου τρέξει ότι ναι μέγιστη.');
INSERT INTO patient (AMKA, first_name, middle_name, last_name, date_of_birth, sex, weight, height, street_name, street_number, postal_code, area, municipality, prefecture,  profession, citizenship, triage_id) VALUES ('2404933002','Αγαθοκλής',NULL,'Σμπονιάς','1993-04-24','male','83.73','170.35','Λεωφ. Σταυρινήδων','104','ΤΚ 68672','Ρέθυμνο','Φλώρινα','Θεσσαλονίκη','Μηχανικός Παραγωγής και Διοίκησης','Μπαγκλαντές','0');
INSERT INTO patient_email (AMKA, email_address) VALUES ('2404933002', 'soultana.lithoxoidis@example.net');
INSERT INTO patient_phone (AMKA, phone_number) VALUES ('2404933002', '2830 106 226');
INSERT INTO patient_phone (AMKA, phone_number) VALUES ('2404933002', '2091011827');
INSERT INTO patient_phone (AMKA, phone_number) VALUES ('2404933002', '2540 724020');
INSERT INTO triage (triage_id, level, symptoms) VALUES ('0', '4', 'Προσοχή εκτελέσει μεταγλωτιστής συγγραφής εφαρμογή. Με και όταν μα. Εξοργιστικά ξέχασε πάντως ορίστε βαθμό λαμβάνουν.
Διολισθήσεις κρατάει ωραίο δεν στη ευκολότερο.');
INSERT INTO patient (AMKA, first_name, middle_name, last_name, date_of_birth, sex, weight, height, street_name, street_number, postal_code, area, municipality, prefecture,  profession, citizenship, triage_id) VALUES ('0104406857','Ζαφειρία',NULL,'Λώλος','1940-04-01','female','73.95','61.31','Τριλόφου','142','77534','Πολύγυρος','Βέροια','Λασσίθι','Φωτομοντέλο - Μανεκέν','Ουγγαρία','0');
INSERT INTO patient_email (AMKA, email_address) VALUES ('0104406857', 'lysandros29@example.com');
INSERT INTO patient_email (AMKA, email_address) VALUES ('0104406857', 'aggelos.gourgoulis@example.com');
INSERT INTO patient_phone (AMKA, phone_number) VALUES ('0104406857', '+30 6991 954291');
INSERT INTO patient_phone (AMKA, phone_number) VALUES ('0104406857', '210 571 2008');
INSERT INTO patient_phone (AMKA, phone_number) VALUES ('0104406857', '(+30) 2295 971747');
INSERT INTO triage (triage_id, level, symptoms) VALUES ('0', '1', 'Πετούν το φράση μεταφραστής ημέρα.
Πεδία στο ότι πακέτων. Τους ένας στραβά εκτός ξέχασε τα βιβλίο.
Πολύ εφαμοργής πακέτων εκδόσεις έρθει. Βγήκε ένα μέχρι.');
INSERT INTO patient (AMKA, first_name, middle_name, last_name, date_of_birth, sex, weight, height, street_name, street_number, postal_code, area, municipality, prefecture,  profession, citizenship, triage_id) VALUES ('2802258035','Μαργαρίτα',NULL,'Αθανασόπουλος','2025-02-28','female','121.78','51.77','Τήνου','78','ΤΚ 30711','Κοζάνη','Λάρισα','Σέρρες','Αισθητικός Αρωματοθεραπείας','Γαλλία','0');
INSERT INTO patient_email (AMKA, email_address) VALUES ('2802258035', 'prokopios.antoniou@example.net');
INSERT INTO patient_email (AMKA, email_address) VALUES ('2802258035', 'sozon.kypraios@example.org');
INSERT INTO patient_phone (AMKA, phone_number) VALUES ('2802258035', '2370 813319');
INSERT INTO triage (triage_id, level, symptoms) VALUES ('0', '1', 'Έστειλε υόρκη μηχανής συνεχώς άρα αποδείξεις. Εκτός εικόνες παράδειγμα φράση αλγόριθμου. Των χρειάζονται χρειάζονται εκτελείται ας επενδυτής για πετάνε.');
INSERT INTO patient (AMKA, first_name, middle_name, last_name, date_of_birth, sex, weight, height, street_name, street_number, postal_code, area, municipality, prefecture,  profession, citizenship, triage_id) VALUES ('0401703682','Αγόρω',NULL,'Βελεντζάς','1970-01-04','male','122.89','186.83','Πολυμύλου','7','146 10','Πρέβεζα','Πρέβεζα','Καβάλα','Ειδικός Μάρκετινγκ','Δημοκρατία της Βόρειας Μακεδονίας','0');
INSERT INTO patient_email (AMKA, email_address) VALUES ('0401703682', 'rafail.drakakis@example.com');
INSERT INTO patient_email (AMKA, email_address) VALUES ('0401703682', 'dnelos@example.org');
INSERT INTO patient_phone (AMKA, phone_number) VALUES ('0401703682', '2310691697');
INSERT INTO patient_phone (AMKA, phone_number) VALUES ('0401703682', '2510 177030');
INSERT INTO triage (triage_id, level, symptoms) VALUES ('0', '3', 'Κι επιδιορθώσεις έτοιμος ωραίο εφαρμογής παραπάνω κόψεις πρόσληψη. Πάρεις σημεία νέου τη. Παίρνει εγώ ως τρόπο άρα επιδιορθώσεις.');
INSERT INTO patient (AMKA, first_name, middle_name, last_name, date_of_birth, sex, weight, height, street_name, street_number, postal_code, area, municipality, prefecture,  profession, citizenship, triage_id) VALUES ('1612755043','Διονυσία','Χαραλαμπία','Τσαγλιώτης','1975-12-16','other','108.43','66.39','Αΐμονα','154','773 29','Αθήνα','Πολύγυρος','Ρέθυμνο','Τεχνίτης Ψάθας - Καλαθοποιίας','Ισραήλ','0');
INSERT INTO patient_email (AMKA, email_address) VALUES ('1612755043', 'eandriopoulos@example.org');
INSERT INTO patient_email (AMKA, email_address) VALUES ('1612755043', 'revekka.tavernarakis@example.com');
INSERT INTO patient_phone (AMKA, phone_number) VALUES ('1612755043', '21880 56 991');
INSERT INTO patient_phone (AMKA, phone_number) VALUES ('1612755043', '2465030738');
INSERT INTO patient_phone (AMKA, phone_number) VALUES ('1612755043', '210 6744794');
INSERT INTO triage (triage_id, level, symptoms) VALUES ('0', '4', 'Σαν πακέτων θέματα παράγοντες έχω προκύπτουν απαράδεκτη. Χαρακτηριστικό ρωτάει συγχρόνως επιστρέφουν κώδικα πήρε.');
INSERT INTO patient (AMKA, first_name, middle_name, last_name, date_of_birth, sex, weight, height, street_name, street_number, postal_code, area, municipality, prefecture,  profession, citizenship, triage_id) VALUES ('0906744291','Λεώνη',NULL,'Βουλτσίδου','1974-06-09','male','78.08','68.96','Δαυλείας','55','718 70','Πρέβεζα','Λιβαδιά','Βοιωτία','Γεωπόνος Φυτικής Παραγωγής','Άγιος Μαρίνος','0');
INSERT INTO patient_email (AMKA, email_address) VALUES ('0906744291', 'ymanouselis@example.org');
INSERT INTO patient_phone (AMKA, phone_number) VALUES ('0906744291', '210 870 3391');
INSERT INTO patient_phone (AMKA, phone_number) VALUES ('0906744291', '6953437757');
INSERT INTO patient_phone (AMKA, phone_number) VALUES ('0906744291', '210 2282058');
INSERT INTO triage (triage_id, level, symptoms) VALUES ('0', '3', 'Και πρώτο από απίστευτα ήδη ξέχασε. Εξαρτάται στήλες την αυτήν εικόνες παράδειγμα από σαν. Εφαρμογή εξαρτάται και σας απομόνωση τον μεταγλωτίσει.');
INSERT INTO patient (AMKA, first_name, middle_name, last_name, date_of_birth, sex, weight, height, street_name, street_number, postal_code, area, municipality, prefecture,  profession, citizenship, triage_id) VALUES ('1206416500','Δημήτριος',NULL,'Κίσσας','1941-06-12','other','62.12','100.63','Παναρίτη','19','774 63','Μεσολόγγι','Αλεξανδρούπολη','Μεσσηνία','Ειδικός Σχεδιασμού Αστικής και Περιφερειακής Ανάπτυξης','Καζακστάν','0');
INSERT INTO patient_email (AMKA, email_address) VALUES ('1206416500', 'gdouvali@example.org');
INSERT INTO patient_email (AMKA, email_address) VALUES ('1206416500', 'epameinondas.apostolakakis@example.com');
INSERT INTO patient_phone (AMKA, phone_number) VALUES ('1206416500', '+30 6992 672433');
INSERT INTO patient_phone (AMKA, phone_number) VALUES ('1206416500', '(+30) 6998 857543');
INSERT INTO triage (triage_id, level, symptoms) VALUES ('0', '3', 'Αρέσει επί ναι υπηρεσία απομόνωση γιαυτό ατόμου. Παράγοντες μην αρχεία έχω έρθει μας.
Λαμβάνουν διάβασε εδώ ανταγωνιστής. Σχεδιαστής ορίστε προσεκτικά αποθηκευτικού μέχρι τη.');
INSERT INTO patient (AMKA, first_name, middle_name, last_name, date_of_birth, sex, weight, height, street_name, street_number, postal_code, area, municipality, prefecture,  profession, citizenship, triage_id) VALUES ('2107906540','Οδυσσέας',NULL,'Ζουλούμης','1990-07-21','other','72.58','134.89','Πυροβόλου','188','86842','Κοζάνη','Μεσολόγγι','Αργολίδα','Κριτικός Τέχνης','Τατζικιστάν','0');
INSERT INTO patient_email (AMKA, email_address) VALUES ('2107906540', 'asimis96@example.com');
INSERT INTO patient_email (AMKA, email_address) VALUES ('2107906540', 'pagona73@example.net');
INSERT INTO patient_phone (AMKA, phone_number) VALUES ('2107906540', '6928 842 874');
INSERT INTO triage (triage_id, level, symptoms) VALUES ('0', '1', 'Σε δοκιμάσεις ωραίο δύο μέχρι κειμένων. Μάτσο εσωτερικών εκτελέσεις βγήκε έτσι.
Διακοπής ανταγωνιστής μέρος τέλειοι. Λίγο της προσθέσει περιβάλλοντος. Τι σου σου άρα πιο ανταγωνιστής.');
INSERT INTO patient (AMKA, first_name, middle_name, last_name, date_of_birth, sex, weight, height, street_name, street_number, postal_code, area, municipality, prefecture,  profession, citizenship, triage_id) VALUES ('2506129521','Κόσμια','Ντανιέλα','Μπέκος','2012-06-25','male','55.05','86.56','Βερτίσκου','105','ΤΚ 752 88','Αλεξανδρούπολη','Θεσσαλονίκη','Ξάνθη','Επισκευαστής Πλαστικών Σκαφών','Ελλάδα','0');
INSERT INTO patient_email (AMKA, email_address) VALUES ('2506129521', 'klairi.galanaki@example.com');
INSERT INTO patient_email (AMKA, email_address) VALUES ('2506129521', 'sarantis.zerva@example.com');
INSERT INTO patient_phone (AMKA, phone_number) VALUES ('2506129521', '2710442588');
INSERT INTO patient_phone (AMKA, phone_number) VALUES ('2506129521', '6953 323620');
INSERT INTO triage (triage_id, level, symptoms) VALUES ('0', '5', 'Γιαυτό ποια μιας χρησιμοποιώντας μάθε παραγωγικής ότι όταν. Κρατήσουν απαράδεκτη αποθηκευτικού παραδοτέου απομόνωση εγώ εγώ μηχανής. Ναι είχαμε λες κι. Επιδιορθώσεις προσπαθούν λίγο πετάξαμε σε.');
INSERT INTO patient (AMKA, first_name, middle_name, last_name, date_of_birth, sex, weight, height, street_name, street_number, postal_code, area, municipality, prefecture,  profession, citizenship, triage_id) VALUES ('2410869200','Ανδρόνικος',NULL,'Ατσαλάκη','1986-10-24','male','127.06','173.82','Βέργης','26','ΤΚ 750 20','Καρδίτσα','Καβάλα','Ηράκλειο','Στέλεχος Τουρισμού','Γαλλία','0');
INSERT INTO patient_email (AMKA, email_address) VALUES ('2410869200', 'aimilianos.sapriki@example.org');
INSERT INTO patient_email (AMKA, email_address) VALUES ('2410869200', 'solon.mamala@example.net');
INSERT INTO patient_phone (AMKA, phone_number) VALUES ('2410869200', '2971089373');
INSERT INTO patient_phone (AMKA, phone_number) VALUES ('2410869200', '2710024619');
INSERT INTO triage (triage_id, level, symptoms) VALUES ('0', '5', 'Ας κάτι αλγόριθμου πάντως πιο προϊόντα. Χειρότερα καταλάθος ροή νιρβάνα αυτός εδώ μη. Ώρα σπίτι βασανίζουν τρέξει πολύ μην.
Ταξινομεί απαράδεκτη σαν χαρακτηριστικών.');
INSERT INTO patient (AMKA, first_name, middle_name, last_name, date_of_birth, sex, weight, height, street_name, street_number, postal_code, area, municipality, prefecture,  profession, citizenship, triage_id) VALUES ('1903504845','Ιερεμίας',NULL,'Κανελλή','1950-03-19','female','55.73','63.51','Σαμίων','48','78248','Κοζάνη','Άρτα','Χίος','Ειδικός Προσχολικής Αγωγής Δραστηριοτήτων Δημιουργίας και Έκφρασης','Μακάο','0');
INSERT INTO patient_email (AMKA, email_address) VALUES ('1903504845', 'wkourlou@example.net');
INSERT INTO patient_email (AMKA, email_address) VALUES ('1903504845', 'kyriakopoulou.neokleia@example.com');
INSERT INTO patient_phone (AMKA, phone_number) VALUES ('1903504845', '210 7412726');
INSERT INTO patient_phone (AMKA, phone_number) VALUES ('1903504845', '+302819501330');
INSERT INTO triage (triage_id, level, symptoms) VALUES ('0', '3', 'Χρονοδιαγράμματα ίδιο για.
Κανένας εξακολουθεί εκτός ευκολότερο δημιουργήσεις απαραίτητο. Πάντα είχαμε δε κρατάει. Αλγόριθμου διακοπής αγοράζοντας πρόσληψη ερώτηση εταιρείες.');
INSERT INTO patient (AMKA, first_name, middle_name, last_name, date_of_birth, sex, weight, height, street_name, street_number, postal_code, area, municipality, prefecture,  profession, citizenship, triage_id) VALUES ('1805971952','Αρχέλαος',NULL,'Βούρας','1997-05-18','female','83.84','73.69','Σάρχου','37','33604','Καρδίτσα','Βόλος','Μεσσηνία','Βοηθός Μαγειρικής Τέχνης','Βενεζουέλα','0');
INSERT INTO patient_email (AMKA, email_address) VALUES ('1805971952', 'wmargaris@example.org');
INSERT INTO patient_phone (AMKA, phone_number) VALUES ('1805971952', '+306917347658');
INSERT INTO patient_phone (AMKA, phone_number) VALUES ('1805971952', '(+30) 2121 278392');
INSERT INTO patient_phone (AMKA, phone_number) VALUES ('1805971952', '6976 886 587');
INSERT INTO triage (triage_id, level, symptoms) VALUES ('0', '3', 'Έχω δε είχαμε δεν τη. Παίξουν δουλεύει γνωστή.
Ρουτίνα προσθέσει νόμιζες άτομο εδώ. Αποστηθίσει στις για κανένας ροή γεύματος.');
INSERT INTO patient (AMKA, first_name, middle_name, last_name, date_of_birth, sex, weight, height, street_name, street_number, postal_code, area, municipality, prefecture,  profession, citizenship, triage_id) VALUES ('1612414904','Κίμων','Νεφέλη','Σγουρός','1941-12-16','male','105.55','123.71','Κερασεών','192','133 82','Καλαμάτα','Λιβαδιά','Φωκίδα','Αγγειοπλάστης','Αμερικανικές Παρθένοι Νήσοι','0');
INSERT INTO patient_email (AMKA, email_address) VALUES ('1612414904', 'matthaios.kostopoulos@example.com');
INSERT INTO patient_phone (AMKA, phone_number) VALUES ('1612414904', '+306911256299');
INSERT INTO patient_phone (AMKA, phone_number) VALUES ('1612414904', '+302780775452');
INSERT INTO patient_phone (AMKA, phone_number) VALUES ('1612414904', '+302400790488');
INSERT INTO triage (triage_id, level, symptoms) VALUES ('0', '3', 'Θα τους στέλνοντάς τις. Ανά γραμμές αποστηθίσει. Όσο ρουτίνα σας λίγο μάθε μέσης για ήδη.
Προγραμματιστές μετρήσεις συγγραφείς μέχρι. Σταματάς ποια όσο τοπικές υόρκη κώδικάς.');
INSERT INTO patient (AMKA, first_name, middle_name, last_name, date_of_birth, sex, weight, height, street_name, street_number, postal_code, area, municipality, prefecture,  profession, citizenship, triage_id) VALUES ('1207555071','Ανδριανή',NULL,'Κουλουμπού','1955-07-12','other','66.91','117.23','Πυργέλλας','177','22827','Πάτρα','Λάρισα','Φθιώτιδα','Πλοίαρχος','Φινλανδία','0');
INSERT INTO patient_email (AMKA, email_address) VALUES ('1207555071', 'apostolia.krialis@example.net');
INSERT INTO patient_phone (AMKA, phone_number) VALUES ('1207555071', '210 6018199');
INSERT INTO patient_phone (AMKA, phone_number) VALUES ('1207555071', '2180660851');
INSERT INTO patient_phone (AMKA, phone_number) VALUES ('1207555071', '2105522133');
INSERT INTO triage (triage_id, level, symptoms) VALUES ('0', '4', 'Ότι εκθέσεις επενδυτής στήλες για. Νέου αφήσεις την.
Απόλαυσε ανεπιθύμητη κανείς πάντα αφήσεις στέλνοντάς αποδείξεις. Ίδιο δεν κύκλο εγώ από των.');
INSERT INTO patient (AMKA, first_name, middle_name, last_name, date_of_birth, sex, weight, height, street_name, street_number, postal_code, area, municipality, prefecture,  profession, citizenship, triage_id) VALUES ('3004851673','Φιλοθέη',NULL,'Μανουσιάδης','1985-04-30','male','146.82','98.77','Σαγαιίκων','2','528 93','Κέρκυρα','Δράμα','Κέρκυρα','Επόπτης Δημόσιας Υγείας','Μεξικό','0');
INSERT INTO patient_email (AMKA, email_address) VALUES ('3004851673', 'foteini16@example.com');
INSERT INTO patient_email (AMKA, email_address) VALUES ('3004851673', 'giannakopoulos.iosif@example.org');
INSERT INTO patient_phone (AMKA, phone_number) VALUES ('3004851673', '+302781077651');
INSERT INTO patient_phone (AMKA, phone_number) VALUES ('3004851673', '(+30) 2917 472455');
INSERT INTO patient_phone (AMKA, phone_number) VALUES ('3004851673', '(+30) 2497 420998');
INSERT INTO triage (triage_id, level, symptoms) VALUES ('0', '1', 'Δύο εγώ συνάδελφος επί εγώ διακοπής. Πάντα έστειλε χρειάζονται αν περιβάλλοντος στραβά επί.');
INSERT INTO patient (AMKA, first_name, middle_name, last_name, date_of_birth, sex, weight, height, street_name, street_number, postal_code, area, municipality, prefecture,  profession, citizenship, triage_id) VALUES ('1502091192','Ανδρονίκη',NULL,'Μήτσου','2009-02-15','female','89.31','151.28','Καλεσμένου','61','92214','Ξάνθη','Βόλος','Ηλεία','Διπλωμάτης','Πορτογαλία','0');
INSERT INTO patient_email (AMKA, email_address) VALUES ('1502091192', 'iokasti22@example.com');
INSERT INTO patient_email (AMKA, email_address) VALUES ('1502091192', 'vlasis03@example.net');
INSERT INTO patient_phone (AMKA, phone_number) VALUES ('1502091192', '(+30) 2838 610293');
INSERT INTO patient_phone (AMKA, phone_number) VALUES ('1502091192', '6993081414');
INSERT INTO patient_phone (AMKA, phone_number) VALUES ('1502091192', '+302508275582');
INSERT INTO triage (triage_id, level, symptoms) VALUES ('0', '4', 'Μέχρι διολισθήσεις μιας μέγιστη μιας σας άτομο. Υψηλότερη μα απαραίτητο. Πάντως του από παραπάνω ας ο να.
Προσεκτικά λοιπόν πες των υψηλότερη δύο.');
INSERT INTO patient (AMKA, first_name, middle_name, last_name, date_of_birth, sex, weight, height, street_name, street_number, postal_code, area, municipality, prefecture,  profession, citizenship, triage_id) VALUES ('0106175216','Ιορδάνης',NULL,'Μακρυκώστας','2017-06-01','other','118.1','76.97','Καμαρωτού','2','ΤΚ 09152','Κιλκίς','Λάρισα','Καβάλα','Δικαστής','Νήσοι Κουκ','0');
INSERT INTO patient_email (AMKA, email_address) VALUES ('0106175216', 'aggeliki.konstantas@example.org');
INSERT INTO patient_email (AMKA, email_address) VALUES ('0106175216', 'xanthos16@example.org');
INSERT INTO patient_phone (AMKA, phone_number) VALUES ('0106175216', '6931311899');
INSERT INTO patient_phone (AMKA, phone_number) VALUES ('0106175216', '+302825284527');
INSERT INTO triage (triage_id, level, symptoms) VALUES ('0', '4', 'Τις ας διακοπή έχω του περισσότερες. Ανά τεκμηριώνει γέλασαν κι που τεσσαρών. Στις περισσότερη κάτι μερικούς.
Μας ένα χώρου διασφαλίζεται. Διάσημα χρονοδιαγράμματος πάντως καταλάθος πρόσληψη.');
INSERT INTO patient (AMKA, first_name, middle_name, last_name, date_of_birth, sex, weight, height, street_name, street_number, postal_code, area, municipality, prefecture,  profession, citizenship, triage_id) VALUES ('1410207364','Ευλαμπία',NULL,'Κωνσταντινίδου','2020-10-14','male','141.98','144.14','Μούντρου','130','13773','Λαμία','Καστοριά','Τρίκαλα','Μελισσοκόμος','Κόστα Ρίκα','0');
INSERT INTO patient_email (AMKA, email_address) VALUES ('1410207364', 'asklipios17@example.net');
INSERT INTO patient_phone (AMKA, phone_number) VALUES ('1410207364', '6990717702');
INSERT INTO patient_phone (AMKA, phone_number) VALUES ('1410207364', '6994 363236');
INSERT INTO patient_phone (AMKA, phone_number) VALUES ('1410207364', '210 195 5053');
INSERT INTO triage (triage_id, level, symptoms) VALUES ('0', '1', 'Ανά αναγκάζονται είχαμε ειδικά δεν διακοπής παράδειγμα δε.
Στέλνοντάς δεν συνέχεια ειδικά αναγκάζονται ύψος. Ναι έχω δείξει ποια στις χρονοδιαγράμματος λαμβάνουν.');
INSERT INTO patient (AMKA, first_name, middle_name, last_name, date_of_birth, sex, weight, height, street_name, street_number, postal_code, area, municipality, prefecture,  profession, citizenship, triage_id) VALUES ('0303592574','Πολυχρονία',NULL,'Πετρόπουλος','1959-03-03','female','61.21','158.16','Ελαιοφύτου','14','84378','Καρπενήσι','Αθήνα','Χαλκιδική','Στέλεχος Εκδοτικών Επιχειρήσεων','Μάλι','0');
INSERT INTO patient_email (AMKA, email_address) VALUES ('0303592574', 'fmicheli@example.com');
INSERT INTO patient_phone (AMKA, phone_number) VALUES ('0303592574', '+30 2737 030790');
INSERT INTO triage (triage_id, level, symptoms) VALUES ('0', '2', 'Γεγονός γέλασαν παραγωγικής εκτός ημέρα τους για ανακλύψεις. Νέα χρησιμοποιούνταν κι γνωρίζουμε σας συγχωνευτεί. Κρατάει πάντα μετράει την.');
INSERT INTO patient (AMKA, first_name, middle_name, last_name, date_of_birth, sex, weight, height, street_name, street_number, postal_code, area, municipality, prefecture,  profession, citizenship, triage_id) VALUES ('0809715419','Μαλβίνα',NULL,'Καρούντζος','1971-09-08','other','103.12','138.2','Μαργιά','152','ΤΚ 21341','Ζάκυνθος','Καρδίτσα','Κέρκυρα','Τεχνίτης Φαρμάκων - Καλλυντικών - Τεχνικός Φαρμάκων Καλλυντικών και Παρεμφερών Προϊόντων','Σουαζιλάνδη','0');
INSERT INTO patient_email (AMKA, email_address) VALUES ('0809715419', 'kornilios.arsenaki@example.com');
INSERT INTO patient_phone (AMKA, phone_number) VALUES ('0809715419', '210 345 2715');
INSERT INTO triage (triage_id, level, symptoms) VALUES ('0', '4', 'Ποια τελειώσει και ακούσει και διαφήμιση. Σχεδιαστής να έξι γειτονιάς τεκμηριώνει αναγκάζονται εκδόσεις.
Γραμμές δεν δυστυχώς κάνε σε και. Δεν που βγήκε επί τύπου. Εκδόσεις εξακολουθεί μέγιστη.');
INSERT INTO patient (AMKA, first_name, middle_name, last_name, date_of_birth, sex, weight, height, street_name, street_number, postal_code, area, municipality, prefecture,  profession, citizenship, triage_id) VALUES ('0208406055','Άριστος',NULL,'Καμπάκας','1940-08-02','male','62.92','157.63','Βαχού','32','ΤΚ 865 27','Χανιά','Κατερίνη','Αργολίδα','Ειδικός Προσχολικής Αγωγής Ημερήσιας Φροντίδας Παιδιών με Ειδικές Ανάγκες','Σουδάν','0');
INSERT INTO patient_email (AMKA, email_address) VALUES ('0208406055', 'dikaios.dimovelis@example.org');
INSERT INTO patient_phone (AMKA, phone_number) VALUES ('0208406055', '(+30) 6981 683465');
INSERT INTO patient_phone (AMKA, phone_number) VALUES ('0208406055', '2540 380 020');
INSERT INTO triage (triage_id, level, symptoms) VALUES ('0', '5', 'Θυμάμαι αυτήν δοκιμάσεις επιστρέφουν των διολισθήσεις μα. Νέου ταξινομεί έτσι άρθρων τύπου αθόρυβες επί. Τύπους βιβλίο ορίστε θέματα πλέον ξέχασε πες πάντα.');
INSERT INTO patient (AMKA, first_name, middle_name, last_name, date_of_birth, sex, weight, height, street_name, street_number, postal_code, area, municipality, prefecture,  profession, citizenship, triage_id) VALUES ('1508692893','Ιωάννης',NULL,'Τζάγκα','1969-08-15','other','120.78','185.47','Ζώη','46','82748','Πρέβεζα','Κιλκίς','Τρίκαλα','Τεχνικός Συντήρησης Έργων Τέχνης','Αρμενία','0');
INSERT INTO patient_email (AMKA, email_address) VALUES ('1508692893', 'ymylonas@example.net');
INSERT INTO patient_email (AMKA, email_address) VALUES ('1508692893', 'wvoutsina@example.net');
INSERT INTO patient_phone (AMKA, phone_number) VALUES ('1508692893', '2610540159');
INSERT INTO patient_phone (AMKA, phone_number) VALUES ('1508692893', '2480055670');
INSERT INTO triage (triage_id, level, symptoms) VALUES ('0', '3', 'Ένα προβληματική εφαρμογή είχαμε δυστυχώς. Υόρκη μας ο. Μα αναφορά σε έτσι της ότι.');
INSERT INTO patient (AMKA, first_name, middle_name, last_name, date_of_birth, sex, weight, height, street_name, street_number, postal_code, area, municipality, prefecture,  profession, citizenship, triage_id) VALUES ('0608785766','Ροδόφλος',NULL,'Χαρτερός','1978-08-06','other','54.7','107.26','Φήκης','149','384 23','Σέρρες','Ερμούπολη','Λέσβος','Ειδικός Σχεδίου και Μάρκετινγκ Μόδας','Μιανμάρ','0');
INSERT INTO patient_email (AMKA, email_address) VALUES ('0608785766', 'fskoumprou@example.org');
INSERT INTO patient_phone (AMKA, phone_number) VALUES ('0608785766', '(+30) 6921 328264');
INSERT INTO patient_phone (AMKA, phone_number) VALUES ('0608785766', '210 1504308');
INSERT INTO triage (triage_id, level, symptoms) VALUES ('0', '2', 'Γνωστή εγώ συγγραφείς έχω οι μα. Συνεχώς τα πολύ για. Ίδιο τους περίπου θυμάμαι βάζοντας.');
INSERT INTO patient (AMKA, first_name, middle_name, last_name, date_of_birth, sex, weight, height, street_name, street_number, postal_code, area, municipality, prefecture,  profession, citizenship, triage_id) VALUES ('1105026529','Θεοδόσιος',NULL,'Πουλιάση','2002-05-11','male','123.95','115.57','Μαλαθύρου','93','983 65','Κιλκίς','Λευκάδα','Κιλκίς','Μαρμαράς','Σιέρα Λεόνε','0');
INSERT INTO patient_email (AMKA, email_address) VALUES ('1105026529', 'asimakis.petraki@example.org');
INSERT INTO patient_email (AMKA, email_address) VALUES ('1105026529', 'filippia.mpozikis@example.org');
INSERT INTO patient_phone (AMKA, phone_number) VALUES ('1105026529', '6978 698214');
INSERT INTO patient_phone (AMKA, phone_number) VALUES ('1105026529', '2109036289');
INSERT INTO patient_phone (AMKA, phone_number) VALUES ('1105026529', '2200761727');
INSERT INTO triage (triage_id, level, symptoms) VALUES ('0', '3', 'Κανένας χρησιμοποιώντας θέμα κάνε κώδικα επιδιόρθωση ναι. Πάντα πάντως μιας σου δουλεύει αρχεία πιο.');
INSERT INTO patient (AMKA, first_name, middle_name, last_name, date_of_birth, sex, weight, height, street_name, street_number, postal_code, area, municipality, prefecture,  profession, citizenship, triage_id) VALUES ('1010459322','Σμαράγδα','Λεμονής','Μπαφίτη','1945-10-10','female','65.29','73.74','Παλαιού Μυλοτόπου','163','51381','Φλώρινα','Πάτρα','Σάμος','Τεχνικός Αεροσκαφών - Ειδικός Μηχανοσύνθετων Αεροσκαφών','Τσαντ','0');
INSERT INTO patient_email (AMKA, email_address) VALUES ('1010459322', 'xsiomos@example.net');
INSERT INTO patient_email (AMKA, email_address) VALUES ('1010459322', 'etziavas@example.org');
INSERT INTO patient_phone (AMKA, phone_number) VALUES ('1010459322', '6959815806');
INSERT INTO patient_phone (AMKA, phone_number) VALUES ('1010459322', '2726081358');
INSERT INTO triage (triage_id, level, symptoms) VALUES ('0', '4', 'Πως ότι μέσης περιβάλλοντος προσθέσει απλό. Δουλεύει τα αναγκάζονται.
Αποκλειστικούς ως δύο τον όχι διαχειριστής. Δύο διαχειριστής προσπαθούν ένας. Μπουν σταματάς σαν κι τα χρονοδιαγράμματος ήδη.');
INSERT INTO patient (AMKA, first_name, middle_name, last_name, date_of_birth, sex, weight, height, street_name, street_number, postal_code, area, municipality, prefecture,  profession, citizenship, triage_id) VALUES ('2004552385','Αντώνιος',NULL,'Συρμού','1955-04-20','male','139.61','161.36','Ζούζουλης','5','ΤΚ 245 31','Ρέθυμνο','Δράμα','Ηλεία','Κλωστοϋφαντουργός','Κιριμπάτι','0');
INSERT INTO patient_email (AMKA, email_address) VALUES ('2004552385', 'kkypriotis@example.net');
INSERT INTO patient_phone (AMKA, phone_number) VALUES ('2004552385', '(+30) 6905 679347');
INSERT INTO triage (triage_id, level, symptoms) VALUES ('0', '4', 'Τύπου πετάξαμε ροή. Γραμμής στις ρωτήσει του.
Μου γειτονιάς σωστά τις αυτήν. Ήδη μάλλον να.
Κάτι κώδικάς στις γράψει λαμβάνουν μάλλον σαν. Με ότι φίλος άπειρα μη καταλάθος ειδικά.');
INSERT INTO patient (AMKA, first_name, middle_name, last_name, date_of_birth, sex, weight, height, street_name, street_number, postal_code, area, municipality, prefecture,  profession, citizenship, triage_id) VALUES ('1206249935','Λεμονιά',NULL,'Πολυζωάκης','2024-06-12','female','131.77','163.88','Κόσμιον','197','69269','Αργοστόλι','Καβάλα','Μαγνησία','Τεχνολόγος Ιατρικών Οργάνων','Άγιος Πέτρος και Μικελόν','0');
INSERT INTO patient_email (AMKA, email_address) VALUES ('1206249935', 'masika.sotiris@example.net');
INSERT INTO patient_email (AMKA, email_address) VALUES ('1206249935', 'dionysia29@example.net');
INSERT INTO patient_phone (AMKA, phone_number) VALUES ('1206249935', '(+30) 2470 881401');
INSERT INTO patient_phone (AMKA, phone_number) VALUES ('1206249935', '+30 6914 466416');
INSERT INTO patient_phone (AMKA, phone_number) VALUES ('1206249935', '+306901251160');
INSERT INTO triage (triage_id, level, symptoms) VALUES ('0', '3', 'Τους παίρνει ρωτήσει ανακλύψεις φαινόμενο σου. Αν σημαντικός εκτελέσεις λετπά πάρα πως βουτήξουν. Πάρεις μην εκδόσεις τι.');
INSERT INTO patient (AMKA, first_name, middle_name, last_name, date_of_birth, sex, weight, height, street_name, street_number, postal_code, area, municipality, prefecture,  profession, citizenship, triage_id) VALUES ('0601771534','Νερατζιά',NULL,'Τζιώτζης','1977-01-06','female','93.72','134.74','Πετρίδου','117','ΤΚ 478 29','Άμφισσα','Καστοριά','Αργολίδα','Κηπουρός - Ανθοκηπουρός - Κηποτεχνικός','Κεντροαφρικανική Δημοκρατία','0');
INSERT INTO patient_email (AMKA, email_address) VALUES ('0601771534', 'rallis57@example.net');
INSERT INTO patient_email (AMKA, email_address) VALUES ('0601771534', 'ieronymos83@example.com');
INSERT INTO patient_phone (AMKA, phone_number) VALUES ('0601771534', '210 3144297');
INSERT INTO patient_phone (AMKA, phone_number) VALUES ('0601771534', '6951598289');
INSERT INTO triage (triage_id, level, symptoms) VALUES ('0', '4', 'Τους επενδυτής χάος κώδικάς μη δεν αποφάσισε.
Διολισθήσεις επιδιόρθωση μιας της. Προκύπτουν σας συνεχώς.
Προκύπτουν αλγόριθμου πλέον πετάξαμε πήρε τύπου.');
INSERT INTO patient (AMKA, first_name, middle_name, last_name, date_of_birth, sex, weight, height, street_name, street_number, postal_code, area, municipality, prefecture,  profession, citizenship, triage_id) VALUES ('0105672568','Λέανδρος',NULL,'Ελευθερίου','1967-05-01','male','86.09','136.44','Λεωφ. Λινισταίνης','142','ΤΚ 06593','Ρέθυμνο','Καρδίτσα','Έβρος','Πολιτικός Συντάκτης','Ινδία','0');
INSERT INTO patient_email (AMKA, email_address) VALUES ('0105672568', 'laskaris.palaiologopoulou@example.net');
INSERT INTO patient_email (AMKA, email_address) VALUES ('0105672568', 'ioulios.kotsina@example.net');
INSERT INTO patient_phone (AMKA, phone_number) VALUES ('0105672568', '+302282754365');
INSERT INTO triage (triage_id, level, symptoms) VALUES ('0', '1', 'Πρώτης δύο χαρακτηριστικών προσθέσει. Μέχρι διάσημα απαρατήρητο εφαμοργής.
Σημεία επί τον αναγκάζονται έχω μια. Μα υψηλότερη περιμένουν τα γεγονός ότι κοιτάζοντας.');
INSERT INTO patient (AMKA, first_name, middle_name, last_name, date_of_birth, sex, weight, height, street_name, street_number, postal_code, area, municipality, prefecture,  profession, citizenship, triage_id) VALUES ('2911961584','Γιασεμή',NULL,'Τόλη','1996-11-29','other','79.8','164.31','Πλ. Ακρωτηρίου','73','085 91','Καλαμάτα','Κατερίνη','Φλώρινα','Κοινωνικός Λειτουργός','Πολωνία','0');
INSERT INTO patient_email (AMKA, email_address) VALUES ('2911961584', 'jstamelou@example.net');
INSERT INTO patient_phone (AMKA, phone_number) VALUES ('2911961584', '2390106142');
INSERT INTO patient_phone (AMKA, phone_number) VALUES ('2911961584', '+306932941402');
INSERT INTO patient_phone (AMKA, phone_number) VALUES ('2911961584', '210 978 6887');
INSERT INTO triage (triage_id, level, symptoms) VALUES ('0', '5', 'Μη δουλεύει πιο. Κανένας τοπικές όταν ελέγχου ανεπιθύμητη άπειρα ας. Πλέον μέχρι έτσι.
Εξακολουθεί παράδειγμα θέματα έτσι μέχρι. Εκθέσεις που συγκεντρωμένοι ότι. Σημαντικό ένας εκτός χρησιμοποιώντας.');
INSERT INTO patient (AMKA, first_name, middle_name, last_name, date_of_birth, sex, weight, height, street_name, street_number, postal_code, area, municipality, prefecture,  profession, citizenship, triage_id) VALUES ('2410806416','Γαρύφαλλος',NULL,'Καπετάνιος','1980-10-24','male','99.63','89.42','Λεωφ. Καπνοχωρίου','107','52796','Ξάνθη','Χανιά','Κυκλάδες','Οπτικός','Κροατία','0');
INSERT INTO patient_email (AMKA, email_address) VALUES ('2410806416', 'komninos30@example.com');
INSERT INTO patient_email (AMKA, email_address) VALUES ('2410806416', 'kyriakakis.petros@example.net');
INSERT INTO patient_phone (AMKA, phone_number) VALUES ('2410806416', '+30 2128 195965');
INSERT INTO triage (triage_id, level, symptoms) VALUES ('0', '1', 'Συνηθίζουν πάντα να εργαλείων πακέτων επεξεργασία μέρος. Τον ποια συνεχώς μηχανής. Γεύματος εκτός ποια διακοπής χρησιμοποιούσες τύπους.');
INSERT INTO patient (AMKA, first_name, middle_name, last_name, date_of_birth, sex, weight, height, street_name, street_number, postal_code, area, municipality, prefecture,  profession, citizenship, triage_id) VALUES ('1604704605','Μιχάλης',NULL,'Μυτάρη','1970-04-16','male','80.34','161.74','Τσίμη','144','ΤΚ 95104','Φλώρινα','Αθήνα','Ιωάννινα','Σιδερωτής','Ταϊλάνδη','0');
INSERT INTO patient_email (AMKA, email_address) VALUES ('1604704605', 'odysseia73@example.com');
INSERT INTO patient_email (AMKA, email_address) VALUES ('1604704605', 'symeoni.mantou@example.net');
INSERT INTO patient_phone (AMKA, phone_number) VALUES ('1604704605', '2490 075536');
INSERT INTO patient_phone (AMKA, phone_number) VALUES ('1604704605', '2300 099008');
INSERT INTO triage (triage_id, level, symptoms) VALUES ('0', '5', 'Πήρε διευθυντές τους κανένας ίδιο. Ρωτήσει που ίδιο.
Στήλες με περιεχόμενα σπίτι προσοχή. Μη πλέον ανώδυνη εφαρμογής επιδιόρθωση νέα. Τη εδώ θυμάμαι πιο πόρτες.');
INSERT INTO patient (AMKA, first_name, middle_name, last_name, date_of_birth, sex, weight, height, street_name, street_number, postal_code, area, municipality, prefecture,  profession, citizenship, triage_id) VALUES ('1711219538','Φλοριάντ',NULL,'Τσιρώνης','2021-11-17','female','138.52','74.83','Ναυπάκτου','10','604 37','Καστοριά','Θεσσαλονίκη','Κοζάνη','Αισθητικός Ποδολογίας και Καλλωπισμού Νυχιών','Κιργιστάν','0');
INSERT INTO patient_email (AMKA, email_address) VALUES ('1711219538', 'gavriil52@example.org');
INSERT INTO patient_phone (AMKA, phone_number) VALUES ('1711219538', '210 4964985');
INSERT INTO patient_phone (AMKA, phone_number) VALUES ('1711219538', '(+30) 6952 049229');
INSERT INTO patient_phone (AMKA, phone_number) VALUES ('1711219538', '6940 350064');
INSERT INTO triage (triage_id, level, symptoms) VALUES ('0', '2', 'Χειρότερα πολύ δημιουργείς έτσι μηχανής. Κάτι είχαμε διασφαλίζεται γραμμή ότι ίδιο.');
INSERT INTO patient (AMKA, first_name, middle_name, last_name, date_of_birth, sex, weight, height, street_name, street_number, postal_code, area, municipality, prefecture,  profession, citizenship, triage_id) VALUES ('0510481986','Χαρίτος',NULL,'Κατσαντώνη','1948-10-05','female','123.62','146.75','Ματσουκίου','31','72471','Κέρκυρα','Λιβαδιά','Πρέβεζα','Πλοίαρχος','Φινλανδία','0');
INSERT INTO patient_email (AMKA, email_address) VALUES ('0510481986', 'magdalini80@example.org');
INSERT INTO patient_email (AMKA, email_address) VALUES ('0510481986', 'foivos94@example.org');
INSERT INTO patient_phone (AMKA, phone_number) VALUES ('0510481986', '210 6029144');
INSERT INTO patient_phone (AMKA, phone_number) VALUES ('0510481986', '2101630888');
INSERT INTO patient_phone (AMKA, phone_number) VALUES ('0510481986', '210 347 4928');
INSERT INTO triage (triage_id, level, symptoms) VALUES ('0', '4', 'Βαθμό ροή λίγο ευκολότερο. Παίξουν παραδώσεις ημέρα τον χρησιμοποίησέ σε άλγεβρα. Για βαθμό σταματάς πάρα διασφαλίζεται διαφήμιση διακοπής.');
INSERT INTO patient (AMKA, first_name, middle_name, last_name, date_of_birth, sex, weight, height, street_name, street_number, postal_code, area, municipality, prefecture,  profession, citizenship, triage_id) VALUES ('0102948147','Ιάσονας','Φρειδερίκη','Βώσσος','1994-02-01','male','132.75','126.97','Αλεστίων','156','756 94','Έδεσσα','Καβάλα','Βοιωτία','Βοηθός Νοσηλευτή Χειρουργείου','Λίβανος','0');
INSERT INTO patient_email (AMKA, email_address) VALUES ('0102948147', 'archontia.pyrovolou@example.net');
INSERT INTO patient_email (AMKA, email_address) VALUES ('0102948147', 'filareti27@example.com');
INSERT INTO patient_phone (AMKA, phone_number) VALUES ('0102948147', '+30 2438 043424');
INSERT INTO patient_phone (AMKA, phone_number) VALUES ('0102948147', '+302242240950');
INSERT INTO patient_phone (AMKA, phone_number) VALUES ('0102948147', '210 3244836');
INSERT INTO triage (triage_id, level, symptoms) VALUES ('0', '1', 'Σε χαρακτηριστικό κόλπα εκτός νέο έστειλε κρατάει. Πεδία ρωτήσει το πετούν δε.');
INSERT INTO patient (AMKA, first_name, middle_name, last_name, date_of_birth, sex, weight, height, street_name, street_number, postal_code, area, municipality, prefecture,  profession, citizenship, triage_id) VALUES ('0112988267','Χριστόφιλη',NULL,'Αρματά','1998-12-01','female','146.46','159.09','Ελενών','147','38383','Τρίπολη','Πύργος','Έβρος','Λιμενεργάτης','Νήσοι Πίτκαιρν','0');
INSERT INTO patient_email (AMKA, email_address) VALUES ('0112988267', 'artemisia.peristeropoulos@example.net');
INSERT INTO patient_email (AMKA, email_address) VALUES ('0112988267', 'athanasios.katsafadou@example.net');
INSERT INTO patient_phone (AMKA, phone_number) VALUES ('0112988267', '+306924576541');
INSERT INTO patient_phone (AMKA, phone_number) VALUES ('0112988267', '6981 267 738');
INSERT INTO patient_phone (AMKA, phone_number) VALUES ('0112988267', '210 1836812');
INSERT INTO triage (triage_id, level, symptoms) VALUES ('0', '4', 'Κύκλο ροή αυτός εφαρμογής πήρε. Εκτελέσει παραγωγικής ας του από μας εξοργιστικά.
Αρχεία χρονοδιαγράμματα μερικούς κι βρίσκονται σκεφτείς στο. Έχω ίδιο περίπου ευκολότερο εκείνου απαραίτητο.');
INSERT INTO patient (AMKA, first_name, middle_name, last_name, date_of_birth, sex, weight, height, street_name, street_number, postal_code, area, municipality, prefecture,  profession, citizenship, triage_id) VALUES ('0401524365','Ευπραξία',NULL,'Αθανασόπουλος','1952-01-04','other','59.52','53.84','Θεοδοσίων','96','ΤΚ 31299','Γρεβενά','Έδεσσα','Φλώρινα','Βοηθός Αρτοποιίας – Ζαχαροπλαστικής','Ανγκουίλα','0');
INSERT INTO patient_email (AMKA, email_address) VALUES ('0401524365', 'leon37@example.org');
INSERT INTO patient_email (AMKA, email_address) VALUES ('0401524365', 'ippokratis.salemi@example.net');
INSERT INTO patient_phone (AMKA, phone_number) VALUES ('0401524365', '210 891 3894');
INSERT INTO patient_phone (AMKA, phone_number) VALUES ('0401524365', '22680 43 797');
INSERT INTO patient_phone (AMKA, phone_number) VALUES ('0401524365', '(+30) 2930 682762');
INSERT INTO triage (triage_id, level, symptoms) VALUES ('0', '5', 'Δύο τις όταν έτοιμος ευκολότερο δύο. Παίρνουν γνωστή γνωρίζουμε διορθώσεις.
Διασφαλίζεται αναγκάζονται αναφέρονται αυτήν όχι ανταγωνιστής. Απλό έστελνε γιαυτό.');
INSERT INTO patient (AMKA, first_name, middle_name, last_name, date_of_birth, sex, weight, height, street_name, street_number, postal_code, area, municipality, prefecture,  profession, citizenship, triage_id) VALUES ('3001785948','Ηρακλής',NULL,'Βασιλογιάννης','1978-01-30','other','85.05','195.87','Κιμώλου','110','ΤΚ 14959','Αργοστόλι','Πρέβεζα','Καρδίτσα','Δημοσιογράφος Συντάκτης - Ρεπόρτερ Δημοσιογραφίας','Δομινίκα','0');
INSERT INTO patient_email (AMKA, email_address) VALUES ('3001785948', 'hdimakogianni@example.org');
INSERT INTO patient_phone (AMKA, phone_number) VALUES ('3001785948', '210 109 5065');
INSERT INTO triage (triage_id, level, symptoms) VALUES ('0', '1', 'Δε συγγραφείς λετπά τύπους εφαμοργής. Συγκεντρωμένοι εργοστασίου ημέρα εσωτερικών.
Κρατάει πως γραφικά δουλεύει ποια παραγωγικής δεν. Προκαλείς ανακλύψεις έτσι ίδιο των.');
INSERT INTO patient (AMKA, first_name, middle_name, last_name, date_of_birth, sex, weight, height, street_name, street_number, postal_code, area, municipality, prefecture,  profession, citizenship, triage_id) VALUES ('0706448500','Βησσαρία',NULL,'Τζιγκούρα','1944-06-07','male','74.12','179.4','Δυτικής Φραγκίστας','3','ΤΚ 19985','Κέρκυρα','Αγ. Νικόλαος','Ευρυτανία','Κλωστοϋφαντουργός','Ανγκόλα','0');
INSERT INTO patient_email (AMKA, email_address) VALUES ('0706448500', 'alexandros.axiotis@example.org');
INSERT INTO patient_email (AMKA, email_address) VALUES ('0706448500', 'akrivi.gerodimos@example.net');
INSERT INTO patient_phone (AMKA, phone_number) VALUES ('0706448500', '2103292594');
INSERT INTO triage (triage_id, level, symptoms) VALUES ('0', '2', 'Τρόπο κάτι τους κι και. Επί διαδίκτυο τοπικές μας πάρα στις σχεδιαστής.
Ανακλύψεις ανεπιθύμητη άλγεβρα. Ποσοστό περιβάλλοντος αποδείξεις δύο.');
INSERT INTO patient (AMKA, first_name, middle_name, last_name, date_of_birth, sex, weight, height, street_name, street_number, postal_code, area, municipality, prefecture,  profession, citizenship, triage_id) VALUES ('0605510600','Μινέρβα',NULL,'Βασιλοπούλου','1951-05-06','female','133.46','89.69','Σαγκρίου','123','ΤΚ 29151','Κιλκίς','Αγ. Νικόλαος','Λάρισσα','Ιεροψάλτης','Κένυα','0');
INSERT INTO patient_email (AMKA, email_address) VALUES ('0605510600', 'anthimos.euaggelatos@example.net');
INSERT INTO patient_phone (AMKA, phone_number) VALUES ('0605510600', '2120 491 246');
INSERT INTO patient_phone (AMKA, phone_number) VALUES ('0605510600', '2700 088 446');
INSERT INTO triage (triage_id, level, symptoms) VALUES ('0', '5', 'Επιδιορθώσεις ανταγωνιστής εκτός διαπιστώνεις ίδιο. Σημαντικό πολύ εκτός αποδείξεις στα πρώτοι τις σου. Αρέσει παίρνει σου τη πλέον τους τις.');
INSERT INTO patient (AMKA, first_name, middle_name, last_name, date_of_birth, sex, weight, height, street_name, street_number, postal_code, area, municipality, prefecture,  profession, citizenship, triage_id) VALUES ('1009096688','Κόσμια',NULL,'Ευαγγελάτος','2009-09-10','female','104.17','109.22','Πλατεία Κατωχωρίου','30','74791','Κοζάνη','Βέροια','Ηράκλειο','Διαχειριστής Ακίνητης Περιουσίας','Αντίγκουα και Μπαρμπούντα','0');
INSERT INTO patient_email (AMKA, email_address) VALUES ('1009096688', 'llinardaki@example.net');
INSERT INTO patient_email (AMKA, email_address) VALUES ('1009096688', 'kyros.mauropoulou@example.com');
INSERT INTO patient_phone (AMKA, phone_number) VALUES ('1009096688', '210 539 0115');
INSERT INTO patient_phone (AMKA, phone_number) VALUES ('1009096688', '6964 147 365');
INSERT INTO patient_phone (AMKA, phone_number) VALUES ('1009096688', '2108029522');
INSERT INTO triage (triage_id, level, symptoms) VALUES ('0', '1', 'Δουλεύει εφαρμογής που όχι πρώτο.
Διοικητικό αναφέρονται αυτός κοιτάζοντας σημαντικός. Ατόμου ας εφαμοργής επιχείριση επιδιορθώσεις συγγραφείς εδώ.');
INSERT INTO patient (AMKA, first_name, middle_name, last_name, date_of_birth, sex, weight, height, street_name, street_number, postal_code, area, municipality, prefecture,  profession, citizenship, triage_id) VALUES ('1906563703','Αγάθη',NULL,'Μπατζάνη','1956-06-19','other','109.64','55.19','Γαλατσώνας','137','30785','Πύργος','Βέροια','Θεσπρωτία','Οικονομολόγος','Σουηδία','0');
INSERT INTO patient_email (AMKA, email_address) VALUES ('1906563703', 'dimokratis05@example.org');
INSERT INTO patient_email (AMKA, email_address) VALUES ('1906563703', 'rousa.voutselas@example.net');
INSERT INTO patient_phone (AMKA, phone_number) VALUES ('1906563703', '2103266869');
INSERT INTO patient_phone (AMKA, phone_number) VALUES ('1906563703', '+302470410845');
INSERT INTO triage (triage_id, level, symptoms) VALUES ('0', '5', 'Κάτι μου θέμα δυστυχής παίξουν. Ως εκτελέσεις επί μας.
Μεταγλωτιστής μα από διάσημα. Λίγο πηγαίου και. Υποψήφιο φίλος παραδοτέου ο έχω μέγιστη.');
INSERT INTO patient (AMKA, first_name, middle_name, last_name, date_of_birth, sex, weight, height, street_name, street_number, postal_code, area, municipality, prefecture,  profession, citizenship, triage_id) VALUES ('3105047062','Περικλής',NULL,'Παπαγιάννης','2004-05-31','other','53.26','109.24','Πυργιωτίκων','104','ΤΚ 721 01','Έδεσσα','Ερμούπολη','Ηλεία','Ειδικός Σχεδιασμού Αστικής και Περιφερειακής Ανάπτυξης','Ελ Σαλβαδόρ','0');
INSERT INTO patient_email (AMKA, email_address) VALUES ('3105047062', 'eudoxios.kakosaios@example.org');
INSERT INTO patient_phone (AMKA, phone_number) VALUES ('3105047062', '210 9937844');
INSERT INTO patient_phone (AMKA, phone_number) VALUES ('3105047062', '210 437 1803');
INSERT INTO patient_phone (AMKA, phone_number) VALUES ('3105047062', '210 085 9505');
INSERT INTO triage (triage_id, level, symptoms) VALUES ('0', '3', 'Ιδιαίτερα γνωρίζουμε υπηρεσία συγγραφείς καλύτερο. Ο μερικούς δεν ταξινομεί οι πάντως ανά λιγότερο. Στα τους προβληματική μας διαχειριστής.');
INSERT INTO patient (AMKA, first_name, middle_name, last_name, date_of_birth, sex, weight, height, street_name, street_number, postal_code, area, municipality, prefecture,  profession, citizenship, triage_id) VALUES ('0701135559','Εμμανουήλ',NULL,'Κορμπόπουλος','2013-01-07','male','86.99','198.2','Δρακάκη','42','48422','Πολύγυρος','Μυτιλήνη','Καστοριά','Τεχνικός Ψηφιακής Φωτογραφίας και CD-ROM','Ισημερινή Γουινέα','0');
INSERT INTO patient_email (AMKA, email_address) VALUES ('0701135559', 'tavagianos@example.com');
INSERT INTO patient_email (AMKA, email_address) VALUES ('0701135559', 'vrasidas11@example.com');
INSERT INTO patient_phone (AMKA, phone_number) VALUES ('0701135559', '210 5204174');
INSERT INTO patient_phone (AMKA, phone_number) VALUES ('0701135559', '(+30) 6945 992146');
INSERT INTO triage (triage_id, level, symptoms) VALUES ('0', '5', 'Συνεντεύξεις πετούν διακοπή θα. Αποκλειστικούς παράγοντες ανά πολύ χαρακτηριστικών περισσότερη. Εγώ βιαστικά κώδικάς ίδιο νέα.');
INSERT INTO patient (AMKA, first_name, middle_name, last_name, date_of_birth, sex, weight, height, street_name, street_number, postal_code, area, municipality, prefecture,  profession, citizenship, triage_id) VALUES ('0606763202','Νεκτάριος',NULL,'Μαγκανάρη','1976-06-06','male','98.39','180.74','Χαλανδρίου','178','42598','Ναύπλιο','Καρπενήσι','Θεσπρωτία','Αξιωματικός Νοσηλευτικής','Απομακρυσμένες Νησίδες των Ηνωμένων Πολιτειών','0');
INSERT INTO patient_email (AMKA, email_address) VALUES ('0606763202', 'poulia.douvropoulos@example.net');
INSERT INTO patient_phone (AMKA, phone_number) VALUES ('0606763202', '(+30) 2376 885211');
INSERT INTO patient_phone (AMKA, phone_number) VALUES ('0606763202', '(+30) 6975 839961');
INSERT INTO triage (triage_id, level, symptoms) VALUES ('0', '5', 'Αλγόριθμου από με στα προκύπτουν επιδιόρθωση. Κάνε χρειάζονται αρπάζεις τρέξει μέγιστη.
Μετράει απαρατήρητο μου μετράει μέσης σημαντικός γραμμή. Διακόψουμε χάος την όταν εγώ.');
INSERT INTO patient (AMKA, first_name, middle_name, last_name, date_of_birth, sex, weight, height, street_name, street_number, postal_code, area, municipality, prefecture,  profession, citizenship, triage_id) VALUES ('2811109977','Ροδιά',NULL,'Κιοσές','2010-11-28','female','65.03','68.76','Λεωφ. Χαλανδρίτσης','55','70309','Καρπενήσι','Πολύγυρος','Βοιωτία','Πυροσβέστης','Δομινικανή Δημοκρατία','0');
INSERT INTO patient_email (AMKA, email_address) VALUES ('2811109977', 'iris94@example.net');
INSERT INTO patient_phone (AMKA, phone_number) VALUES ('2811109977', '+30 6964 660479');
INSERT INTO triage (triage_id, level, symptoms) VALUES ('0', '2', 'Μη στη κόλπα κάτι εφαμοργής. Εκθέσεις υψηλότερη έχω στα. Σε ο στη εκτός βιβλίο. Βιβλίο κρατήσουν γνωστή να.');
INSERT INTO patient (AMKA, first_name, middle_name, last_name, date_of_birth, sex, weight, height, street_name, street_number, postal_code, area, municipality, prefecture,  profession, citizenship, triage_id) VALUES ('1506752547','Ροδόκλεια',NULL,'Βουλτσίδου','1975-06-15','female','114.04','176.02','Καρτερών','152','ΤΚ 469 37','Καλαμάτα','Σάμος','Δωδεκάνησσος','Γλωσσολόγος','Τζιμπουτί','0');
INSERT INTO patient_email (AMKA, email_address) VALUES ('1506752547', 'gkontogiannis@example.net');
INSERT INTO patient_phone (AMKA, phone_number) VALUES ('1506752547', '2960 297443');
INSERT INTO patient_phone (AMKA, phone_number) VALUES ('1506752547', '6923615593');
INSERT INTO triage (triage_id, level, symptoms) VALUES ('0', '3', 'Συγχρόνως στις βγήκε κανένας περισσότερες για εξακολουθεί. Φαινόμενο εργαζόμενοι στραβά δε. Γραμμές δείξει κάτι ως συγχωνευτεί λοιπόν. Σας για υποψήφιο έχω σαν μεταγλωτιστής την.');
INSERT INTO patient (AMKA, first_name, middle_name, last_name, date_of_birth, sex, weight, height, street_name, street_number, postal_code, area, municipality, prefecture,  profession, citizenship, triage_id) VALUES ('1007750457','Παύλος',NULL,'Γκίνης','1975-07-10','male','126.77','120.45','Υαμείας','127','14771','Τρίκαλα','Ξάνθη','Λέσβος','Πωλητής','Κονγκό','0');
INSERT INTO patient_email (AMKA, email_address) VALUES ('1007750457', 'apanos@example.com');
INSERT INTO patient_phone (AMKA, phone_number) VALUES ('1007750457', '6997385473');
INSERT INTO patient_phone (AMKA, phone_number) VALUES ('1007750457', '2390 641223');
INSERT INTO patient_phone (AMKA, phone_number) VALUES ('1007750457', '+306903955202');
INSERT INTO triage (triage_id, level, symptoms) VALUES ('0', '4', 'Πρώτης εργοστασίου πως μπορούσες σημεία έρθει χρονοδιαγράμματα. Πάντως μια σαν νέα εκτελέσεις σίγουρος μάτσο είχαμε.');
INSERT INTO patient (AMKA, first_name, middle_name, last_name, date_of_birth, sex, weight, height, street_name, street_number, postal_code, area, municipality, prefecture,  profession, citizenship, triage_id) VALUES ('1909683191','Ιούλιος',NULL,'Σπηλιάδου','1968-09-19','female','87.92','100.55','Οικονομοπούλου','95','86291','Χαλκίδα','Λιβαδιά','Χαλκιδική','Δασολόγος','Άγιος Βαρθολομαίος','0');
INSERT INTO patient_email (AMKA, email_address) VALUES ('1909683191', 'laggousis.euthalia@example.org');
INSERT INTO patient_email (AMKA, email_address) VALUES ('1909683191', 'iakovina39@example.org');
INSERT INTO patient_phone (AMKA, phone_number) VALUES ('1909683191', '+306989892352');
INSERT INTO patient_phone (AMKA, phone_number) VALUES ('1909683191', '+30 6905 366129');
INSERT INTO patient_phone (AMKA, phone_number) VALUES ('1909683191', '20710 04 784');
INSERT INTO triage (triage_id, level, symptoms) VALUES ('0', '3', 'Αναφέρονται μα μέχρι αποθηκευτικού. Τεσσαρών έστελνε μάλλον περιβάλλοντος πόρτες.
Έγραψες στη ακούσει μια εγώ των σε. Πάρεις αυτός μην. Επενδυτής λες στο.');
INSERT INTO patient (AMKA, first_name, middle_name, last_name, date_of_birth, sex, weight, height, street_name, street_number, postal_code, area, municipality, prefecture,  profession, citizenship, triage_id) VALUES ('2707918946','Ευανθία',NULL,'Νικολάου','1991-07-27','female','55.0','127.57','Καματερού','10','ΤΚ 677 30','Καβάλα','Κοζάνη','Κορινθία','Τεχνολόγος Τηλεϊατρικής','Σιγκαπούρη','0');
INSERT INTO patient_email (AMKA, email_address) VALUES ('2707918946', 'neokleia81@example.org');
INSERT INTO patient_email (AMKA, email_address) VALUES ('2707918946', 'virginia.stathopoulos@example.org');
INSERT INTO patient_phone (AMKA, phone_number) VALUES ('2707918946', '(+30) 2497 083215');
INSERT INTO triage (triage_id, level, symptoms) VALUES ('0', '3', 'Αποθηκευτικού έχω τρόπο συγγραφής ποια χρησιμοποιούνταν εγώ. Αυτός διαπιστώνεις εκείνου πλέον. Το περιβάλλον σου διορθώσει. Μπουν απαρατήρητο μηχανής του.');
INSERT INTO patient (AMKA, first_name, middle_name, last_name, date_of_birth, sex, weight, height, street_name, street_number, postal_code, area, municipality, prefecture,  profession, citizenship, triage_id) VALUES ('2701909184','Ερμόλαος',NULL,'Δόσης','1990-01-27','female','131.68','88.83','Μέγα Κάμπου','55','160 80','Αγ. Νικόλαος','Χανιά','Κεφαλληνία','Τεχνολόγος Τροφίμων','Ζάμπια','0');
INSERT INTO patient_email (AMKA, email_address) VALUES ('2701909184', 'kontogianni.poulia@example.org');
INSERT INTO patient_email (AMKA, email_address) VALUES ('2701909184', 'faidon72@example.com');
INSERT INTO patient_phone (AMKA, phone_number) VALUES ('2701909184', '2105560732');
INSERT INTO triage (triage_id, level, symptoms) VALUES ('0', '5', 'Τύπου ποια με κλπ. Προκαλείς μετρήσεις επιστρέφουν τους μιας ερωτήσεις άλγεβρα. Κειμένων γραφικά συνέχεια άλγεβρα εταιρείες ένας όταν. Μια ύψος συγγραφείς τα ως έτσι ανακλύψεις.');
INSERT INTO patient (AMKA, first_name, middle_name, last_name, date_of_birth, sex, weight, height, street_name, street_number, postal_code, area, municipality, prefecture,  profession, citizenship, triage_id) VALUES ('1606886766','Ευσέβιος',NULL,'Κοττίκας','1988-06-16','female','95.24','166.88','Λογοθέτη','156','184 49','Καρδίτσα','Άρτα','Ημαθία','Σκηνογράφος','Νησί Νόρφολκ','0');
INSERT INTO patient_email (AMKA, email_address) VALUES ('1606886766', 'galini.tyralis@example.com');
INSERT INTO patient_email (AMKA, email_address) VALUES ('1606886766', 'provis.sotirios@example.net');
INSERT INTO patient_phone (AMKA, phone_number) VALUES ('1606886766', '(+30) 2867 315817');
INSERT INTO triage (triage_id, level, symptoms) VALUES ('0', '1', 'Κάνεις έτσι διορθώσεις ζητήσεις περίπου κρατάει οι ως. Μιας επί άλγεβρα σου αρχεία ροή. Έγραψες σίγουρος ήδη όταν να έξι μπουν.
Λαμβάνουν από την γιαυτό άρα επεξεργασία κανόνα. Άρα βιβλίο πετάξαμε.');
INSERT INTO patient (AMKA, first_name, middle_name, last_name, date_of_birth, sex, weight, height, street_name, street_number, postal_code, area, municipality, prefecture,  profession, citizenship, triage_id) VALUES ('2609838048','Γκίκας',NULL,'Χουχουλής','1983-09-26','other','131.56','134.18','Κιβερίου','85','944 63','Κοζάνη','Χαλκίδα','Δωδεκάνησσος','Αναλογιστής','Ουγγαρία','0');
INSERT INTO patient_email (AMKA, email_address) VALUES ('2609838048', 'anastasia.grammatikos@example.org');
INSERT INTO patient_phone (AMKA, phone_number) VALUES ('2609838048', '+306957145349');
INSERT INTO triage (triage_id, level, symptoms) VALUES ('0', '1', 'Ήδη εικόνες όσο όχι. Διορθώσεις διαπιστώνεις τα πλέον. Μας παραδώσεις στις παραδοτέου ρουτίνα τις.');
INSERT INTO patient (AMKA, first_name, middle_name, last_name, date_of_birth, sex, weight, height, street_name, street_number, postal_code, area, municipality, prefecture,  profession, citizenship, triage_id) VALUES ('0411712547','Ιουλία','Χάρη','Σίββα','1971-11-04','male','62.31','123.39','Κονσούλα','166','52897','Σάμος','Αθήνα','Αρκαδία','Στυλίστας','Γουιάνα','0');
INSERT INTO patient_email (AMKA, email_address) VALUES ('0411712547', 'theologos.kesalidis@example.org');
INSERT INTO patient_phone (AMKA, phone_number) VALUES ('0411712547', '+30 2547 414804');
INSERT INTO patient_phone (AMKA, phone_number) VALUES ('0411712547', '2790 037932');
INSERT INTO triage (triage_id, level, symptoms) VALUES ('0', '4', 'Έλεγχος εργοστασίου βρίσκονται που πως κάτι ξέχασε διευθυντές. Κανόνα ας προβληματική δύο πρόσληψη λοιπόν της παραδώσεις.');
INSERT INTO patient (AMKA, first_name, middle_name, last_name, date_of_birth, sex, weight, height, street_name, street_number, postal_code, area, municipality, prefecture,  profession, citizenship, triage_id) VALUES ('1011068644','Νικόδημος',NULL,'Πιπερίγκος','2006-11-10','female','52.45','141.89','Σελλίου','75','ΤΚ 00584','Αθήνα','Λαμία','Αχαΐα','Ειδικός Ασφαλιστικών Εργασιών','Ουγκάντα','0');
INSERT INTO patient_email (AMKA, email_address) VALUES ('1011068644', 'kotsionopoulou.aias@example.com');
INSERT INTO patient_email (AMKA, email_address) VALUES ('1011068644', 'sotirios.garoufalis@example.org');
INSERT INTO patient_phone (AMKA, phone_number) VALUES ('1011068644', '2230 676 001');
INSERT INTO patient_phone (AMKA, phone_number) VALUES ('1011068644', '2529078908');
INSERT INTO triage (triage_id, level, symptoms) VALUES ('0', '2', 'Περιμένουν πλέον εφαμοργής μιας σου τύπους. Γειτονιάς για ποια δοκιμάσεις σκεφτείς καλύτερο. Αρχεία αφήσεις υποψήφιο μια χειρότερα σημαντικός. Μα έξι ερώτηση ως διάβασε.');
INSERT INTO patient (AMKA, first_name, middle_name, last_name, date_of_birth, sex, weight, height, street_name, street_number, postal_code, area, municipality, prefecture,  profession, citizenship, triage_id) VALUES ('1208436584','Βικέντια',NULL,'Δαμαλά','1943-08-12','male','63.96','92.72','Μουσιωτίτσης','160','94511','Σπάρτη','Άρτα','Αρκαδία','Ειδικός Ξενοδοχειακών Υπηρεσιών και Τροφοδοσίας','Νήσοι Πίτκαιρν','0');
INSERT INTO patient_email (AMKA, email_address) VALUES ('1208436584', 'antoniou.thalassini@example.net');
INSERT INTO patient_phone (AMKA, phone_number) VALUES ('1208436584', '(+30) 2986 106131');
INSERT INTO patient_phone (AMKA, phone_number) VALUES ('1208436584', '210 4465262');
INSERT INTO patient_phone (AMKA, phone_number) VALUES ('1208436584', '+30 2142 188253');
INSERT INTO triage (triage_id, level, symptoms) VALUES ('0', '3', 'Έστειλε γειτονιάς κάνε τύπους παραγωγικής. Συγχρόνως κάτι ανά ήδη.
Διευθυντές μου εκθέσεις στο. Έστελνε τον προσλάμβανες επί όταν πάρα.');
INSERT INTO patient (AMKA, first_name, middle_name, last_name, date_of_birth, sex, weight, height, street_name, street_number, postal_code, area, municipality, prefecture,  profession, citizenship, triage_id) VALUES ('2112406558','Απόλλων',NULL,'Κουρκουτάς','1940-12-21','other','143.97','137.2','Φιλοτίου','139','71992','Άμφισσα','Λιβαδιά','Κεφαλληνία','Τεχνίτης Ψάθας - Καλαθοποιίας','Γκέρνσεϊ','0');
INSERT INTO patient_email (AMKA, email_address) VALUES ('2112406558', 'csolakoudis@example.com');
INSERT INTO patient_email (AMKA, email_address) VALUES ('2112406558', 'chatzistaurakis.doukissa@example.org');
INSERT INTO patient_phone (AMKA, phone_number) VALUES ('2112406558', '2980 353 848');
INSERT INTO patient_phone (AMKA, phone_number) VALUES ('2112406558', '2350039528');
INSERT INTO triage (triage_id, level, symptoms) VALUES ('0', '3', 'Καταλάθος διολισθήσεις εξακολουθεί. Χρονοδιαγράμματος επενδυτής θέλεις φακέλους ποσοστό δημιουργια. Νόμιζες δε προϊόντα άρα.');
INSERT INTO patient (AMKA, first_name, middle_name, last_name, date_of_birth, sex, weight, height, street_name, street_number, postal_code, area, municipality, prefecture,  profession, citizenship, triage_id) VALUES ('0901435907','Κυπριανή',NULL,'Διαμαντής','1943-01-09','male','54.01','185.0','Πλ. Αγρίλου','84','46570','Γρεβενά','Ιωάννινα','Δωδεκάνησσος','Οπτικός','Μπαρμπάντος','0');
INSERT INTO patient_email (AMKA, email_address) VALUES ('0901435907', 'tsakmakis.stefanos@example.net');
INSERT INTO patient_phone (AMKA, phone_number) VALUES ('0901435907', '6910617429');
INSERT INTO patient_phone (AMKA, phone_number) VALUES ('0901435907', '2250307902');
INSERT INTO triage (triage_id, level, symptoms) VALUES ('0', '1', 'Να δε τι βιαστικά πιο. Αγοράζοντας ας στραβά που. Κάνεις μεταγλωτίσει αποφάσισε κλπ μέρος ξέχασε διοικητικό. Διαπιστώνεις φακέλους χρησιμοποιώντας μια χρόνου γράψει.');
INSERT INTO patient (AMKA, first_name, middle_name, last_name, date_of_birth, sex, weight, height, street_name, street_number, postal_code, area, municipality, prefecture,  profession, citizenship, triage_id) VALUES ('1603558833','Βλάσιος',NULL,'Καλαμαράκης','1955-03-16','male','117.74','190.82','Στύλιας','67','ΤΚ 11479','Πρέβεζα','Καρδίτσα','Θεσπρωτία','Πωλητής','Μπαχάμες','0');
INSERT INTO patient_email (AMKA, email_address) VALUES ('1603558833', 'gkinis.theofania@example.com');
INSERT INTO patient_phone (AMKA, phone_number) VALUES ('1603558833', '2710 746606');
INSERT INTO patient_phone (AMKA, phone_number) VALUES ('1603558833', '+30 6973 538160');
INSERT INTO triage (triage_id, level, symptoms) VALUES ('0', '4', 'Δίνοντας το δεν θέλεις παραγωγικής. Τη τρόπο από κειμένων περιεχόμενα ότι μην. Συνεχώς κανείς και. Χρειάζονται χώρου για μου παράγοντες υποψήφιο έγραψες.');
INSERT INTO patient (AMKA, first_name, middle_name, last_name, date_of_birth, sex, weight, height, street_name, street_number, postal_code, area, municipality, prefecture,  profession, citizenship, triage_id) VALUES ('0806014938','Κωνσταντίνα',NULL,'Καρακυρίου','2001-06-08','other','101.49','121.43','Σκαφιδωτής','162','73767','Σπάρτη','Λιβαδιά','Δράμα','Αξιωματικός Νοσηλευτικής','Μπαρμπάντος','0');
INSERT INTO patient_email (AMKA, email_address) VALUES ('0806014938', 'androniki90@example.net');
INSERT INTO patient_phone (AMKA, phone_number) VALUES ('0806014938', '+306930156481');
INSERT INTO patient_phone (AMKA, phone_number) VALUES ('0806014938', '2840764429');
INSERT INTO patient_phone (AMKA, phone_number) VALUES ('0806014938', '+302696500421');
INSERT INTO triage (triage_id, level, symptoms) VALUES ('0', '5', 'Δημιουργήσεις εκτελείται συνηθίζουν κάνεις την. Ελέγχου ναι κάνε περισσότερη πετάξαμε έστελνε όσο.');
INSERT INTO patient (AMKA, first_name, middle_name, last_name, date_of_birth, sex, weight, height, street_name, street_number, postal_code, area, municipality, prefecture,  profession, citizenship, triage_id) VALUES ('0305058496','Ασημούλα',NULL,'Μανιώτης','2005-05-03','male','127.52','176.08','Παππά','153','ΤΚ 530 32','Κοζάνη','Κοζάνη','Σάμος','Ειδικός Στατιστικής Έρευνας Αγοράς και Δημοσκοπήσεων – Στέλεχος Στατιστικής Δημοσκόπησης','Ναουρού','0');
INSERT INTO patient_email (AMKA, email_address) VALUES ('0305058496', 'dimitriou.panagia@example.com');
INSERT INTO patient_phone (AMKA, phone_number) VALUES ('0305058496', '210 768 0345');
INSERT INTO triage (triage_id, level, symptoms) VALUES ('0', '2', 'Παράδειγμα έχω ανακλύψεις διάβασε συνηθίζουν. Έρθει μα επιστρέφουν φαινόμενο αρπάζεις έχω πακέτων διολισθήσεις. Αρχεία τα ερώτηση σίγουρος.');
INSERT INTO patient (AMKA, first_name, middle_name, last_name, date_of_birth, sex, weight, height, street_name, street_number, postal_code, area, municipality, prefecture,  profession, citizenship, triage_id) VALUES ('1602028026','Αρετή',NULL,'Ρωμαίου','2002-02-16','female','51.24','75.96','Ισαακίου','188','ΤΚ 21616','Ναύπλιο','Έδεσσα','Χαλκιδική','Μηχανικός Πλοίων','Αιθιοπία','0');
INSERT INTO patient_email (AMKA, email_address) VALUES ('1602028026', 'xkotoulas@example.net');
INSERT INTO patient_phone (AMKA, phone_number) VALUES ('1602028026', '(+30) 6936 398451');
INSERT INTO triage (triage_id, level, symptoms) VALUES ('0', '5', 'Δε σημαντικός μην. Κόλπα λέει δυστυχής σίγουρος σκεφτείς.
Για τα μέγιστη. Μιας απαράδεκτη ευκολότερο αποδείξεις.');
INSERT INTO patient (AMKA, first_name, middle_name, last_name, date_of_birth, sex, weight, height, street_name, street_number, postal_code, area, municipality, prefecture,  profession, citizenship, triage_id) VALUES ('2206580644','Ρήγας',NULL,'Μασίκα','1958-06-22','male','129.52','180.08','Πλατεία Νιπιδιτού','52','ΤΚ 71195','Κατερίνη','Βέροια','Δωδεκάνησσος','Εκτιμητής Έργων Τέχνης','Γουιάνα','0');
INSERT INTO patient_email (AMKA, email_address) VALUES ('2206580644', 'jstaurianos@example.net');
INSERT INTO patient_phone (AMKA, phone_number) VALUES ('2206580644', '210 2203147');
INSERT INTO patient_phone (AMKA, phone_number) VALUES ('2206580644', '6956 921 596');
INSERT INTO triage (triage_id, level, symptoms) VALUES ('0', '2', 'Κόλπα συγκεντρωμένοι αποστηθίσει άρα πλέον. Σχεδιαστής διακόψουμε λετπά πως εφαμοργής ανεπιθύμητη. Την επιδιόρθωση μη.');
INSERT INTO patient (AMKA, first_name, middle_name, last_name, date_of_birth, sex, weight, height, street_name, street_number, postal_code, area, municipality, prefecture,  profession, citizenship, triage_id) VALUES ('2504117690','Ρεγγίνα',NULL,'Τάσιος','2011-04-25','male','55.12','88.28','Ρυακίου','118','ΤΚ 657 50','Πάτρα','Τρίκαλα','Φθιώτιδα','Ειδικός Γεωγραφικών Πληροφοριακών Συστημάτων','Νικαράγουα','0');
INSERT INTO patient_email (AMKA, email_address) VALUES ('2504117690', 'wtsiatis@example.com');
INSERT INTO patient_email (AMKA, email_address) VALUES ('2504117690', 'minoas49@example.net');
INSERT INTO patient_phone (AMKA, phone_number) VALUES ('2504117690', '6947 985 742');
INSERT INTO triage (triage_id, level, symptoms) VALUES ('0', '5', 'Ορίστε συγγραφής περιβάλλοντος άρα κι.
Νέα κώδικα κι για γιαυτό την. Περιβάλλοντος διευθυντές ήδη χαμηλός αναφορά τι πετάνε. Λίγο αφήσεις μην ας τα ίδιο.');
INSERT INTO patient (AMKA, first_name, middle_name, last_name, date_of_birth, sex, weight, height, street_name, street_number, postal_code, area, municipality, prefecture,  profession, citizenship, triage_id) VALUES ('1904784361','Ματρώνη',NULL,'Χοντζιά','1978-04-19','female','115.69','85.38','Πλατεία Αιγινίου','83','535 29','Βέροια','Κόρινθος','Βοιωτία','Ειδικός Προσχολικής Αγωγής Δραστηριοτήτων Δημιουργίας και Έκφρασης','Σλοβενία','0');
INSERT INTO patient_email (AMKA, email_address) VALUES ('1904784361', 'panopoulou.dimokratis@example.net');
INSERT INTO patient_phone (AMKA, phone_number) VALUES ('1904784361', '6976379283');
INSERT INTO patient_phone (AMKA, phone_number) VALUES ('1904784361', '+30 6999 523291');
INSERT INTO triage (triage_id, level, symptoms) VALUES ('0', '4', 'Εξοργιστικά δοκιμάσεις δεν περισσότερη. Υπηρεσία ο εκτός δύο νέου του. Ότι δεν μεταγλωτίσει αρχεία.
Το αρχεία ναι όταν βιβλίο γραμμές από. Προγραμματιστής παίξουν πετάνε στη άλγεβρα.');
INSERT INTO patient (AMKA, first_name, middle_name, last_name, date_of_birth, sex, weight, height, street_name, street_number, postal_code, area, municipality, prefecture,  profession, citizenship, triage_id) VALUES ('1603797884','Θαλασσινή',NULL,'Δημητρίου','1979-03-16','other','70.2','193.99','Λαγυνών','94','55679','Κοζάνη','Δράμα','Μεσσηνία','Πλέκτης','Συρία','0');
INSERT INTO patient_email (AMKA, email_address) VALUES ('1603797884', 'kalatha.neokleia@example.net');
INSERT INTO patient_email (AMKA, email_address) VALUES ('1603797884', 'bskremmyda@example.com');
INSERT INTO patient_phone (AMKA, phone_number) VALUES ('1603797884', '(+30) 2136 869303');
INSERT INTO patient_phone (AMKA, phone_number) VALUES ('1603797884', '+30 2144 261516');
INSERT INTO patient_phone (AMKA, phone_number) VALUES ('1603797884', '6971 233253');
INSERT INTO triage (triage_id, level, symptoms) VALUES ('0', '1', 'Μηχανής τελειώσει στραβά μερικούς. Χαμηλός κόψεις κανείς μιας βουτήξουν μπορούσες. Προγραμματιστές ημέρα μου σωστά το πιο μέγιστη.
Διορθώσεις με αποστηθίσει δύο αγοράζοντας πάντως σου χαρτιού.');
INSERT INTO patient (AMKA, first_name, middle_name, last_name, date_of_birth, sex, weight, height, street_name, street_number, postal_code, area, municipality, prefecture,  profession, citizenship, triage_id) VALUES ('2907676995','Προκόπιος',NULL,'Σκόρδος','1967-07-29','male','143.46','83.21','Οξυλίθου','179','16967','Πρέβεζα','Κέρκυρα','Ξάνθη','Σιδεράς - Σιδηρουργός','Νιούε','0');
INSERT INTO patient_email (AMKA, email_address) VALUES ('2907676995', 'ieronymos39@example.org');
INSERT INTO patient_phone (AMKA, phone_number) VALUES ('2907676995', '+302326109953');
INSERT INTO triage (triage_id, level, symptoms) VALUES ('0', '4', 'Σε στέλνοντάς σίγουρος λίγο ανά τα. Περιβάλλοντος διάβασε τεκμηριώνει.
Περισσότερες έξι γεγονός ατόμου. Με λίγο φακέλους αν.');
INSERT INTO patient (AMKA, first_name, middle_name, last_name, date_of_birth, sex, weight, height, street_name, street_number, postal_code, area, municipality, prefecture,  profession, citizenship, triage_id) VALUES ('1904918721','Εφραίμ',NULL,'Παλιούρα','1991-04-19','other','115.03','84.68','Λεωφ. Λιθινών','71','72770','Κατερίνη','Γρεβενά','Ρέθυμνο','Δημοσιογράφος Συντάκτης - Ρεπόρτερ Δημοσιογραφίας','Μαδαγασκάρη','0');
INSERT INTO patient_email (AMKA, email_address) VALUES ('1904918721', 'panteleimon69@example.com');
INSERT INTO patient_email (AMKA, email_address) VALUES ('1904918721', 'mina.irodotos@example.org');
INSERT INTO patient_phone (AMKA, phone_number) VALUES ('1904918721', '(+30) 2023 250290');
INSERT INTO triage (triage_id, level, symptoms) VALUES ('0', '3', 'Εκτελείται τα παραπάνω τύπους τα μέχρι.
Αναφέρονται μέχρι εκτελέσεις πλέον εργασίας τα. Άρα αυτός χρησιμοποιούνταν όσο σαν γιαυτό περιμένουν τους. Δε σαν παραγωγικής γειτονιάς εκθέσεις.');
INSERT INTO patient (AMKA, first_name, middle_name, last_name, date_of_birth, sex, weight, height, street_name, street_number, postal_code, area, municipality, prefecture,  profession, citizenship, triage_id) VALUES ('0307502774','Κυδωνία','Δαμασκηνή','Ρέντας','1950-07-03','male','108.68','193.02','Οινούσσας','170','ΤΚ 272 04','Κομοτηνή','Καστοριά','Χαλκιδική','Τεχνικός Διαχείρισης Συστημάτων και Παροχής Υπηρεσιών Intranet - Internet','Σουαζιλάνδη','0');
INSERT INTO patient_email (AMKA, email_address) VALUES ('0307502774', 'romaiou.elissaios@example.net');
INSERT INTO patient_email (AMKA, email_address) VALUES ('0307502774', 'qpoulida@example.com');
INSERT INTO patient_phone (AMKA, phone_number) VALUES ('0307502774', '+306908452491');
INSERT INTO patient_phone (AMKA, phone_number) VALUES ('0307502774', '6960 706049');
INSERT INTO patient_phone (AMKA, phone_number) VALUES ('0307502774', '210 291 4188');
INSERT INTO triage (triage_id, level, symptoms) VALUES ('0', '4', 'Ανταγωνιστής μετράει δείξει παράδειγμα έχω εξοργιστικά τρόπο.
Νέου έξι των ατόμου δημιουργείς.
Θέματα εφαρμογή συγγραφής ροή τοπικές πολύ κώδικάς. Την δύο μεταφραστής προβληματική.');
INSERT INTO patient (AMKA, first_name, middle_name, last_name, date_of_birth, sex, weight, height, street_name, street_number, postal_code, area, municipality, prefecture,  profession, citizenship, triage_id) VALUES ('1002683337','Φωτεινή',NULL,'Μαρτιάδου','1968-02-10','male','112.96','156.41','Καπνιά','189','ΤΚ 15638','Καρπενήσι','Χαλκίδα','Ηλεία','Σιδεράς - Σιδηρουργός','Ηνωμένο Βασίλειο','0');
INSERT INTO patient_email (AMKA, email_address) VALUES ('1002683337', 'theocharis21@example.com');
INSERT INTO patient_phone (AMKA, phone_number) VALUES ('1002683337', '210 9649341');
INSERT INTO patient_phone (AMKA, phone_number) VALUES ('1002683337', '6949494216');
INSERT INTO patient_phone (AMKA, phone_number) VALUES ('1002683337', '+30 6908 236730');
INSERT INTO triage (triage_id, level, symptoms) VALUES ('0', '5', 'Εργασίας τύπου ποσοστό περιβάλλοντος εγώ συγχρόνως ποια. Μην μέχρι προϊόντα πιο αποθηκευτικού χρονοδιαγράμματος. Μου ποσοστό τις διευθυντές ρουτίνα.');
INSERT INTO patient (AMKA, first_name, middle_name, last_name, date_of_birth, sex, weight, height, street_name, street_number, postal_code, area, municipality, prefecture,  profession, citizenship, triage_id) VALUES ('2101054987','Ελέσσα',NULL,'Φερεντίνος','2005-01-21','other','119.24','192.7','Λιμεναρίων','83','28934','Σέρρες','Καστοριά','Φωκίδα','Τεχνολόγος Ιχθυοκαλλιέργειας','Τανζανία','0');
INSERT INTO patient_email (AMKA, email_address) VALUES ('2101054987', 'amvrosia57@example.com');
INSERT INTO patient_email (AMKA, email_address) VALUES ('2101054987', 'porichis.stergios@example.org');
INSERT INTO patient_phone (AMKA, phone_number) VALUES ('2101054987', '6935 521 279');
INSERT INTO patient_phone (AMKA, phone_number) VALUES ('2101054987', '2440 911 104');
INSERT INTO patient_phone (AMKA, phone_number) VALUES ('2101054987', '2110 623 826');
INSERT INTO triage (triage_id, level, symptoms) VALUES ('0', '5', 'Που μαγικά άρα δούλευε αντιλήφθηκαν περιμένουν παράδειγμα. Για δεδομένων σου. Σημεία απαραίτητο περιβάλλοντος στις μάθε πάντως δύο.');
INSERT INTO patient (AMKA, first_name, middle_name, last_name, date_of_birth, sex, weight, height, street_name, street_number, postal_code, area, municipality, prefecture,  profession, citizenship, triage_id) VALUES ('2904075120','Ρέα',NULL,'Κοντάκος','2007-04-29','other','106.75','58.79','Επανωχωρίου','116','931 68','Αργοστόλι','Κοζάνη','Σάμος','Μόνιμος Υπαξιωματικός Αεροπορίας','Νήσοι Σολομώντα','0');
INSERT INTO patient_email (AMKA, email_address) VALUES ('2904075120', 'athanasakis.eirini@example.org');
INSERT INTO patient_email (AMKA, email_address) VALUES ('2904075120', 'ignatia.pischinas@example.com');
INSERT INTO patient_phone (AMKA, phone_number) VALUES ('2904075120', '2880484052');
INSERT INTO patient_phone (AMKA, phone_number) VALUES ('2904075120', '+30 2423 892755');
INSERT INTO patient_phone (AMKA, phone_number) VALUES ('2904075120', '2930 978 104');
INSERT INTO triage (triage_id, level, symptoms) VALUES ('0', '4', 'Υόρκη θυμάμαι στο. Κάνε δύο βαθμό ειδικά γειτονιάς ο συγγραφείς.
Διορθώσεις υπηρεσία χειρότερα και το.
Εντολές μέχρι μιας μεταγλωτίσει έξι παίξουν ναι το. Κάτι να δίνοντας αυτός.');
INSERT INTO patient (AMKA, first_name, middle_name, last_name, date_of_birth, sex, weight, height, street_name, street_number, postal_code, area, municipality, prefecture,  profession, citizenship, triage_id) VALUES ('0906535077','Ειρήνη','Ισαβέλλα','Γεωργαλάς','1953-06-09','other','149.09','59.1','Αιγιάλης','167','363 36','Ρέθυμνο','Καρπενήσι','Αιτωλία & Ακαρνανία','Διαχειριστής Logistics','Υεμένη','0');
INSERT INTO patient_email (AMKA, email_address) VALUES ('0906535077', 'mdrakaki@example.net');
INSERT INTO patient_phone (AMKA, phone_number) VALUES ('0906535077', '+30 6987 123010');
INSERT INTO triage (triage_id, level, symptoms) VALUES ('0', '4', 'Κώδικα και γραφικά ανεπιθύμητη λιγότερο. Έτσι σίγουρος παίρνει έτσι ένας. Συνάδελφος πακέτων έστελνε γέλασαν.
Ας ευκολότερο απαραίτητο κλπ μαγικά. Δεν κανένας του ρωτάει από μέχρι.');
INSERT INTO patient (AMKA, first_name, middle_name, last_name, date_of_birth, sex, weight, height, street_name, street_number, postal_code, area, municipality, prefecture,  profession, citizenship, triage_id) VALUES ('1909077893','Παναγής',NULL,'Πέτση','2007-09-19','other','124.8','129.87','Ανεμοχωρίου','6','77967','Καρπενήσι','Ηγουμενίτσα','Τρίκαλα','Μηχανικός Χωροταξίας και Περιφερειακής Ανάπτυξης','Ακτή Ελεφαντοστού','0');
INSERT INTO patient_email (AMKA, email_address) VALUES ('1909077893', 'tseas.rodia@example.com');
INSERT INTO patient_phone (AMKA, phone_number) VALUES ('1909077893', '+302527228440');
INSERT INTO patient_phone (AMKA, phone_number) VALUES ('1909077893', '2400588519');
INSERT INTO triage (triage_id, level, symptoms) VALUES ('0', '1', 'Δημιουργια αναγκάζονται πολύ χρόνου νιρβάνα. Δείξει νέου χρόνου. Ως την γραμμής εγώ.
Τα ήδη διορθώσει μην. Άπειρα ελέγχου εφαρμογής υψηλότερη.
Απίστευτα δημιουργείς άρα σημεία σε πάντως.');
INSERT INTO patient (AMKA, first_name, middle_name, last_name, date_of_birth, sex, weight, height, street_name, street_number, postal_code, area, municipality, prefecture,  profession, citizenship, triage_id) VALUES ('0803099805','Θεοπίστη',NULL,'Αξαόπουλος','2009-03-08','female','116.8','125.8','Λεωφ. Συκά Υπάτης','120','ΤΚ 10159','Αργοστόλι','Κόρινθος','Γρεβενά','Βοτανολόγος','Άγιος Μαρίνος','0');
INSERT INTO patient_email (AMKA, email_address) VALUES ('0803099805', 'tpagkalos@example.org');
INSERT INTO patient_email (AMKA, email_address) VALUES ('0803099805', 'anargyros.mpafiti@example.net');
INSERT INTO patient_phone (AMKA, phone_number) VALUES ('0803099805', '6920 522149');
INSERT INTO triage (triage_id, level, symptoms) VALUES ('0', '1', 'Νέο ιδιαίτερα ας τα χαρακτηριστικών τεσσαρών.
Των του εκτός σε. Με νιρβάνα προγραμματιστής άτομο εργαλείων νέα όχι μέγιστη. Περιμένουν προσπαθούν είχαμε με συνεντεύξεις ρωτάει.');
INSERT INTO patient (AMKA, first_name, middle_name, last_name, date_of_birth, sex, weight, height, street_name, street_number, postal_code, area, municipality, prefecture,  profession, citizenship, triage_id) VALUES ('2109666755','Νικητία',NULL,'Δούνης','1966-09-21','male','139.54','82.99','Πλ. Υαμείας','176','08030','Λιβαδιά','Άμφισσα','Φωκίδα','Ειδικός Προσχολικής Αγωγής Δραστηριοτήτων Δημιουργίας και Έκφρασης','Νότιος Αφρική','0');
INSERT INTO patient_email (AMKA, email_address) VALUES ('2109666755', 'apapagiannakopoulos@example.org');
INSERT INTO patient_phone (AMKA, phone_number) VALUES ('2109666755', '2830 312 309');
INSERT INTO patient_phone (AMKA, phone_number) VALUES ('2109666755', '(+30) 6957 608800');
INSERT INTO patient_phone (AMKA, phone_number) VALUES ('2109666755', '2340 850 777');
INSERT INTO triage (triage_id, level, symptoms) VALUES ('0', '2', 'Ακούσει κανόνα στήλες κάτι διαχειριστής πετούν έστελνε διαδίκτυο. Ότι δεν έχω χειρότερα. Ως διαπιστώνεις περιεχόμενα περιβάλλοντος εσωτερικών χρονοδιαγράμματος διασφαλίζεται.');
INSERT INTO patient (AMKA, first_name, middle_name, last_name, date_of_birth, sex, weight, height, street_name, street_number, postal_code, area, municipality, prefecture,  profession, citizenship, triage_id) VALUES ('0404550381','Γερακίνα','Αγάπη','Αγγελόπουλος','1955-04-04','other','137.0','199.4','Παχτουρίου','136','411 88','Πάτρα','Ηράκλειο','Θεσπρωτία','Κρεοπώλης','Σουδάν','0');
INSERT INTO patient_email (AMKA, email_address) VALUES ('0404550381', 'agoro.fasoulidou@example.com');
INSERT INTO patient_email (AMKA, email_address) VALUES ('0404550381', 'eustratia.iatropoulos@example.net');
INSERT INTO patient_phone (AMKA, phone_number) VALUES ('0404550381', '+306923135999');
INSERT INTO patient_phone (AMKA, phone_number) VALUES ('0404550381', '2108595468');
INSERT INTO patient_phone (AMKA, phone_number) VALUES ('0404550381', '2232059070');
INSERT INTO triage (triage_id, level, symptoms) VALUES ('0', '3', 'Αθόρυβες δεν με εκτός άρα δημιουργήσεις τρέξει. Γέλασαν σωστά απαρατήρητο ορίστε διακοπής οι διαφήμιση. Αφήσεις χώρου μη.');
INSERT INTO patient (AMKA, first_name, middle_name, last_name, date_of_birth, sex, weight, height, street_name, street_number, postal_code, area, municipality, prefecture,  profession, citizenship, triage_id) VALUES ('2306891683','Πάτροκλος','Όλγα','Λάτσκος','1989-06-23','female','89.54','52.44','Πάροδος Καρνασίου','76','161 80','Σπάρτη','Ιωάννινα','Πρέβεζα','Μηχανικός Αεροσκαφών','Λεσότο','0');
INSERT INTO patient_email (AMKA, email_address) VALUES ('2306891683', 'nearchos04@example.org');
INSERT INTO patient_email (AMKA, email_address) VALUES ('2306891683', 'karyofyllia.risvas@example.org');
INSERT INTO patient_phone (AMKA, phone_number) VALUES ('2306891683', '+306928422733');
INSERT INTO triage (triage_id, level, symptoms) VALUES ('0', '5', 'Ορίστε που φαινόμενο. Εταιρείες καταλάθος πάντως ύψος ερωτήσεις υόρκη.
Πολύ στήλες γνωρίζουμε σπίτι τρόπο στη.');
INSERT INTO patient (AMKA, first_name, middle_name, last_name, date_of_birth, sex, weight, height, street_name, street_number, postal_code, area, municipality, prefecture,  profession, citizenship, triage_id) VALUES ('0807776513','Ελπίς',NULL,'Αποστολάκη','1977-07-08','male','117.67','190.67','Νίκα','142','85310','Χανιά','Κοζάνη','Κεφαλληνία','Κατασκευαστής Ειδών Ενδυμασίας','Μαλδίβες','0');
INSERT INTO patient_email (AMKA, email_address) VALUES ('0807776513', 'ioulia27@example.org');
INSERT INTO patient_phone (AMKA, phone_number) VALUES ('0807776513', '22750 92 344');
INSERT INTO triage (triage_id, level, symptoms) VALUES ('0', '2', 'Εργοστασίου έξι σημεία όσο τεκμηριώνει. Που να μερικούς σχεδιαστής ιδιαίτερα.
Λαμβάνουν ταξινομεί τον παραδώσεις δύο περισσότερες σημεία. Μη συνεχώς πλέον άρα γραμμής γνωρίζουμε διάσημα.');
INSERT INTO patient (AMKA, first_name, middle_name, last_name, date_of_birth, sex, weight, height, street_name, street_number, postal_code, area, municipality, prefecture,  profession, citizenship, triage_id) VALUES ('0510087485','Ελπίδα',NULL,'Αφρουδάκης','2008-10-05','other','58.35','177.89','Πηδάσου','136','ΤΚ 57784','Πολύγυρος','Σάμος','Κοζάνη','Αξιωματικός Νοσηλευτικής','Ελβετία','0');
INSERT INTO patient_email (AMKA, email_address) VALUES ('0510087485', 'dimos23@example.net');
INSERT INTO patient_email (AMKA, email_address) VALUES ('0510087485', 'ippolyti99@example.org');
INSERT INTO patient_phone (AMKA, phone_number) VALUES ('0510087485', '(+30) 6963 107212');
INSERT INTO patient_phone (AMKA, phone_number) VALUES ('0510087485', '(+30) 6905 157644');
INSERT INTO patient_phone (AMKA, phone_number) VALUES ('0510087485', '+30 2100 679415');
INSERT INTO triage (triage_id, level, symptoms) VALUES ('0', '3', 'Έξι περιβάλλοντος από υψηλότερη δε κόψεις. Βάζοντας γνωρίζουμε τύπους μετράει προκύπτουν εσωτερικών κρατήσουν.');
INSERT INTO patient (AMKA, first_name, middle_name, last_name, date_of_birth, sex, weight, height, street_name, street_number, postal_code, area, municipality, prefecture,  profession, citizenship, triage_id) VALUES ('0411145672','Ιούλιος',NULL,'Κουτσούμπεη','2014-11-04','female','101.53','124.12','Ξενάκη','68','750 04','Σέρρες','Ηγουμενίτσα','Πρέβεζα','Στέλεχος Τουρισμού','Τόγκο','0');
INSERT INTO patient_email (AMKA, email_address) VALUES ('0411145672', 'galinos85@example.net');
INSERT INTO patient_email (AMKA, email_address) VALUES ('0411145672', 'otsamados@example.net');
INSERT INTO patient_phone (AMKA, phone_number) VALUES ('0411145672', '2730302992');
INSERT INTO patient_phone (AMKA, phone_number) VALUES ('0411145672', '2350 810174');
INSERT INTO patient_phone (AMKA, phone_number) VALUES ('0411145672', '6939798618');
INSERT INTO triage (triage_id, level, symptoms) VALUES ('0', '5', 'Χρονοδιαγράμματα εσωτερικών χρησιμοποιούσες αποστηθίσει φαινόμενο ρουτίνα ρωτήσει. Δεν μιας βάζοντας επεξεργασία απομόνωση.
Εντολές τοπικές δύο. Διακοπή φαινόμενο βάζοντας γραμμή απόλαυσε να όταν.');
INSERT INTO patient (AMKA, first_name, middle_name, last_name, date_of_birth, sex, weight, height, street_name, street_number, postal_code, area, municipality, prefecture,  profession, citizenship, triage_id) VALUES ('2805632891','Θέτις','Θεοτόκης','Στεφάνου','1963-05-28','female','142.25','148.31','Μιχαηλίδου','76','ΤΚ 86720','Καρδίτσα','Έδεσσα','Λέσβος','Θεατρολόγος','Τοκελάου','0');
INSERT INTO patient_email (AMKA, email_address) VALUES ('2805632891', 'kornilia.amygdalakis@example.org');
INSERT INTO patient_phone (AMKA, phone_number) VALUES ('2805632891', '27780 91 920');
INSERT INTO patient_phone (AMKA, phone_number) VALUES ('2805632891', '2630 198 771');
INSERT INTO triage (triage_id, level, symptoms) VALUES ('0', '2', 'Εγώ χάος τρόπο εδώ. Ελέγχου αρέσει στη πηγαίου κοιτάζοντας. Ποσοστό απαράδεκτη διορθώσει κάνεις ατόμου γραμμές χρονοδιαγράμματος.
Των τις κανένας. Άρα έλεγχος ανώδυνη όσο επί ίδιο όταν.');
INSERT INTO patient (AMKA, first_name, middle_name, last_name, date_of_birth, sex, weight, height, street_name, street_number, postal_code, area, municipality, prefecture,  profession, citizenship, triage_id) VALUES ('2703503656','Πάτροκλος',NULL,'Κωστοπούλου','1950-03-27','female','66.48','136.5','Πλατεία Πλατυκάμπου','187','ΤΚ 82076','Καρδίτσα','Κατερίνη','Κοζάνη','Τεχνικός Αερίων Καυσίμων','Δανία','0');
INSERT INTO patient_email (AMKA, email_address) VALUES ('2703503656', 'ikesalidis@example.net');
INSERT INTO patient_email (AMKA, email_address) VALUES ('2703503656', 'persefoni.zafeiris@example.org');
INSERT INTO patient_phone (AMKA, phone_number) VALUES ('2703503656', '2483040082');
INSERT INTO patient_phone (AMKA, phone_number) VALUES ('2703503656', '2161057515');
INSERT INTO patient_phone (AMKA, phone_number) VALUES ('2703503656', '(+30) 2461 882437');
INSERT INTO triage (triage_id, level, symptoms) VALUES ('0', '5', 'Χρησιμοποιούσες πλέον στις εδώ. Πες ένας παίρνουν παραπάνω πως παραπάνω συγχρόνως. Μην χρησιμοποιούσες ειδικά κι.');
INSERT INTO patient (AMKA, first_name, middle_name, last_name, date_of_birth, sex, weight, height, street_name, street_number, postal_code, area, municipality, prefecture,  profession, citizenship, triage_id) VALUES ('0508032229','Σπυράννα',NULL,'Αγαλιώτης','2003-08-05','male','60.1','63.09','Πατινιωτάκη','16','ΤΚ 77106','Ρέθυμνο','Μυτιλήνη','Χαλκιδική','Μαρμαράς','Κύπρος','0');
INSERT INTO patient_email (AMKA, email_address) VALUES ('0508032229', 'gesthimani57@example.org');
INSERT INTO patient_phone (AMKA, phone_number) VALUES ('0508032229', '6961 487 362');
INSERT INTO patient_phone (AMKA, phone_number) VALUES ('0508032229', '2270 310 411');
INSERT INTO patient_phone (AMKA, phone_number) VALUES ('0508032229', '6961 842492');
INSERT INTO triage (triage_id, level, symptoms) VALUES ('0', '4', 'Γνωστή κλπ ένα παίξουν σου επιστρέφουν. Στα χώρου εργάστηκε ένα τύπου μέσης. Τις στο δεν στο διακοπή ως.');
INSERT INTO patient (AMKA, first_name, middle_name, last_name, date_of_birth, sex, weight, height, street_name, street_number, postal_code, area, municipality, prefecture,  profession, citizenship, triage_id) VALUES ('1010649535','Μερκούριος',NULL,'Λογοθέτη','1964-10-10','female','124.36','161.27','Ταυλαρίδου','55','642 40','Αθήνα','Τρίκαλα','Μαγνησία','Αγρότης Καλλιεργητής','Ολλανδικές Αντίλλες','0');
INSERT INTO patient_email (AMKA, email_address) VALUES ('1010649535', 'augeris.pantzekos@example.com');
INSERT INTO patient_phone (AMKA, phone_number) VALUES ('1010649535', '2108432983');
INSERT INTO triage (triage_id, level, symptoms) VALUES ('0', '4', 'Διάβασε σου τι μη όχι ένας. Ροή απαρατήρητο απίστευτα κώδικα δεν.
Ένα εξαρτάται ξέχασε οι συνέχεια. Γιαυτό εντολές δεδομένων σταματάς.
Άρα πλέον των στήλες ευκολότερο.');
INSERT INTO patient (AMKA, first_name, middle_name, last_name, date_of_birth, sex, weight, height, street_name, street_number, postal_code, area, municipality, prefecture,  profession, citizenship, triage_id) VALUES ('2911618637','Γραμματική',NULL,'Κωνσταντοπούλου','1961-11-29','male','101.49','157.51','Κουτσικούρη','156','94052','Ηράκλειο','Ερμούπολη','Πρέβεζα','Ιερέας','Γεωργία','0');
INSERT INTO patient_email (AMKA, email_address) VALUES ('2911618637', 'ydarsakli@example.com');
INSERT INTO patient_phone (AMKA, phone_number) VALUES ('2911618637', '210 061 7585');
INSERT INTO patient_phone (AMKA, phone_number) VALUES ('2911618637', '210 644 0875');
INSERT INTO triage (triage_id, level, symptoms) VALUES ('0', '3', 'Λιγότερο ποια τι ένας ρουτίνα αγοράζοντας κλπ. Τις σπίτι συνεχώς λοιπόν επεξεργασία. Ερώτηση ερωτήσεις αυτός εργαζόμενοι άπειρα βρίσκονται ξέχασε.');
INSERT INTO patient (AMKA, first_name, middle_name, last_name, date_of_birth, sex, weight, height, street_name, street_number, postal_code, area, municipality, prefecture,  profession, citizenship, triage_id) VALUES ('0912718281','Δημούλα',NULL,'Χουδαλάκης','1971-12-09','female','102.26','83.07','Ατσαλάκη','190','414 79','Ζάκυνθος','Μεσολόγγι','Θεσπρωτία','Ιχθυοπαθολόγος','Αλγερία','0');
INSERT INTO patient_email (AMKA, email_address) VALUES ('0912718281', 'nikiforos24@example.com');
INSERT INTO patient_phone (AMKA, phone_number) VALUES ('0912718281', '(+30) 6909 423929');
INSERT INTO triage (triage_id, level, symptoms) VALUES ('0', '2', 'Μιας εδώ εταιρείες της της μεταγλωτιστής περισσότερες. Να τα εσωτερικών από παράγοντες συνάδελφος λοιπόν.
Ωραίο επί περίπου βιαστικά αναφορά γραμμή πηγαίου. Ναι εγώ μια κάνε χρησιμοποιούνταν στη.');
INSERT INTO patient (AMKA, first_name, middle_name, last_name, date_of_birth, sex, weight, height, street_name, street_number, postal_code, area, municipality, prefecture,  profession, citizenship, triage_id) VALUES ('1009586249','Αικατερίνη',NULL,'Τυμβίου','1958-09-10','female','81.48','146.61','Καρτερών','7','905 69','Κόρινθος','Λάρισα','Δωδεκάνησσος','Φοντοποιός','Ισημερινός','0');
INSERT INTO patient_email (AMKA, email_address) VALUES ('1009586249', 'nikitia08@example.net');
INSERT INTO patient_phone (AMKA, phone_number) VALUES ('1009586249', '2330 381214');
INSERT INTO patient_phone (AMKA, phone_number) VALUES ('1009586249', '(+30) 2170 063154');
INSERT INTO patient_phone (AMKA, phone_number) VALUES ('1009586249', '+302106529884');
INSERT INTO triage (triage_id, level, symptoms) VALUES ('0', '5', 'Διορθώσεις αποστηθίσει άρα με κειμένων βασανίζουν συνεχώς. Κώδικάς εδώ μπορούσες πιο εδώ οι. Θέματα απαραίτητο μην βάζοντας ίδιο.
Λες δεν εγώ διακόψουμε γειτονιάς τις εκείνου ειδικά.');
INSERT INTO patient (AMKA, first_name, middle_name, last_name, date_of_birth, sex, weight, height, street_name, street_number, postal_code, area, municipality, prefecture,  profession, citizenship, triage_id) VALUES ('2712066961','Βαρσάμος',NULL,'Τσακμάκης','2006-12-27','male','51.89','98.8','Λεωφόρος Καστελλάνων Γύρου','21','79694','Ιωάννινα','Τρίκαλα','Ηλεία','Δημοσιογράφος Συντάκτης - Ρεπόρτερ Δημοσιογραφίας','Τόγκο','0');
INSERT INTO patient_email (AMKA, email_address) VALUES ('2712066961', 'koutouzidou.stergianno@example.net');
INSERT INTO patient_phone (AMKA, phone_number) VALUES ('2712066961', '+306904913939');
INSERT INTO patient_phone (AMKA, phone_number) VALUES ('2712066961', '210 9802870');
INSERT INTO triage (triage_id, level, symptoms) VALUES ('0', '1', 'Πάντα ανώδυνη εξαρτάται θέματα απομόνωση. Νέα προσθέσει πρώτο δύο νέα.
Πάντως εργαλείων χώρου κανείς.');
INSERT INTO patient (AMKA, first_name, middle_name, last_name, date_of_birth, sex, weight, height, street_name, street_number, postal_code, area, municipality, prefecture,  profession, citizenship, triage_id) VALUES ('2904000839','Μεταξία',NULL,'Παρασκευόπουλος','2000-04-29','other','95.74','64.08','Πάρ. Καταλωνίων','6','ΤΚ 333 91','Κόρινθος','Πολύγυρος','Κέρκυρα','Αξιωματικός Μηχανικός Ναυσιπλοΐας','Λευκορωσία','0');
INSERT INTO patient_email (AMKA, email_address) VALUES ('2904000839', 'omitropoulou@example.net');
INSERT INTO patient_phone (AMKA, phone_number) VALUES ('2904000839', '+302637539849');
INSERT INTO patient_phone (AMKA, phone_number) VALUES ('2904000839', '210 0308443');
INSERT INTO triage (triage_id, level, symptoms) VALUES ('0', '1', 'Ας ναι εταιρείες ευκολότερο αρχεία παίρνουν συγγραφείς. Δυστυχώς μου να ρουτίνα εικόνες δύο εκτελείται. Μέσης ώρα ελέγχου το.
Για χώρου στη πιο εκτός αν. Βάζοντας πάρα για θα κανόνα.');
INSERT INTO patient (AMKA, first_name, middle_name, last_name, date_of_birth, sex, weight, height, street_name, street_number, postal_code, area, municipality, prefecture,  profession, citizenship, triage_id) VALUES ('0510660375','Βενέτιος',NULL,'Μανίκας','1966-10-05','other','50.4','121.16','Κλεινού','58','55314','Ερμούπολη','Τρίπολη','Έβρος','Πωλητής','Ηνωμένο Βασίλειο','0');
INSERT INTO patient_email (AMKA, email_address) VALUES ('0510660375', 'hpapadopoulos@example.org');
INSERT INTO patient_phone (AMKA, phone_number) VALUES ('0510660375', '2307041319');
INSERT INTO patient_phone (AMKA, phone_number) VALUES ('0510660375', '2102705734');
INSERT INTO patient_phone (AMKA, phone_number) VALUES ('0510660375', '6978 601297');
INSERT INTO triage (triage_id, level, symptoms) VALUES ('0', '4', 'Άρθρων από μα μάλλον παράγοντες δεν. Γεγονός τι μια σημαντικός στα.
Προκαλείς επιδιόρθωση μιας βουτήξουν εδώ έτσι. Περιβάλλοντος δημιουργια αποφάσισε αναφορά πόρτες ρωτάει.');
INSERT INTO patient (AMKA, first_name, middle_name, last_name, date_of_birth, sex, weight, height, street_name, street_number, postal_code, area, municipality, prefecture,  profession, citizenship, triage_id) VALUES ('2201131623','Πέτρος','Επιστήμη','Παπαθεοδοσίου','2013-01-22','female','132.96','182.42','Αρτεσιανού','195','18952','Τρίπολη','Ερμούπολη','Ημαθία','Σοβατζής','Νότιος Γεωργία και οι Νότιοι Σάντουιτς Νήσοι','0');
INSERT INTO patient_email (AMKA, email_address) VALUES ('2201131623', 'nkomkoudis@example.com');
INSERT INTO patient_email (AMKA, email_address) VALUES ('2201131623', 'tgiatrakou@example.net');
INSERT INTO patient_phone (AMKA, phone_number) VALUES ('2201131623', '6953 935095');
INSERT INTO patient_phone (AMKA, phone_number) VALUES ('2201131623', '2119030771');
INSERT INTO triage (triage_id, level, symptoms) VALUES ('0', '4', 'Συγχρόνως στις την απαρατήρητο. Άρθρων διορθώσει σωστά ήδη εκτελέσει.
Που δουλεύει ποια. Εργασίας δυστυχώς τη μέσης ύψος εργαλείων. Πηγαίου με ιδιαίτερα. Πάντως των που τρόποι προκύπτουν λες αναφορά.');
INSERT INTO patient (AMKA, first_name, middle_name, last_name, date_of_birth, sex, weight, height, street_name, street_number, postal_code, area, municipality, prefecture,  profession, citizenship, triage_id) VALUES ('2205416852','Υβόννη',NULL,'Δουλγεράκης','1941-05-22','male','76.43','131.01','Στεφανίου','23','ΤΚ 07633','Χίος','Τρίκαλα','Ροδόπη','Ελεγκτής Ολικής Ποιότητας','Λιβερία','0');
INSERT INTO patient_email (AMKA, email_address) VALUES ('2205416852', 'ikapatsoris@example.net');
INSERT INTO patient_phone (AMKA, phone_number) VALUES ('2205416852', '210 0249099');
INSERT INTO patient_phone (AMKA, phone_number) VALUES ('2205416852', '210 374 6214');
INSERT INTO triage (triage_id, level, symptoms) VALUES ('0', '4', 'Υψηλότερη από απόλαυσε μάτσο τον νιρβάνα έστειλε. Ίδιο έτσι λίγο ίδιο μην εταιρείες σας εντολές.');
INSERT INTO patient (AMKA, first_name, middle_name, last_name, date_of_birth, sex, weight, height, street_name, street_number, postal_code, area, municipality, prefecture,  profession, citizenship, triage_id) VALUES ('2211498362','Βιργινία',NULL,'Βούλκος','1949-11-22','male','118.21','113.39','Μαρτιάδου','35','ΤΚ 721 33','Θεσσαλονίκη','Λευκάδα','Ξάνθη','Μελισσοκόμος','Μογγολία','0');
INSERT INTO patient_email (AMKA, email_address) VALUES ('2211498362', 'sofronia59@example.com');
INSERT INTO patient_email (AMKA, email_address) VALUES ('2211498362', 'selini.kouthouri@example.org');
INSERT INTO patient_phone (AMKA, phone_number) VALUES ('2211498362', '6918 100563');
INSERT INTO patient_phone (AMKA, phone_number) VALUES ('2211498362', '+306906590351');
INSERT INTO patient_phone (AMKA, phone_number) VALUES ('2211498362', '2660 009480');
INSERT INTO triage (triage_id, level, symptoms) VALUES ('0', '2', 'Προγραμματιστής γέλασαν γεύματος χάος. Ζητήσεις προσλάμβανες ύψος πρόσληψη. Και απλό είχαμε επί δίνοντας πάντα σε.');
INSERT INTO patient (AMKA, first_name, middle_name, last_name, date_of_birth, sex, weight, height, street_name, street_number, postal_code, area, municipality, prefecture,  profession, citizenship, triage_id) VALUES ('2502522038','Πρόδρομος','Παγώνα','Αρχάκη','1952-02-25','female','126.47','169.94','Πλατεία Φανού','90','97007','Καρδίτσα','Ερμούπολη','Δωδεκάνησσος','Τουριστικός Συνοδός','Νησιά Καϋμάν','0');
INSERT INTO patient_email (AMKA, email_address) VALUES ('2502522038', 'giotakis.valerios@example.com');
INSERT INTO patient_phone (AMKA, phone_number) VALUES ('2502522038', '6959 365947');
INSERT INTO patient_phone (AMKA, phone_number) VALUES ('2502522038', '(+30) 6950 308035');
INSERT INTO patient_phone (AMKA, phone_number) VALUES ('2502522038', '2870 069034');
INSERT INTO triage (triage_id, level, symptoms) VALUES ('0', '5', 'Απαρατήρητο σου δεδομένων ήδη μιας κάτι ανακλύψεις στο.
Επί ποια δωροδοκηθούν ορίστε. Διαχειριστής τα θα επενδυτής ανά. Μου οι μεταγλωτίσει.');
INSERT INTO patient (AMKA, first_name, middle_name, last_name, date_of_birth, sex, weight, height, street_name, street_number, postal_code, area, municipality, prefecture,  profession, citizenship, triage_id) VALUES ('1907030712','Μάνθα','Παναγία','Αλεξανδράκη','2003-07-19','other','88.18','90.61','Σαρδινίων','147','93735','Λάρισα','Σέρρες','Βοιωτία','Μηχανικός Επιστήμης και Τεχνολογίας των Υλικών','Άγιος Βαρθολομαίος','0');
INSERT INTO patient_email (AMKA, email_address) VALUES ('1907030712', 'nvoutsina@example.com');
INSERT INTO patient_phone (AMKA, phone_number) VALUES ('1907030712', '210 7669064');
INSERT INTO patient_phone (AMKA, phone_number) VALUES ('1907030712', '210 1399988');
INSERT INTO triage (triage_id, level, symptoms) VALUES ('0', '3', 'Εκτελέσει σαν ταξινομεί αποφάσισε. Δημιουργείς διακόψουμε άλγεβρα παράγοντες νιρβάνα. Δεδομένων την γέλασαν μαγικά τέλειοι όταν.');
INSERT INTO patient (AMKA, first_name, middle_name, last_name, date_of_birth, sex, weight, height, street_name, street_number, postal_code, area, municipality, prefecture,  profession, citizenship, triage_id) VALUES ('2901588087','Ασημής',NULL,'Αποστολακάκης','1958-01-29','male','134.91','195.12','Ρόκκα','83','ΤΚ 87673','Πάτρα','Αγ. Νικόλαος','Ξάνθη','Εκφωνητής','Ακτή Ελεφαντοστού','0');
INSERT INTO patient_email (AMKA, email_address) VALUES ('2901588087', 'ovitsaxis@example.net');
INSERT INTO patient_phone (AMKA, phone_number) VALUES ('2901588087', '2103239735');
INSERT INTO triage (triage_id, level, symptoms) VALUES ('0', '4', 'Χρόνου περισσότερες ας ένας της. Πάρεις πάντως πλέον διορθώσεις.
Στα προσλάμβανες ευκολότερο ποια μας πόρτες του. Δυστυχώς ας γεγονός ανταγωνιστής παίρνει τα.');
INSERT INTO patient (AMKA, first_name, middle_name, last_name, date_of_birth, sex, weight, height, street_name, street_number, postal_code, area, municipality, prefecture,  profession, citizenship, triage_id) VALUES ('0304226385','Αχιλλεία',NULL,'Τρομπούκη','2022-04-03','female','97.84','68.46','Τριπόλεως','20','ΤΚ 85753','Αλεξανδρούπολη','Ηράκλειο','Κιλκίς','Αισθητικός - Ειδικός Εφαρμογών Αισθητικής','Ισημερινή Γουινέα','0');
INSERT INTO patient_email (AMKA, email_address) VALUES ('0304226385', 'chloi37@example.net');
INSERT INTO patient_phone (AMKA, phone_number) VALUES ('0304226385', '(+30) 2214 051637');
INSERT INTO patient_phone (AMKA, phone_number) VALUES ('0304226385', '2100758481');
INSERT INTO triage (triage_id, level, symptoms) VALUES ('0', '3', 'Παίξουν υπηρεσία απαρατήρητο διακοπή απομόνωση πεδία. Αποφάσισε πάντα πλέον τα γραμμή ένας. Έχω διάβασε αφήσεις μια εκείνου.');
INSERT INTO patient (AMKA, first_name, middle_name, last_name, date_of_birth, sex, weight, height, street_name, street_number, postal_code, area, municipality, prefecture,  profession, citizenship, triage_id) VALUES ('1206681535','Ανατολή',NULL,'Τσαγλιώτης','1968-06-12','other','109.63','131.39','Φουρκιώτη','185','ΤΚ 323 92','Ρόδος','Σάμος','Πρέβεζα','Ειδικός Πρόληψης και Θεραπείας Εξαρτημένων Ατόμων','Ισημερινή Γουινέα','0');
INSERT INTO patient_email (AMKA, email_address) VALUES ('1206681535', 'androklis.tzikas@example.org');
INSERT INTO patient_phone (AMKA, phone_number) VALUES ('1206681535', '2104844161');
INSERT INTO triage (triage_id, level, symptoms) VALUES ('0', '1', 'Χρησιμοποιώντας στα βασανίζουν κύκλο περιμένουν σε χαρακτηριστικών. Περιβάλλοντος ερωτήσεις διορθώσει ας ζητήσεις.
Στο σου κάνε ευκολότερο νόμιζες βρίσκονται. Από δείξει έστειλε ναι πάντα.');
INSERT INTO patient (AMKA, first_name, middle_name, last_name, date_of_birth, sex, weight, height, street_name, street_number, postal_code, area, municipality, prefecture,  profession, citizenship, triage_id) VALUES ('0102247004','Γραμματική',NULL,'Κετεσίδου','2024-02-01','female','89.29','130.36','Παλαιοπαναγίας','19','ΤΚ 954 70','Κομοτηνή','Κατερίνη','Αργολίδα','Ειδικός 3D Animation','Παραγουάη','0');
INSERT INTO patient_email (AMKA, email_address) VALUES ('0102247004', 'olga87@example.org');
INSERT INTO patient_phone (AMKA, phone_number) VALUES ('0102247004', '6938 042347');
INSERT INTO patient_phone (AMKA, phone_number) VALUES ('0102247004', '6954 478741');
INSERT INTO triage (triage_id, level, symptoms) VALUES ('0', '4', 'Με μα δημιουργια πως πάντως γνωρίζουμε γεγονός. Αντιλήφθηκαν μη τα προκύπτουν τον εφαρμογής υόρκη. Νιρβάνα αυτός κάτι ανά.');
INSERT INTO patient (AMKA, first_name, middle_name, last_name, date_of_birth, sex, weight, height, street_name, street_number, postal_code, area, municipality, prefecture,  profession, citizenship, triage_id) VALUES ('2702953936','Τιμοθέα',NULL,'Τρίκα','1995-02-27','male','64.81','103.01','Πηγαδησάνων','68','78666','Αλεξανδρούπολη','Άρτα','Ημαθία','Ειδικός Ξενοδοχειακής Ψυχαγωγίας','Ουκρανία','0');
INSERT INTO patient_email (AMKA, email_address) VALUES ('2702953936', 'zmasgalas@example.net');
INSERT INTO patient_email (AMKA, email_address) VALUES ('2702953936', 'ikarananou@example.net');
INSERT INTO patient_phone (AMKA, phone_number) VALUES ('2702953936', '+30 2374 813022');
INSERT INTO triage (triage_id, level, symptoms) VALUES ('0', '1', 'Βαθμό προκαλείς στο διολισθήσεις γραφικά το σαν πολύ. Χαμηλός μην κανόνα δωροδοκηθούν πες έλεγχος χειρότερα.');
INSERT INTO patient (AMKA, first_name, middle_name, last_name, date_of_birth, sex, weight, height, street_name, street_number, postal_code, area, municipality, prefecture,  profession, citizenship, triage_id) VALUES ('0906867705','Πωλίνα',NULL,'Ζεγλίνα','1986-06-09','male','103.45','153.52','Κυριαννάκη','149','ΤΚ 304 79','Αλεξανδρούπολη','Τρίκαλα','Ζάκυνθος','Αεροναυπηγός Μηχανικός','Λιθουανία','0');
INSERT INTO patient_email (AMKA, email_address) VALUES ('0906867705', 'freideriki.doumas@example.net');
INSERT INTO patient_phone (AMKA, phone_number) VALUES ('0906867705', '2620 417 906');
INSERT INTO patient_phone (AMKA, phone_number) VALUES ('0906867705', '210 1462565');
INSERT INTO triage (triage_id, level, symptoms) VALUES ('0', '1', 'Διασφαλίζεται διασφαλίζεται καταλάθος δε. Γραμμής πόρτες φακέλους ώρα τα.');
INSERT INTO patient (AMKA, first_name, middle_name, last_name, date_of_birth, sex, weight, height, street_name, street_number, postal_code, area, municipality, prefecture,  profession, citizenship, triage_id) VALUES ('0311233042','Δαμασκηνός',NULL,'Λαζαρίδης','2023-11-03','male','142.95','74.77','Παύλιανης','52','835 26','Μυτιλήνη','Ζάκυνθος','Ξάνθη','Φυσικός','Αγία Ελένη, Ασενσιόν και Τριστάν ντα Κούνια','0');
INSERT INTO patient_email (AMKA, email_address) VALUES ('0311233042', 'efraim.kapantaidaki@example.org');
INSERT INTO patient_phone (AMKA, phone_number) VALUES ('0311233042', '+302710325061');
INSERT INTO patient_phone (AMKA, phone_number) VALUES ('0311233042', '+306986644540');
INSERT INTO patient_phone (AMKA, phone_number) VALUES ('0311233042', '29280 44 715');
INSERT INTO triage (triage_id, level, symptoms) VALUES ('0', '2', 'Έρθει μπουν χρησιμοποιώντας σπίτι ναι. Στη φίλος πετάξαμε παραδώσεις.
Του παίρνουν ότι προκύπτουν σταματάς δημιουργείς.
Πηγαίου πρώτοι εδώ ταξινομεί έχω. Περισσότερες λετπά ποια πολύ τεκμηριώνει.');
INSERT INTO patient (AMKA, first_name, middle_name, last_name, date_of_birth, sex, weight, height, street_name, street_number, postal_code, area, municipality, prefecture,  profession, citizenship, triage_id) VALUES ('0908959952','Θηρεσία',NULL,'Κόλλια','1995-08-09','male','120.04','149.78','Αργυρού Πηγαδίου','69','ΤΚ 022 23','Ρέθυμνο','Καβάλα','Τρίκαλα','Φυσικός','Ακτή Ελεφαντοστού','0');
INSERT INTO patient_email (AMKA, email_address) VALUES ('0908959952', 'ypeppas@example.net');
INSERT INTO patient_email (AMKA, email_address) VALUES ('0908959952', 'isidora23@example.net');
INSERT INTO patient_phone (AMKA, phone_number) VALUES ('0908959952', '210 6580871');
INSERT INTO triage (triage_id, level, symptoms) VALUES ('0', '2', 'Δωροδοκηθούν όταν επιδιόρθωση υπηρεσία ανταγωνιστής λετπά μέχρι νιρβάνα. Περίπου μάλλον πολύ προϊόντα μου στο.');
INSERT INTO patient (AMKA, first_name, middle_name, last_name, date_of_birth, sex, weight, height, street_name, street_number, postal_code, area, municipality, prefecture,  profession, citizenship, triage_id) VALUES ('2603159752','Υβόννη',NULL,'Δαμήλου','2015-03-26','male','146.07','76.83','Εμμανουήλ Παππά','26','ΤΚ 10140','Άρτα','Κόρινθος','Κορινθία','Αξιωματικός Σωμάτων Ενόπλων Δυνάμεων','Τόνγκα','0');
INSERT INTO patient_email (AMKA, email_address) VALUES ('2603159752', 'antonia.rinos@example.com');
INSERT INTO patient_email (AMKA, email_address) VALUES ('2603159752', 'peristera.apostolaki@example.org');
INSERT INTO patient_phone (AMKA, phone_number) VALUES ('2603159752', '6991267185');
INSERT INTO triage (triage_id, level, symptoms) VALUES ('0', '2', 'Εξοργιστικά διάβασε λοιπόν δυστυχής στα. Τους πεδία χρόνου εκτελέσει.
Συγχωνευτεί απίστευτα ερώτηση μετρήσεις όχι ιδιαίτερα σας. Χαρακτηριστικών ορίστε κόλπα δουλεύει στο.');
INSERT INTO patient (AMKA, first_name, middle_name, last_name, date_of_birth, sex, weight, height, street_name, street_number, postal_code, area, municipality, prefecture,  profession, citizenship, triage_id) VALUES ('2408737568','Λεμονιά',NULL,'Αποστολάκη','1973-08-24','other','102.53','171.63','Πεδινού','2','ΤΚ 02045','Αλεξανδρούπολη','Κέρκυρα','Δράμα','Μακιγιέρ/Μακιγιέζ','Νησιά Φερόες','0');
INSERT INTO patient_email (AMKA, email_address) VALUES ('2408737568', 'qmaneta@example.net');
INSERT INTO patient_phone (AMKA, phone_number) VALUES ('2408737568', '210 374 4016');
INSERT INTO patient_phone (AMKA, phone_number) VALUES ('2408737568', '+30 2863 850067');
INSERT INTO patient_phone (AMKA, phone_number) VALUES ('2408737568', '2480454024');
INSERT INTO triage (triage_id, level, symptoms) VALUES ('0', '4', 'Ήδη δύο τεκμηριώνει. Θέλεις παραγωγικής είχαμε κόψεις. Συνέχεια μιας θέματα έρθει μια συνάδελφος.
Χρησιμοποιούνταν πακέτων και. Στη στις γραμμής τρόπο.');
INSERT INTO patient (AMKA, first_name, middle_name, last_name, date_of_birth, sex, weight, height, street_name, street_number, postal_code, area, municipality, prefecture,  profession, citizenship, triage_id) VALUES ('1702665186','Ρωμανός',NULL,'Βούκας','1966-02-17','other','118.39','65.7','Πλατεία Σταματινού','130','73041','Ερμούπολη','Κατερίνη','Ιωάννινα','Ηλεκτρολόγος','Ζιμπάμπουε','0');
INSERT INTO patient_email (AMKA, email_address) VALUES ('1702665186', 'kypriani.alexandropoulos@example.org');
INSERT INTO patient_phone (AMKA, phone_number) VALUES ('1702665186', '+30 6911 745368');
INSERT INTO triage (triage_id, level, symptoms) VALUES ('0', '3', 'Ανταγωνιστής μερικούς περισσότερες ναι. Συνάδελφος την πάντως πρώτο ανταγωνιστής άρθρων υψηλότερη. Υπηρεσία στις έχω.');
INSERT INTO patient (AMKA, first_name, middle_name, last_name, date_of_birth, sex, weight, height, street_name, street_number, postal_code, area, municipality, prefecture,  profession, citizenship, triage_id) VALUES ('1008020946','Παρασκευή','Ιωακείμ','Αλατζάκης','2002-08-10','female','146.09','105.44','Αλώρου','100','ΤΚ 490 78','Ναύπλιο','Λάρισα','Ηλεία','Τεχνικός Αερίων Καυσίμων','Άγιος Βαρθολομαίος','0');
INSERT INTO patient_email (AMKA, email_address) VALUES ('1008020946', 'tkarathanasi@example.com');
INSERT INTO patient_phone (AMKA, phone_number) VALUES ('1008020946', '+30 6930 516081');
INSERT INTO triage (triage_id, level, symptoms) VALUES ('0', '2', 'Και μεταφραστής τύπου τρόπο κοιτάζοντας. Ερώτηση χρησιμοποιούσες ταξινομεί ανά χρησιμοποίησέ.
Κρατάει διακόψουμε κάτι μην. Αγοράζοντας όχι ως αυτήν μια ρουτίνα. Σας σχεδιαστής σαν ποσοστό πλέον.');
INSERT INTO patient (AMKA, first_name, middle_name, last_name, date_of_birth, sex, weight, height, street_name, street_number, postal_code, area, municipality, prefecture,  profession, citizenship, triage_id) VALUES ('1701894379','Αυγέρης',NULL,'Κουμιώτης','1989-01-17','other','145.21','115.14','Μουρεσίου','74','ΤΚ 043 32','Άρτα','Ηγουμενίτσα','Πέλλα','Μεταφραστής','Σεϋχέλλες','0');
INSERT INTO patient_email (AMKA, email_address) VALUES ('1701894379', 'dikaios.augoustis@example.com');
INSERT INTO patient_phone (AMKA, phone_number) VALUES ('1701894379', '6941628913');
INSERT INTO triage (triage_id, level, symptoms) VALUES ('0', '5', 'Χάος βγήκε εδώ εδώ έρθει δίνοντας γέλασαν.
Κώδικάς φίλος κάνεις εργάστηκε στήλες εργαζόμενοι. Ποια τα υπηρεσία τα. Δε εκθέσεις λαμβάνουν αυτήν πρώτο της είχαμε στις.');
INSERT INTO patient (AMKA, first_name, middle_name, last_name, date_of_birth, sex, weight, height, street_name, street_number, postal_code, area, municipality, prefecture,  profession, citizenship, triage_id) VALUES ('1411689363','Μαρτίνος',NULL,'Τσικνή','1968-11-14','other','57.46','180.83','Πλατεία Κώστου','195','ΤΚ 28571','Γρεβενά','Βόλος','Αρκαδία','Δημοσιογράφος Συντάκτης - Ρεπόρτερ Δημοσιογραφίας','Κονγκό','0');
INSERT INTO patient_email (AMKA, email_address) VALUES ('1411689363', 'marianthi11@example.net');
INSERT INTO patient_email (AMKA, email_address) VALUES ('1411689363', 'pavramidou@example.org');
INSERT INTO patient_phone (AMKA, phone_number) VALUES ('1411689363', '210 650 4501');
INSERT INTO patient_phone (AMKA, phone_number) VALUES ('1411689363', '+30 6999 644302');
INSERT INTO triage (triage_id, level, symptoms) VALUES ('0', '5', 'Κάτι χάος κι. Μεταγλωτίσει έξι πες απαραίτητο. Πολύ πιο εκτός ειδικά πάρεις χειρότερα χρησιμοποιώντας.');
INSERT INTO patient (AMKA, first_name, middle_name, last_name, date_of_birth, sex, weight, height, street_name, street_number, postal_code, area, municipality, prefecture,  profession, citizenship, triage_id) VALUES ('1902687290','Υπαπαντή',NULL,'Μανωλέας','1968-02-19','male','53.55','98.55','Κυριακούλη','78','41095','Ερμούπολη','Καστοριά','Τρίκαλα','Αισθητικός - Ειδικός Εφαρμογών Αισθητικής','Άγιος Βαρθολομαίος','0');
INSERT INTO patient_email (AMKA, email_address) VALUES ('1902687290', 'andromachi.kourtis@example.net');
INSERT INTO patient_email (AMKA, email_address) VALUES ('1902687290', 'theologia.diakakis@example.net');
INSERT INTO patient_phone (AMKA, phone_number) VALUES ('1902687290', '+306999370754');
INSERT INTO triage (triage_id, level, symptoms) VALUES ('0', '1', 'Άρα τα διακοπή τις. Ένα πάντα εργαζόμενοι κάνε να.
Της γραμμής μάλλον μέχρι. Μερικούς αν λιγότερο επί εκτός εγώ.');
INSERT INTO patient (AMKA, first_name, middle_name, last_name, date_of_birth, sex, weight, height, street_name, street_number, postal_code, area, municipality, prefecture,  profession, citizenship, triage_id) VALUES ('2806407108','Αθηναγόρας',NULL,'Βασιλοπούλου','1940-06-28','female','60.4','197.39','Πάρ. Προφίλιας','52','426 17','Μυτιλήνη','Τρίκαλα','Γρεβενά','Στέλεχος Marketing','Άγιος Πέτρος και Μικελόν','0');
INSERT INTO patient_email (AMKA, email_address) VALUES ('2806407108', 'mmpraesa@example.net');
INSERT INTO patient_email (AMKA, email_address) VALUES ('2806407108', 'chrysanthi.patsouras@example.org');
INSERT INTO patient_phone (AMKA, phone_number) VALUES ('2806407108', '2550 169191');
INSERT INTO triage (triage_id, level, symptoms) VALUES ('0', '1', 'Ιδιαίτερα στο γράψει λετπά πεδία. Πάντως άρθρων αυτήν στέλνοντάς τρόποι ένα αποκλειστικούς. Θέμα τις εργάστηκε λετπά πάντα. Άτομο κάνε φακέλους χρησιμοποιώντας κι.');
INSERT INTO patient (AMKA, first_name, middle_name, last_name, date_of_birth, sex, weight, height, street_name, street_number, postal_code, area, municipality, prefecture,  profession, citizenship, triage_id) VALUES ('0309603964','Άριστος','Απόστολος','Χουντής','1960-09-03','other','137.83','71.69','Αγίου Θεοδώρου','26','27211','Ρόδος','Χίος','Τρίκαλα','Βοηθός Οδοντιάτρου','Βουλγαρία','0');
INSERT INTO patient_email (AMKA, email_address) VALUES ('0309603964', 'ltzikas@example.org');
INSERT INTO patient_email (AMKA, email_address) VALUES ('0309603964', 'marina.pissios@example.org');
INSERT INTO patient_phone (AMKA, phone_number) VALUES ('0309603964', '2770 801343');
INSERT INTO triage (triage_id, level, symptoms) VALUES ('0', '5', 'Επενδυτής μεταφραστής χώρου. Επενδυτής περιβάλλοντος κι έτσι σαν πρόσληψη πες. Μιας ορίστε νέου νέα με.
Δημιουργήσεις πολύ χρησιμοποιώντας ρωτήσει μάτσο το. Μιας να συγκεντρωμένοι σίγουρος ιδιαίτερα.');
INSERT INTO patient (AMKA, first_name, middle_name, last_name, date_of_birth, sex, weight, height, street_name, street_number, postal_code, area, municipality, prefecture,  profession, citizenship, triage_id) VALUES ('1709409251','Πολυζώης',NULL,'Σελινοπούλου','1940-09-17','female','104.43','192.03','Μάχου','53','87378','Δράμα','Βόλος','Κέρκυρα','Μαθηματικός','Ελ Σαλβαδόρ','0');
INSERT INTO patient_email (AMKA, email_address) VALUES ('1709409251', 'elessa.maragkos@example.net');
INSERT INTO patient_phone (AMKA, phone_number) VALUES ('1709409251', '6988724424');
INSERT INTO patient_phone (AMKA, phone_number) VALUES ('1709409251', '(+30) 6956 076016');
INSERT INTO patient_phone (AMKA, phone_number) VALUES ('1709409251', '210 5366280');
INSERT INTO triage (triage_id, level, symptoms) VALUES ('0', '1', 'Ξέχασε τις ύψος πάντως. Εργαζόμενοι κι κανόνα κρατάει επί αυτήν παραδοτέου από. Συγκεντρωμένοι εργαζόμενων τοπικές πιο.');
INSERT INTO patient (AMKA, first_name, middle_name, last_name, date_of_birth, sex, weight, height, street_name, street_number, postal_code, area, municipality, prefecture,  profession, citizenship, triage_id) VALUES ('1701197374','Νεκτάριος',NULL,'Ανδρεανίδης','2019-01-17','other','139.57','71.22','Γκιριτζιώνη','112','329 89','Πολύγυρος','Κιλκίς','Φωκίδα','Παιδίατρος','Γροιλανδία','0');
INSERT INTO patient_email (AMKA, email_address) VALUES ('1701197374', 'dimtsoudi.magdalinos@example.org');
INSERT INTO patient_email (AMKA, email_address) VALUES ('1701197374', 'zfydanis@example.org');
INSERT INTO patient_phone (AMKA, phone_number) VALUES ('1701197374', '+302387930845');
INSERT INTO patient_phone (AMKA, phone_number) VALUES ('1701197374', '26720 39 572');
INSERT INTO patient_phone (AMKA, phone_number) VALUES ('1701197374', '210 153 3482');
INSERT INTO triage (triage_id, level, symptoms) VALUES ('0', '4', 'Μέχρι τεκμηριώνει αυτήν αποθηκευτικού. Τον κανένας λαμβάνουν κώδικα νέα ως διαπιστώνεις. Βρίσκονται αποδείξεις θα που σημαντικό ποια. Ποια γιαυτό κώδικα έτσι λαμβάνουν.');
INSERT INTO patient (AMKA, first_name, middle_name, last_name, date_of_birth, sex, weight, height, street_name, street_number, postal_code, area, municipality, prefecture,  profession, citizenship, triage_id) VALUES ('1311938597','Ανάργυρη','Λαυρεντία','Γεννηματάς','1993-11-13','other','103.76','151.01','Ολύμπων','165','ΤΚ 00185','Λιβαδιά','Ρέθυμνο','Ημαθία','Βοηθός Νοσηλευτή Τραυματολογίας','Νικαράγουα','0');
INSERT INTO patient_email (AMKA, email_address) VALUES ('1311938597', 'ignatia07@example.com');
INSERT INTO patient_phone (AMKA, phone_number) VALUES ('1311938597', '2190 016213');
INSERT INTO patient_phone (AMKA, phone_number) VALUES ('1311938597', '210 666 6941');
INSERT INTO patient_phone (AMKA, phone_number) VALUES ('1311938597', '6945 899143');
INSERT INTO triage (triage_id, level, symptoms) VALUES ('0', '3', 'Πρώτο ίδιο γραμμές από παίρνει. Μα τρόποι μας ήδη αυτός διορθώσεις. Ανταγωνιστής εκτελέσεις διορθώσεις των ένα.');
INSERT INTO patient (AMKA, first_name, middle_name, last_name, date_of_birth, sex, weight, height, street_name, street_number, postal_code, area, municipality, prefecture,  profession, citizenship, triage_id) VALUES ('0501055981','Λαμπρινή',NULL,'Καπουρνιώτη','2005-01-05','other','91.36','82.55','Τόμπρη','124','39022','Τρίπολη','Τρίπολη','Αττική','Τεχνικός Διαχείρισης και Ανακύκλωσης Αποβλήτων','Τατζικιστάν','0');
INSERT INTO patient_email (AMKA, email_address) VALUES ('0501055981', 'dimitris.savvaki@example.org');
INSERT INTO patient_phone (AMKA, phone_number) VALUES ('0501055981', '6903867404');
INSERT INTO patient_phone (AMKA, phone_number) VALUES ('0501055981', '210 1106669');
INSERT INTO triage (triage_id, level, symptoms) VALUES ('0', '1', 'Παραγωγικής απαραίτητο μην γιαυτό απαράδεκτη ήδη πρώτης. Πακέτων προσλάμβανες θέματα εργαζόμενοι αθόρυβες.');
INSERT INTO patient (AMKA, first_name, middle_name, last_name, date_of_birth, sex, weight, height, street_name, street_number, postal_code, area, municipality, prefecture,  profession, citizenship, triage_id) VALUES ('2304451401','Ανδρομέδα',NULL,'Τσικρίκα','1945-04-23','female','88.8','64.1','Πάρ. Αγίου Γεωργίου Δομοκού','132','ΤΚ 272 40','Ερμούπολη','Ρόδος','Πιερία','Ειδικός Ενδυματολογίας και Σχεδίασης Μόδας','Αμερικανική Σαμόα','0');
INSERT INTO patient_email (AMKA, email_address) VALUES ('2304451401', 'zisoula34@example.org');
INSERT INTO patient_phone (AMKA, phone_number) VALUES ('2304451401', '+302190200177');
INSERT INTO patient_phone (AMKA, phone_number) VALUES ('2304451401', '210 0409929');
INSERT INTO patient_phone (AMKA, phone_number) VALUES ('2304451401', '2650 269 078');
INSERT INTO triage (triage_id, level, symptoms) VALUES ('0', '2', 'Σχεδιαστής αποθηκευτικού συγγραφής και άτομο μάτσο. Προσπαθήσεις εκτός στη διαχειριστής όσο πετάνε πήρε. Είχαμε δοκιμάσεις με πετάξαμε.
Πολύ από νόμιζες παραδώσεις κι.');
INSERT INTO patient (AMKA, first_name, middle_name, last_name, date_of_birth, sex, weight, height, street_name, street_number, postal_code, area, municipality, prefecture,  profession, citizenship, triage_id) VALUES ('1108228734','Χρυσοβαλάντω',NULL,'Φειδερόπουλος','2022-08-11','male','104.94','110.11','Αχερουσίας','22','64911','Αργοστόλι','Καλαμάτα','Ιωάννινα','Τεχνολόγος Φυτικής Παραγωγής','Αγία Λουκία','0');
INSERT INTO patient_email (AMKA, email_address) VALUES ('1108228734', 'deli.laurentios@example.net');
INSERT INTO patient_phone (AMKA, phone_number) VALUES ('1108228734', '+306911837648');
INSERT INTO patient_phone (AMKA, phone_number) VALUES ('1108228734', '2102839720');
INSERT INTO triage (triage_id, level, symptoms) VALUES ('0', '3', 'Πεδία ποια υποψήφιο πρόσληψη προγραμματιστής ατόμου απλό. Μιας απίστευτα ρωτάει αφήσεις. Εφαρμογής δύο νέο ένας διαδίκτυο.
Κόψεις στα σημαντικό πιο ελέγχου εργαλείων ναι. Εικόνες εσωτερικών εκθέσεις.');
INSERT INTO patient (AMKA, first_name, middle_name, last_name, date_of_birth, sex, weight, height, street_name, street_number, postal_code, area, municipality, prefecture,  profession, citizenship, triage_id) VALUES ('0310707817','Ρωξάνη',NULL,'Μάνδαλος','1970-10-03','female','65.18','190.82','Αρτεσιανού','163','94875','Χίος','Ηράκλειο','Λέσβος','Ελεγκτής Εναέριας Κυκλοφορίας','Φίτζι','0');
INSERT INTO patient_email (AMKA, email_address) VALUES ('0310707817', 'nausika58@example.net');
INSERT INTO patient_email (AMKA, email_address) VALUES ('0310707817', 'dikaia.nikitopoulos@example.com');
INSERT INTO patient_phone (AMKA, phone_number) VALUES ('0310707817', '6986 136964');
INSERT INTO patient_phone (AMKA, phone_number) VALUES ('0310707817', '+30 6919 189786');
INSERT INTO triage (triage_id, level, symptoms) VALUES ('0', '2', 'Γεύματος ιδιαίτερα νόμιζες τεσσαρών θα τύπους λαμβάνουν. Λιγότερο το άτομο μερικούς αγοράζοντας δουλεύει.
Διακοπή πήρε ανεπιθύμητη επενδυτής αν σου συνεντεύξεις.');
INSERT INTO patient (AMKA, first_name, middle_name, last_name, date_of_birth, sex, weight, height, street_name, street_number, postal_code, area, municipality, prefecture,  profession, citizenship, triage_id) VALUES ('1607185924','Παράσχος',NULL,'Σταμάτης','2018-07-16','female','75.95','195.39','Μαρτιάδου','33','698 23','Καρπενήσι','Θεσσαλονίκη','Κυκλάδες','Ζωγράφος','Ισραήλ','0');
INSERT INTO patient_email (AMKA, email_address) VALUES ('1607185924', 'kaliampos.valeria@example.org');
INSERT INTO patient_email (AMKA, email_address) VALUES ('1607185924', 'paulos.mysirlis@example.com');
INSERT INTO patient_phone (AMKA, phone_number) VALUES ('1607185924', '(+30) 6918 279265');
INSERT INTO triage (triage_id, level, symptoms) VALUES ('0', '5', 'Μιας πηγαίου χρονοδιαγράμματα συνάδελφος ίδιο ειδικά. Στο μετράει μια.
Εκτός στραβά γνωστή άρα έτοιμος κρατάει. Προσπαθήσεις δεν ένα ειδικά γειτονιάς διασφαλίζεται. Παίρνουν εικόνες οι κάνε.');
INSERT INTO patient (AMKA, first_name, middle_name, last_name, date_of_birth, sex, weight, height, street_name, street_number, postal_code, area, municipality, prefecture,  profession, citizenship, triage_id) VALUES ('2310039586','Θεολόγος',NULL,'Γεωργαλής','2003-10-23','other','99.68','172.29','Λυκοποριάς','46','43690','Μυτιλήνη','Καστοριά','Ζάκυνθος','Λογιστής - Ειδικός Μηχανογραφημένου Λογιστηρίου','Γουατεμάλα','0');
INSERT INTO patient_email (AMKA, email_address) VALUES ('2310039586', 'pothiti.margaronis@example.org');
INSERT INTO patient_email (AMKA, email_address) VALUES ('2310039586', 'patelli.tsampika@example.net');
INSERT INTO patient_phone (AMKA, phone_number) VALUES ('2310039586', '210 897 3447');
INSERT INTO patient_phone (AMKA, phone_number) VALUES ('2310039586', '+30 6921 868234');
INSERT INTO triage (triage_id, level, symptoms) VALUES ('0', '3', 'Ο θα εδώ αλγόριθμου συγγραφής επιστρέφουν. Σίγουρος εταιρείες ξέχασε μια σπίτι. Δυστυχής βουτήξουν πάντα μέχρι παράγοντες έρθει.
Μου μπορούσες δεν απαρατήρητο. Μην ορίστε μπορούσες εκτελείται τι.');
INSERT INTO patient (AMKA, first_name, middle_name, last_name, date_of_birth, sex, weight, height, street_name, street_number, postal_code, area, municipality, prefecture,  profession, citizenship, triage_id) VALUES ('2507538617','Κωνσταντία','Ράλλης','Ζαρζάνη','1953-07-25','female','81.89','166.79','Κουτσουνάκη','191','45192','Ιωάννινα','Ηγουμενίτσα','Εύβοια','Πυροσβέστης','Ζάμπια','0');
INSERT INTO patient_email (AMKA, email_address) VALUES ('2507538617', 'koutsoumpi.uvonni@example.com');
INSERT INTO patient_email (AMKA, email_address) VALUES ('2507538617', 'kondylia85@example.net');
INSERT INTO patient_phone (AMKA, phone_number) VALUES ('2507538617', '+302660811678');
INSERT INTO patient_phone (AMKA, phone_number) VALUES ('2507538617', '6998 005518');
INSERT INTO patient_phone (AMKA, phone_number) VALUES ('2507538617', '2160 998 265');
INSERT INTO triage (triage_id, level, symptoms) VALUES ('0', '4', 'Ροή ποια γνωστή μια άτομο.
Αποστηθίσει αποφάσισε πιο το σχεδιαστής αποκλειστικούς πηγαίου σε. Ανταγωνιστής προσθέσει πολύ.');
INSERT INTO patient (AMKA, first_name, middle_name, last_name, date_of_birth, sex, weight, height, street_name, street_number, postal_code, area, municipality, prefecture,  profession, citizenship, triage_id) VALUES ('0405769536','Παρθένα',NULL,'Στυλιανίδου','1976-05-04','male','64.89','147.68','Ηγουμενίτσης','12','24893','Χαλκίδα','Κόρινθος','Φωκίδα','Ειδικός Σχεδιασμού Επίπλου','Ουζμπεκιστάν','0');
INSERT INTO patient_email (AMKA, email_address) VALUES ('0405769536', 'niki.vaiou@example.org');
INSERT INTO patient_email (AMKA, email_address) VALUES ('0405769536', 'xlionti@example.org');
INSERT INTO patient_phone (AMKA, phone_number) VALUES ('0405769536', '+30 6994 789431');
INSERT INTO patient_phone (AMKA, phone_number) VALUES ('0405769536', '(+30) 2635 671606');
INSERT INTO patient_phone (AMKA, phone_number) VALUES ('0405769536', '2510905595');
INSERT INTO triage (triage_id, level, symptoms) VALUES ('0', '5', 'Περισσότερη τεσσαρών στα ξέχασε αρέσει. Που αποκλειστικούς επί λίγο.
Και εκτός οι ναι απομόνωση ταξινομεί. Όταν τοπικές κλπ. Συγκεντρωμένοι αναγκάζονται δεδομένων εικόνες ύψος.');
INSERT INTO patient (AMKA, first_name, middle_name, last_name, date_of_birth, sex, weight, height, street_name, street_number, postal_code, area, municipality, prefecture,  profession, citizenship, triage_id) VALUES ('1004750571','Καλή','Σοφία','Αραπίδου','1975-04-10','female','147.93','146.73','Μολίστης','194','ΤΚ 968 64','Χαλκίδα','Πάτρα','Φλώρινα','Ειδικός Εμπορίας, Διαφήμισης και Προώθησης Προϊόντων','Κομόρες','0');
INSERT INTO patient_email (AMKA, email_address) VALUES ('1004750571', 'jassargiotaki@example.net');
INSERT INTO patient_phone (AMKA, phone_number) VALUES ('1004750571', '6937526066');
INSERT INTO patient_phone (AMKA, phone_number) VALUES ('1004750571', '+302819682489');
INSERT INTO triage (triage_id, level, symptoms) VALUES ('0', '2', 'Αλγόριθμου κρατήσουν διορθώσεις δείξει νέου κάνεις ρωτάει εξακολουθεί. Πρώτοι τρόποι βιβλίο πάρα ρωτήσει νέο.');
INSERT INTO patient (AMKA, first_name, middle_name, last_name, date_of_birth, sex, weight, height, street_name, street_number, postal_code, area, municipality, prefecture,  profession, citizenship, triage_id) VALUES ('1102770382','Μυρσίνη','Μεταξία','Βουλγαρίδου','1977-02-11','other','129.1','190.32','Τρομπούκη','38','ΤΚ 365 19','Λαμία','Καρδίτσα','Ροδόπη','Πλοηγός Σκαφών Αναψυχής','Ινδονησία','0');
INSERT INTO patient_email (AMKA, email_address) VALUES ('1102770382', 'augeris.goula@example.org');
INSERT INTO patient_email (AMKA, email_address) VALUES ('1102770382', 'ifolia@example.net');
INSERT INTO patient_phone (AMKA, phone_number) VALUES ('1102770382', '2850 355 221');
INSERT INTO patient_phone (AMKA, phone_number) VALUES ('1102770382', '(+30) 6927 802319');
INSERT INTO triage (triage_id, level, symptoms) VALUES ('0', '5', 'Χαρακτηριστικών άπειρα μετρήσεις πετούν χρόνου δε. Ελέγχου όχι κανείς φίλος επιδιόρθωση ο την. Χαρτιού τι μέσης μα σαν πετούν μα.');
INSERT INTO patient (AMKA, first_name, middle_name, last_name, date_of_birth, sex, weight, height, street_name, street_number, postal_code, area, municipality, prefecture,  profession, citizenship, triage_id) VALUES ('0808960014','Υακίνθη',NULL,'Παπατζήκα','1996-08-08','other','111.58','89.48','Χαρκίων','134','06235','Τρίπολη','Τρίπολη','Εύβοια','Τεχνικός Δομικών Έργων','Σβάλμπαρντ και Γιαν Μαγιέν','0');
INSERT INTO patient_email (AMKA, email_address) VALUES ('0808960014', 'lappas.eustathios@example.org');
INSERT INTO patient_phone (AMKA, phone_number) VALUES ('0808960014', '(+30) 2411 808359');
INSERT INTO patient_phone (AMKA, phone_number) VALUES ('0808960014', '2840150242');
INSERT INTO triage (triage_id, level, symptoms) VALUES ('0', '5', 'Διαχειριστής σε ότι επεξεργασία θα διαφήμιση μέγιστη μάθε. Καλύτερο αν σημαντικός κοιτάζοντας. Το ρωτάει ροή χρησιμοποιούσες ρωτήσει έλεγχος.');
INSERT INTO patient (AMKA, first_name, middle_name, last_name, date_of_birth, sex, weight, height, street_name, street_number, postal_code, area, municipality, prefecture,  profession, citizenship, triage_id) VALUES ('1701840753','Πηγή',NULL,'Παλαιολογοπούλου','1984-01-17','other','71.89','73.32','Λεωφόρος Τριστένου','194','ΤΚ 665 94','Λιβαδιά','Θεσσαλονίκη','Λάρισσα','Προπονητής Πετοσφαίρισης','Κίνα','0');
INSERT INTO patient_email (AMKA, email_address) VALUES ('1701840753', 'valanto.skrekas@example.net');
INSERT INTO patient_email (AMKA, email_address) VALUES ('1701840753', 'spyridoula29@example.net');
INSERT INTO patient_phone (AMKA, phone_number) VALUES ('1701840753', '2790189693');
INSERT INTO triage (triage_id, level, symptoms) VALUES ('0', '4', 'Διακοπής παράδειγμα εφαμοργής αναφέρονται πολύ πετούν παίρνουν. Πρώτο επί θέλεις και έτσι γνωρίζουμε συγχωνευτεί.');
INSERT INTO patient (AMKA, first_name, middle_name, last_name, date_of_birth, sex, weight, height, street_name, street_number, postal_code, area, municipality, prefecture,  profession, citizenship, triage_id) VALUES ('0606582144','Ιπποκράτης',NULL,'Ρόδης','1958-06-06','other','135.37','101.14','Παπαδήμα','59','ΤΚ 436 79','Χίος','Ζάκυνθος','Αχαΐα','Ειδικός Παθολόγος Λόγου και Ομιλίας','Βραζιλία','0');
INSERT INTO patient_email (AMKA, email_address) VALUES ('0606582144', 'konidaris.akrivos@example.net');
INSERT INTO patient_phone (AMKA, phone_number) VALUES ('0606582144', '210 100 4875');
INSERT INTO patient_phone (AMKA, phone_number) VALUES ('0606582144', '6928 036 111');
INSERT INTO triage (triage_id, level, symptoms) VALUES ('0', '3', 'Των εκτός βιαστικά δυστυχής απομόνωση. Φαινόμενο μου άπειρα μεταγλωτιστής ο εικόνες μα. Ρουτίνα δυστυχώς ως έχω απίστευτα.
Νέων βγήκε θα βουτήξουν τη πάντα σε. Διαδίκτυο διακοπή μην.');
INSERT INTO patient (AMKA, first_name, middle_name, last_name, date_of_birth, sex, weight, height, street_name, street_number, postal_code, area, municipality, prefecture,  profession, citizenship, triage_id) VALUES ('2208825367','Φανή',NULL,'Γιαπατζής','1982-08-22','other','136.27','163.51','Πλ. Αραχαμιτών','170','39341','Κιλκίς','Κομοτηνή','Αργολίδα','Λιμενικός','Σλοβενία','0');
INSERT INTO patient_email (AMKA, email_address) VALUES ('2208825367', 'melina.eukarpidis@example.org');
INSERT INTO patient_email (AMKA, email_address) VALUES ('2208825367', 'kagaliotis@example.net');
INSERT INTO patient_phone (AMKA, phone_number) VALUES ('2208825367', '210 3627051');
INSERT INTO triage (triage_id, level, symptoms) VALUES ('0', '1', 'Λέει συγγραφείς πιο χειρότερα μου αποστηθίσει.
Μη πιο βρίσκονται κάνε διολισθήσεις. Εκτελέσει ελέγχου πρώτο πρόσληψη μου δεν. Νόμιζες πάντα περιβάλλον ο.');
INSERT INTO patient (AMKA, first_name, middle_name, last_name, date_of_birth, sex, weight, height, street_name, street_number, postal_code, area, municipality, prefecture,  profession, citizenship, triage_id) VALUES ('3009802250','Θεόφραστος',NULL,'Βασιλειάδη','1980-09-30','male','103.18','71.67','Βαλανιδούσσας','73','ΤΚ 879 41','Αλεξανδρούπολη','Λάρισα','Πρέβεζα','Επιστήμων Πληροφορικής και Η/Υ','Γκάμπια','0');
INSERT INTO patient_email (AMKA, email_address) VALUES ('3009802250', 'polyxeni.anastasiou@example.com');
INSERT INTO patient_phone (AMKA, phone_number) VALUES ('3009802250', '(+30) 6924 673086');
INSERT INTO triage (triage_id, level, symptoms) VALUES ('0', '2', 'Του πρώτοι όχι τρέξει. Άλγεβρα περιεχόμενα χρησιμοποιούσες εξοργιστικά νέο το θέλεις κειμένων.');
INSERT INTO patient (AMKA, first_name, middle_name, last_name, date_of_birth, sex, weight, height, street_name, street_number, postal_code, area, municipality, prefecture,  profession, citizenship, triage_id) VALUES ('2112540086','Τζένη',NULL,'Σταματιάδης','1954-12-21','other','79.16','123.17','Λεωφ. Αχλαδίων','22','39870','Αθήνα','Αθήνα','Άρτα','Ιατρός','Ανταρκτική','0');
INSERT INTO patient_email (AMKA, email_address) VALUES ('2112540086', 'savvas85@example.net');
INSERT INTO patient_phone (AMKA, phone_number) VALUES ('2112540086', '2760 276917');
INSERT INTO patient_phone (AMKA, phone_number) VALUES ('2112540086', '+30 2286 778748');
INSERT INTO patient_phone (AMKA, phone_number) VALUES ('2112540086', '+30 2087 502881');
INSERT INTO triage (triage_id, level, symptoms) VALUES ('0', '1', 'Απαραίτητο σε δεν μάτσο ρωτάει άρα εξαρτάται μιας. Έξι επιχείριση μας.');
INSERT INTO patient (AMKA, first_name, middle_name, last_name, date_of_birth, sex, weight, height, street_name, street_number, postal_code, area, municipality, prefecture,  profession, citizenship, triage_id) VALUES ('0301616013','Επιστήμη',NULL,'Βασιλείου','1961-01-03','other','85.48','165.1','Δονούσης','25','ΤΚ 56418','Αγ. Νικόλαος','Αγ. Νικόλαος','Άρτα','Διαδικτυακός Διαφημιστής','Αντίγκουα και Μπαρμπούντα','0');
INSERT INTO patient_email (AMKA, email_address) VALUES ('0301616013', 'fokion53@example.com');
INSERT INTO patient_phone (AMKA, phone_number) VALUES ('0301616013', '2630 338 144');
INSERT INTO triage (triage_id, level, symptoms) VALUES ('0', '2', 'Κύκλο ποια θέμα τρέξει εξακολουθεί γειτονιάς λετπά. Βγήκε μεταφραστής πως γέλασαν εργασίας. Του βρίσκονται ήδη δε.');
INSERT INTO patient (AMKA, first_name, middle_name, last_name, date_of_birth, sex, weight, height, street_name, street_number, postal_code, area, municipality, prefecture,  profession, citizenship, triage_id) VALUES ('0305415843','Αρτεμισία',NULL,'Ριζούλης','1941-05-03','male','77.56','170.42','Χιωτίδου','103','ΤΚ 881 54','Κιλκίς','Καβάλα','Λάρισσα','Διαχειριστής Logistics','Ισημερινή Γουινέα','0');
INSERT INTO patient_email (AMKA, email_address) VALUES ('0305415843', 'uvoutselas@example.net');
INSERT INTO patient_phone (AMKA, phone_number) VALUES ('0305415843', '210 7189490');
INSERT INTO patient_phone (AMKA, phone_number) VALUES ('0305415843', '210 5978014');
INSERT INTO triage (triage_id, level, symptoms) VALUES ('0', '3', 'Εκτελέσει θέματα άρθρων της και πιο. Σημεία τρέξει πάντως μερικούς. Βαθμό γιαυτό εργαζόμενοι ανεπιθύμητη.
Πόρτες πήρε τα εκτελείται. Ήδη εκτελέσει χρονοδιαγράμματα.');
INSERT INTO patient (AMKA, first_name, middle_name, last_name, date_of_birth, sex, weight, height, street_name, street_number, postal_code, area, municipality, prefecture,  profession, citizenship, triage_id) VALUES ('0403843997','Ανέστης',NULL,'Καλαμάρας','1984-03-04','female','94.14','196.57','Λεωφ. Πύργου Καλαμών','182','117 98','Θεσσαλονίκη','Βέροια','Πιερία','Τεχνικός Ασφαλείας Δικτύων Η/Υ - Τεχνικός Δικτύων Υπολογιστών','Ομάν','0');
INSERT INTO patient_email (AMKA, email_address) VALUES ('0403843997', 'mpantis.gavriil@example.org');
INSERT INTO patient_phone (AMKA, phone_number) VALUES ('0403843997', '210 501 7783');
INSERT INTO patient_phone (AMKA, phone_number) VALUES ('0403843997', '6943908929');
INSERT INTO triage (triage_id, level, symptoms) VALUES ('0', '3', 'Των παίρνουν εργαζόμενων σωστά ρωτήσει. Μέχρι εγώ λετπά. Πακέτων κώδικα παραπάνω τους κόλπα.
Μαγικά αυτήν ώρα σωστά εδώ οι συνάδελφος. Δύο ρωτάει άρα ποσοστό.');
INSERT INTO patient (AMKA, first_name, middle_name, last_name, date_of_birth, sex, weight, height, street_name, street_number, postal_code, area, municipality, prefecture,  profession, citizenship, triage_id) VALUES ('0608947743','Στεφανία',NULL,'Καραμπίνα','1994-08-06','female','98.67','149.61','Κότρωνα','128','89191','Κοζάνη','Λάρισα','Πρέβεζα','Αλουμινάς','Βοσνία-Ερζεγοβίνη','0');
INSERT INTO patient_email (AMKA, email_address) VALUES ('0608947743', 'sarafidis.minas@example.net');
INSERT INTO patient_email (AMKA, email_address) VALUES ('0608947743', 'rachil.galanopoulou@example.com');
INSERT INTO patient_phone (AMKA, phone_number) VALUES ('0608947743', '2104301969');
INSERT INTO triage (triage_id, level, symptoms) VALUES ('0', '1', 'Ο ανταγωνιστής σου τους μην μη κανείς.
Πετούν περιβάλλον τύπου. Τεσσαρών ρωτήσει υπηρεσία αρέσει.
Φαινόμενο μάτσο κλπ τον. Λιγότερο εξοργιστικά σημαντικός άρα. Έστειλε δεν υόρκη ημέρα.');
INSERT INTO patient (AMKA, first_name, middle_name, last_name, date_of_birth, sex, weight, height, street_name, street_number, postal_code, area, municipality, prefecture,  profession, citizenship, triage_id) VALUES ('0809215525','Παρασκευάς',NULL,'Παρούσης','2021-09-08','other','71.51','126.75','Σουρωτής','9','72359','Λάρισα','Άρτα','Ηράκλειο','Εκκλησιαστική και Πολιτιστική Κατάρτιση','Πουέρτο Ρίκο','0');
INSERT INTO patient_email (AMKA, email_address) VALUES ('0809215525', 'itsoura@example.com');
INSERT INTO patient_email (AMKA, email_address) VALUES ('0809215525', 'spandonidis.kalomoira@example.net');
INSERT INTO patient_phone (AMKA, phone_number) VALUES ('0809215525', '6975 513 664');
INSERT INTO triage (triage_id, level, symptoms) VALUES ('0', '5', 'Εκτελείται κάνε ανταγωνιστής πρώτο. Γραμμής ναι ο μέρος έρθει ανεπιθύμητη επιστρέφουν. Εδώ χαρακτηριστικών ρωτήσει.');
INSERT INTO patient (AMKA, first_name, middle_name, last_name, date_of_birth, sex, weight, height, street_name, street_number, postal_code, area, municipality, prefecture,  profession, citizenship, triage_id) VALUES ('1211580926','Ρόζα',NULL,'Σκρίμπας','1958-11-12','male','121.59','183.72','Γοργόπη','139','245 64','Καρδίτσα','Άμφισσα','Κιλκίς','Αισθητικός - Ειδικός Εφαρμογών Αισθητικής','Λιθουανία','0');
INSERT INTO patient_email (AMKA, email_address) VALUES ('1211580926', 'gkanatsios.panagiotis@example.net');
INSERT INTO patient_email (AMKA, email_address) VALUES ('1211580926', 'vartholomaios.chatzistaurakis@example.net');
INSERT INTO patient_phone (AMKA, phone_number) VALUES ('1211580926', '6960 144656');
INSERT INTO patient_phone (AMKA, phone_number) VALUES ('1211580926', '6917913439');
INSERT INTO patient_phone (AMKA, phone_number) VALUES ('1211580926', '(+30) 2094 698078');
INSERT INTO triage (triage_id, level, symptoms) VALUES ('0', '4', 'Πάντως και δεν σίγουρος στο εικόνες ως. Θέματα τεσσαρών πάντα χαρτιού.
Εκτελέσει κι αγοράζοντας τα εκείνου κάτι σπίτι. Προκύπτουν περίπου τοπικές για το που.');
INSERT INTO patient (AMKA, first_name, middle_name, last_name, date_of_birth, sex, weight, height, street_name, street_number, postal_code, area, municipality, prefecture,  profession, citizenship, triage_id) VALUES ('1504489594','Τίμων','Αυγουστίνα','Γκατζογιάννης','1948-04-15','other','52.38','163.67','Τήνου','79','768 33','Λάρισα','Ρέθυμνο','Σέρρες','Χορευτής','Γροιλανδία','0');
INSERT INTO patient_email (AMKA, email_address) VALUES ('1504489594', 'varoutidou.stamatis@example.com');
INSERT INTO patient_phone (AMKA, phone_number) VALUES ('1504489594', '210 848 6531');
INSERT INTO patient_phone (AMKA, phone_number) VALUES ('1504489594', '6959 605 268');
INSERT INTO patient_phone (AMKA, phone_number) VALUES ('1504489594', '2610489477');
INSERT INTO triage (triage_id, level, symptoms) VALUES ('0', '5', 'Εγώ ίδιο δημιουργήσεις πολύ μερικούς λοιπόν μιας. Μέχρι προσθέσει εργαλείων μεταγλωτιστής εταιρείες νιρβάνα χρειάζονται. Τις πρώτοι σου μέχρι κι.');
INSERT INTO patient (AMKA, first_name, middle_name, last_name, date_of_birth, sex, weight, height, street_name, street_number, postal_code, area, municipality, prefecture,  profession, citizenship, triage_id) VALUES ('0701089165','Ησαΐας',NULL,'Δανελής','2008-01-07','male','139.31','61.65','Διλόφου','3','ΤΚ 391 85','Χίος','Λιβαδιά','Εύβοια','Διπλωμάτης','Περού','0');
INSERT INTO patient_email (AMKA, email_address) VALUES ('0701089165', 'florina.gavriilidi@example.com');
INSERT INTO patient_email (AMKA, email_address) VALUES ('0701089165', 'jtsegas@example.net');
INSERT INTO patient_phone (AMKA, phone_number) VALUES ('0701089165', '210 7638915');
INSERT INTO patient_phone (AMKA, phone_number) VALUES ('0701089165', '+302472730378');
INSERT INTO triage (triage_id, level, symptoms) VALUES ('0', '2', 'Προσπαθούν συγχρόνως της μεταγλωτιστής. Έχω πετούν μαγικά. Εκτελέσεις που ανώδυνη βιβλίο του απόλαυσε.
Σχεδιαστής τι κι αγοράζοντας μέχρι. Ότι μετράει μα κι τον νέου.');
INSERT INTO patient (AMKA, first_name, middle_name, last_name, date_of_birth, sex, weight, height, street_name, street_number, postal_code, area, municipality, prefecture,  profession, citizenship, triage_id) VALUES ('0407492098','Πάτροκλος',NULL,'Μπακλάβας','1949-07-04','female','53.99','135.9','Πρώτης','157','58641','Θεσσαλονίκη','Λιβαδιά','Χίος','Αρτοποιός','Αμερικανική Σαμόα','0');
INSERT INTO patient_email (AMKA, email_address) VALUES ('0407492098', 'aggelos30@example.com');
INSERT INTO patient_email (AMKA, email_address) VALUES ('0407492098', 'pfountzoulas@example.net');
INSERT INTO patient_phone (AMKA, phone_number) VALUES ('0407492098', '210 141 2693');
INSERT INTO patient_phone (AMKA, phone_number) VALUES ('0407492098', '2480 742185');
INSERT INTO triage (triage_id, level, symptoms) VALUES ('0', '4', 'Διολισθήσεις πως γειτονιάς τύπου. Αναφορά σχεδιαστής παράδειγμα. Διαδίκτυο τύπους παραδοτέου εφαρμογή χρονοδιαγράμματα υψηλότερη.');
INSERT INTO patient (AMKA, first_name, middle_name, last_name, date_of_birth, sex, weight, height, street_name, street_number, postal_code, area, municipality, prefecture,  profession, citizenship, triage_id) VALUES ('0902442730','Ματθαίος',NULL,'Ματσούκας','1944-02-09','other','61.0','134.83','Πλ. Μαυροδενδρίου','35','72033','Καρπενήσι','Κόρινθος','Σάμος','Λατόμος','Μπουτάν','0');
INSERT INTO patient_email (AMKA, email_address) VALUES ('0902442730', 'michalakis.polina@example.net');
INSERT INTO patient_email (AMKA, email_address) VALUES ('0902442730', 'mkaragiovanni@example.org');
INSERT INTO patient_phone (AMKA, phone_number) VALUES ('0902442730', '2904066246');
INSERT INTO triage (triage_id, level, symptoms) VALUES ('0', '1', 'Γεύματος περισσότερη συνηθίζουν ποια πάντα το. Μαγικά υψηλότερη ας. Αναφορά άρθρων ίδιο δε.
Κανένας λιγότερο διάβασε.');
INSERT INTO patient (AMKA, first_name, middle_name, last_name, date_of_birth, sex, weight, height, street_name, street_number, postal_code, area, municipality, prefecture,  profession, citizenship, triage_id) VALUES ('0407072044','Κύρος',NULL,'Γρετός','2007-07-04','other','116.55','63.04','Κομοτηνής','69','23333','Ζάκυνθος','Καβάλα','Θεσπρωτία','Τεχνικός Αμπελουργίας - Οινοτεχνίας','Γκάνα','0');
INSERT INTO patient_email (AMKA, email_address) VALUES ('0407072044', 'gtziortzi@example.com');
INSERT INTO patient_email (AMKA, email_address) VALUES ('0407072044', 'saxaopoulos@example.org');
INSERT INTO patient_phone (AMKA, phone_number) VALUES ('0407072044', '(+30) 2462 206616');
INSERT INTO patient_phone (AMKA, phone_number) VALUES ('0407072044', '2106724298');
INSERT INTO patient_phone (AMKA, phone_number) VALUES ('0407072044', '(+30) 2706 508919');
INSERT INTO triage (triage_id, level, symptoms) VALUES ('0', '3', 'Πες εδώ να. Δημιουργια μαγικά σίγουρος μεταγλωτιστής εκθέσεις εγώ που. Ημέρα της δυστυχής στο τη νόμιζες.
Εργασίας έτσι πακέτων στο ήδη διαπιστώνεις. Έτοιμος παράδειγμα περίπου ως.');
INSERT INTO patient (AMKA, first_name, middle_name, last_name, date_of_birth, sex, weight, height, street_name, street_number, postal_code, area, municipality, prefecture,  profession, citizenship, triage_id) VALUES ('3006844419','Χριστιάν','Ειρηναίος','Βαϊτσόπουλος','1984-06-30','female','112.3','157.5','Βαΐου','96','ΤΚ 21174','Ηγουμενίτσα','Μεσολόγγι','Ροδόπη','Τεχνικός Επεξεργασίας Γάλακτος','Πράσινο Ακρωτήρι','0');
INSERT INTO patient_email (AMKA, email_address) VALUES ('3006844419', 'zacharioudaki.aristea@example.org');
INSERT INTO patient_email (AMKA, email_address) VALUES ('3006844419', 'plakotaris.petra@example.org');
INSERT INTO patient_phone (AMKA, phone_number) VALUES ('3006844419', '210 2743209');
INSERT INTO triage (triage_id, level, symptoms) VALUES ('0', '4', 'Ελέγχου παραδοτέου προσπαθήσεις όχι. Δωροδοκηθούν κειμένων πιο ημέρα.
Ας παράγοντες γραφικά πάντως. Ερωτήσεις τεκμηριώνει προγραμματιστής θα αποκλειστικούς.');
INSERT INTO patient (AMKA, first_name, middle_name, last_name, date_of_birth, sex, weight, height, street_name, street_number, postal_code, area, municipality, prefecture,  profession, citizenship, triage_id) VALUES ('0903954105','Νικολίτσα',NULL,'Νατσουλή','1995-03-09','other','65.88','182.48','Αγαλιανής','193','ΤΚ 38234','Βόλος','Κέρκυρα','Σάμος','Τεχνικός Εφαρμογών Πληροφορικής, Δικτύων και Αυτοματισμού Γραφείου','Νήσοι Σολομώντα','0');
INSERT INTO patient_email (AMKA, email_address) VALUES ('0903954105', 'rkaranasiou@example.com');
INSERT INTO patient_email (AMKA, email_address) VALUES ('0903954105', 'ananias06@example.com');
INSERT INTO patient_phone (AMKA, phone_number) VALUES ('0903954105', '6990345906');
INSERT INTO triage (triage_id, level, symptoms) VALUES ('0', '1', 'Μην διαδίκτυο περιβάλλοντος συνέχεια.');
INSERT INTO patient (AMKA, first_name, middle_name, last_name, date_of_birth, sex, weight, height, street_name, street_number, postal_code, area, municipality, prefecture,  profession, citizenship, triage_id) VALUES ('1403725141','Αγησίλαος',NULL,'Ιακωβάκης','1972-03-14','female','75.53','116.33','Αβδήρων','148','ΤΚ 80527','Γρεβενά','Γρεβενά','Θεσπρωτία','Φυσικός','Ναμίμπια','0');
INSERT INTO patient_email (AMKA, email_address) VALUES ('1403725141', 'xtsagkrasoulis@example.org');
INSERT INTO patient_phone (AMKA, phone_number) VALUES ('1403725141', '210 109 9107');
INSERT INTO patient_phone (AMKA, phone_number) VALUES ('1403725141', '210 8129609');
INSERT INTO patient_phone (AMKA, phone_number) VALUES ('1403725141', '210 0322750');
INSERT INTO triage (triage_id, level, symptoms) VALUES ('0', '5', 'Προσθέσει υποψήφιο εργάστηκε μετράει ταξινομεί σαν μας. Ίδιο του μερικούς ίδιο συγκεντρωμένοι. Διαδίκτυο κι βγήκε στα περίπου.');
INSERT INTO patient (AMKA, first_name, middle_name, last_name, date_of_birth, sex, weight, height, street_name, street_number, postal_code, area, municipality, prefecture,  profession, citizenship, triage_id) VALUES ('3105867267','Νικηφόρος',NULL,'Χριστοφόρη','1986-05-31','other','81.41','102.3','Κότρωνα','15','929 96','Άμφισσα','Χανιά','Ροδόπη','Στέλεχος Υποδοχής Ξενοδοχείου','Αραβική Δημοκρατία της Λιβύης','0');
INSERT INTO patient_email (AMKA, email_address) VALUES ('3105867267', 'kleopatra.koutelieris@example.com');
INSERT INTO patient_phone (AMKA, phone_number) VALUES ('3105867267', '+306960573365');
INSERT INTO patient_phone (AMKA, phone_number) VALUES ('3105867267', '2730 654 432');
INSERT INTO triage (triage_id, level, symptoms) VALUES ('0', '5', 'Αυτήν συγκεντρωμένοι κι αν χαρακτηριστικό κόψεις ποια φράση. Εδώ τη των χειρότερα πετάξαμε χρονοδιαγράμματος τι.
Στέλνοντάς σκεφτείς ερώτηση επί έτσι. Στο γεγονός μάτσο διευθυντές ανά.');
INSERT INTO patient (AMKA, first_name, middle_name, last_name, date_of_birth, sex, weight, height, street_name, street_number, postal_code, area, municipality, prefecture,  profession, citizenship, triage_id) VALUES ('1906627394','Αδάμ','Παγώνα','Χαρισιάδης','1962-06-19','male','93.53','91.83','Δανδανίδου','186','248 45','Ηγουμενίτσα','Λιβαδιά','Τρίκαλα','Αεροναυπηγός Μηχανικός','Λεσότο','0');
INSERT INTO patient_email (AMKA, email_address) VALUES ('1906627394', 'ioulianos.tzanoudakis@example.com');
INSERT INTO patient_phone (AMKA, phone_number) VALUES ('1906627394', '210 7414415');
INSERT INTO patient_phone (AMKA, phone_number) VALUES ('1906627394', '2150 245 132');
INSERT INTO patient_phone (AMKA, phone_number) VALUES ('1906627394', '+30 6988 252029');
INSERT INTO nurse (AMKA, first_name, middle_name, last_name, date_of_birth, date_of_employment, rank, dept_name) VALUES ('2612729603', 'Αμβρόσιος', NULL, 'Κολαΐτου', '1972-12-26', '2018-05-04', 'Βοηθός Νοσηλευτή', 'Neurology');
INSERT INTO nurse_email (AMKA, email_address) VALUES ('2612729603', 'dpeppas@example.org');
INSERT INTO nurse_email (AMKA, email_address) VALUES ('2612729603', 'miltiadis.magkafopoulou@example.net');
INSERT INTO nurse_phone (AMKA, phone_number) VALUES ('2612729603', '(+30) 6976 048127');
INSERT INTO nurse_phone (AMKA, phone_number) VALUES ('2612729603', '6977944489');
INSERT INTO nurse (AMKA, first_name, middle_name, last_name, date_of_birth, date_of_employment, rank, dept_name) VALUES ('1005405863', 'Ανάργυρη', NULL, 'Κατσαμάνης', '1940-05-10', '1972-03-19', 'Βοηθός Νοσηλευτή', 'Anesthesiology');
INSERT INTO nurse_email (AMKA, email_address) VALUES ('1005405863', 'meletia.tziortzi@example.com');
INSERT INTO nurse_phone (AMKA, phone_number) VALUES ('1005405863', '2950 238 948');
INSERT INTO nurse (AMKA, first_name, middle_name, last_name, date_of_birth, date_of_employment, rank, dept_name) VALUES ('0109765304', 'Γαλάτιος', NULL, 'Μανέτα', '1976-09-01', '2013-04-20', 'Νοσηλευτής', 'Casualty');
INSERT INTO nurse_email (AMKA, email_address) VALUES ('0109765304', 'euthymia92@example.org');
INSERT INTO nurse_phone (AMKA, phone_number) VALUES ('0109765304', '210 009 6603');
INSERT INTO nurse_phone (AMKA, phone_number) VALUES ('0109765304', '6958 832764');
INSERT INTO nurse_phone (AMKA, phone_number) VALUES ('0109765304', '6977 421409');
INSERT INTO nurse (AMKA, first_name, middle_name, last_name, date_of_birth, date_of_employment, rank, dept_name) VALUES ('0209548455', 'Καλλιόπη', NULL, 'Κόλκας', '1954-09-02', '1999-08-14', 'Βοηθός Νοσηλευτή', 'Oncology');
INSERT INTO nurse_email (AMKA, email_address) VALUES ('0209548455', 'tsemperlidis.archontia@example.net');
INSERT INTO nurse_email (AMKA, email_address) VALUES ('0209548455', 'damatopoulou.pierrina@example.net');
INSERT INTO nurse_phone (AMKA, phone_number) VALUES ('0209548455', '2887024728');
INSERT INTO nurse_phone (AMKA, phone_number) VALUES ('0209548455', '210 3789884');
INSERT INTO nurse_phone (AMKA, phone_number) VALUES ('0209548455', '2110726317');
INSERT INTO nurse (AMKA, first_name, middle_name, last_name, date_of_birth, date_of_employment, rank, dept_name) VALUES ('0812429714', 'Πυθαγόρας', NULL, 'Φιλιάγκου', '1942-12-08', '1962-08-30', 'Προϊστάμενος', 'Geriatric');
INSERT INTO nurse_email (AMKA, email_address) VALUES ('0812429714', 'kioupliotis.timotheos@example.org');
INSERT INTO nurse_email (AMKA, email_address) VALUES ('0812429714', 'andreas31@example.com');
INSERT INTO nurse_phone (AMKA, phone_number) VALUES ('0812429714', '6987 043453');
INSERT INTO nurse_phone (AMKA, phone_number) VALUES ('0812429714', '2119054947');
INSERT INTO nurse_phone (AMKA, phone_number) VALUES ('0812429714', '2620 396734');
INSERT INTO nurse (AMKA, first_name, middle_name, last_name, date_of_birth, date_of_employment, rank, dept_name) VALUES ('2202676265', 'Βερόνικα', NULL, 'Τσιωλξ', '1967-02-22', '2024-02-20', 'Νοσηλευτής', 'Opthalmology');
INSERT INTO nurse_email (AMKA, email_address) VALUES ('2202676265', 'theologos.pikros@example.net');
INSERT INTO nurse_phone (AMKA, phone_number) VALUES ('2202676265', '+306993386070');
INSERT INTO nurse (AMKA, first_name, middle_name, last_name, date_of_birth, date_of_employment, rank, dept_name) VALUES ('0807914051', 'Βασίλης', 'Βικέντια', 'Παπαθεοδοσίου', '1991-07-08', '2010-12-27', 'Προϊστάμενος', 'Operating theatre (OT)');
INSERT INTO nurse_email (AMKA, email_address) VALUES ('0807914051', 'pantoniadis@example.net');
INSERT INTO nurse_phone (AMKA, phone_number) VALUES ('0807914051', '2470 945 439');
INSERT INTO nurse_phone (AMKA, phone_number) VALUES ('0807914051', '+306951396405');
INSERT INTO nurse (AMKA, first_name, middle_name, last_name, date_of_birth, date_of_employment, rank, dept_name) VALUES ('0309734619', 'Νεκτάριος', NULL, 'Προβής', '1973-09-03', '1993-10-11', 'Νοσηλευτής', 'Pediatrics');
INSERT INTO nurse_email (AMKA, email_address) VALUES ('0309734619', 'gparaskeua@example.com');
INSERT INTO nurse_email (AMKA, email_address) VALUES ('0309734619', 'vagena.thekla@example.org');
INSERT INTO nurse_phone (AMKA, phone_number) VALUES ('0309734619', '2779044921');
INSERT INTO nurse_phone (AMKA, phone_number) VALUES ('0309734619', '+30 6989 036933');
INSERT INTO nurse (AMKA, first_name, middle_name, last_name, date_of_birth, date_of_employment, rank, dept_name) VALUES ('2901593818', 'Τρυφωνία', NULL, 'Ευστρατόπουλος', '1959-01-29', '1985-02-09', 'Βοηθός Νοσηλευτή', 'Psychiatry');
INSERT INTO nurse_email (AMKA, email_address) VALUES ('2901593818', 'zeleutheriou@example.com');
INSERT INTO nurse_phone (AMKA, phone_number) VALUES ('2901593818', '+306996632270');
INSERT INTO nurse (AMKA, first_name, middle_name, last_name, date_of_birth, date_of_employment, rank, dept_name) VALUES ('2912929004', 'Χιονιά', NULL, 'Λεπίδα', '1992-12-29', '2023-09-11', 'Νοσηλευτής', 'Outpatient Department (OPD)');
INSERT INTO nurse_email (AMKA, email_address) VALUES ('2912929004', 'zdimakogianni@example.org');
INSERT INTO nurse_email (AMKA, email_address) VALUES ('2912929004', 'euripidis.koutsouras@example.org');
INSERT INTO nurse_phone (AMKA, phone_number) VALUES ('2912929004', '6937124022');
INSERT INTO nurse_phone (AMKA, phone_number) VALUES ('2912929004', '2520 834 881');
INSERT INTO nurse (AMKA, first_name, middle_name, last_name, date_of_birth, date_of_employment, rank, dept_name) VALUES ('0807809157', 'Αστέρω', NULL, 'Σταθάτος', '1980-07-08', '2000-09-26', 'Νοσηλευτής', 'Gastroenterology');
INSERT INTO nurse_email (AMKA, email_address) VALUES ('0807809157', 'kanella.vaitsopoulos@example.net');
INSERT INTO nurse_phone (AMKA, phone_number) VALUES ('0807809157', '2410 066 931');
INSERT INTO nurse_phone (AMKA, phone_number) VALUES ('0807809157', '+30 6981 517101');
INSERT INTO nurse_phone (AMKA, phone_number) VALUES ('0807809157', '2106697636');
INSERT INTO nurse (AMKA, first_name, middle_name, last_name, date_of_birth, date_of_employment, rank, dept_name) VALUES ('2510897021', 'Ασημίνα', 'Προκόπιος', 'Ραγκούσης', '1989-10-25', '2019-11-05', 'Βοηθός Νοσηλευτή', 'Intensive care unit (ICU)');
INSERT INTO nurse_email (AMKA, email_address) VALUES ('2510897021', 'kalliopi59@example.com');
INSERT INTO nurse_phone (AMKA, phone_number) VALUES ('2510897021', '2250 915223');
INSERT INTO nurse_phone (AMKA, phone_number) VALUES ('2510897021', '210 544 4021');
INSERT INTO nurse_phone (AMKA, phone_number) VALUES ('2510897021', '2070 362 074');
INSERT INTO nurse (AMKA, first_name, middle_name, last_name, date_of_birth, date_of_employment, rank, dept_name) VALUES ('0709669147', 'Χρυσόστομος', 'Θεολογία', 'Κατσαντώνη', '1966-09-07', '2006-08-20', 'Βοηθός Νοσηλευτή', 'ENT');
INSERT INTO nurse_email (AMKA, email_address) VALUES ('0709669147', 'piteros.euaggelos@example.org');
INSERT INTO nurse_email (AMKA, email_address) VALUES ('0709669147', 'fourkioti.olga@example.org');
INSERT INTO nurse_phone (AMKA, phone_number) VALUES ('0709669147', '25160 26 298');
INSERT INTO nurse (AMKA, first_name, middle_name, last_name, date_of_birth, date_of_employment, rank, dept_name) VALUES ('2401552006', 'Δούκισσα', 'Αφέντρα', 'Κονσούλα', '1955-01-24', '2001-04-19', 'Βοηθός Νοσηλευτή', 'Outpatient Department (OPD)');
INSERT INTO nurse_email (AMKA, email_address) VALUES ('2401552006', 'mmpermpatiotis@example.org');
INSERT INTO nurse_email (AMKA, email_address) VALUES ('2401552006', 'klygkouras@example.org');
INSERT INTO nurse_phone (AMKA, phone_number) VALUES ('2401552006', '6955 213 229');
INSERT INTO nurse_phone (AMKA, phone_number) VALUES ('2401552006', '+30 2810 008224');
INSERT INTO nurse_phone (AMKA, phone_number) VALUES ('2401552006', '(+30) 6975 696445');
INSERT INTO nurse (AMKA, first_name, middle_name, last_name, date_of_birth, date_of_employment, rank, dept_name) VALUES ('0309459375', 'Ιάσων', 'Νεκταρία', 'Φίλκα', '1945-09-03', '1973-01-04', 'Προϊστάμενος', 'Outpatient Department (OPD)');
INSERT INTO nurse_email (AMKA, email_address) VALUES ('0309459375', 'melina.nikoloudaki@example.com');
INSERT INTO nurse_phone (AMKA, phone_number) VALUES ('0309459375', '(+30) 6994 371919');
INSERT INTO nurse_phone (AMKA, phone_number) VALUES ('0309459375', '+302033461419');
INSERT INTO nurse_phone (AMKA, phone_number) VALUES ('0309459375', '2570 136141');
INSERT INTO nurse (AMKA, first_name, middle_name, last_name, date_of_birth, date_of_employment, rank, dept_name) VALUES ('3004938343', 'Βλάσης', NULL, 'Κουτσοβίδου', '1993-04-30', '2019-09-02', 'Προϊστάμενος', 'Haematology');
INSERT INTO nurse_email (AMKA, email_address) VALUES ('3004938343', 'katsimali.theopistos@example.com');
INSERT INTO nurse_email (AMKA, email_address) VALUES ('3004938343', 'nikandros55@example.net');
INSERT INTO nurse_phone (AMKA, phone_number) VALUES ('3004938343', '2891094502');
INSERT INTO nurse_phone (AMKA, phone_number) VALUES ('3004938343', '6910824510');
INSERT INTO nurse_phone (AMKA, phone_number) VALUES ('3004938343', '210 619 1121');
INSERT INTO nurse (AMKA, first_name, middle_name, last_name, date_of_birth, date_of_employment, rank, dept_name) VALUES ('0104472353', 'Πολυζώης', NULL, 'Ιωσηφίδης', '1947-04-01', '2006-11-21', 'Βοηθός Νοσηλευτή', 'Cardiology');
INSERT INTO nurse_email (AMKA, email_address) VALUES ('0104472353', 'ctsiantas@example.com');
INSERT INTO nurse_phone (AMKA, phone_number) VALUES ('0104472353', '+306951088041');
INSERT INTO nurse (AMKA, first_name, middle_name, last_name, date_of_birth, date_of_employment, rank, dept_name) VALUES ('2910435920', 'Φανή', NULL, 'Κούτρης', '1943-10-29', '1975-10-12', 'Βοηθός Νοσηλευτή', 'Psychiatry');
INSERT INTO nurse_email (AMKA, email_address) VALUES ('2910435920', 'efiliagkou@example.com');
INSERT INTO nurse_phone (AMKA, phone_number) VALUES ('2910435920', '2260 227 168');
INSERT INTO nurse (AMKA, first_name, middle_name, last_name, date_of_birth, date_of_employment, rank, dept_name) VALUES ('2811867092', 'Αγαθάγγελος', NULL, 'Τσάρκος', '1986-11-28', '2022-02-28', 'Προϊστάμενος', 'Urology');
INSERT INTO nurse_email (AMKA, email_address) VALUES ('2811867092', 'polytimi11@example.net');
INSERT INTO nurse_email (AMKA, email_address) VALUES ('2811867092', 'nlatskos@example.com');
INSERT INTO nurse_phone (AMKA, phone_number) VALUES ('2811867092', '+30 2161 719109');
INSERT INTO nurse_phone (AMKA, phone_number) VALUES ('2811867092', '20130 19 872');
INSERT INTO nurse (AMKA, first_name, middle_name, last_name, date_of_birth, date_of_employment, rank, dept_name) VALUES ('3006845381', 'Ξένη', NULL, 'Λαγγούσης', '1984-06-30', '2003-09-02', 'Προϊστάμενος', 'Casualty');
INSERT INTO nurse_email (AMKA, email_address) VALUES ('3006845381', 'pappa.charalampos@example.com');
INSERT INTO nurse_phone (AMKA, phone_number) VALUES ('3006845381', '210 4149679');
INSERT INTO nurse (AMKA, first_name, middle_name, last_name, date_of_birth, date_of_employment, rank, dept_name) VALUES ('3011818066', 'Κασσιανή', NULL, 'Μωραΐτη', '1981-11-30', '2025-07-26', 'Νοσηλευτής', 'Operating theatre (OT)');
INSERT INTO nurse_email (AMKA, email_address) VALUES ('3011818066', 'tsonis.epameinondas@example.org');
INSERT INTO nurse_phone (AMKA, phone_number) VALUES ('3011818066', '2390152003');
INSERT INTO nurse (AMKA, first_name, middle_name, last_name, date_of_birth, date_of_employment, rank, dept_name) VALUES ('1011859573', 'Ιερόθεος', NULL, 'Κουτεντάκης', '1985-11-10', '2015-10-15', 'Νοσηλευτής', 'Anesthesiology');
INSERT INTO nurse_email (AMKA, email_address) VALUES ('1011859573', 'lolos.zampeta@example.net');
INSERT INTO nurse_email (AMKA, email_address) VALUES ('1011859573', 'kyriaki.rokas@example.com');
INSERT INTO nurse_phone (AMKA, phone_number) VALUES ('1011859573', '210 702 5989');
INSERT INTO nurse_phone (AMKA, phone_number) VALUES ('1011859573', '+306927619243');
INSERT INTO nurse_phone (AMKA, phone_number) VALUES ('1011859573', '210 3354230');
INSERT INTO nurse (AMKA, first_name, middle_name, last_name, date_of_birth, date_of_employment, rank, dept_name) VALUES ('1401961017', 'Χριστόδουλος', NULL, 'Δουλγεράκης', '1996-01-14', '2020-06-19', 'Νοσηλευτής', 'Casualty');
INSERT INTO nurse_email (AMKA, email_address) VALUES ('1401961017', 'fotoglidis.chari@example.net');
INSERT INTO nurse_phone (AMKA, phone_number) VALUES ('1401961017', '+30 2514 031437');
INSERT INTO nurse_phone (AMKA, phone_number) VALUES ('1401961017', '(+30) 2547 480504');
INSERT INTO nurse_phone (AMKA, phone_number) VALUES ('1401961017', '2800 165 279');
INSERT INTO nurse (AMKA, first_name, middle_name, last_name, date_of_birth, date_of_employment, rank, dept_name) VALUES ('0805615787', 'Συμεωνία', NULL, 'Τριβέλλας', '1961-05-08', '1983-01-29', 'Νοσηλευτής', 'Gynaecology');
INSERT INTO nurse_email (AMKA, email_address) VALUES ('0805615787', 'euthymia76@example.com');
INSERT INTO nurse_email (AMKA, email_address) VALUES ('0805615787', 'akoutsoulis@example.org');
INSERT INTO nurse_phone (AMKA, phone_number) VALUES ('0805615787', '(+30) 2155 080805');
INSERT INTO nurse_phone (AMKA, phone_number) VALUES ('0805615787', '2550608363');
INSERT INTO nurse_phone (AMKA, phone_number) VALUES ('0805615787', '+30 2860 518873');
INSERT INTO nurse (AMKA, first_name, middle_name, last_name, date_of_birth, date_of_employment, rank, dept_name) VALUES ('1504406068', 'Ευτύχιος', 'Αντωνία', 'Στρατογιάννη', '1940-04-15', '1979-03-27', 'Νοσηλευτής', 'Anesthesiology');
INSERT INTO nurse_email (AMKA, email_address) VALUES ('1504406068', 'iliana.tymviou@example.org');
INSERT INTO nurse_phone (AMKA, phone_number) VALUES ('1504406068', '2102482687');
INSERT INTO nurse (AMKA, first_name, middle_name, last_name, date_of_birth, date_of_employment, rank, dept_name) VALUES ('2404846418', 'Ήλια', NULL, 'Τζανουδάκης', '1984-04-24', '2013-11-27', 'Βοηθός Νοσηλευτή', 'Orthopaedic');
INSERT INTO nurse_email (AMKA, email_address) VALUES ('2404846418', 'isaias.diakakis@example.com');
INSERT INTO nurse_phone (AMKA, phone_number) VALUES ('2404846418', '+306985409176');
INSERT INTO nurse (AMKA, first_name, middle_name, last_name, date_of_birth, date_of_employment, rank, dept_name) VALUES ('2507425872', 'Θεοδούλη', NULL, 'Παπαευαγγέλου', '1942-07-25', '1964-08-08', 'Νοσηλευτής', 'ENT');
INSERT INTO nurse_email (AMKA, email_address) VALUES ('2507425872', 'aimilianos38@example.com');
INSERT INTO nurse_email (AMKA, email_address) VALUES ('2507425872', 'dragkousis@example.org');
INSERT INTO nurse_phone (AMKA, phone_number) VALUES ('2507425872', '2104242898');
INSERT INTO nurse_phone (AMKA, phone_number) VALUES ('2507425872', '6951 763902');
INSERT INTO nurse (AMKA, first_name, middle_name, last_name, date_of_birth, date_of_employment, rank, dept_name) VALUES ('1410001291', 'Κρυσταλλένια', 'Χρυσάνθη', 'Καλαπόδης', '2000-10-14', '2020-03-23', 'Βοηθός Νοσηλευτή', 'Outpatient Department (OPD)');
INSERT INTO nurse_email (AMKA, email_address) VALUES ('1410001291', 'neofytos.manolakis@example.net');
INSERT INTO nurse_email (AMKA, email_address) VALUES ('1410001291', 'chatzicharistou.chrysanthos@example.net');
INSERT INTO nurse_phone (AMKA, phone_number) VALUES ('1410001291', '2107075383');
INSERT INTO nurse_phone (AMKA, phone_number) VALUES ('1410001291', '+302736163495');
INSERT INTO nurse_phone (AMKA, phone_number) VALUES ('1410001291', '2106478157');
INSERT INTO nurse (AMKA, first_name, middle_name, last_name, date_of_birth, date_of_employment, rank, dept_name) VALUES ('2601941624', 'Ποθητή', 'Σταμάτης', 'Αποστολίδης', '1994-01-26', '2021-03-27', 'Νοσηλευτής', 'Gastroenterology');
INSERT INTO nurse_email (AMKA, email_address) VALUES ('2601941624', 'themis59@example.com');
INSERT INTO nurse_email (AMKA, email_address) VALUES ('2601941624', 'eudoxios.falieros@example.com');
INSERT INTO nurse_phone (AMKA, phone_number) VALUES ('2601941624', '2710887873');
INSERT INTO nurse (AMKA, first_name, middle_name, last_name, date_of_birth, date_of_employment, rank, dept_name) VALUES ('2209951799', 'Οδυσσέας', 'Τριαντάφυλλη', 'Τσανάκα', '1995-09-22', '2016-01-30', 'Βοηθός Νοσηλευτή', 'Anesthesiology');
INSERT INTO nurse_email (AMKA, email_address) VALUES ('2209951799', 'tzoumakis.reggina@example.net');
INSERT INTO nurse_email (AMKA, email_address) VALUES ('2209951799', 'wchrysovergis@example.org');
INSERT INTO nurse_phone (AMKA, phone_number) VALUES ('2209951799', '2490 199154');
INSERT INTO nurse_phone (AMKA, phone_number) VALUES ('2209951799', '(+30) 2584 692177');
INSERT INTO nurse_phone (AMKA, phone_number) VALUES ('2209951799', '24920 51 379');
INSERT INTO nurse (AMKA, first_name, middle_name, last_name, date_of_birth, date_of_employment, rank, dept_name) VALUES ('0106962075', 'Αγαθάγγελος', 'Αρτέμης', 'Κωτούλα', '1996-06-01', '2017-07-31', 'Νοσηλευτής', 'Outpatient Department (OPD)');
INSERT INTO nurse_email (AMKA, email_address) VALUES ('0106962075', 'hziros@example.com');
INSERT INTO nurse_email (AMKA, email_address) VALUES ('0106962075', 'petta.apollon@example.net');
INSERT INTO nurse_phone (AMKA, phone_number) VALUES ('0106962075', '6923 634 170');
INSERT INTO nurse_phone (AMKA, phone_number) VALUES ('0106962075', '(+30) 6902 511555');
INSERT INTO nurse (AMKA, first_name, middle_name, last_name, date_of_birth, date_of_employment, rank, dept_name) VALUES ('2310744429', 'Μένανδρος', NULL, 'Ρέντζος', '1974-10-23', '2002-09-09', 'Βοηθός Νοσηλευτή', 'Urology');
INSERT INTO nurse_email (AMKA, email_address) VALUES ('2310744429', 'kleovoulos.michailidou@example.org');
INSERT INTO nurse_phone (AMKA, phone_number) VALUES ('2310744429', '(+30) 2141 889970');
INSERT INTO nurse_phone (AMKA, phone_number) VALUES ('2310744429', '2261065789');
INSERT INTO nurse (AMKA, first_name, middle_name, last_name, date_of_birth, date_of_employment, rank, dept_name) VALUES ('0604638601', 'Κρυσταλλένια', NULL, 'Σάτλας', '1963-04-06', '2015-08-17', 'Νοσηλευτής', 'Urology');
INSERT INTO nurse_email (AMKA, email_address) VALUES ('0604638601', 'psamanidis@example.com');
INSERT INTO nurse_email (AMKA, email_address) VALUES ('0604638601', 'ukoutsounaki@example.org');
INSERT INTO nurse_phone (AMKA, phone_number) VALUES ('0604638601', '2616079071');
INSERT INTO nurse (AMKA, first_name, middle_name, last_name, date_of_birth, date_of_employment, rank, dept_name) VALUES ('1005673097', 'Ιωσήφ', NULL, 'Αγαλιώτης', '1967-05-10', '2020-08-29', 'Βοηθός Νοσηλευτή', 'Pediatrics');
INSERT INTO nurse_email (AMKA, email_address) VALUES ('1005673097', 'bpanagiotou@example.net');
INSERT INTO nurse_email (AMKA, email_address) VALUES ('1005673097', 'aristea08@example.com');
INSERT INTO nurse_phone (AMKA, phone_number) VALUES ('1005673097', '6944 870 473');
INSERT INTO nurse (AMKA, first_name, middle_name, last_name, date_of_birth, date_of_employment, rank, dept_name) VALUES ('2202668306', 'Ισίδωρος', NULL, 'Λιούτας', '1966-02-22', '1987-04-22', 'Προϊστάμενος', 'Anesthesiology');
INSERT INTO nurse_email (AMKA, email_address) VALUES ('2202668306', 'rentzos.paraschos@example.net');
INSERT INTO nurse_phone (AMKA, phone_number) VALUES ('2202668306', '(+30) 6937 072656');
INSERT INTO nurse_phone (AMKA, phone_number) VALUES ('2202668306', '2350207381');
INSERT INTO nurse_phone (AMKA, phone_number) VALUES ('2202668306', '2190 914 277');
INSERT INTO nurse (AMKA, first_name, middle_name, last_name, date_of_birth, date_of_employment, rank, dept_name) VALUES ('1409799887', 'Γαλάτεια', NULL, 'Εμμανουηλίδου', '1979-09-14', '2009-01-14', 'Νοσηλευτής', 'Psychiatry');
INSERT INTO nurse_email (AMKA, email_address) VALUES ('1409799887', 'vikentios43@example.net');
INSERT INTO nurse_phone (AMKA, phone_number) VALUES ('1409799887', '+302041514108');
INSERT INTO nurse (AMKA, first_name, middle_name, last_name, date_of_birth, date_of_employment, rank, dept_name) VALUES ('1911832103', 'Οδυσσεύς', NULL, 'Σκυλογιάννη', '1983-11-19', '2008-02-25', 'Προϊστάμενος', 'Psychiatry');
INSERT INTO nurse_email (AMKA, email_address) VALUES ('1911832103', 'melenia38@example.com');
INSERT INTO nurse_phone (AMKA, phone_number) VALUES ('1911832103', '21040 84 198');
INSERT INTO nurse_phone (AMKA, phone_number) VALUES ('1911832103', '2560939383');
INSERT INTO nurse (AMKA, first_name, middle_name, last_name, date_of_birth, date_of_employment, rank, dept_name) VALUES ('2608981810', 'Ελέσσα', 'Κλήμης', 'Κυριακίδης', '1998-08-26', '2016-11-29', 'Βοηθός Νοσηλευτή', 'Gynaecology');
INSERT INTO nurse_email (AMKA, email_address) VALUES ('2608981810', 'polytimi.danelis@example.net');
INSERT INTO nurse_phone (AMKA, phone_number) VALUES ('2608981810', '+30 6928 322277');
INSERT INTO nurse_phone (AMKA, phone_number) VALUES ('2608981810', '2880084564');
INSERT INTO nurse (AMKA, first_name, middle_name, last_name, date_of_birth, date_of_employment, rank, dept_name) VALUES ('1410590275', 'Πίνδαρος', NULL, 'Τσανάκα', '1959-10-14', '1995-01-13', 'Βοηθός Νοσηλευτή', 'Pediatrics');
INSERT INTO nurse_email (AMKA, email_address) VALUES ('1410590275', 'aggelopoulos.eutychios@example.com');
INSERT INTO nurse_email (AMKA, email_address) VALUES ('1410590275', 'zpischinas@example.com');
INSERT INTO nurse_phone (AMKA, phone_number) VALUES ('1410590275', '6975 393 272');
INSERT INTO nurse_phone (AMKA, phone_number) VALUES ('1410590275', '210 4022681');
INSERT INTO nurse (AMKA, first_name, middle_name, last_name, date_of_birth, date_of_employment, rank, dept_name) VALUES ('2106930406', 'Ανθούλης', NULL, 'Μυσιρλής', '1993-06-21', '2023-01-06', 'Βοηθός Νοσηλευτή', 'Operating theatre (OT)');
INSERT INTO nurse_email (AMKA, email_address) VALUES ('2106930406', 'opouftsis@example.org');
INSERT INTO nurse_email (AMKA, email_address) VALUES ('2106930406', 'aggelopoulos.frantzeska@example.org');
INSERT INTO nurse_phone (AMKA, phone_number) VALUES ('2106930406', '2101710600');
INSERT INTO nurse_phone (AMKA, phone_number) VALUES ('2106930406', '22600 36 109');
INSERT INTO nurse_phone (AMKA, phone_number) VALUES ('2106930406', '2000 562 642');
INSERT INTO nurse (AMKA, first_name, middle_name, last_name, date_of_birth, date_of_employment, rank, dept_name) VALUES ('3007957631', 'Ερωτόκριτος', NULL, 'Φουσιέκης', '1995-07-30', '2017-11-15', 'Βοηθός Νοσηλευτή', 'Gynaecology');
INSERT INTO nurse_email (AMKA, email_address) VALUES ('3007957631', 'assargiotaki.kanella@example.com');
INSERT INTO nurse_email (AMKA, email_address) VALUES ('3007957631', 'spanagiotakopoulos@example.com');
INSERT INTO nurse_phone (AMKA, phone_number) VALUES ('3007957631', '2102030474');
INSERT INTO nurse_phone (AMKA, phone_number) VALUES ('3007957631', '2430688285');
INSERT INTO nurse_phone (AMKA, phone_number) VALUES ('3007957631', '(+30) 6952 365595');
INSERT INTO nurse (AMKA, first_name, middle_name, last_name, date_of_birth, date_of_employment, rank, dept_name) VALUES ('0706774178', 'Φιλαρέτη', NULL, 'Τσάρκος', '1977-06-07', '2021-07-19', 'Βοηθός Νοσηλευτή', 'Gynaecology');
INSERT INTO nurse_email (AMKA, email_address) VALUES ('0706774178', 'mantzoros.vlasis@example.org');
INSERT INTO nurse_email (AMKA, email_address) VALUES ('0706774178', 'konstantopoulos.mikes@example.com');
INSERT INTO nurse_phone (AMKA, phone_number) VALUES ('0706774178', '22060 57 144');
INSERT INTO nurse_phone (AMKA, phone_number) VALUES ('0706774178', '210 2135470');
INSERT INTO nurse (AMKA, first_name, middle_name, last_name, date_of_birth, date_of_employment, rank, dept_name) VALUES ('0206841343', 'Τατιάνα', NULL, 'Γιατρομανωλάκης', '1984-06-02', '2023-10-07', 'Προϊστάμενος', 'Oncology');
INSERT INTO nurse_email (AMKA, email_address) VALUES ('0206841343', 'fdesyllas@example.org');
INSERT INTO nurse_email (AMKA, email_address) VALUES ('0206841343', 'kkatsantonis@example.com');
INSERT INTO nurse_phone (AMKA, phone_number) VALUES ('0206841343', '+302032205329');
INSERT INTO nurse (AMKA, first_name, middle_name, last_name, date_of_birth, date_of_employment, rank, dept_name) VALUES ('1003436272', 'Βεατρίκη', NULL, 'Κλεινάκη', '1943-03-10', '1993-04-26', 'Βοηθός Νοσηλευτή', 'Outpatient Department (OPD)');
INSERT INTO nurse_email (AMKA, email_address) VALUES ('1003436272', 'fountzoulas.smaragda@example.org');
INSERT INTO nurse_phone (AMKA, phone_number) VALUES ('1003436272', '(+30) 2256 436016');
INSERT INTO nurse (AMKA, first_name, middle_name, last_name, date_of_birth, date_of_employment, rank, dept_name) VALUES ('2412005893', 'Λεονάρδος', NULL, 'Ασλανίδου', '2000-12-24', '2023-01-08', 'Νοσηλευτής', 'Cardiology');
INSERT INTO nurse_email (AMKA, email_address) VALUES ('2412005893', 'michaela92@example.com');
INSERT INTO nurse_phone (AMKA, phone_number) VALUES ('2412005893', '27030 12 305');
INSERT INTO nurse_phone (AMKA, phone_number) VALUES ('2412005893', '6915831063');
INSERT INTO nurse (AMKA, first_name, middle_name, last_name, date_of_birth, date_of_employment, rank, dept_name) VALUES ('2711931843', 'Ραχήλ', NULL, 'Ζουλούμης', '1993-11-27', '2025-08-30', 'Προϊστάμενος', 'General surgery');
INSERT INTO nurse_email (AMKA, email_address) VALUES ('2711931843', 'iraklis59@example.com');
INSERT INTO nurse_email (AMKA, email_address) VALUES ('2711931843', 'glalas@example.com');
INSERT INTO nurse_phone (AMKA, phone_number) VALUES ('2711931843', '6984888607');
INSERT INTO nurse (AMKA, first_name, middle_name, last_name, date_of_birth, date_of_employment, rank, dept_name) VALUES ('2104656720', 'Πολύβια', NULL, 'Ταμιωλάκης', '1965-04-21', '1993-04-06', 'Βοηθός Νοσηλευτή', 'Orthopaedic');
INSERT INTO nurse_email (AMKA, email_address) VALUES ('2104656720', 'neokleia33@example.com');
INSERT INTO nurse_email (AMKA, email_address) VALUES ('2104656720', 'polydoros.psychias@example.com');
INSERT INTO nurse_phone (AMKA, phone_number) VALUES ('2104656720', '210 135 4757');
INSERT INTO nurse (AMKA, first_name, middle_name, last_name, date_of_birth, date_of_employment, rank, dept_name) VALUES ('2205724151', 'Σάρρα', NULL, 'Τζιγκούρα', '1972-05-22', '2013-01-02', 'Προϊστάμενος', 'Gynaecology');
INSERT INTO nurse_email (AMKA, email_address) VALUES ('2205724151', 'argyropoulou.niki@example.com');
INSERT INTO nurse_email (AMKA, email_address) VALUES ('2205724151', 'tsarafidis@example.com');
INSERT INTO nurse_phone (AMKA, phone_number) VALUES ('2205724151', '2108869118');
INSERT INTO nurse (AMKA, first_name, middle_name, last_name, date_of_birth, date_of_employment, rank, dept_name) VALUES ('1206677028', 'Γκόλφω', NULL, 'Χασάπη', '1967-06-12', '2012-01-23', 'Νοσηλευτής', 'Neurology');
INSERT INTO nurse_email (AMKA, email_address) VALUES ('1206677028', 'papadakis.anastasia@example.net');
INSERT INTO nurse_phone (AMKA, phone_number) VALUES ('1206677028', '24090 80 084');
INSERT INTO nurse_phone (AMKA, phone_number) VALUES ('1206677028', '(+30) 6975 993897');
INSERT INTO nurse_phone (AMKA, phone_number) VALUES ('1206677028', '2103526536');
INSERT INTO nurse (AMKA, first_name, middle_name, last_name, date_of_birth, date_of_employment, rank, dept_name) VALUES ('2608415059', 'Ματθίλδη', 'Ροδόκλεια', 'Βασιλείου', '1941-08-26', '1991-02-21', 'Νοσηλευτής', 'Gastroenterology');
INSERT INTO nurse_email (AMKA, email_address) VALUES ('2608415059', 'mpatzani.pelagia@example.org');
INSERT INTO nurse_email (AMKA, email_address) VALUES ('2608415059', 'eleutheria.charpantidis@example.com');
INSERT INTO nurse_phone (AMKA, phone_number) VALUES ('2608415059', '2860197778');
INSERT INTO nurse (AMKA, first_name, middle_name, last_name, date_of_birth, date_of_employment, rank, dept_name) VALUES ('2612762096', 'Αγαθοκλής', NULL, 'Μόκας', '1976-12-26', '2013-10-02', 'Προϊστάμενος', 'Orthopaedic');
INSERT INTO nurse_email (AMKA, email_address) VALUES ('2612762096', 'konstantinidou.revekka@example.com');
INSERT INTO nurse_phone (AMKA, phone_number) VALUES ('2612762096', '+30 2511 051965');
INSERT INTO nurse_phone (AMKA, phone_number) VALUES ('2612762096', '2103364314');
INSERT INTO nurse (AMKA, first_name, middle_name, last_name, date_of_birth, date_of_employment, rank, dept_name) VALUES ('2007568464', 'Σαββούλα', NULL, 'Φερεντίνος', '1956-07-20', '1983-10-17', 'Βοηθός Νοσηλευτή', 'Haematology');
INSERT INTO nurse_email (AMKA, email_address) VALUES ('2007568464', 'aetopoulos.kornilios@example.com');
INSERT INTO nurse_phone (AMKA, phone_number) VALUES ('2007568464', '6927 788243');
INSERT INTO nurse (AMKA, first_name, middle_name, last_name, date_of_birth, date_of_employment, rank, dept_name) VALUES ('3103488159', 'Αμβροσία', NULL, 'Χουδαλάκης', '1948-03-31', '2004-07-25', 'Προϊστάμενος', 'Operating theatre (OT)');
INSERT INTO nurse_email (AMKA, email_address) VALUES ('3103488159', 'eutychia.karousos@example.net');
INSERT INTO nurse_phone (AMKA, phone_number) VALUES ('3103488159', '2104145403');
INSERT INTO nurse_phone (AMKA, phone_number) VALUES ('3103488159', '6989995291');
INSERT INTO nurse (AMKA, first_name, middle_name, last_name, date_of_birth, date_of_employment, rank, dept_name) VALUES ('1112443609', 'Ποθητή', NULL, 'Σκασίλα', '1944-12-11', '1981-04-16', 'Προϊστάμενος', 'Oncology');
INSERT INTO nurse_email (AMKA, email_address) VALUES ('1112443609', 'skasila.panormitis@example.com');
INSERT INTO nurse_phone (AMKA, phone_number) VALUES ('1112443609', '210 777 0586');
INSERT INTO nurse (AMKA, first_name, middle_name, last_name, date_of_birth, date_of_employment, rank, dept_name) VALUES ('0705726850', 'Ελέσσα', NULL, 'Πετσιά', '1972-05-07', '1998-05-31', 'Νοσηλευτής', 'Intensive care unit (ICU)');
INSERT INTO nurse_email (AMKA, email_address) VALUES ('0705726850', 'symeon84@example.net');
INSERT INTO nurse_phone (AMKA, phone_number) VALUES ('0705726850', '210 960 1059');
INSERT INTO nurse_phone (AMKA, phone_number) VALUES ('0705726850', '6996 815449');
INSERT INTO nurse (AMKA, first_name, middle_name, last_name, date_of_birth, date_of_employment, rank, dept_name) VALUES ('1911611265', 'Κλεοπάτρα', NULL, 'Σφακιανάκη', '1961-11-19', '1988-03-26', 'Προϊστάμενος', 'Urology');
INSERT INTO nurse_email (AMKA, email_address) VALUES ('1911611265', 'eusevios.chronopoulou@example.org');
INSERT INTO nurse_email (AMKA, email_address) VALUES ('1911611265', 'ifigeneia25@example.com');
INSERT INTO nurse_phone (AMKA, phone_number) VALUES ('1911611265', '28270 84 479');
INSERT INTO nurse_phone (AMKA, phone_number) VALUES ('1911611265', '2100508658');
INSERT INTO nurse_phone (AMKA, phone_number) VALUES ('1911611265', '2520205703');
INSERT INTO nurse (AMKA, first_name, middle_name, last_name, date_of_birth, date_of_employment, rank, dept_name) VALUES ('0508623869', 'Κάρολος', NULL, 'Φιλίππου', '1962-08-05', '2007-07-10', 'Νοσηλευτής', 'Orthopaedic');
INSERT INTO nurse_email (AMKA, email_address) VALUES ('0508623869', 'salomi.anezaki@example.com');
INSERT INTO nurse_email (AMKA, email_address) VALUES ('0508623869', 'michalakis.kalliniki@example.net');
INSERT INTO nurse_phone (AMKA, phone_number) VALUES ('0508623869', '2107750567');
INSERT INTO nurse_phone (AMKA, phone_number) VALUES ('0508623869', '2270 479611');
INSERT INTO nurse (AMKA, first_name, middle_name, last_name, date_of_birth, date_of_employment, rank, dept_name) VALUES ('1408414594', 'Ιουλιανός', 'Ήβη', 'Δημοπούλου', '1941-08-14', '1983-12-12', 'Προϊστάμενος', 'Neurology');
INSERT INTO nurse_email (AMKA, email_address) VALUES ('1408414594', 'rmitsopoulou@example.net');
INSERT INTO nurse_email (AMKA, email_address) VALUES ('1408414594', 'damiani.kissas@example.org');
INSERT INTO nurse_phone (AMKA, phone_number) VALUES ('1408414594', '2600 502 176');
INSERT INTO nurse_phone (AMKA, phone_number) VALUES ('1408414594', '+302267074242');
INSERT INTO nurse (AMKA, first_name, middle_name, last_name, date_of_birth, date_of_employment, rank, dept_name) VALUES ('0904571046', 'Αρέθα', NULL, 'Μαλίμη', '1957-04-09', '2009-12-21', 'Νοσηλευτής', 'Gastroenterology');
INSERT INTO nurse_email (AMKA, email_address) VALUES ('0904571046', 'matsoukas.galinos@example.org');
INSERT INTO nurse_phone (AMKA, phone_number) VALUES ('0904571046', '+30 2002 672571');
INSERT INTO nurse (AMKA, first_name, middle_name, last_name, date_of_birth, date_of_employment, rank, dept_name) VALUES ('2706761470', 'Δήμητρα', NULL, 'Τσομώκος', '1976-06-27', '1996-01-14', 'Προϊστάμενος', 'Urology');
INSERT INTO nurse_email (AMKA, email_address) VALUES ('2706761470', 'violeta06@example.net');
INSERT INTO nurse_email (AMKA, email_address) VALUES ('2706761470', 'manto.miliadou@example.net');
INSERT INTO nurse_phone (AMKA, phone_number) VALUES ('2706761470', '210 5374539');
INSERT INTO nurse (AMKA, first_name, middle_name, last_name, date_of_birth, date_of_employment, rank, dept_name) VALUES ('3009684644', 'Ορφέας', NULL, 'Χουδαλάκης', '1968-09-30', '1992-12-19', 'Προϊστάμενος', 'General surgery');
INSERT INTO nurse_email (AMKA, email_address) VALUES ('3009684644', 'jioakeim@example.com');
INSERT INTO nurse_email (AMKA, email_address) VALUES ('3009684644', 'sgourena.fereniki@example.com');
INSERT INTO nurse_phone (AMKA, phone_number) VALUES ('3009684644', '6977555309');
INSERT INTO nurse_phone (AMKA, phone_number) VALUES ('3009684644', '6968 786 563');
INSERT INTO nurse_phone (AMKA, phone_number) VALUES ('3009684644', '+302962958370');
INSERT INTO nurse (AMKA, first_name, middle_name, last_name, date_of_birth, date_of_employment, rank, dept_name) VALUES ('1210752839', 'Επιστήμη', 'Ταξίαρχος', 'Λιανάκης', '1975-10-12', '2011-02-01', 'Βοηθός Νοσηλευτή', 'Operating theatre (OT)');
INSERT INTO nurse_email (AMKA, email_address) VALUES ('1210752839', 'okarathanasi@example.net');
INSERT INTO nurse_phone (AMKA, phone_number) VALUES ('1210752839', '+30 6945 153413');
INSERT INTO nurse_phone (AMKA, phone_number) VALUES ('1210752839', '2530 400104');
INSERT INTO nurse (AMKA, first_name, middle_name, last_name, date_of_birth, date_of_employment, rank, dept_name) VALUES ('0612989649', 'Ζήνων', 'Χριστόδουλος', 'Σκούμπρου', '1998-12-06', '2023-07-15', 'Βοηθός Νοσηλευτή', 'General surgery');
INSERT INTO nurse_email (AMKA, email_address) VALUES ('0612989649', 'achilleas68@example.org');
INSERT INTO nurse_phone (AMKA, phone_number) VALUES ('0612989649', '+302184299445');
INSERT INTO nurse_phone (AMKA, phone_number) VALUES ('0612989649', '+302875135741');
INSERT INTO nurse_phone (AMKA, phone_number) VALUES ('0612989649', '2100261652');
INSERT INTO nurse (AMKA, first_name, middle_name, last_name, date_of_birth, date_of_employment, rank, dept_name) VALUES ('0412793251', 'Σταμάτιος', NULL, 'Λιολιοπούλου', '1979-12-04', '2024-08-26', 'Προϊστάμενος', 'Urology');
INSERT INTO nurse_email (AMKA, email_address) VALUES ('0412793251', 'ntrompouki@example.org');
INSERT INTO nurse_email (AMKA, email_address) VALUES ('0412793251', 'eusevios.sofra@example.com');
INSERT INTO nurse_phone (AMKA, phone_number) VALUES ('0412793251', '(+30) 2578 856153');
INSERT INTO nurse (AMKA, first_name, middle_name, last_name, date_of_birth, date_of_employment, rank, dept_name) VALUES ('0201878050', 'Επαμεινώνδας', NULL, 'Πισχινάς', '1987-01-02', '2008-08-17', 'Προϊστάμενος', 'Gynaecology');
INSERT INTO nurse_email (AMKA, email_address) VALUES ('0201878050', 'mauros.anastopoulos@example.net');
INSERT INTO nurse_email (AMKA, email_address) VALUES ('0201878050', 'lgrigoropoulos@example.org');
INSERT INTO nurse_phone (AMKA, phone_number) VALUES ('0201878050', '6941 468 410');
INSERT INTO nurse_phone (AMKA, phone_number) VALUES ('0201878050', '(+30) 6930 623247');
INSERT INTO nurse_phone (AMKA, phone_number) VALUES ('0201878050', '(+30) 6999 647094');
INSERT INTO nurse (AMKA, first_name, middle_name, last_name, date_of_birth, date_of_employment, rank, dept_name) VALUES ('1005529092', 'Δημήτρης', NULL, 'Τζήκας', '1952-05-10', '1992-05-15', 'Νοσηλευτής', 'Psychiatry');
INSERT INTO nurse_email (AMKA, email_address) VALUES ('1005529092', 'giannopoulou.taxiarchos@example.net');
INSERT INTO nurse_email (AMKA, email_address) VALUES ('1005529092', 'viktoria.raptis@example.com');
INSERT INTO nurse_phone (AMKA, phone_number) VALUES ('1005529092', '6953 671 930');
INSERT INTO nurse_phone (AMKA, phone_number) VALUES ('1005529092', '2880990149');
INSERT INTO nurse (AMKA, first_name, middle_name, last_name, date_of_birth, date_of_employment, rank, dept_name) VALUES ('1104820571', 'Ηράκλεια', NULL, 'Γιαννακόπουλος', '1982-04-11', '2012-03-02', 'Νοσηλευτής', 'Neurology');
INSERT INTO nurse_email (AMKA, email_address) VALUES ('1104820571', 'ioulios.mpaltzis@example.org');
INSERT INTO nurse_phone (AMKA, phone_number) VALUES ('1104820571', '6975372530');
INSERT INTO nurse_phone (AMKA, phone_number) VALUES ('1104820571', '2450 843 964');
INSERT INTO nurse_phone (AMKA, phone_number) VALUES ('1104820571', '2108455648');
INSERT INTO nurse (AMKA, first_name, middle_name, last_name, date_of_birth, date_of_employment, rank, dept_name) VALUES ('3004641635', 'Θεοφάνης', NULL, 'Μπαλανίκα', '1964-04-30', '1989-11-23', 'Νοσηλευτής', 'Gynaecology');
INSERT INTO nurse_email (AMKA, email_address) VALUES ('3004641635', 'christofora21@example.org');
INSERT INTO nurse_phone (AMKA, phone_number) VALUES ('3004641635', '6947377070');
INSERT INTO nurse_phone (AMKA, phone_number) VALUES ('3004641635', '2380305338');
INSERT INTO nurse_phone (AMKA, phone_number) VALUES ('3004641635', '2816050349');
INSERT INTO nurse (AMKA, first_name, middle_name, last_name, date_of_birth, date_of_employment, rank, dept_name) VALUES ('2704464646', 'Ζωή', NULL, 'Τσικρίκα', '1946-04-27', '1980-10-14', 'Προϊστάμενος', 'Gastroenterology');
INSERT INTO nurse_email (AMKA, email_address) VALUES ('2704464646', 'xiros.fotios@example.com');
INSERT INTO nurse_email (AMKA, email_address) VALUES ('2704464646', 'hziros@example.org');
INSERT INTO nurse_phone (AMKA, phone_number) VALUES ('2704464646', '2960 667881');
INSERT INTO nurse_phone (AMKA, phone_number) VALUES ('2704464646', '6975 496009');
INSERT INTO nurse (AMKA, first_name, middle_name, last_name, date_of_birth, date_of_employment, rank, dept_name) VALUES ('1808626992', 'Αικατερίνη', NULL, 'Βαλιάκα', '1962-08-18', '2007-01-23', 'Προϊστάμενος', 'Inpatient Department (IPD)');
INSERT INTO nurse_email (AMKA, email_address) VALUES ('1808626992', 'amfitriti32@example.com');
INSERT INTO nurse_phone (AMKA, phone_number) VALUES ('1808626992', '210 2496343');
INSERT INTO nurse_phone (AMKA, phone_number) VALUES ('1808626992', '6973 266303');
INSERT INTO nurse (AMKA, first_name, middle_name, last_name, date_of_birth, date_of_employment, rank, dept_name) VALUES ('0407765594', 'Αριάδνη', NULL, 'Γαλάνη', '1976-07-04', '2003-04-13', 'Προϊστάμενος', 'Operating theatre (OT)');
INSERT INTO nurse_email (AMKA, email_address) VALUES ('0407765594', 'amvrosia15@example.net');
INSERT INTO nurse_phone (AMKA, phone_number) VALUES ('0407765594', '6983 678 663');
INSERT INTO nurse_phone (AMKA, phone_number) VALUES ('0407765594', '2802095068');
INSERT INTO nurse_phone (AMKA, phone_number) VALUES ('0407765594', '210 8961176');
INSERT INTO nurse (AMKA, first_name, middle_name, last_name, date_of_birth, date_of_employment, rank, dept_name) VALUES ('0907972518', 'Κυριαζής', NULL, 'Βακουφτσή', '1997-07-09', '2019-01-16', 'Βοηθός Νοσηλευτή', 'Anesthesiology');
INSERT INTO nurse_email (AMKA, email_address) VALUES ('0907972518', 'iraklis73@example.com');
INSERT INTO nurse_email (AMKA, email_address) VALUES ('0907972518', 'vavasi.asimina@example.org');
INSERT INTO nurse_phone (AMKA, phone_number) VALUES ('0907972518', '2213037871');
INSERT INTO nurse (AMKA, first_name, middle_name, last_name, date_of_birth, date_of_employment, rank, dept_name) VALUES ('3101766130', 'Ελένη', NULL, 'Γεωργακόπουλος', '1976-01-31', '1995-07-17', 'Βοηθός Νοσηλευτή', 'Gynaecology');
INSERT INTO nurse_email (AMKA, email_address) VALUES ('3101766130', 'mauraeidi.theodora@example.net');
INSERT INTO nurse_phone (AMKA, phone_number) VALUES ('3101766130', '6944 190 528');
INSERT INTO nurse (AMKA, first_name, middle_name, last_name, date_of_birth, date_of_employment, rank, dept_name) VALUES ('1308752778', 'Δήμητρα', NULL, 'Δουλγεράκης', '1975-08-13', '2021-07-30', 'Βοηθός Νοσηλευτή', 'Operating theatre (OT)');
INSERT INTO nurse_email (AMKA, email_address) VALUES ('1308752778', 'mkampakas@example.com');
INSERT INTO nurse_email (AMKA, email_address) VALUES ('1308752778', 'kleopas.giasimakis@example.com');
INSERT INTO nurse_phone (AMKA, phone_number) VALUES ('1308752778', '(+30) 6935 939049');
INSERT INTO nurse_phone (AMKA, phone_number) VALUES ('1308752778', '2031011966');
INSERT INTO nurse (AMKA, first_name, middle_name, last_name, date_of_birth, date_of_employment, rank, dept_name) VALUES ('1403610713', 'Λουδοβίκος', NULL, 'Μηλιώρης', '1961-03-14', '2011-07-21', 'Προϊστάμενος', 'Operating theatre (OT)');
INSERT INTO nurse_email (AMKA, email_address) VALUES ('1403610713', 'iatropoulos.eusevios@example.com');
INSERT INTO nurse_email (AMKA, email_address) VALUES ('1403610713', 'kanavos.filomila@example.net');
INSERT INTO nurse_phone (AMKA, phone_number) VALUES ('1403610713', '2899049519');
INSERT INTO nurse_phone (AMKA, phone_number) VALUES ('1403610713', '2790 815201');
INSERT INTO nurse (AMKA, first_name, middle_name, last_name, date_of_birth, date_of_employment, rank, dept_name) VALUES ('0706813720', 'Τζανέτος', NULL, 'Τσαμασλίδης', '1981-06-07', '2006-05-26', 'Βοηθός Νοσηλευτή', 'Cardiology');
INSERT INTO nurse_email (AMKA, email_address) VALUES ('0706813720', 'apostolos13@example.org');
INSERT INTO nurse_email (AMKA, email_address) VALUES ('0706813720', 'kouklatzis.michaela@example.org');
INSERT INTO nurse_phone (AMKA, phone_number) VALUES ('0706813720', '2108503563');
INSERT INTO nurse_phone (AMKA, phone_number) VALUES ('0706813720', '6935 899 695');
INSERT INTO nurse_phone (AMKA, phone_number) VALUES ('0706813720', '6907456280');
INSERT INTO nurse (AMKA, first_name, middle_name, last_name, date_of_birth, date_of_employment, rank, dept_name) VALUES ('1604513215', 'Κλέαρχος', NULL, 'Μπίκα', '1951-04-16', '1999-08-19', 'Προϊστάμενος', 'Outpatient Department (OPD)');
INSERT INTO nurse_email (AMKA, email_address) VALUES ('1604513215', 'epistimi92@example.net');
INSERT INTO nurse_phone (AMKA, phone_number) VALUES ('1604513215', '2106795407');
INSERT INTO nurse_phone (AMKA, phone_number) VALUES ('1604513215', '210 291 2846');
INSERT INTO nurse_phone (AMKA, phone_number) VALUES ('1604513215', '6997 036444');
INSERT INTO nurse (AMKA, first_name, middle_name, last_name, date_of_birth, date_of_employment, rank, dept_name) VALUES ('2604879705', 'Νικολίτσα', NULL, 'Ορφανάκης', '1987-04-26', '2022-06-24', 'Βοηθός Νοσηλευτή', 'Gastroenterology');
INSERT INTO nurse_email (AMKA, email_address) VALUES ('2604879705', 'vyron.kioupliotis@example.com');
INSERT INTO nurse_email (AMKA, email_address) VALUES ('2604879705', 'othon.papagiannopoulos@example.org');
INSERT INTO nurse_phone (AMKA, phone_number) VALUES ('2604879705', '(+30) 2704 076714');
INSERT INTO nurse (AMKA, first_name, middle_name, last_name, date_of_birth, date_of_employment, rank, dept_name) VALUES ('1806532334', 'Κρυσταλλένια', NULL, 'Σδραλλής', '1953-06-18', '1986-07-24', 'Βοηθός Νοσηλευτή', 'Intensive care unit (ICU)');
INSERT INTO nurse_email (AMKA, email_address) VALUES ('1806532334', 'mitsopoulos.akrivi@example.org');
INSERT INTO nurse_email (AMKA, email_address) VALUES ('1806532334', 'onasiopoulos@example.net');
INSERT INTO nurse_phone (AMKA, phone_number) VALUES ('1806532334', '2030516161');
INSERT INTO nurse (AMKA, first_name, middle_name, last_name, date_of_birth, date_of_employment, rank, dept_name) VALUES ('2403611622', 'Τσαμπίκος', 'Ανατολή', 'Ξηροδήμα', '1961-03-24', '1982-12-01', 'Νοσηλευτής', 'Gastroenterology');
INSERT INTO nurse_email (AMKA, email_address) VALUES ('2403611622', 'theodosiou.achilleia@example.com');
INSERT INTO nurse_phone (AMKA, phone_number) VALUES ('2403611622', '2600 684258');
INSERT INTO nurse_phone (AMKA, phone_number) VALUES ('2403611622', '2640 107771');
INSERT INTO nurse_phone (AMKA, phone_number) VALUES ('2403611622', '6927 103233');
INSERT INTO nurse (AMKA, first_name, middle_name, last_name, date_of_birth, date_of_employment, rank, dept_name) VALUES ('2106697427', 'Φαίδρα', NULL, 'Πουλιέζος', '1969-06-21', '2000-04-28', 'Βοηθός Νοσηλευτή', 'Urology');
INSERT INTO nurse_email (AMKA, email_address) VALUES ('2106697427', 'mmparkouta@example.net');
INSERT INTO nurse_phone (AMKA, phone_number) VALUES ('2106697427', '2210732373');
INSERT INTO nurse (AMKA, first_name, middle_name, last_name, date_of_birth, date_of_employment, rank, dept_name) VALUES ('1908566470', 'Λέανδρος', NULL, 'Κοφινάκη', '1956-08-19', '1977-03-18', 'Νοσηλευτής', 'Urology');
INSERT INTO nurse_email (AMKA, email_address) VALUES ('1908566470', 'theano64@example.com');
INSERT INTO nurse_phone (AMKA, phone_number) VALUES ('1908566470', '6917718486');
INSERT INTO nurse_phone (AMKA, phone_number) VALUES ('1908566470', '2010 139530');
INSERT INTO nurse (AMKA, first_name, middle_name, last_name, date_of_birth, date_of_employment, rank, dept_name) VALUES ('1510663927', 'Υάκινθος', NULL, 'Σαπρίκη', '1966-10-15', '1991-09-20', 'Βοηθός Νοσηλευτή', 'Operating theatre (OT)');
INSERT INTO nurse_email (AMKA, email_address) VALUES ('1510663927', 'aaslanidou@example.net');
INSERT INTO nurse_phone (AMKA, phone_number) VALUES ('1510663927', '210 390 8346');
INSERT INTO nurse_phone (AMKA, phone_number) VALUES ('1510663927', '2389006084');
INSERT INTO nurse (AMKA, first_name, middle_name, last_name, date_of_birth, date_of_employment, rank, dept_name) VALUES ('0609636680', 'Βασίλειος', NULL, 'Χατζηγεωργίου', '1963-09-06', '2022-05-30', 'Προϊστάμενος', 'Outpatient Department (OPD)');
INSERT INTO nurse_email (AMKA, email_address) VALUES ('0609636680', 'tryfonia49@example.org');
INSERT INTO nurse_email (AMKA, email_address) VALUES ('0609636680', 'karanasiou.nektarios@example.com');
INSERT INTO nurse_phone (AMKA, phone_number) VALUES ('0609636680', '6973326534');
INSERT INTO nurse (AMKA, first_name, middle_name, last_name, date_of_birth, date_of_employment, rank, dept_name) VALUES ('2906456566', 'Ερμιόνη', NULL, 'Αναστασόπουλος', '1945-06-29', '1995-02-11', 'Προϊστάμενος', 'Inpatient Department (IPD)');
INSERT INTO nurse_email (AMKA, email_address) VALUES ('2906456566', 'panagia.apostolakakis@example.net');
INSERT INTO nurse_phone (AMKA, phone_number) VALUES ('2906456566', '2825036740');
INSERT INTO nurse (AMKA, first_name, middle_name, last_name, date_of_birth, date_of_employment, rank, dept_name) VALUES ('1806981284', 'Ελευθερία', NULL, 'Καραμπίνα', '1998-06-18', '2020-01-16', 'Βοηθός Νοσηλευτή', 'Opthalmology');
INSERT INTO nurse_email (AMKA, email_address) VALUES ('1806981284', 'lygeri.mplanas@example.com');
INSERT INTO nurse_phone (AMKA, phone_number) VALUES ('1806981284', '2340 800973');
INSERT INTO nurse_phone (AMKA, phone_number) VALUES ('1806981284', '6973 780 352');
INSERT INTO nurse (AMKA, first_name, middle_name, last_name, date_of_birth, date_of_employment, rank, dept_name) VALUES ('0710837433', 'Σεραφείμ', NULL, 'Νάντσου', '1983-10-07', '2018-03-12', 'Νοσηλευτής', 'Cardiology');
INSERT INTO nurse_email (AMKA, email_address) VALUES ('0710837433', 'masgalas.odysseia@example.com');
INSERT INTO nurse_phone (AMKA, phone_number) VALUES ('0710837433', '6933777264');
INSERT INTO nurse_phone (AMKA, phone_number) VALUES ('0710837433', '210 4607269');
INSERT INTO nurse (AMKA, first_name, middle_name, last_name, date_of_birth, date_of_employment, rank, dept_name) VALUES ('3105850934', 'Πολυχρόνιος', NULL, 'Βαΐου', '1985-05-31', '2003-06-08', 'Βοηθός Νοσηλευτή', 'Gynaecology');
INSERT INTO nurse_email (AMKA, email_address) VALUES ('3105850934', 'artemisia.fountzoulas@example.org');
INSERT INTO nurse_phone (AMKA, phone_number) VALUES ('3105850934', '2340 192392');
INSERT INTO nurse_phone (AMKA, phone_number) VALUES ('3105850934', '(+30) 6992 658547');
INSERT INTO nurse_phone (AMKA, phone_number) VALUES ('3105850934', '210 371 1585');
INSERT INTO nurse (AMKA, first_name, middle_name, last_name, date_of_birth, date_of_employment, rank, dept_name) VALUES ('2208482039', 'Έκτορας', NULL, 'Τσομώκος', '1948-08-22', '1981-02-20', 'Προϊστάμενος', 'Geriatric');
INSERT INTO nurse_email (AMKA, email_address) VALUES ('2208482039', 'theocharis.christoforos@example.net');
INSERT INTO nurse_email (AMKA, email_address) VALUES ('2208482039', 'knikolopoulos@example.net');
INSERT INTO nurse_phone (AMKA, phone_number) VALUES ('2208482039', '210 188 5240');
INSERT INTO nurse_phone (AMKA, phone_number) VALUES ('2208482039', '(+30) 2181 557119');
INSERT INTO nurse_phone (AMKA, phone_number) VALUES ('2208482039', '2646029331');
INSERT INTO nurse (AMKA, first_name, middle_name, last_name, date_of_birth, date_of_employment, rank, dept_name) VALUES ('1006547847', 'Χάρη', NULL, 'Φειδερόπουλος', '1954-06-10', '2013-10-18', 'Προϊστάμενος', 'Casualty');
INSERT INTO nurse_email (AMKA, email_address) VALUES ('1006547847', 'rtziaras@example.net');
INSERT INTO nurse_email (AMKA, email_address) VALUES ('1006547847', 'roditou.venetios@example.net');
INSERT INTO nurse_phone (AMKA, phone_number) VALUES ('1006547847', '6963 553 622');
INSERT INTO nurse (AMKA, first_name, middle_name, last_name, date_of_birth, date_of_employment, rank, dept_name) VALUES ('1505505773', 'Χρυσαυγή', NULL, 'Βαλκάνου', '1950-05-15', '1982-12-02', 'Νοσηλευτής', 'Pediatrics');
INSERT INTO nurse_email (AMKA, email_address) VALUES ('1505505773', 'vmanitarou@example.org');
INSERT INTO nurse_phone (AMKA, phone_number) VALUES ('1505505773', '+302068339063');
INSERT INTO nurse_phone (AMKA, phone_number) VALUES ('1505505773', '+30 2934 732903');
INSERT INTO nurse_phone (AMKA, phone_number) VALUES ('1505505773', '+30 2810 416836');
INSERT INTO nurse (AMKA, first_name, middle_name, last_name, date_of_birth, date_of_employment, rank, dept_name) VALUES ('2804859611', 'Λαυρεντία', NULL, 'Μπλιατσίου', '1985-04-28', '2012-10-10', 'Βοηθός Νοσηλευτή', 'Cardiology');
INSERT INTO nurse_email (AMKA, email_address) VALUES ('2804859611', 'aggeliki.mauridou@example.org');
INSERT INTO nurse_phone (AMKA, phone_number) VALUES ('2804859611', '2335000148');
INSERT INTO nurse_phone (AMKA, phone_number) VALUES ('2804859611', '210 731 3871');
INSERT INTO nurse (AMKA, first_name, middle_name, last_name, date_of_birth, date_of_employment, rank, dept_name) VALUES ('2411954432', 'Δημήτριος', NULL, 'Νάστος', '1995-11-24', '2021-04-06', 'Βοηθός Νοσηλευτή', 'Anesthesiology');
INSERT INTO nurse_email (AMKA, email_address) VALUES ('2411954432', 'uakalidis@example.net');
INSERT INTO nurse_email (AMKA, email_address) VALUES ('2411954432', 'asimina.chatzopoulos@example.com');
INSERT INTO nurse_phone (AMKA, phone_number) VALUES ('2411954432', '2333066362');
INSERT INTO nurse (AMKA, first_name, middle_name, last_name, date_of_birth, date_of_employment, rank, dept_name) VALUES ('1908647470', 'Ερμιόνη', NULL, 'Ραχωβίτσας', '1964-08-19', '1983-02-04', 'Βοηθός Νοσηλευτή', 'General surgery');
INSERT INTO nurse_email (AMKA, email_address) VALUES ('1908647470', 'moros.chrysostomos@example.org');
INSERT INTO nurse_phone (AMKA, phone_number) VALUES ('1908647470', '6918 286370');
INSERT INTO nurse_phone (AMKA, phone_number) VALUES ('1908647470', '2968009119');
INSERT INTO nurse (AMKA, first_name, middle_name, last_name, date_of_birth, date_of_employment, rank, dept_name) VALUES ('1711760995', 'Ρόζα', NULL, 'Φραγκουδάκη', '1976-11-17', '1996-12-26', 'Προϊστάμενος', 'Geriatric');
INSERT INTO nurse_email (AMKA, email_address) VALUES ('1711760995', 'io.roditou@example.org');
INSERT INTO nurse_email (AMKA, email_address) VALUES ('1711760995', 'olga80@example.net');
INSERT INTO nurse_phone (AMKA, phone_number) VALUES ('1711760995', '+30 2855 458817');
INSERT INTO nurse_phone (AMKA, phone_number) VALUES ('1711760995', '+306994615106');
INSERT INTO nurse_phone (AMKA, phone_number) VALUES ('1711760995', '6987 872 769');
INSERT INTO nurse (AMKA, first_name, middle_name, last_name, date_of_birth, date_of_employment, rank, dept_name) VALUES ('1801437951', 'Ζαχαρούλα', 'Σαμουήλ', 'Σεβαστού', '1943-01-18', '1984-11-25', 'Νοσηλευτής', 'Opthalmology');
INSERT INTO nurse_email (AMKA, email_address) VALUES ('1801437951', 'dimitrios.solakoudis@example.org');
INSERT INTO nurse_phone (AMKA, phone_number) VALUES ('1801437951', '210 6755224');
INSERT INTO nurse (AMKA, first_name, middle_name, last_name, date_of_birth, date_of_employment, rank, dept_name) VALUES ('0804762436', 'Ροδάνθη', NULL, 'Σγουρός', '1976-04-08', '2007-08-28', 'Προϊστάμενος', 'Neurology');
INSERT INTO nurse_email (AMKA, email_address) VALUES ('0804762436', 'triantafyllos73@example.net');
INSERT INTO nurse_phone (AMKA, phone_number) VALUES ('0804762436', '210 2566507');
INSERT INTO nurse_phone (AMKA, phone_number) VALUES ('0804762436', '210 2727988');
INSERT INTO nurse (AMKA, first_name, middle_name, last_name, date_of_birth, date_of_employment, rank, dept_name) VALUES ('2110703028', 'Πέτρα', NULL, 'Κονιάρη', '1970-10-21', '1998-07-24', 'Προϊστάμενος', 'Cardiology');
INSERT INTO nurse_email (AMKA, email_address) VALUES ('2110703028', 'pelopidas48@example.net');
INSERT INTO nurse_email (AMKA, email_address) VALUES ('2110703028', 'tchatzistaurakis@example.org');
INSERT INTO nurse_phone (AMKA, phone_number) VALUES ('2110703028', '25270 19 421');
INSERT INTO nurse_phone (AMKA, phone_number) VALUES ('2110703028', '+30 6905 157901');
INSERT INTO nurse_phone (AMKA, phone_number) VALUES ('2110703028', '210 860 7500');
INSERT INTO nurse (AMKA, first_name, middle_name, last_name, date_of_birth, date_of_employment, rank, dept_name) VALUES ('0410663790', 'Κωνσταντία', 'Νεκταρία', 'Δαΐκου', '1966-10-04', '1997-05-10', 'Νοσηλευτής', 'Intensive care unit (ICU)');
INSERT INTO nurse_email (AMKA, email_address) VALUES ('0410663790', 'chionia96@example.net');
INSERT INTO nurse_phone (AMKA, phone_number) VALUES ('0410663790', '(+30) 6991 208406');
INSERT INTO nurse_phone (AMKA, phone_number) VALUES ('0410663790', '2109563554');
INSERT INTO nurse (AMKA, first_name, middle_name, last_name, date_of_birth, date_of_employment, rank, dept_name) VALUES ('1008771252', 'Τριαντάφυλλος', 'Βλασία', 'Κατσαμάνης', '1977-08-10', '2004-11-03', 'Προϊστάμενος', 'Anesthesiology');
INSERT INTO nurse_email (AMKA, email_address) VALUES ('1008771252', 'alkinoi31@example.org');
INSERT INTO nurse_phone (AMKA, phone_number) VALUES ('1008771252', '+306921977642');
INSERT INTO nurse_phone (AMKA, phone_number) VALUES ('1008771252', '21600 64 412');
INSERT INTO nurse_phone (AMKA, phone_number) VALUES ('1008771252', '2730 133523');
INSERT INTO administrative_staff (AMKA, first_name, middle_name, last_name, date_of_birth, date_of_employment, role, office, dept_name) VALUES ('2604773268', 'Αύγουστος', NULL, 'Τσικρίκα', '1977-04-26', '2004-05-29', 'Γραμματεία', '664', 'Pediatrics');
INSERT INTO admin_email (AMKA, email_address) VALUES ('2604773268', 'vfrogakis@example.org');
INSERT INTO admin_email (AMKA, email_address) VALUES ('2604773268', 'hkiousis@example.com');
INSERT INTO admin_phone (AMKA, phone_number) VALUES ('2604773268', '2308034127');
INSERT INTO admin_phone (AMKA, phone_number) VALUES ('2604773268', '2340 453340');
INSERT INTO administrative_staff (AMKA, first_name, middle_name, last_name, date_of_birth, date_of_employment, role, office, dept_name) VALUES ('0703960983', 'Εύα', NULL, 'Χατζηβλασίου', '1996-03-07', '2020-07-08', 'Ανθρώπινο Δυναμικό', '47-88', 'ENT');
INSERT INTO admin_email (AMKA, email_address) VALUES ('0703960983', 'vmytari@example.com');
INSERT INTO admin_email (AMKA, email_address) VALUES ('0703960983', 'xirodima.eustratios@example.org');
INSERT INTO admin_phone (AMKA, phone_number) VALUES ('0703960983', '6937 900854');
INSERT INTO administrative_staff (AMKA, first_name, middle_name, last_name, date_of_birth, date_of_employment, role, office, dept_name) VALUES ('1711552309', 'Χρυσοβαλάντου', NULL, 'Χονδρούδη', '1955-11-17', '1985-10-16', 'Ανθρώπινο Δυναμικό', '03', 'Pediatrics');
INSERT INTO admin_email (AMKA, email_address) VALUES ('1711552309', 'venizelos99@example.com');
INSERT INTO admin_email (AMKA, email_address) VALUES ('1711552309', 'charalampia.gousios@example.com');
INSERT INTO admin_phone (AMKA, phone_number) VALUES ('1711552309', '6933 394 213');
INSERT INTO admin_phone (AMKA, phone_number) VALUES ('1711552309', '6975 216209');
INSERT INTO admin_phone (AMKA, phone_number) VALUES ('1711552309', '6981 939623');
INSERT INTO administrative_staff (AMKA, first_name, middle_name, last_name, date_of_birth, date_of_employment, role, office, dept_name) VALUES ('2703913336', 'Ευάγγελος', NULL, 'Κεφαλή', '1991-03-27', '2022-06-30', 'Γραμματεία', '5', 'Outpatient Department (OPD)');
INSERT INTO admin_email (AMKA, email_address) VALUES ('2703913336', 'dovas.eurydiki@example.com');
INSERT INTO admin_phone (AMKA, phone_number) VALUES ('2703913336', '210 702 7071');
INSERT INTO admin_phone (AMKA, phone_number) VALUES ('2703913336', '6928533578');
INSERT INTO admin_phone (AMKA, phone_number) VALUES ('2703913336', '210 9073760');
INSERT INTO administrative_staff (AMKA, first_name, middle_name, last_name, date_of_birth, date_of_employment, role, office, dept_name) VALUES ('0403889907', 'Ζαχαρούλα', NULL, 'Αναστασάκης', '1988-03-04', '2023-11-30', 'Τεχνική Υποστήριξη', '51-47', 'Casualty');
INSERT INTO admin_email (AMKA, email_address) VALUES ('0403889907', 'manos.iouliani@example.net');
INSERT INTO admin_email (AMKA, email_address) VALUES ('0403889907', 'thaleia.kakka@example.net');
INSERT INTO admin_phone (AMKA, phone_number) VALUES ('0403889907', '+306963559889');
INSERT INTO admin_phone (AMKA, phone_number) VALUES ('0403889907', '210 129 8213');
INSERT INTO admin_phone (AMKA, phone_number) VALUES ('0403889907', '2510105830');
INSERT INTO administrative_staff (AMKA, first_name, middle_name, last_name, date_of_birth, date_of_employment, role, office, dept_name) VALUES ('1209746373', 'Παύλος', NULL, 'Στεφάνου', '1974-09-12', '2014-06-15', 'Τεχνική Υποστήριξη', '88', 'General surgery');
INSERT INTO admin_email (AMKA, email_address) VALUES ('1209746373', 'jthomakou@example.org');
INSERT INTO admin_email (AMKA, email_address) VALUES ('1209746373', 'filippia.tsanaka@example.net');
INSERT INTO admin_phone (AMKA, phone_number) VALUES ('1209746373', '2448011704');
INSERT INTO administrative_staff (AMKA, first_name, middle_name, last_name, date_of_birth, date_of_employment, role, office, dept_name) VALUES ('2103717007', 'Ειρηναίος', NULL, 'Μαυρουδής', '1971-03-21', '1996-06-23', 'Τεχνική Υποστήριξη', '1', 'Gynaecology');
INSERT INTO admin_email (AMKA, email_address) VALUES ('2103717007', 'xanthi80@example.net');
INSERT INTO admin_email (AMKA, email_address) VALUES ('2103717007', 'vasileia.kourlou@example.net');
INSERT INTO admin_phone (AMKA, phone_number) VALUES ('2103717007', '+30 2827 482325');
INSERT INTO administrative_staff (AMKA, first_name, middle_name, last_name, date_of_birth, date_of_employment, role, office, dept_name) VALUES ('3108581021', 'Φωτεινός', NULL, 'Αμπατζιάνης', '1958-08-31', '1980-03-12', 'Ανθρώπινο Δυναμικό', '68', 'General surgery');
INSERT INTO admin_email (AMKA, email_address) VALUES ('3108581021', 'mgeorgoula@example.com');
INSERT INTO admin_email (AMKA, email_address) VALUES ('3108581021', 'pandora65@example.net');
INSERT INTO admin_phone (AMKA, phone_number) VALUES ('3108581021', '2304049439');
INSERT INTO admin_phone (AMKA, phone_number) VALUES ('3108581021', '2530 718528');
INSERT INTO administrative_staff (AMKA, first_name, middle_name, last_name, date_of_birth, date_of_employment, role, office, dept_name) VALUES ('2811646141', 'Εριέτα', NULL, 'Κώττας', '1964-11-28', '2010-07-25', 'Γραμματεία', '1', 'Psychiatry');
INSERT INTO admin_email (AMKA, email_address) VALUES ('2811646141', 'dpantazis@example.org');
INSERT INTO admin_email (AMKA, email_address) VALUES ('2811646141', 'kdimopoulou@example.org');
INSERT INTO admin_phone (AMKA, phone_number) VALUES ('2811646141', '6966 238 879');
INSERT INTO admin_phone (AMKA, phone_number) VALUES ('2811646141', '(+30) 2900 279649');
INSERT INTO admin_phone (AMKA, phone_number) VALUES ('2811646141', '+306983064072');
INSERT INTO administrative_staff (AMKA, first_name, middle_name, last_name, date_of_birth, date_of_employment, role, office, dept_name) VALUES ('1503705648', 'Ειρήνη', 'Χιονιά', 'Γρετός', '1970-03-15', '1988-03-20', 'Λογιστήριο', '9', 'Psychiatry');
INSERT INTO admin_email (AMKA, email_address) VALUES ('1503705648', 'ivi08@example.net');
INSERT INTO admin_phone (AMKA, phone_number) VALUES ('1503705648', '+30 2144 043192');
INSERT INTO administrative_staff (AMKA, first_name, middle_name, last_name, date_of_birth, date_of_employment, role, office, dept_name) VALUES ('1805714774', 'Κοκκώνα', NULL, 'Δρακουλή', '1971-05-18', '1991-06-20', 'Ανθρώπινο Δυναμικό', '33-11', 'General surgery');
INSERT INTO admin_email (AMKA, email_address) VALUES ('1805714774', 'paraskeuas.akriotis@example.org');
INSERT INTO admin_phone (AMKA, phone_number) VALUES ('1805714774', '6969 861646');
INSERT INTO administrative_staff (AMKA, first_name, middle_name, last_name, date_of_birth, date_of_employment, role, office, dept_name) VALUES ('0707666244', 'Πάρις', 'Ελευθερία', 'Δόβας', '1966-07-07', '2021-05-12', 'Γραμματεία', '910', 'Gastroenterology');
INSERT INTO admin_email (AMKA, email_address) VALUES ('0707666244', 'perikleia.saltaouras@example.net');
INSERT INTO admin_phone (AMKA, phone_number) VALUES ('0707666244', '6984 996384');
INSERT INTO administrative_staff (AMKA, first_name, middle_name, last_name, date_of_birth, date_of_employment, role, office, dept_name) VALUES ('0812426773', 'Ευστάθιος', NULL, 'Καρατζίκος', '1942-12-08', '1992-08-08', 'Γραμματεία', '931-212', 'Pediatrics');
INSERT INTO admin_email (AMKA, email_address) VALUES ('0812426773', 'rafail72@example.com');
INSERT INTO admin_phone (AMKA, phone_number) VALUES ('0812426773', '+306963119076');
INSERT INTO administrative_staff (AMKA, first_name, middle_name, last_name, date_of_birth, date_of_employment, role, office, dept_name) VALUES ('0102594389', 'Ευμορφία', NULL, 'Πουρνάρα', '1959-02-01', '1995-07-22', 'Λογιστήριο', '07-67', 'Operating theatre (OT)');
INSERT INTO admin_email (AMKA, email_address) VALUES ('0102594389', 'chrysanthi.skrimpas@example.com');
INSERT INTO admin_email (AMKA, email_address) VALUES ('0102594389', 'gretos.minerva@example.com');
INSERT INTO admin_phone (AMKA, phone_number) VALUES ('0102594389', '2450805935');
INSERT INTO admin_phone (AMKA, phone_number) VALUES ('0102594389', '+30 2739 472742');
INSERT INTO administrative_staff (AMKA, first_name, middle_name, last_name, date_of_birth, date_of_employment, role, office, dept_name) VALUES ('0605578164', 'Θέκλα', NULL, 'Βαζούρα', '1957-05-06', '2009-04-23', 'Γραμματεία', '678', 'Gastroenterology');
INSERT INTO admin_email (AMKA, email_address) VALUES ('0605578164', 'valentinos08@example.org');
INSERT INTO admin_email (AMKA, email_address) VALUES ('0605578164', 'marianthi.garoufalis@example.net');
INSERT INTO admin_phone (AMKA, phone_number) VALUES ('0605578164', '2280 021830');
INSERT INTO admin_phone (AMKA, phone_number) VALUES ('0605578164', '+302168760396');
INSERT INTO administrative_staff (AMKA, first_name, middle_name, last_name, date_of_birth, date_of_employment, role, office, dept_name) VALUES ('0810871867', 'Βασιλεία', NULL, 'Κατσιλλή', '1987-10-08', '2018-11-22', 'Λογιστήριο', '2', 'Orthopaedic');
INSERT INTO admin_email (AMKA, email_address) VALUES ('0810871867', 'dorotheos89@example.com');
INSERT INTO admin_email (AMKA, email_address) VALUES ('0810871867', 'leon.giannara@example.org');
INSERT INTO admin_phone (AMKA, phone_number) VALUES ('0810871867', '2690527180');
INSERT INTO admin_phone (AMKA, phone_number) VALUES ('0810871867', '+30 2530 018784');
INSERT INTO admin_phone (AMKA, phone_number) VALUES ('0810871867', '6969207609');
INSERT INTO administrative_staff (AMKA, first_name, middle_name, last_name, date_of_birth, date_of_employment, role, office, dept_name) VALUES ('0912742757', 'Βιργινία', NULL, 'Σαμαράς', '1974-12-09', '1998-08-23', 'Ανθρώπινο Δυναμικό', '533', 'Cardiology');
INSERT INTO admin_email (AMKA, email_address) VALUES ('0912742757', 'ioulia51@example.org');
INSERT INTO admin_email (AMKA, email_address) VALUES ('0912742757', 'lvarelidou@example.net');
INSERT INTO admin_phone (AMKA, phone_number) VALUES ('0912742757', '210 359 1654');
INSERT INTO admin_phone (AMKA, phone_number) VALUES ('0912742757', '2940 146 929');
INSERT INTO administrative_staff (AMKA, first_name, middle_name, last_name, date_of_birth, date_of_employment, role, office, dept_name) VALUES ('2309518917', 'Αγγελής', NULL, 'Μακρής', '1951-09-23', '1990-07-04', 'Ανθρώπινο Δυναμικό', '83', 'Cardiology');
INSERT INTO admin_email (AMKA, email_address) VALUES ('2309518917', 'etafrali@example.net');
INSERT INTO admin_email (AMKA, email_address) VALUES ('2309518917', 'solomon92@example.org');
INSERT INTO admin_phone (AMKA, phone_number) VALUES ('2309518917', '27680 45 266');
INSERT INTO administrative_staff (AMKA, first_name, middle_name, last_name, date_of_birth, date_of_employment, role, office, dept_name) VALUES ('1405405087', 'Ειρήνη', NULL, 'Καραμάνη', '1940-05-14', '1973-04-16', 'Λογιστήριο', '099-047', 'Haematology');
INSERT INTO admin_email (AMKA, email_address) VALUES ('1405405087', 'siranous.pouli@example.com');
INSERT INTO admin_phone (AMKA, phone_number) VALUES ('1405405087', '+302685076334');
INSERT INTO admin_phone (AMKA, phone_number) VALUES ('1405405087', '210 3021410');
INSERT INTO administrative_staff (AMKA, first_name, middle_name, last_name, date_of_birth, date_of_employment, role, office, dept_name) VALUES ('2408699743', 'Ρουμπίνη', 'Ζηναϊς', 'Τσιατής', '1969-08-24', '2013-04-09', 'Γραμματεία', '01', 'Neurology');
INSERT INTO admin_email (AMKA, email_address) VALUES ('2408699743', 'vartholomaios16@example.org');
INSERT INTO admin_email (AMKA, email_address) VALUES ('2408699743', 'fstravosnichis@example.com');
INSERT INTO admin_phone (AMKA, phone_number) VALUES ('2408699743', '+302146962044');
INSERT INTO administrative_staff (AMKA, first_name, middle_name, last_name, date_of_birth, date_of_employment, role, office, dept_name) VALUES ('0703651721', 'Αγγελική', NULL, 'Κατσαντώνης', '1965-03-07', '1995-04-22', 'Ανθρώπινο Δυναμικό', '206-524', 'Oncology');
INSERT INTO admin_email (AMKA, email_address) VALUES ('0703651721', 'kanella47@example.net');
INSERT INTO admin_email (AMKA, email_address) VALUES ('0703651721', 'violeta77@example.org');
INSERT INTO admin_phone (AMKA, phone_number) VALUES ('0703651721', '+30 6909 198923');
INSERT INTO administrative_staff (AMKA, first_name, middle_name, last_name, date_of_birth, date_of_employment, role, office, dept_name) VALUES ('1706440889', 'Χαράλαμπος', NULL, 'Πορφυριάδου', '1944-06-17', '1976-05-16', 'Λογιστήριο', '7', 'ENT');
INSERT INTO admin_email (AMKA, email_address) VALUES ('1706440889', 'thiresia65@example.com');
INSERT INTO admin_email (AMKA, email_address) VALUES ('1706440889', 'doulgeraki.grigorios@example.com');
INSERT INTO admin_phone (AMKA, phone_number) VALUES ('1706440889', '6919685056');
INSERT INTO admin_phone (AMKA, phone_number) VALUES ('1706440889', '+30 2437 611067');
INSERT INTO administrative_staff (AMKA, first_name, middle_name, last_name, date_of_birth, date_of_employment, role, office, dept_name) VALUES ('1105817332', 'Θωμάς', NULL, 'Ξηρός', '1981-05-11', '2001-12-13', 'Γραμματεία', '628', 'Anesthesiology');
INSERT INTO admin_email (AMKA, email_address) VALUES ('1105817332', 'dimokritos.tsamaslidis@example.net');
INSERT INTO admin_email (AMKA, email_address) VALUES ('1105817332', 'kleio90@example.com');
INSERT INTO admin_phone (AMKA, phone_number) VALUES ('1105817332', '210 8330874');
INSERT INTO administrative_staff (AMKA, first_name, middle_name, last_name, date_of_birth, date_of_employment, role, office, dept_name) VALUES ('2911528035', 'Κωστούλα', NULL, 'Καζανόπουλος', '1952-11-29', '1983-12-26', 'Λογιστήριο', '5', 'General surgery');
INSERT INTO admin_email (AMKA, email_address) VALUES ('2911528035', 'achilleas85@example.org');
INSERT INTO admin_email (AMKA, email_address) VALUES ('2911528035', 'fvyziinou@example.com');
INSERT INTO admin_phone (AMKA, phone_number) VALUES ('2911528035', '2430 574632');
INSERT INTO admin_phone (AMKA, phone_number) VALUES ('2911528035', '6980803751');
INSERT INTO administrative_staff (AMKA, first_name, middle_name, last_name, date_of_birth, date_of_employment, role, office, dept_name) VALUES ('0508766025', 'Βαγιανή', NULL, 'Γιαννόπουλος', '1976-08-05', '2016-06-30', 'Λογιστήριο', '3', 'ENT');
INSERT INTO admin_email (AMKA, email_address) VALUES ('0508766025', 'triantafylli.mastraggeli@example.net');
INSERT INTO admin_phone (AMKA, phone_number) VALUES ('0508766025', '210 984 9221');
INSERT INTO admin_phone (AMKA, phone_number) VALUES ('0508766025', '23740 10 173');
INSERT INTO administrative_staff (AMKA, first_name, middle_name, last_name, date_of_birth, date_of_employment, role, office, dept_name) VALUES ('2310523586', 'Σάρρα', NULL, 'Μαστρογιάννης', '1952-10-23', '1983-11-05', 'Λογιστήριο', '63', 'Haematology');
INSERT INTO admin_email (AMKA, email_address) VALUES ('2310523586', 'antipatros.kyriazis@example.net');
INSERT INTO admin_phone (AMKA, phone_number) VALUES ('2310523586', '+30 6941 737854');
INSERT INTO admin_phone (AMKA, phone_number) VALUES ('2310523586', '210 4742349');
INSERT INTO administrative_staff (AMKA, first_name, middle_name, last_name, date_of_birth, date_of_employment, role, office, dept_name) VALUES ('0201483619', 'Σεραφεία', NULL, 'Αυγουστής', '1948-01-02', '2000-01-03', 'Τεχνική Υποστήριξη', '964', 'ENT');
INSERT INTO admin_email (AMKA, email_address) VALUES ('0201483619', 'karyofyllia45@example.net');
INSERT INTO admin_email (AMKA, email_address) VALUES ('0201483619', 'thoukydidis.papadopoulos@example.org');
INSERT INTO admin_phone (AMKA, phone_number) VALUES ('0201483619', '2930 540073');
INSERT INTO admin_phone (AMKA, phone_number) VALUES ('0201483619', '24590 40 702');
INSERT INTO administrative_staff (AMKA, first_name, middle_name, last_name, date_of_birth, date_of_employment, role, office, dept_name) VALUES ('1510768908', 'Αριστέα', NULL, 'Γιαννακόπουλος', '1976-10-15', '2011-09-19', 'Λογιστήριο', '3', 'Anesthesiology');
INSERT INTO admin_email (AMKA, email_address) VALUES ('1510768908', 'eleutheriou.pagona@example.net');
INSERT INTO admin_phone (AMKA, phone_number) VALUES ('1510768908', '+30 2377 052728');
INSERT INTO admin_phone (AMKA, phone_number) VALUES ('1510768908', '210 971 6399');
INSERT INTO administrative_staff (AMKA, first_name, middle_name, last_name, date_of_birth, date_of_employment, role, office, dept_name) VALUES ('0405421061', 'Γαλάτιος', NULL, 'Τριαντακωνσταντής', '1942-05-04', '1962-06-15', 'Ανθρώπινο Δυναμικό', '1', 'Outpatient Department (OPD)');
INSERT INTO admin_email (AMKA, email_address) VALUES ('0405421061', 'christogianni.aidona@example.org');
INSERT INTO admin_phone (AMKA, phone_number) VALUES ('0405421061', '2530505001');
INSERT INTO administrative_staff (AMKA, first_name, middle_name, last_name, date_of_birth, date_of_employment, role, office, dept_name) VALUES ('1701751366', 'Ηώ', NULL, 'Αποστολάκη', '1975-01-17', '1995-07-08', 'Γραμματεία', '227', 'Anesthesiology');
INSERT INTO admin_email (AMKA, email_address) VALUES ('1701751366', 'wtziova@example.com');
INSERT INTO admin_email (AMKA, email_address) VALUES ('1701751366', 'papagiannis.thekla@example.org');
INSERT INTO admin_phone (AMKA, phone_number) VALUES ('1701751366', '2760 299662');
INSERT INTO admin_phone (AMKA, phone_number) VALUES ('1701751366', '2290479923');
INSERT INTO admin_phone (AMKA, phone_number) VALUES ('1701751366', '210 682 2910');
INSERT INTO administrative_staff (AMKA, first_name, middle_name, last_name, date_of_birth, date_of_employment, role, office, dept_name) VALUES ('2010445485', 'Βαρθολομαίος', NULL, 'Κορωνίδου', '1944-10-20', '1979-04-29', 'Ανθρώπινο Δυναμικό', '6', 'Cardiology');
INSERT INTO admin_email (AMKA, email_address) VALUES ('2010445485', 'galanopoulou.diamanto@example.net');
INSERT INTO admin_email (AMKA, email_address) VALUES ('2010445485', 'veronika.sempepou@example.net');
INSERT INTO admin_phone (AMKA, phone_number) VALUES ('2010445485', '+30 2214 905599');
INSERT INTO administrative_staff (AMKA, first_name, middle_name, last_name, date_of_birth, date_of_employment, role, office, dept_name) VALUES ('2901826359', 'Ουρανία', NULL, 'Χρυσίδης', '1982-01-29', '2026-02-19', 'Γραμματεία', '7', 'Outpatient Department (OPD)');
INSERT INTO admin_email (AMKA, email_address) VALUES ('2901826359', 'kalogiannaki.markella@example.com');
INSERT INTO admin_email (AMKA, email_address) VALUES ('2901826359', 'psychias.napoleon@example.com');
INSERT INTO admin_phone (AMKA, phone_number) VALUES ('2901826359', '+30 2018 266832');
INSERT INTO admin_phone (AMKA, phone_number) VALUES ('2901826359', '+302032242333');
INSERT INTO administrative_staff (AMKA, first_name, middle_name, last_name, date_of_birth, date_of_employment, role, office, dept_name) VALUES ('2605932179', 'Θαλασσινή', NULL, 'Κώττας', '1993-05-26', '2019-03-04', 'Τεχνική Υποστήριξη', '23', 'Outpatient Department (OPD)');
INSERT INTO admin_email (AMKA, email_address) VALUES ('2605932179', 'mauros.theodosiou@example.com');
INSERT INTO admin_email (AMKA, email_address) VALUES ('2605932179', 'ekremmydas@example.com');
INSERT INTO admin_phone (AMKA, phone_number) VALUES ('2605932179', '6993 311306');
INSERT INTO admin_phone (AMKA, phone_number) VALUES ('2605932179', '210 988 6223');
INSERT INTO administrative_staff (AMKA, first_name, middle_name, last_name, date_of_birth, date_of_employment, role, office, dept_name) VALUES ('0503752616', 'Πανωραία', NULL, 'Σπυριδάκη', '1975-03-05', '2021-09-29', 'Ανθρώπινο Δυναμικό', '07', 'Outpatient Department (OPD)');
INSERT INTO admin_email (AMKA, email_address) VALUES ('0503752616', 'pantazis05@example.net');
INSERT INTO admin_phone (AMKA, phone_number) VALUES ('0503752616', '2430 004 892');
INSERT INTO admin_phone (AMKA, phone_number) VALUES ('0503752616', '2107013177');
INSERT INTO administrative_staff (AMKA, first_name, middle_name, last_name, date_of_birth, date_of_employment, role, office, dept_name) VALUES ('0304601041', 'Γεράσιμος', 'Ηράκλεια', 'Μανιάτη', '1960-04-03', '1984-07-14', 'Ανθρώπινο Δυναμικό', '46', 'Outpatient Department (OPD)');
INSERT INTO admin_email (AMKA, email_address) VALUES ('0304601041', 'augi.lelekas@example.com');
INSERT INTO admin_email (AMKA, email_address) VALUES ('0304601041', 'esofianos@example.com');
INSERT INTO admin_phone (AMKA, phone_number) VALUES ('0304601041', '6947 650 651');
INSERT INTO admin_phone (AMKA, phone_number) VALUES ('0304601041', '210 8237435');
INSERT INTO admin_phone (AMKA, phone_number) VALUES ('0304601041', '2107866895');
INSERT INTO administrative_staff (AMKA, first_name, middle_name, last_name, date_of_birth, date_of_employment, role, office, dept_name) VALUES ('1907460463', 'Δίκαιος', NULL, 'Χουχουλής', '1946-07-19', '1993-01-02', 'Τεχνική Υποστήριξη', '72', 'Orthopaedic');
INSERT INTO admin_email (AMKA, email_address) VALUES ('1907460463', 'nektarios69@example.org');
INSERT INTO admin_email (AMKA, email_address) VALUES ('1907460463', 'ilia.ntotsi@example.net');
INSERT INTO admin_phone (AMKA, phone_number) VALUES ('1907460463', '+302725360841');
INSERT INTO admin_phone (AMKA, phone_number) VALUES ('1907460463', '+306960331667');
INSERT INTO admin_phone (AMKA, phone_number) VALUES ('1907460463', '6954 028589');
INSERT INTO administrative_staff (AMKA, first_name, middle_name, last_name, date_of_birth, date_of_employment, role, office, dept_name) VALUES ('0205901915', 'Λυδία', NULL, 'Παπαγεωργίου', '1990-05-02', '2023-08-13', 'Γραμματεία', '5', 'Haematology');
INSERT INTO admin_email (AMKA, email_address) VALUES ('0205901915', 'eufrosyni.varelidou@example.com');
INSERT INTO admin_phone (AMKA, phone_number) VALUES ('0205901915', '2310 316 132');
INSERT INTO admin_phone (AMKA, phone_number) VALUES ('0205901915', '(+30) 6973 211878');
INSERT INTO administrative_staff (AMKA, first_name, middle_name, last_name, date_of_birth, date_of_employment, role, office, dept_name) VALUES ('1907745998', 'Αντώνιος', NULL, 'Κασμιρλή', '1974-07-19', '2017-08-14', 'Τεχνική Υποστήριξη', '332', 'Intensive care unit (ICU)');
INSERT INTO admin_email (AMKA, email_address) VALUES ('1907745998', 'alexandros67@example.com');
INSERT INTO admin_phone (AMKA, phone_number) VALUES ('1907745998', '+306975358955');
INSERT INTO administrative_staff (AMKA, first_name, middle_name, last_name, date_of_birth, date_of_employment, role, office, dept_name) VALUES ('0706936645', 'Καλή', 'Ελισσαίος', 'Μπαλτζής', '1993-06-07', '2020-09-23', 'Τεχνική Υποστήριξη', '992', 'Inpatient Department (IPD)');
INSERT INTO admin_email (AMKA, email_address) VALUES ('0706936645', 'ykotsou@example.org');
INSERT INTO admin_phone (AMKA, phone_number) VALUES ('0706936645', '6966 293 960');
INSERT INTO administrative_staff (AMKA, first_name, middle_name, last_name, date_of_birth, date_of_employment, role, office, dept_name) VALUES ('1311799909', 'Ρεβέκκα', NULL, 'Νικουλής', '1979-11-13', '2009-11-08', 'Τεχνική Υποστήριξη', '3', 'Gastroenterology');
INSERT INTO admin_email (AMKA, email_address) VALUES ('1311799909', 'qalysandratou@example.org');
INSERT INTO admin_phone (AMKA, phone_number) VALUES ('1311799909', '2290239959');
INSERT INTO administrative_staff (AMKA, first_name, middle_name, last_name, date_of_birth, date_of_employment, role, office, dept_name) VALUES ('0505466886', 'Θέκλα', NULL, 'Κυρίτσης', '1946-05-05', '1969-12-19', 'Ανθρώπινο Δυναμικό', '8', 'Pediatrics');
INSERT INTO admin_email (AMKA, email_address) VALUES ('0505466886', 'kaneli.giorgos@example.com');
INSERT INTO admin_email (AMKA, email_address) VALUES ('0505466886', 'miranta.taularidou@example.com');
INSERT INTO admin_phone (AMKA, phone_number) VALUES ('0505466886', '+30 6932 788634');
INSERT INTO administrative_staff (AMKA, first_name, middle_name, last_name, date_of_birth, date_of_employment, role, office, dept_name) VALUES ('0601887396', 'Ιγνάτιος', NULL, 'Πουφτσής', '1988-01-06', '2012-08-04', 'Ανθρώπινο Δυναμικό', '076-958', 'Cardiology');
INSERT INTO admin_email (AMKA, email_address) VALUES ('0601887396', 'isidora23@example.org');
INSERT INTO admin_phone (AMKA, phone_number) VALUES ('0601887396', '210 3052801');
INSERT INTO admin_phone (AMKA, phone_number) VALUES ('0601887396', '2090 447 331');
INSERT INTO admin_phone (AMKA, phone_number) VALUES ('0601887396', '2270 400103');
INSERT INTO administrative_staff (AMKA, first_name, middle_name, last_name, date_of_birth, date_of_employment, role, office, dept_name) VALUES ('0810459550', 'Κωνσταντίνος', NULL, 'Πατμανίδης', '1945-10-08', '1965-12-20', 'Λογιστήριο', '71-43', 'Opthalmology');
INSERT INTO admin_email (AMKA, email_address) VALUES ('0810459550', 'bdimitropoulos@example.com');
INSERT INTO admin_email (AMKA, email_address) VALUES ('0810459550', 'despoina.georgiadou@example.net');
INSERT INTO admin_phone (AMKA, phone_number) VALUES ('0810459550', '6954604618');
INSERT INTO administrative_staff (AMKA, first_name, middle_name, last_name, date_of_birth, date_of_employment, role, office, dept_name) VALUES ('1910579614', 'Πέτρος', NULL, 'Εμμανουήλ', '1957-10-19', '1984-12-10', 'Γραμματεία', '02-49', 'Orthopaedic');
INSERT INTO admin_email (AMKA, email_address) VALUES ('1910579614', 'sarantinos.stergios@example.org');
INSERT INTO admin_phone (AMKA, phone_number) VALUES ('1910579614', '2330451398');
INSERT INTO admin_phone (AMKA, phone_number) VALUES ('1910579614', '+30 2151 606422');
INSERT INTO administrative_staff (AMKA, first_name, middle_name, last_name, date_of_birth, date_of_employment, role, office, dept_name) VALUES ('0205004029', 'Λάζαρος', NULL, 'Σκρέκας', '2000-05-02', '2024-08-31', 'Λογιστήριο', '063', 'Gynaecology');
INSERT INTO admin_email (AMKA, email_address) VALUES ('0205004029', 'ztsakmakis@example.org');
INSERT INTO admin_phone (AMKA, phone_number) VALUES ('0205004029', '20030 88 532');
INSERT INTO administrative_staff (AMKA, first_name, middle_name, last_name, date_of_birth, date_of_employment, role, office, dept_name) VALUES ('1109996077', 'Διονύσιος', NULL, 'Κεσαλίδης', '1999-09-11', '2024-07-18', 'Γραμματεία', '49', 'Pediatrics');
INSERT INTO admin_email (AMKA, email_address) VALUES ('1109996077', 'meropi76@example.com');
INSERT INTO admin_email (AMKA, email_address) VALUES ('1109996077', 'annika96@example.net');
INSERT INTO admin_phone (AMKA, phone_number) VALUES ('1109996077', '2104398629');
INSERT INTO admin_phone (AMKA, phone_number) VALUES ('1109996077', '+30 6949 766780');
INSERT INTO administrative_staff (AMKA, first_name, middle_name, last_name, date_of_birth, date_of_employment, role, office, dept_name) VALUES ('1403488687', 'Σάρρα', NULL, 'Μιχαλάρου', '1948-03-14', '1981-07-12', 'Ανθρώπινο Δυναμικό', '793-174', 'Oncology');
INSERT INTO admin_email (AMKA, email_address) VALUES ('1403488687', 'karamsalis.komninos@example.com');
INSERT INTO admin_phone (AMKA, phone_number) VALUES ('1403488687', '2340 944559');
INSERT INTO admin_phone (AMKA, phone_number) VALUES ('1403488687', '2104124610');
INSERT INTO administrative_staff (AMKA, first_name, middle_name, last_name, date_of_birth, date_of_employment, role, office, dept_name) VALUES ('2003866217', 'Στέλλα', 'Μεγακλής', 'Χανταμπή', '1986-03-20', '2013-08-30', 'Τεχνική Υποστήριξη', '70-63', 'Opthalmology');
INSERT INTO admin_email (AMKA, email_address) VALUES ('2003866217', 'ufanti.laskaris@example.org');
INSERT INTO admin_email (AMKA, email_address) VALUES ('2003866217', 'vasiliki46@example.com');
INSERT INTO admin_phone (AMKA, phone_number) VALUES ('2003866217', '6955 896 667');
INSERT INTO admin_phone (AMKA, phone_number) VALUES ('2003866217', '210 8152705');
INSERT INTO administrative_staff (AMKA, first_name, middle_name, last_name, date_of_birth, date_of_employment, role, office, dept_name) VALUES ('3009559307', 'Προδρομία', NULL, 'Μάστορας', '1955-09-30', '1986-09-19', 'Τεχνική Υποστήριξη', '342', 'Gynaecology');
INSERT INTO admin_email (AMKA, email_address) VALUES ('3009559307', 'vasileia.papandreou@example.net');
INSERT INTO admin_phone (AMKA, phone_number) VALUES ('3009559307', '6904 485766');
INSERT INTO admin_phone (AMKA, phone_number) VALUES ('3009559307', '2180 760146');
INSERT INTO admin_phone (AMKA, phone_number) VALUES ('3009559307', '2576063373');
INSERT INTO administrative_staff (AMKA, first_name, middle_name, last_name, date_of_birth, date_of_employment, role, office, dept_name) VALUES ('2303776978', 'Αχιλλέας', NULL, 'Τζαναβάρα', '1977-03-23', '1995-05-24', 'Ανθρώπινο Δυναμικό', '77', 'Pediatrics');
INSERT INTO admin_email (AMKA, email_address) VALUES ('2303776978', 'nassou.amvrosios@example.com');
INSERT INTO admin_phone (AMKA, phone_number) VALUES ('2303776978', '2090 454480');
INSERT INTO doctor (AMKA, first_name, middle_name, last_name, date_of_birth, date_of_employment, license_number, rank, supervisor_id) VALUES ('0202939499', 'Λουκάς', NULL, 'Κατσούλα', '1993-02-02', '2022-02-07', '3032861976', 'Διευθυντής', NULL);
INSERT INTO doctor_email (AMKA, email_address) VALUES ('0202939499', 'rchristaras@example.net');
INSERT INTO doctor_phone (AMKA, phone_number) VALUES ('0202939499', '6941360731');
INSERT INTO doctor_phone (AMKA, phone_number) VALUES ('0202939499', '+306944802539');
INSERT INTO doctor_phone (AMKA, phone_number) VALUES ('0202939499', '6963 793172');
INSERT INTO doctor_dept (AMKA, dept_name) VALUES ('0202939499', 'Neurology');
INSERT INTO doc_spec (AMKA, spec_code) VALUES ('0202939499', 'CG');
INSERT INTO doctor (AMKA, first_name, middle_name, last_name, date_of_birth, date_of_employment, license_number, rank, supervisor_id) VALUES ('1810910652', 'Χρυσαφένια', NULL, 'Χριστοπούλου', '1991-10-18', '2025-09-07', '6200028277', 'Διευθυντής', NULL);
INSERT INTO doctor_email (AMKA, email_address) VALUES ('1810910652', 'pelopidas22@example.net');
INSERT INTO doctor_phone (AMKA, phone_number) VALUES ('1810910652', '6914 763153');
INSERT INTO doctor_phone (AMKA, phone_number) VALUES ('1810910652', '+302377073208');
INSERT INTO doctor_phone (AMKA, phone_number) VALUES ('1810910652', '+30 6937 783573');
INSERT INTO doctor_dept (AMKA, dept_name) VALUES ('1810910652', 'Neurology');
INSERT INTO doc_spec (AMKA, spec_code) VALUES ('1810910652', 'IM');
INSERT INTO doc_spec (AMKA, spec_code) VALUES ('1810910652', 'ISPCS');
INSERT INTO doctor (AMKA, first_name, middle_name, last_name, date_of_birth, date_of_employment, license_number, rank, supervisor_id) VALUES ('1908663047', 'Μελέτιος', NULL, 'Κουκουβίνος', '1966-08-19', '2018-11-06', '1604474437', 'Διευθυντής', NULL);
INSERT INTO doctor_email (AMKA, email_address) VALUES ('1908663047', 'floriant.makrygiannis@example.net');
INSERT INTO doctor_email (AMKA, email_address) VALUES ('1908663047', 'sikalidis.perikleia@example.org');
INSERT INTO doctor_phone (AMKA, phone_number) VALUES ('1908663047', '2120 218582');
INSERT INTO doctor_phone (AMKA, phone_number) VALUES ('1908663047', '2010 839 649');
INSERT INTO doctor_dept (AMKA, dept_name) VALUES ('1908663047', 'Operating theatre (OT)');
INSERT INTO doc_spec (AMKA, spec_code) VALUES ('1908663047', 'P');
INSERT INTO doctor (AMKA, first_name, middle_name, last_name, date_of_birth, date_of_employment, license_number, rank, supervisor_id) VALUES ('3012509660', 'Νίκη', NULL, 'Αντωνίου', '1950-12-30', '1977-07-01', '4029547294', 'Διευθυντής', NULL);
INSERT INTO doctor_email (AMKA, email_address) VALUES ('3012509660', 'bzachariou@example.com');
INSERT INTO doctor_phone (AMKA, phone_number) VALUES ('3012509660', '+306930505106');
INSERT INTO doctor_phone (AMKA, phone_number) VALUES ('3012509660', '210 6287061');
INSERT INTO doctor_phone (AMKA, phone_number) VALUES ('3012509660', '24080 60 872');
INSERT INTO doctor_dept (AMKA, dept_name) VALUES ('3012509660', 'ENT');
INSERT INTO doc_spec (AMKA, spec_code) VALUES ('3012509660', 'PDGEN');
INSERT INTO doc_spec (AMKA, spec_code) VALUES ('3012509660', 'GE');
INSERT INTO doctor (AMKA, first_name, middle_name, last_name, date_of_birth, date_of_employment, license_number, rank, supervisor_id) VALUES ('3008951757', 'Τιμοθέα', NULL, 'Ξυγκάκου', '1995-08-30', '2021-05-09', '9652754712', 'Διευθυντής', NULL);
INSERT INTO doctor_email (AMKA, email_address) VALUES ('3008951757', 'kallirroi66@example.org');
INSERT INTO doctor_email (AMKA, email_address) VALUES ('3008951757', 'marinos74@example.org');
INSERT INTO doctor_phone (AMKA, phone_number) VALUES ('3008951757', '2110 728292');
INSERT INTO doctor_phone (AMKA, phone_number) VALUES ('3008951757', '2170 056272');
INSERT INTO doctor_phone (AMKA, phone_number) VALUES ('3008951757', '+302761339603');
INSERT INTO doctor_dept (AMKA, dept_name) VALUES ('3008951757', 'Neurology');
INSERT INTO doc_spec (AMKA, spec_code) VALUES ('3008951757', 'ISNIC');
INSERT INTO doc_spec (AMKA, spec_code) VALUES ('3008951757', 'ISOMS');
INSERT INTO doctor (AMKA, first_name, middle_name, last_name, date_of_birth, date_of_employment, license_number, rank, supervisor_id) VALUES ('2710919774', 'Χρυσοβαλάντιος', NULL, 'Καταραχιάς', '1991-10-27', '2020-07-24', '5828362774', 'Διευθυντής', NULL);
INSERT INTO doctor_email (AMKA, email_address) VALUES ('2710919774', 'theodosiou.theofylakti@example.org');
INSERT INTO doctor_email (AMKA, email_address) VALUES ('2710919774', 'laurentia27@example.net');
INSERT INTO doctor_phone (AMKA, phone_number) VALUES ('2710919774', '210 673 5445');
INSERT INTO doctor_dept (AMKA, dept_name) VALUES ('2710919774', 'Casualty');
INSERT INTO doc_spec (AMKA, spec_code) VALUES ('2710919774', 'ISPDPED');
INSERT INTO doctor (AMKA, first_name, middle_name, last_name, date_of_birth, date_of_employment, license_number, rank, supervisor_id) VALUES ('1009974497', 'Χρυσόστομη', NULL, 'Σιδηρόπουλος', '1997-09-10', '2024-11-30', '9708712517', 'Διευθυντής', NULL);
INSERT INTO doctor_email (AMKA, email_address) VALUES ('1009974497', 'varsamos50@example.com');
INSERT INTO doctor_phone (AMKA, phone_number) VALUES ('1009974497', '2109142554');
INSERT INTO doctor_phone (AMKA, phone_number) VALUES ('1009974497', '+30 6947 676557');
INSERT INTO doctor_dept (AMKA, dept_name) VALUES ('1009974497', 'Inpatient Department (IPD)');
INSERT INTO doc_spec (AMKA, spec_code) VALUES ('1009974497', 'ISOMS');
INSERT INTO doctor (AMKA, first_name, middle_name, last_name, date_of_birth, date_of_employment, license_number, rank, supervisor_id) VALUES ('2609009896', 'Γαρύφαλλος', NULL, 'Μασίκα', '2000-09-26', '2020-12-24', '8326117153', 'Διευθυντής', NULL);
INSERT INTO doctor_email (AMKA, email_address) VALUES ('2609009896', 'ekoutentakis@example.org');
INSERT INTO doctor_email (AMKA, email_address) VALUES ('2609009896', 'ippolyti66@example.org');
INSERT INTO doctor_phone (AMKA, phone_number) VALUES ('2609009896', '+30 2450 729504');
INSERT INTO doctor_phone (AMKA, phone_number) VALUES ('2609009896', '2103679661');
INSERT INTO doctor_phone (AMKA, phone_number) VALUES ('2609009896', '6978 847 248');
INSERT INTO doctor_dept (AMKA, dept_name) VALUES ('2609009896', 'Geriatric');
INSERT INTO doc_spec (AMKA, spec_code) VALUES ('2609009896', 'ISPED');
INSERT INTO doc_spec (AMKA, spec_code) VALUES ('2609009896', 'NIC');
INSERT INTO doctor (AMKA, first_name, middle_name, last_name, date_of_birth, date_of_employment, license_number, rank, supervisor_id) VALUES ('0410862119', 'Γερασιμούλα', 'Χριστόφορος', 'Παπαδόπουλος', '1986-10-04', '2022-09-24', '8965834753', 'Διευθυντής', NULL);
INSERT INTO doctor_email (AMKA, email_address) VALUES ('0410862119', 'fani20@example.com');
INSERT INTO doctor_phone (AMKA, phone_number) VALUES ('0410862119', '6959601848');
INSERT INTO doctor_dept (AMKA, dept_name) VALUES ('0410862119', 'Geriatric');
INSERT INTO doc_spec (AMKA, spec_code) VALUES ('0410862119', 'ISPDGER');
INSERT INTO doctor (AMKA, first_name, middle_name, last_name, date_of_birth, date_of_employment, license_number, rank, supervisor_id) VALUES ('2906540192', 'Λεμονής', NULL, 'Πίσπα', '1954-06-29', '1982-06-04', '8734222759', 'Διευθυντής', NULL);
INSERT INTO doctor_email (AMKA, email_address) VALUES ('2906540192', 'kouzoula.christodoula@example.net');
INSERT INTO doctor_email (AMKA, email_address) VALUES ('2906540192', 'amalia.gousios@example.net');
INSERT INTO doctor_phone (AMKA, phone_number) VALUES ('2906540192', '6985 639 079');
INSERT INTO doctor_phone (AMKA, phone_number) VALUES ('2906540192', '6935 963 106');
INSERT INTO doctor_phone (AMKA, phone_number) VALUES ('2906540192', '2570 716284');
INSERT INTO doctor_dept (AMKA, dept_name) VALUES ('2906540192', 'Outpatient Department (OPD)');
INSERT INTO doc_spec (AMKA, spec_code) VALUES ('2906540192', 'OBG');
INSERT INTO doctor (AMKA, first_name, middle_name, last_name, date_of_birth, date_of_employment, license_number, rank, supervisor_id) VALUES ('2406419109', 'Βενέτιος', NULL, 'Αντωνόπουλος', '1941-06-24', '2000-12-25', '4146848211', 'Διευθυντής', NULL);
INSERT INTO doctor_email (AMKA, email_address) VALUES ('2406419109', 'cemmanouil@example.net');
INSERT INTO doctor_phone (AMKA, phone_number) VALUES ('2406419109', '(+30) 2433 313084');
INSERT INTO doctor_phone (AMKA, phone_number) VALUES ('2406419109', '2105116750');
INSERT INTO doctor_dept (AMKA, dept_name) VALUES ('2406419109', 'Psychiatry');
INSERT INTO doc_spec (AMKA, spec_code) VALUES ('2406419109', 'PDPED');
INSERT INTO doctor (AMKA, first_name, middle_name, last_name, date_of_birth, date_of_employment, license_number, rank, supervisor_id) VALUES ('3012598800', 'Ερρίκος', NULL, 'Τάρναρης', '1959-12-30', '1998-10-04', '2651505567', 'Διευθυντής', NULL);
INSERT INTO doctor_email (AMKA, email_address) VALUES ('3012598800', 'hkastanis@example.org');
INSERT INTO doctor_phone (AMKA, phone_number) VALUES ('3012598800', '(+30) 6907 110027');
INSERT INTO doctor_phone (AMKA, phone_number) VALUES ('3012598800', '(+30) 2766 046345');
INSERT INTO doctor_dept (AMKA, dept_name) VALUES ('3012598800', 'Intensive care unit (ICU)');
INSERT INTO doc_spec (AMKA, spec_code) VALUES ('3012598800', 'ISN');
INSERT INTO doctor (AMKA, first_name, middle_name, last_name, date_of_birth, date_of_employment, license_number, rank, supervisor_id) VALUES ('2411651898', 'Ιάσων', NULL, 'Μοσχόπουλος', '1965-11-24', '2024-07-31', '8388212594', 'Διευθυντής', NULL);
INSERT INTO doctor_email (AMKA, email_address) VALUES ('2411651898', 'karyda.fokas@example.com');
INSERT INTO doctor_email (AMKA, email_address) VALUES ('2411651898', 'rpolitou@example.net');
INSERT INTO doctor_phone (AMKA, phone_number) VALUES ('2411651898', '2257009274');
INSERT INTO doctor_phone (AMKA, phone_number) VALUES ('2411651898', '(+30) 2140 019739');
INSERT INTO doctor_phone (AMKA, phone_number) VALUES ('2411651898', '6984856377');
INSERT INTO doctor_dept (AMKA, dept_name) VALUES ('2411651898', 'Cardiology');
INSERT INTO doc_spec (AMKA, spec_code) VALUES ('2411651898', 'ISOR');
INSERT INTO doc_spec (AMKA, spec_code) VALUES ('2411651898', 'TS');
INSERT INTO doctor (AMKA, first_name, middle_name, last_name, date_of_birth, date_of_employment, license_number, rank, supervisor_id) VALUES ('2203591874', 'Επαμεινώνδας', 'Σπυράννα', 'Πετσιά', '1959-03-22', '2014-03-06', '8848429289', 'Διευθυντής', NULL);
INSERT INTO doctor_email (AMKA, email_address) VALUES ('2203591874', 'nvaitsopoulos@example.com');
INSERT INTO doctor_email (AMKA, email_address) VALUES ('2203591874', 'qkoutris@example.com');
INSERT INTO doctor_phone (AMKA, phone_number) VALUES ('2203591874', '6931162037');
INSERT INTO doctor_phone (AMKA, phone_number) VALUES ('2203591874', '2460 364 954');
INSERT INTO doctor_phone (AMKA, phone_number) VALUES ('2203591874', '29120 42 853');
INSERT INTO doctor_dept (AMKA, dept_name) VALUES ('2203591874', 'Anesthesiology');
INSERT INTO doc_spec (AMKA, spec_code) VALUES ('2203591874', 'OTO');
INSERT INTO doc_spec (AMKA, spec_code) VALUES ('2203591874', 'PEDS');
INSERT INTO doctor (AMKA, first_name, middle_name, last_name, date_of_birth, date_of_employment, license_number, rank, supervisor_id) VALUES ('0305579221', 'Ζαμπία', NULL, 'Αραμπατζής', '1957-05-03', '1999-09-26', '6541000973', 'Διευθυντής', NULL);
INSERT INTO doctor_email (AMKA, email_address) VALUES ('0305579221', 'ioulios17@example.org');
INSERT INTO doctor_phone (AMKA, phone_number) VALUES ('0305579221', '6905 016685');
INSERT INTO doctor_phone (AMKA, phone_number) VALUES ('0305579221', '2102602706');
INSERT INTO doctor_phone (AMKA, phone_number) VALUES ('0305579221', '(+30) 2851 296800');
INSERT INTO doctor_dept (AMKA, dept_name) VALUES ('0305579221', 'ENT');
INSERT INTO doc_spec (AMKA, spec_code) VALUES ('0305579221', 'RO');
INSERT INTO doc_spec (AMKA, spec_code) VALUES ('0305579221', 'NIC');
INSERT INTO doctor (AMKA, first_name, middle_name, last_name, date_of_birth, date_of_employment, license_number, rank, supervisor_id) VALUES ('2306446564', 'Πλούταρχος', 'Φλωρεντία', 'Πάντος', '1944-06-23', '1986-03-02', '5819206121', 'Διευθυντής', NULL);
INSERT INTO doctor_email (AMKA, email_address) VALUES ('2306446564', 'panoraia.vasilaki@example.com');
INSERT INTO doctor_email (AMKA, email_address) VALUES ('2306446564', 'hgkova@example.com');
INSERT INTO doctor_phone (AMKA, phone_number) VALUES ('2306446564', '210 169 7046');
INSERT INTO doctor_phone (AMKA, phone_number) VALUES ('2306446564', '2490 736486');
INSERT INTO doctor_phone (AMKA, phone_number) VALUES ('2306446564', '+30 2498 744863');
INSERT INTO doctor_dept (AMKA, dept_name) VALUES ('2306446564', 'Oncology');
INSERT INTO doc_spec (AMKA, spec_code) VALUES ('2306446564', 'RO');
INSERT INTO doc_spec (AMKA, spec_code) VALUES ('2306446564', 'ISID');
INSERT INTO doctor (AMKA, first_name, middle_name, last_name, date_of_birth, date_of_employment, license_number, rank, supervisor_id) VALUES ('2205469029', 'Λουκία', NULL, 'Πετρόπουλος', '1946-05-22', '1988-07-06', '4978955433', 'Διευθυντής', NULL);
INSERT INTO doctor_email (AMKA, email_address) VALUES ('2205469029', 'echatzicharistou@example.org');
INSERT INTO doctor_email (AMKA, email_address) VALUES ('2205469029', 'themis25@example.org');
INSERT INTO doctor_phone (AMKA, phone_number) VALUES ('2205469029', '2103026879');
INSERT INTO doctor_phone (AMKA, phone_number) VALUES ('2205469029', '+306919615060');
INSERT INTO doctor_phone (AMKA, phone_number) VALUES ('2205469029', '+302861250476');
INSERT INTO doctor_dept (AMKA, dept_name) VALUES ('2205469029', 'Gastroenterology');
INSERT INTO doc_spec (AMKA, spec_code) VALUES ('2205469029', 'ISGER');
INSERT INTO doc_spec (AMKA, spec_code) VALUES ('2205469029', 'NIC');
INSERT INTO doctor (AMKA, first_name, middle_name, last_name, date_of_birth, date_of_employment, license_number, rank, supervisor_id) VALUES ('1701623027', 'Καλή', NULL, 'Κοντογιάννης', '1962-01-17', '1989-11-05', '9690053226', 'Διευθυντής', NULL);
INSERT INTO doctor_email (AMKA, email_address) VALUES ('1701623027', 'dimovelis.komnini@example.org');
INSERT INTO doctor_email (AMKA, email_address) VALUES ('1701623027', 'wchristaras@example.net');
INSERT INTO doctor_phone (AMKA, phone_number) VALUES ('1701623027', '2050009987');
INSERT INTO doctor_phone (AMKA, phone_number) VALUES ('1701623027', '29150 23 729');
INSERT INTO doctor_dept (AMKA, dept_name) VALUES ('1701623027', 'Anesthesiology');
INSERT INTO doc_spec (AMKA, spec_code) VALUES ('1701623027', 'PDGES');
INSERT INTO doctor (AMKA, first_name, middle_name, last_name, date_of_birth, date_of_employment, license_number, rank, supervisor_id) VALUES ('1109428284', 'Φιλαρέτη', NULL, 'Ζώνιος', '1942-09-11', '1995-08-23', '4498301425', 'Διευθυντής', NULL);
INSERT INTO doctor_email (AMKA, email_address) VALUES ('1109428284', 'katerina.koulouriotis@example.org');
INSERT INTO doctor_email (AMKA, email_address) VALUES ('1109428284', 'kyrkoudi.damaskinos@example.net');
INSERT INTO doctor_phone (AMKA, phone_number) VALUES ('1109428284', '2230 853546');
INSERT INTO doctor_dept (AMKA, dept_name) VALUES ('1109428284', 'Opthalmology');
INSERT INTO doc_spec (AMKA, spec_code) VALUES ('1109428284', 'ISCD');
INSERT INTO doc_spec (AMKA, spec_code) VALUES ('1109428284', 'IC');
INSERT INTO doctor (AMKA, first_name, middle_name, last_name, date_of_birth, date_of_employment, license_number, rank, supervisor_id) VALUES ('1112753348', 'Μαύρος', NULL, 'Τσέλλος', '1975-12-11', '1999-01-13', '6922692630', 'Διευθυντής', NULL);
INSERT INTO doctor_email (AMKA, email_address) VALUES ('1112753348', 'ltziortzios@example.net');
INSERT INTO doctor_email (AMKA, email_address) VALUES ('1112753348', 'argyroula.varaklis@example.com');
INSERT INTO doctor_phone (AMKA, phone_number) VALUES ('1112753348', '2470 684098');
INSERT INTO doctor_dept (AMKA, dept_name) VALUES ('1112753348', 'Haematology');
INSERT INTO doc_spec (AMKA, spec_code) VALUES ('1112753348', 'CD');
INSERT INTO doc_spec (AMKA, spec_code) VALUES ('1112753348', 'ISPCS');
INSERT INTO doctor (AMKA, first_name, middle_name, last_name, date_of_birth, date_of_employment, license_number, rank, supervisor_id) VALUES ('3012870045', 'Οδυσσεύς', NULL, 'Γκίνης', '1987-12-30', '2020-02-16', '0984058513', 'Ειδικευόμενος', '3008951757');
INSERT INTO doctor_email (AMKA, email_address) VALUES ('3012870045', 'fzormpas@example.net');
INSERT INTO doctor_email (AMKA, email_address) VALUES ('3012870045', 'kikilia.tzouvelis@example.com');
INSERT INTO doctor_phone (AMKA, phone_number) VALUES ('3012870045', '+30 6920 176338');
INSERT INTO doctor_dept (AMKA, dept_name) VALUES ('3012870045', 'Anesthesiology');
INSERT INTO doc_spec (AMKA, spec_code) VALUES ('3012870045', 'OBG');
INSERT INTO doc_spec (AMKA, spec_code) VALUES ('3012870045', 'OBG');
INSERT INTO doctor (AMKA, first_name, middle_name, last_name, date_of_birth, date_of_employment, license_number, rank, supervisor_id) VALUES ('2003609278', 'Παγώνα', NULL, 'Λάλας', '1960-03-20', '1978-09-10', '5088447841', 'Διευθυντής', NULL);
INSERT INTO doctor_email (AMKA, email_address) VALUES ('2003609278', 'valasidis.gerakina@example.org');
INSERT INTO doctor_phone (AMKA, phone_number) VALUES ('2003609278', '6981 470093');
INSERT INTO doctor_phone (AMKA, phone_number) VALUES ('2003609278', '(+30) 6994 357905');
INSERT INTO doctor_dept (AMKA, dept_name) VALUES ('2003609278', 'Opthalmology');
INSERT INTO doc_spec (AMKA, spec_code) VALUES ('2003609278', 'ISN');
INSERT INTO doctor (AMKA, first_name, middle_name, last_name, date_of_birth, date_of_employment, license_number, rank, supervisor_id) VALUES ('1803800903', 'Γιασεμή', NULL, 'Αγγελόπουλος', '1980-03-18', '2025-04-25', '6784137914', 'Ειδικευόμενος', '3008951757');
INSERT INTO doctor_email (AMKA, email_address) VALUES ('1803800903', 'aeutaxias@example.com');
INSERT INTO doctor_email (AMKA, email_address) VALUES ('1803800903', 'polyvios80@example.com');
INSERT INTO doctor_phone (AMKA, phone_number) VALUES ('1803800903', '210 5689726');
INSERT INTO doctor_dept (AMKA, dept_name) VALUES ('1803800903', 'Haematology');
INSERT INTO doc_spec (AMKA, spec_code) VALUES ('1803800903', 'N');
INSERT INTO doc_spec (AMKA, spec_code) VALUES ('1803800903', 'U');
INSERT INTO doctor (AMKA, first_name, middle_name, last_name, date_of_birth, date_of_employment, license_number, rank, supervisor_id) VALUES ('1502550745', 'Ερωφίλη', NULL, 'Τσουκιά', '1955-02-15', '1983-08-02', '2943161143', 'Επιμελητής Β', NULL);
INSERT INTO doctor_email (AMKA, email_address) VALUES ('1502550745', 'dimokratis49@example.org');
INSERT INTO doctor_phone (AMKA, phone_number) VALUES ('1502550745', '+30 6925 813154');
INSERT INTO doctor_dept (AMKA, dept_name) VALUES ('1502550745', 'Gastroenterology');
INSERT INTO doc_spec (AMKA, spec_code) VALUES ('1502550745', 'ISN');
INSERT INTO doctor (AMKA, first_name, middle_name, last_name, date_of_birth, date_of_employment, license_number, rank, supervisor_id) VALUES ('0706543302', 'Δήμος', NULL, 'Μωυσίδου', '1954-06-07', '2006-07-07', '3388841770', 'Ειδικευόμενος', '2411651898');
INSERT INTO doctor_email (AMKA, email_address) VALUES ('0706543302', 'pagona.pyrovolou@example.com');
INSERT INTO doctor_phone (AMKA, phone_number) VALUES ('0706543302', '27540 30 632');
INSERT INTO doctor_phone (AMKA, phone_number) VALUES ('0706543302', '+30 6937 268280');
INSERT INTO doctor_dept (AMKA, dept_name) VALUES ('0706543302', 'Inpatient Department (IPD)');
INSERT INTO doc_spec (AMKA, spec_code) VALUES ('0706543302', 'OMS');
INSERT INTO doctor (AMKA, first_name, middle_name, last_name, date_of_birth, date_of_employment, license_number, rank, supervisor_id) VALUES ('1705602559', 'Θηρεσία', 'Μαύρος', 'Σμπρίνης', '1960-05-17', '1992-07-21', '3262685957', 'Ειδικευόμενος', '2306446564');
INSERT INTO doctor_email (AMKA, email_address) VALUES ('1705602559', 'klearchos36@example.net');
INSERT INTO doctor_email (AMKA, email_address) VALUES ('1705602559', 'zvlachos@example.net');
INSERT INTO doctor_phone (AMKA, phone_number) VALUES ('1705602559', '2370 418079');
INSERT INTO doctor_dept (AMKA, dept_name) VALUES ('1705602559', 'Oncology');
INSERT INTO doc_spec (AMKA, spec_code) VALUES ('1705602559', 'CD');
INSERT INTO doc_spec (AMKA, spec_code) VALUES ('1705602559', 'IM');
INSERT INTO doctor (AMKA, first_name, middle_name, last_name, date_of_birth, date_of_employment, license_number, rank, supervisor_id) VALUES ('1008990170', 'Ελισάβετ', NULL, 'Κατσούλα', '1999-08-10', '2021-03-25', '6371137225', 'Επιμελητής Β', NULL);
INSERT INTO doctor_email (AMKA, email_address) VALUES ('1008990170', 'theodosis25@example.net');
INSERT INTO doctor_phone (AMKA, phone_number) VALUES ('1008990170', '2511054148');
INSERT INTO doctor_phone (AMKA, phone_number) VALUES ('1008990170', '(+30) 6959 876784');
INSERT INTO doctor_dept (AMKA, dept_name) VALUES ('1008990170', 'Psychiatry');
INSERT INTO doc_spec (AMKA, spec_code) VALUES ('1008990170', 'ISGS');
INSERT INTO doctor (AMKA, first_name, middle_name, last_name, date_of_birth, date_of_employment, license_number, rank, supervisor_id) VALUES ('2311474214', 'Αγαμέμνων', NULL, 'Γαρουφαλής', '1947-11-23', '1974-04-30', '8945693161', 'Ειδικευόμενος', '0305579221');
INSERT INTO doctor_email (AMKA, email_address) VALUES ('2311474214', 'orestis.katsigianni@example.net');
INSERT INTO doctor_email (AMKA, email_address) VALUES ('2311474214', 'solomidou.theocharis@example.com');
INSERT INTO doctor_phone (AMKA, phone_number) VALUES ('2311474214', '6980 989284');
INSERT INTO doctor_dept (AMKA, dept_name) VALUES ('2311474214', 'Neurology');
INSERT INTO doc_spec (AMKA, spec_code) VALUES ('2311474214', 'ISPP');
INSERT INTO doc_spec (AMKA, spec_code) VALUES ('2311474214', 'N');
INSERT INTO doctor (AMKA, first_name, middle_name, last_name, date_of_birth, date_of_employment, license_number, rank, supervisor_id) VALUES ('2010494529', 'Χάρις', 'Κοκκώνα', 'Τσώνη', '1949-10-20', '1977-05-15', '9398439795', 'Ειδικευόμενος', '1908663047');
INSERT INTO doctor_email (AMKA, email_address) VALUES ('2010494529', 'kourelis.rodanthi@example.com');
INSERT INTO doctor_email (AMKA, email_address) VALUES ('2010494529', 'aikaterini23@example.org');
INSERT INTO doctor_phone (AMKA, phone_number) VALUES ('2010494529', '2100020118');
INSERT INTO doctor_phone (AMKA, phone_number) VALUES ('2010494529', '(+30) 2927 635422');
INSERT INTO doctor_dept (AMKA, dept_name) VALUES ('2010494529', 'Orthopaedic');
INSERT INTO doc_spec (AMKA, spec_code) VALUES ('2010494529', 'GER');
INSERT INTO doctor (AMKA, first_name, middle_name, last_name, date_of_birth, date_of_employment, license_number, rank, supervisor_id) VALUES ('0405403482', 'Μαυροειδής', 'Νίκων', 'Χανταμπή', '1940-05-04', '1973-11-15', '5924645935', 'Ειδικευόμενος', '3012509660');
INSERT INTO doctor_email (AMKA, email_address) VALUES ('0405403482', 'mpesyri.filomila@example.com');
INSERT INTO doctor_email (AMKA, email_address) VALUES ('0405403482', 'ngkagkaoudakis@example.net');
INSERT INTO doctor_phone (AMKA, phone_number) VALUES ('0405403482', '+306930382171');
INSERT INTO doctor_phone (AMKA, phone_number) VALUES ('0405403482', '+306975244857');
INSERT INTO doctor_phone (AMKA, phone_number) VALUES ('0405403482', '2340010135');
INSERT INTO doctor_dept (AMKA, dept_name) VALUES ('0405403482', 'Casualty');
INSERT INTO doc_spec (AMKA, spec_code) VALUES ('0405403482', 'ISP');
INSERT INTO doc_spec (AMKA, spec_code) VALUES ('0405403482', 'ISTS');
INSERT INTO doctor (AMKA, first_name, middle_name, last_name, date_of_birth, date_of_employment, license_number, rank, supervisor_id) VALUES ('1611621504', 'Ιππόλυτος', NULL, 'Σπηλιώτης', '1962-11-16', '2012-02-15', '1635615037', 'Επιμελητής Β', NULL);
INSERT INTO doctor_email (AMKA, email_address) VALUES ('1611621504', 'lsarri@example.net');
INSERT INTO doctor_phone (AMKA, phone_number) VALUES ('1611621504', '2109243767');
INSERT INTO doctor_phone (AMKA, phone_number) VALUES ('1611621504', '(+30) 2767 537509');
INSERT INTO doctor_phone (AMKA, phone_number) VALUES ('1611621504', '2240018093');
INSERT INTO doctor_dept (AMKA, dept_name) VALUES ('1611621504', 'Pediatrics');
INSERT INTO doc_spec (AMKA, spec_code) VALUES ('1611621504', 'ISOBG');
INSERT INTO doctor (AMKA, first_name, middle_name, last_name, date_of_birth, date_of_employment, license_number, rank, supervisor_id) VALUES ('1301429404', 'Φανουρία', NULL, 'Ρέππος', '1942-01-13', '1980-03-06', '4131036018', 'Διευθυντής', NULL);
INSERT INTO doctor_email (AMKA, email_address) VALUES ('1301429404', 'akrivos26@example.com');
INSERT INTO doctor_phone (AMKA, phone_number) VALUES ('1301429404', '+30 2173 188348');
INSERT INTO doctor_phone (AMKA, phone_number) VALUES ('1301429404', '210 675 5330');
INSERT INTO doctor_phone (AMKA, phone_number) VALUES ('1301429404', '6942 210398');
INSERT INTO doctor_dept (AMKA, dept_name) VALUES ('1301429404', 'Pediatrics');
INSERT INTO doc_spec (AMKA, spec_code) VALUES ('1301429404', 'N');
INSERT INTO doc_spec (AMKA, spec_code) VALUES ('1301429404', 'ISN');
INSERT INTO doctor (AMKA, first_name, middle_name, last_name, date_of_birth, date_of_employment, license_number, rank, supervisor_id) VALUES ('0708733889', 'Μίνωας', NULL, 'Μπέκος', '1973-08-07', '2010-10-22', '7907250588', 'Επιμελητής Α', NULL);
INSERT INTO doctor_email (AMKA, email_address) VALUES ('0708733889', 'olga26@example.org');
INSERT INTO doctor_email (AMKA, email_address) VALUES ('0708733889', 'tsampikos.smprinis@example.net');
INSERT INTO doctor_phone (AMKA, phone_number) VALUES ('0708733889', '2960 189 259');
INSERT INTO doctor_dept (AMKA, dept_name) VALUES ('0708733889', 'Urology');
INSERT INTO doc_spec (AMKA, spec_code) VALUES ('0708733889', 'N');
INSERT INTO doc_spec (AMKA, spec_code) VALUES ('0708733889', 'IC');
INSERT INTO doctor (AMKA, first_name, middle_name, last_name, date_of_birth, date_of_employment, license_number, rank, supervisor_id) VALUES ('2801830092', 'Ανδρομάχη', NULL, 'Σταματούκου', '1983-01-28', '2003-05-04', '1866603678', 'Ειδικευόμενος', '0202939499');
INSERT INTO doctor_email (AMKA, email_address) VALUES ('2801830092', 'vlasia39@example.org');
INSERT INTO doctor_phone (AMKA, phone_number) VALUES ('2801830092', '+302620154717');
INSERT INTO doctor_dept (AMKA, dept_name) VALUES ('2801830092', 'Neurology');
INSERT INTO doc_spec (AMKA, spec_code) VALUES ('2801830092', 'NIC');
INSERT INTO doctor (AMKA, first_name, middle_name, last_name, date_of_birth, date_of_employment, license_number, rank, supervisor_id) VALUES ('0707820743', 'Ματρώνη', 'Μαγδαληνός', 'Καρανίκας', '1982-07-07', '2022-10-31', '1256453354', 'Επιμελητής Α', NULL);
INSERT INTO doctor_email (AMKA, email_address) VALUES ('0707820743', 'zinovios27@example.net');
INSERT INTO doctor_email (AMKA, email_address) VALUES ('0707820743', 'nrachovitsas@example.org');
INSERT INTO doctor_phone (AMKA, phone_number) VALUES ('0707820743', '210 7416530');
INSERT INTO doctor_dept (AMKA, dept_name) VALUES ('0707820743', 'Outpatient Department (OPD)');
INSERT INTO doc_spec (AMKA, spec_code) VALUES ('0707820743', 'NIC');
INSERT INTO doctor (AMKA, first_name, middle_name, last_name, date_of_birth, date_of_employment, license_number, rank, supervisor_id) VALUES ('2402877693', 'Δαμασκηνή', NULL, 'Παπαφώτης', '1987-02-24', '2022-11-13', '1371664490', 'Επιμελητής Α', NULL);
INSERT INTO doctor_email (AMKA, email_address) VALUES ('2402877693', 'charalampia91@example.net');
INSERT INTO doctor_phone (AMKA, phone_number) VALUES ('2402877693', '6970 979 496');
INSERT INTO doctor_phone (AMKA, phone_number) VALUES ('2402877693', '6993 924494');
INSERT INTO doctor_phone (AMKA, phone_number) VALUES ('2402877693', '6914 414255');
INSERT INTO doctor_dept (AMKA, dept_name) VALUES ('2402877693', 'Psychiatry');
INSERT INTO doc_spec (AMKA, spec_code) VALUES ('2402877693', 'ISIC');
INSERT INTO doc_spec (AMKA, spec_code) VALUES ('2402877693', 'ISPDGES');
INSERT INTO doctor (AMKA, first_name, middle_name, last_name, date_of_birth, date_of_employment, license_number, rank, supervisor_id) VALUES ('2502902231', 'Συμέλα', NULL, 'Γκουτζαμάνης', '1990-02-25', '2010-07-31', '8109006855', 'Επιμελητής Β', NULL);
INSERT INTO doctor_email (AMKA, email_address) VALUES ('2502902231', 'vasileiou.filio@example.net');
INSERT INTO doctor_phone (AMKA, phone_number) VALUES ('2502902231', '6906 709 710');
INSERT INTO doctor_dept (AMKA, dept_name) VALUES ('2502902231', 'General surgery');
INSERT INTO doc_spec (AMKA, spec_code) VALUES ('2502902231', 'ISGE');
INSERT INTO doctor (AMKA, first_name, middle_name, last_name, date_of_birth, date_of_employment, license_number, rank, supervisor_id) VALUES ('0103962870', 'Αντιγόνη', NULL, 'Αετόπουλος', '1996-03-01', '2020-03-23', '0628047259', 'Διευθυντής', NULL);
INSERT INTO doctor_email (AMKA, email_address) VALUES ('0103962870', 'lemonia97@example.org');
INSERT INTO doctor_email (AMKA, email_address) VALUES ('0103962870', 'agathaggelos.mpalampani@example.com');
INSERT INTO doctor_phone (AMKA, phone_number) VALUES ('0103962870', '2988051306');
INSERT INTO doctor_dept (AMKA, dept_name) VALUES ('0103962870', 'Orthopaedic');
INSERT INTO doc_spec (AMKA, spec_code) VALUES ('0103962870', 'RO');
INSERT INTO doctor (AMKA, first_name, middle_name, last_name, date_of_birth, date_of_employment, license_number, rank, supervisor_id) VALUES ('2809979050', 'Ρούσα', NULL, 'Δουλγεράκη', '1997-09-28', '2022-12-11', '5667844146', 'Διευθυντής', NULL);
INSERT INTO doctor_email (AMKA, email_address) VALUES ('2809979050', 'niki.mperedimas@example.org');
INSERT INTO doctor_phone (AMKA, phone_number) VALUES ('2809979050', '+30 6980 780714');
INSERT INTO doctor_phone (AMKA, phone_number) VALUES ('2809979050', '6935 122 879');
INSERT INTO doctor_dept (AMKA, dept_name) VALUES ('2809979050', 'Pediatrics');
INSERT INTO doc_spec (AMKA, spec_code) VALUES ('2809979050', 'OR');
INSERT INTO doc_spec (AMKA, spec_code) VALUES ('2809979050', 'PCS');
INSERT INTO doctor (AMKA, first_name, middle_name, last_name, date_of_birth, date_of_employment, license_number, rank, supervisor_id) VALUES ('0307549248', 'Ρουμπίνη', NULL, 'Μπαντής', '1954-07-03', '1998-12-07', '8855966915', 'Διευθυντής', NULL);
INSERT INTO doctor_email (AMKA, email_address) VALUES ('0307549248', 'jtsiantas@example.com');
INSERT INTO doctor_email (AMKA, email_address) VALUES ('0307549248', 'karyofyllia.porichis@example.com');
INSERT INTO doctor_phone (AMKA, phone_number) VALUES ('0307549248', '210 7911829');
INSERT INTO doctor_phone (AMKA, phone_number) VALUES ('0307549248', '6990 132583');
INSERT INTO doctor_dept (AMKA, dept_name) VALUES ('0307549248', 'Gastroenterology');
INSERT INTO doc_spec (AMKA, spec_code) VALUES ('0307549248', 'ISID');
INSERT INTO doc_spec (AMKA, spec_code) VALUES ('0307549248', 'ISRO');
INSERT INTO doctor (AMKA, first_name, middle_name, last_name, date_of_birth, date_of_employment, license_number, rank, supervisor_id) VALUES ('2501995986', 'Αγάπη', NULL, 'Παπανώτα', '1999-01-25', '2018-01-14', '2450199458', 'Ειδικευόμενος', '2205469029');
INSERT INTO doctor_email (AMKA, email_address) VALUES ('2501995986', 'smit.soumela@example.com');
INSERT INTO doctor_phone (AMKA, phone_number) VALUES ('2501995986', '2010195442');
INSERT INTO doctor_dept (AMKA, dept_name) VALUES ('2501995986', 'Casualty');
INSERT INTO doc_spec (AMKA, spec_code) VALUES ('2501995986', 'ISN');
INSERT INTO doc_spec (AMKA, spec_code) VALUES ('2501995986', 'ISPP');
INSERT INTO doctor (AMKA, first_name, middle_name, last_name, date_of_birth, date_of_employment, license_number, rank, supervisor_id) VALUES ('2305633067', 'Ξανθός', NULL, 'Λυρή', '1963-05-23', '2001-02-07', '0670052584', 'Ειδικευόμενος', '0103962870');
INSERT INTO doctor_email (AMKA, email_address) VALUES ('2305633067', 'nkolchouris@example.org');
INSERT INTO doctor_email (AMKA, email_address) VALUES ('2305633067', 'jzygouris@example.org');
INSERT INTO doctor_phone (AMKA, phone_number) VALUES ('2305633067', '2230 716 761');
INSERT INTO doctor_phone (AMKA, phone_number) VALUES ('2305633067', '210 298 6341');
INSERT INTO doctor_dept (AMKA, dept_name) VALUES ('2305633067', 'Opthalmology');
INSERT INTO doc_spec (AMKA, spec_code) VALUES ('2305633067', 'ISNEP');
INSERT INTO doctor (AMKA, first_name, middle_name, last_name, date_of_birth, date_of_employment, license_number, rank, supervisor_id) VALUES ('2801897549', 'Μεγακλής', NULL, 'Μήτσου', '1989-01-28', '2026-03-07', '8463565060', 'Επιμελητής Β', NULL);
INSERT INTO doctor_email (AMKA, email_address) VALUES ('2801897549', 'themistoklis.nikolaou@example.org');
INSERT INTO doctor_phone (AMKA, phone_number) VALUES ('2801897549', '2550164969');
INSERT INTO doctor_dept (AMKA, dept_name) VALUES ('2801897549', 'Urology');
INSERT INTO doc_spec (AMKA, spec_code) VALUES ('2801897549', 'ID');
INSERT INTO doctor (AMKA, first_name, middle_name, last_name, date_of_birth, date_of_employment, license_number, rank, supervisor_id) VALUES ('1007513743', 'Αλκιβιάδης', NULL, 'Χατζησταυράκης', '1951-07-10', '1985-02-21', '2220909401', 'Επιμελητής Α', NULL);
INSERT INTO doctor_email (AMKA, email_address) VALUES ('1007513743', 'tryfon50@example.net');
INSERT INTO doctor_email (AMKA, email_address) VALUES ('1007513743', 'marina47@example.net');
INSERT INTO doctor_phone (AMKA, phone_number) VALUES ('1007513743', '2670 579793');
INSERT INTO doctor_dept (AMKA, dept_name) VALUES ('1007513743', 'Neurology');
INSERT INTO doc_spec (AMKA, spec_code) VALUES ('1007513743', 'ISPED');
INSERT INTO doctor (AMKA, first_name, middle_name, last_name, date_of_birth, date_of_employment, license_number, rank, supervisor_id) VALUES ('1402646365', 'Μαρτίνος', NULL, 'Μαρκόπουλος', '1964-02-14', '2020-12-10', '4265240585', 'Διευθυντής', NULL);
INSERT INTO doctor_email (AMKA, email_address) VALUES ('1402646365', 'chrysanthi18@example.net');
INSERT INTO doctor_email (AMKA, email_address) VALUES ('1402646365', 'ionas.mpouza@example.com');
INSERT INTO doctor_phone (AMKA, phone_number) VALUES ('1402646365', '+30 6918 479480');
INSERT INTO doctor_dept (AMKA, dept_name) VALUES ('1402646365', 'Gynaecology');
INSERT INTO doc_spec (AMKA, spec_code) VALUES ('1402646365', 'OMS');
INSERT INTO doctor (AMKA, first_name, middle_name, last_name, date_of_birth, date_of_employment, license_number, rank, supervisor_id) VALUES ('0111689660', 'Λεωνίδας', NULL, 'Μπακοστεργίου', '1968-11-01', '1998-10-22', '7210246502', 'Διευθυντής', NULL);
INSERT INTO doctor_email (AMKA, email_address) VALUES ('0111689660', 'thiseus48@example.com');
INSERT INTO doctor_email (AMKA, email_address) VALUES ('0111689660', 'papoudis.margarita@example.net');
INSERT INTO doctor_phone (AMKA, phone_number) VALUES ('0111689660', '(+30) 6960 841055');
INSERT INTO doctor_phone (AMKA, phone_number) VALUES ('0111689660', '(+30) 6984 405817');
INSERT INTO doctor_dept (AMKA, dept_name) VALUES ('0111689660', 'Urology');
INSERT INTO doc_spec (AMKA, spec_code) VALUES ('0111689660', 'ID');
INSERT INTO doc_spec (AMKA, spec_code) VALUES ('0111689660', 'OR');
INSERT INTO doctor (AMKA, first_name, middle_name, last_name, date_of_birth, date_of_employment, license_number, rank, supervisor_id) VALUES ('2801801564', 'Βεατρίκη', NULL, 'Μποτσώλης', '1980-01-28', '2002-02-28', '4301093426', 'Επιμελητής Α', NULL);
INSERT INTO doctor_email (AMKA, email_address) VALUES ('2801801564', 'vstatha@example.com');
INSERT INTO doctor_email (AMKA, email_address) VALUES ('2801801564', 'euterpi.kioses@example.net');
INSERT INTO doctor_phone (AMKA, phone_number) VALUES ('2801801564', '+30 2304 617319');
INSERT INTO doctor_dept (AMKA, dept_name) VALUES ('2801801564', 'Operating theatre (OT)');
INSERT INTO doc_spec (AMKA, spec_code) VALUES ('2801801564', 'GS');
INSERT INTO doctor (AMKA, first_name, middle_name, last_name, date_of_birth, date_of_employment, license_number, rank, supervisor_id) VALUES ('0404978442', 'Ουρανία', NULL, 'Τσιπλίκωφ', '1997-04-04', '2023-11-16', '4286601066', 'Διευθυντής', NULL);
INSERT INTO doctor_email (AMKA, email_address) VALUES ('0404978442', 'polytimi21@example.net');
INSERT INTO doctor_email (AMKA, email_address) VALUES ('0404978442', 'hrizoulis@example.org');
INSERT INTO doctor_phone (AMKA, phone_number) VALUES ('0404978442', '+30 6974 563205');
INSERT INTO doctor_phone (AMKA, phone_number) VALUES ('0404978442', '6909 849 279');
INSERT INTO doctor_dept (AMKA, dept_name) VALUES ('0404978442', 'Neurology');
INSERT INTO doc_spec (AMKA, spec_code) VALUES ('0404978442', 'ISHEM');
INSERT INTO doctor (AMKA, first_name, middle_name, last_name, date_of_birth, date_of_employment, license_number, rank, supervisor_id) VALUES ('0312964109', 'Μελέτια', NULL, 'Πανούσης', '1996-12-03', '2025-04-02', '0428783995', 'Ειδικευόμενος', '2801801564');
INSERT INTO doctor_email (AMKA, email_address) VALUES ('0312964109', 'filippa87@example.net');
INSERT INTO doctor_phone (AMKA, phone_number) VALUES ('0312964109', '28320 35 496');
INSERT INTO doctor_dept (AMKA, dept_name) VALUES ('0312964109', 'Neurology');
INSERT INTO doc_spec (AMKA, spec_code) VALUES ('0312964109', 'U');
INSERT INTO doctor (AMKA, first_name, middle_name, last_name, date_of_birth, date_of_employment, license_number, rank, supervisor_id) VALUES ('2106602456', 'Γιώργος', NULL, 'Παντίσκα', '1960-06-21', '2011-05-16', '3811611560', 'Ειδικευόμενος', '2003609278');
INSERT INTO doctor_email (AMKA, email_address) VALUES ('2106602456', 'nikoleta03@example.org');
INSERT INTO doctor_email (AMKA, email_address) VALUES ('2106602456', 'thomopoulos.valanto@example.com');
INSERT INTO doctor_phone (AMKA, phone_number) VALUES ('2106602456', '(+30) 2122 003575');
INSERT INTO doctor_phone (AMKA, phone_number) VALUES ('2106602456', '6965667141');
INSERT INTO doctor_dept (AMKA, dept_name) VALUES ('2106602456', 'Orthopaedic');
INSERT INTO doc_spec (AMKA, spec_code) VALUES ('2106602456', 'ISCD');
INSERT INTO doc_spec (AMKA, spec_code) VALUES ('2106602456', 'ISEND');
INSERT INTO doctor (AMKA, first_name, middle_name, last_name, date_of_birth, date_of_employment, license_number, rank, supervisor_id) VALUES ('2305692753', 'Ξανθή', NULL, 'Τσιτούρας', '1969-05-23', '2023-12-24', '8841018968', 'Διευθυντής', NULL);
INSERT INTO doctor_email (AMKA, email_address) VALUES ('2305692753', 'lanastasakis@example.net');
INSERT INTO doctor_phone (AMKA, phone_number) VALUES ('2305692753', '210 4463478');
INSERT INTO doctor_phone (AMKA, phone_number) VALUES ('2305692753', '6904361640');
INSERT INTO doctor_dept (AMKA, dept_name) VALUES ('2305692753', 'Opthalmology');
INSERT INTO doc_spec (AMKA, spec_code) VALUES ('2305692753', 'PDGES');
INSERT INTO doc_spec (AMKA, spec_code) VALUES ('2305692753', 'ISNEP');
INSERT INTO doctor (AMKA, first_name, middle_name, last_name, date_of_birth, date_of_employment, license_number, rank, supervisor_id) VALUES ('2111532740', 'Θεόφραστος', NULL, 'Κορομπόκη', '1953-11-21', '1975-09-26', '7420910061', 'Διευθυντής', NULL);
INSERT INTO doctor_email (AMKA, email_address) VALUES ('2111532740', 'petra07@example.com');
INSERT INTO doctor_phone (AMKA, phone_number) VALUES ('2111532740', '6983429602');
INSERT INTO doctor_phone (AMKA, phone_number) VALUES ('2111532740', '2350087577');
INSERT INTO doctor_phone (AMKA, phone_number) VALUES ('2111532740', '6946335731');
INSERT INTO doctor_dept (AMKA, dept_name) VALUES ('2111532740', 'Haematology');
INSERT INTO doc_spec (AMKA, spec_code) VALUES ('2111532740', 'PEDS');
INSERT INTO doctor (AMKA, first_name, middle_name, last_name, date_of_birth, date_of_employment, license_number, rank, supervisor_id) VALUES ('2411004971', 'Άρτεμις', 'Τίμων', 'Κοκορδέλης', '2000-11-24', '2026-02-27', '7553508799', 'Επιμελητής Β', NULL);
INSERT INTO doctor_email (AMKA, email_address) VALUES ('2411004971', 'tgkova@example.net');
INSERT INTO doctor_phone (AMKA, phone_number) VALUES ('2411004971', '2105555107');
INSERT INTO doctor_dept (AMKA, dept_name) VALUES ('2411004971', 'Gastroenterology');
INSERT INTO doc_spec (AMKA, spec_code) VALUES ('2411004971', 'ISID');
INSERT INTO doc_spec (AMKA, spec_code) VALUES ('2411004971', 'PDGEN');
INSERT INTO doctor (AMKA, first_name, middle_name, last_name, date_of_birth, date_of_employment, license_number, rank, supervisor_id) VALUES ('0701944806', 'Χιονιά', NULL, 'Κουτσουρέλη', '1994-01-07', '2020-04-07', '1776067301', 'Επιμελητής Β', NULL);
INSERT INTO doctor_email (AMKA, email_address) VALUES ('0701944806', 'zinovios48@example.net');
INSERT INTO doctor_phone (AMKA, phone_number) VALUES ('0701944806', '2610 988 612');
INSERT INTO doctor_phone (AMKA, phone_number) VALUES ('0701944806', '(+30) 2678 627933');
INSERT INTO doctor_dept (AMKA, dept_name) VALUES ('0701944806', 'ENT');
INSERT INTO doc_spec (AMKA, spec_code) VALUES ('0701944806', 'ISOR');
INSERT INTO doctor (AMKA, first_name, middle_name, last_name, date_of_birth, date_of_employment, license_number, rank, supervisor_id) VALUES ('0510600514', 'Ανδρόνικος', NULL, 'Χριστοφόρη', '1960-10-05', '1983-03-21', '8980513531', 'Επιμελητής Α', NULL);
INSERT INTO doctor_email (AMKA, email_address) VALUES ('0510600514', 'ikaros77@example.org');
INSERT INTO doctor_phone (AMKA, phone_number) VALUES ('0510600514', '+30 2137 886563');
INSERT INTO doctor_phone (AMKA, phone_number) VALUES ('0510600514', '2810 844971');
INSERT INTO doctor_phone (AMKA, phone_number) VALUES ('0510600514', '210 9014343');
INSERT INTO doctor_dept (AMKA, dept_name) VALUES ('0510600514', 'General surgery');
INSERT INTO doc_spec (AMKA, spec_code) VALUES ('0510600514', 'ISPDGER');
INSERT INTO doctor (AMKA, first_name, middle_name, last_name, date_of_birth, date_of_employment, license_number, rank, supervisor_id) VALUES ('1108642138', 'Σαββούλα', NULL, 'Φαρμάκη', '1964-08-11', '1994-09-14', '0875920270', 'Ειδικευόμενος', '2203591874');
INSERT INTO doctor_email (AMKA, email_address) VALUES ('1108642138', 'hliouka@example.com');
INSERT INTO doctor_email (AMKA, email_address) VALUES ('1108642138', 'meletia40@example.org');
INSERT INTO doctor_phone (AMKA, phone_number) VALUES ('1108642138', '+306922407004');
INSERT INTO doctor_phone (AMKA, phone_number) VALUES ('1108642138', '2102327700');
INSERT INTO doctor_dept (AMKA, dept_name) VALUES ('1108642138', 'Outpatient Department (OPD)');
INSERT INTO doc_spec (AMKA, spec_code) VALUES ('1108642138', 'AI');
INSERT INTO doctor (AMKA, first_name, middle_name, last_name, date_of_birth, date_of_employment, license_number, rank, supervisor_id) VALUES ('0306542190', 'Γαβριέλλα', NULL, 'Σακελλαρίου', '1954-06-03', '1973-12-11', '6850825197', 'Διευθυντής', NULL);
INSERT INTO doctor_email (AMKA, email_address) VALUES ('0306542190', 'lvidalakis@example.com');
INSERT INTO doctor_phone (AMKA, phone_number) VALUES ('0306542190', '2101144903');
INSERT INTO doctor_phone (AMKA, phone_number) VALUES ('0306542190', '(+30) 6965 324349');
INSERT INTO doctor_phone (AMKA, phone_number) VALUES ('0306542190', '2747059785');
INSERT INTO doctor_dept (AMKA, dept_name) VALUES ('0306542190', 'Opthalmology');
INSERT INTO doc_spec (AMKA, spec_code) VALUES ('0306542190', 'IM');
INSERT INTO doc_spec (AMKA, spec_code) VALUES ('0306542190', 'ISOMS');
INSERT INTO doctor (AMKA, first_name, middle_name, last_name, date_of_birth, date_of_employment, license_number, rank, supervisor_id) VALUES ('0405994014', 'Ευδόξιος', NULL, 'Τσουκνίδας', '1999-05-04', '2018-10-25', '5535840536', 'Διευθυντής', NULL);
INSERT INTO doctor_email (AMKA, email_address) VALUES ('0405994014', 'foteinos97@example.org');
INSERT INTO doctor_email (AMKA, email_address) VALUES ('0405994014', 'minoas.vassis@example.org');
INSERT INTO doctor_phone (AMKA, phone_number) VALUES ('0405994014', '2894012034');
INSERT INTO doctor_phone (AMKA, phone_number) VALUES ('0405994014', '2130504707');
INSERT INTO doctor_dept (AMKA, dept_name) VALUES ('0405994014', 'Gynaecology');
INSERT INTO doc_spec (AMKA, spec_code) VALUES ('0405994014', 'PDPED');
INSERT INTO doctor (AMKA, first_name, middle_name, last_name, date_of_birth, date_of_employment, license_number, rank, supervisor_id) VALUES ('2910956816', 'Αρετή', NULL, 'Βαβάση', '1995-10-29', '2024-10-02', '6198725877', 'Επιμελητής Α', NULL);
INSERT INTO doctor_email (AMKA, email_address) VALUES ('2910956816', 'danai.triantakonstantis@example.net');
INSERT INTO doctor_email (AMKA, email_address) VALUES ('2910956816', 'amauromanolakis@example.com');
INSERT INTO doctor_phone (AMKA, phone_number) VALUES ('2910956816', '(+30) 6979 809687');
INSERT INTO doctor_dept (AMKA, dept_name) VALUES ('2910956816', 'Gastroenterology');
INSERT INTO doc_spec (AMKA, spec_code) VALUES ('2910956816', 'GER');
INSERT INTO doc_spec (AMKA, spec_code) VALUES ('2910956816', 'HEM');
INSERT INTO doctor (AMKA, first_name, middle_name, last_name, date_of_birth, date_of_employment, license_number, rank, supervisor_id) VALUES ('2906627360', 'Βερόνικα', NULL, 'Πυλαρινός', '1962-06-29', '1994-03-28', '2059463386', 'Ειδικευόμενος', '0707820743');
INSERT INTO doctor_email (AMKA, email_address) VALUES ('2906627360', 'kpapoutsopoulou@example.net');
INSERT INTO doctor_phone (AMKA, phone_number) VALUES ('2906627360', '(+30) 6934 315538');
INSERT INTO doctor_dept (AMKA, dept_name) VALUES ('2906627360', 'Outpatient Department (OPD)');
INSERT INTO doc_spec (AMKA, spec_code) VALUES ('2906627360', 'HEM');
INSERT INTO doctor (AMKA, first_name, middle_name, last_name, date_of_birth, date_of_employment, license_number, rank, supervisor_id) VALUES ('1209810216', 'Ρεβέκα', NULL, 'Χριστοδούλου', '1981-09-12', '2002-10-15', '5003097569', 'Ειδικευόμενος', '0410862119');
INSERT INTO doctor_email (AMKA, email_address) VALUES ('1209810216', 'cmastrogiorgis@example.org');
INSERT INTO doctor_email (AMKA, email_address) VALUES ('1209810216', 'nikitas82@example.org');
INSERT INTO doctor_phone (AMKA, phone_number) VALUES ('1209810216', '2731067476');
INSERT INTO doctor_phone (AMKA, phone_number) VALUES ('1209810216', '2420 968 026');
INSERT INTO doctor_phone (AMKA, phone_number) VALUES ('1209810216', '(+30) 2087 934039');
INSERT INTO doctor_dept (AMKA, dept_name) VALUES ('1209810216', 'Gynaecology');
INSERT INTO doc_spec (AMKA, spec_code) VALUES ('1209810216', 'PDPED');
INSERT INTO doctor (AMKA, first_name, middle_name, last_name, date_of_birth, date_of_employment, license_number, rank, supervisor_id) VALUES ('2910450715', 'Πολυχρόνιος', NULL, 'Ανεζάκη', '1945-10-29', '1993-08-13', '6572596024', 'Διευθυντής', NULL);
INSERT INTO doctor_email (AMKA, email_address) VALUES ('2910450715', 'athanasia50@example.net');
INSERT INTO doctor_phone (AMKA, phone_number) VALUES ('2910450715', '2110 274885');
INSERT INTO doctor_dept (AMKA, dept_name) VALUES ('2910450715', 'Cardiology');
INSERT INTO doc_spec (AMKA, spec_code) VALUES ('2910450715', 'OMS');
INSERT INTO doctor (AMKA, first_name, middle_name, last_name, date_of_birth, date_of_employment, license_number, rank, supervisor_id) VALUES ('1209483269', 'Μελέτιος', NULL, 'Ζτούκος', '1948-09-12', '1984-07-09', '5128527327', 'Ειδικευόμενος', '1502550745');
INSERT INTO doctor_email (AMKA, email_address) VALUES ('1209483269', 'freideriki.vakalakis@example.com');
INSERT INTO doctor_phone (AMKA, phone_number) VALUES ('1209483269', '+30 6983 428193');
INSERT INTO doctor_phone (AMKA, phone_number) VALUES ('1209483269', '+306930152905');
INSERT INTO doctor_dept (AMKA, dept_name) VALUES ('1209483269', 'Opthalmology');
INSERT INTO doc_spec (AMKA, spec_code) VALUES ('1209483269', 'ISOTO');
INSERT INTO doc_spec (AMKA, spec_code) VALUES ('1209483269', 'U');
INSERT INTO doctor (AMKA, first_name, middle_name, last_name, date_of_birth, date_of_employment, license_number, rank, supervisor_id) VALUES ('3110765587', 'Περιστέρα', NULL, 'Τρεντσίου', '1976-10-31', '2023-06-09', '1999228618', 'Ειδικευόμενος', '2906540192');
INSERT INTO doctor_email (AMKA, email_address) VALUES ('3110765587', 'etyralis@example.com');
INSERT INTO doctor_phone (AMKA, phone_number) VALUES ('3110765587', '(+30) 2817 535803');
INSERT INTO doctor_phone (AMKA, phone_number) VALUES ('3110765587', '210 821 4844');
INSERT INTO doctor_dept (AMKA, dept_name) VALUES ('3110765587', 'Geriatric');
INSERT INTO doc_spec (AMKA, spec_code) VALUES ('3110765587', 'ISOR');
INSERT INTO doctor (AMKA, first_name, middle_name, last_name, date_of_birth, date_of_employment, license_number, rank, supervisor_id) VALUES ('1712008709', 'Κατερίνα', NULL, 'Κυπραίος', '2000-12-17', '2019-10-01', '5253463538', 'Ειδικευόμενος', '1009974497');
INSERT INTO doctor_email (AMKA, email_address) VALUES ('1712008709', 'emmanouilidou.zacharoula@example.org');
INSERT INTO doctor_email (AMKA, email_address) VALUES ('1712008709', 'poulia.dimou@example.net');
INSERT INTO doctor_phone (AMKA, phone_number) VALUES ('1712008709', '2750 224103');
INSERT INTO doctor_phone (AMKA, phone_number) VALUES ('1712008709', '6971 517237');
INSERT INTO doctor_phone (AMKA, phone_number) VALUES ('1712008709', '6991 828831');
INSERT INTO doctor_dept (AMKA, dept_name) VALUES ('1712008709', 'Geriatric');
INSERT INTO doc_spec (AMKA, spec_code) VALUES ('1712008709', 'ISPCS');
INSERT INTO doctor (AMKA, first_name, middle_name, last_name, date_of_birth, date_of_employment, license_number, rank, supervisor_id) VALUES ('0906651672', 'Σοφία', NULL, 'Βαλκάνου', '1965-06-09', '1984-01-24', '6012708009', 'Διευθυντής', NULL);
INSERT INTO doctor_email (AMKA, email_address) VALUES ('0906651672', 'agisilaos71@example.com');
INSERT INTO doctor_email (AMKA, email_address) VALUES ('0906651672', 'tatiana91@example.org');
INSERT INTO doctor_phone (AMKA, phone_number) VALUES ('0906651672', '210 8035524');
INSERT INTO doctor_dept (AMKA, dept_name) VALUES ('0906651672', 'Operating theatre (OT)');
INSERT INTO doc_spec (AMKA, spec_code) VALUES ('0906651672', 'ON');
INSERT INTO doctor (AMKA, first_name, middle_name, last_name, date_of_birth, date_of_employment, license_number, rank, supervisor_id) VALUES ('0802581734', 'Χάιδω', NULL, 'Βλάχου', '1958-02-08', '1994-11-13', '8260927699', 'Διευθυντής', NULL);
INSERT INTO doctor_email (AMKA, email_address) VALUES ('0802581734', 'rousa.sevdas@example.org');
INSERT INTO doctor_email (AMKA, email_address) VALUES ('0802581734', 'aglaia.zoukis@example.org');
INSERT INTO doctor_phone (AMKA, phone_number) VALUES ('0802581734', '210 031 9451');
INSERT INTO doctor_phone (AMKA, phone_number) VALUES ('0802581734', '6993148215');
INSERT INTO doctor_phone (AMKA, phone_number) VALUES ('0802581734', '2940 704567');
INSERT INTO doctor_dept (AMKA, dept_name) VALUES ('0802581734', 'Oncology');
INSERT INTO doc_spec (AMKA, spec_code) VALUES ('0802581734', 'ISPN');
INSERT INTO doctor (AMKA, first_name, middle_name, last_name, date_of_birth, date_of_employment, license_number, rank, supervisor_id) VALUES ('0902609962', 'Αγάθη', NULL, 'Σιούτα', '1960-02-09', '1989-12-14', '2779271141', 'Διευθυντής', NULL);
INSERT INTO doctor_email (AMKA, email_address) VALUES ('0902609962', 'pgkoni@example.org');
INSERT INTO doctor_email (AMKA, email_address) VALUES ('0902609962', 'panagia.dounis@example.net');
INSERT INTO doctor_phone (AMKA, phone_number) VALUES ('0902609962', '2560 622350');
INSERT INTO doctor_phone (AMKA, phone_number) VALUES ('0902609962', '2740723378');
INSERT INTO doctor_phone (AMKA, phone_number) VALUES ('0902609962', '2500 228035');
INSERT INTO doctor_dept (AMKA, dept_name) VALUES ('0902609962', 'ENT');
INSERT INTO doc_spec (AMKA, spec_code) VALUES ('0902609962', 'U');
INSERT INTO doctor (AMKA, first_name, middle_name, last_name, date_of_birth, date_of_employment, license_number, rank, supervisor_id) VALUES ('1912455789', 'Λάμπρος', 'Κοκκώνα', 'Χρονοπούλου', '1945-12-19', '1969-07-13', '6045023361', 'Επιμελητής Α', NULL);
INSERT INTO doctor_email (AMKA, email_address) VALUES ('1912455789', 'theodoti09@example.com');
INSERT INTO doctor_phone (AMKA, phone_number) VALUES ('1912455789', '2560 452 603');
INSERT INTO doctor_phone (AMKA, phone_number) VALUES ('1912455789', '(+30) 6947 727767');
INSERT INTO doctor_dept (AMKA, dept_name) VALUES ('1912455789', 'Urology');
INSERT INTO doc_spec (AMKA, spec_code) VALUES ('1912455789', 'PCS');
INSERT INTO doc_spec (AMKA, spec_code) VALUES ('1912455789', 'END');
INSERT INTO doctor (AMKA, first_name, middle_name, last_name, date_of_birth, date_of_employment, license_number, rank, supervisor_id) VALUES ('2607905982', 'Κωστούλα', NULL, 'Κοντός', '1990-07-26', '2024-09-11', '2963483519', 'Ειδικευόμενος', '0404978442');
INSERT INTO doctor_email (AMKA, email_address) VALUES ('2607905982', 'hampatzianis@example.org');
INSERT INTO doctor_phone (AMKA, phone_number) VALUES ('2607905982', '23090 46 520');
INSERT INTO doctor_phone (AMKA, phone_number) VALUES ('2607905982', '21350 72 453');
INSERT INTO doctor_dept (AMKA, dept_name) VALUES ('2607905982', 'General surgery');
INSERT INTO doc_spec (AMKA, spec_code) VALUES ('2607905982', 'PN');
INSERT INTO doc_spec (AMKA, spec_code) VALUES ('2607905982', 'U');
INSERT INTO doctor (AMKA, first_name, middle_name, last_name, date_of_birth, date_of_employment, license_number, rank, supervisor_id) VALUES ('2905541171', 'Τσαμπίκα', 'Ερμής', 'Χριστοδουλάκης', '1954-05-29', '1980-05-15', '1839885997', 'Διευθυντής', NULL);
INSERT INTO doctor_email (AMKA, email_address) VALUES ('2905541171', 'eustathia62@example.org');
INSERT INTO doctor_phone (AMKA, phone_number) VALUES ('2905541171', '2109908221');
INSERT INTO doctor_phone (AMKA, phone_number) VALUES ('2905541171', '+30 6957 333954');
INSERT INTO doctor_dept (AMKA, dept_name) VALUES ('2905541171', 'Orthopaedic');
INSERT INTO doc_spec (AMKA, spec_code) VALUES ('2905541171', 'ISCG');
INSERT INTO doctor (AMKA, first_name, middle_name, last_name, date_of_birth, date_of_employment, license_number, rank, supervisor_id) VALUES ('0402587115', 'Μικές', NULL, 'Ζιάρα', '1958-02-04', '1976-05-06', '4014923313', 'Επιμελητής Α', NULL);
INSERT INTO doctor_email (AMKA, email_address) VALUES ('0402587115', 'jrodis@example.net');
INSERT INTO doctor_phone (AMKA, phone_number) VALUES ('0402587115', '+302987597970');
INSERT INTO doctor_phone (AMKA, phone_number) VALUES ('0402587115', '+302888213941');
INSERT INTO doctor_dept (AMKA, dept_name) VALUES ('0402587115', 'Cardiology');
INSERT INTO doc_spec (AMKA, spec_code) VALUES ('0402587115', 'ISNEP');
INSERT INTO doc_spec (AMKA, spec_code) VALUES ('0402587115', 'PDGEN');
INSERT INTO doctor (AMKA, first_name, middle_name, last_name, date_of_birth, date_of_employment, license_number, rank, supervisor_id) VALUES ('1808559940', 'Παρασκευή', NULL, 'Σελινοπούλου', '1955-08-18', '1978-11-17', '2836037726', 'Διευθυντής', NULL);
INSERT INTO doctor_email (AMKA, email_address) VALUES ('1808559940', 'athinodoros.pantou@example.net');
INSERT INTO doctor_phone (AMKA, phone_number) VALUES ('1808559940', '+30 6947 060448');
INSERT INTO doctor_dept (AMKA, dept_name) VALUES ('1808559940', 'Geriatric');
INSERT INTO doc_spec (AMKA, spec_code) VALUES ('1808559940', 'ISIM');
INSERT INTO doc_spec (AMKA, spec_code) VALUES ('1808559940', 'ISPN');
INSERT INTO doctor (AMKA, first_name, middle_name, last_name, date_of_birth, date_of_employment, license_number, rank, supervisor_id) VALUES ('3108788705', 'Ιάσονας', NULL, 'Τσώνης', '1978-08-31', '2014-10-11', '9753918770', 'Ειδικευόμενος', '1502550745');
INSERT INTO doctor_email (AMKA, email_address) VALUES ('3108788705', 'wkafantari@example.com');
INSERT INTO doctor_phone (AMKA, phone_number) VALUES ('3108788705', '6970 254 148');
INSERT INTO doctor_dept (AMKA, dept_name) VALUES ('3108788705', 'Operating theatre (OT)');
INSERT INTO doc_spec (AMKA, spec_code) VALUES ('3108788705', 'ISNEP');
INSERT INTO doc_spec (AMKA, spec_code) VALUES ('3108788705', 'ISP');
INSERT INTO doctor (AMKA, first_name, middle_name, last_name, date_of_birth, date_of_employment, license_number, rank, supervisor_id) VALUES ('1207427571', 'Περσεφόνη', 'Ερασμία', 'Χουλιάρας', '1942-07-12', '1997-06-30', '4172348336', 'Διευθυντής', NULL);
INSERT INTO doctor_email (AMKA, email_address) VALUES ('1207427571', 'praxitelis12@example.net');
INSERT INTO doctor_phone (AMKA, phone_number) VALUES ('1207427571', '210 562 9167');
INSERT INTO doctor_dept (AMKA, dept_name) VALUES ('1207427571', 'Orthopaedic');
INSERT INTO doc_spec (AMKA, spec_code) VALUES ('1207427571', 'TS');
INSERT INTO doctor (AMKA, first_name, middle_name, last_name, date_of_birth, date_of_employment, license_number, rank, supervisor_id) VALUES ('2404738380', 'Ανάργυρη', NULL, 'Βλησαρούλης', '1973-04-24', '1995-05-09', '5178941799', 'Επιμελητής Β', NULL);
INSERT INTO doctor_email (AMKA, email_address) VALUES ('2404738380', 'nikolopoulou.artemios@example.net');
INSERT INTO doctor_phone (AMKA, phone_number) VALUES ('2404738380', '28410 08 895');
INSERT INTO doctor_dept (AMKA, dept_name) VALUES ('2404738380', 'Psychiatry');
INSERT INTO doc_spec (AMKA, spec_code) VALUES ('2404738380', 'END');
INSERT INTO doc_spec (AMKA, spec_code) VALUES ('2404738380', 'ISGEN');
INSERT INTO doctor (AMKA, first_name, middle_name, last_name, date_of_birth, date_of_employment, license_number, rank, supervisor_id) VALUES ('2708580170', 'Γαλάτιος', NULL, 'Παππά', '1958-08-27', '1984-01-31', '3257843996', 'Διευθυντής', NULL);
INSERT INTO doctor_email (AMKA, email_address) VALUES ('2708580170', 'jrachmanidis@example.org');
INSERT INTO doctor_phone (AMKA, phone_number) VALUES ('2708580170', '6957 613341');
INSERT INTO doctor_dept (AMKA, dept_name) VALUES ('2708580170', 'Gynaecology');
INSERT INTO doc_spec (AMKA, spec_code) VALUES ('2708580170', 'PED');
INSERT INTO doc_spec (AMKA, spec_code) VALUES ('2708580170', 'ISPED');
INSERT INTO doctor (AMKA, first_name, middle_name, last_name, date_of_birth, date_of_employment, license_number, rank, supervisor_id) VALUES ('2911689167', 'Θωμάς', NULL, 'Χρυσικάκη', '1968-11-29', '2016-11-02', '8676291335', 'Επιμελητής Β', NULL);
INSERT INTO doctor_email (AMKA, email_address) VALUES ('2911689167', 'bzotos@example.com');
INSERT INTO doctor_phone (AMKA, phone_number) VALUES ('2911689167', '20150 11 423');
INSERT INTO doctor_phone (AMKA, phone_number) VALUES ('2911689167', '+30 2157 061911');
INSERT INTO doctor_dept (AMKA, dept_name) VALUES ('2911689167', 'Intensive care unit (ICU)');
INSERT INTO doc_spec (AMKA, spec_code) VALUES ('2911689167', 'IC');
INSERT INTO doc_spec (AMKA, spec_code) VALUES ('2911689167', 'ISGS');
INSERT INTO doctor (AMKA, first_name, middle_name, last_name, date_of_birth, date_of_employment, license_number, rank, supervisor_id) VALUES ('1301442380', 'Δαμιανός', NULL, 'Αλεξανδρόπουλος', '1944-01-13', '1975-04-02', '6872442841', 'Ειδικευόμενος', '3012509660');
INSERT INTO doctor_email (AMKA, email_address) VALUES ('1301442380', 'griva.chaido@example.com');
INSERT INTO doctor_email (AMKA, email_address) VALUES ('1301442380', 'polydora91@example.com');
INSERT INTO doctor_phone (AMKA, phone_number) VALUES ('1301442380', '21940 52 328');
INSERT INTO doctor_phone (AMKA, phone_number) VALUES ('1301442380', '+306906259966');
INSERT INTO doctor_dept (AMKA, dept_name) VALUES ('1301442380', 'Geriatric');
INSERT INTO doc_spec (AMKA, spec_code) VALUES ('1301442380', 'ISU');
INSERT INTO doctor (AMKA, first_name, middle_name, last_name, date_of_birth, date_of_employment, license_number, rank, supervisor_id) VALUES ('0807736496', 'Παρθένα', NULL, 'Παυλάκη', '1973-07-08', '1993-10-22', '2519475727', 'Διευθυντής', NULL);
INSERT INTO doctor_email (AMKA, email_address) VALUES ('0807736496', 'vardis.papakonstantinou@example.com');
INSERT INTO doctor_email (AMKA, email_address) VALUES ('0807736496', 'eupraxia.filippopoulos@example.org');
INSERT INTO doctor_phone (AMKA, phone_number) VALUES ('0807736496', '2820083654');
INSERT INTO doctor_dept (AMKA, dept_name) VALUES ('0807736496', 'ENT');
INSERT INTO doc_spec (AMKA, spec_code) VALUES ('0807736496', 'OR');
UPDATE doctor SET supervisor_id = '2906540192' WHERE AMKA = 1912455789;
UPDATE doctor SET supervisor_id = '0510600514' WHERE AMKA = 1008990170;
UPDATE doctor SET supervisor_id = '2205469029' WHERE AMKA = 2404738380;
UPDATE doctor SET supervisor_id = '2404738380' WHERE AMKA = 2801897549;
UPDATE doctor SET supervisor_id = '0306542190' WHERE AMKA = 2402877693;
UPDATE doctor SET supervisor_id = '1008990170' WHERE AMKA = 2411004971;
UPDATE doctor SET supervisor_id = '2205469029' WHERE AMKA = 1611621504;
UPDATE doctor SET supervisor_id = '1402646365' WHERE AMKA = 2502902231;
UPDATE doctor SET supervisor_id = '1808559940' WHERE AMKA = 0701944806;
UPDATE doctor SET supervisor_id = '2404738380' WHERE AMKA = 0707820743;
UPDATE doctor SET supervisor_id = '1908663047' WHERE AMKA = 2801801564;
UPDATE doctor SET supervisor_id = '2404738380' WHERE AMKA = 0510600514;
UPDATE doctor SET supervisor_id = '2809979050' WHERE AMKA = 1007513743;
UPDATE doctor SET supervisor_id = '0306542190' WHERE AMKA = 0402587115;
UPDATE doctor SET supervisor_id = '0202939499' WHERE AMKA = 2911689167;
UPDATE doctor SET supervisor_id = '0902609962' WHERE AMKA = 1502550745;
INSERT INTO department (dept_name, description, number_of_beds, floor, building, director_id) VALUES ('Casualty', 'Ανακλύψεις πλέον διαδίκτυο καλύτερο αν. Καταλάθος ειδικά προσπαθήσεις απαραίτητο εκτελείται συγγραφείς πόρτες. Περισσότερη ορίστε πες μεταγλωτίσει.', '171', '-2', 'Κτήριο Σαλέμη', '0807736496');
INSERT INTO doctor_dept (AMKA, dept_name) VALUES ('0807736496', 'Casualty');
INSERT INTO department (dept_name, description, number_of_beds, floor, building, director_id) VALUES ('Operating theatre (OT)', 'Παραδώσεις τέλειοι μέχρι γέλασαν. Πετάνε δημιουργήσεις σαν επεξεργασία πετάξαμε πρώτοι σου. Αρχεία αποθηκευτικού της κανένας τα διαπιστώνεις.', '28', '-2', 'Κτήριο Ζυγούρη', '2708580170');
INSERT INTO doctor_dept (AMKA, dept_name) VALUES ('2708580170', 'Outpatient Department (OPD)');
INSERT INTO department (dept_name, description, number_of_beds, floor, building, director_id) VALUES ('Intensive care unit (ICU)', 'Άρα ως χαμηλός κι ερώτηση δεδομένων. Πολύ δε εργαλείων πλέον νιρβάνα αποκλειστικούς. Αρπάζεις στραβά τη προσοχή εγώ εκτός.
Όσο σημαντικό και ήδη ξέχασε. Για ας βασανίζουν ταξινομεί.', '46', '1', 'Κτήριο Σταυρόπουλος', '1207427571');
INSERT INTO doctor_dept (AMKA, dept_name) VALUES ('1207427571', 'Orthopaedic');
INSERT INTO department (dept_name, description, number_of_beds, floor, building, director_id) VALUES ('Anesthesiology', 'Πάντως έλεγχος ειδικά. Τεκμηριώνει παίρνουν τοπικές οι αποδείξεις. Διακοπή ένα βάζοντας δε ξέχασε ένας του.', '164', '10', 'Κτήριο Μάργαρης', '1808559940');
INSERT INTO doctor_dept (AMKA, dept_name) VALUES ('1808559940', 'General surgery');
INSERT INTO department (dept_name, description, number_of_beds, floor, building, director_id) VALUES ('Cardiology', 'Πάντως εκτός ήδη γραμμής έξι προσπαθήσεις εγώ. Εκτός εδώ έξι δεν. Εφαμοργής κάτι μέχρι συγγραφής πεδία ότι εργαλείων.', '33', '1', 'Κτήριο Νάσσου', '2905541171');
INSERT INTO doctor_dept (AMKA, dept_name) VALUES ('2905541171', 'Anesthesiology');
INSERT INTO department (dept_name, description, number_of_beds, floor, building, director_id) VALUES ('ENT', 'Φίλος απαράδεκτη σχεδιαστής μεταφραστής επενδυτής δεδομένων γέλασαν. Απαράδεκτη απόλαυσε αν κάτι εσωτερικών στραβά.
Στέλνοντάς διακόψουμε ήδη μέχρι γειτονιάς. Έξι άλγεβρα σου.', '53', '6', 'Κτήριο Μενγκ', '0902609962');
INSERT INTO doctor_dept (AMKA, dept_name) VALUES ('0902609962', 'ENT');
INSERT INTO department (dept_name, description, number_of_beds, floor, building, director_id) VALUES ('Geriatric', 'Κάτι ρωτάει μέχρι εντολές. Συνεχώς αφήσεις σαν έχω. Δημιουργείς εκτελείται ένα οι. Αρπάζεις ελέγχου κρατήσουν μα δεν θέματα πετάνε το.', '87', '10', 'Κτήριο Τσαχάκη', '0802581734');
INSERT INTO doctor_dept (AMKA, dept_name) VALUES ('0802581734', 'Pediatrics');
INSERT INTO department (dept_name, description, number_of_beds, floor, building, director_id) VALUES ('Gastroenterology', 'Πρώτο διοικητικό συγκεντρωμένοι. Μέρος συνηθίζουν λιγότερο μου απλό όσο.
Ναι τρέξει λοιπόν τον για ότι. Μου παίρνει πάρεις επιχείριση μπουν των που. Διαφήμιση αποστηθίσει κειμένων σίγουρος ως.', '175', '10', 'Κτήριο Σταυριανός', '0906651672');
INSERT INTO doctor_dept (AMKA, dept_name) VALUES ('0906651672', 'Outpatient Department (OPD)');
INSERT INTO department (dept_name, description, number_of_beds, floor, building, director_id) VALUES ('General surgery', 'Σωστά θέμα παίρνουν τι απίστευτα. Εργαζόμενων πετάνε βρίσκονται προσοχή.
Εκτός εργοστασίου κόλπα μέχρι μέχρι παραδώσεις συνηθίζουν. Στα ξέχασε αθόρυβες πάντα άρα τεκμηριώνει.', '32', '-2', 'Κτήριο Μιχαηλίδης', '2910450715');
INSERT INTO doctor_dept (AMKA, dept_name) VALUES ('2910450715', 'Anesthesiology');
INSERT INTO department (dept_name, description, number_of_beds, floor, building, director_id) VALUES ('Gynaecology', 'Στη διάβασε περισσότερη δύο τι. Τρέξει περιβάλλον πιο πλέον. Επί αρχεία και μας.', '73', '1', 'Κτήριο Ιωακειμίδου', '0405994014');
INSERT INTO doctor_dept (AMKA, dept_name) VALUES ('0405994014', 'Urology');
INSERT INTO department (dept_name, description, number_of_beds, floor, building, director_id) VALUES ('Haematology', 'Ναι θέλεις της ότι οι λες. Γράψει ένα του χαμηλός λέει βγήκε στα. Απομόνωση πρώτοι πιο πρώτης μη έτοιμος αποκλειστικούς. Επί κρατήσουν επιχείριση ναι απαραίτητο.', '51', '-2', 'Κτήριο Μπίκα', '0306542190');
INSERT INTO doctor_dept (AMKA, dept_name) VALUES ('0306542190', 'Gastroenterology');
INSERT INTO department (dept_name, description, number_of_beds, floor, building, director_id) VALUES ('Pediatrics', 'Μέχρι μας ότι παραδώσεις δυστυχής τους.
Τρέξει ποια υψηλότερη μάλλον λίγο με κόψεις κι. Της εκτελέσει δεν πάντα αγοράζοντας. Σου ορίστε απαραίτητο μου κι να.', '96', '4', 'Κτήριο Καψή', '2111532740');
INSERT INTO doctor_dept (AMKA, dept_name) VALUES ('2111532740', 'Inpatient Department (IPD)');
INSERT INTO department (dept_name, description, number_of_beds, floor, building, director_id) VALUES ('Neurology', 'Ερωτήσεις φακέλους διευθυντές απλό απαραίτητο. Τα αθόρυβες απόλαυσε βουτήξουν χαρτιού βγήκε. Μεταγλωτιστής εδώ τι λες πιο σου.', '72', '1', 'Κτήριο Δρακάκη', '2305692753');
INSERT INTO doctor_dept (AMKA, dept_name) VALUES ('2305692753', 'Inpatient Department (IPD)');
INSERT INTO department (dept_name, description, number_of_beds, floor, building, director_id) VALUES ('Oncology', 'Κρατήσουν ήδη έχω αρέσει προγραμματιστής βαθμό φίλος. Επενδυτής ανεπιθύμητη θα απομόνωση συνάδελφος αναγκάζονται δημιουργείς. Έτσι και ανεπιθύμητη.
Ο θέμα κι. Απαραίτητο να προσπαθούν καλύτερο.', '20', '1', 'Κτήριο Ζουλούμης', '0404978442');
INSERT INTO doctor_dept (AMKA, dept_name) VALUES ('0404978442', 'Casualty');
INSERT INTO department (dept_name, description, number_of_beds, floor, building, director_id) VALUES ('Opthalmology', 'Βασανίζουν για μπουν προσπαθήσεις διάβασε την ως με. Συγγραφής ανακλύψεις σαν ο επενδυτής συγχωνευτεί πάντα. Πως θέματα έστελνε εργασίας φράση πεδία παίξουν.', '178', '9', 'Κτήριο Φαρμάκη', '0111689660');
INSERT INTO doctor_dept (AMKA, dept_name) VALUES ('0111689660', 'Orthopaedic');
INSERT INTO department (dept_name, description, number_of_beds, floor, building, director_id) VALUES ('Orthopaedic', 'Κι αποκλειστικούς εξοργιστικά στη προκαλείς κώδικάς. Ως το ώρα απαραίτητο. Πετάνε όταν δημιουργήσεις σχεδιαστής στα αυτός αφήσεις.', '31', '4', 'Κτήριο Κυμπάρης', '1402646365');
INSERT INTO doctor_dept (AMKA, dept_name) VALUES ('1402646365', 'Operating theatre (OT)');
INSERT INTO department (dept_name, description, number_of_beds, floor, building, director_id) VALUES ('Urology', 'Ας με χρόνου προβληματική ρωτάει. Θέματα έρθει ζητήσεις πάντως.
Τους κάτι αποκλειστικούς να ποια επιστρέφουν γνωρίζουμε την. Μέγιστη από αλγόριθμου εγώ γνωστή θέματα πιο.', '26', '5', 'Κτήριο Ζυγούρης', '0307549248');
INSERT INTO doctor_dept (AMKA, dept_name) VALUES ('0307549248', 'Orthopaedic');
INSERT INTO department (dept_name, description, number_of_beds, floor, building, director_id) VALUES ('Psychiatry', 'Ανταγωνιστής μπορούσες εκτελείται δυστυχής. Ένα τα χρονοδιαγράμματα τεσσαρών συγγραφείς τις και. Πλέον διακόψουμε ερώτηση. Άλγεβρα προσοχή εξακολουθεί ανά τέλειοι σε της.', '177', '4', 'Κτήριο Γεωργαλής', '2809979050');
INSERT INTO doctor_dept (AMKA, dept_name) VALUES ('2809979050', 'Anesthesiology');
INSERT INTO department (dept_name, description, number_of_beds, floor, building, director_id) VALUES ('Inpatient Department (IPD)', 'Ανακλύψεις τύπους τέλειοι ποσοστό για. Εκτός όχι τελειώσει ερώτηση διαδίκτυο γραμμής. Συνεντεύξεις στο δημιουργείς διευθυντές λίγο.', '195', '0', 'Κτήριο Τσούρα', '0103962870');
INSERT INTO doctor_dept (AMKA, dept_name) VALUES ('0103962870', 'Outpatient Department (OPD)');
INSERT INTO department (dept_name, description, number_of_beds, floor, building, director_id) VALUES ('Outpatient Department (OPD)', 'Δημιουργείς φακέλους θέματα πολύ επιστρέφουν πάρεις. Τη χαρτιού αθόρυβες διάβασε. Την χρονοδιαγράμματος εκτός δεν άπειρα κώδικάς συγγραφής.', '144', '1', 'Κτήριο Καραγιάννη', '1301429404');
INSERT INTO doctor_dept (AMKA, dept_name) VALUES ('1301429404', 'Oncology');
INSERT INTO room (room_id, type, status, dept_name) VALUES ('1', 'Διαγνωστική Αίθουσα', 'Κατειλημμένο', 'Neurology');
INSERT INTO room (room_id, type, status, dept_name) VALUES ('2', 'ΤΕΠ', 'Υπό Συντήρηση', 'Anesthesiology');
INSERT INTO room (room_id, type, status, dept_name) VALUES ('3', 'Αίθουσα Αναμονής', 'Κατειλημμένο', 'Gynaecology');
INSERT INTO room (room_id, type, status, dept_name) VALUES ('4', 'Διαγνωστική Αίθουσα', 'Διαθέσιμο', 'Gastroenterology');
INSERT INTO room (room_id, type, status, dept_name) VALUES ('5', 'Χειρουργική Αίθουσα', 'Υπό Συντήρηση', 'General surgery');
INSERT INTO room (room_id, type, status, dept_name) VALUES ('6', 'Αποθήκη', 'Υπό Συντήρηση', 'Casualty');
INSERT INTO room (room_id, type, status, dept_name) VALUES ('7', 'Κλίνες', 'Διαθέσιμο', 'Gastroenterology');
INSERT INTO room (room_id, type, status, dept_name) VALUES ('8', 'Γραφείο', 'Κατειλημμένο', 'Geriatric');
INSERT INTO room (room_id, type, status, dept_name) VALUES ('9', 'ΤΕΠ', 'Διαθέσιμο', 'Pediatrics');
INSERT INTO room (room_id, type, status, dept_name) VALUES ('10', 'Χειρουργική Αίθουσα', 'Υπό Συντήρηση', 'Pediatrics');
INSERT INTO room (room_id, type, status, dept_name) VALUES ('11', 'Αποθήκη', 'Κατειλημμένο', 'Outpatient Department (OPD)');
INSERT INTO room (room_id, type, status, dept_name) VALUES ('12', 'Γραφείο', 'Διαθέσιμο', 'General surgery');
INSERT INTO room (room_id, type, status, dept_name) VALUES ('13', 'Αποθήκη', 'Κατειλημμένο', 'Psychiatry');
INSERT INTO room (room_id, type, status, dept_name) VALUES ('14', 'Διαγνωστική Αίθουσα', 'Κατειλημμένο', 'Pediatrics');
INSERT INTO room (room_id, type, status, dept_name) VALUES ('15', 'Γραφείο', 'Διαθέσιμο', 'Pediatrics');
INSERT INTO room (room_id, type, status, dept_name) VALUES ('16', 'Χειρουργική Αίθουσα', 'Υπό Συντήρηση', 'Haematology');
INSERT INTO room (room_id, type, status, dept_name) VALUES ('17', 'Κλίνες', 'Διαθέσιμο', 'ENT');
INSERT INTO room (room_id, type, status, dept_name) VALUES ('18', 'Χειρουργική Αίθουσα', 'Κατειλημμένο', 'Neurology');
INSERT INTO room (room_id, type, status, dept_name) VALUES ('19', 'Διαγνωστική Αίθουσα', 'Διαθέσιμο', 'Operating theatre (OT)');
INSERT INTO room (room_id, type, status, dept_name) VALUES ('20', 'Γραφείο', 'Κατειλημμένο', 'Orthopaedic');
INSERT INTO room (room_id, type, status, dept_name) VALUES ('21', 'Αίθουσα Αναμονής', 'Διαθέσιμο', 'Operating theatre (OT)');
INSERT INTO room (room_id, type, status, dept_name) VALUES ('22', 'Αποθήκη', 'Κατειλημμένο', 'Psychiatry');
INSERT INTO room (room_id, type, status, dept_name) VALUES ('23', 'Γραφείο', 'Υπό Συντήρηση', 'Gastroenterology');
INSERT INTO room (room_id, type, status, dept_name) VALUES ('24', 'Αίθουσα Αναμονής', 'Υπό Συντήρηση', 'General surgery');
INSERT INTO room (room_id, type, status, dept_name) VALUES ('25', 'Χειρουργική Αίθουσα', 'Κατειλημμένο', 'Orthopaedic');
INSERT INTO room (room_id, type, status, dept_name) VALUES ('26', 'Αποθήκη', 'Υπό Συντήρηση', 'Geriatric');
INSERT INTO room (room_id, type, status, dept_name) VALUES ('27', 'Κλίνες', 'Υπό Συντήρηση', 'Oncology');
INSERT INTO room (room_id, type, status, dept_name) VALUES ('28', 'ΤΕΠ', 'Υπό Συντήρηση', 'General surgery');
INSERT INTO room (room_id, type, status, dept_name) VALUES ('29', 'Διαγνωστική Αίθουσα', 'Υπό Συντήρηση', 'Psychiatry');
INSERT INTO room (room_id, type, status, dept_name) VALUES ('30', 'Διαγνωστική Αίθουσα', 'Υπό Συντήρηση', 'Orthopaedic');
INSERT INTO room (room_id, type, status, dept_name) VALUES ('31', 'Διαγνωστική Αίθουσα', 'Κατειλημμένο', 'Intensive care unit (ICU)');
INSERT INTO room (room_id, type, status, dept_name) VALUES ('32', 'Κλίνες', 'Διαθέσιμο', 'General surgery');
INSERT INTO room (room_id, type, status, dept_name) VALUES ('33', 'Αποθήκη', 'Υπό Συντήρηση', 'General surgery');
INSERT INTO room (room_id, type, status, dept_name) VALUES ('34', 'Αποθήκη', 'Διαθέσιμο', 'General surgery');
INSERT INTO room (room_id, type, status, dept_name) VALUES ('35', 'Χειρουργική Αίθουσα', 'Κατειλημμένο', 'Intensive care unit (ICU)');
INSERT INTO room (room_id, type, status, dept_name) VALUES ('36', 'ΤΕΠ', 'Διαθέσιμο', 'Anesthesiology');
INSERT INTO room (room_id, type, status, dept_name) VALUES ('37', 'Αίθουσα Αναμονής', 'Κατειλημμένο', 'Psychiatry');
INSERT INTO room (room_id, type, status, dept_name) VALUES ('38', 'ΤΕΠ', 'Υπό Συντήρηση', 'Gastroenterology');
INSERT INTO room (room_id, type, status, dept_name) VALUES ('39', 'Γραφείο', 'Διαθέσιμο', 'Inpatient Department (IPD)');
INSERT INTO room (room_id, type, status, dept_name) VALUES ('40', 'Γραφείο', 'Υπό Συντήρηση', 'Outpatient Department (OPD)');
INSERT INTO room (room_id, type, status, dept_name) VALUES ('41', 'Χειρουργική Αίθουσα', 'Διαθέσιμο', 'Intensive care unit (ICU)');
INSERT INTO room (room_id, type, status, dept_name) VALUES ('42', 'Διαγνωστική Αίθουσα', 'Υπό Συντήρηση', 'Pediatrics');
INSERT INTO room (room_id, type, status, dept_name) VALUES ('43', 'Διαγνωστική Αίθουσα', 'Διαθέσιμο', 'Geriatric');
INSERT INTO room (room_id, type, status, dept_name) VALUES ('44', 'ΤΕΠ', 'Υπό Συντήρηση', 'Gastroenterology');
INSERT INTO room (room_id, type, status, dept_name) VALUES ('45', 'ΤΕΠ', 'Κατειλημμένο', 'Urology');
INSERT INTO room (room_id, type, status, dept_name) VALUES ('46', 'Διαγνωστική Αίθουσα', 'Κατειλημμένο', 'Operating theatre (OT)');
INSERT INTO room (room_id, type, status, dept_name) VALUES ('47', 'Χειρουργική Αίθουσα', 'Διαθέσιμο', 'Neurology');
INSERT INTO room (room_id, type, status, dept_name) VALUES ('48', 'Κλίνες', 'Υπό Συντήρηση', 'Orthopaedic');
INSERT INTO room (room_id, type, status, dept_name) VALUES ('49', 'Κλίνες', 'Υπό Συντήρηση', 'Anesthesiology');
INSERT INTO room (room_id, type, status, dept_name) VALUES ('50', 'Αίθουσα Αναμονής', 'Διαθέσιμο', 'Urology');
INSERT INTO room (room_id, type, status, dept_name) VALUES ('51', 'Χειρουργική Αίθουσα', 'Διαθέσιμο', 'Casualty');
INSERT INTO room (room_id, type, status, dept_name) VALUES ('52', 'Διαγνωστική Αίθουσα', 'Υπό Συντήρηση', 'Orthopaedic');
INSERT INTO room (room_id, type, status, dept_name) VALUES ('53', 'Γραφείο', 'Κατειλημμένο', 'Opthalmology');
INSERT INTO room (room_id, type, status, dept_name) VALUES ('54', 'ΤΕΠ', 'Κατειλημμένο', 'Casualty');
INSERT INTO room (room_id, type, status, dept_name) VALUES ('55', 'Διαγνωστική Αίθουσα', 'Υπό Συντήρηση', 'Opthalmology');
INSERT INTO room (room_id, type, status, dept_name) VALUES ('56', 'Αποθήκη', 'Υπό Συντήρηση', 'Opthalmology');
INSERT INTO room (room_id, type, status, dept_name) VALUES ('57', 'Αποθήκη', 'Υπό Συντήρηση', 'Operating theatre (OT)');
INSERT INTO room (room_id, type, status, dept_name) VALUES ('58', 'Χειρουργική Αίθουσα', 'Κατειλημμένο', 'Orthopaedic');
INSERT INTO room (room_id, type, status, dept_name) VALUES ('59', 'Αίθουσα Αναμονής', 'Διαθέσιμο', 'Gastroenterology');
INSERT INTO room (room_id, type, status, dept_name) VALUES ('60', 'Αποθήκη', 'Κατειλημμένο', 'Anesthesiology');
INSERT INTO room (room_id, type, status, dept_name) VALUES ('61', 'Γραφείο', 'Υπό Συντήρηση', 'Outpatient Department (OPD)');
INSERT INTO room (room_id, type, status, dept_name) VALUES ('62', 'Αίθουσα Αναμονής', 'Υπό Συντήρηση', 'Operating theatre (OT)');
INSERT INTO room (room_id, type, status, dept_name) VALUES ('63', 'Αποθήκη', 'Διαθέσιμο', 'Gastroenterology');
INSERT INTO room (room_id, type, status, dept_name) VALUES ('64', 'Γραφείο', 'Κατειλημμένο', 'General surgery');
INSERT INTO room (room_id, type, status, dept_name) VALUES ('65', 'Αποθήκη', 'Κατειλημμένο', 'ENT');
INSERT INTO room (room_id, type, status, dept_name) VALUES ('66', 'Διαγνωστική Αίθουσα', 'Κατειλημμένο', 'Oncology');
INSERT INTO room (room_id, type, status, dept_name) VALUES ('67', 'Αποθήκη', 'Υπό Συντήρηση', 'ENT');
INSERT INTO room (room_id, type, status, dept_name) VALUES ('68', 'Κλίνες', 'Υπό Συντήρηση', 'Cardiology');
INSERT INTO room (room_id, type, status, dept_name) VALUES ('69', 'Κλίνες', 'Διαθέσιμο', 'Intensive care unit (ICU)');
INSERT INTO room (room_id, type, status, dept_name) VALUES ('70', 'Χειρουργική Αίθουσα', 'Υπό Συντήρηση', 'Cardiology');
INSERT INTO room (room_id, type, status, dept_name) VALUES ('71', 'Κλίνες', 'Διαθέσιμο', 'Urology');
INSERT INTO room (room_id, type, status, dept_name) VALUES ('72', 'Διαγνωστική Αίθουσα', 'Διαθέσιμο', 'Operating theatre (OT)');
INSERT INTO room (room_id, type, status, dept_name) VALUES ('73', 'Αίθουσα Αναμονής', 'Κατειλημμένο', 'Urology');
INSERT INTO room (room_id, type, status, dept_name) VALUES ('74', 'Αίθουσα Αναμονής', 'Διαθέσιμο', 'Neurology');
INSERT INTO room (room_id, type, status, dept_name) VALUES ('75', 'Χειρουργική Αίθουσα', 'Υπό Συντήρηση', 'Urology');
INSERT INTO room (room_id, type, status, dept_name) VALUES ('76', 'Γραφείο', 'Διαθέσιμο', 'Cardiology');
INSERT INTO room (room_id, type, status, dept_name) VALUES ('77', 'ΤΕΠ', 'Κατειλημμένο', 'Anesthesiology');
INSERT INTO room (room_id, type, status, dept_name) VALUES ('78', 'Γραφείο', 'Κατειλημμένο', 'Intensive care unit (ICU)');
INSERT INTO room (room_id, type, status, dept_name) VALUES ('79', 'Αίθουσα Αναμονής', 'Υπό Συντήρηση', 'Anesthesiology');
INSERT INTO room (room_id, type, status, dept_name) VALUES ('80', 'Αποθήκη', 'Κατειλημμένο', 'Pediatrics');
INSERT INTO room (room_id, type, status, dept_name) VALUES ('81', 'ΤΕΠ', 'Κατειλημμένο', 'Cardiology');
INSERT INTO room (room_id, type, status, dept_name) VALUES ('82', 'Χειρουργική Αίθουσα', 'Διαθέσιμο', 'Operating theatre (OT)');
INSERT INTO room (room_id, type, status, dept_name) VALUES ('83', 'Κλίνες', 'Υπό Συντήρηση', 'Haematology');
INSERT INTO room (room_id, type, status, dept_name) VALUES ('84', 'Διαγνωστική Αίθουσα', 'Κατειλημμένο', 'Geriatric');
INSERT INTO room (room_id, type, status, dept_name) VALUES ('85', 'Αποθήκη', 'Υπό Συντήρηση', 'ENT');
INSERT INTO room (room_id, type, status, dept_name) VALUES ('86', 'Αίθουσα Αναμονής', 'Κατειλημμένο', 'Pediatrics');
INSERT INTO room (room_id, type, status, dept_name) VALUES ('87', 'Διαγνωστική Αίθουσα', 'Υπό Συντήρηση', 'ENT');
INSERT INTO room (room_id, type, status, dept_name) VALUES ('88', 'Γραφείο', 'Κατειλημμένο', 'ENT');
INSERT INTO room (room_id, type, status, dept_name) VALUES ('89', 'Χειρουργική Αίθουσα', 'Διαθέσιμο', 'Haematology');
INSERT INTO room (room_id, type, status, dept_name) VALUES ('90', 'Κλίνες', 'Κατειλημμένο', 'Geriatric');
INSERT INTO room (room_id, type, status, dept_name) VALUES ('91', 'Γραφείο', 'Υπό Συντήρηση', 'Opthalmology');
INSERT INTO room (room_id, type, status, dept_name) VALUES ('92', 'ΤΕΠ', 'Διαθέσιμο', 'Casualty');
INSERT INTO room (room_id, type, status, dept_name) VALUES ('93', 'ΤΕΠ', 'Κατειλημμένο', 'Geriatric');
INSERT INTO room (room_id, type, status, dept_name) VALUES ('94', 'Γραφείο', 'Κατειλημμένο', 'Haematology');
INSERT INTO room (room_id, type, status, dept_name) VALUES ('95', 'Κλίνες', 'Υπό Συντήρηση', 'Intensive care unit (ICU)');
INSERT INTO room (room_id, type, status, dept_name) VALUES ('96', 'ΤΕΠ', 'Διαθέσιμο', 'Gastroenterology');
INSERT INTO room (room_id, type, status, dept_name) VALUES ('97', 'Αίθουσα Αναμονής', 'Διαθέσιμο', 'Urology');
INSERT INTO room (room_id, type, status, dept_name) VALUES ('98', 'Γραφείο', 'Διαθέσιμο', 'Casualty');
INSERT INTO room (room_id, type, status, dept_name) VALUES ('99', 'Γραφείο', 'Κατειλημμένο', 'Haematology');
INSERT INTO room (room_id, type, status, dept_name) VALUES ('100', 'Αποθήκη', 'Κατειλημμένο', 'Outpatient Department (OPD)');
INSERT INTO room (room_id, type, status, dept_name) VALUES ('101', 'Αίθουσα Αναμονής', 'Υπό Συντήρηση', 'Gynaecology');
INSERT INTO room (room_id, type, status, dept_name) VALUES ('102', 'Αίθουσα Αναμονής', 'Κατειλημμένο', 'Outpatient Department (OPD)');
INSERT INTO room (room_id, type, status, dept_name) VALUES ('103', 'Αποθήκη', 'Κατειλημμένο', 'Outpatient Department (OPD)');
INSERT INTO room (room_id, type, status, dept_name) VALUES ('104', 'Αίθουσα Αναμονής', 'Διαθέσιμο', 'ENT');
INSERT INTO room (room_id, type, status, dept_name) VALUES ('105', 'Αίθουσα Αναμονής', 'Υπό Συντήρηση', 'Neurology');
INSERT INTO room (room_id, type, status, dept_name) VALUES ('106', 'Αποθήκη', 'Κατειλημμένο', 'General surgery');
INSERT INTO room (room_id, type, status, dept_name) VALUES ('107', 'Αίθουσα Αναμονής', 'Διαθέσιμο', 'Psychiatry');
INSERT INTO room (room_id, type, status, dept_name) VALUES ('108', 'Γραφείο', 'Διαθέσιμο', 'Operating theatre (OT)');
INSERT INTO room (room_id, type, status, dept_name) VALUES ('109', 'ΤΕΠ', 'Διαθέσιμο', 'Outpatient Department (OPD)');
INSERT INTO room (room_id, type, status, dept_name) VALUES ('110', 'Διαγνωστική Αίθουσα', 'Κατειλημμένο', 'Urology');
INSERT INTO room (room_id, type, status, dept_name) VALUES ('111', 'Χειρουργική Αίθουσα', 'Κατειλημμένο', 'Pediatrics');
INSERT INTO room (room_id, type, status, dept_name) VALUES ('112', 'Χειρουργική Αίθουσα', 'Διαθέσιμο', 'Intensive care unit (ICU)');
INSERT INTO room (room_id, type, status, dept_name) VALUES ('113', 'ΤΕΠ', 'Διαθέσιμο', 'Geriatric');
INSERT INTO room (room_id, type, status, dept_name) VALUES ('114', 'Γραφείο', 'Κατειλημμένο', 'Psychiatry');
INSERT INTO room (room_id, type, status, dept_name) VALUES ('115', 'Αποθήκη', 'Διαθέσιμο', 'Operating theatre (OT)');
INSERT INTO room (room_id, type, status, dept_name) VALUES ('116', 'Γραφείο', 'Υπό Συντήρηση', 'Oncology');
INSERT INTO room (room_id, type, status, dept_name) VALUES ('117', 'ΤΕΠ', 'Διαθέσιμο', 'Cardiology');
INSERT INTO room (room_id, type, status, dept_name) VALUES ('118', 'Διαγνωστική Αίθουσα', 'Διαθέσιμο', 'Geriatric');
INSERT INTO room (room_id, type, status, dept_name) VALUES ('119', 'Κλίνες', 'Κατειλημμένο', 'General surgery');
INSERT INTO room (room_id, type, status, dept_name) VALUES ('120', 'Αίθουσα Αναμονής', 'Υπό Συντήρηση', 'Cardiology');
INSERT INTO room (room_id, type, status, dept_name) VALUES ('121', 'Γραφείο', 'Κατειλημμένο', 'Cardiology');
INSERT INTO room (room_id, type, status, dept_name) VALUES ('122', 'Χειρουργική Αίθουσα', 'Διαθέσιμο', 'General surgery');
INSERT INTO room (room_id, type, status, dept_name) VALUES ('123', 'Διαγνωστική Αίθουσα', 'Διαθέσιμο', 'Opthalmology');
INSERT INTO room (room_id, type, status, dept_name) VALUES ('124', 'ΤΕΠ', 'Διαθέσιμο', 'Cardiology');
INSERT INTO room (room_id, type, status, dept_name) VALUES ('125', 'Διαγνωστική Αίθουσα', 'Κατειλημμένο', 'Orthopaedic');
INSERT INTO room (room_id, type, status, dept_name) VALUES ('126', 'Χειρουργική Αίθουσα', 'Υπό Συντήρηση', 'Neurology');
INSERT INTO room (room_id, type, status, dept_name) VALUES ('127', 'ΤΕΠ', 'Κατειλημμένο', 'Inpatient Department (IPD)');
INSERT INTO room (room_id, type, status, dept_name) VALUES ('128', 'Γραφείο', 'Διαθέσιμο', 'Cardiology');
INSERT INTO room (room_id, type, status, dept_name) VALUES ('129', 'Κλίνες', 'Κατειλημμένο', 'Psychiatry');
INSERT INTO room (room_id, type, status, dept_name) VALUES ('130', 'Γραφείο', 'Κατειλημμένο', 'Oncology');
INSERT INTO room (room_id, type, status, dept_name) VALUES ('131', 'Γραφείο', 'Κατειλημμένο', 'Opthalmology');
INSERT INTO room (room_id, type, status, dept_name) VALUES ('132', 'Κλίνες', 'Διαθέσιμο', 'Neurology');
INSERT INTO room (room_id, type, status, dept_name) VALUES ('133', 'ΤΕΠ', 'Κατειλημμένο', 'Outpatient Department (OPD)');
INSERT INTO room (room_id, type, status, dept_name) VALUES ('134', 'Διαγνωστική Αίθουσα', 'Υπό Συντήρηση', 'ENT');
INSERT INTO room (room_id, type, status, dept_name) VALUES ('135', 'Γραφείο', 'Υπό Συντήρηση', 'General surgery');
INSERT INTO room (room_id, type, status, dept_name) VALUES ('136', 'ΤΕΠ', 'Κατειλημμένο', 'Casualty');
INSERT INTO room (room_id, type, status, dept_name) VALUES ('137', 'Γραφείο', 'Υπό Συντήρηση', 'Oncology');
INSERT INTO room (room_id, type, status, dept_name) VALUES ('138', 'ΤΕΠ', 'Κατειλημμένο', 'Urology');
INSERT INTO room (room_id, type, status, dept_name) VALUES ('139', 'Γραφείο', 'Κατειλημμένο', 'Psychiatry');
INSERT INTO room (room_id, type, status, dept_name) VALUES ('140', 'Γραφείο', 'Διαθέσιμο', 'Haematology');
INSERT INTO room (room_id, type, status, dept_name) VALUES ('141', 'Κλίνες', 'Διαθέσιμο', 'Haematology');
INSERT INTO room (room_id, type, status, dept_name) VALUES ('142', 'Γραφείο', 'Κατειλημμένο', 'Orthopaedic');
INSERT INTO room (room_id, type, status, dept_name) VALUES ('143', 'Χειρουργική Αίθουσα', 'Κατειλημμένο', 'Geriatric');
INSERT INTO room (room_id, type, status, dept_name) VALUES ('144', 'Αποθήκη', 'Υπό Συντήρηση', 'Urology');
INSERT INTO room (room_id, type, status, dept_name) VALUES ('145', 'Κλίνες', 'Διαθέσιμο', 'Anesthesiology');
INSERT INTO room (room_id, type, status, dept_name) VALUES ('146', 'ΤΕΠ', 'Υπό Συντήρηση', 'Operating theatre (OT)');
INSERT INTO room (room_id, type, status, dept_name) VALUES ('147', 'Αίθουσα Αναμονής', 'Κατειλημμένο', 'Opthalmology');
INSERT INTO room (room_id, type, status, dept_name) VALUES ('148', 'Αποθήκη', 'Διαθέσιμο', 'Neurology');
INSERT INTO room (room_id, type, status, dept_name) VALUES ('149', 'ΤΕΠ', 'Υπό Συντήρηση', 'Outpatient Department (OPD)');
INSERT INTO room (room_id, type, status, dept_name) VALUES ('150', 'Αίθουσα Αναμονής', 'Υπό Συντήρηση', 'ENT');
INSERT INTO bed (bed_id, type, status, dept_name, room_id) VALUES ('1', 'Μονόκλινο', 'Κατειλημμένη', 'Operating theatre (OT)', '145');
INSERT INTO bed (bed_id, type, status, dept_name, room_id) VALUES ('2', 'ΜΕΘ', 'Υπό Συντήρηση', 'Intensive care unit (ICU)', '141');
INSERT INTO bed (bed_id, type, status, dept_name, room_id) VALUES ('3', 'ΜΕΘ', 'Υπό Συντήρηση', 'General surgery', '132');
INSERT INTO bed (bed_id, type, status, dept_name, room_id) VALUES ('4', 'Πολύκλινο', 'Υπό Συντήρηση', 'Opthalmology', '129');
INSERT INTO bed (bed_id, type, status, dept_name, room_id) VALUES ('5', 'Μονόκλινο', 'Διαθέσιμη', 'Haematology', '119');
INSERT INTO bed (bed_id, type, status, dept_name, room_id) VALUES ('6', 'ΜΕΝΝ', 'Κατειλημμένη', 'Opthalmology', '95');
INSERT INTO bed (bed_id, type, status, dept_name, room_id) VALUES ('7', 'ΜΕΝΝ', 'Κατειλημμένη', 'Casualty', '90');
INSERT INTO bed (bed_id, type, status, dept_name, room_id) VALUES ('8', 'Μονόκλινο', 'Διαθέσιμη', 'ENT', '83');
INSERT INTO bed (bed_id, type, status, dept_name, room_id) VALUES ('9', 'Θάλαμος Νοσηλείας', 'Κατειλημμένη', 'Psychiatry', '71');
INSERT INTO bed (bed_id, type, status, dept_name, room_id) VALUES ('10', 'ΜΕΘ', 'Κατειλημμένη', 'Geriatric', '69');
INSERT INTO bed (bed_id, type, status, dept_name, room_id) VALUES ('11', 'ΜΕΝΝ', 'Κατειλημμένη', 'ENT', '68');
INSERT INTO bed (bed_id, type, status, dept_name, room_id) VALUES ('12', 'ΜΕΘ', 'Υπό Συντήρηση', 'Oncology', '49');
INSERT INTO bed (bed_id, type, status, dept_name, room_id) VALUES ('13', 'Πολύκλινο', 'Κατειλημμένη', 'Operating theatre (OT)', '48');
INSERT INTO bed (bed_id, type, status, dept_name, room_id) VALUES ('14', 'Μονόκλινο', 'Κατειλημμένη', 'Psychiatry', '32');
INSERT INTO bed (bed_id, type, status, dept_name, room_id) VALUES ('15', 'Θάλαμος Νοσηλείας', 'Διαθέσιμη', 'General surgery', '27');
INSERT INTO bed (bed_id, type, status, dept_name, room_id) VALUES ('16', 'Θάλαμος Νοσηλείας', 'Κατειλημμένη', 'Geriatric', '17');
INSERT INTO bed (bed_id, type, status, dept_name, room_id) VALUES ('17', 'ΜΕΝΝ', 'Διαθέσιμη', 'Inpatient Department (IPD)', '7');
INSERT INTO equipment (UID, description, room_id, dept_name) VALUES ('bc6dfdcf-2c30-4e9d-80a2-19735d452b96', 'Του ναι πιο στραβά. Μαγικά με δε απλό σου επιδιορθώσεις.', '126', 'Geriatric');
INSERT INTO equipment (UID, description, room_id, dept_name) VALUES ('e5824c1c-bce4-4ccb-a26b-72c16e4d7e6e', 'Χρονοδιαγράμματα θέλεις παίρνει συνεντεύξεις πως. Δεδομένων εκτός προγραμματιστές εντολές άλγεβρα.
Πιο τρόποι ως ότι μετρήσεις μιας.
Μη έξι στα. Ιδιαίτερα χρονοδιαγράμματος επενδυτής παίρνει έτοιμος.', '116', 'Geriatric');
INSERT INTO equipment (UID, description, room_id, dept_name) VALUES ('06e5dade-1a13-489c-a6ed-35a429eb218f', 'Δε στις όχι γνωστή μας ο. Νέων εκτός πάρεις χρειάζονται ροή. Μέχρι μας είχαμε προσπαθούν μετρήσεις.', '129', 'Operating theatre (OT)');
INSERT INTO equipment (UID, description, room_id, dept_name) VALUES ('6e7c5555-69c8-499d-814c-308f6f992587', 'Επιστρέφουν προβληματική μπουν μάθε παίρνει. Σχεδιαστής κανείς ένας πάντα έξι φράση ότι. Έξι προγραμματιστής τα τεσσαρών.
Απαραίτητο στο μπορούσες σημαντικό μιας κανείς. Αναφορά τι της.', '5', 'Psychiatry');
INSERT INTO equipment (UID, description, room_id, dept_name) VALUES ('8e6f777c-19a8-4d12-9d9c-a6417c31d557', 'Διαπιστώνεις πάντα έστειλε δούλευε. Δουλεύει πάντως ρουτίνα μέχρι φράση.
Περιβάλλον σωστά πως δουλεύει κάτι εφαρμογής σε. Ότι δεν νέων θέμα.', '137', 'Neurology');
INSERT INTO equipment (UID, description, room_id, dept_name) VALUES ('2d67d5d2-215a-4b8d-aff4-95ccfad76c57', 'Στα κόψεις κι το επιδιόρθωση. Αποφάσισε τους δεν επιδιορθώσεις.
Τους ρωτήσει της με δημιουργείς σε τα. Ανά ιδιαίτερα σημαντικός και είχαμε. Ο άρθρων τι περιμένουν προβληματική δεν στο.', '145', 'Oncology');
INSERT INTO equipment (UID, description, room_id, dept_name) VALUES ('fc123df4-9c30-42e5-8b60-dfc2ab142250', 'Κλπ σας δυστυχής κάτι προσθέσει.
Έρθει διασφαλίζεται φίλος και της επιδιορθώσεις για εκτός. Συγχωνευτεί ας προβληματική χάος για. Άρθρων εσωτερικών εγώ δεν έξι ανά.', '28', 'Gynaecology');
INSERT INTO equipment (UID, description, room_id, dept_name) VALUES ('3151a9dd-7278-4152-b219-7a9e98cf732f', 'Πιο συνέχεια χαρτιού έτοιμος. Εικόνες μπουν παράγοντες ανεπιθύμητη εξοργιστικά.
Παραδοτέου μη χρησιμοποιούνταν τον. Αλγόριθμου σκεφτείς πλέον αρέσει. Μου λοιπόν ελέγχου ως.', '85', 'Neurology');
INSERT INTO equipment (UID, description, room_id, dept_name) VALUES ('7d346987-82d9-4eb3-814e-3a6c4f5c49eb', 'Νέο προσλάμβανες πιο κάνεις. Ανταγωνιστής διακοπής τις επιδιορθώσεις επιδιόρθωση.
Ότι τελειώσει απομόνωση. Πηγαίου άλγεβρα φακέλους δεν επιστρέφουν πρόσληψη. Στα προγραμματιστής γεύματος συνάδελφος.', '76', 'Pediatrics');
INSERT INTO equipment (UID, description, room_id, dept_name) VALUES ('9f46cafc-c78b-4102-aba4-d6f761ff7b6a', 'Εκτός μεταγλωτίσει τον έτσι γραμμές προϊόντα σκεφτείς προγραμματιστής. Ας σημαντικό λιγότερο διορθώσεις εκτός. Και διακοπή χαρακτηριστικών γεγονός πρώτο. Με ίδιο μαγικά θα απίστευτα.', '147', 'Opthalmology');
INSERT INTO equipment (UID, description, room_id, dept_name) VALUES ('e636f937-00fd-4ccb-b5a9-69fe3363d236', 'Ρουτίνα δεν πόρτες δυστυχώς δημιουργήσεις κώδικα βασανίζουν επί.
Τη εργαζόμενων πλέον πάντα επί σε. Δεν αναφέρονται παράγοντες δύο μεταγλωτιστής. Αναφέρονται προκαλείς δε χαμηλός τα αποδείξεις.', '62', 'Casualty');
INSERT INTO equipment (UID, description, room_id, dept_name) VALUES ('9e558134-3449-465d-9056-df6a57b65536', 'Δε πολύ επί γέλασαν πεδία. Σας χειρότερα μαγικά για λαμβάνουν τον. Κειμένων διασφαλίζεται διαδίκτυο ανώδυνη συνάδελφος.
Κώδικα διάσημα στήλες μπουν τον. Θέλεις πεδία στις για δημιουργείς.', '85', 'Psychiatry');
INSERT INTO equipment (UID, description, room_id, dept_name) VALUES ('5c60ed60-0757-41cc-822a-37e89319bd1e', 'Σε πεδία πετάνε μεταφραστής πάντως. Ποια μεταφραστής κάτι διευθυντές. Έτοιμος εδώ πάρα σημαντικός πετάνε όχι.', '8', 'Outpatient Department (OPD)');
INSERT INTO equipment (UID, description, room_id, dept_name) VALUES ('18f57d0e-aa91-432f-a228-0c77d80ecc36', 'Και κι δείξει εδώ διολισθήσεις διορθώσει. Γεύματος παραπάνω πάρα μην.
Ας προσεκτικά διάβασε στο ο εκδόσεις περιβάλλοντος. Εκτός όχι ίδιο αφήσεις πάντως τι. Πάρα φίλος ως.', '23', 'Oncology');
INSERT INTO equipment (UID, description, room_id, dept_name) VALUES ('ef49d5aa-a13d-4e3f-90d7-1c3800e8df72', 'Διασφαλίζεται άπειρα αποκλειστικούς επί δημιουργια. Σαν άρα όταν διαχειριστής. Πακέτων παίξουν στέλνοντάς στο βαθμό παραδώσεις.', '150', 'Anesthesiology');
INSERT INTO equipment (UID, description, room_id, dept_name) VALUES ('bcbebfbd-0d35-43f6-a2c3-09e3ac7a5963', 'Νέου της γειτονιάς. Εφαμοργής απόλαυσε διορθώσεις οι προγραμματιστής πιο τα.
Ροή κώδικάς την στο λιγότερο των λίγο. Μετρήσεις και αποδείξεις αρχεία τελειώσει φράση χαμηλός.', '27', 'General surgery');
INSERT INTO equipment (UID, description, room_id, dept_name) VALUES ('f66ca7c5-4559-495f-8692-371597af507b', 'Μην καλύτερο τι. Τη σπίτι ρουτίνα τεσσαρών αναφέρονται. Σε προκαλείς εγώ σκεφτείς προϊόντα εταιρείες.
Χρησιμοποίησέ έξι ανά χρησιμοποίησέ. Πάρα γεύματος εικόνες στα.', '34', 'Haematology');
INSERT INTO equipment (UID, description, room_id, dept_name) VALUES ('89360d23-e44c-466e-93e9-d46c4210fa79', 'Επί νέο εφαρμογή πάντως απαρατήρητο. Έχω ας πιο μη πακέτων ειδικά για.
Περιβάλλον πιο σκεφτείς απόλαυσε γραμμές. Ήδη μιας ρουτίνα χρησιμοποιούσες πάντα επί στα.', '137', 'Outpatient Department (OPD)');
INSERT INTO equipment (UID, description, room_id, dept_name) VALUES ('b87f378e-f004-4969-9bc4-8b405f8df9cb', 'Διακόψουμε ποσοστό το. Μάλλον έλεγχος μεταφραστής στα απαρατήρητο μεταγλωτιστής. Πολύ χρόνου στο ερωτήσεις περίπου δεν ερωτήσεις. Πιο θέμα αποστηθίσει έξι μέρος έστειλε.', '58', 'Urology');
INSERT INTO equipment (UID, description, room_id, dept_name) VALUES ('ea84acca-32b8-443c-89d8-3a3cbc9b9383', 'Διάσημα πολύ κανένας γνωρίζουμε. Ποια θέμα ότι λέει. Γραμμές παίξουν δε εκτελέσεις.
Από δε αγοράζοντας δύο τη περισσότερη ποια. Επιστρέφουν γνωστή ναι εγώ προσπαθούν δωροδοκηθούν για.', '117', 'General surgery');
INSERT INTO equipment (UID, description, room_id, dept_name) VALUES ('b88f4730-be3d-459b-a61f-ec7acf2a453a', 'Ελέγχου ρωτάει τρόποι σας. Χρησιμοποιούνταν βιβλίο λετπά πετάξαμε.
Πιο σας όταν θα μέρος βιαστικά. Μαγικά επί πάντως γραμμή σημαντικό μας και δυστυχής.', '18', 'Cardiology');
INSERT INTO equipment (UID, description, room_id, dept_name) VALUES ('2ab35c90-285c-4233-bc82-9eeb8b81d6b8', 'Δύο σημεία εδώ. Περισσότερες εκτός διορθώσει ωραίο προσεκτικά να και. Που ήδη θυμάμαι στις τη έξι εργαζόμενων.', '123', 'Urology');
INSERT INTO equipment (UID, description, room_id, dept_name) VALUES ('958c2eff-f248-4f63-94aa-2fd1e0bfa345', 'Έξι μέχρι της. Έγραψες γεύματος μη.
Ο πρώτο γέλασαν να ποια. Πρώτο μην ανακλύψεις σχεδιαστής γραμμή ελέγχου. Δεν ανεπιθύμητη γραφικά πλέον υόρκη.', '103', 'Anesthesiology');
INSERT INTO equipment (UID, description, room_id, dept_name) VALUES ('167c1feb-f7d2-4116-8dfb-10205d4aa779', 'Παίρνουν ναι σας χαμηλός. Πήρε απόλαυσε τον διορθώσει επιστρέφουν κάτι. Περισσότερη κώδικάς μα εκτελέσεις.', '150', 'Gastroenterology');
INSERT INTO equipment (UID, description, room_id, dept_name) VALUES ('b4113e19-92ea-42c9-bf57-fa8a1bfd10e1', 'Δίνοντας νιρβάνα μας όσο. Μιας ειδικά διαδίκτυο στις λίγο.
Περιεχόμενα εγώ σαν δίνοντας ποια κοιτάζοντας δύο ας. Έξι τι ύψος.
Πιο ανά μην. Πετάνε αυτήν επί εκτός αγοράζοντας δύο άρα.', '4', 'Casualty');
INSERT INTO equipment (UID, description, room_id, dept_name) VALUES ('4c9225d4-f979-4bc5-9469-e71db5723159', 'Συνέχεια βιβλίο έξι εδώ επί βασανίζουν. Έξι τι βγήκε στραβά ένα εργάστηκε χάος μάτσο.
Αρχεία εξοργιστικά χαμηλός ναι υπηρεσία ελέγχου. Ναι αφήσεις άρα χρησιμοποίησέ ίδιο.', '145', 'Casualty');
INSERT INTO equipment (UID, description, room_id, dept_name) VALUES ('81a64b16-e015-41aa-91c9-4646819931fa', 'Του ίδιο μετράει βγήκε βιβλίο. Θα για θα τελειώσει μπουν εντολές.', '10', 'Operating theatre (OT)');
INSERT INTO equipment (UID, description, room_id, dept_name) VALUES ('d5e9d84e-4b07-4387-9762-b3f2192f5b3b', 'Μας όταν διορθώσει εντολές προσοχή φίλος χαρτιού νόμιζες. Πάντως λοιπόν διορθώσεις λιγότερο παίρνουν.', '117', 'Urology');
INSERT INTO equipment (UID, description, room_id, dept_name) VALUES ('a4656e00-3257-4cad-bce1-b752bf80321a', 'Επί σημεία κι δίνοντας τα. Μη ώρα κι γειτονιάς.
Γεύματος περιεχόμενα δημιουργήσεις στη. Επί εγώ σωστά. Όχι μας σαν βιβλίο.', '120', 'Operating theatre (OT)');
INSERT INTO equipment (UID, description, room_id, dept_name) VALUES ('43635116-5a58-4c34-98df-9a4a4b17a68b', 'Δύο προκαλείς σημαντικό εγώ μα. Θα το πακέτων περιβάλλοντος ιδιαίτερα. Σταματάς κοιτάζοντας πες τα μέρος νέου γραμμής τεκμηριώνει.
Πες γραφικά για αρχεία.', '92', 'Operating theatre (OT)');
INSERT INTO equipment (UID, description, room_id, dept_name) VALUES ('9fd73a07-79db-4786-9252-362c93f73227', 'Δίνοντας στις επεξεργασία διοικητικό υόρκη. Νέων τύπους εγώ έρθει αγοράζοντας γιαυτό δεν. Έξι συγκεντρωμένοι ίδιο ο αθόρυβες.
Χαμηλός τα γραμμή πολύ χαρακτηριστικών γραμμές.', '139', 'Geriatric');
INSERT INTO equipment (UID, description, room_id, dept_name) VALUES ('bd832db0-e96b-4652-bde4-9021c08ca2d0', 'Μάλλον όσο περιεχόμενα μετράει διολισθήσεις. Μην περιβάλλον επιδιορθώσεις τους για φακέλους τοπικές. Τοπικές τι μηχανής παίρνουν.', '86', 'ENT');
INSERT INTO equipment (UID, description, room_id, dept_name) VALUES ('481a1d36-4976-44a1-a4ab-1c93a1312ae1', 'Που διάβασε πεδία κόλπα ποια. Αναφέρονται αυτήν εξαρτάται κρατήσουν των εργαλείων. Μάθε απαράδεκτη τον έχω με όταν.
Επί κανείς κόλπα τοπικές σαν φίλος. Εγώ στις σας χαρτιού.', '143', 'Geriatric');
INSERT INTO equipment (UID, description, room_id, dept_name) VALUES ('30069b65-bb88-4d37-9cb6-27dcbb474deb', 'Τις το μέγιστη κοιτάζοντας περιμένουν. Όταν πακέτων γιαυτό αναγκάζονται.
Τελειώσει πλέον ένας πιο ότι μπουν. Των εξοργιστικά δε φίλος έτσι βαθμό εξοργιστικά χρονοδιαγράμματος.', '7', 'Inpatient Department (IPD)');
INSERT INTO equipment (UID, description, room_id, dept_name) VALUES ('9e8f56c3-ab73-46dc-a55e-4b936f002b1d', 'Απλό οι κλπ συνάδελφος. Γεγονός ημέρα όχι αντιλήφθηκαν. Αλγόριθμου πάντα ρωτάει παράγοντες ίδιο κι στο μην. Κάνεις τεκμηριώνει έτσι σημαντικό.
Απομόνωση συνάδελφος πως.', '29', 'Opthalmology');
INSERT INTO equipment (UID, description, room_id, dept_name) VALUES ('89fb83c6-07f6-4e6a-8ca4-28c4589b6949', 'Άρα έτοιμος γραμμής ερώτηση δημιουργήσεις. Αναφορά άρθρων λοιπόν πάντως αποστηθίσει είχαμε μου παραγωγικής. Μέχρι όσο κώδικα δοκιμάσεις μου ένα.', '102', 'Urology');
INSERT INTO equipment (UID, description, room_id, dept_name) VALUES ('554a8414-2641-4bf5-b135-ddf34be54e3e', 'Αναγκάζονται το επεξεργασία φράση. Αν έγραψες προγραμματιστής μας απόλαυσε μια παράδειγμα.', '84', 'Oncology');
INSERT INTO equipment (UID, description, room_id, dept_name) VALUES ('cb196b67-4829-4571-8cb4-fecb9c74ecf0', 'Μια νιρβάνα χαρτιού πλέον δίνοντας σωστά διάσημα. Ατόμου λες εργαζόμενων ως. Πάντα διασφαλίζεται το.', '1', 'Urology');
INSERT INTO equipment (UID, description, room_id, dept_name) VALUES ('4f7b4f4b-9358-499b-b10f-8622516e5f88', 'Ήδη συγκεντρωμένοι έχω λοιπόν μη. Αν διάβασε σκεφτείς. Έλεγχος κανένας αφήσεις άλγεβρα υπηρεσία εκθέσεις.
Ταξινομεί ένας μα ελέγχου του. Περιμένουν ερώτηση ξέχασε ανά τεσσαρών. Δύο τα εδώ βιαστικά.', '98', 'Intensive care unit (ICU)');
INSERT INTO equipment (UID, description, room_id, dept_name) VALUES ('acd7acbc-653d-4fc3-8bd7-24ddd5e1d0e6', 'Ερώτηση ως γειτονιάς μη συνεντεύξεις.
Ο πόρτες μπουν αποθηκευτικού ένας σταματάς αυτήν σπίτι. Εφαρμογή φίλος ένας ποια γραμμή μετράει πάντα. Δημιουργήσεις δυστυχώς πάντως θέλεις πόρτες.', '108', 'Anesthesiology');
INSERT INTO equipment (UID, description, room_id, dept_name) VALUES ('347c6937-2620-4970-acad-bdbeb6ad417a', 'Μιας πιο χάος. Του δε προσπαθήσεις συγγραφής εκείνου σπίτι άπειρα.
Συνάδελφος εδώ περιεχόμενα. Δοκιμάσεις τα γραφικά. Παίξουν ένας έρθει περίπου γειτονιάς τα.
Σημεία χώρου ποια μπορούσες των έρθει.', '87', 'ENT');
INSERT INTO equipment (UID, description, room_id, dept_name) VALUES ('e29d7e37-9f71-478a-b6fe-eb71a17fe3ca', 'Σας προγραμματιστής εφαρμογή ένας μέχρι για. Υόρκη αναγκάζονται απόλαυσε κι. Προσεκτικά από πρώτο κι εργοστασίου εκτελείται συνηθίζουν.', '12', 'ENT');
INSERT INTO equipment (UID, description, room_id, dept_name) VALUES ('24252e16-fa16-44f9-969a-2b024e98a196', 'Κι τα ήδη επιδιόρθωση βάζοντας αρπάζεις πεδία ότι.', '19', 'Geriatric');
INSERT INTO equipment (UID, description, room_id, dept_name) VALUES ('4f62c0af-a264-4fc0-85a2-6083806c30a4', 'Εδώ ας πιο που εργασίας διορθώσει. Ανά πόρτες εγώ εφαμοργής.
Εγώ εσωτερικών γραμμής. Μου ανεπιθύμητη εργοστασίου κι βουτήξουν κλπ έξι γεύματος.', '129', 'Outpatient Department (OPD)');
INSERT INTO equipment (UID, description, room_id, dept_name) VALUES ('efc722e9-29bd-4d99-8749-9430354eb546', 'Εγώ αν εκτός τοπικές τελειώσει αποκλειστικούς παραπάνω προϊόντα. Αποκλειστικούς μέχρι δε για για έρθει.', '45', 'Cardiology');
INSERT INTO equipment (UID, description, room_id, dept_name) VALUES ('417ee46f-7e2a-43d2-95d6-717a11659e13', 'Δουλεύει πάρεις ζητήσεις γειτονιάς έλεγχος. Συγγραφής έτσι βρίσκονται σπίτι πάντως το ανά. Φακέλους κώδικα απαράδεκτη βρίσκονται.', '133', 'Urology');
INSERT INTO equipment (UID, description, room_id, dept_name) VALUES ('5afaa686-ce72-44ba-a0c4-d14b6ed5e96c', 'Μιας πηγαίου επί τοπικές. Τους απόλαυσε άρα σημεία τρόποι χάος. Έτοιμος κανόνα συνεντεύξεις τεσσαρών.
Χαρακτηριστικών τρόποι μου υόρκη μάλλον.', '135', 'Casualty');
INSERT INTO equipment (UID, description, room_id, dept_name) VALUES ('e9e64d5d-5409-4556-bb3a-d928c493a9d6', 'Φακέλους μέχρι τοπικές φαινόμενο τη παίρνει. Γέλασαν λίγο εταιρείες. Μηχανής έξι εκείνου κώδικα όχι μη που.', '138', 'Oncology');
INSERT INTO equipment (UID, description, room_id, dept_name) VALUES ('e3fe85c5-df58-460e-9347-495bda220616', 'Της εκδόσεις ποσοστό χρησιμοποιώντας τεκμηριώνει. Ίδιο τα περισσότερες εργασίας γράψει. Μαγικά για κι.', '59', 'Neurology');
INSERT INTO equipment (UID, description, room_id, dept_name) VALUES ('1497ff6b-b996-4394-b659-60992aae1763', 'Χρονοδιαγράμματα τα παραγωγικής κι άρα χαρτιού που μέχρι. Δύο εργασίας γραμμής ήδη. Την εκτός σκεφτείς σαν αναφέρονται δυστυχώς.', '105', 'Gastroenterology');
INSERT INTO equipment (UID, description, room_id, dept_name) VALUES ('a11c686d-b60c-4562-8a2f-fb0f46a5b5af', 'Περίπου περίπου προσπαθούν κανένας. Μετρήσεις επί ροή προσπαθούν τρόποι. Πετούν εφαρμογή κώδικάς της.', '99', 'ENT');
INSERT INTO equipment (UID, description, room_id, dept_name) VALUES ('1b9591ba-7cf1-400c-bfca-c1477b6dbe54', 'Και περιβάλλον προσθέσει εκδόσεις. Ο να σωστά. Εδώ προγραμματιστές νόμιζες νιρβάνα διαχειριστής χρησιμοποιούσες απαραίτητο αλγόριθμου.', '61', 'Casualty');
INSERT INTO equipment (UID, description, room_id, dept_name) VALUES ('6d9fec31-579d-4fc2-82eb-15fb4e2e7b9e', 'Ατόμου πιο ζητήσεις. Τέλειοι συνέχεια αποφάσισε μας μου.
Επί προϊόντα αν φράση πάρεις δουλεύει. Διάβασε νόμιζες μιας δεν κανένας κάνεις.', '147', 'Anesthesiology');
INSERT INTO equipment (UID, description, room_id, dept_name) VALUES ('4610f6f8-4ffd-42cd-9b92-b186863d7aa4', 'Εκτελέσεις παράδειγμα δημιουργείς στα εφαμοργής. Απόλαυσε χρονοδιαγράμματος μια διορθώσει για περιεχόμενα. Επιδιόρθωση κι στα μια πλέον δημιουργείς.
Προκαλείς έλεγχος από γραμμής. Δε παραπάνω σας τα.', '100', 'Haematology');
INSERT INTO equipment (UID, description, room_id, dept_name) VALUES ('f0778365-420d-4a91-bdb5-ca7c63629fe1', 'Τους διορθώσεις γέλασαν. Στέλνοντάς εκτός πλέον πρόσληψη νέου δεδομένων. Με περιεχόμενα γραμμές έστελνε.', '9', 'Orthopaedic');
INSERT INTO equipment (UID, description, room_id, dept_name) VALUES ('42fa8139-b96b-415c-abdb-a71d61b9bfcf', 'Πρώτοι παίρνει ποια ένα και τεσσαρών οι. Εργαζόμενων δεν μέρος εργαζόμενων.', '135', 'Gynaecology');
INSERT INTO equipment (UID, description, room_id, dept_name) VALUES ('3f2f808b-fb2b-44c9-bc7e-1135ba38680d', 'Δε σαν ανά κρατήσουν μάλλον προγραμματιστές. Εφαρμογή στη ένα απίστευτα.', '6', 'Urology');
INSERT INTO equipment (UID, description, room_id, dept_name) VALUES ('1e12933b-ad04-4487-abc9-f88cfb14c8c1', 'Για αυτός μερικούς μεταγλωτίσει ανταγωνιστής. Πάντα πρώτης παραπάνω αποστηθίσει πρώτης πρώτοι δεν.
Λες νέων εδώ οι αναγκάζονται μου πετούν.', '92', 'Gastroenterology');
INSERT INTO equipment (UID, description, room_id, dept_name) VALUES ('6e340896-cb2e-404d-a721-92a25ca714cf', 'Χρονοδιαγράμματος επί από έλεγχος απαρατήρητο. Κι προκύπτουν έλεγχος.
Πάντα συνεντεύξεις επιδιορθώσεις διολισθήσεις. Έστειλε πως προσπαθούν τον. Ως τι συνεντεύξεις ρωτήσει πάρα μηχανής.', '145', 'General surgery');
INSERT INTO equipment (UID, description, room_id, dept_name) VALUES ('39326f37-31fe-42b7-95f2-333bd34c5c44', 'Χρησιμοποίησέ μη επεξεργασία και για κόψεις. Μέχρι πως ανά σχεδιαστής ερωτήσεις. Ως μια θα εκτός.', '30', 'ENT');
INSERT INTO equipment (UID, description, room_id, dept_name) VALUES ('a47a2434-5891-4836-8474-36e6a7588676', 'Σε απαρατήρητο ζητήσεις προσλάμβανες λαμβάνουν εργάστηκε και. Στα ποσοστό έρθει συγκεντρωμένοι δυστυχής καλύτερο. Χρησιμοποιούνταν τρέξει συγχωνευτεί δυστυχής ποσοστό δεδομένων αρπάζεις.', '99', 'Pediatrics');
INSERT INTO equipment (UID, description, room_id, dept_name) VALUES ('d24503e2-167e-40c0-962e-c7872b70fdb2', 'Μαγικά ένα προσπαθήσεις προσλάμβανες σημεία δυστυχής δεν.
Πόρτες γνωστή ότι θα κρατήσουν μη. Ατόμου ώρα πάντα διευθυντές επεξεργασία. Αυτός προσοχή λιγότερο περισσότερη εργαζόμενοι.', '80', 'Inpatient Department (IPD)');
INSERT INTO equipment (UID, description, room_id, dept_name) VALUES ('ed9f4144-0492-4561-bd7d-4010f5aa8dc2', 'Μη μηχανής γραφικά χαρακτηριστικό σας ο. Χαρτιού άρα ρωτήσει προσοχή έτοιμος κοιτάζοντας.
Γνωστή από άρα κώδικάς επενδυτής χαρακτηριστικών. Μηχανής μιας παραπάνω έχω διαδίκτυο.', '32', 'Psychiatry');
INSERT INTO equipment (UID, description, room_id, dept_name) VALUES ('c34b2464-d640-46e8-94c0-fa5775f54abe', 'Προσλάμβανες να και φίλος. Φακέλους χρησιμοποίησέ κι πάντως έλεγχος.
Αρπάζεις θέμα έστελνε παίρνει. Έχω τρέξει ένας διασφαλίζεται έχω ροή. Γεύματος ας άρα το εσωτερικών βασανίζουν ένας.', '44', 'Gynaecology');
INSERT INTO equipment (UID, description, room_id, dept_name) VALUES ('5be0cc7c-6be0-4e43-bc33-5b36d65a3c5c', 'Περισσότερη δε εργοστασίου βαθμό δεν. Ειδικά έχω μην δύο ακούσει μέσης κανένας.
Με πήρε γιαυτό σου γειτονιάς και θέλεις. Ένας διάβασε έτσι στη.', '107', 'Urology');
INSERT INTO equipment (UID, description, room_id, dept_name) VALUES ('8f55c995-0b8e-4c08-a9aa-72407f42064c', 'Βιβλίο μας τους παραδώσεις προγραμματιστής προσπαθούν σχεδιαστής. Παραγωγικής άλγεβρα ελέγχου επί μερικούς όταν τύπους ότι. Αντιλήφθηκαν αν νέου πλέον. Σπίτι θυμάμαι κώδικάς εκδόσεις.', '137', 'Intensive care unit (ICU)');
INSERT INTO equipment (UID, description, room_id, dept_name) VALUES ('837f3094-291a-4a6a-8247-4cd84ab4abe3', 'Εδώ σίγουρος ο διορθώσεις. Περιμένουν έτσι μου σου ανά κάτι. Μέχρι και κοιτάζοντας προγραμματιστές.', '120', 'Intensive care unit (ICU)');
INSERT INTO equipment (UID, description, room_id, dept_name) VALUES ('a263f992-be8e-44a7-b317-397819f083cd', 'Αν λίγο ευκολότερο εργοστασίου. Λιγότερο πάντως τελειώσει σχεδιαστής τύπους πάρα της μπορούσες. Προσλάμβανες φίλος μετρήσεις χρονοδιαγράμματα.', '150', 'Urology');
INSERT INTO equipment (UID, description, room_id, dept_name) VALUES ('fcfb7c35-8584-4ac6-ba99-f63d1b382ff0', 'Κάτι κάνεις δε έστελνε διαχειριστής δημιουργια. Ότι εξακολουθεί την κόψεις τελειώσει απλό οι.
Μπορούσες περίπου ελέγχου τεκμηριώνει. Πιο βιβλίο είχαμε ήδη εκείνου ημέρα.', '138', 'Psychiatry');
INSERT INTO equipment (UID, description, room_id, dept_name) VALUES ('923aa08d-0894-4466-93ec-12f851fa3af8', 'Γειτονιάς ευκολότερο διολισθήσεις έξι επί τεσσαρών από. Σωστά σταματάς κώδικα άρα απλό. Διευθυντές ατόμου είχαμε έστειλε μεταγλωτιστής διακοπή διολισθήσεις.', '140', 'Gastroenterology');
INSERT INTO equipment (UID, description, room_id, dept_name) VALUES ('fcf30d18-911f-466e-9aa8-5043fcc5397e', 'Και συγχρόνως ειδικά πήρε. Εκτελέσεις πετάνε χαμηλός του είχαμε σημαντικό λετπά. Παραδοτέου διάσημα και.', '89', 'Opthalmology');
INSERT INTO equipment (UID, description, room_id, dept_name) VALUES ('6dfd77d0-9027-4e6c-8cb8-96a9c6ae6922', 'Μηχανής προϊόντα όχι εξαρτάται.
Αναφέρονται γράψει το. Ήδη εργάστηκε δείξει. Πετάνε γραφικά είχαμε εγώ.', '82', 'Psychiatry');
INSERT INTO equipment (UID, description, room_id, dept_name) VALUES ('546f753a-cba0-41ef-82f5-a0b5f2a1cacd', 'Ακούσει τον εδώ κάνε εκθέσεις. Και παραγωγικής τι ωραίο του ήδη.
Μπουν δεν θέμα παραδώσεις εκτελέσει εφαμοργής πάντα αλγόριθμου. Του μάλλον τις πρώτης τρέξει ένα.', '109', 'Intensive care unit (ICU)');
INSERT INTO equipment (UID, description, room_id, dept_name) VALUES ('792789e0-9230-4558-9c01-88976de73145', 'Δεν μηχανής απαράδεκτη αρέσει. Γέλασαν συνέχεια δεν νέο περισσότερες. Αγοράζοντας αρχεία χρειάζονται εκτός.', '131', 'Psychiatry');
INSERT INTO equipment (UID, description, room_id, dept_name) VALUES ('ed13d483-c028-4df1-b3e0-c570503fbf58', 'Υψηλότερη περιβάλλοντος δύο έστειλε αποστηθίσει. Νέου παίξουν αναγκάζονται πλέον. Αρπάζεις διακοπής ρωτήσει.', '47', 'Intensive care unit (ICU)');
INSERT INTO equipment (UID, description, room_id, dept_name) VALUES ('7492782a-edb2-4737-a941-316b8d44432d', 'Λαμβάνουν δε ο εργασίας εργασίας χειρότερα γραμμής. Ατόμου πλέον θέματα διολισθήσεις δύο στα και. Εκτός μαγικά γραφικά το.', '87', 'Gynaecology');
INSERT INTO equipment (UID, description, room_id, dept_name) VALUES ('831c850b-66e6-46ce-9bce-9142ae96f069', 'Έξι στη έλεγχος έχω εκτός αποστηθίσει να. Δοκιμάσεις παραδώσεις ωραίο προκύπτουν.
Δύο προσπαθήσεις ως μάθε πετάνε ήδη γειτονιάς εγώ. Αναγκάζονται κανόνα προσοχή μου απαρατήρητο γραμμές.', '69', 'Gynaecology');
INSERT INTO equipment (UID, description, room_id, dept_name) VALUES ('6c1031aa-3d61-42eb-88ee-9cd57d03a1d7', 'Απίστευτα υόρκη πρόσληψη στη τι την καταλάθος. Ναι εργαζόμενων πάρεις υποψήφιο τον τις τύπου. Απαράδεκτη ναι απλό διορθώσει αρέσει προϊόντα.', '75', 'ENT');
INSERT INTO equipment (UID, description, room_id, dept_name) VALUES ('2d69f5d7-d075-42bb-a35e-811ac8091f5b', 'Δωροδοκηθούν ένας περισσότερη πλέον φαινόμενο αν. Ήδη έτοιμος απόλαυσε επί πλέον κλπ.
Δείξει όταν ναι χρονοδιαγράμματα. Κειμένων κρατάει συγγραφείς λέει σημεία τεσσαρών.', '121', 'Oncology');
INSERT INTO equipment (UID, description, room_id, dept_name) VALUES ('de5c4c28-33a7-4237-94bb-bd7a68e964df', 'Μη επιδιορθώσεις εργαζόμενοι δημιουργείς μεταγλωτίσει συνεχώς. Εργοστασίου επεξεργασία απαρατήρητο τη. Σου ίδιο νέου πολύ άρθρων κόλπα ταξινομεί.', '146', 'Oncology');
INSERT INTO equipment (UID, description, room_id, dept_name) VALUES ('f1319c90-2ef1-485f-b1d5-8d9026a615c6', 'Σας ερωτήσεις σημαντικός ωραίο. Αρπάζεις κύκλο λαμβάνουν οι διάβασε. Που κόψεις νέων.', '70', 'Orthopaedic');
INSERT INTO equipment (UID, description, room_id, dept_name) VALUES ('208ffbfd-e9b9-472c-a2eb-e2535d0aeef3', 'Μετρήσεις ας πιο μέχρι σας σου. Γεγονός τι γραφικά δείξει ημέρα λοιπόν γραμμές.
Προϊόντα νέα αποδείξεις. Φίλος εργαλείων σπίτι δεδομένων τα σε.', '93', 'Oncology');
INSERT INTO equipment (UID, description, room_id, dept_name) VALUES ('327b8d2b-3218-4909-8cfe-aacff7f08b56', 'Μας σου απαρατήρητο αποφάσισε ρουτίνα γεύματος σαν κανένας. Δουλεύει γειτονιάς πολύ βαθμό υποψήφιο. Εργαλείων απλό μάτσο μεταγλωτιστής δεν μας.
Έξι και γέλασαν αφήσεις δεν χαρτιού.', '111', 'Geriatric');
INSERT INTO equipment (UID, description, room_id, dept_name) VALUES ('c72943d1-a55c-4c2c-98ab-492f207b3fe0', 'Χώρου κόλπα γράψει λαμβάνουν. Χαρτιού πάντως ως.', '46', 'Casualty');
INSERT INTO equipment (UID, description, room_id, dept_name) VALUES ('2c1fff25-1d59-451a-b330-ab37f1026083', 'Στα σου κανένας παραπάνω δημιουργια γράψει. Σας τύπου διοικητικό δημιουργείς προϊόντα χρόνου. Παραγωγικής προγραμματιστές πλέον πάρα εργαζόμενοι περιβάλλον πως.', '121', 'Psychiatry');
INSERT INTO equipment (UID, description, room_id, dept_name) VALUES ('aced163b-804c-4982-b772-e3bf7605f14e', 'Χρονοδιαγράμματα και μην λέει κανένας. Περισσότερες προσλάμβανες τι κώδικάς.', '125', 'Gynaecology');
INSERT INTO equipment (UID, description, room_id, dept_name) VALUES ('91510d67-42b5-485a-b999-877b9c86e7a5', 'Ποια μα εργαζόμενων σκεφτείς αρπάζεις. Δυστυχώς περιμένουν χρησιμοποιούσες περιβάλλοντος στη.
Υψηλότερη προσθέσει εδώ μου. Λίγο πως πιο μας. Διαδίκτυο νόμιζες ποια σε τους ευκολότερο.', '2', 'Oncology');
INSERT INTO equipment (UID, description, room_id, dept_name) VALUES ('6ea18de7-861a-489e-bca7-0aef04685ecd', 'Μάθε εδώ ορίστε γνωστή ερωτήσεις χάος. Άρα τύπους τύπους εργαλείων όχι.
Συγχωνευτεί προσθέσει μπορούσες. Δείξει ώρα αυτός ρουτίνα αρπάζεις προγραμματιστές βασανίζουν.', '53', 'Urology');
INSERT INTO equipment (UID, description, room_id, dept_name) VALUES ('edf9a169-c304-47f9-be78-d5e2e6433c3f', 'Γραμμής μεταγλωτιστής ήδη κόψεις γραμμής. Εφαρμογής ορίστε κανείς ποια μας ποσοστό έξι. Λαμβάνουν έξι χώρου κώδικα νιρβάνα σημεία σου από.', '49', 'ENT');
INSERT INTO equipment (UID, description, room_id, dept_name) VALUES ('2fe2beba-cdb6-4c1c-9702-7ca77c84a555', 'Μια απίστευτα κοιτάζοντας. Διασφαλίζεται πλέον εκθέσεις λιγότερο αν.', '1', 'Anesthesiology');
INSERT INTO equipment (UID, description, room_id, dept_name) VALUES ('a4d5066e-17b0-43ff-a6c8-73c23339f5fb', 'Μεταφραστής ανακλύψεις τους μα δείξει ίδιο. Προσπαθήσεις ένα άρα σου προγραμματιστής τις ζητήσεις. Άρα μιας ποια επί εργοστασίου ρωτήσει.', '7', 'Haematology');
INSERT INTO equipment (UID, description, room_id, dept_name) VALUES ('1ed2fe4e-0bb8-4eed-8e8a-95c627a18a73', 'Διακοπής για κόψεις αυτήν σαν εκτελέσει. Αποθηκευτικού δυστυχής πάντα από του.', '120', 'Operating theatre (OT)');
INSERT INTO equipment (UID, description, room_id, dept_name) VALUES ('96fde4a8-1513-4667-a02d-89d340256f3d', 'Τρόποι έξι πάρα δοκιμάσεις. Πολύ ότι χάος γραφικά. Δεν αυτήν στα εδώ χρόνου άρθρων.
Μεταγλωτιστής μου πως χαμηλός μέρος αθόρυβες εργοστασίου του. Ακούσει κλπ ποσοστό το έξι αρέσει μέρος.', '87', 'Operating theatre (OT)');
INSERT INTO equipment (UID, description, room_id, dept_name) VALUES ('330fe11f-4608-4110-9108-f424bb4ea74a', 'Επί ο συνεντεύξεις πήρε. Ευκολότερο βρίσκονται των ταξινομεί. Διάβασε κάτι ευκολότερο έγραψες ερωτήσεις δεν.', '63', 'Inpatient Department (IPD)');
INSERT INTO equipment (UID, description, room_id, dept_name) VALUES ('797f4ffe-a8f2-47b4-bcbb-e068703a5126', 'Βάζοντας βάζοντας εργασίας ζητήσεις. Πρόσληψη από δημιουργείς κώδικάς.
Αρπάζεις γνωστή συνεντεύξεις βασανίζουν. Πετάξαμε διολισθήσεις κανένας τύπου έρθει.', '83', 'Cardiology');
INSERT INTO equipment (UID, description, room_id, dept_name) VALUES ('50e03e8d-1c13-4310-a271-f95aab6112a9', 'Τους διαδίκτυο δυστυχώς έχω χειρότερα. Πλέον αποφάσισε την εργαλείων της ωραίο.', '94', 'General surgery');
INSERT INTO equipment (UID, description, room_id, dept_name) VALUES ('9a391d82-dd8f-47e5-9af2-b7e43c2c3d94', 'Θυμάμαι δίνοντας διαπιστώνεις έτσι κοιτάζοντας. Διορθώσει προγραμματιστές της.', '95', 'Outpatient Department (OPD)');
INSERT INTO equipment (UID, description, room_id, dept_name) VALUES ('11fde468-d518-48ef-8f64-e47023386fed', 'Από προσπαθούν κύκλο ναι διολισθήσεις βρίσκονται που. Διολισθήσεις σημαντικός πρώτο σου δε τις επενδυτής.', '6', 'Casualty');
INSERT INTO equipment (UID, description, room_id, dept_name) VALUES ('ae18d7a4-fbc1-4126-b974-6f5349911f58', 'Μέχρι προσλάμβανες όταν αυτός μάλλον. Σου φαινόμενο γειτονιάς. Λέει στη τον τον κώδικάς λετπά εσωτερικών.
Προϊόντα του μετρήσεις πετούν. Εκθέσεις χρησιμοποιούνταν εκθέσεις όχι εδώ.', '4', 'Oncology');
INSERT INTO equipment (UID, description, room_id, dept_name) VALUES ('9a167f27-ca43-493e-91a6-9afaae6edd35', 'Ελέγχου υόρκη στήλες δύο. Γνωστή κλπ αποφάσισε το. Προγραμματιστής ας ανακλύψεις πάρεις.
Προσλάμβανες παράγοντες να σχεδιαστής ίδιο ποια δουλεύει.', '12', 'Psychiatry');
INSERT INTO equipment (UID, description, room_id, dept_name) VALUES ('d19b564f-d136-4b5c-a2ec-5776b5d87ac0', 'Μη διαπιστώνεις χρονοδιαγράμματος κρατήσουν επί μας. Συνεντεύξεις κάτι περιμένουν ημέρα περιβάλλοντος πιο.', '121', 'Opthalmology');
INSERT INTO equipment (UID, description, room_id, dept_name) VALUES ('80378d4d-d432-43e1-b117-80cc4b829096', 'Αγοράζοντας δοκιμάσεις λαμβάνουν μέχρι κάτι εργαζόμενων εκτελείται. Σε μπορούσες αυτήν κώδικα χαρακτηριστικό.', '136', 'Geriatric');
INSERT INTO equipment (UID, description, room_id, dept_name) VALUES ('f6d3926d-0783-428c-91ee-ee609724e3e9', 'Πάντως κάτι μιας εργαζόμενων νόμιζες εφαρμογής και. Νέα ότι γεύματος χώρου φράση λιγότερο. Τέλειοι κι τι και.
Τις πάντα μάτσο ένα ορίστε. Σου από λιγότερο δουλεύει τύπου. Κλπ μέχρι δύο όχι.', '142', 'Gastroenterology');
INSERT INTO equipment (UID, description, room_id, dept_name) VALUES ('dffc480c-3883-4c64-97ab-ac3e7f4490b7', 'Προσπαθούν των παράγοντες εργοστασίου. Νόμιζες νέο βγήκε θα μεταφραστής μετρήσεις διευθυντές.
Κάτι για επί περιβάλλοντος ίδιο δεδομένων για. Εικόνες ιδιαίτερα κρατήσουν συγχωνευτεί κώδικα.', '109', 'Cardiology');
INSERT INTO equipment (UID, description, room_id, dept_name) VALUES ('10986d3b-c068-469d-9d96-e1785c8c8a7f', 'Να μέρος απαραίτητο καταλάθος πιο κι συνέχεια. Εδώ πολύ τύπου μάθε ένας ίδιο κάτι.
Κανείς διορθώσεις γνωστή γνωστή δούλευε. Μιας τύπου σημεία που άρα.
Νέου έτσι ειδικά προσπαθήσεις μη γραμμής.', '10', 'Cardiology');
INSERT INTO equipment (UID, description, room_id, dept_name) VALUES ('18fad3c4-2a9a-4db6-84b6-3c8593661cd7', 'Πάντως κανόνα χρησιμοποίησέ στήλες. Απόλαυσε να διορθώσεις βαθμό.
Προσθέσει εκτός πρώτο. Όσο άρα έστειλε προσπαθήσεις τελειώσει ναι υποψήφιο επί.', '8', 'Casualty');
INSERT INTO equipment (UID, description, room_id, dept_name) VALUES ('e6c5176e-61f1-476e-bcb3-dba3db415810', 'Γραμμής τρόποι επιδιορθώσεις. Διευθυντές εγώ και τη στα προσθέσει μέρος ευκολότερο.
Εδώ μα επιχείριση. Ξέχασε ώρα λέει δυστυχής εργοστασίου δύο.', '135', 'ENT');
INSERT INTO equipment (UID, description, room_id, dept_name) VALUES ('844c2c11-022a-4de3-87b2-a36287d6c82f', 'Διαχειριστής πάντως απίστευτα ναι. Χαμηλός ξέχασε πάντως αλγόριθμου πρώτο. Βιαστικά ήδη μεταφραστής προγραμματιστής στραβά αναγκάζονται δημιουργια εκτελέσεις.', '100', 'Oncology');
INSERT INTO equipment (UID, description, room_id, dept_name) VALUES ('7b0a0f38-5de7-4c37-8057-ceaed0adaf4f', 'Συγγραφείς δυστυχώς σχεδιαστής περισσότερες μέγιστη ίδιο νέων. Κάνεις μηχανής μάθε άρθρων δυστυχώς όχι πολύ. Φακέλους τους κανένας ας για σπίτι μα παραδώσεις.', '50', 'Cardiology');
INSERT INTO equipment (UID, description, room_id, dept_name) VALUES ('268feabe-68a2-45ac-a70c-1d2fcbf59f7e', 'Απίστευτα πάντα ερώτηση ώρα δεν σε. Λαμβάνουν ποια όχι καλύτερο περιεχόμενα για μιας. Διαχειριστής λοιπόν ρωτήσει κόψεις.', '66', 'Outpatient Department (OPD)');
INSERT INTO equipment (UID, description, room_id, dept_name) VALUES ('3390facb-4df2-4096-9a0d-f1f7ad81e957', 'Έτοιμος και θέλεις της υποψήφιο λετπά. Αρπάζεις ακούσει τοπικές πάντα επιστρέφουν τύπου στις γιαυτό.
Μέχρι τρόποι χαμηλός άρθρων. Πες μα μέσης.', '111', 'Operating theatre (OT)');
INSERT INTO equipment (UID, description, room_id, dept_name) VALUES ('340e7c13-5a7a-4eb8-856d-cd514b11a087', 'Δύο θυμάμαι καταλάθος στα.
Άρθρων κώδικάς εικόνες ρουτίνα χρονοδιαγράμματα ο σε. Σχεδιαστής παράγοντες κανείς γραφικά έτσι του. Τι συνάδελφος αποκλειστικούς προγραμματιστής.', '56', 'Neurology');
INSERT INTO equipment (UID, description, room_id, dept_name) VALUES ('0c5c02ed-950b-43f9-b300-e28a0f088fc7', 'Μου πάντως μετρήσεις μη βαθμό στα πρόσληψη. Συνέχεια μέσης παίρνουν θέμα άτομο.', '18', 'Operating theatre (OT)');
INSERT INTO equipment (UID, description, room_id, dept_name) VALUES ('12e5510f-b308-4b0c-a5b1-49b02d2f6610', 'Εξοργιστικά προκύπτουν τελειώσει μη χρησιμοποιώντας. Στο έχω προσοχή άρα από διορθώσει. Προσλάμβανες απομόνωση μέχρι.
Χαρακτηριστικών λέει δύο ως. Εργασίας στα πάρεις εφαρμογής.', '143', 'Intensive care unit (ICU)');
INSERT INTO equipment (UID, description, room_id, dept_name) VALUES ('d1d3ae43-e2e3-40a2-b4c0-81b7c4a2ea94', 'Γνωρίζουμε απίστευτα δεν στις ταξινομεί υποψήφιο. Βασανίζουν υπηρεσία διακόψουμε εκτελέσει. Τη προσοχή δε που.', '136', 'Geriatric');
INSERT INTO equipment (UID, description, room_id, dept_name) VALUES ('c6aa2c9b-6ddd-4ebc-9b35-54da8c3c94e0', 'Έτσι επί περιεχόμενα σημαντικός δούλευε σημεία. Γραφικά γραμμής στέλνοντάς. Παράγοντες δε γνωρίζουμε πρώτης νέων γραφικά.
Οι ήδη ύψος επί δημιουργια.', '57', 'Neurology');
INSERT INTO equipment (UID, description, room_id, dept_name) VALUES ('934126bf-bf8b-47f5-843e-0de70f2b06ed', 'Απαραίτητο χρησιμοποιούσες επιδιόρθωση ξέχασε μέρος. Χειρότερα που δυστυχώς αποφάσισε κάνε. Ορίστε εκτός άτομο μας εταιρείες υποψήφιο.', '93', 'Gastroenterology');
INSERT INTO equipment (UID, description, room_id, dept_name) VALUES ('97f7d282-e5ea-431e-911c-ea6cf2a3643c', 'Χώρου κάτι για ήδη το δυστυχής πεδία μέχρι.
Ίδιο προσπαθούν κάτι. Συγχωνευτεί στις μέχρι γραμμή αυτός περισσότερες προσοχή.', '30', 'Outpatient Department (OPD)');
INSERT INTO equipment (UID, description, room_id, dept_name) VALUES ('f39dfecb-d7b1-4eeb-8084-fbc09feebe57', 'Παράδειγμα πρώτοι εκτός μιας υποψήφιο κανένας παίρνει. Κρατήσουν πάρεις με υπηρεσία αναγκάζονται. Ταξινομεί χρόνου προσοχή τύπους διακοπή ευκολότερο προσπαθήσεις.', '92', 'Psychiatry');
INSERT INTO equipment (UID, description, room_id, dept_name) VALUES ('19bb62cb-ff24-4fa5-ba71-f316270b3a03', 'Πως σας συγγραφείς βρίσκονται ιδιαίτερα μας. Κρατάει τελειώσει κώδικάς ιδιαίτερα δούλευε χρησιμοποιούνταν κάτι.', '129', 'General surgery');
INSERT INTO equipment (UID, description, room_id, dept_name) VALUES ('4c41d28c-6ae7-45f0-a864-fa946200d21c', 'Εργάστηκε σαν περιμένουν σκεφτείς μαγικά.
Μπορούσες εργαλείων όταν ίδιο επί περιβάλλοντος. Εκτός στη σας όταν προσλάμβανες περισσότερη.', '34', 'ENT');
INSERT INTO equipment (UID, description, room_id, dept_name) VALUES ('74fa642f-a4f8-42f5-a84b-00bda13f2dcc', 'Κι προσεκτικά εφαμοργής συνηθίζουν προσλάμβανες. Δεν ερώτηση ιδιαίτερα υψηλότερη τις.
Χρειάζονται δε προσλάμβανες θέλεις πες. Πρώτης της τον πολύ δύο άρα ήδη.', '147', 'ENT');
INSERT INTO equipment (UID, description, room_id, dept_name) VALUES ('d388eaa0-6c7e-4c93-9daa-58431f3b8e87', 'Μπουν μιας ένα τον επιδιόρθωση ποια. Σπίτι για περιεχόμενα ο ανά μου.
Έτοιμος ως όσο αν μια χρησιμοποιούνταν αλγόριθμου άλγεβρα. Επί φαινόμενο ήδη μιας τέλειοι ευκολότερο.', '1', 'Pediatrics');
INSERT INTO equipment (UID, description, room_id, dept_name) VALUES ('772e94de-2b98-4336-a2e9-4fead2c91793', 'Περισσότερη υψηλότερη ίδιο ακούσει μέσης τους διαφήμιση.
Εγώ μέσης ελέγχου βουτήξουν. Τύπου δεν πολύ πετάνε ο μέχρι πλέον κανόνα.
Ώρα στη θα άλγεβρα οι πάρεις. Βγήκε τέλειοι προσλάμβανες εκδόσεις.', '53', 'ENT');
INSERT INTO equipment (UID, description, room_id, dept_name) VALUES ('b8f40526-a4df-47ab-92b4-7ecc10c51698', 'Όσο δίνοντας τη μια. Έτσι ποσοστό έξι παραδώσεις εκδόσεις.', '115', 'Haematology');
INSERT INTO equipment (UID, description, room_id, dept_name) VALUES ('c0f677ff-ae02-4123-b58c-a0873ebc645a', 'Από το διακοπή. Γράψει ίδιο μάτσο νέο και τρόποι πεδία. Εξακολουθεί εργαζόμενοι του ακούσει.', '125', 'Haematology');
INSERT INTO equipment (UID, description, room_id, dept_name) VALUES ('d8054d5b-7021-4cba-ba3f-14fd3257bdb0', 'Έτοιμος πλέον τρέξει εδώ. Εξακολουθεί πολύ παίρνουν και των εξαρτάται. Ακούσει λιγότερο υψηλότερη και αυτήν.', '70', 'ENT');
INSERT INTO equipment (UID, description, room_id, dept_name) VALUES ('4eed73e0-0145-46ce-998e-8c9345964318', 'Της τους συνεχώς εργαζόμενων παράδειγμα εκδόσεις. Άρα μάθε πάντως ώρα μπορούσες.', '108', 'Haematology');
INSERT INTO equipment (UID, description, room_id, dept_name) VALUES ('f7246c52-e6f2-481d-9158-0c0b00aa3a8d', 'Ανεπιθύμητη το εφαμοργής άρθρων. Και τύπου σχεδιαστής έτσι εργαζόμενοι μεταγλωτιστής δε. Ρουτίνα κρατήσουν αλγόριθμου.', '63', 'Psychiatry');
INSERT INTO equipment (UID, description, room_id, dept_name) VALUES ('888482bb-b866-4268-be62-7185ce1ae6f1', 'Πακέτων και διάβασε. Στο ανταγωνιστής αλγόριθμου παίρνουν παίρνει έτσι.', '64', 'Gastroenterology');
INSERT INTO equipment (UID, description, room_id, dept_name) VALUES ('c53dd4a3-e19a-4598-84b1-36e56198da76', 'Μάλλον πετάνε προκαλείς. Επενδυτής έξι πολύ μετρήσεις. Μη ιδιαίτερα στραβά μέρος εξακολουθεί ότι να.
Μιας και δούλευε εσωτερικών εκτελέσει διοικητικό μηχανής. Επί ρουτίνα εκτός.', '62', 'Oncology');
INSERT INTO equipment (UID, description, room_id, dept_name) VALUES ('9865f31c-d44e-4384-b02f-3a0ef4319c0c', 'Εκτελείται πρώτο ορίστε δυστυχής βρίσκονται παράδειγμα λοιπόν.', '8', 'Gastroenterology');
INSERT INTO equipment (UID, description, room_id, dept_name) VALUES ('c9c2b4a7-4cc6-4209-8618-d679afe50fa6', 'Κώδικα διαδίκτυο άρα ποσοστό δίνοντας άλγεβρα. Έτοιμος σας όταν μέχρι της άτομο δημιουργείς όταν. Μέσης βάζοντας παραδώσεις.
Δύο ερωτήσεις πηγαίου θα δε. Μετρήσεις συνάδελφος μέσης γραμμή.', '33', 'Inpatient Department (IPD)');
INSERT INTO equipment (UID, description, room_id, dept_name) VALUES ('3fbccb44-9062-41b1-8d74-1d63bbf6e5c4', 'Χρόνου κόλπα μα διαδίκτυο. Δύο χρονοδιαγράμματα απαράδεκτη ερωτήσεις και των. Έλεγχος ένα ταξινομεί έχω επεξεργασία.', '69', 'Casualty');
INSERT INTO equipment (UID, description, room_id, dept_name) VALUES ('4c75824d-50b6-4b4b-b5f9-a25f4e965ad6', 'Ποια κρατάει πολύ γράψει που γραμμή την δημιουργείς. Δημιουργήσεις στη απαραίτητο τη την εκτελείται.
Δύο φράση πηγαίου διευθυντές.', '104', 'Gastroenterology');
INSERT INTO equipment (UID, description, room_id, dept_name) VALUES ('4bb177ec-8b94-4fbd-95e4-2d3302997353', 'Πάρεις μην χρόνου αθόρυβες χρησιμοποίησέ επιδιορθώσεις. Αποστηθίσει χαρακτηριστικών όταν ίδιο λες που. Μην προσπαθήσεις προγραμματιστής υόρκη για ρωτάει πιο.', '148', 'Pediatrics');
INSERT INTO equipment (UID, description, room_id, dept_name) VALUES ('91704b7d-c58e-41b1-a916-2dc4bf4d4d2d', 'Προσθέσει διευθυντές διαχειριστής αναφέρονται υψηλότερη πρώτοι συνέχεια. Συγγραφείς περισσότερες νέων ας χρόνου πες άρα. Κανένας συνεντεύξεις όχι υπηρεσία.', '69', 'Intensive care unit (ICU)');
INSERT INTO equipment (UID, description, room_id, dept_name) VALUES ('f99df017-5480-4974-9806-2fe25b7e4d16', 'Χειρότερα ερώτηση παραπάνω επεξεργασία πετάνε. Ποια αυτός μη γραμμής ροή γεγονός υόρκη τη. Συνεντεύξεις δεν ήδη παραδώσεις εξακολουθεί πάντως.', '39', 'Gastroenterology');
INSERT INTO equipment (UID, description, room_id, dept_name) VALUES ('39730fd9-590c-4052-8126-9f1302b54250', 'Περισσότερες σίγουρος κάτι υποψήφιο έρθει που στραβά. Μιας κανένας στη.', '37', 'Pediatrics');
INSERT INTO equipment (UID, description, room_id, dept_name) VALUES ('d2626126-5e0b-4b41-96a3-bf8ad61fc49e', 'Κανείς σωστά μεταγλωτιστής κειμένων εξαρτάται. Αποφάσισε στραβά ιδιαίτερα διακόψουμε περιβάλλοντος. Ρωτήσει παραδώσεις γεύματος.', '98', 'Intensive care unit (ICU)');
INSERT INTO equipment (UID, description, room_id, dept_name) VALUES ('8867b299-4444-4a11-a642-8594c10974f0', 'Δε σε αποθηκευτικού. Απόλαυσε κανείς σκεφτείς τον είχαμε. Έτοιμος σας τεσσαρών βαθμό πιο γραμμές.
Όταν για μου εφαμοργής σπίτι κειμένων τον.
Μαγικά σταματάς χάος κι μας.', '84', 'Urology');
INSERT INTO equipment (UID, description, room_id, dept_name) VALUES ('6a5bbcde-29a9-46a0-9512-7d9eb4e760a9', 'Ανταγωνιστής περιβάλλον χρονοδιαγράμματα στη πως. Εσωτερικών απαραίτητο όταν ποια ήδη συνηθίζουν ελέγχου. Ύψος απλό πεδία κύκλο γεύματος κάτι εκτός ένα.', '129', 'Geriatric');
INSERT INTO equipment (UID, description, room_id, dept_name) VALUES ('51527fe2-2f29-4197-8a3c-751c98325627', 'Πιο απομόνωση έρθει αποδείξεις εκτός πολύ.
Που προσθέσει εκτελέσεις έρθει σου κρατήσουν. Δημιουργείς έξι χρησιμοποίησέ ας εργάστηκε μην από. Όχι και οι αναφέρονται μια σπίτι εργάστηκε συνηθίζουν.', '51', 'Operating theatre (OT)');
INSERT INTO equipment (UID, description, room_id, dept_name) VALUES ('a72f5d10-4192-403a-b25c-257540b3c130', 'Στα εγώ αρχεία δημιουργείς επιδιορθώσεις δύο. Κανείς νέα στις το βασανίζουν κειμένων.
Διαδίκτυο κειμένων προγραμματιστές σε.', '75', 'Haematology');
INSERT INTO equipment (UID, description, room_id, dept_name) VALUES ('e62a935d-fc5d-4813-8025-064e3bd87afd', 'Την αρπάζεις εργαζόμενων αυτός θέμα που μην. Αποστηθίσει συνεχώς περιμένουν προγραμματιστής. Σε πάρα εσωτερικών ελέγχου συγκεντρωμένοι εργαζόμενοι.', '80', 'Neurology');
INSERT INTO equipment (UID, description, room_id, dept_name) VALUES ('0c6f22b9-8b79-467e-863f-249641d63bb1', 'Αντιλήφθηκαν κι προσλάμβανες λέει όχι ένας ίδιο έλεγχος. Σημεία έχω αρπάζεις όταν μέχρι στο και. Πιο χώρου περίπου τελειώσει νέου συνάδελφος.', '84', 'Outpatient Department (OPD)');
INSERT INTO equipment (UID, description, room_id, dept_name) VALUES ('8d73677a-ddb3-4fa9-8246-cd37483503af', 'Ποια έξι επιδιορθώσεις ανώδυνη εκτελέσεις. Θα εκτελέσει τέλειοι διοικητικό δούλευε.', '109', 'ENT');
INSERT INTO equipment (UID, description, room_id, dept_name) VALUES ('04316029-5950-406a-b1a7-212b3035303d', 'Τύπου βιβλίο μερικούς. Προγραμματιστής απαράδεκτη μηχανής εκτελέσει κανένας συγγραφής ποια. Αντιλήφθηκαν δωροδοκηθούν έγραψες μάτσο εφαρμογής εργοστασίου.', '108', 'Gastroenterology');
INSERT INTO equipment (UID, description, room_id, dept_name) VALUES ('ceb6ff54-3692-46ff-8edc-e2c193f6d585', 'Επιδιορθώσεις ανεπιθύμητη πολύ αποδείξεις νέου. Αναφέρονται απαράδεκτη ναι συνέχεια. Πακέτων άρα αλγόριθμου διαπιστώνεις νέων ένας.', '66', 'Cardiology');
INSERT INTO equipment (UID, description, room_id, dept_name) VALUES ('6fe28405-1469-410c-85be-546a17522504', 'Εσωτερικών από συγγραφής μας πόρτες μέρος προκαλείς του. Μηχανής που πες ένας καταλάθος προσλάμβανες.
Αφήσεις αφήσεις μας με ημέρα ξέχασε.', '127', 'Gynaecology');
INSERT INTO equipment (UID, description, room_id, dept_name) VALUES ('2000fd00-6067-404a-816e-42e59fdce124', 'Σε μια ανεπιθύμητη χρονοδιαγράμματος δημιουργείς τεσσαρών. Σταματάς διευθυντές γέλασαν ακούσει κάνεις κανένας το μέχρι.', '139', 'Anesthesiology');
INSERT INTO equipment (UID, description, room_id, dept_name) VALUES ('4b35944a-5ba7-45c4-b5d6-9f65269986a4', 'Πολύ κώδικάς παράδειγμα ναι τη. Μεταγλωτίσει παράδειγμα στο τη πάντα διοικητικό.
Πιο πάρα περιεχόμενα πάντως τελειώσει κανείς εικόνες. Ανά μάλλον επί όχι κάνεις θέματα γνωστή.', '104', 'Orthopaedic');
INSERT INTO equipment (UID, description, room_id, dept_name) VALUES ('328a9ffa-2c36-4221-ba2a-c886057812b3', 'Σχεδιαστής ως δοκιμάσεις τις με ατόμου έξι. Δίνοντας από τα δύο κάτι όταν.
Πεδία εγώ ναι λέει μα. Συγκεντρωμένοι ιδιαίτερα προσπαθήσεις σε τη σαν καλύτερο.', '34', 'Oncology');
INSERT INTO equipment (UID, description, room_id, dept_name) VALUES ('e2a1612a-3fd5-4ff3-99f6-90f00181acdb', 'Εξακολουθεί χρησιμοποιώντας εφαρμογής τις. Συνηθίζουν νέο έστειλε εκτελέσεις χρειάζονται.
Χρονοδιαγράμματα ίδιο επενδυτής τη. Επιδιορθώσεις βάζοντας πως επιδιορθώσεις.', '129', 'Oncology');
INSERT INTO equipment (UID, description, room_id, dept_name) VALUES ('ebc0c96c-f842-4087-93bb-05db0b991645', 'Προσοχή περιβάλλον κώδικα μπουν παραδώσεις προβληματική. Κειμένων δύο δυστυχώς είχαμε πάντα διακοπή διακόψουμε. Γεγονός συνεντεύξεις πήρε.', '50', 'Oncology');
INSERT INTO equipment (UID, description, room_id, dept_name) VALUES ('1dae04a4-40c6-4c85-8191-632583bbed7f', 'Λιγότερο για κόψεις εφαρμογή γράψει. Θέλεις μέσης κι λετπά συγγραφής τεκμηριώνει κειμένων. Οι μα άρα σας ως κι τα δυστυχώς.', '127', 'Casualty');
INSERT INTO equipment (UID, description, room_id, dept_name) VALUES ('3a139504-a2de-493d-be4d-33743217d17b', 'Στο δε έτσι τους άτομο. Την διαπιστώνεις αν.
Δεν χρόνου τρόπο τελειώσει λέει ζητήσεις τοπικές. Συνεχώς ήδη από πλέον λίγο σκεφτείς μην.', '52', 'Pediatrics');
INSERT INTO equipment (UID, description, room_id, dept_name) VALUES ('0d9e138b-b7b0-4d16-a813-fbf73af0c0a9', 'Ευκολότερο βάζοντας εδώ λιγότερο ανά χαρακτηριστικό. Μάλλον στα στραβά χώρου περιβάλλον ένας κάτι. Έτσι συνεχώς θα εκδόσεις μα έλεγχος τον εντολές. Πόρτες σχεδιαστής άπειρα διακοπή τα.', '9', 'Urology');
INSERT INTO equipment (UID, description, room_id, dept_name) VALUES ('1486554e-5c81-4275-900e-0c1d5e256ebd', 'Εντολές σπίτι πρώτης δύο γνωρίζουμε δεν συνέχεια. Κύκλο αγοράζοντας νέο ημέρα ρωτήσει πάντα αναγκάζονται.', '60', 'Intensive care unit (ICU)');
INSERT INTO equipment (UID, description, room_id, dept_name) VALUES ('e83abfd0-82c7-4e0d-8d01-00bc6963537d', 'Όταν παραγωγικής περιεχόμενα διαπιστώνεις δίνοντας τη μετράει σταματάς. Ποια διαδίκτυο ποσοστό αποθηκευτικού. Φίλος ήδη απλό.', '90', 'Opthalmology');
INSERT INTO equipment (UID, description, room_id, dept_name) VALUES ('ba4f0579-2d75-4623-91f1-53d61d919924', 'Ελέγχου μεταγλωτιστής γέλασαν. Μετράει δημιουργια μας έρθει αλγόριθμου στις.
Διαπιστώνεις έτοιμος σαν προσθέσει τη. Αρέσει βιβλίο όσο.', '9', 'Urology');
INSERT INTO equipment (UID, description, room_id, dept_name) VALUES ('30c27948-6983-43ca-9796-491dc35223df', 'Τους κάτι επί διορθώσεις. Ανακλύψεις πρώτο έχω ώρα δε.', '127', 'ENT');
INSERT INTO equipment (UID, description, room_id, dept_name) VALUES ('35a6465d-f34b-4aa6-9b79-e19ab8b1ba43', 'Διαπιστώνεις περίπου εκτός χρησιμοποιούνταν πετάξαμε σαν. Σωστά δημιουργήσεις τύπου δε συνηθίζουν. Τους τύπους βρίσκονται άτομο ας ότι. Πλέον πλέον κώδικάς συνηθίζουν πάντα διακόψουμε.', '125', 'Oncology');
INSERT INTO equipment (UID, description, room_id, dept_name) VALUES ('612216df-d287-4b4c-a33a-c2061bf39219', 'Υψηλότερη γεγονός θα το μπορούσες κι ερώτηση δίνοντας. Δωροδοκηθούν άπειρα εντολές απλό πλέον.
Διαφήμιση έτοιμος μάθε έτοιμος που αυτός μιας. Παραπάνω κανείς εδώ μάθε τη.', '21', 'General surgery');
INSERT INTO equipment (UID, description, room_id, dept_name) VALUES ('d3dadf2a-cdba-4e97-9855-c88b9aa5ee12', 'Ποσοστό βασανίζουν ήδη έξι φαινόμενο έγραψες όσο αποκλειστικούς. Προσθέσει στη μου εξακολουθεί να σε κανόνα. Συγχρόνως ποια θέμα απαράδεκτη.
Γραμμή το αντιλήφθηκαν αν ένας.', '43', 'Psychiatry');
INSERT INTO equipment (UID, description, room_id, dept_name) VALUES ('726d1f9a-dcf5-475c-855f-252855ebfdeb', 'Τον ναι εργαλείων θέμα τη προσθέσει κάτι. Έτοιμος σε διευθυντές μου γνωστή κάτι κάτι ανταγωνιστής.
Εκείνου απαραίτητο εντολές γιαυτό που άτομο. Πήρε σχεδιαστής προσλάμβανες γραμμές.', '2', 'Anesthesiology');
INSERT INTO equipment (UID, description, room_id, dept_name) VALUES ('f425d640-1bb2-4cab-a4e3-8d52ee4dc1ca', 'Με σταματάς φακέλους δύο δημιουργια.
Ώρα πάντως ναι αποκλειστικούς. Τρόπο από ίδιο πλέον διάσημα ότι. Μας άτομο χρησιμοποιούσες είχαμε πρώτοι δύο.', '112', 'Gynaecology');
INSERT INTO equipment (UID, description, room_id, dept_name) VALUES ('4d5f5fe2-3683-4237-84b5-7caa4cf37221', 'Σίγουρος τα ιδιαίτερα φίλος των γράψει έξι. Έξι έλεγχος εξακολουθεί συνεντεύξεις οι παραδοτέου πετάνε.', '144', 'Psychiatry');
INSERT INTO equipment (UID, description, room_id, dept_name) VALUES ('6a041ab6-bec3-47df-9b6c-025ff3fafa70', 'Βουτήξουν καλύτερο αποφάσισε συγχωνευτεί ελέγχου χαρτιού μιας. Ρωτήσει βγήκε πλέον από λαμβάνουν. Για πετάνε όταν νιρβάνα κάτι στις ποια.', '89', 'Gastroenterology');
INSERT INTO equipment (UID, description, room_id, dept_name) VALUES ('8860995e-6eb9-4d4f-b1aa-9cc87aa5cc69', 'Μετράει άπειρα σας των συγχωνευτεί. Προσπαθούν εργασίας νόμιζες λετπά καλύτερο πάντως βαθμό προσεκτικά. Διαδίκτυο διασφαλίζεται χαρακτηριστικών ένα πιο το. Τρέξει επιδιορθώσεις εκτός πήρε άλγεβρα κι.', '126', 'Orthopaedic');
INSERT INTO equipment (UID, description, room_id, dept_name) VALUES ('8ac8c081-4b19-4b77-a4a0-75fac2bbdfc2', 'Διακοπή αποδείξεις οι και καλύτερο πάντα χρησιμοποιώντας. Φράση διαφήμιση με ανεπιθύμητη θέμα ίδιο γιαυτό απαράδεκτη. Μέχρι βιβλίο συνεχώς δύο στη δεν υπηρεσία εντολές.', '12', 'Urology');
INSERT INTO equipment (UID, description, room_id, dept_name) VALUES ('b4c528bb-60b6-4bb5-b0b3-588aee267bfc', 'Κύκλο προγραμματιστές πρώτης λες ναι έτσι οι. Προσθέσει εργαζόμενων τεσσαρών αλγόριθμου μεταφραστής. Ως ποια σαν τις και. Διαπιστώνεις μου το σας.', '30', 'Casualty');
INSERT INTO equipment (UID, description, room_id, dept_name) VALUES ('38729070-2ca7-457b-9bf6-4416a8d5aa52', 'Πλέον σχεδιαστής εκτελείται στέλνοντάς ανώδυνη σε ας μην. Συγγραφείς ένα κώδικα χρονοδιαγράμματος χαμηλός.
Προσεκτικά πες μεταγλωτιστής επί συγκεντρωμένοι προσοχή γιαυτό. Μιας όταν οι πάντως.', '68', 'ENT');
INSERT INTO equipment (UID, description, room_id, dept_name) VALUES ('c9b170c3-658d-4450-8fc7-c645df144f18', 'Βασανίζουν γιαυτό δουλεύει διάβασε μου που. Χαμηλός δεδομένων γραφικά ένα εκτός. Αναγκάζονται ατόμου απόλαυσε δούλευε για μετράει.', '95', 'Geriatric');
INSERT INTO equipment (UID, description, room_id, dept_name) VALUES ('dd1a2bdc-cdb3-4464-898a-981db2d3c131', 'Αυτός ίδιο όσο εγώ κλπ κόψεις εφαμοργής. Δύο ερωτήσεις πως εκτελείται δύο αν. Του ανά δύο δείξει συγγραφείς ταξινομεί γραμμές.', '143', 'Outpatient Department (OPD)');
INSERT INTO equipment (UID, description, room_id, dept_name) VALUES ('0070c2c1-cfc5-471d-ae73-153e682ba2ce', 'Μέγιστη πετάξαμε πάρεις συνεχώς περιμένουν ωραίο πως. Αποκλειστικούς και οι προσπαθούν δημιουργήσεις από πήρε. Επί κάνεις στα τον μια.
Εντολές σωστά μπορούσες λίγο κάτι κι διολισθήσεις.', '59', 'Cardiology');
INSERT INTO equipment (UID, description, room_id, dept_name) VALUES ('29f982d5-2594-4594-b461-52c77d350874', 'Αντιλήφθηκαν μεταφραστής άρα απαράδεκτη πεδία προσπαθούν. Διάσημα ήδη ευκολότερο δημιουργήσεις ταξινομεί που ερωτήσεις.
Νιρβάνα δωροδοκηθούν παίρνουν. Αφήσεις μπουν αποδείξεις.', '36', 'Intensive care unit (ICU)');
INSERT INTO equipment (UID, description, room_id, dept_name) VALUES ('da273b7c-5ae1-4244-a49d-b9cfc0ac8c68', 'Γραμμές στέλνοντάς αναφέρονται κώδικάς. Τον προσπαθήσεις διαφήμιση παίρνει πως διορθώσει ποια. Έλεγχος εδώ ποια ίδιο φίλος μη πάντως τη.', '105', 'Operating theatre (OT)');
INSERT INTO equipment (UID, description, room_id, dept_name) VALUES ('86fcfc08-ad68-4868-a0da-a458c24a30f6', 'Παραδώσεις πλέον λες πάρεις. Φαινόμενο χρησιμοποιώντας παράγοντες έχω το περισσότερες μη. Επί περιβάλλοντος διαδίκτυο όχι εξαρτάται βάζοντας.
Εδώ ρωτήσει κι. Μιας επενδυτής όχι όχι.', '58', 'Neurology');
INSERT INTO equipment (UID, description, room_id, dept_name) VALUES ('0a93c08a-fc5d-4076-a5c3-02ebe2ee1d59', 'Χαμηλός μιας χρόνου λαμβάνουν ναι σε.
Περιεχόμενα νέα εκθέσεις διασφαλίζεται.', '7', 'Intensive care unit (ICU)');
INSERT INTO equipment (UID, description, room_id, dept_name) VALUES ('00f59ff9-7021-4d8f-9464-30d5e81b3986', 'Ένα υόρκη ένας σας έστελνε χαμηλός. Άπειρα ήδη ως την έστελνε.
Ανακλύψεις υόρκη απίστευτα περιβάλλον ήδη. Τον μια από ερωτήσεις.', '30', 'General surgery');
INSERT INTO equipment (UID, description, room_id, dept_name) VALUES ('6a72669a-4d67-4e22-b623-5306f72061c9', 'Εδώ εργοστασίου επεξεργασία χρονοδιαγράμματα εφαρμογή διακόψουμε περισσότερες. Συνάδελφος πιο απομόνωση ας με χρησιμοποιούνταν εγώ. Των μην εξαρτάται εργοστασίου αποκλειστικούς.', '63', 'Casualty');
INSERT INTO equipment (UID, description, room_id, dept_name) VALUES ('560e5952-c1fd-48bd-9c4e-c5b74574699e', 'Κοιτάζοντας προσοχή ότι τις δωροδοκηθούν αποστηθίσει. Φίλος αρέσει συνάδελφος μεταγλωτίσει έξι. Βουτήξουν συνέχεια από διαφήμιση.', '72', 'Oncology');
INSERT INTO equipment (UID, description, room_id, dept_name) VALUES ('eaee5edd-859c-4f00-869c-c6ab54349918', 'Εφαμοργής έχω με υπηρεσία γραμμές του πιο.
Γνωρίζουμε εγώ λίγο θέμα. Χαρακτηριστικών αλγόριθμου συγχρόνως απλό απίστευτα κι.', '113', 'Orthopaedic');
INSERT INTO equipment (UID, description, room_id, dept_name) VALUES ('e9db5f9f-6f0c-4522-b2f2-eb8232bf763c', 'Διάβασε χώρου ήδη ακούσει βαθμό. Τους αναγκάζονται ανά παίξουν κάτι υψηλότερη.
Νέα τι κειμένων χρησιμοποιώντας μετράει αποκλειστικούς. Λιγότερο εξοργιστικά εξαρτάται. Δεν διακόψουμε μέσης πρώτο.', '4', 'Opthalmology');
INSERT INTO equipment (UID, description, room_id, dept_name) VALUES ('47a643a1-aca5-4872-b2fe-07c3a4937f7a', 'Από στις βιβλίο. Κάνε διακοπή όσο σου νιρβάνα τι. Προσθέσει όχι εξοργιστικά κι.
Αποδείξεις τύπους που πάρα διευθυντές ήδη μέσης.', '102', 'Pediatrics');
INSERT INTO equipment (UID, description, room_id, dept_name) VALUES ('3ae1f9d9-99ea-482a-b6c2-4050b706a0be', 'Ένας έξι τα μια. Μπορούσες έτοιμος σας τι άρα εφαρμογή που μεταγλωτίσει. Ένα τρέξει προσθέσει κρατήσουν.
Συγκεντρωμένοι πετάνε κάνεις ανά.
Πάρα βρίσκονται ακούσει πρώτης πρώτης τα μην. Άρα εκτός νέα.', '113', 'Geriatric');
INSERT INTO equipment (UID, description, room_id, dept_name) VALUES ('890477a4-2c25-455b-b3c5-a809ac66610a', 'Στις λες εγώ. Μετράει σημαντικός άπειρα προσπαθούν.
Σημαντικός προσπαθήσεις εντολές μετρήσεις κανένας ρουτίνα αποθηκευτικού εδώ. Ευκολότερο στις μου εκτελέσεις θα διάσημα.', '19', 'Anesthesiology');
INSERT INTO equipment (UID, description, room_id, dept_name) VALUES ('a2937c82-aea9-40ba-a310-15e1be9e26cb', 'Κάνεις ελέγχου έγραψες ρωτάει ρουτίνα τους σας. Πρώτο έτσι πάντως ότι μου αυτός.', '11', 'Psychiatry');
INSERT INTO equipment (UID, description, room_id, dept_name) VALUES ('4140a6d8-ff22-4565-a0c9-ab50081543c0', 'Μέχρι ας πάντα. Πιο συγχρόνως έτσι στις υπηρεσία. Μη διαχειριστής εγώ αρχεία περιβάλλον από.
Απόλαυσε δείξει διάβασε. Απαρατήρητο βασανίζουν δοκιμάσεις σας των.', '71', 'Casualty');
INSERT INTO equipment (UID, description, room_id, dept_name) VALUES ('b8d59a29-001f-4897-8287-15dc04d7ea7d', 'Χάος αν εγώ εκτελέσει επιδιόρθωση. Όχι μάλλον για που. Φαινόμενο σημεία σημαντικό διασφαλίζεται πλέον περιεχόμενα.', '90', 'Cardiology');
INSERT INTO equipment (UID, description, room_id, dept_name) VALUES ('00197bfe-9a14-42d2-bb3a-610dedeced53', 'Δεν σημεία της σημαντικό κύκλο. Ανά βρίσκονται κανόνα πες.
Δεν τοπικές παραδοτέου σου. Έγραψες ύψος κρατήσουν γέλασαν ανταγωνιστής χρησιμοποιώντας εργαζόμενοι. Προσθέσει εκτελείται σου γεγονός.', '48', 'Urology');
INSERT INTO equipment (UID, description, room_id, dept_name) VALUES ('0177e146-1c05-41f6-9958-8714f919a3ae', 'Δεδομένων αντιλήφθηκαν έτοιμος εξαρτάται πηγαίου.
Διοικητικό σκεφτείς τις αποδείξεις πιο μετρήσεις άρα. Οι της στο εγώ αποστηθίσει άρα θυμάμαι.
Εκθέσεις τρέξει δυστυχής ένας μέχρι χρόνου.', '131', 'Inpatient Department (IPD)');
INSERT INTO equipment (UID, description, room_id, dept_name) VALUES ('ad664c76-ab57-40d1-9582-12bc404598ed', 'Τέλειοι γιαυτό ήδη νέα απαρατήρητο σκεφτείς δημιουργείς. Μέγιστη χώρου όταν θα διαχειριστής επεξεργασία.
Τελειώσει ανακλύψεις επιδιόρθωση. Χάος σας ακούσει.', '92', 'General surgery');
INSERT INTO equipment (UID, description, room_id, dept_name) VALUES ('3efa2602-aac7-42e3-b607-e6e89757c454', 'Κι για μεταφραστής. Μέγιστη ότι όχι στήλες. Επεξεργασία δημιουργείς χαρακτηριστικό χρησιμοποιούνταν πολύ αφήσεις διαδίκτυο. Εξαρτάται επί υψηλότερη λετπά έλεγχος έστειλε.', '37', 'Operating theatre (OT)');
INSERT INTO equipment (UID, description, room_id, dept_name) VALUES ('c501ff57-74fb-4d33-9760-83d215727df4', 'Κώδικα όσο συνεχώς μέρος. Παραγωγικής μιας πήρε νέων ανακλύψεις με δεν.', '56', 'Operating theatre (OT)');
INSERT INTO equipment (UID, description, room_id, dept_name) VALUES ('1c9b3025-a780-489a-96a2-33f8da8c11e4', 'Βάζοντας πως εδώ εργάστηκε ίδιο. Χρειάζονται σίγουρος παραπάνω προσοχή περίπου. Συνεχώς γραμμής στο μέχρι στις τους.', '115', 'Neurology');
INSERT INTO equipment (UID, description, room_id, dept_name) VALUES ('c585ad1b-84dc-4b1a-b85f-44d530e5020c', 'Ναι ερώτηση θα όσο δοκιμάσεις. Έχω εκδόσεις περιβάλλοντος να τον ποια την. Πλέον ευκολότερο έξι κρατήσουν δεν είχαμε δε δεν.', '92', 'Haematology');
INSERT INTO equipment (UID, description, room_id, dept_name) VALUES ('6ce52e92-69f8-40e1-950d-7f2cb62b4967', 'Σπίτι βάζοντας εκτός πως σχεδιαστής. Σωστά νόμιζες παραδώσεις ίδιο μαγικά. Τη το απαράδεκτη κύκλο παίρνει εκτελέσεις προβληματική.', '62', 'Gynaecology');
INSERT INTO equipment (UID, description, room_id, dept_name) VALUES ('28f021bc-17e9-4369-949c-f3190704b29f', 'Ύψος διαπιστώνεις λετπά επενδυτής έχω πιο αρέσει. Μπορούσες πολύ σπίτι προβληματική από. Κάτι και τα.', '41', 'Haematology');
INSERT INTO equipment (UID, description, room_id, dept_name) VALUES ('efdc99ba-96c9-482b-9d2c-d800f3561a34', 'Μα ροή σταματάς σας δύο πρόσληψη. Προσλάμβανες υπηρεσία προγραμματιστές διαφήμιση διακοπή παίρνουν.
Δουλεύει λαμβάνουν ρωτάει άρθρων ως μέρος χρησιμοποιούνταν. Διαδίκτυο διακοπή συνάδελφος ημέρα μου.', '49', 'Gynaecology');
INSERT INTO equipment (UID, description, room_id, dept_name) VALUES ('31be7c47-6812-4451-896d-e1318ef1ecf4', 'Πετούν εφαμοργής επί μπορούσες εκτός. Με στις εργαζόμενοι στη εταιρείες πλέον ακούσει εδώ. Όχι χρειάζονται του παραπάνω τύπους πρώτοι. Νέο διασφαλίζεται εκτελέσεις ανεπιθύμητη περιμένουν μην.', '88', 'Neurology');
INSERT INTO equipment (UID, description, room_id, dept_name) VALUES ('e52fc47b-5abb-4a12-ab30-f1bcb838a8a4', 'Γραφικά συγχρόνως τεκμηριώνει χρονοδιαγράμματος από χρονοδιαγράμματα. Μέγιστη πρώτοι σίγουρος ίδιο με. Εγώ πάντα κανείς ώρα πρώτης μια πιο ο.', '75', 'Geriatric');
INSERT INTO equipment (UID, description, room_id, dept_name) VALUES ('891c823f-78b4-4807-9517-24e6eea46949', 'Περιβάλλον εγώ υόρκη πιο εγώ. Κοιτάζοντας μπουν στα απαρατήρητο μέρος προϊόντα. Γιαυτό όταν ύψος του τι ρωτήσει.', '80', 'Casualty');
INSERT INTO equipment (UID, description, room_id, dept_name) VALUES ('9752551c-d0b3-4735-9ad1-a3feab6e14c3', 'Που μεταγλωτίσει ανακλύψεις δεν γράψει βιβλίο φαινόμενο. Διακόψουμε μετράει ρουτίνα πάρεις απαραίτητο έστειλε μέχρι.', '104', 'Opthalmology');
INSERT INTO equipment (UID, description, room_id, dept_name) VALUES ('7816f779-4f0f-4df9-b32e-4856d3e12a3c', 'Έξι σε ερωτήσεις θέματα. Εκτελέσεις ναι μπουν αυτήν. Μιας ελέγχου μέχρι και εκτός. Τα τι αλγόριθμου.', '136', 'ENT');
INSERT INTO equipment (UID, description, room_id, dept_name) VALUES ('0a618315-886a-4261-b8b7-d3c42d49959a', 'Περιμένουν διακοπής ειδικά απλό χρησιμοποίησέ έτοιμος έλεγχος όταν. Δείξει γραμμές διακοπής συγχρόνως απαράδεκτη άτομο απίστευτα. Ποσοστό συνηθίζουν κειμένων αποθηκευτικού σπίτι κοιτάζοντας.', '12', 'Neurology');
INSERT INTO equipment (UID, description, room_id, dept_name) VALUES ('73df1cf5-cd82-45a5-a0ee-1bc8377d1449', 'Πάντως ειδικά χειρότερα. Πιο θυμάμαι διορθώσεις εκτός δείξει. Κειμένων τρέξει γιαυτό άρθρων ανεπιθύμητη δημιουργήσεις πετάνε σωστά. Εξοργιστικά τη εκτός επιστρέφουν.', '135', 'Intensive care unit (ICU)');
INSERT INTO equipment (UID, description, room_id, dept_name) VALUES ('141573e7-e2af-477f-b357-13c0a515435f', 'Εργαζόμενοι υποψήφιο από έτσι ατόμου κι κόλπα αποφάσισε. Σπίτι μιας ποσοστό κανόνα εσωτερικών. Εφαμοργής γέλασαν επιδιόρθωση αναγκάζονται νέου έτσι.', '17', 'Outpatient Department (OPD)');
INSERT INTO equipment (UID, description, room_id, dept_name) VALUES ('0a7a4ae1-89f1-425f-aa5f-8b1e6857e3f5', 'Γνωστή γέλασαν εγώ υπηρεσία. Χρησιμοποίησέ διαπιστώνεις πάρεις δωροδοκηθούν έρθει δε και ευκολότερο.', '111', 'Gastroenterology');
INSERT INTO equipment (UID, description, room_id, dept_name) VALUES ('40bc5d4a-05e7-4613-bf55-e23b5deccb63', 'Μην λοιπόν ξέχασε ποια λαμβάνουν όσο. Πιο μην εκτός δε εργαζόμενοι απίστευτα την άλγεβρα.', '71', 'Urology');
INSERT INTO equipment (UID, description, room_id, dept_name) VALUES ('ec059842-0b7b-46ba-9b35-70ba1b678d4b', 'Μαγικά πάρεις ρουτίνα μπουν λοιπόν ίδιο άρα. Στο βιβλίο νέου ένα για.
Μπουν εδώ έχω την προσθέσει ειδικά. Ο αλγόριθμου για μέχρι όχι εικόνες στο ορίστε. Εκδόσεις περιβάλλον προϊόντα επιστρέφουν.', '122', 'Oncology');
INSERT INTO equipment (UID, description, room_id, dept_name) VALUES ('6bc2307f-010f-4c54-b117-c47785fe03b9', 'Πετάξαμε λες πάντα.
Περισσότερη μη προσεκτικά και. Προγραμματιστής ανακλύψεις το ρωτήσει ότι εξακολουθεί βιβλίο. Χώρου αθόρυβες δύο μέρος τρόπο συνεντεύξεις τοπικές.', '116', 'Geriatric');
INSERT INTO equipment (UID, description, room_id, dept_name) VALUES ('762d702f-f692-4ce2-884f-e3320d5766e2', 'Μέρος ας σαν τα διακοπή. Απομόνωση ήδη κόψεις φακέλους ξέχασε ο.
Ανταγωνιστής επί συγγραφείς γνωρίζουμε. Ώρα βρίσκονται νιρβάνα αρπάζεις έτσι. Υπηρεσία πάντως εξαρτάται σημεία.', '27', 'Psychiatry');
INSERT INTO equipment (UID, description, room_id, dept_name) VALUES ('db7215b3-4253-48c1-b111-a64da4ed9649', 'Είχαμε κόψεις πολύ ανώδυνη επί καταλάθος νέων.
Πολύ πιο τεκμηριώνει εφαμοργής σας μη. Αλγόριθμου εξοργιστικά ο πρόσληψη.', '86', 'Urology');
INSERT INTO equipment (UID, description, room_id, dept_name) VALUES ('4d2f1e25-4e2e-428e-ab30-ceb530f97310', 'Σωστά μη θα κι βαθμό καταλάθος άρα. Των χαμηλός εδώ ανακλύψεις σαν σας εγώ. Εκτός μη μαγικά χαμηλός μετρήσεις ο δημιουργείς εργαζόμενων.', '37', 'Neurology');
INSERT INTO equipment (UID, description, room_id, dept_name) VALUES ('82101888-2eec-4100-aacf-34d18516200b', 'Άρα πάντως μη αυτήν κύκλο την πετάνε. Παράγοντες τι μια ήδη διαχειριστής προσπαθήσεις πιο ερωτήσεις.
Πιο παίρνουν απλό γνωρίζουμε. Έχω τρέξει ότι μετρήσεις πετούν τεκμηριώνει.', '45', 'Neurology');
INSERT INTO equipment (UID, description, room_id, dept_name) VALUES ('c06f8ff1-04a7-47c1-930b-a383051f9e36', 'Πολύ πρόσληψη πήρε χαμηλός εκείνου τύπου τα. Είχαμε διαπιστώνεις κι χειρότερα επεξεργασία στα κώδικάς.
Δύο αν δε νιρβάνα τύπου. Λιγότερο παραδοτέου τύπου συνεχώς πήρε.', '16', 'Operating theatre (OT)');
INSERT INTO equipment (UID, description, room_id, dept_name) VALUES ('0d054ee1-884a-4112-a3de-345ee249b130', 'Ανώδυνη εξοργιστικά ένας μα γεύματος τα. Ιδιαίτερα αναφέρονται πρώτης και. Δεδομένων στο πακέτων γιαυτό πάρεις την.
Του μπορούσες έτοιμος ως. Ποια εγώ γραμμή παραδώσεις.', '116', 'ENT');
INSERT INTO equipment (UID, description, room_id, dept_name) VALUES ('33344713-c42d-4c60-aa1d-9b399f519f8e', 'Βουτήξουν διαπιστώνεις έτσι θέμα. Πες άρα να εκτελέσεις στραβά ειδικά στις λαμβάνουν.', '46', 'Casualty');
INSERT INTO equipment (UID, description, room_id, dept_name) VALUES ('3dc49f17-bf81-4887-91bc-e33269ab56f9', 'Ο γεγονός εκτελέσει σημαντικό υόρκη. Της μιας ως έξι μη μας.', '54', 'Psychiatry');
INSERT INTO equipment (UID, description, room_id, dept_name) VALUES ('410260ba-f172-471d-a853-23353034f7eb', 'Πες σας εφαρμογής διοικητικό γραφικά περισσότερες πόρτες. Χρονοδιαγράμματος χρησιμοποίησέ τις μετρήσεις αυτήν.
Ανά αναφέρονται κι εφαρμογή αντιλήφθηκαν ένας πετάξαμε που. Δοκιμάσεις βρίσκονται κι.', '18', 'General surgery');
INSERT INTO equipment (UID, description, room_id, dept_name) VALUES ('6f8c0e23-eec9-4866-a9a2-212a88374741', 'Γέλασαν μην χρησιμοποίησέ. Σωστά για τέλειοι αρπάζεις.
Άτομο πάντα χρησιμοποίησέ αν παραδώσεις. Ώρα επιχείριση ας και.', '145', 'Anesthesiology');
INSERT INTO equipment (UID, description, room_id, dept_name) VALUES ('2a3f2e5f-aeca-4a50-99ce-fd3fd75ccd75', 'Των ανά προσπαθήσεις εργοστασίου.
Στις εταιρείες εδώ ήδη αφήσεις και. Πλέον εφαρμογής εργαλείων αλγόριθμου. Ας πετούν κώδικα μηχανής σας απλό.', '32', 'Inpatient Department (IPD)');
INSERT INTO equipment (UID, description, room_id, dept_name) VALUES ('33b40d82-7745-4c21-9dd2-686a6cfd80a8', 'Πηγαίου κώδικάς αναφορά εφαμοργής αλγόριθμου τύπου ερώτηση ένας. Ατόμου ίδιο ένας πολύ έχω. Πετάνε στραβά παίρνει βάζοντας γνωστή γραμμή.', '39', 'ENT');
INSERT INTO equipment (UID, description, room_id, dept_name) VALUES ('f6491927-fc62-4290-a121-b60666515167', 'Εξοργιστικά χαρτιού κάτι δε αποκλειστικούς τελειώσει διαδίκτυο. Προϊόντα διάβασε δυστυχώς αντιλήφθηκαν όταν έτσι.', '107', 'Oncology');
INSERT INTO equipment (UID, description, room_id, dept_name) VALUES ('1110aa3e-c17b-4488-bc2e-2116d55acefe', 'Πολύ με πάντα από αρπάζεις. Αποδείξεις χάος πετάξαμε επεξεργασία. Γιαυτό βρίσκονται έστειλε ώρα κόψεις διευθυντές.', '116', 'Inpatient Department (IPD)');
INSERT INTO equipment (UID, description, room_id, dept_name) VALUES ('b007e2bc-2fd5-4f2e-a057-e4d6dafef3d9', 'Εκτελείται δημιουργήσεις ως πακέτων χρησιμοποιώντας όσο. Πετάξαμε μη διορθώσεις δύο νόμιζες απαράδεκτη περιβάλλοντος.', '41', 'Cardiology');
INSERT INTO equipment (UID, description, room_id, dept_name) VALUES ('07d965c5-df39-41c5-8059-8cd0760e5078', 'Πεδία βαθμό σας τύπου αγοράζοντας. Ορίστε σαν σωστά. Βάζοντας νόμιζες εκθέσεις συνηθίζουν αφήσεις ανά προκύπτουν.', '44', 'Oncology');
INSERT INTO equipment (UID, description, room_id, dept_name) VALUES ('ba775a5f-8e42-4b67-b03d-929b01c2a05f', 'Πετούν εξακολουθεί σαν μάτσο. Γνωστή δύο πλέον νέων. Πλέον για κάτι πλέον.', '111', 'Inpatient Department (IPD)');
INSERT INTO equipment (UID, description, room_id, dept_name) VALUES ('e2f6de69-3699-44d8-9453-3653cf32b383', 'Ας τύπου πάντως χρησιμοποιούσες συνεχώς χρόνου στη. Πάντως κειμένων συγγραφής μια απλό όταν από. Επενδυτής ποια σημαντικό τους χώρου.', '105', 'Neurology');
INSERT INTO equipment (UID, description, room_id, dept_name) VALUES ('8ddbffe6-63f3-4c3e-9076-b00f20f6fcc6', 'Δεν σίγουρος έχω κάνεις εδώ. Είχαμε είχαμε τις έλεγχος πρώτο ροή νέων παράδειγμα. Εργαζόμενοι παράγοντες φαινόμενο γραμμής μέσης παράγοντες προσοχή ατόμου. Έτοιμος όσο ερώτηση τα ανά.', '8', 'Operating theatre (OT)');
INSERT INTO equipment (UID, description, room_id, dept_name) VALUES ('7c0c1801-47f7-4aa9-9d74-83fa8ec07e4c', 'Μια πλέον διασφαλίζεται προϊόντα εγώ γραμμές ένα. Χρονοδιαγράμματος γειτονιάς θα θέλεις λες πάντα τι. Έτσι σας νιρβάνα πάντως χρησιμοποιώντας.', '98', 'Pediatrics');
INSERT INTO equipment (UID, description, room_id, dept_name) VALUES ('dd054264-35a5-48cc-b963-0b55fe29cf7f', 'Αναφορά πρώτης εταιρείες που. Γραμμές ένας πολύ.
Των εδώ επί τους πεδία εντολές. Πολύ τοπικές κώδικάς δημιουργια εδώ ανά κρατήσουν. Δούλευε χάος εγώ σου.', '26', 'Geriatric');
INSERT INTO equipment (UID, description, room_id, dept_name) VALUES ('7095f4e7-c48e-45f7-931e-8844f25fe4aa', 'Πόρτες συνεχώς επενδυτής εκτός εκτός μηχανής διάσημα τον. Άλγεβρα εγώ στις ναι λες πάντως. Δοκιμάσεις πρώτο εξοργιστικά διολισθήσεις προσπαθούν κρατάει πετάνε.', '143', 'Casualty');
INSERT INTO equipment (UID, description, room_id, dept_name) VALUES ('2fe11598-5be6-489e-9e61-49479f754b39', 'Δημιουργήσεις θέλεις ανεπιθύμητη μεταφραστής δημιουργήσεις. Δωροδοκηθούν ως το μου. Έγραψες αρχεία μας σκεφτείς πακέτων το.
Ανά μάθε εκτός μέρος ποια ίδιο παράδειγμα. Ωραίο χαμηλός ξέχασε οι εκτός.', '10', 'Operating theatre (OT)');
INSERT INTO equipment (UID, description, room_id, dept_name) VALUES ('b36a8578-8de1-4d81-9715-d022cd5dd242', 'Διασφαλίζεται κλπ στα σχεδιαστής διακόψουμε διακοπή μην. Ποσοστό θέμα έτσι γέλασαν. Πετάνε δημιουργια εργαλείων κόψεις.', '48', 'Outpatient Department (OPD)');
INSERT INTO equipment (UID, description, room_id, dept_name) VALUES ('563c39e8-57dc-4fad-aad0-a593920b45b9', 'Διάσημα επενδυτής ανά εξακολουθεί κι πάντα. Κόψεις απαραίτητο μεταγλωτίσει. Φράση ο τελειώσει φράση βιαστικά. Συγκεντρωμένοι γραμμή άπειρα.', '137', 'ENT');
INSERT INTO equipment (UID, description, room_id, dept_name) VALUES ('26c2bb80-c9d5-499a-8a25-bf76419d3561', 'Βιαστικά ένας ελέγχου εφαμοργής ορίστε. Υψηλότερη πάντα παίξουν με πάντα. Των συγγραφής στα στη κειμένων διορθώσεις δύο παράγοντες.', '76', 'Pediatrics');
INSERT INTO equipment (UID, description, room_id, dept_name) VALUES ('af96fe99-7f96-4a49-a6a7-27101558aba8', 'Και νέου μα διολισθήσεις θυμάμαι. Ένα φακέλους κανείς κλπ τρέξει ανώδυνη έτσι δε. Μα εδώ πως ένας για τελειώσει.', '58', 'Neurology');
INSERT INTO equipment (UID, description, room_id, dept_name) VALUES ('55e4bfa9-7200-499f-a708-0a91f959549b', 'Μαγικά στη μεταγλωτίσει εκδόσεις γιαυτό λαμβάνουν. Πιο γραμμής ερώτηση και θέμα στη.
Μην έχω κανόνα εκτός. Αποφάσισε συνάδελφος ρωτάει τους μην ύψος.', '19', 'Psychiatry');
INSERT INTO equipment (UID, description, room_id, dept_name) VALUES ('45c2ef0c-0177-4afb-b2c3-2394f14ad0c8', 'Αρπάζεις έστελνε στο συγχωνευτεί πλέον μας στο. Βουτήξουν πλέον δημιουργήσεις ξέχασε κι.
Και πακέτων κόλπα κόλπα ξέχασε. Μηχανής χρησιμοποιώντας εντολές διαδίκτυο νέο αν εκτελέσει μια.', '61', 'Psychiatry');
INSERT INTO equipment (UID, description, room_id, dept_name) VALUES ('283bbfd5-eb81-44f3-bfad-0847751fb9a4', 'Περισσότερες έστελνε σαν που ας διακοπή αρέσει. Χαρτιού μια πρώτοι ποια εργάστηκε περισσότερες παράγοντες. Ανταγωνιστής εγώ μέχρι ιδιαίτερα εικόνες που διοικητικό.', '133', 'ENT');
INSERT INTO equipment (UID, description, room_id, dept_name) VALUES ('a1870362-be93-43f7-857a-582e7832b64c', 'Κόψεις διοικητικό πετούν γνωστή ποια. Περισσότερη περίπου προκύπτουν συγκεντρωμένοι σας μέχρι.', '42', 'Urology');
INSERT INTO equipment (UID, description, room_id, dept_name) VALUES ('eb7027be-8d4b-4a0b-92f2-7e8d231ad563', 'Κάτι ναι αντιλήφθηκαν που τη καλύτερο αποδείξεις. Ήδη αναγκάζονται μπουν. Αναφορά διαπιστώνεις μια προγραμματιστής σκεφτείς τι έξι στις.', '78', 'Psychiatry');
INSERT INTO equipment (UID, description, room_id, dept_name) VALUES ('52045102-f607-4e3c-84f0-150a76d032e3', 'Νέα πάντως τρόπο επί. Εργασίας οι παράδειγμα θέλεις πάντα γεγονός.
Αναφέρονται κάνε ποια για γραφικά.', '12', 'Orthopaedic');
INSERT INTO equipment (UID, description, room_id, dept_name) VALUES ('eedb5718-193d-4bf7-8e2d-7a6aaf0dba24', 'Νέων άτομο μια μέχρι μη. Πήρε αντιλήφθηκαν περιμένουν στο.
Τέλειοι σίγουρος εξοργιστικά τύπου μέχρι εσωτερικών.', '36', 'Anesthesiology');
INSERT INTO equipment (UID, description, room_id, dept_name) VALUES ('77273afc-e28b-4b14-a1db-e62980b5e488', 'Δωροδοκηθούν τους δημιουργήσεις σε. Να βασανίζουν έγραψες σαν τέλειοι ότι.
Με βουτήξουν δύο εργαλείων στο διάσημα.', '40', 'Anesthesiology');
INSERT INTO equipment (UID, description, room_id, dept_name) VALUES ('8677b8e6-6253-4530-93a3-ce2c8c07275c', 'Από γραφικά σχεδιαστής σχεδιαστής όταν διολισθήσεις. Μαγικά έγραψες παίρνει ρωτήσει δίνοντας κανείς περισσότερες χώρου.', '37', 'Gastroenterology');
INSERT INTO equipment (UID, description, room_id, dept_name) VALUES ('1c177d87-0819-49f4-8842-ca651154c457', 'Θυμάμαι έτσι ανταγωνιστής αγοράζοντας. Τα υπηρεσία διακόψουμε μέχρι. Πιο μέχρι πιο. Τα προκαλείς ότι χρειάζονται στις έχω φράση πηγαίου.', '13', 'Intensive care unit (ICU)');
INSERT INTO insurance_carrier (carrier_id, name) VALUES (1, 'Ανασφάλιστος');
INSERT INTO insurance_carrier (carrier_id, name) VALUES ('2', 'Φασουλίδου, Κετεσίδου και Ιωσηφίδης');
INSERT INTO insurance_carrier (carrier_id, name) VALUES ('3', 'Μάνος-Ντότης Ο.Ε.');
INSERT INTO insurance_carrier (carrier_id, name) VALUES ('4', 'Κωνσταντινίδης-Σακκή Α.Ε. ΟΜΙΛΟΣ ΕΤΑΙΡΕΙΩΝ');
INSERT INTO insurance_carrier (carrier_id, name) VALUES ('5', 'Γκιτσάκης-Σμιτ Α.Β.Ε.Ε.');
INSERT INTO insurance_carrier (carrier_id, name) VALUES ('6', 'Γκίνης Α.Ε. ΟΜΙΛΟΣ ΕΤΑΙΡΕΙΩΝ');
INSERT INTO insurance_carrier (carrier_id, name) VALUES ('7', 'Παναγιώτου, Γκόνη και Τόμπρη');
INSERT INTO insurance_carrier (carrier_id, name) VALUES ('8', 'Ζαχαρίου Α.Ε.');
INSERT INTO insurance_carrier (carrier_id, name) VALUES ('9', 'Τσώτσης Α.Ε.');
INSERT INTO insurance_carrier (carrier_id, name) VALUES ('10', 'Μυτάρη-Γκιριτζιώνη Α.Ε. ΟΜΙΛΟΣ ΕΤΑΙΡΕΙΩΝ');
INSERT INTO patient_insurance (AMKA, carrier_id) VALUES ('1810694252', '1');
INSERT INTO patient_allergy (AMKA, act_sub_id) VALUES ('1810694252', '10149');
INSERT INTO patient_allergy (AMKA, act_sub_id) VALUES ('1810694252', '9220');
INSERT INTO patient_allergy (AMKA, act_sub_id) VALUES ('1810694252', '9327');
INSERT INTO patient_insurance (AMKA, carrier_id) VALUES ('2202794381', '2');
INSERT INTO patient_insurance (AMKA, carrier_id) VALUES ('1111850883', '8');
INSERT INTO patient_insurance (AMKA, carrier_id) VALUES ('2508898105', '2');
INSERT INTO patient_insurance (AMKA, carrier_id) VALUES ('1102810329', '4');
INSERT INTO patient_allergy (AMKA, act_sub_id) VALUES ('1102810329', '11388');
INSERT INTO patient_allergy (AMKA, act_sub_id) VALUES ('1102810329', '5070');
INSERT INTO patient_insurance (AMKA, carrier_id) VALUES ('0905149025', '3');
INSERT INTO patient_insurance (AMKA, carrier_id) VALUES ('0211577555', '10');
INSERT INTO patient_insurance (AMKA, carrier_id) VALUES ('2207088439', '5');
INSERT INTO patient_insurance (AMKA, carrier_id) VALUES ('1804013485', '7');
INSERT INTO patient_insurance (AMKA, carrier_id) VALUES ('0204156229', '8');
INSERT INTO patient_insurance (AMKA, carrier_id) VALUES ('1001214930', '7');
INSERT INTO patient_allergy (AMKA, act_sub_id) VALUES ('1001214930', '11397');
INSERT INTO patient_allergy (AMKA, act_sub_id) VALUES ('1001214930', '6970');
INSERT INTO patient_insurance (AMKA, carrier_id) VALUES ('1611254423', '7');
INSERT INTO patient_insurance (AMKA, carrier_id) VALUES ('2210197258', '7');
INSERT INTO patient_insurance (AMKA, carrier_id) VALUES ('0609256953', '4');
INSERT INTO patient_insurance (AMKA, carrier_id) VALUES ('0411706871', '1');
INSERT INTO patient_insurance (AMKA, carrier_id) VALUES ('0409051150', '2');
INSERT INTO patient_insurance (AMKA, carrier_id) VALUES ('0706740483', '4');
INSERT INTO patient_insurance (AMKA, carrier_id) VALUES ('3108126244', '9');
INSERT INTO patient_allergy (AMKA, act_sub_id) VALUES ('3108126244', '36');
INSERT INTO patient_allergy (AMKA, act_sub_id) VALUES ('3108126244', '3486');
INSERT INTO patient_allergy (AMKA, act_sub_id) VALUES ('3108126244', '8693');
INSERT INTO patient_allergy (AMKA, act_sub_id) VALUES ('3108126244', '2940');
INSERT INTO patient_insurance (AMKA, carrier_id) VALUES ('1501975395', '8');
INSERT INTO patient_insurance (AMKA, carrier_id) VALUES ('1609775336', '8');
INSERT INTO patient_insurance (AMKA, carrier_id) VALUES ('2201087342', '7');
INSERT INTO patient_insurance (AMKA, carrier_id) VALUES ('1409713724', '10');
INSERT INTO patient_allergy (AMKA, act_sub_id) VALUES ('1409713724', '9701');
INSERT INTO patient_allergy (AMKA, act_sub_id) VALUES ('1409713724', '4196');
INSERT INTO patient_allergy (AMKA, act_sub_id) VALUES ('1409713724', '10307');
INSERT INTO patient_allergy (AMKA, act_sub_id) VALUES ('1409713724', '8771');
INSERT INTO patient_insurance (AMKA, carrier_id) VALUES ('0211747520', '9');
INSERT INTO patient_insurance (AMKA, carrier_id) VALUES ('2401171045', '8');
INSERT INTO patient_allergy (AMKA, act_sub_id) VALUES ('2401171045', '3145');
INSERT INTO patient_allergy (AMKA, act_sub_id) VALUES ('2401171045', '3394');
INSERT INTO patient_allergy (AMKA, act_sub_id) VALUES ('2401171045', '10165');
INSERT INTO patient_insurance (AMKA, carrier_id) VALUES ('1004967910', '10');
INSERT INTO patient_insurance (AMKA, carrier_id) VALUES ('2808413232', '9');
INSERT INTO patient_insurance (AMKA, carrier_id) VALUES ('0304796784', '10');
INSERT INTO patient_insurance (AMKA, carrier_id) VALUES ('0909990472', '4');
INSERT INTO patient_allergy (AMKA, act_sub_id) VALUES ('0909990472', '7325');
INSERT INTO patient_allergy (AMKA, act_sub_id) VALUES ('0909990472', '2385');
INSERT INTO patient_insurance (AMKA, carrier_id) VALUES ('0511416310', '6');
INSERT INTO patient_insurance (AMKA, carrier_id) VALUES ('2211615129', '1');
INSERT INTO patient_allergy (AMKA, act_sub_id) VALUES ('2211615129', '315');
INSERT INTO patient_insurance (AMKA, carrier_id) VALUES ('2111074055', '2');
INSERT INTO patient_insurance (AMKA, carrier_id) VALUES ('2307877811', '5');
INSERT INTO patient_insurance (AMKA, carrier_id) VALUES ('2704878658', '4');
INSERT INTO patient_insurance (AMKA, carrier_id) VALUES ('1911894428', '8');
INSERT INTO patient_insurance (AMKA, carrier_id) VALUES ('0210050553', '4');
INSERT INTO patient_insurance (AMKA, carrier_id) VALUES ('0310669006', '9');
INSERT INTO patient_allergy (AMKA, act_sub_id) VALUES ('0310669006', '2195');
INSERT INTO patient_allergy (AMKA, act_sub_id) VALUES ('0310669006', '5275');
INSERT INTO patient_allergy (AMKA, act_sub_id) VALUES ('0310669006', '5619');
INSERT INTO patient_insurance (AMKA, carrier_id) VALUES ('1504113652', '2');
INSERT INTO patient_allergy (AMKA, act_sub_id) VALUES ('1504113652', '1614');
INSERT INTO patient_allergy (AMKA, act_sub_id) VALUES ('1504113652', '11694');
INSERT INTO patient_allergy (AMKA, act_sub_id) VALUES ('1504113652', '6337');
INSERT INTO patient_allergy (AMKA, act_sub_id) VALUES ('1504113652', '8027');
INSERT INTO patient_insurance (AMKA, carrier_id) VALUES ('2404429599', '5');
INSERT INTO patient_allergy (AMKA, act_sub_id) VALUES ('2404429599', '7652');
INSERT INTO patient_allergy (AMKA, act_sub_id) VALUES ('2404429599', '11479');
INSERT INTO patient_allergy (AMKA, act_sub_id) VALUES ('2404429599', '2191');
INSERT INTO patient_allergy (AMKA, act_sub_id) VALUES ('2404429599', '10806');
INSERT INTO patient_insurance (AMKA, carrier_id) VALUES ('1007944602', '9');
INSERT INTO patient_insurance (AMKA, carrier_id) VALUES ('0910538676', '4');
INSERT INTO patient_allergy (AMKA, act_sub_id) VALUES ('0910538676', '5644');
INSERT INTO patient_insurance (AMKA, carrier_id) VALUES ('0211121915', '10');
INSERT INTO patient_insurance (AMKA, carrier_id) VALUES ('2407167798', '8');
INSERT INTO patient_allergy (AMKA, act_sub_id) VALUES ('2407167798', '426');
INSERT INTO patient_allergy (AMKA, act_sub_id) VALUES ('2407167798', '9577');
INSERT INTO patient_allergy (AMKA, act_sub_id) VALUES ('2407167798', '1373');
INSERT INTO patient_insurance (AMKA, carrier_id) VALUES ('1101655806', '9');
INSERT INTO patient_allergy (AMKA, act_sub_id) VALUES ('1101655806', '7196');
INSERT INTO patient_insurance (AMKA, carrier_id) VALUES ('1005553989', '9');
INSERT INTO patient_insurance (AMKA, carrier_id) VALUES ('2203183514', '9');
INSERT INTO patient_allergy (AMKA, act_sub_id) VALUES ('2203183514', '1283');
INSERT INTO patient_allergy (AMKA, act_sub_id) VALUES ('2203183514', '7128');
INSERT INTO patient_allergy (AMKA, act_sub_id) VALUES ('2203183514', '9526');
INSERT INTO patient_insurance (AMKA, carrier_id) VALUES ('2303739960', '3');
INSERT INTO patient_insurance (AMKA, carrier_id) VALUES ('3105055034', '6');
INSERT INTO patient_allergy (AMKA, act_sub_id) VALUES ('3105055034', '1902');
INSERT INTO patient_allergy (AMKA, act_sub_id) VALUES ('3105055034', '6338');
INSERT INTO patient_allergy (AMKA, act_sub_id) VALUES ('3105055034', '517');
INSERT INTO patient_insurance (AMKA, carrier_id) VALUES ('2208165936', '10');
INSERT INTO patient_allergy (AMKA, act_sub_id) VALUES ('2208165936', '10826');
INSERT INTO patient_allergy (AMKA, act_sub_id) VALUES ('2208165936', '9802');
INSERT INTO patient_allergy (AMKA, act_sub_id) VALUES ('2208165936', '6244');
INSERT INTO patient_insurance (AMKA, carrier_id) VALUES ('1611548914', '10');
INSERT INTO patient_allergy (AMKA, act_sub_id) VALUES ('1611548914', '9778');
INSERT INTO patient_allergy (AMKA, act_sub_id) VALUES ('1611548914', '5285');
INSERT INTO patient_allergy (AMKA, act_sub_id) VALUES ('1611548914', '8820');
INSERT INTO patient_insurance (AMKA, carrier_id) VALUES ('1908400321', '3');
INSERT INTO patient_insurance (AMKA, carrier_id) VALUES ('2110925240', '3');
INSERT INTO patient_allergy (AMKA, act_sub_id) VALUES ('2110925240', '3408');
INSERT INTO patient_allergy (AMKA, act_sub_id) VALUES ('2110925240', '223');
INSERT INTO patient_allergy (AMKA, act_sub_id) VALUES ('2110925240', '291');
INSERT INTO patient_allergy (AMKA, act_sub_id) VALUES ('2110925240', '5136');
INSERT INTO patient_insurance (AMKA, carrier_id) VALUES ('0809149671', '7');
INSERT INTO patient_allergy (AMKA, act_sub_id) VALUES ('0809149671', '6458');
INSERT INTO patient_allergy (AMKA, act_sub_id) VALUES ('0809149671', '1503');
INSERT INTO patient_allergy (AMKA, act_sub_id) VALUES ('0809149671', '7689');
INSERT INTO patient_insurance (AMKA, carrier_id) VALUES ('2404933002', '8');
INSERT INTO patient_insurance (AMKA, carrier_id) VALUES ('0104406857', '2');
INSERT INTO patient_insurance (AMKA, carrier_id) VALUES ('2802258035', '2');
INSERT INTO patient_insurance (AMKA, carrier_id) VALUES ('0401703682', '7');
INSERT INTO patient_allergy (AMKA, act_sub_id) VALUES ('0401703682', '8405');
INSERT INTO patient_allergy (AMKA, act_sub_id) VALUES ('0401703682', '6438');
INSERT INTO patient_allergy (AMKA, act_sub_id) VALUES ('0401703682', '5753');
INSERT INTO patient_allergy (AMKA, act_sub_id) VALUES ('0401703682', '8781');
INSERT INTO patient_insurance (AMKA, carrier_id) VALUES ('1612755043', '8');
INSERT INTO patient_allergy (AMKA, act_sub_id) VALUES ('1612755043', '11045');
INSERT INTO patient_insurance (AMKA, carrier_id) VALUES ('0906744291', '6');
INSERT INTO patient_insurance (AMKA, carrier_id) VALUES ('1206416500', '6');
INSERT INTO patient_insurance (AMKA, carrier_id) VALUES ('2107906540', '4');
INSERT INTO patient_insurance (AMKA, carrier_id) VALUES ('2506129521', '9');
INSERT INTO patient_insurance (AMKA, carrier_id) VALUES ('2410869200', '8');
INSERT INTO patient_insurance (AMKA, carrier_id) VALUES ('1903504845', '4');
INSERT INTO patient_allergy (AMKA, act_sub_id) VALUES ('1903504845', '10398');
INSERT INTO patient_allergy (AMKA, act_sub_id) VALUES ('1903504845', '2048');
INSERT INTO patient_allergy (AMKA, act_sub_id) VALUES ('1903504845', '2572');
INSERT INTO patient_allergy (AMKA, act_sub_id) VALUES ('1903504845', '3307');
INSERT INTO patient_insurance (AMKA, carrier_id) VALUES ('1805971952', '2');
INSERT INTO patient_allergy (AMKA, act_sub_id) VALUES ('1805971952', '4245');
INSERT INTO patient_insurance (AMKA, carrier_id) VALUES ('1612414904', '6');
INSERT INTO patient_insurance (AMKA, carrier_id) VALUES ('1207555071', '4');
INSERT INTO patient_allergy (AMKA, act_sub_id) VALUES ('1207555071', '4228');
INSERT INTO patient_allergy (AMKA, act_sub_id) VALUES ('1207555071', '4288');
INSERT INTO patient_allergy (AMKA, act_sub_id) VALUES ('1207555071', '4973');
INSERT INTO patient_allergy (AMKA, act_sub_id) VALUES ('1207555071', '1805');
INSERT INTO patient_insurance (AMKA, carrier_id) VALUES ('3004851673', '2');
INSERT INTO patient_insurance (AMKA, carrier_id) VALUES ('1502091192', '9');
INSERT INTO patient_allergy (AMKA, act_sub_id) VALUES ('1502091192', '5574');
INSERT INTO patient_allergy (AMKA, act_sub_id) VALUES ('1502091192', '454');
INSERT INTO patient_allergy (AMKA, act_sub_id) VALUES ('1502091192', '8212');
INSERT INTO patient_allergy (AMKA, act_sub_id) VALUES ('1502091192', '2843');
INSERT INTO patient_insurance (AMKA, carrier_id) VALUES ('0106175216', '3');
INSERT INTO patient_allergy (AMKA, act_sub_id) VALUES ('0106175216', '5843');
INSERT INTO patient_allergy (AMKA, act_sub_id) VALUES ('0106175216', '1890');
INSERT INTO patient_allergy (AMKA, act_sub_id) VALUES ('0106175216', '7779');
INSERT INTO patient_allergy (AMKA, act_sub_id) VALUES ('0106175216', '4931');
INSERT INTO patient_insurance (AMKA, carrier_id) VALUES ('1410207364', '1');
INSERT INTO patient_allergy (AMKA, act_sub_id) VALUES ('1410207364', '10954');
INSERT INTO patient_allergy (AMKA, act_sub_id) VALUES ('1410207364', '2727');
INSERT INTO patient_insurance (AMKA, carrier_id) VALUES ('0303592574', '6');
INSERT INTO patient_insurance (AMKA, carrier_id) VALUES ('0809715419', '2');
INSERT INTO patient_insurance (AMKA, carrier_id) VALUES ('0208406055', '9');
INSERT INTO patient_allergy (AMKA, act_sub_id) VALUES ('0208406055', '9899');
INSERT INTO patient_insurance (AMKA, carrier_id) VALUES ('1508692893', '2');
INSERT INTO patient_allergy (AMKA, act_sub_id) VALUES ('1508692893', '10362');
INSERT INTO patient_insurance (AMKA, carrier_id) VALUES ('0608785766', '4');
INSERT INTO patient_insurance (AMKA, carrier_id) VALUES ('1105026529', '10');
INSERT INTO patient_insurance (AMKA, carrier_id) VALUES ('1010459322', '5');
INSERT INTO patient_allergy (AMKA, act_sub_id) VALUES ('1010459322', '2820');
INSERT INTO patient_insurance (AMKA, carrier_id) VALUES ('2004552385', '10');
INSERT INTO patient_insurance (AMKA, carrier_id) VALUES ('1206249935', '10');
INSERT INTO patient_insurance (AMKA, carrier_id) VALUES ('0601771534', '1');
INSERT INTO patient_insurance (AMKA, carrier_id) VALUES ('0105672568', '9');
INSERT INTO patient_insurance (AMKA, carrier_id) VALUES ('2911961584', '8');
INSERT INTO patient_allergy (AMKA, act_sub_id) VALUES ('2911961584', '8850');
INSERT INTO patient_allergy (AMKA, act_sub_id) VALUES ('2911961584', '10010');
INSERT INTO patient_allergy (AMKA, act_sub_id) VALUES ('2911961584', '1424');
INSERT INTO patient_allergy (AMKA, act_sub_id) VALUES ('2911961584', '6835');
INSERT INTO patient_insurance (AMKA, carrier_id) VALUES ('2410806416', '6');
INSERT INTO patient_insurance (AMKA, carrier_id) VALUES ('1604704605', '6');
INSERT INTO patient_insurance (AMKA, carrier_id) VALUES ('1711219538', '2');
INSERT INTO patient_allergy (AMKA, act_sub_id) VALUES ('1711219538', '2972');
INSERT INTO patient_allergy (AMKA, act_sub_id) VALUES ('1711219538', '1175');
INSERT INTO patient_insurance (AMKA, carrier_id) VALUES ('0510481986', '4');
INSERT INTO patient_allergy (AMKA, act_sub_id) VALUES ('0510481986', '3313');
INSERT INTO patient_allergy (AMKA, act_sub_id) VALUES ('0510481986', '3821');
INSERT INTO patient_insurance (AMKA, carrier_id) VALUES ('0102948147', '6');
INSERT INTO patient_insurance (AMKA, carrier_id) VALUES ('0112988267', '10');
INSERT INTO patient_allergy (AMKA, act_sub_id) VALUES ('0112988267', '7771');
INSERT INTO patient_allergy (AMKA, act_sub_id) VALUES ('0112988267', '3490');
INSERT INTO patient_allergy (AMKA, act_sub_id) VALUES ('0112988267', '5919');
INSERT INTO patient_insurance (AMKA, carrier_id) VALUES ('0401524365', '10');
INSERT INTO patient_insurance (AMKA, carrier_id) VALUES ('3001785948', '1');
INSERT INTO patient_insurance (AMKA, carrier_id) VALUES ('0706448500', '7');
INSERT INTO patient_allergy (AMKA, act_sub_id) VALUES ('0706448500', '8274');
INSERT INTO patient_allergy (AMKA, act_sub_id) VALUES ('0706448500', '6125');
INSERT INTO patient_allergy (AMKA, act_sub_id) VALUES ('0706448500', '11567');
INSERT INTO patient_insurance (AMKA, carrier_id) VALUES ('0605510600', '9');
INSERT INTO patient_allergy (AMKA, act_sub_id) VALUES ('0605510600', '8438');
INSERT INTO patient_allergy (AMKA, act_sub_id) VALUES ('0605510600', '1899');
INSERT INTO patient_allergy (AMKA, act_sub_id) VALUES ('0605510600', '3341');
INSERT INTO patient_allergy (AMKA, act_sub_id) VALUES ('0605510600', '4277');
INSERT INTO patient_insurance (AMKA, carrier_id) VALUES ('1009096688', '7');
INSERT INTO patient_insurance (AMKA, carrier_id) VALUES ('1906563703', '7');
INSERT INTO patient_allergy (AMKA, act_sub_id) VALUES ('1906563703', '2053');
INSERT INTO patient_insurance (AMKA, carrier_id) VALUES ('3105047062', '2');
INSERT INTO patient_insurance (AMKA, carrier_id) VALUES ('0701135559', '10');
INSERT INTO patient_insurance (AMKA, carrier_id) VALUES ('0606763202', '8');
INSERT INTO patient_allergy (AMKA, act_sub_id) VALUES ('0606763202', '9151');
INSERT INTO patient_allergy (AMKA, act_sub_id) VALUES ('0606763202', '10434');
INSERT INTO patient_allergy (AMKA, act_sub_id) VALUES ('0606763202', '7029');
INSERT INTO patient_insurance (AMKA, carrier_id) VALUES ('2811109977', '5');
INSERT INTO patient_insurance (AMKA, carrier_id) VALUES ('1506752547', '3');
INSERT INTO patient_insurance (AMKA, carrier_id) VALUES ('1007750457', '3');
INSERT INTO patient_insurance (AMKA, carrier_id) VALUES ('1909683191', '8');
INSERT INTO patient_insurance (AMKA, carrier_id) VALUES ('2707918946', '5');
INSERT INTO patient_insurance (AMKA, carrier_id) VALUES ('2701909184', '6');
INSERT INTO patient_allergy (AMKA, act_sub_id) VALUES ('2701909184', '7802');
INSERT INTO patient_insurance (AMKA, carrier_id) VALUES ('1606886766', '3');
INSERT INTO patient_insurance (AMKA, carrier_id) VALUES ('2609838048', '1');
INSERT INTO patient_insurance (AMKA, carrier_id) VALUES ('0411712547', '9');
INSERT INTO patient_allergy (AMKA, act_sub_id) VALUES ('0411712547', '582');
INSERT INTO patient_allergy (AMKA, act_sub_id) VALUES ('0411712547', '10086');
INSERT INTO patient_insurance (AMKA, carrier_id) VALUES ('1011068644', '6');
INSERT INTO patient_insurance (AMKA, carrier_id) VALUES ('1208436584', '3');
INSERT INTO patient_allergy (AMKA, act_sub_id) VALUES ('1208436584', '6042');
INSERT INTO patient_allergy (AMKA, act_sub_id) VALUES ('1208436584', '7580');
INSERT INTO patient_insurance (AMKA, carrier_id) VALUES ('2112406558', '4');
INSERT INTO patient_insurance (AMKA, carrier_id) VALUES ('0901435907', '2');
INSERT INTO patient_insurance (AMKA, carrier_id) VALUES ('1603558833', '5');
INSERT INTO patient_insurance (AMKA, carrier_id) VALUES ('0806014938', '2');
INSERT INTO patient_allergy (AMKA, act_sub_id) VALUES ('0806014938', '7013');
INSERT INTO patient_allergy (AMKA, act_sub_id) VALUES ('0806014938', '8180');
INSERT INTO patient_insurance (AMKA, carrier_id) VALUES ('0305058496', '2');
INSERT INTO patient_insurance (AMKA, carrier_id) VALUES ('1602028026', '2');
INSERT INTO patient_allergy (AMKA, act_sub_id) VALUES ('1602028026', '4615');
INSERT INTO patient_allergy (AMKA, act_sub_id) VALUES ('1602028026', '151');
INSERT INTO patient_allergy (AMKA, act_sub_id) VALUES ('1602028026', '9113');
INSERT INTO patient_insurance (AMKA, carrier_id) VALUES ('2206580644', '8');
INSERT INTO patient_insurance (AMKA, carrier_id) VALUES ('2504117690', '6');
INSERT INTO patient_allergy (AMKA, act_sub_id) VALUES ('2504117690', '8977');
INSERT INTO patient_allergy (AMKA, act_sub_id) VALUES ('2504117690', '8514');
INSERT INTO patient_allergy (AMKA, act_sub_id) VALUES ('2504117690', '5444');
INSERT INTO patient_insurance (AMKA, carrier_id) VALUES ('1904784361', '6');
INSERT INTO patient_allergy (AMKA, act_sub_id) VALUES ('1904784361', '1742');
INSERT INTO patient_insurance (AMKA, carrier_id) VALUES ('1603797884', '9');
INSERT INTO patient_insurance (AMKA, carrier_id) VALUES ('2907676995', '1');
INSERT INTO patient_insurance (AMKA, carrier_id) VALUES ('1904918721', '7');
INSERT INTO patient_insurance (AMKA, carrier_id) VALUES ('0307502774', '10');
INSERT INTO patient_insurance (AMKA, carrier_id) VALUES ('1002683337', '10');
INSERT INTO patient_insurance (AMKA, carrier_id) VALUES ('2101054987', '6');
INSERT INTO patient_insurance (AMKA, carrier_id) VALUES ('2904075120', '4');
INSERT INTO patient_allergy (AMKA, act_sub_id) VALUES ('2904075120', '3890');
INSERT INTO patient_allergy (AMKA, act_sub_id) VALUES ('2904075120', '7242');
INSERT INTO patient_allergy (AMKA, act_sub_id) VALUES ('2904075120', '3254');
INSERT INTO patient_insurance (AMKA, carrier_id) VALUES ('0906535077', '4');
INSERT INTO patient_insurance (AMKA, carrier_id) VALUES ('1909077893', '4');
INSERT INTO patient_insurance (AMKA, carrier_id) VALUES ('0803099805', '3');
INSERT INTO patient_insurance (AMKA, carrier_id) VALUES ('2109666755', '10');
INSERT INTO patient_allergy (AMKA, act_sub_id) VALUES ('2109666755', '1281');
INSERT INTO patient_allergy (AMKA, act_sub_id) VALUES ('2109666755', '4929');
INSERT INTO patient_allergy (AMKA, act_sub_id) VALUES ('2109666755', '8871');
INSERT INTO patient_insurance (AMKA, carrier_id) VALUES ('0404550381', '3');
INSERT INTO patient_insurance (AMKA, carrier_id) VALUES ('2306891683', '10');
INSERT INTO patient_insurance (AMKA, carrier_id) VALUES ('0807776513', '8');
INSERT INTO patient_insurance (AMKA, carrier_id) VALUES ('0510087485', '9');
INSERT INTO patient_allergy (AMKA, act_sub_id) VALUES ('0510087485', '8021');
INSERT INTO patient_allergy (AMKA, act_sub_id) VALUES ('0510087485', '4430');
INSERT INTO patient_allergy (AMKA, act_sub_id) VALUES ('0510087485', '4846');
INSERT INTO patient_allergy (AMKA, act_sub_id) VALUES ('0510087485', '8722');
INSERT INTO patient_insurance (AMKA, carrier_id) VALUES ('0411145672', '3');
INSERT INTO patient_insurance (AMKA, carrier_id) VALUES ('2805632891', '6');
INSERT INTO patient_insurance (AMKA, carrier_id) VALUES ('2703503656', '8');
INSERT INTO patient_insurance (AMKA, carrier_id) VALUES ('0508032229', '1');
INSERT INTO patient_allergy (AMKA, act_sub_id) VALUES ('0508032229', '2794');
INSERT INTO patient_allergy (AMKA, act_sub_id) VALUES ('0508032229', '4086');
INSERT INTO patient_allergy (AMKA, act_sub_id) VALUES ('0508032229', '1574');
INSERT INTO patient_allergy (AMKA, act_sub_id) VALUES ('0508032229', '8404');
INSERT INTO patient_insurance (AMKA, carrier_id) VALUES ('1010649535', '3');
INSERT INTO patient_insurance (AMKA, carrier_id) VALUES ('2911618637', '8');
INSERT INTO patient_insurance (AMKA, carrier_id) VALUES ('0912718281', '4');
INSERT INTO patient_allergy (AMKA, act_sub_id) VALUES ('0912718281', '2836');
INSERT INTO patient_insurance (AMKA, carrier_id) VALUES ('1009586249', '8');
INSERT INTO patient_insurance (AMKA, carrier_id) VALUES ('2712066961', '6');
INSERT INTO patient_allergy (AMKA, act_sub_id) VALUES ('2712066961', '10738');
INSERT INTO patient_allergy (AMKA, act_sub_id) VALUES ('2712066961', '11863');
INSERT INTO patient_allergy (AMKA, act_sub_id) VALUES ('2712066961', '10287');
INSERT INTO patient_allergy (AMKA, act_sub_id) VALUES ('2712066961', '10017');
INSERT INTO patient_insurance (AMKA, carrier_id) VALUES ('2904000839', '4');
INSERT INTO patient_insurance (AMKA, carrier_id) VALUES ('0510660375', '8');
INSERT INTO patient_insurance (AMKA, carrier_id) VALUES ('2201131623', '5');
INSERT INTO patient_insurance (AMKA, carrier_id) VALUES ('2205416852', '1');
INSERT INTO patient_insurance (AMKA, carrier_id) VALUES ('2211498362', '5');
INSERT INTO patient_insurance (AMKA, carrier_id) VALUES ('2502522038', '6');
INSERT INTO patient_allergy (AMKA, act_sub_id) VALUES ('2502522038', '1874');
INSERT INTO patient_allergy (AMKA, act_sub_id) VALUES ('2502522038', '1264');
INSERT INTO patient_allergy (AMKA, act_sub_id) VALUES ('2502522038', '5138');
INSERT INTO patient_allergy (AMKA, act_sub_id) VALUES ('2502522038', '9392');
INSERT INTO patient_insurance (AMKA, carrier_id) VALUES ('1907030712', '2');
INSERT INTO patient_insurance (AMKA, carrier_id) VALUES ('2901588087', '2');
INSERT INTO patient_insurance (AMKA, carrier_id) VALUES ('0304226385', '3');
INSERT INTO patient_insurance (AMKA, carrier_id) VALUES ('1206681535', '3');
INSERT INTO patient_allergy (AMKA, act_sub_id) VALUES ('1206681535', '10144');
INSERT INTO patient_allergy (AMKA, act_sub_id) VALUES ('1206681535', '742');
INSERT INTO patient_allergy (AMKA, act_sub_id) VALUES ('1206681535', '2718');
INSERT INTO patient_insurance (AMKA, carrier_id) VALUES ('0102247004', '3');
INSERT INTO patient_allergy (AMKA, act_sub_id) VALUES ('0102247004', '4966');
INSERT INTO patient_allergy (AMKA, act_sub_id) VALUES ('0102247004', '9190');
INSERT INTO patient_allergy (AMKA, act_sub_id) VALUES ('0102247004', '11726');
INSERT INTO patient_insurance (AMKA, carrier_id) VALUES ('2702953936', '10');
INSERT INTO patient_allergy (AMKA, act_sub_id) VALUES ('2702953936', '7464');
INSERT INTO patient_insurance (AMKA, carrier_id) VALUES ('0906867705', '4');
INSERT INTO patient_allergy (AMKA, act_sub_id) VALUES ('0906867705', '10441');
INSERT INTO patient_allergy (AMKA, act_sub_id) VALUES ('0906867705', '3088');
INSERT INTO patient_allergy (AMKA, act_sub_id) VALUES ('0906867705', '8717');
INSERT INTO patient_insurance (AMKA, carrier_id) VALUES ('0311233042', '10');
INSERT INTO patient_insurance (AMKA, carrier_id) VALUES ('0908959952', '5');
INSERT INTO patient_insurance (AMKA, carrier_id) VALUES ('2603159752', '1');
INSERT INTO patient_allergy (AMKA, act_sub_id) VALUES ('2603159752', '9298');
INSERT INTO patient_allergy (AMKA, act_sub_id) VALUES ('2603159752', '3861');
INSERT INTO patient_insurance (AMKA, carrier_id) VALUES ('2408737568', '6');
INSERT INTO patient_insurance (AMKA, carrier_id) VALUES ('1702665186', '6');
INSERT INTO patient_insurance (AMKA, carrier_id) VALUES ('1008020946', '7');
INSERT INTO patient_allergy (AMKA, act_sub_id) VALUES ('1008020946', '2478');
INSERT INTO patient_allergy (AMKA, act_sub_id) VALUES ('1008020946', '4784');
INSERT INTO patient_allergy (AMKA, act_sub_id) VALUES ('1008020946', '1753');
INSERT INTO patient_insurance (AMKA, carrier_id) VALUES ('1701894379', '2');
INSERT INTO patient_insurance (AMKA, carrier_id) VALUES ('1411689363', '5');
INSERT INTO patient_insurance (AMKA, carrier_id) VALUES ('1902687290', '10');
INSERT INTO patient_insurance (AMKA, carrier_id) VALUES ('2806407108', '10');
INSERT INTO patient_allergy (AMKA, act_sub_id) VALUES ('2806407108', '11344');
INSERT INTO patient_allergy (AMKA, act_sub_id) VALUES ('2806407108', '1929');
INSERT INTO patient_insurance (AMKA, carrier_id) VALUES ('0309603964', '9');
INSERT INTO patient_allergy (AMKA, act_sub_id) VALUES ('0309603964', '6223');
INSERT INTO patient_allergy (AMKA, act_sub_id) VALUES ('0309603964', '7695');
INSERT INTO patient_allergy (AMKA, act_sub_id) VALUES ('0309603964', '6903');
INSERT INTO patient_allergy (AMKA, act_sub_id) VALUES ('0309603964', '10699');
INSERT INTO patient_insurance (AMKA, carrier_id) VALUES ('1709409251', '7');
INSERT INTO patient_insurance (AMKA, carrier_id) VALUES ('1701197374', '5');
INSERT INTO patient_insurance (AMKA, carrier_id) VALUES ('1311938597', '6');
INSERT INTO patient_insurance (AMKA, carrier_id) VALUES ('0501055981', '1');
INSERT INTO patient_allergy (AMKA, act_sub_id) VALUES ('0501055981', '11723');
INSERT INTO patient_allergy (AMKA, act_sub_id) VALUES ('0501055981', '4289');
INSERT INTO patient_allergy (AMKA, act_sub_id) VALUES ('0501055981', '11034');
INSERT INTO patient_allergy (AMKA, act_sub_id) VALUES ('0501055981', '6762');
INSERT INTO patient_insurance (AMKA, carrier_id) VALUES ('2304451401', '5');
INSERT INTO patient_insurance (AMKA, carrier_id) VALUES ('1108228734', '8');
INSERT INTO patient_insurance (AMKA, carrier_id) VALUES ('0310707817', '7');
INSERT INTO patient_insurance (AMKA, carrier_id) VALUES ('1607185924', '5');
INSERT INTO patient_allergy (AMKA, act_sub_id) VALUES ('1607185924', '77');
INSERT INTO patient_allergy (AMKA, act_sub_id) VALUES ('1607185924', '11985');
INSERT INTO patient_allergy (AMKA, act_sub_id) VALUES ('1607185924', '9104');
INSERT INTO patient_insurance (AMKA, carrier_id) VALUES ('2310039586', '10');
INSERT INTO patient_insurance (AMKA, carrier_id) VALUES ('2507538617', '10');
INSERT INTO patient_allergy (AMKA, act_sub_id) VALUES ('2507538617', '6686');
INSERT INTO patient_insurance (AMKA, carrier_id) VALUES ('0405769536', '7');
INSERT INTO patient_insurance (AMKA, carrier_id) VALUES ('1004750571', '4');
INSERT INTO patient_allergy (AMKA, act_sub_id) VALUES ('1004750571', '2312');
INSERT INTO patient_allergy (AMKA, act_sub_id) VALUES ('1004750571', '1223');
INSERT INTO patient_insurance (AMKA, carrier_id) VALUES ('1102770382', '1');
INSERT INTO patient_allergy (AMKA, act_sub_id) VALUES ('1102770382', '9824');
INSERT INTO patient_allergy (AMKA, act_sub_id) VALUES ('1102770382', '8135');
INSERT INTO patient_insurance (AMKA, carrier_id) VALUES ('0808960014', '2');
INSERT INTO patient_allergy (AMKA, act_sub_id) VALUES ('0808960014', '11068');
INSERT INTO patient_insurance (AMKA, carrier_id) VALUES ('1701840753', '10');
INSERT INTO patient_insurance (AMKA, carrier_id) VALUES ('0606582144', '5');
INSERT INTO patient_insurance (AMKA, carrier_id) VALUES ('2208825367', '7');
INSERT INTO patient_allergy (AMKA, act_sub_id) VALUES ('2208825367', '7649');
INSERT INTO patient_allergy (AMKA, act_sub_id) VALUES ('2208825367', '11405');
INSERT INTO patient_allergy (AMKA, act_sub_id) VALUES ('2208825367', '3233');
INSERT INTO patient_allergy (AMKA, act_sub_id) VALUES ('2208825367', '2518');
INSERT INTO patient_insurance (AMKA, carrier_id) VALUES ('3009802250', '7');
INSERT INTO patient_insurance (AMKA, carrier_id) VALUES ('2112540086', '2');
INSERT INTO patient_insurance (AMKA, carrier_id) VALUES ('0301616013', '2');
INSERT INTO patient_insurance (AMKA, carrier_id) VALUES ('0305415843', '1');
INSERT INTO patient_insurance (AMKA, carrier_id) VALUES ('0403843997', '4');
INSERT INTO patient_allergy (AMKA, act_sub_id) VALUES ('0403843997', '10068');
INSERT INTO patient_allergy (AMKA, act_sub_id) VALUES ('0403843997', '221');
INSERT INTO patient_insurance (AMKA, carrier_id) VALUES ('0608947743', '2');
INSERT INTO patient_insurance (AMKA, carrier_id) VALUES ('0809215525', '6');
INSERT INTO patient_allergy (AMKA, act_sub_id) VALUES ('0809215525', '2592');
INSERT INTO patient_insurance (AMKA, carrier_id) VALUES ('1211580926', '6');
INSERT INTO patient_allergy (AMKA, act_sub_id) VALUES ('1211580926', '9455');
INSERT INTO patient_allergy (AMKA, act_sub_id) VALUES ('1211580926', '2223');
INSERT INTO patient_allergy (AMKA, act_sub_id) VALUES ('1211580926', '7953');
INSERT INTO patient_insurance (AMKA, carrier_id) VALUES ('1504489594', '8');
INSERT INTO patient_insurance (AMKA, carrier_id) VALUES ('0701089165', '1');
INSERT INTO patient_insurance (AMKA, carrier_id) VALUES ('0407492098', '4');
INSERT INTO patient_allergy (AMKA, act_sub_id) VALUES ('0407492098', '435');
INSERT INTO patient_allergy (AMKA, act_sub_id) VALUES ('0407492098', '7863');
INSERT INTO patient_insurance (AMKA, carrier_id) VALUES ('0902442730', '2');
INSERT INTO patient_insurance (AMKA, carrier_id) VALUES ('0407072044', '1');
INSERT INTO patient_insurance (AMKA, carrier_id) VALUES ('3006844419', '3');
INSERT INTO patient_insurance (AMKA, carrier_id) VALUES ('0903954105', '5');
INSERT INTO patient_insurance (AMKA, carrier_id) VALUES ('1403725141', '3');
INSERT INTO patient_allergy (AMKA, act_sub_id) VALUES ('1403725141', '935');
INSERT INTO patient_allergy (AMKA, act_sub_id) VALUES ('1403725141', '10394');
INSERT INTO patient_allergy (AMKA, act_sub_id) VALUES ('1403725141', '4913');
INSERT INTO patient_allergy (AMKA, act_sub_id) VALUES ('1403725141', '10066');
INSERT INTO patient_insurance (AMKA, carrier_id) VALUES ('3105867267', '1');
INSERT INTO patient_allergy (AMKA, act_sub_id) VALUES ('3105867267', '4851');
INSERT INTO patient_allergy (AMKA, act_sub_id) VALUES ('3105867267', '406');
INSERT INTO patient_allergy (AMKA, act_sub_id) VALUES ('3105867267', '11113');
INSERT INTO patient_allergy (AMKA, act_sub_id) VALUES ('3105867267', '6204');
INSERT INTO patient_insurance (AMKA, carrier_id) VALUES ('1906627394', '2');
INSERT INTO media (media_id, path, description) VALUES ('1', '/media/images/image_eveniet.jpg', 'Αυτός κι πρώτοι φίλος εκτελέσεις επιστρέφουν πως. Τις ξέχασε ίδιο.
Χρονοδιαγράμματα αφήσεις του συνεντεύξεις συνηθίζουν απόλαυσε κύκλο. Ερώτηση επιδιόρθωση σου όχι δε έχω ποια.');
INSERT INTO doctor_media (media_id, doctor_id) VALUES ('1', 'doctor_id');
INSERT INTO media (media_id, path, description) VALUES ('2', '/media/images/image_quia.jpg', 'Συνέχεια στα παίξουν. Πάντα γνωρίζουμε περισσότερη διάβασε τοπικές μέχρι γέλασαν γραφικά.');
INSERT INTO doctor_media (media_id, doctor_id) VALUES ('2', 'doctor_id');
INSERT INTO media (media_id, path, description) VALUES ('3', '/media/images/image_earum.png', 'Λετπά παραγωγικής δυστυχώς ας.
Εξοργιστικά από απαραίτητο προσπαθούν ναι. Του πάντα νιρβάνα του επιδιορθώσεις αναγκάζονται από. Σημεία ως μέχρι του έτοιμος.');
INSERT INTO doctor_media (media_id, doctor_id) VALUES ('3', 'doctor_id');
INSERT INTO media (media_id, path, description) VALUES ('4', '/media/images/image_eveniet.jpg', 'Πάντα με δεν μέγιστη.');
INSERT INTO doctor_media (media_id, doctor_id) VALUES ('4', 'doctor_id');
INSERT INTO media (media_id, path, description) VALUES ('5', '/media/images/image_soluta.jpeg', 'Κρατάει λοιπόν άρα προσεκτικά εταιρείες βουτήξουν δημιουργήσεις. Αρέσει τελειώσει ανεπιθύμητη νόμιζες μάθε παράγοντες.');
INSERT INTO doctor_media (media_id, doctor_id) VALUES ('5', 'doctor_id');
INSERT INTO media (media_id, path, description) VALUES ('6', '/media/images/image_dolore.jpeg', 'Κι κάνεις ροή ανακλύψεις. Μια για πως επί. Δημιουργείς ήδη ημέρα πλέον. Διορθώσεις μιας λαμβάνουν μια.');
INSERT INTO doctor_media (media_id, doctor_id) VALUES ('6', 'doctor_id');
INSERT INTO media (media_id, path, description) VALUES ('7', '/media/images/image_totam.jpg', 'Έχω ζητήσεις λες καταλάθος και γέλασαν πάρεις. Κοιτάζοντας παραγωγικής τους περιβάλλον ρωτήσει όταν. Σημαντικό πλέον μπορούσες χρειάζονται μετρήσεις του.');
INSERT INTO doctor_media (media_id, doctor_id) VALUES ('7', 'doctor_id');
INSERT INTO media (media_id, path, description) VALUES ('8', '/media/images/image_voluptas.jpg', 'Υπηρεσία αυτός περισσότερη βασανίζουν διάσημα έξι διάσημα. Όταν αναγκάζονται χώρου δυστυχώς της.');
INSERT INTO doctor_media (media_id, doctor_id) VALUES ('8', 'doctor_id');
INSERT INTO media (media_id, path, description) VALUES ('9', '/media/images/image_error.jpg', 'Επί επιστρέφουν οι τις. Ο στα περιμένουν κανείς καταλάθος ύψος.');
INSERT INTO doctor_media (media_id, doctor_id) VALUES ('9', 'doctor_id');
INSERT INTO media (media_id, path, description) VALUES ('10', '/media/images/image_adipisci.jpg', 'Λετπά στέλνοντάς αφήσεις ένας την χρησιμοποιούνταν κάνεις ότι. Λέει προσεκτικά δεν σκεφτείς μας. Νέων ώρα ότι βγήκε πάντως αντιλήφθηκαν.');
INSERT INTO doctor_media (media_id, doctor_id) VALUES ('10', 'doctor_id');
INSERT INTO media (media_id, path, description) VALUES ('11', '/media/images/image_eaque.jpeg', 'Ας επεξεργασία απαράδεκτη λες δυστυχώς. Μεταφραστής ωραίο εκτός κοιτάζοντας μιας.
Πάντα κανόνα γραμμής σημαντικός αποστηθίσει των. Αποθηκευτικού χρησιμοποιούνταν το εργαλείων νέου.');
INSERT INTO doctor_media (media_id, doctor_id) VALUES ('11', 'doctor_id');
INSERT INTO media (media_id, path, description) VALUES ('12', '/media/images/image_optio.jpg', 'Σου ημέρα του ανά πήρε μηχανής στις διαφήμιση. Γεύματος σωστά δυστυχής προκύπτουν.
Της του γραφικά. Όταν στις γνωστή πες τα. Δε τους απίστευτα εκτός δημιουργήσεις προσθέσει.');
INSERT INTO doctor_media (media_id, doctor_id) VALUES ('12', 'doctor_id');
INSERT INTO media (media_id, path, description) VALUES ('13', '/media/images/image_voluptate.jpeg', 'Μετράει κάτι ήδη χαρτιού τα ίδιο. Στη δίνοντας κρατάει. Διαχειριστής έχω λοιπόν και έστελνε σημεία. Ειδικά οι άρα.
Τη μια μου κάτι. Έχω εγώ συνεντεύξεις κύκλο παραδώσεις επιδιόρθωση υποψήφιο.');
INSERT INTO doctor_media (media_id, doctor_id) VALUES ('13', 'doctor_id');
INSERT INTO media (media_id, path, description) VALUES ('14', '/media/images/image_laborum.png', 'Εγώ εφαρμογή αν μην συγχωνευτεί στο. Συνεχώς κύκλο πηγαίου απομόνωση.
Γράψει κρατάει επιχείριση μα σας βιαστικά σας. Ώρα επιστρέφουν ποια νέο για.');
INSERT INTO doctor_media (media_id, doctor_id) VALUES ('14', 'doctor_id');
INSERT INTO media (media_id, path, description) VALUES ('15', '/media/images/image_facilis.png', 'Τον διορθώσει έτοιμος αποδείξεις παίρνει πάρα. Πολύ παραδώσεις προσπαθήσεις σωστά δωροδοκηθούν κάνε αθόρυβες ημέρα. Γραμμή της πες πήρε.');
INSERT INTO doctor_media (media_id, doctor_id) VALUES ('15', 'doctor_id');
INSERT INTO media (media_id, path, description) VALUES ('16', '/media/images/image_incidunt.png', 'Κι μέχρι τοπικές μέρος. Πιο και κι μπουν ανά.
Σε εδώ χρόνου προβληματική σωστά. Ατόμου κανείς βαθμό τους από.');
INSERT INTO doctor_media (media_id, doctor_id) VALUES ('16', 'doctor_id');
INSERT INTO media (media_id, path, description) VALUES ('17', '/media/images/image_cum.png', 'Πες νιρβάνα ο στο. Πήρε προκύπτουν σταματάς δύο χρησιμοποίησέ γράψει μέσης.
Σε σου ναι ποσοστό κάτι διαδίκτυο.
Σε τέλειοι όσο γνωρίζουμε. Μια αν πηγαίου το ατόμου.');
INSERT INTO doctor_media (media_id, doctor_id) VALUES ('17', 'doctor_id');
INSERT INTO media (media_id, path, description) VALUES ('18', '/media/images/image_rem.jpeg', 'Παράδειγμα αναφορά ποια εικόνες μα. Σας επενδυτής τρέξει δε διάβασε ένα προσθέσει. Του τρόποι κρατάει. Τεσσαρών ότι που.');
INSERT INTO doctor_media (media_id, doctor_id) VALUES ('18', 'doctor_id');
INSERT INTO media (media_id, path, description) VALUES ('19', '/media/images/image_sit.jpg', 'Σημαντικός υόρκη υψηλότερη αν δούλευε εξαρτάται καταλάθος. Επιστρέφουν κάτι τα τρόποι παράδειγμα δίνοντας. Δύο ρωτήσει ήδη γέλασαν πάντα διαπιστώνεις.');
INSERT INTO doctor_media (media_id, doctor_id) VALUES ('19', 'doctor_id');
INSERT INTO media (media_id, path, description) VALUES ('20', '/media/images/image_soluta.jpeg', 'Εκθέσεις νόμιζες πάντως πολύ έτοιμος σαν. Ζητήσεις τύπου μάτσο ρωτάει ιδιαίτερα. Βαθμό στις ποια με.');
INSERT INTO doctor_media (media_id, doctor_id) VALUES ('20', 'doctor_id');
INSERT INTO media (media_id, path, description) VALUES ('21', '/media/images/image_ab.jpg', 'Επί ροή μεταφραστής. Σου της ποια παραπάνω γνωστή πιο. Εξοργιστικά δε βουτήξουν συγγραφείς επιστρέφουν χαρακτηριστικών τον.');
INSERT INTO doctor_media (media_id, doctor_id) VALUES ('21', 'doctor_id');
INSERT INTO media (media_id, path, description) VALUES ('22', '/media/images/image_facere.jpeg', 'Επιστρέφουν εκτελέσεις προσοχή λίγο απαράδεκτη κόψεις. Μετρήσεις παράγοντες αντιλήφθηκαν γνωρίζουμε εκτελέσεις τις.');
INSERT INTO doctor_media (media_id, doctor_id) VALUES ('22', 'doctor_id');
INSERT INTO media (media_id, path, description) VALUES ('23', '/media/images/image_reprehenderit.jpg', 'Προγραμματιστής δεδομένων δύο επεξεργασία από χώρου. Από άτομο σε πολύ προγραμματιστής απλό τη περίπου. Αν πετάξαμε αναφορά γραμμές.');
INSERT INTO doctor_media (media_id, doctor_id) VALUES ('23', 'doctor_id');
INSERT INTO media (media_id, path, description) VALUES ('24', '/media/images/image_quod.jpeg', 'Στο άλγεβρα δεν σας εσωτερικών. Απαρατήρητο εκείνου διακοπή υόρκη μην τεσσαρών όσο τη.
Σας δε βιαστικά δε. Επιστρέφουν για εκτελέσεις.');
INSERT INTO doctor_media (media_id, doctor_id) VALUES ('24', 'doctor_id');
INSERT INTO media (media_id, path, description) VALUES ('25', '/media/images/image_sit.jpg', 'Καλύτερο εφαρμογής εργάστηκε όσο διαχειριστής πάντως. Πρώτοι επιστρέφουν έγραψες.
Εταιρείες εκτός κόψεις ποια έρθει καλύτερο έξι. Κώδικάς μέσης ταξινομεί πάντα μου.');
INSERT INTO doctor_media (media_id, doctor_id) VALUES ('25', 'doctor_id');
INSERT INTO media (media_id, path, description) VALUES ('26', '/media/images/image_ipsum.png', 'Επί εφαμοργής για χρονοδιαγράμματος νέων πάρεις μπουν. Παράδειγμα προσοχή που εκτελέσει περιβάλλον εδώ.');
INSERT INTO doctor_media (media_id, doctor_id) VALUES ('26', 'doctor_id');
INSERT INTO media (media_id, path, description) VALUES ('27', '/media/images/image_architecto.jpg', 'Δούλευε που αρχεία. Λοιπόν βρίσκονται πιο αρπάζεις.
Παραπάνω μπουν ανά στις ήδη.
Περιμένουν πως ο της ναι ρωτήσει. Στραβά χρησιμοποιώντας διάσημα οι. Νιρβάνα χρησιμοποίησέ κλπ.');
INSERT INTO doctor_media (media_id, doctor_id) VALUES ('27', 'doctor_id');
INSERT INTO media (media_id, path, description) VALUES ('28', '/media/images/image_voluptate.png', 'Δεν πάρα όσο περισσότερες σημαντικός κανείς διολισθήσεις άρα. Άρα άρα έτοιμος χρειάζονται ένας.
Κάνεις παράγοντες ανταγωνιστής σπίτι των ένας.');
INSERT INTO doctor_media (media_id, doctor_id) VALUES ('28', 'doctor_id');
INSERT INTO media (media_id, path, description) VALUES ('29', '/media/images/image_iste.jpeg', 'Ώρα πάντα μεταγλωτιστής συγγραφής συνεχώς. Προσεκτικά την συγχρόνως στήλες εδώ διακόψουμε.');
INSERT INTO doctor_media (media_id, doctor_id) VALUES ('29', 'doctor_id');
INSERT INTO media (media_id, path, description) VALUES ('30', '/media/images/image_voluptates.jpeg', 'Μην δίνοντας δίνοντας βαθμό τα ανεπιθύμητη σημαντικός δημιουργια. Το πάντα τι μερικούς. Απομόνωση άρα μέρος.
Δεν ας σε εικόνες.');
INSERT INTO doctor_media (media_id, doctor_id) VALUES ('30', 'doctor_id');
INSERT INTO media (media_id, path, description) VALUES ('31', '/media/images/image_vel.jpeg', 'Ποσοστό χώρου να μιας στέλνοντάς διαφήμιση. Οι μεταφραστής παράδειγμα μάθε παίρνει.
Ώρα αναφορά μέγιστη οι. Κανείς ερώτηση εδώ δημιουργείς τέλειοι. Έχω περισσότερες πρώτο πάντα χειρότερα τι.');
INSERT INTO doctor_media (media_id, doctor_id) VALUES ('31', 'doctor_id');
INSERT INTO media (media_id, path, description) VALUES ('32', '/media/images/image_accusamus.jpg', 'Συγγραφείς είχαμε βρίσκονται στραβά ίδιο επιδιορθώσεις θέμα διάσημα. Οι εργοστασίου γραφικά.');
INSERT INTO doctor_media (media_id, doctor_id) VALUES ('32', 'doctor_id');
INSERT INTO media (media_id, path, description) VALUES ('33', '/media/images/image_explicabo.jpeg', 'Στέλνοντάς λετπά ροή άτομο την έγραψες έστειλε διαδίκτυο. Διάβασε ανταγωνιστής ίδιο. Κι δυστυχής σε θέλεις γνωστή ανά.
Γνωστή πολύ απαραίτητο αναφέρονται προσπαθούν τελειώσει.');
INSERT INTO doctor_media (media_id, doctor_id) VALUES ('33', 'doctor_id');
INSERT INTO media (media_id, path, description) VALUES ('34', '/media/images/image_architecto.jpg', 'Σαν δοκιμάσεις δείξει αυτήν βουτήξουν πολύ τύπους.
Που τους διορθώσεις. Θα ανά ως στα σπίτι διοικητικό. Βιβλίο διάσημα απόλαυσε απαρατήρητο όταν δεδομένων τρέξει.');
INSERT INTO doctor_media (media_id, doctor_id) VALUES ('34', 'doctor_id');
INSERT INTO media (media_id, path, description) VALUES ('35', '/media/images/image_facere.jpg', 'Σημαντικό κώδικάς θέλεις. Λες τον εδώ εφαρμογής.
Διακοπή προσθέσει συνέχεια πολύ. Διολισθήσεις χρονοδιαγράμματος δύο εργαζόμενοι κώδικα διευθυντές ορίστε.');
INSERT INTO doctor_media (media_id, doctor_id) VALUES ('35', 'doctor_id');
INSERT INTO media (media_id, path, description) VALUES ('36', '/media/images/image_doloribus.jpg', 'Χώρου όταν εγώ πρώτης. Για μιας ίδιο άλγεβρα ροή τεσσαρών σε. Όχι πάντα στα πηγαίου υόρκη διορθώσει.');
INSERT INTO doctor_media (media_id, doctor_id) VALUES ('36', 'doctor_id');
INSERT INTO media (media_id, path, description) VALUES ('37', '/media/images/image_impedit.png', 'Έτοιμος έλεγχος τη περιεχόμενα. Έτσι νιρβάνα πάντως βαθμό μια κλπ.
Τρέξει οι χρειάζονται αρπάζεις. Μέγιστη θέλεις άρα προϊόντα επιχείριση ας μιας. Πως ότι νέου νέου απίστευτα.');
INSERT INTO doctor_media (media_id, doctor_id) VALUES ('37', 'doctor_id');
INSERT INTO media (media_id, path, description) VALUES ('38', '/media/images/image_veniam.png', 'Εκδόσεις ανά ειδικά. Εργαλείων από μια σημεία.');
INSERT INTO doctor_media (media_id, doctor_id) VALUES ('38', 'doctor_id');
INSERT INTO media (media_id, path, description) VALUES ('39', '/media/images/image_nesciunt.jpeg', 'Όταν χρησιμοποίησέ πόρτες απαραίτητο πιο υποψήφιο ίδιο. Χρονοδιαγράμματος διαχειριστής εφαρμογής χώρου όσο κανείς γεύματος.');
INSERT INTO doctor_media (media_id, doctor_id) VALUES ('39', 'doctor_id');
INSERT INTO media (media_id, path, description) VALUES ('40', '/media/images/image_molestiae.jpeg', 'Μην κι πεδία σκεφτείς γεγονός έχω. Στις άρα προσλάμβανες εργοστασίου.
Μας πάντως δεδομένων παράγοντες στη τι κι. Μα άπειρα πρώτοι σαν πες αποδείξεις τις. Χαρτιού στα συγκεντρωμένοι όχι κανένας ας.');
INSERT INTO doctor_media (media_id, doctor_id) VALUES ('40', 'doctor_id');
INSERT INTO media (media_id, path, description) VALUES ('41', '/media/images/image_provident.jpg', 'Βασανίζουν διαπιστώνεις εγώ εργαζόμενοι γνωρίζουμε. Προσοχή μου συγχρόνως κρατάει χαμηλός. Αν κώδικάς προσπαθούν.');
INSERT INTO doctor_media (media_id, doctor_id) VALUES ('41', 'doctor_id');
INSERT INTO media (media_id, path, description) VALUES ('42', '/media/images/image_voluptate.jpg', 'Ρωτήσει εξαρτάται έχω ημέρα όχι κόλπα δωροδοκηθούν. Έχω διάβασε ίδιο σίγουρος.
Πολύ εξακολουθεί αποδείξεις χαρακτηριστικό λιγότερο μην. Και διορθώσεις πάρα. Μερικούς ημέρα πρόσληψη πεδία τι.');
INSERT INTO doctor_media (media_id, doctor_id) VALUES ('42', 'doctor_id');
INSERT INTO media (media_id, path, description) VALUES ('43', '/media/images/image_pariatur.jpeg', 'Θα μερικούς διορθώσει διακόψουμε γεγονός δείξει αποκλειστικούς.');
INSERT INTO doctor_media (media_id, doctor_id) VALUES ('43', 'doctor_id');
INSERT INTO media (media_id, path, description) VALUES ('44', '/media/images/image_facere.jpeg', 'Τι σωστά δυστυχώς όχι επιστρέφουν εξαρτάται. Δωροδοκηθούν αγοράζοντας που μαγικά.');
INSERT INTO doctor_media (media_id, doctor_id) VALUES ('44', 'doctor_id');
INSERT INTO media (media_id, path, description) VALUES ('45', '/media/images/image_ullam.jpg', 'Διαφήμιση αντιλήφθηκαν ώρα πως. Εκτός μιας προσπαθούν μπορούσες εκθέσεις. Αντιλήφθηκαν έξι δούλευε κρατάει.');
INSERT INTO doctor_media (media_id, doctor_id) VALUES ('45', 'doctor_id');
INSERT INTO media (media_id, path, description) VALUES ('46', '/media/images/image_molestias.png', 'Στα ίδιο μεταφραστής. Του διαπιστώνεις σου.
Παράδειγμα άρα συνηθίζουν. Πακέτων σε εκτός επεξεργασία χαρτιού άλγεβρα διακοπή.
Διακοπής σπίτι δωροδοκηθούν με ένα αποφάσισε.');
INSERT INTO doctor_media (media_id, doctor_id) VALUES ('46', 'doctor_id');
INSERT INTO media (media_id, path, description) VALUES ('47', '/media/images/image_inventore.png', 'Κύκλο κάνεις ανεπιθύμητη προσλάμβανες τρέξει. Κύκλο στα άρα τεσσαρών. Κόψεις δημιουργείς διολισθήσεις έλεγχος διακόψουμε κανόνα.
Λετπά έρθει μιας δημιουργια. Πακέτων αν φαινόμενο στο εδώ.');
INSERT INTO doctor_media (media_id, doctor_id) VALUES ('47', 'doctor_id');
INSERT INTO media (media_id, path, description) VALUES ('48', '/media/images/image_impedit.jpeg', 'Που που από μας πήρε εκτελέσει θυμάμαι πρώτοι. Λίγο απίστευτα φράση και. Νιρβάνα προσπαθήσεις ναι πάρεις πιο ταξινομεί.');
INSERT INTO doctor_media (media_id, doctor_id) VALUES ('48', 'doctor_id');
INSERT INTO media (media_id, path, description) VALUES ('49', '/media/images/image_quasi.jpg', 'Γραφικά όταν τα αρπάζεις. Τι οι σου πρόσληψη παράγοντες. Δύο έλεγχος για προσλάμβανες.');
INSERT INTO doctor_media (media_id, doctor_id) VALUES ('49', 'doctor_id');
INSERT INTO media (media_id, path, description) VALUES ('50', '/media/images/image_autem.png', 'Τεσσαρών χαμηλός αγοράζοντας σπίτι. Ύψος στη υποψήφιο σε αθόρυβες ήδη αντιλήφθηκαν εκτελείται. Αυτός δεν χαρακτηριστικών.');
INSERT INTO doctor_media (media_id, doctor_id) VALUES ('50', 'doctor_id');
INSERT INTO media (media_id, path, description) VALUES ('51', '/media/images/image_ipsum.jpeg', 'Θέλεις ως μάτσο του μεταγλωτίσει θυμάμαι.
Παίξουν δωροδοκηθούν νόμιζες περισσότερες τις συγχωνευτεί. Χρονοδιαγράμματος μην μου το. Άλγεβρα έτσι και παίξουν σαν περισσότερες θυμάμαι.');
INSERT INTO doctor_media (media_id, doctor_id) VALUES ('51', 'doctor_id');
INSERT INTO media (media_id, path, description) VALUES ('52', '/media/images/image_dignissimos.jpg', 'Εντολές επιδιόρθωση πιο εκθέσεις πολύ ευκολότερο συγχρόνως. Τις συγγραφείς όχι στο το διαπιστώνεις περίπου πρώτης. Πιο ώρα δεν κάτι με τις χρησιμοποιώντας.');
INSERT INTO doctor_media (media_id, doctor_id) VALUES ('52', 'doctor_id');
INSERT INTO media (media_id, path, description) VALUES ('53', '/media/images/image_quis.jpeg', 'Στο ξέχασε βασανίζουν καταλάθος προϊόντα. Στις ο χρονοδιαγράμματος νέου πρώτο ένας γραμμής.
Της τις διάσημα κάνε. Χαρακτηριστικών διακόψουμε αν παίρνουν έρθει προσοχή θα.');
INSERT INTO doctor_media (media_id, doctor_id) VALUES ('53', 'doctor_id');
INSERT INTO media (media_id, path, description) VALUES ('54', '/media/images/image_eius.jpeg', 'Πλέον στα δουλεύει ποια διορθώσεις. Τη αντιλήφθηκαν πετάνε.
Εγώ απαράδεκτη άρα έχω είχαμε έξι. Πάντα προκύπτουν τον αν.');
INSERT INTO doctor_media (media_id, doctor_id) VALUES ('54', 'doctor_id');
INSERT INTO media (media_id, path, description) VALUES ('55', '/media/images/image_voluptas.jpeg', 'Μεταγλωτιστής πήρε μια ταξινομεί χρειάζονται σωστά μέχρι. Σε πάντα σημαντικός εφαρμογή.');
INSERT INTO doctor_media (media_id, doctor_id) VALUES ('55', 'doctor_id');
INSERT INTO media (media_id, path, description) VALUES ('56', '/media/images/image_hic.png', 'Μερικούς εργασίας κάτι παραγωγικής δεν πιο. Σκεφτείς είχαμε πως όταν μετρήσεις συνάδελφος.');
INSERT INTO doctor_media (media_id, doctor_id) VALUES ('56', 'doctor_id');
INSERT INTO media (media_id, path, description) VALUES ('57', '/media/images/image_officiis.png', 'Μέχρι φαινόμενο φακέλους άτομο μέχρι ελέγχου. Στο ανώδυνη ποια συνάδελφος φαινόμενο ότι μάτσο. Την πήρε δοκιμάσεις επιδιόρθωση έξι απαράδεκτη έξι. Πρώτης τεσσαρών έτσι πακέτων.');
INSERT INTO doctor_media (media_id, doctor_id) VALUES ('57', 'doctor_id');
INSERT INTO media (media_id, path, description) VALUES ('58', '/media/images/image_incidunt.jpeg', 'Τρόποι δημιουργια κι προϊόντα του.
Ένας παράγοντες πεδία πρώτοι. Βγήκε έτσι έτσι χειρότερα κλπ αρπάζεις κόλπα. Φράση δε συγκεντρωμένοι δύο.
Δύο τον παραδώσεις διαπιστώνεις εργαζόμενοι.');
INSERT INTO doctor_media (media_id, doctor_id) VALUES ('58', 'doctor_id');
INSERT INTO media (media_id, path, description) VALUES ('59', '/media/images/image_esse.jpg', 'Συγγραφείς πακέτων τα χάος ένας σου ήδη. Εγώ όσο επιδιόρθωση ταξινομεί.
Παράδειγμα όταν ερωτήσεις διολισθήσεις μου. Ας δε εκτελέσεις σαν. Χρησιμοποιούνταν που κάνε των τους.');
INSERT INTO doctor_media (media_id, doctor_id) VALUES ('59', 'doctor_id');
INSERT INTO media (media_id, path, description) VALUES ('60', '/media/images/image_cumque.jpeg', 'Διαχειριστής νέου ροή μηχανής μα πλέον απαρατήρητο. Πάντως παίξουν εκτός στήλες αποφάσισε λίγο.');
INSERT INTO doctor_media (media_id, doctor_id) VALUES ('60', 'doctor_id');
INSERT INTO media (media_id, path, description) VALUES ('61', '/media/images/image_ad.jpeg', 'Μετρήσεις σημεία γράψει ποια γνωρίζουμε πλέον. Από ευκολότερο φίλος αποκλειστικούς ένα πως.');
INSERT INTO doctor_media (media_id, doctor_id) VALUES ('61', 'doctor_id');
INSERT INTO media (media_id, path, description) VALUES ('62', '/media/images/image_id.jpeg', 'Περισσότερες διολισθήσεις γράψει. Και συγκεντρωμένοι νέου δε ένας. Σε λίγο γειτονιάς.');
INSERT INTO doctor_media (media_id, doctor_id) VALUES ('62', 'doctor_id');
INSERT INTO media (media_id, path, description) VALUES ('63', '/media/images/image_deleniti.jpg', 'Παραδοτέου εργασίας σχεδιαστής μέχρι. Αναγκάζονται που στο περίπου ίδιο ως ερώτηση εγώ. Προσοχή αναγκάζονται δωροδοκηθούν οι εδώ παίρνει συνεχώς.');
INSERT INTO doctor_media (media_id, doctor_id) VALUES ('63', 'doctor_id');
INSERT INTO media (media_id, path, description) VALUES ('64', '/media/images/image_eaque.jpg', 'Προκύπτουν δημιουργείς πετούν αποστηθίσει ανά κώδικα διορθώσει. Ερωτήσεις εγώ φαινόμενο περιβάλλοντος απίστευτα μην γεγονός.');
INSERT INTO doctor_media (media_id, doctor_id) VALUES ('64', 'doctor_id');
INSERT INTO media (media_id, path, description) VALUES ('65', '/media/images/image_ipsum.jpeg', 'Πρώτοι πακέτων στη εγώ. Τέλειοι διάβασε ανεπιθύμητη από διορθώσει. Προβληματική πετάνε ένας χάος σκεφτείς.
Μια ιδιαίτερα ταξινομεί όχι. Μια όχι αλγόριθμου εργαλείων.
Τα πολύ γέλασαν μας για.');
INSERT INTO doctor_media (media_id, doctor_id) VALUES ('65', 'doctor_id');
INSERT INTO media (media_id, path, description) VALUES ('66', '/media/images/image_libero.jpeg', 'Αναγκάζονται προγραμματιστής αναφέρονται μετράει. Ιδιαίτερα λοιπόν αναφορά εκτός έστελνε.
Εγώ άπειρα κλπ πιο τους πετούν. Επενδυτής μη τέλειοι.');
INSERT INTO doctor_media (media_id, doctor_id) VALUES ('66', 'doctor_id');
INSERT INTO media (media_id, path, description) VALUES ('67', '/media/images/image_tempora.jpg', 'Τρόποι από κάνε διορθώσει απαραίτητο. Έλεγχος επί μιας πάντα.
Δημιουργήσεις ανά ελέγχου απλό γνωστή μέχρι πάντα. Ατόμου λες αρέσει. Αλγόριθμου μέχρι μερικούς όταν κάτι γραφικά εικόνες.');
INSERT INTO doctor_media (media_id, doctor_id) VALUES ('67', 'doctor_id');
INSERT INTO media (media_id, path, description) VALUES ('68', '/media/images/image_ab.jpeg', 'Προκαλείς χρησιμοποίησέ διευθυντές πιο ποσοστό. Ας εκτός αντιλήφθηκαν βουτήξουν στη διευθυντές άρα.');
INSERT INTO doctor_media (media_id, doctor_id) VALUES ('68', 'doctor_id');
INSERT INTO media (media_id, path, description) VALUES ('69', '/media/images/image_labore.png', 'Αναγκάζονται νέων πολύ χαμηλός μέρος δεν κάτι. Διαπιστώνεις σταματάς απίστευτα στα των προϊόντα ημέρα. Ανεπιθύμητη υποψήφιο τεκμηριώνει ακούσει.');
INSERT INTO doctor_media (media_id, doctor_id) VALUES ('69', 'doctor_id');
INSERT INTO media (media_id, path, description) VALUES ('70', '/media/images/image_quam.png', 'Κάτι τι παραδοτέου ποια τα συνάδελφος γραμμή. Σαν πάντα οι σου παίρνει στις επιχείριση ότι.
Βαθμό μέχρι δυστυχής. Τη χειρότερα θυμάμαι ως και. Κόλπα παραπάνω ρωτήσει μέρος κόλπα εκθέσεις έχω.');
INSERT INTO doctor_media (media_id, doctor_id) VALUES ('70', 'doctor_id');
INSERT INTO media (media_id, path, description) VALUES ('71', '/media/images/image_totam.png', 'Μέχρι αναφέρονται σαν προσεκτικά περίπου στραβά μέγιστη. Θυμάμαι και έχω αθόρυβες δε που.');
INSERT INTO doctor_media (media_id, doctor_id) VALUES ('71', 'doctor_id');
INSERT INTO media (media_id, path, description) VALUES ('72', '/media/images/image_nemo.png', 'Άρα μην μιας σας κάτι μια δε μετράει. Τρέξει τη γνωστή βασανίζουν νέο κώδικα δύο διορθώσεις. Εκτός συγχρόνως προγραμματιστής των επενδυτής την. Θα αφήσεις παραπάνω αναγκάζονται.');
INSERT INTO doctor_media (media_id, doctor_id) VALUES ('72', 'doctor_id');
INSERT INTO media (media_id, path, description) VALUES ('73', '/media/images/image_autem.jpeg', 'Γνωρίζουμε στέλνοντάς χαρτιού γιαυτό. Πάντα επί λες εδώ ποια. Θα άρα πάρα διευθυντές. Προσλάμβανες στραβά επιχείριση περισσότερες.');
INSERT INTO doctor_media (media_id, doctor_id) VALUES ('73', 'doctor_id');
INSERT INTO media (media_id, path, description) VALUES ('74', '/media/images/image_illo.jpg', 'Συγχρόνως σταματάς υόρκη άλγεβρα δεν. Δεν μας πολύ δε συνεχώς.
Βιβλίο από τρόπο. Στις δυστυχώς ίδιο εκτός εξακολουθεί του.');
INSERT INTO doctor_media (media_id, doctor_id) VALUES ('74', 'doctor_id');
INSERT INTO media (media_id, path, description) VALUES ('75', '/media/images/image_ut.jpeg', 'Πάντα ειδικά ρωτήσει.
Χώρου μου αντιλήφθηκαν εφαρμογής εργοστασίου. Τις αθόρυβες σε αν νόμιζες. Προσεκτικά προγραμματιστές κανένας οι στραβά.');
INSERT INTO doctor_media (media_id, doctor_id) VALUES ('75', 'doctor_id');
INSERT INTO media (media_id, path, description) VALUES ('76', '/media/images/image_a.jpg', 'Σημαντικός ροή μεταγλωτιστής νέο απαραίτητο στο οι. Γραμμές άρα διασφαλίζεται κρατήσουν να από αλγόριθμου. Όταν ένα μεταφραστής μεταφραστής.');
INSERT INTO doctor_media (media_id, doctor_id) VALUES ('76', 'doctor_id');
INSERT INTO media (media_id, path, description) VALUES ('77', '/media/images/image_rerum.png', 'Αυτός καλύτερο στραβά δυστυχής λέει ναι συγχρόνως. Επενδυτής μιας έγραψες νέο διορθώσει. Ποια μηχανής τεσσαρών πολύ.');
INSERT INTO doctor_media (media_id, doctor_id) VALUES ('77', 'doctor_id');
INSERT INTO media (media_id, path, description) VALUES ('78', '/media/images/image_repellat.jpg', 'Θα εκτελείται γνωρίζουμε χρόνου φαινόμενο και. Παράδειγμα τι δεν έχω. Τύπου ειδικά δε μου κι τους επεξεργασία.');
INSERT INTO doctor_media (media_id, doctor_id) VALUES ('78', 'doctor_id');
INSERT INTO media (media_id, path, description) VALUES ('79', '/media/images/image_placeat.jpg', 'Μιας αρχεία εδώ την τον υψηλότερη παίρνει πρώτοι. Ώρα με προσπαθούν διαδίκτυο προγραμματιστής έξι. Κάτι τον αυτήν σημαντικός.');
INSERT INTO doctor_media (media_id, doctor_id) VALUES ('79', 'doctor_id');
INSERT INTO media (media_id, path, description) VALUES ('80', '/media/images/image_rem.jpg', 'Μην κι επεξεργασία χειρότερα βάζοντας θέμα. Κώδικα μαγικά στραβά προγραμματιστές δυστυχώς χάος μάθε. Παραδώσεις πάντως παραδοτέου προγραμματιστής.');
INSERT INTO doctor_media (media_id, doctor_id) VALUES ('80', 'doctor_id');
INSERT INTO media (media_id, path, description) VALUES ('81', '/media/images/image_veritatis.png', 'Σε πλέον πως κύκλο προκύπτουν εφαμοργής. Έξι όταν νιρβάνα ώρα νόμιζες.
Εργαζόμενοι πάντα σας δεδομένων πως εργοστασίου όταν. Αντιλήφθηκαν θέμα μην.');
INSERT INTO nurse_media (media_id, nurse_id) VALUES ('81', 'nurse_id');
INSERT INTO media (media_id, path, description) VALUES ('82', '/media/images/image_deserunt.jpg', 'Ερώτηση τύπους τρόποι δεδομένων στραβά. Όταν από να χάος. Στα εκτός κόλπα σημαντικός μα δημιουργήσεις από συνεντεύξεις.');
INSERT INTO nurse_media (media_id, nurse_id) VALUES ('82', 'nurse_id');
INSERT INTO media (media_id, path, description) VALUES ('83', '/media/images/image_in.png', 'Μετρήσεις διαφήμιση περιβάλλοντος ιδιαίτερα είχαμε αρέσει. Διολισθήσεις που παραγωγικής κώδικάς. Ημέρα εργαζόμενοι αρπάζεις.');
INSERT INTO nurse_media (media_id, nurse_id) VALUES ('83', 'nurse_id');
INSERT INTO media (media_id, path, description) VALUES ('84', '/media/images/image_alias.jpg', 'Ζητήσεις μου βαθμό των. Τα παραγωγικής τεσσαρών έστειλε νέα χρησιμοποιούνταν.
Υόρκη υόρκη άπειρα χαρακτηριστικών εγώ. Την λίγο πάντως προσθέσει.');
INSERT INTO nurse_media (media_id, nurse_id) VALUES ('84', 'nurse_id');
INSERT INTO media (media_id, path, description) VALUES ('85', '/media/images/image_saepe.jpg', 'Και κύκλο πες μα πάντα περιεχόμενα χώρου. Ειδικά εδώ νέων μεταγλωτιστής μην στέλνοντάς. Εδώ όσο σίγουρος αναφορά απαραίτητο έλεγχος νέου στα. Δε υψηλότερη θα πως και.');
INSERT INTO nurse_media (media_id, nurse_id) VALUES ('85', 'nurse_id');
INSERT INTO media (media_id, path, description) VALUES ('86', '/media/images/image_distinctio.jpg', 'Ζητήσεις ορίστε δημιουργια εργαζόμενοι τρόπο. Συγκεντρωμένοι φακέλους περιβάλλοντος απομόνωση επιστρέφουν ωραίο διαφήμιση συγχρόνως. Πάντως κάνε έτσι υόρκη σημεία την πως.');
INSERT INTO nurse_media (media_id, nurse_id) VALUES ('86', 'nurse_id');
INSERT INTO media (media_id, path, description) VALUES ('87', '/media/images/image_non.jpg', 'Αν των δύο στα ανά αν σας.
Δημιουργια γραφικά επιχείριση περίπου προσθέσει. Ήδη ρωτάει δούλευε επιδιορθώσεις.
Να χρησιμοποίησέ κόψεις ότι. Στέλνοντάς εκτελέσεις έξι μα ήδη προσοχή.');
INSERT INTO nurse_media (media_id, nurse_id) VALUES ('87', 'nurse_id');
INSERT INTO media (media_id, path, description) VALUES ('88', '/media/images/image_eligendi.jpeg', 'Έχω τους τον ποια. Στις απαραίτητο μην την συνηθίζουν πλέον.
Εργοστασίου σίγουρος εδώ εκτελέσει. Έρθει εγώ ο εξαρτάται δε έτσι χρησιμοποιούσες. Όσο ας πεδία για.');
INSERT INTO nurse_media (media_id, nurse_id) VALUES ('88', 'nurse_id');
INSERT INTO media (media_id, path, description) VALUES ('89', '/media/images/image_in.png', 'Παραπάνω ίδιο εγώ διασφαλίζεται. Βουτήξουν να σκεφτείς με εδώ. Αντιλήφθηκαν διευθυντές διακόψουμε γραμμή βαθμό.
Λιγότερο διορθώσει ανταγωνιστής φαινόμενο. Κύκλο ποια δείξει ένα. Ένας του ναι.');
INSERT INTO nurse_media (media_id, nurse_id) VALUES ('89', 'nurse_id');
INSERT INTO media (media_id, path, description) VALUES ('90', '/media/images/image_pariatur.jpg', 'Ίδιο πιο συγκεντρωμένοι όσο. Αποδείξεις φίλος τις. Άτομο προσθέσει όταν αποφάσισε δε λαμβάνουν.');
INSERT INTO nurse_media (media_id, nurse_id) VALUES ('90', 'nurse_id');
INSERT INTO media (media_id, path, description) VALUES ('91', '/media/images/image_reprehenderit.png', 'Δεδομένων πιο βιβλίο προκύπτουν πρώτοι συνεχώς αν. Από μα φακέλους λαμβάνουν εντολές. Ύψος τρόποι χάος είχαμε συνέχεια. Πόρτες απόλαυσε ωραίο μα.');
INSERT INTO nurse_media (media_id, nurse_id) VALUES ('91', 'nurse_id');
INSERT INTO media (media_id, path, description) VALUES ('92', '/media/images/image_quis.jpg', 'Παράδειγμα ο πως έστελνε ότι. Σημαντικός σαν εκτελέσει μέγιστη σταματάς εκτός. Εκτός αποφάσισε ποια πρόσληψη.');
INSERT INTO nurse_media (media_id, nurse_id) VALUES ('92', 'nurse_id');
INSERT INTO media (media_id, path, description) VALUES ('93', '/media/images/image_dicta.png', 'Μην της άρα οι περίπου δουλεύει. Εκτελέσει τη φακέλους ποια δημιουργείς προσθέσει σου αν.');
INSERT INTO nurse_media (media_id, nurse_id) VALUES ('93', 'nurse_id');
INSERT INTO media (media_id, path, description) VALUES ('94', '/media/images/image_nemo.png', 'Χώρου ύψος μου σίγουρος πηγαίου. Επί και άρθρων χώρου.
Διολισθήσεις οι αρχεία. Εκτελέσεις χρησιμοποιούνταν στις γράψει στραβά γνωρίζουμε μπουν. Γραμμής διαχειριστής τοπικές προσεκτικά πηγαίου σωστά.');
INSERT INTO nurse_media (media_id, nurse_id) VALUES ('94', 'nurse_id');
INSERT INTO media (media_id, path, description) VALUES ('95', '/media/images/image_similique.png', 'Εργασίας διάσημα χρονοδιαγράμματα περισσότερη ανταγωνιστής πήρε τεσσαρών. Εφαμοργής πετάνε όταν κρατήσουν δεδομένων απομόνωση. Αναφορά έρθει από εξοργιστικά.');
INSERT INTO nurse_media (media_id, nurse_id) VALUES ('95', 'nurse_id');
INSERT INTO media (media_id, path, description) VALUES ('96', '/media/images/image_quidem.jpeg', 'Διάβασε χρησιμοποιούσες ώρα. Όταν εδώ συγχωνευτεί για.');
INSERT INTO nurse_media (media_id, nurse_id) VALUES ('96', 'nurse_id');
INSERT INTO media (media_id, path, description) VALUES ('97', '/media/images/image_doloribus.jpg', 'Έτσι ίδιο τα προκύπτουν διευθυντές. Αποκλειστικούς άρθρων τύπους τον έτοιμος προσοχή μάθε. Απίστευτα μετρήσεις τέλειοι νέου ρωτήσει στη.
Πεδία διάσημα δούλευε εργαζόμενοι την.');
INSERT INTO nurse_media (media_id, nurse_id) VALUES ('97', 'nurse_id');
INSERT INTO media (media_id, path, description) VALUES ('98', '/media/images/image_quisquam.png', 'Εργάστηκε ανώδυνη επιστρέφουν. Κώδικάς περισσότερη θα γραμμές στραβά. Κι ρωτήσει ο τις βιβλίο οι καταλάθος.
Τη εδώ προσεκτικά πάρεις τρόπο κι χρονοδιαγράμματα. Ο εκθέσεις περιμένουν ανακλύψεις ποια.');
INSERT INTO nurse_media (media_id, nurse_id) VALUES ('98', 'nurse_id');
INSERT INTO media (media_id, path, description) VALUES ('99', '/media/images/image_laborum.jpeg', 'Μην εργασίας εικόνες εκτός ποια. Περιεχόμενα άρα όσο αποστηθίσει.
Του μάθε διακοπή χάος κανένας ανεπιθύμητη κόλπα. Λες νέων μας λίγο στήλες έτσι. Σας αρέσει στη.');
INSERT INTO nurse_media (media_id, nurse_id) VALUES ('99', 'nurse_id');
INSERT INTO media (media_id, path, description) VALUES ('100', '/media/images/image_iusto.jpeg', 'Επιδιόρθωση ατόμου αρέσει συνέχεια πλέον. Τρόπο μια έτσι ύψος βιβλίο. Στις αρέσει την ειδικά ήδη.
Ωραίο στέλνοντάς πρώτοι ερώτηση. Ήδη καλύτερο αρέσει άρα τελειώσει που ίδιο μέσης. Τρέξει τι στη.');
INSERT INTO nurse_media (media_id, nurse_id) VALUES ('100', 'nurse_id');
INSERT INTO media (media_id, path, description) VALUES ('101', '/media/images/image_ipsam.jpg', 'Διακοπής περισσότερες αυτός απλό συνέχεια ίδιο. Ανακλύψεις συγγραφείς επιστρέφουν. Διαχειριστής φίλος παραδώσεις αποφάσισε πάντως.');
INSERT INTO nurse_media (media_id, nurse_id) VALUES ('101', 'nurse_id');
INSERT INTO media (media_id, path, description) VALUES ('102', '/media/images/image_iure.jpeg', 'Εκτός σαν συνάδελφος που.
Μου ταξινομεί διάβασε γειτονιάς λοιπόν έτοιμος πες. Κόλπα τα τοπικές ανά πρώτοι απαράδεκτη τύπου. Έστειλε σας και να έτοιμος.');
INSERT INTO nurse_media (media_id, nurse_id) VALUES ('102', 'nurse_id');
INSERT INTO media (media_id, path, description) VALUES ('103', '/media/images/image_facilis.jpeg', 'Λιγότερο λίγο εξαρτάται ρουτίνα όταν όσο. Χρόνου πάντα πιο ίδιο τα.
Διακόψουμε δούλευε περίπου. Μάτσο κάτι έξι παίρνει.
Περισσότερες ποια εγώ τη. Στο μηχανής διάσημα καλύτερο μας.');
INSERT INTO nurse_media (media_id, nurse_id) VALUES ('103', 'nurse_id');
INSERT INTO media (media_id, path, description) VALUES ('104', '/media/images/image_magnam.jpg', 'Όχι εσωτερικών βιαστικά βαθμό εδώ σκεφτείς. Των πρώτης για ποια εγώ έτοιμος ότι επί.
Παίρνουν απαράδεκτη μπορούσες τα επί είχαμε σε. Ναι εξακολουθεί ερωτήσεις διάσημα ως έστελνε γραφικά.');
INSERT INTO nurse_media (media_id, nurse_id) VALUES ('104', 'nurse_id');
INSERT INTO media (media_id, path, description) VALUES ('105', '/media/images/image_quo.jpeg', 'Παίρνουν παραπάνω νιρβάνα έξι πάντα παίρνουν. Μέχρι εκθέσεις έστειλε μέχρι παίρνει προσλάμβανες. Υόρκη ένας ίδιο φράση διαπιστώνεις μετράει εκθέσεις.');
INSERT INTO nurse_media (media_id, nurse_id) VALUES ('105', 'nurse_id');
INSERT INTO media (media_id, path, description) VALUES ('106', '/media/images/image_occaecati.jpg', 'Κώδικάς στα το συγγραφής. Μην μερικούς δύο σκεφτείς διαπιστώνεις στέλνοντάς.
Παραπάνω μπουν μιας. Είχαμε ανώδυνη δύο γιαυτό επιχείριση.');
INSERT INTO nurse_media (media_id, nurse_id) VALUES ('106', 'nurse_id');
INSERT INTO media (media_id, path, description) VALUES ('107', '/media/images/image_fugit.jpg', 'Φράση δε βάζοντας έξι αποκλειστικούς παραδοτέου διορθώσει προσεκτικά. Εδώ στα συγγραφής εγώ κύκλο. Ήδη παράγοντες απλό γιαυτό νέο ο υψηλότερη.');
INSERT INTO nurse_media (media_id, nurse_id) VALUES ('107', 'nurse_id');
INSERT INTO media (media_id, path, description) VALUES ('108', '/media/images/image_occaecati.jpeg', 'Ακούσει χρησιμοποιώντας για πολύ. Τέλειοι επιδιορθώσεις με ότι έλεγχος. Σας άρα πεδία δύο.
Τις την κι συγγραφείς. Συγκεντρωμένοι συγχωνευτεί εργοστασίου γειτονιάς στο γνωστή κάτι την.');
INSERT INTO nurse_media (media_id, nurse_id) VALUES ('108', 'nurse_id');
INSERT INTO media (media_id, path, description) VALUES ('109', '/media/images/image_architecto.jpeg', 'Δείξει κειμένων ξέχασε χρονοδιαγράμματα έχω. Πιο για πιο άρα νέου βαθμό ροή σημαντικός.');
INSERT INTO nurse_media (media_id, nurse_id) VALUES ('109', 'nurse_id');
INSERT INTO media (media_id, path, description) VALUES ('110', '/media/images/image_eum.jpg', 'Ξέχασε επί μου ας σίγουρος αν.
Ναι δεν φαινόμενο στα πλέον πάντως. Ίδιο την την εντολές εικόνες.
Δίνοντας εφαρμογή να μου. Σε κύκλο τα ιδιαίτερα μερικούς πηγαίου πετούν.');
INSERT INTO nurse_media (media_id, nurse_id) VALUES ('110', 'nurse_id');
INSERT INTO media (media_id, path, description) VALUES ('111', '/media/images/image_sunt.jpeg', 'Μην λίγο μα απομόνωση τρέξει τρόποι. Αναγκάζονται προγραμματιστές ξέχασε προγραμματιστής.
Νέο κάνεις στα να πολύ βγήκε. Ήδη υόρκη εκτελέσεις πιο διαπιστώνεις προκύπτουν.');
INSERT INTO nurse_media (media_id, nurse_id) VALUES ('111', 'nurse_id');
INSERT INTO media (media_id, path, description) VALUES ('112', '/media/images/image_fugiat.jpg', 'Τρόπο έχω έτσι διάβασε βουτήξουν. Συνεντεύξεις έτσι κύκλο φράση πλέον νέα. Ας στο ρουτίνα κειμένων απόλαυσε που.');
INSERT INTO nurse_media (media_id, nurse_id) VALUES ('112', 'nurse_id');
INSERT INTO media (media_id, path, description) VALUES ('113', '/media/images/image_assumenda.png', 'Προκαλείς νέου επί στις σε διορθώσεις παραδώσεις. Περίπου ίδιο δύο εδώ μιας μα στα περιβάλλον. Πάντως πως έξι μα στήλες εκείνου σπίτι διοικητικό.
Μπουν τους διάσημα υόρκη.');
INSERT INTO nurse_media (media_id, nurse_id) VALUES ('113', 'nurse_id');
INSERT INTO media (media_id, path, description) VALUES ('114', '/media/images/image_dolores.png', 'Σωστά τέλειοι γνωρίζουμε. Μα μετρήσεις χαρακτηριστικών μέχρι πες. Τρόποι αναφορά την περιμένουν.
Στα συγχρόνως μαγικά επί δύο. Κειμένων και όταν θυμάμαι.');
INSERT INTO nurse_media (media_id, nurse_id) VALUES ('114', 'nurse_id');
INSERT INTO media (media_id, path, description) VALUES ('115', '/media/images/image_distinctio.png', 'Μη περιβάλλοντος μας εργάστηκε. Πλέον τεσσαρών τρέξει επεξεργασία έξι.
Παραδώσεις έχω δουλεύει συνάδελφος σε μιας μας. Ειδικά στη ο για αναγκάζονται νόμιζες.');
INSERT INTO nurse_media (media_id, nurse_id) VALUES ('115', 'nurse_id');
INSERT INTO media (media_id, path, description) VALUES ('116', '/media/images/image_autem.jpeg', 'Τα διαπιστώνεις αποκλειστικούς επί. Εφαρμογή τεκμηριώνει τους ειδικά χώρου.
Απόλαυσε εφαμοργής ένας. Πήρε όσο σωστά κρατάει αυτήν διοικητικό σημαντικό επιδιορθώσεις. Ναι ρουτίνα αγοράζοντας νέων.');
INSERT INTO nurse_media (media_id, nurse_id) VALUES ('116', 'nurse_id');
INSERT INTO media (media_id, path, description) VALUES ('117', '/media/images/image_hic.jpg', 'Φαινόμενο φίλος κι κώδικάς πιο διοικητικό εκδόσεις εκτελέσεις. Σαν χαρτιού λες εφαρμογή. Παίξουν αν κόλπα όσο. Μιας αφήσεις στα γράψει ώρα.');
INSERT INTO nurse_media (media_id, nurse_id) VALUES ('117', 'nurse_id');
INSERT INTO media (media_id, path, description) VALUES ('118', '/media/images/image_eveniet.jpg', 'Μέρος μερικούς δοκιμάσεις γράψει βιβλίο διευθυντές.
Γραμμής πως βιβλίο όσο. Υψηλότερη αρπάζεις ρουτίνα διασφαλίζεται υποψήφιο γραφικά.
Κι μεταφραστής για αγοράζοντας ξέχασε.');
INSERT INTO nurse_media (media_id, nurse_id) VALUES ('118', 'nurse_id');
INSERT INTO media (media_id, path, description) VALUES ('119', '/media/images/image_quas.jpg', 'Ερώτηση κάνε εσωτερικών άρθρων.');
INSERT INTO nurse_media (media_id, nurse_id) VALUES ('119', 'nurse_id');
INSERT INTO media (media_id, path, description) VALUES ('120', '/media/images/image_ex.jpg', 'Κάτι ο πιο. Σκεφτείς όσο μου κειμένων δούλευε έγραψες λέει.
Προσπαθήσεις βρίσκονται σωστά υποψήφιο τύπου επιχείριση περιμένουν. Διορθώσεις πεδία παράδειγμα πιο.');
INSERT INTO nurse_media (media_id, nurse_id) VALUES ('120', 'nurse_id');
INSERT INTO media (media_id, path, description) VALUES ('121', '/media/images/image_recusandae.jpeg', 'Κάνε πάρα κόλπα άτομο δίνοντας παίρνει συγκεντρωμένοι. Εργάστηκε κι ξέχασε έχω στις δοκιμάσεις έξι ας. Διακοπή λίγο ότι πως.');
INSERT INTO nurse_media (media_id, nurse_id) VALUES ('121', 'nurse_id');
INSERT INTO media (media_id, path, description) VALUES ('122', '/media/images/image_temporibus.jpg', 'Εργαζόμενοι προσπαθήσεις τις. Χαρακτηριστικών των μάτσο νέων προσοχή. Έτσι εγώ βιβλίο απόλαυσε περιβάλλοντος λετπά.');
INSERT INTO nurse_media (media_id, nurse_id) VALUES ('122', 'nurse_id');
INSERT INTO media (media_id, path, description) VALUES ('123', '/media/images/image_molestiae.png', 'Πιο διακόψουμε καλύτερο απαρατήρητο πλέον την. Εργασίας λίγο προσπαθήσεις δεδομένων παίρνουν παράδειγμα. Πάντως χρόνου οι επιχείριση εργοστασίου.');
INSERT INTO nurse_media (media_id, nurse_id) VALUES ('123', 'nurse_id');
INSERT INTO media (media_id, path, description) VALUES ('124', '/media/images/image_vitae.png', 'Σκεφτείς δυστυχής ποια ήδη μιας μετρήσεις. Κόψεις εντολές σίγουρος υόρκη διάβασε επιδιόρθωση πρόσληψη. Δυστυχής αφήσεις μέρος δωροδοκηθούν τα ποια.');
INSERT INTO nurse_media (media_id, nurse_id) VALUES ('124', 'nurse_id');
INSERT INTO media (media_id, path, description) VALUES ('125', '/media/images/image_aperiam.png', 'Τους λιγότερο δυστυχώς στη. Περιβάλλον βουτήξουν οι εκτός διακοπή πάρεις έστειλε περισσότερες. Απλό δίνοντας εδώ θυμάμαι στραβά βιβλίο.');
INSERT INTO nurse_media (media_id, nurse_id) VALUES ('125', 'nurse_id');
INSERT INTO media (media_id, path, description) VALUES ('126', '/media/images/image_voluptatum.jpeg', 'Δημιουργια συνεχώς αν ένας τρόποι. Διοικητικό γνωρίζουμε κόλπα δύο ίδιο εργασίας. Εκτός απόλαυσε διάβασε ημέρα αρπάζεις είχαμε.');
INSERT INTO nurse_media (media_id, nurse_id) VALUES ('126', 'nurse_id');
INSERT INTO media (media_id, path, description) VALUES ('127', '/media/images/image_mollitia.jpg', 'Ποια τρόπο στη δύο διακοπής επί εργαζόμενοι δούλευε. Εδώ έρθει πες σαν.
Ένας εδώ άπειρα βάζοντας αρπάζεις κι μέχρι. Ένα διακοπή πως αγοράζοντας σχεδιαστής. Προϊόντα ρουτίνα πάντως.');
INSERT INTO nurse_media (media_id, nurse_id) VALUES ('127', 'nurse_id');
INSERT INTO media (media_id, path, description) VALUES ('128', '/media/images/image_nobis.png', 'Εξαρτάται επιδιορθώσεις παραδοτέου εντολές ας. Έξι εσωτερικών ανώδυνη έστελνε.
Να πως θα δίνοντας τη ένας να κι. Απαραίτητο εγώ γιαυτό κύκλο πλέον στέλνοντάς μην. Παραδοτέου θέμα χειρότερα πλέον.');
INSERT INTO nurse_media (media_id, nurse_id) VALUES ('128', 'nurse_id');
INSERT INTO media (media_id, path, description) VALUES ('129', '/media/images/image_deleniti.jpeg', 'Σαν πολύ από παίξουν μερικούς άτομο έχω εγώ. Έχω δεν τους ποια δύο.
Του χρησιμοποιούνταν πάρα εργαζόμενοι περιεχόμενα όσο τα. Κι διορθώσει κόψεις ήδη αγοράζοντας προγραμματιστές γεύματος.');
INSERT INTO nurse_media (media_id, nurse_id) VALUES ('129', 'nurse_id');
INSERT INTO media (media_id, path, description) VALUES ('130', '/media/images/image_rem.jpeg', 'Έστελνε δύο επιδιορθώσεις ίδιο πολύ περισσότερες ορίστε. Πακέτων ναι τις εκτελείται αποθηκευτικού όσο. Πακέτων δουλεύει δεν άρα όσο.
Ερωτήσεις κειμένων σαν ροή. Αποθηκευτικού προγραμματιστές πιο.');
INSERT INTO nurse_media (media_id, nurse_id) VALUES ('130', 'nurse_id');
INSERT INTO media (media_id, path, description) VALUES ('131', '/media/images/image_natus.jpeg', 'Άρα πλέον γέλασαν εργαζόμενων. Της πιο επί γραμμή στα του. Ταξινομεί κάνεις δουλεύει περισσότερες εφαμοργής ορίστε πρώτοι.
Χρόνου ανώδυνη εσωτερικών είχαμε διορθώσεις. Και πάντα στα πες.');
INSERT INTO nurse_media (media_id, nurse_id) VALUES ('131', 'nurse_id');
INSERT INTO media (media_id, path, description) VALUES ('132', '/media/images/image_vel.jpeg', 'Εφαμοργής παραδώσεις ξέχασε γεύματος την περιεχόμενα. Πετούν πακέτων πως ρουτίνα ταξινομεί ύψος. Ένα κόλπα κάτι μην σας.');
INSERT INTO nurse_media (media_id, nurse_id) VALUES ('132', 'nurse_id');
INSERT INTO media (media_id, path, description) VALUES ('133', '/media/images/image_quo.jpeg', 'Αναγκάζονται όχι σε υόρκη προγραμματιστής συνάδελφος. Επιχείριση καταλάθος γεγονός φακέλους πιο. Δημιουργήσεις ανά μέρος επενδυτής νέα θέλεις άρα.');
INSERT INTO nurse_media (media_id, nurse_id) VALUES ('133', 'nurse_id');
INSERT INTO media (media_id, path, description) VALUES ('134', '/media/images/image_sunt.png', 'Μέχρι πήρε τρόπο πρώτο δημιουργείς για διαχειριστής άρθρων. Θα παραπάνω γράψει πιο είχαμε προσλάμβανες. Αφήσεις προσεκτικά μέγιστη διακόψουμε χρησιμοποιώντας για.');
INSERT INTO nurse_media (media_id, nurse_id) VALUES ('134', 'nurse_id');
INSERT INTO media (media_id, path, description) VALUES ('135', '/media/images/image_ex.png', 'Απλό χρόνου έχω χρειάζονται χρειάζονται. Σχεδιαστής προγραμματιστές πάντως σου.
Για σχεδιαστής τα περιβάλλοντος έρθει όταν μερικούς. Μιας κι εγώ μηχανής στήλες.');
INSERT INTO nurse_media (media_id, nurse_id) VALUES ('135', 'nurse_id');
INSERT INTO media (media_id, path, description) VALUES ('136', '/media/images/image_eius.jpeg', 'Διορθώσεις εφαρμογής συνηθίζουν βάζοντας φίλος. Παράγοντες ποια πολύ πολύ εδώ στις γράψει. Απαραίτητο έξι πετούν διακοπή συγγραφείς στις τεσσαρών πάντως.');
INSERT INTO nurse_media (media_id, nurse_id) VALUES ('136', 'nurse_id');
INSERT INTO media (media_id, path, description) VALUES ('137', '/media/images/image_dolorum.jpeg', 'Αναφορά αθόρυβες ναι τέλειοι. Μερικούς των περιβάλλον σχεδιαστής κύκλο περιβάλλοντος.
Όσο δωροδοκηθούν για διοικητικό πλέον κι. Ναι συγγραφής αρέσει ανά κανένας μεταγλωτιστής θέλεις διαδίκτυο.');
INSERT INTO nurse_media (media_id, nurse_id) VALUES ('137', 'nurse_id');
INSERT INTO media (media_id, path, description) VALUES ('138', '/media/images/image_eos.png', 'Διασφαλίζεται όταν ας εικόνες διαδίκτυο. Κλπ αντιλήφθηκαν γραφικά αναφέρονται εδώ. Λιγότερο μα ποια.
Σταματάς πάντα αν σίγουρος της. Μεταφραστής δε μετράει δημιουργήσεις την.');
INSERT INTO nurse_media (media_id, nurse_id) VALUES ('138', 'nurse_id');
INSERT INTO media (media_id, path, description) VALUES ('139', '/media/images/image_est.jpg', 'Υψηλότερη του πολύ. Θα γνωρίζουμε κι χρονοδιαγράμματος. Αυτήν πηγαίου μου έστειλε εγώ τις.
Κόψεις πολύ γειτονιάς αποδείξεις προσεκτικά. Οι μπορούσες έξι πετάξαμε δε.');
INSERT INTO nurse_media (media_id, nurse_id) VALUES ('139', 'nurse_id');
INSERT INTO media (media_id, path, description) VALUES ('140', '/media/images/image_maiores.jpeg', 'Αγοράζοντας εκτός δεν συνεντεύξεις μερικούς σας διολισθήσεις.');
INSERT INTO nurse_media (media_id, nurse_id) VALUES ('140', 'nurse_id');
INSERT INTO media (media_id, path, description) VALUES ('141', '/media/images/image_quasi.jpg', 'Τον πλέον εργαζόμενων έγραψες υόρκη. Νόμιζες ίδιο από όσο μετράει συγχρόνως με λιγότερο.
Πάντα ροή δουλεύει και κάνε γραμμή. Τρόποι αρχεία επί μερικούς διορθώσεις ανά.');
INSERT INTO nurse_media (media_id, nurse_id) VALUES ('141', 'nurse_id');
INSERT INTO media (media_id, path, description) VALUES ('142', '/media/images/image_iusto.jpg', 'Μια διακοπή ναι κάνεις. Μέχρι επιστρέφουν βιβλίο δεν. Ότι νόμιζες ο χαρτιού δύο χρησιμοποιώντας. Χρόνου χαρτιού για μου εξαρτάται.');
INSERT INTO nurse_media (media_id, nurse_id) VALUES ('142', 'nurse_id');
INSERT INTO media (media_id, path, description) VALUES ('143', '/media/images/image_aperiam.png', 'Δυστυχής μέσης χαρτιού διευθυντές. Απαρατήρητο λαμβάνουν μου συνάδελφος ναι χρησιμοποιούσες. Στέλνοντάς μερικούς απαράδεκτη λιγότερο. Ότι τα εργασίας γνωστή.');
INSERT INTO nurse_media (media_id, nurse_id) VALUES ('143', 'nurse_id');
INSERT INTO media (media_id, path, description) VALUES ('144', '/media/images/image_voluptas.jpeg', 'Στήλες περιεχόμενα πιο γεύματος. Στη φαινόμενο νέου.
Πάντα είχαμε προσοχή κόλπα συγχωνευτεί έτσι. Προσλάμβανες μεταγλωτιστής ώρα εκδόσεις πιο λίγο υψηλότερη.');
INSERT INTO nurse_media (media_id, nurse_id) VALUES ('144', 'nurse_id');
INSERT INTO media (media_id, path, description) VALUES ('145', '/media/images/image_quae.jpeg', 'Σημεία δωροδοκηθούν σημαντικός χρησιμοποιούσες εκείνου. Με τεσσαρών αντιλήφθηκαν των ρωτήσει σωστά. Σημαντικό και συνηθίζουν μάλλον τέλειοι αν κρατάει.');
INSERT INTO nurse_media (media_id, nurse_id) VALUES ('145', 'nurse_id');
INSERT INTO media (media_id, path, description) VALUES ('146', '/media/images/image_id.jpg', 'Γραμμές μέσης μην. Κοιτάζοντας γνωρίζουμε στήλες ως ροή σου μάλλον. Γειτονιάς νέο στη έτσι ας.
Προσπαθήσεις ποσοστό μπουν πάντως. Σας ως μάθε αποδείξεις. Σημεία πάντως θέματα αν πάντως.');
INSERT INTO nurse_media (media_id, nurse_id) VALUES ('146', 'nurse_id');
INSERT INTO media (media_id, path, description) VALUES ('147', '/media/images/image_at.png', 'Γνωστή πως ώρα τρέξει διακοπή. Των κώδικάς έχω έγραψες. Δοκιμάσεις κόλπα τελειώσει κάνε επί αρχεία. Τα στις αν στα νέου.');
INSERT INTO nurse_media (media_id, nurse_id) VALUES ('147', 'nurse_id');
INSERT INTO media (media_id, path, description) VALUES ('148', '/media/images/image_tempore.png', 'Της στο σαν νέο τους εργοστασίου. Στα παίξουν έγραψες. Στο μεταγλωτίσει προκύπτουν χρησιμοποιούσες διαδίκτυο σε φακέλους.
Αντιλήφθηκαν μην μερικούς. Τα έλεγχος πλέον μια ότι. Σας μια πως ένα.');
INSERT INTO nurse_media (media_id, nurse_id) VALUES ('148', 'nurse_id');
INSERT INTO media (media_id, path, description) VALUES ('149', '/media/images/image_deserunt.jpeg', 'Σημαντικός γραμμής πήρε.
Θέμα το οι έχω αναγκάζονται αποκλειστικούς. Βάζοντας δείξει κι κάτι πάντα δεδομένων. Εκτελέσει συγχωνευτεί πηγαίου. Άλγεβρα εκθέσεις έτσι ας τη στο αρέσει.');
INSERT INTO nurse_media (media_id, nurse_id) VALUES ('149', 'nurse_id');
INSERT INTO media (media_id, path, description) VALUES ('150', '/media/images/image_veniam.jpg', 'Συνέχεια ατόμου συνεντεύξεις πετούν τι δύο. Χαμηλός άρα λίγο εκτός από έξι. Δημιουργια θυμάμαι εταιρείες αν.');
INSERT INTO nurse_media (media_id, nurse_id) VALUES ('150', 'nurse_id');
INSERT INTO media (media_id, path, description) VALUES ('151', '/media/images/image_ullam.jpg', 'Προγραμματιστές του προβληματική σου κι σαν. Κώδικα το εξοργιστικά πρώτης νιρβάνα διοικητικό δύο.
Μετρήσεις εκτελέσει μη χαρτιού εκτελείται θέλεις. Το από τι μέρος.');
INSERT INTO nurse_media (media_id, nurse_id) VALUES ('151', 'nurse_id');
INSERT INTO media (media_id, path, description) VALUES ('152', '/media/images/image_quasi.png', 'Άπειρα όσο ότι για την ανά. Ίδιο πολύ μηχανής όταν.
Εφαρμογή γνωρίζουμε πετάξαμε τρόποι ας διάβασε να. Πακέτων νόμιζες προσθέσει ο τα χρονοδιαγράμματος. Που σταματάς έξι ως ο.');
INSERT INTO nurse_media (media_id, nurse_id) VALUES ('152', 'nurse_id');
INSERT INTO media (media_id, path, description) VALUES ('153', '/media/images/image_maxime.jpeg', 'Το συνηθίζουν τι ανακλύψεις. Πετούν έτσι τέλειοι διαφήμιση προσπαθήσεις έχω συγκεντρωμένοι. Εκθέσεις συγχρόνως επί.');
INSERT INTO nurse_media (media_id, nurse_id) VALUES ('153', 'nurse_id');
INSERT INTO media (media_id, path, description) VALUES ('154', '/media/images/image_animi.jpg', 'Γνωρίζουμε αναφέρονται διακοπή. Τα εφαρμογής μην τον συγγραφής δεν δοκιμάσεις.
Περισσότερες τις κι τους φαινόμενο εξακολουθεί. Πιο ως επενδυτής μην που ορίστε. Στήλες τη ξέχασε τεκμηριώνει.');
INSERT INTO nurse_media (media_id, nurse_id) VALUES ('154', 'nurse_id');
INSERT INTO media (media_id, path, description) VALUES ('155', '/media/images/image_odio.jpeg', 'Έγραψες μέχρι υψηλότερη για μη ξέχασε. Φράση σωστά μπορούσες εντολές. Διακοπή μεταφραστής προκαλείς πρώτοι.');
INSERT INTO nurse_media (media_id, nurse_id) VALUES ('155', 'nurse_id');
INSERT INTO media (media_id, path, description) VALUES ('156', '/media/images/image_eaque.png', 'Των συγχωνευτεί μιας τη επιστρέφουν με. Κι επί κάτι ίδιο συγγραφής εκθέσεις διορθώσει ρουτίνα. Υόρκη περισσότερες μου σίγουρος στο χάος αγοράζοντας από.');
INSERT INTO nurse_media (media_id, nurse_id) VALUES ('156', 'nurse_id');
INSERT INTO media (media_id, path, description) VALUES ('157', '/media/images/image_ea.png', 'Διοικητικό γραμμής μέχρι ως λοιπόν. Γνωρίζουμε νέο βιβλίο χαρακτηριστικό. Χαρακτηριστικό επιδιορθώσεις εδώ.
Κάνε τελειώσει περιβάλλοντος πιο όχι παίξουν.');
INSERT INTO nurse_media (media_id, nurse_id) VALUES ('157', 'nurse_id');
INSERT INTO media (media_id, path, description) VALUES ('158', '/media/images/image_non.png', 'Έρθει περίπου νέου πολύ εξακολουθεί δημιουργείς σχεδιαστής.
Μου ελέγχου καλύτερο σε. Διοικητικό μέρος διευθυντές χρησιμοποιούσες.
Προσπαθούν αν κανόνα πως όταν απλό επιδιορθώσεις.');
INSERT INTO nurse_media (media_id, nurse_id) VALUES ('158', 'nurse_id');
INSERT INTO media (media_id, path, description) VALUES ('159', '/media/images/image_ducimus.png', 'Ίδιο ναι μα. Εκτός ένας όχι τεσσαρών.
Στραβά άρθρων απλό εφαμοργής κόψεις βουτήξουν πως οι. Ναι όσο το στις πως εδώ παραγωγικής. Εκτελέσεις χρειάζονται βγήκε τέλειοι.');
INSERT INTO nurse_media (media_id, nurse_id) VALUES ('159', 'nurse_id');
INSERT INTO media (media_id, path, description) VALUES ('160', '/media/images/image_omnis.jpeg', 'Δε αποκλειστικούς κλπ έξι.');
INSERT INTO nurse_media (media_id, nurse_id) VALUES ('160', 'nurse_id');
INSERT INTO media (media_id, path, description) VALUES ('161', '/media/images/image_sequi.png', 'Ας εκτελείται στήλες χαρακτηριστικών εκτελέσει ημέρα σημαντικός. Ίδιο διορθώσει μάλλον δωροδοκηθούν βασανίζουν κι. Εργαζόμενων σας αυτός αθόρυβες ναι τεκμηριώνει αν.');
INSERT INTO nurse_media (media_id, nurse_id) VALUES ('161', 'nurse_id');
INSERT INTO media (media_id, path, description) VALUES ('162', '/media/images/image_tempora.jpg', 'Έξι μη κόλπα κώδικα. Γεγονός πάντα της των ύψος αυτός έξι. Ρωτάει έτοιμος αναφορά δύο ποια ότι οι απαραίτητο.
Όχι άρθρων έξι λες άρα που.');
INSERT INTO nurse_media (media_id, nurse_id) VALUES ('162', 'nurse_id');
INSERT INTO media (media_id, path, description) VALUES ('163', '/media/images/image_temporibus.jpg', 'Εσωτερικών ανά πολύ ο χρονοδιαγράμματος. Μας δύο μέχρι.
Πιο εργασίας καταλάθος διαδίκτυο. Κλπ από πάντα σίγουρος λαμβάνουν απαρατήρητο.');
INSERT INTO nurse_media (media_id, nurse_id) VALUES ('163', 'nurse_id');
INSERT INTO media (media_id, path, description) VALUES ('164', '/media/images/image_ducimus.jpg', 'Δύο από προσπαθούν μια εκδόσεις πετάξαμε ζητήσεις της. Έγραψες ευκολότερο της σπίτι ένας πρώτης.');
INSERT INTO nurse_media (media_id, nurse_id) VALUES ('164', 'nurse_id');
INSERT INTO media (media_id, path, description) VALUES ('165', '/media/images/image_pariatur.jpg', 'Μεταφραστής μεταγλωτίσει ρωτάει μέρος ίδιο χαρακτηριστικών. Μεταγλωτιστής δημιουργια τη ανώδυνη την δυστυχώς.');
INSERT INTO nurse_media (media_id, nurse_id) VALUES ('165', 'nurse_id');
INSERT INTO media (media_id, path, description) VALUES ('166', '/media/images/image_dignissimos.png', 'Εδώ για ατόμου σαν. Υπηρεσία κάτι συγχρόνως όχι.
Νέου συνέχεια που πετάξαμε δίνοντας. Ανώδυνη τον ίδιο σκεφτείς.
Κρατάει έτσι γνωστή ύψος.');
INSERT INTO nurse_media (media_id, nurse_id) VALUES ('166', 'nurse_id');
INSERT INTO media (media_id, path, description) VALUES ('167', '/media/images/image_illum.png', 'Μα ανταγωνιστής ας πάντως προσλάμβανες της γραμμής. Μιας φακέλους σημεία όχι εσωτερικών κανένας.');
INSERT INTO nurse_media (media_id, nurse_id) VALUES ('167', 'nurse_id');
INSERT INTO media (media_id, path, description) VALUES ('168', '/media/images/image_fugiat.png', 'Έχω συνάδελφος εγώ στις λέει. Επιχείριση συγχρόνως δε δύο έχω ανά ιδιαίτερα.
Στο βρίσκονται έξι εδώ.');
INSERT INTO nurse_media (media_id, nurse_id) VALUES ('168', 'nurse_id');
INSERT INTO media (media_id, path, description) VALUES ('169', '/media/images/image_esse.jpeg', 'Να εργαλείων στις τις γραφικά δυστυχής του. Από συνεχώς μας μάτσο διορθώσει δε τις.
Έρθει ορίστε περίπου μέρος. Ποσοστό ατόμου προβληματική ανακλύψεις θα.');
INSERT INTO nurse_media (media_id, nurse_id) VALUES ('169', 'nurse_id');
INSERT INTO media (media_id, path, description) VALUES ('170', '/media/images/image_occaecati.jpeg', 'Ίδιο επιδιορθώσεις αυτός ιδιαίτερα εγώ χρονοδιαγράμματα. Ως υποψήφιο απαραίτητο. Θέλεις γιαυτό όχι εργοστασίου. Είχαμε άπειρα πεδία προσοχή οι αν.');
INSERT INTO nurse_media (media_id, nurse_id) VALUES ('170', 'nurse_id');
INSERT INTO media (media_id, path, description) VALUES ('171', '/media/images/image_quidem.jpg', 'Σας προσπαθούν εταιρείες ανά. Όχι κι εξοργιστικά λες τοπικές. Παραδώσεις μάτσο προκαλείς.
Χώρου διαχειριστής συνεχώς λιγότερο. Σε στέλνοντάς διορθώσει άρα εξακολουθεί δεν τύπους.');
INSERT INTO nurse_media (media_id, nurse_id) VALUES ('171', 'nurse_id');
INSERT INTO media (media_id, path, description) VALUES ('172', '/media/images/image_consectetur.jpeg', 'Αντιλήφθηκαν άρα πρώτο εκείνου τοπικές αποθηκευτικού. Τρόποι εδώ χρησιμοποιούσες χαρτιού. Στις ροή περιμένουν συνεχώς κύκλο.');
INSERT INTO nurse_media (media_id, nurse_id) VALUES ('172', 'nurse_id');
INSERT INTO media (media_id, path, description) VALUES ('173', '/media/images/image_repudiandae.png', 'Στραβά έστειλε συνάδελφος μας γειτονιάς δεν. Γέλασαν σχεδιαστής πολύ ελέγχου.
Όταν όχι νέου θα. Στις άρθρων κάτι νέα γνωστή προσθέσει.
Νέων άρθρων ανώδυνη. Όταν κόψεις απομόνωση βάζοντας.');
INSERT INTO nurse_media (media_id, nurse_id) VALUES ('173', 'nurse_id');
INSERT INTO media (media_id, path, description) VALUES ('174', '/media/images/image_facere.jpeg', 'Γραφικά σας ότι σας συγγραφής άρθρων προβληματική. Εσωτερικών σας παράγοντες. Κειμένων χάος απίστευτα αρπάζεις διοικητικό αναγκάζονται χρειάζονται.');
INSERT INTO nurse_media (media_id, nurse_id) VALUES ('174', 'nurse_id');
INSERT INTO media (media_id, path, description) VALUES ('175', '/media/images/image_omnis.png', 'Περίπου μετρήσεις αποστηθίσει μέγιστη χώρου αυτός. Παίρνει συνάδελφος εκτός να επιδιόρθωση με μπουν.');
INSERT INTO nurse_media (media_id, nurse_id) VALUES ('175', 'nurse_id');
INSERT INTO media (media_id, path, description) VALUES ('176', '/media/images/image_alias.png', 'Συνεχώς φακέλους δημιουργείς εξοργιστικά ερωτήσεις ήδη. Περίπου δίνοντας ύψος επεξεργασία περιμένουν μέχρι. Απαράδεκτη έτσι φίλος προκαλείς ας πρόσληψη τρόπο ήδη.');
INSERT INTO nurse_media (media_id, nurse_id) VALUES ('176', 'nurse_id');
INSERT INTO media (media_id, path, description) VALUES ('177', '/media/images/image_quas.jpeg', 'Γραμμής λοιπόν άρθρων χειρότερα νόμιζες μέχρι δε σημαντικός. Λίγο γραμμή σωστά παίξουν σημαντικό βρίσκονται.');
INSERT INTO nurse_media (media_id, nurse_id) VALUES ('177', 'nurse_id');
INSERT INTO media (media_id, path, description) VALUES ('178', '/media/images/image_consequuntur.png', 'Άτομο ίδιο οι εκτελέσεις δύο. Παραδοτέου διακοπής περισσότερη.
Μου όχι περιμένουν πάρα. Ύψος βιβλίο ανταγωνιστής δυστυχώς. Άρα μέχρι ωραίο μεταγλωτίσει μαγικά σαν το αν.');
INSERT INTO nurse_media (media_id, nurse_id) VALUES ('178', 'nurse_id');
INSERT INTO media (media_id, path, description) VALUES ('179', '/media/images/image_aperiam.jpeg', 'Πως αποθηκευτικού εφαρμογής άρθρων. Γειτονιάς ήδη τους ροή.
Κοιτάζοντας αποστηθίσει συνάδελφος πεδία. Μέσης όσο συνεντεύξεις βασανίζουν πακέτων σταματάς. Επιχείριση νέου πόρτες πηγαίου.');
INSERT INTO nurse_media (media_id, nurse_id) VALUES ('179', 'nurse_id');
INSERT INTO media (media_id, path, description) VALUES ('180', '/media/images/image_corrupti.jpg', 'Ποια λοιπόν άρθρων ανά. Εκτελείται χειρότερα έξι. Διακόψουμε αφήσεις πιο πιο.
Προϊόντα αγοράζοντας κι εδώ.
Ποια ναι πακέτων ποσοστό.');
INSERT INTO nurse_media (media_id, nurse_id) VALUES ('180', 'nurse_id');
INSERT INTO media (media_id, path, description) VALUES ('181', '/media/images/image_a.jpeg', 'Εργαζόμενων όταν σωστά περισσότερη τρόποι.
Συγγραφείς την τεκμηριώνει άρα τέλειοι.');
INSERT INTO admin_media (media_id, admin_id) VALUES ('181', 'admin_id');
INSERT INTO media (media_id, path, description) VALUES ('182', '/media/images/image_perspiciatis.jpg', 'Στα βουτήξουν κι χώρου. Περίπου δεν εκτελέσεις δύο δείξει απαράδεκτη ένας. Ήδη ανεπιθύμητη παίρνει κι σχεδιαστής ένας ειδικά.');
INSERT INTO admin_media (media_id, admin_id) VALUES ('182', 'admin_id');
INSERT INTO media (media_id, path, description) VALUES ('183', '/media/images/image_possimus.jpeg', 'Περισσότερες παραδώσεις επεξεργασία αποκλειστικούς μέχρι. Κώδικάς στραβά επί ατόμου κι. Πολύ στο συγκεντρωμένοι βιαστικά επί ας.
Αυτός όταν πρώτοι ημέρα παίρνουν θέματα.');
INSERT INTO admin_media (media_id, admin_id) VALUES ('183', 'admin_id');
INSERT INTO media (media_id, path, description) VALUES ('184', '/media/images/image_odit.png', 'Κανένας χρησιμοποιώντας ίδιο βαθμό παραδοτέου παραδοτέου. Μιας τους προσλάμβανες έχω κρατήσουν εδώ ήδη. Γνωρίζουμε εργάστηκε σωστά όταν επί. Γειτονιάς είχαμε δείξει πολύ βάζοντας.');
INSERT INTO admin_media (media_id, admin_id) VALUES ('184', 'admin_id');
INSERT INTO media (media_id, path, description) VALUES ('185', '/media/images/image_ea.png', 'Λίγο εντολές μηχανής προκαλείς.
Ένα στα παραδώσεις προσεκτικά. Τις αν μάτσο συγγραφής ανεπιθύμητη ερωτήσεις. Πάντως διασφαλίζεται βγήκε έχω ως δε διευθυντές δημιουργείς.');
INSERT INTO admin_media (media_id, admin_id) VALUES ('185', 'admin_id');
INSERT INTO media (media_id, path, description) VALUES ('186', '/media/images/image_amet.jpeg', 'Απομόνωση όσο να θέματα. Αυτήν αυτός ιδιαίτερα ανώδυνη της σωστά σαν έτσι.
Βιβλίο γιαυτό ανά ήδη. Μέγιστη μεταγλωτιστής τον εργαζόμενων ίδιο.');
INSERT INTO admin_media (media_id, admin_id) VALUES ('186', 'admin_id');
INSERT INTO media (media_id, path, description) VALUES ('187', '/media/images/image_aut.jpeg', 'Πες μη το τεσσαρών περιβάλλοντος. Δε απλό σας δίνοντας τις την. Εξαρτάται αφήσεις μην προϊόντα πακέτων.');
INSERT INTO admin_media (media_id, admin_id) VALUES ('187', 'admin_id');
INSERT INTO media (media_id, path, description) VALUES ('188', '/media/images/image_deleniti.png', 'Ανώδυνη επί ημέρα και που μέχρι ναι. Ότι εφαμοργής ροή επιδιορθώσεις.
Εξοργιστικά να διακόψουμε κάτι έτσι ανακλύψεις περιεχόμενα άρα. Χρησιμοποιούνταν ας πάντα τρέξει ανώδυνη.');
INSERT INTO admin_media (media_id, admin_id) VALUES ('188', 'admin_id');
INSERT INTO media (media_id, path, description) VALUES ('189', '/media/images/image_qui.png', 'Περιεχόμενα έτσι συνεντεύξεις χρησιμοποίησέ επεξεργασία. Δύο ρωτάει κάνεις λοιπόν. Ροή ελέγχου τα προϊόντα τρόποι.');
INSERT INTO admin_media (media_id, admin_id) VALUES ('189', 'admin_id');
INSERT INTO media (media_id, path, description) VALUES ('190', '/media/images/image_odio.png', 'Σημεία που σημεία πεδία έτσι σας. Των ότι περίπου φίλος κανόνα το παραπάνω έχω.
Λοιπόν των μετράει των. Εκτελέσεις προγραμματιστής ζητήσεις συγχρόνως χρόνου λαμβάνουν.');
INSERT INTO admin_media (media_id, admin_id) VALUES ('190', 'admin_id');
INSERT INTO media (media_id, path, description) VALUES ('191', '/media/images/image_quia.jpeg', 'Επί σκεφτείς διακοπή να μετράει. Κανείς παραδοτέου τεκμηριώνει αναφέρονται στο.
Πως τον πάρα ας δεν ρωτάει. Διακόψουμε διάβασε εκτελέσεις παίξουν κάνε. Χρειάζονται εργάστηκε τι δυστυχής υποψήφιο.');
INSERT INTO admin_media (media_id, admin_id) VALUES ('191', 'admin_id');
INSERT INTO media (media_id, path, description) VALUES ('192', '/media/images/image_aliquid.jpg', 'Της πάντως χρονοδιαγράμματος σας ώρα συγκεντρωμένοι πακέτων. Μέχρι τα παίρνουν τρέξει για ως. Πεδία γραμμή ότι σας. Πως μια παράδειγμα υπηρεσία εκτός για.');
INSERT INTO admin_media (media_id, admin_id) VALUES ('192', 'admin_id');
INSERT INTO media (media_id, path, description) VALUES ('193', '/media/images/image_illo.jpg', 'Πλέον θα αγοράζοντας χρειάζονται δημιουργείς. Γραμμής από υποψήφιο δίνοντας εσωτερικών έτσι θέλεις. Φαινόμενο τη όσο.');
INSERT INTO admin_media (media_id, admin_id) VALUES ('193', 'admin_id');
INSERT INTO media (media_id, path, description) VALUES ('194', '/media/images/image_fugit.png', 'Γεγονός κανόνα μα παραδώσεις μάτσο μιας χαρακτηριστικών μέγιστη. Νόμιζες άπειρα επιχείριση στήλες στέλνοντάς. Διοικητικό δουλεύει διάβασε ότι στα όχι.');
INSERT INTO admin_media (media_id, admin_id) VALUES ('194', 'admin_id');
INSERT INTO media (media_id, path, description) VALUES ('195', '/media/images/image_veritatis.jpeg', 'Μηχανής εφαρμογής περισσότερη είχαμε. Ρωτάει της έτσι επιδιόρθωση ίδιο παραγωγικής.
Σταματάς αφήσεις απομόνωση αποκλειστικούς ανεπιθύμητη. Σας εδώ μα μη.');
INSERT INTO admin_media (media_id, admin_id) VALUES ('195', 'admin_id');
INSERT INTO media (media_id, path, description) VALUES ('196', '/media/images/image_molestias.jpeg', 'Εφαρμογής εκδόσεις προσπαθούν εγώ ποσοστό εικόνες εγώ. Εγώ ότι κάτι κάτι δε στις δε.
Ακούσει δωροδοκηθούν ήδη φράση όσο κι δεν. Επιδιορθώσεις ο που θα. Διαπιστώνεις ήδη περισσότερες παίξουν.');
INSERT INTO admin_media (media_id, admin_id) VALUES ('196', 'admin_id');
INSERT INTO media (media_id, path, description) VALUES ('197', '/media/images/image_quibusdam.jpg', 'Τύπους καλύτερο απόλαυσε δυστυχώς. Δοκιμάσεις ρωτάει εδώ βαθμό ένα και μεταφραστής.
Την προσπαθήσεις άρα ήδη επενδυτής. Προσπαθούν παραδώσεις μου θέλεις ερώτηση πάρα τον. Γνωρίζουμε δε μαγικά ένα.');
INSERT INTO admin_media (media_id, admin_id) VALUES ('197', 'admin_id');
INSERT INTO media (media_id, path, description) VALUES ('198', '/media/images/image_voluptate.jpg', 'Δίνοντας διάσημα εντολές ως άρα τελειώσει πάρα. Δημιουργείς θέμα τρόποι μεταφραστής.');
INSERT INTO admin_media (media_id, admin_id) VALUES ('198', 'admin_id');
INSERT INTO media (media_id, path, description) VALUES ('199', '/media/images/image_aliquid.png', 'Αυτήν πιο το φακέλους επιδιόρθωση σας. Αρχεία σαν ακούσει με μια έτοιμος. Μα απόλαυσε γραμμές κρατάει. Τύπου άρθρων περιβάλλοντος φράση πάντα μου δείξει.');
INSERT INTO admin_media (media_id, admin_id) VALUES ('199', 'admin_id');
INSERT INTO media (media_id, path, description) VALUES ('200', '/media/images/image_autem.png', 'Ας πολύ χρησιμοποιώντας περισσότερη φίλος δε του. Διαχειριστής διαπιστώνεις μα δούλευε.
Φαινόμενο άρα φίλος διαχειριστής χρησιμοποιώντας θυμάμαι. Μην διάβασε συνέχεια.');
INSERT INTO admin_media (media_id, admin_id) VALUES ('200', 'admin_id');
INSERT INTO media (media_id, path, description) VALUES ('201', '/media/images/image_omnis.png', 'Μπουν εταιρείες πόρτες άρθρων απαρατήρητο δύο έστελνε.
Νόμιζες γεγονός θυμάμαι πάντως προκύπτουν μα πες. Διορθώσεις έγραψες αρέσει στραβά και. Κύκλο χειρότερα δείξει προσλάμβανες τα πρώτο.');
INSERT INTO admin_media (media_id, admin_id) VALUES ('201', 'admin_id');
INSERT INTO media (media_id, path, description) VALUES ('202', '/media/images/image_placeat.jpg', 'Εκτελέσει μη απαράδεκτη θέμα μου στραβά νιρβάνα. Μιας τρόποι επιδιορθώσεις απαράδεκτη από σε δε. Ειδικά για ήδη και τι.');
INSERT INTO admin_media (media_id, admin_id) VALUES ('202', 'admin_id');
INSERT INTO media (media_id, path, description) VALUES ('203', '/media/images/image_quidem.jpeg', 'Αποφάσισε εκτελέσεις παραπάνω δείξει νιρβάνα. Απόλαυσε όσο την γεύματος απίστευτα ακούσει. Μιας συνεντεύξεις ότι νόμιζες τους.
Σωστά μου ποια εκτελέσει.');
INSERT INTO admin_media (media_id, admin_id) VALUES ('203', 'admin_id');
INSERT INTO media (media_id, path, description) VALUES ('204', '/media/images/image_quidem.png', 'Καταλάθος θέματα αντιλήφθηκαν εγώ. Λετπά των κάτι εταιρείες πάντως φαινόμενο έρθει εξαρτάται. Έστειλε μαγικά πάντως ειδικά. Από συγγραφείς επιχείριση και.');
INSERT INTO admin_media (media_id, admin_id) VALUES ('204', 'admin_id');
INSERT INTO media (media_id, path, description) VALUES ('205', '/media/images/image_neque.jpeg', 'Αυτήν σκεφτείς επί μπουν λετπά ιδιαίτερα κάτι συνεχώς.
Δύο ανά περιεχόμενα πετούν υποψήφιο του. Διαδίκτυο παράδειγμα ελέγχου γραμμής σαν. Μιας εκτελέσεις αλγόριθμου προσοχή βιβλίο τους.');
INSERT INTO admin_media (media_id, admin_id) VALUES ('205', 'admin_id');
INSERT INTO media (media_id, path, description) VALUES ('206', '/media/images/image_quisquam.png', 'Συνέχεια υόρκη μέχρι συγχρόνως τις επί. Σκεφτείς σημεία δίνοντας εφαρμογής. Αρπάζεις βγήκε χρειάζονται σας προσοχή.
Του συγγραφής πλέον αναφέρονται εκθέσεις κανείς.');
INSERT INTO admin_media (media_id, admin_id) VALUES ('206', 'admin_id');
INSERT INTO media (media_id, path, description) VALUES ('207', '/media/images/image_placeat.jpg', 'Θα αναφορά φράση δυστυχής. Μεταγλωτίσει στήλες νέων. Δυστυχώς χαρακτηριστικών απόλαυσε απίστευτα πάντως.
Τη λες τους. Τις εργαλείων όσο ρωτήσει.
Κρατάει ναι και έξι προσεκτικά παίρνει.');
INSERT INTO admin_media (media_id, admin_id) VALUES ('207', 'admin_id');
INSERT INTO media (media_id, path, description) VALUES ('208', '/media/images/image_quos.png', 'Αυτός δεν επιδιορθώσεις έτσι λοιπόν ρουτίνα. Ως πηγαίου λετπά χρόνου εργαζόμενων.
Άλγεβρα ελέγχου βάζοντας ήδη. Ωραίο μηχανής εδώ τη για υόρκη. Μου από πιο τι.
Μέγιστη ειδικά έτσι έτσι.');
INSERT INTO admin_media (media_id, admin_id) VALUES ('208', 'admin_id');
INSERT INTO media (media_id, path, description) VALUES ('209', '/media/images/image_aspernatur.png', 'Σκεφτείς διευθυντές εικόνες αποδείξεις χρησιμοποιώντας ταξινομεί. Που της άρα. Αντιλήφθηκαν προβληματική πάρα συνάδελφος μετρήσεις παραδοτέου.');
INSERT INTO admin_media (media_id, admin_id) VALUES ('209', 'admin_id');
INSERT INTO media (media_id, path, description) VALUES ('210', '/media/images/image_totam.jpg', 'Μπουν εκθέσεις τον εργαζόμενοι. Χρησιμοποιώντας θέματα εργασίας δύο μιας. Που παραπάνω τρόποι οι υόρκη.');
INSERT INTO admin_media (media_id, admin_id) VALUES ('210', 'admin_id');
INSERT INTO media (media_id, path, description) VALUES ('211', '/media/images/image_voluptates.jpg', 'Δουλεύει όχι διευθυντές απαράδεκτη μιας. Βαθμό νόμιζες κανένας ροή εκτός ερώτηση ανώδυνη. Εκτελέσεις πάντα ποια έξι.');
INSERT INTO admin_media (media_id, admin_id) VALUES ('211', 'admin_id');
INSERT INTO media (media_id, path, description) VALUES ('212', '/media/images/image_laudantium.png', 'Στραβά μάτσο και εταιρείες στήλες παίρνουν λίγο.
Μεταφραστής έρθει υπηρεσία τεσσαρών επιχείριση. Συνεχώς δύο υόρκη θα πακέτων παραδοτέου μα παράδειγμα.');
INSERT INTO admin_media (media_id, admin_id) VALUES ('212', 'admin_id');
INSERT INTO media (media_id, path, description) VALUES ('213', '/media/images/image_nam.jpg', 'Κι συγχρόνως μιας. Στις δούλευε από φακέλους. Σωστά ναι δε του έχω τρόποι άρα διακόψουμε. Πάντα και που.');
INSERT INTO admin_media (media_id, admin_id) VALUES ('213', 'admin_id');
INSERT INTO media (media_id, path, description) VALUES ('214', '/media/images/image_quos.jpg', 'Κρατάει σε στα μηχανής εγώ αποθηκευτικού έτσι. Σπίτι σου εκτός να νιρβάνα προσθέσει.');
INSERT INTO admin_media (media_id, admin_id) VALUES ('214', 'admin_id');
INSERT INTO media (media_id, path, description) VALUES ('215', '/media/images/image_laborum.jpg', 'Δε και ο έξι ώρα μπουν συνέχεια τι. Όταν ακούσει δωροδοκηθούν προσπαθήσεις εργαζόμενων.
Το αν διάβασε εταιρείες. Κώδικάς οι στις εκτός πάντως.');
INSERT INTO admin_media (media_id, admin_id) VALUES ('215', 'admin_id');
INSERT INTO media (media_id, path, description) VALUES ('216', '/media/images/image_accusantium.jpg', 'Μεταγλωτιστής τρέξει άτομο. Πάντως απόλαυσε εφαρμογής κώδικάς συγγραφείς ήδη. Το αποθηκευτικού σημεία ρωτήσει.
Νέων επιδιόρθωση διολισθήσεις ναι ποια γειτονιάς σωστά.');
INSERT INTO admin_media (media_id, admin_id) VALUES ('216', 'admin_id');
INSERT INTO media (media_id, path, description) VALUES ('217', '/media/images/image_occaecati.jpg', 'Όχι πρώτης δείξει κόψεις. Δοκιμάσεις ότι εδώ δωροδοκηθούν. Διάβασε συγχωνευτεί σαν.
Προσλάμβανες στραβά να ελέγχου έτσι. Μαγικά επενδυτής χρησιμοποιούνταν προκύπτουν.');
INSERT INTO admin_media (media_id, admin_id) VALUES ('217', 'admin_id');
INSERT INTO media (media_id, path, description) VALUES ('218', '/media/images/image_quaerat.jpg', 'Μεταγλωτιστής κανόνα μην ανταγωνιστής μέχρι πετάνε δοκιμάσεις.');
INSERT INTO admin_media (media_id, admin_id) VALUES ('218', 'admin_id');
INSERT INTO media (media_id, path, description) VALUES ('219', '/media/images/image_omnis.jpg', 'Χρησιμοποιώντας εταιρείες επί όταν αντιλήφθηκαν εκτός. Ανά τι εγώ μηχανής εργάστηκε. Άρθρων λιγότερο διακοπή.
Επιστρέφουν λίγο το πάντως αποκλειστικούς ένας ανά. Παραπάνω νέα έτσι ώρα νέο μέχρι.');
INSERT INTO admin_media (media_id, admin_id) VALUES ('219', 'admin_id');
INSERT INTO media (media_id, path, description) VALUES ('220', '/media/images/image_illo.jpeg', 'Ώρα αν μερικούς μερικούς κώδικα ειδικά τη. Έξι χρειάζονται τις του αφήσεις για δύο. Έχω λίγο περιβάλλοντος χώρου παράδειγμα για αναφέρονται σωστά.');
INSERT INTO admin_media (media_id, admin_id) VALUES ('220', 'admin_id');
INSERT INTO media (media_id, path, description) VALUES ('221', '/media/images/image_excepturi.jpeg', 'Φράση φακέλους βρίσκονται το δυστυχής. Σου εταιρείες με ανταγωνιστής.
Πολύ πεδία χρονοδιαγράμματος χώρου ίδιο που προσπαθούν. Πολύ φαινόμενο πρόσληψη στις μηχανής.');
INSERT INTO admin_media (media_id, admin_id) VALUES ('221', 'admin_id');
INSERT INTO media (media_id, path, description) VALUES ('222', '/media/images/image_similique.png', 'Συνεχώς ευκολότερο αν εκτός. Χάος δεν πλέον μετράει. Κάνε πάντα δείξει συνεντεύξεις.');
INSERT INTO admin_media (media_id, admin_id) VALUES ('222', 'admin_id');
INSERT INTO media (media_id, path, description) VALUES ('223', '/media/images/image_molestiae.jpg', 'Εκτελέσεις ειδικά έστελνε να επί χρησιμοποίησέ. Πετούν περισσότερη νέα μετρήσεις πάντα λοιπόν μην.');
INSERT INTO admin_media (media_id, admin_id) VALUES ('223', 'admin_id');
INSERT INTO media (media_id, path, description) VALUES ('224', '/media/images/image_repudiandae.jpeg', 'Χαρακτηριστικών ημέρα πόρτες πολύ δημιουργια. Κρατήσουν εκδόσεις συγγραφής βουτήξουν. Ανά διαπιστώνεις ανακλύψεις εκτελέσει διάσημα αναφέρονται επιδιόρθωση.');
INSERT INTO admin_media (media_id, admin_id) VALUES ('224', 'admin_id');
INSERT INTO media (media_id, path, description) VALUES ('225', '/media/images/image_hic.jpeg', 'Έστελνε ένας πρώτο τεσσαρών χαρτιού. Απίστευτα ο αγοράζοντας λοιπόν ταξινομεί στις ένας. Μετράει πρώτοι έτσι.');
INSERT INTO admin_media (media_id, admin_id) VALUES ('225', 'admin_id');
INSERT INTO media (media_id, path, description) VALUES ('226', '/media/images/image_sapiente.jpg', 'Πλέον απομόνωση αποκλειστικούς υπηρεσία πάρεις. Εκδόσεις ήδη ως εξαρτάται μέσης. Έξι σαν σε. Ένα μέρος την επιδιόρθωση επιδιόρθωση χρειάζονται.');
INSERT INTO admin_media (media_id, admin_id) VALUES ('226', 'admin_id');
INSERT INTO media (media_id, path, description) VALUES ('227', '/media/images/image_explicabo.jpg', 'Παραγωγικής κάνε σημαντικός.
Συνάδελφος εδώ τη επεξεργασία προβληματική αγοράζοντας πάντα. Επιχείριση σπίτι μιας δύο. Γραφικά που ροή υποψήφιο πετάξαμε.');
INSERT INTO admin_media (media_id, admin_id) VALUES ('227', 'admin_id');
INSERT INTO media (media_id, path, description) VALUES ('228', '/media/images/image_quasi.png', 'Με μέχρι κύκλο ναι ταξινομεί εφαρμογής ότι ας. Ποσοστό πλέον πλέον συνέχεια τον επί. Τι κοιτάζοντας βγήκε να τρέξει διακοπή.');
INSERT INTO admin_media (media_id, admin_id) VALUES ('228', 'admin_id');
INSERT INTO media (media_id, path, description) VALUES ('229', '/media/images/image_quod.jpg', 'Κλπ καλύτερο δημιουργείς έστειλε της ερωτήσεις πως.
Στα καλύτερο χάος πάντως άρα τα νέο. Λες χρειάζονται χρησιμοποιούσες.
Των θα έλεγχος που δουλεύει. Πιο για μεταφραστής άτομο.');
INSERT INTO admin_media (media_id, admin_id) VALUES ('229', 'admin_id');
INSERT INTO media (media_id, path, description) VALUES ('230', '/media/images/image_consequatur.png', 'Τεσσαρών πάρα νέων κάτι. Μέσης μπουν μα μην κειμένων.
Νιρβάνα παράγοντες και και πάντως χρονοδιαγράμματα ώρα. Διάσημα ίδιο συγχωνευτεί ανακλύψεις ρωτάει άρα.');
INSERT INTO admin_media (media_id, admin_id) VALUES ('230', 'admin_id');
INSERT INTO media (media_id, path, description) VALUES ('231', '/media/images/image_omnis.jpeg', 'Τον ναι διάβασε ύψος εκτός σαν τις δυστυχής.
Εκτελείται εγώ έξι βιαστικά ένα. Ποια δε αποδείξεις ας. Κειμένων τον μαγικά πολύ.
Προσπαθήσεις εργαλείων οι θέμα. Νέο χειρότερα παίξουν παραδοτέου.');
INSERT INTO equipment_media (media_id, equipment_id) VALUES ('231', 'equipment_id');
INSERT INTO media (media_id, path, description) VALUES ('232', '/media/images/image_dicta.jpg', 'Ρωτήσει πλέον παράγοντες κανείς στα. Ερώτηση παράδειγμα των γραμμή στο διακόψουμε στη έξι.
Μας δύο αθόρυβες ορίστε δεν εγώ. Άρα τύπους αρχεία τοπικές πως διαχειριστής.');
INSERT INTO equipment_media (media_id, equipment_id) VALUES ('232', 'equipment_id');
INSERT INTO media (media_id, path, description) VALUES ('233', '/media/images/image_dignissimos.png', 'Γνωστή διακοπή ήδη. Κλπ πολύ διαπιστώνεις περιεχόμενα.
Μπουν άρα στις άρα ο νέα ποια. Έτσι σαν πάντα την.
Παίρνουν δημιουργια άλγεβρα. Αρπάζεις ύψος παραδοτέου πως βγήκε πάντως θέλεις.');
INSERT INTO equipment_media (media_id, equipment_id) VALUES ('233', 'equipment_id');
INSERT INTO media (media_id, path, description) VALUES ('234', '/media/images/image_a.jpeg', 'Κύκλο απαρατήρητο χρησιμοποίησέ κρατήσουν περισσότερες άρα διάβασε. Σταματάς έστειλε γεύματος έξι ας ώρα. Χρησιμοποίησέ παίρνει σίγουρος βάζοντας.
Να σκεφτείς σαν τα.');
INSERT INTO equipment_media (media_id, equipment_id) VALUES ('234', 'equipment_id');
INSERT INTO media (media_id, path, description) VALUES ('235', '/media/images/image_nisi.png', 'Τοπικές μέγιστη κρατήσουν περιβάλλον πάντα. Οι πήρε μηχανής πόρτες πως ρουτίνα δυστυχής από.
Ως νόμιζες μεταφραστής διακόψουμε εξοργιστικά εκτός πως. Ακούσει ρωτάει προκύπτουν.');
INSERT INTO equipment_media (media_id, equipment_id) VALUES ('235', 'equipment_id');
INSERT INTO media (media_id, path, description) VALUES ('236', '/media/images/image_id.jpg', 'Όσο εγώ όχι συνάδελφος γραμμές όχι κάτι. Χαμηλός μερικούς πάρα αρπάζεις μας σημαντικός επιστρέφουν κρατάει. Θέλεις βάζοντας διάβασε διοικητικό κι διοικητικό ρωτήσει έξι.');
INSERT INTO equipment_media (media_id, equipment_id) VALUES ('236', 'equipment_id');
INSERT INTO media (media_id, path, description) VALUES ('237', '/media/images/image_voluptatibus.png', 'Συνεντεύξεις κάτι ο εγώ. Εξαρτάται προσεκτικά διακοπής έγραψες.
Διορθώσει έξι εγώ μα έρθει προσθέσει βιαστικά. Ανακλύψεις ας βάζοντας.');
INSERT INTO equipment_media (media_id, equipment_id) VALUES ('237', 'equipment_id');
INSERT INTO media (media_id, path, description) VALUES ('238', '/media/images/image_explicabo.jpeg', 'Πιο αυτός πρόσληψη. Πάντως εκτελέσει βασανίζουν μη σπίτι.
Άρα μέγιστη ρωτήσει.
Διάβασε αντιλήφθηκαν εργάστηκε του ζητήσεις. Ας κανένας έτσι διαφήμιση επί ύψος δημιουργείς πρώτο.');
INSERT INTO equipment_media (media_id, equipment_id) VALUES ('238', 'equipment_id');
INSERT INTO media (media_id, path, description) VALUES ('239', '/media/images/image_ratione.jpg', 'Ζητήσεις προσθέσει νέου άρα μια χρειάζονται δίνοντας. Απαραίτητο αναγκάζονται οι βιαστικά. Σίγουρος δύο μην μέχρι της αν.');
INSERT INTO equipment_media (media_id, equipment_id) VALUES ('239', 'equipment_id');
INSERT INTO media (media_id, path, description) VALUES ('240', '/media/images/image_id.jpeg', 'Άρα σταματάς του τι περιβάλλον παίρνει στο. Τέλειοι εργοστασίου κι υόρκη παίρνει εκτελέσει.');
INSERT INTO equipment_media (media_id, equipment_id) VALUES ('240', 'equipment_id');
INSERT INTO media (media_id, path, description) VALUES ('241', '/media/images/image_voluptas.jpeg', 'Άρα ροή εκτελείται την διαφήμιση παίρνει διάβασε.
Βιαστικά περιβάλλον συγγραφής μάτσο. Προσπαθούν ίδιο κοιτάζοντας συνεντεύξεις. Πολύ ώρα ροή αποφάσισε αλγόριθμου.');
INSERT INTO equipment_media (media_id, equipment_id) VALUES ('241', 'equipment_id');
INSERT INTO media (media_id, path, description) VALUES ('242', '/media/images/image_temporibus.jpg', 'Επί και νέου. Διαφήμιση λετπά αυτός. Ταξινομεί συνηθίζουν χρησιμοποιούσες πλέον μέχρι άρθρων.');
INSERT INTO equipment_media (media_id, equipment_id) VALUES ('242', 'equipment_id');
INSERT INTO media (media_id, path, description) VALUES ('243', '/media/images/image_alias.jpg', 'Περιμένουν μάτσο να. Πρώτοι δύο για σαν χαρακτηριστικών τι. Συνέχεια τον ποσοστό για δυστυχώς δεδομένων.');
INSERT INTO equipment_media (media_id, equipment_id) VALUES ('243', 'equipment_id');
INSERT INTO media (media_id, path, description) VALUES ('244', '/media/images/image_quibusdam.jpeg', 'Το βρίσκονται άτομο μέχρι μετρήσεις μιας. Ένας χρησιμοποιώντας γνωστή εκτός άτομο.');
INSERT INTO equipment_media (media_id, equipment_id) VALUES ('244', 'equipment_id');
INSERT INTO media (media_id, path, description) VALUES ('245', '/media/images/image_in.png', 'Ανακλύψεις έγραψες πακέτων χρονοδιαγράμματα περισσότερες φακέλους θέλεις λιγότερο. Δούλευε χρονοδιαγράμματα άλγεβρα.');
INSERT INTO equipment_media (media_id, equipment_id) VALUES ('245', 'equipment_id');
INSERT INTO media (media_id, path, description) VALUES ('246', '/media/images/image_doloremque.jpg', 'Όταν παράδειγμα άτομο οι μην χαρακτηριστικό μέσης. Στα ρωτήσει αποθηκευτικού νέο όχι.
Εφαρμογής αποδείξεις πάντως κόλπα όσο κώδικάς. Τη εκτελέσει του.');
INSERT INTO equipment_media (media_id, equipment_id) VALUES ('246', 'equipment_id');
INSERT INTO media (media_id, path, description) VALUES ('247', '/media/images/image_ipsam.jpeg', 'Κλπ ανά σημαντικό μετρήσεις ρωτάει ποσοστό επενδυτής. Λαμβάνουν τα παραγωγικής αυτήν. Όταν αθόρυβες στραβά να μα. Μου μας δουλεύει που την αναγκάζονται ως.');
INSERT INTO equipment_media (media_id, equipment_id) VALUES ('247', 'equipment_id');
INSERT INTO media (media_id, path, description) VALUES ('248', '/media/images/image_nisi.jpg', 'Αν ερώτηση σημαντικός στις σχεδιαστής διάσημα. Και όσο εκτός προσθέσει. Χαρακτηριστικών από εκτελέσει διορθώσεις αγοράζοντας εκτός κόλπα. Παίξουν πως εσωτερικών κι αποθηκευτικού τα σε.');
INSERT INTO equipment_media (media_id, equipment_id) VALUES ('248', 'equipment_id');
INSERT INTO media (media_id, path, description) VALUES ('249', '/media/images/image_sint.jpg', 'Θέλεις των γεύματος ήδη. Ύψος βαθμό συγγραφής δεν προκύπτουν γραμμής επιδιόρθωση προσπαθούν. Με προσεκτικά παράγοντες στις στέλνοντάς χειρότερα μιας.');
INSERT INTO equipment_media (media_id, equipment_id) VALUES ('249', 'equipment_id');
INSERT INTO media (media_id, path, description) VALUES ('250', '/media/images/image_ratione.jpeg', 'Πετάνε άλγεβρα ειδικά. Και χρησιμοποιώντας πως επιδιόρθωση περιβάλλον ημέρα πάντα από.
Ποια στα κοιτάζοντας επιδιορθώσεις διακοπή. Γεγονός κλπ όσο επί ερωτήσεις δημιουργια τους.');
INSERT INTO equipment_media (media_id, equipment_id) VALUES ('250', 'equipment_id');
INSERT INTO media (media_id, path, description) VALUES ('251', '/media/images/image_vitae.jpeg', 'Θα εργαζόμενοι και. Κάνε ανεπιθύμητη δεν ποια έγραψες. Λιγότερο κόλπα μέχρι νέο πάντα ότι παραγωγικής.
Μου χρησιμοποιώντας επιχείριση ήδη αναγκάζονται. Έχω βγήκε άρα.');
INSERT INTO equipment_media (media_id, equipment_id) VALUES ('251', 'equipment_id');
INSERT INTO media (media_id, path, description) VALUES ('252', '/media/images/image_maiores.jpg', 'Χρησιμοποίησέ πάρα εργασίας βιαστικά. Προσπαθούν τρόποι ποια μου τεκμηριώνει ροή σε. Της όχι χρονοδιαγράμματα ένα επιχείριση ποια πεδία μας.');
INSERT INTO equipment_media (media_id, equipment_id) VALUES ('252', 'equipment_id');
INSERT INTO media (media_id, path, description) VALUES ('253', '/media/images/image_quisquam.jpeg', 'Βιβλίο στήλες μα διορθώσει από πήρε του πάντα. Πετάνε πακέτων εδώ υποψήφιο γειτονιάς ώρα είχαμε. Έτοιμος λιγότερο σίγουρος σημεία τελειώσει.');
INSERT INTO equipment_media (media_id, equipment_id) VALUES ('253', 'equipment_id');
INSERT INTO media (media_id, path, description) VALUES ('254', '/media/images/image_unde.png', 'Ήδη αυτήν βγήκε ανακλύψεις. Ημέρα σταματάς μέγιστη αρπάζεις αποδείξεις έλεγχος προβληματική. Πάντως αγοράζοντας κρατάει περιβάλλοντος.');
INSERT INTO equipment_media (media_id, equipment_id) VALUES ('254', 'equipment_id');
INSERT INTO media (media_id, path, description) VALUES ('255', '/media/images/image_expedita.jpeg', 'Σου προϊόντα στη αντιλήφθηκαν τύπου. Της μας πως ανακλύψεις το θα.
Ροή άρα ας επιστρέφουν έστειλε. Έστειλε διακόψουμε εργοστασίου διασφαλίζεται. Ημέρα μάλλον σου ελέγχου.');
INSERT INTO equipment_media (media_id, equipment_id) VALUES ('255', 'equipment_id');
INSERT INTO media (media_id, path, description) VALUES ('256', '/media/images/image_tempore.jpeg', 'Εργαλείων προσπαθούν μου πάντα τα εξακολουθεί. Προβληματική να σε ο διαχειριστής τελειώσει ύψος. Ευκολότερο ως εγώ επιχείριση μην τις.');
INSERT INTO equipment_media (media_id, equipment_id) VALUES ('256', 'equipment_id');
INSERT INTO media (media_id, path, description) VALUES ('257', '/media/images/image_molestiae.jpeg', 'Χρησιμοποιούσες για απλό. Γραμμής διαδίκτυο τύπου αντιλήφθηκαν επί αρχεία.');
INSERT INTO equipment_media (media_id, equipment_id) VALUES ('257', 'equipment_id');
INSERT INTO media (media_id, path, description) VALUES ('258', '/media/images/image_culpa.jpg', 'Εδώ περιεχόμενα παραγωγικής δε ίδιο αποστηθίσει επιδιόρθωση χειρότερα. Σας πλέον αρχεία κι τους πρώτο δεν. Εκτός άτομο δούλευε φίλος.');
INSERT INTO equipment_media (media_id, equipment_id) VALUES ('258', 'equipment_id');
INSERT INTO media (media_id, path, description) VALUES ('259', '/media/images/image_rerum.png', 'Σε δουλεύει πιο από πολύ λετπά αποστηθίσει ίδιο. Μπουν βαθμό ένα πρώτης ένας απαράδεκτη κάνεις. Χρησιμοποιούνταν κοιτάζοντας γραμμή συγχωνευτεί ημέρα τη δυστυχώς.');
INSERT INTO equipment_media (media_id, equipment_id) VALUES ('259', 'equipment_id');
INSERT INTO media (media_id, path, description) VALUES ('260', '/media/images/image_possimus.png', 'Μιας ότι κρατήσουν χρησιμοποίησέ. Ακούσει ερώτηση διαχειριστής εξακολουθεί τα κύκλο έλεγχος. Αν δείξει παίρνουν μέχρι μάλλον φίλος.');
INSERT INTO equipment_media (media_id, equipment_id) VALUES ('260', 'equipment_id');
INSERT INTO media (media_id, path, description) VALUES ('261', '/media/images/image_dolore.png', 'Πακέτων κειμένων το χρονοδιαγράμματα περιεχόμενα κρατάει. Στραβά εδώ άπειρα εργασίας. Αρέσει σε έχω δημιουργια είχαμε.');
INSERT INTO equipment_media (media_id, equipment_id) VALUES ('261', 'equipment_id');
INSERT INTO media (media_id, path, description) VALUES ('262', '/media/images/image_optio.jpeg', 'Το πάρεις δύο τον οι. Συγγραφής μετράει δεν δείξει.
Γειτονιάς αποδείξεις ποσοστό έχω πήρε είχαμε αυτός αφήσεις.
Προγραμματιστές τρέξει εσωτερικών αρπάζεις. Εγώ τον πως υπηρεσία διολισθήσεις μιας.');
INSERT INTO equipment_media (media_id, equipment_id) VALUES ('262', 'equipment_id');
INSERT INTO media (media_id, path, description) VALUES ('263', '/media/images/image_incidunt.jpeg', 'Στήλες αν ο φαινόμενο. Διασφαλίζεται πιο μην μην θέμα πάντως από εκθέσεις. Ποια μέρος ίδιο γραμμή δε.');
INSERT INTO equipment_media (media_id, equipment_id) VALUES ('263', 'equipment_id');
INSERT INTO media (media_id, path, description) VALUES ('264', '/media/images/image_impedit.jpeg', 'Άτομο μέχρι έτσι εργασίας που μια μου.
Τοπικές βιαστικά συνέχεια λιγότερο ήδη μα. Πολύ υποψήφιο τον φράση χρησιμοποιώντας.
Έλεγχος ταξινομεί τον τελειώσει. Επιχείριση συγγραφείς της.');
INSERT INTO equipment_media (media_id, equipment_id) VALUES ('264', 'equipment_id');
INSERT INTO media (media_id, path, description) VALUES ('265', '/media/images/image_repellendus.png', 'Περίπου γειτονιάς δεν βασανίζουν έτσι γράψει. Τον μιας απίστευτα απομόνωση.
Δυστυχής προσεκτικά στη απαραίτητο απαράδεκτη προϊόντα για. Συγγραφής χρησιμοποιούνταν περιμένουν.');
INSERT INTO equipment_media (media_id, equipment_id) VALUES ('265', 'equipment_id');
INSERT INTO media (media_id, path, description) VALUES ('266', '/media/images/image_error.png', 'Χρονοδιαγράμματος μέχρι για πως ανταγωνιστής πλέον κώδικάς. Καταλάθος στις ως ακούσει έξι στο.
Γραμμή διαχειριστής παραδώσεις με.');
INSERT INTO equipment_media (media_id, equipment_id) VALUES ('266', 'equipment_id');
INSERT INTO media (media_id, path, description) VALUES ('267', '/media/images/image_rem.jpeg', 'Δεν αποφάσισε γραμμή κύκλο προκαλείς βγήκε θα. Δημιουργήσεις από να προσοχή και καλύτερο. Ποια χρονοδιαγράμματα μέχρι γιαυτό.
Ποσοστό χρησιμοποίησέ δείξει παράδειγμα πολύ μάτσο όσο.');
INSERT INTO equipment_media (media_id, equipment_id) VALUES ('267', 'equipment_id');
INSERT INTO media (media_id, path, description) VALUES ('268', '/media/images/image_cum.png', 'Γιαυτό μερικούς δύο από λοιπόν. Ορίστε στα διαπιστώνεις φακέλους πρόσληψη. Γειτονιάς δύο στέλνοντάς πεδία.
Χρησιμοποίησέ εφαρμογής χρησιμοποιούνταν. Λίγο στη στο ήδη ένα πετούν.');
INSERT INTO equipment_media (media_id, equipment_id) VALUES ('268', 'equipment_id');
INSERT INTO media (media_id, path, description) VALUES ('269', '/media/images/image_iusto.jpg', 'Αυτός κειμένων γνωστή κλπ πεδία. Περιβάλλοντος στη βαθμό ως.
Δεδομένων σου ο με πες. Ποια επεξεργασία πιο έξι μηχανής.');
INSERT INTO equipment_media (media_id, equipment_id) VALUES ('269', 'equipment_id');
INSERT INTO media (media_id, path, description) VALUES ('270', '/media/images/image_voluptatum.jpg', 'Για των γέλασαν ένα γειτονιάς υπηρεσία φακέλους. Μη γράψει κανείς σπίτι αρέσει.
Έγραψες στα τον θέματα μιας. Πετάξαμε ροή ο προσοχή χρησιμοποιούσες εκτελέσεις στο μην. Τα σπίτι πάντως θα εδώ.');
INSERT INTO equipment_media (media_id, equipment_id) VALUES ('270', 'equipment_id');
INSERT INTO media (media_id, path, description) VALUES ('271', '/media/images/image_facilis.jpeg', 'Χάος ανά εκτός γραμμή δε πως. Και αγοράζοντας αθόρυβες απλό τους κειμένων ταξινομεί.
Διαδίκτυο έτσι για νέα. Συνάδελφος τι αποκλειστικούς μην.');
INSERT INTO equipment_media (media_id, equipment_id) VALUES ('271', 'equipment_id');
INSERT INTO media (media_id, path, description) VALUES ('272', '/media/images/image_exercitationem.jpg', 'Ορίστε χαρακτηριστικών συνεχώς ελέγχου δούλευε μηχανής πάρα βιαστικά. Κάνεις μαγικά μετρήσεις βουτήξουν εκθέσεις προγραμματιστής.');
INSERT INTO equipment_media (media_id, equipment_id) VALUES ('272', 'equipment_id');
INSERT INTO media (media_id, path, description) VALUES ('273', '/media/images/image_id.jpg', 'Κανείς πάντα ναι θα ανταγωνιστής κι. Έγραψες ότι ρουτίνα.');
INSERT INTO equipment_media (media_id, equipment_id) VALUES ('273', 'equipment_id');
INSERT INTO media (media_id, path, description) VALUES ('274', '/media/images/image_veniam.jpeg', 'Που εκθέσεις καταλάθος αποφάσισε κώδικάς προϊόντα εγώ. Δυστυχής προκαλείς συγγραφείς νέου. Διευθυντές που ανακλύψεις ίδιο τι χαρακτηριστικών σίγουρος.');
INSERT INTO equipment_media (media_id, equipment_id) VALUES ('274', 'equipment_id');
INSERT INTO media (media_id, path, description) VALUES ('275', '/media/images/image_ducimus.png', 'Απλό μια ίδιο βαθμό. Εργασίας παράγοντες ζητήσεις τελειώσει μια.
Κι συνεντεύξεις πακέτων μπουν σταματάς. Θα κανείς κειμένων μου.
Πήρε τι χειρότερα δεδομένων κρατάει. Λοιπόν εκτελείται να αγοράζοντας.');
INSERT INTO equipment_media (media_id, equipment_id) VALUES ('275', 'equipment_id');
INSERT INTO media (media_id, path, description) VALUES ('276', '/media/images/image_labore.jpg', 'Αντιλήφθηκαν τις κι τις διαχειριστής. Ανεπιθύμητη πετάνε παραπάνω θέλεις.
Δοκιμάσεις των στέλνοντάς σου έστελνε νέο δύο. Έχω αρπάζεις τι παράδειγμα χαρτιού δεν.');
INSERT INTO equipment_media (media_id, equipment_id) VALUES ('276', 'equipment_id');
INSERT INTO media (media_id, path, description) VALUES ('277', '/media/images/image_molestiae.jpg', 'Κανόνα είχαμε χρονοδιαγράμματος βάζοντας ώρα πολύ. Αρέσει έστελνε όχι άρα.
Εκδόσεις εικόνες αναφέρονται. Έξι κανόνα σπίτι εκείνου μεταφραστής ταξινομεί δοκιμάσεις.');
INSERT INTO equipment_media (media_id, equipment_id) VALUES ('277', 'equipment_id');
INSERT INTO media (media_id, path, description) VALUES ('278', '/media/images/image_officiis.png', 'Τα πρώτο ας περιβάλλον έγραψες. Τα διακόψουμε γέλασαν έξι εικόνες εκτός. Δύο ιδιαίτερα εκτός.');
INSERT INTO equipment_media (media_id, equipment_id) VALUES ('278', 'equipment_id');
INSERT INTO media (media_id, path, description) VALUES ('279', '/media/images/image_alias.jpg', 'Ήδη επί εκτός αντιλήφθηκαν. Περισσότερες πιο σκεφτείς πάρα βάζοντας ποια θα. Ποσοστό ξέχασε ζητήσεις τεσσαρών γεύματος μας ξέχασε.');
INSERT INTO equipment_media (media_id, equipment_id) VALUES ('279', 'equipment_id');
INSERT INTO media (media_id, path, description) VALUES ('280', '/media/images/image_sit.jpeg', 'Μην έστειλε στέλνοντάς σας. Ο θα κώδικάς χρειάζονται στα μας επιδιόρθωση.
Δοκιμάσεις τους διευθυντές χαρτιού πολύ. Πλέον αποθηκευτικού πάντως συγχωνευτεί ότι μπορούσες ότι.');
INSERT INTO equipment_media (media_id, equipment_id) VALUES ('280', 'equipment_id');
INSERT INTO media (media_id, path, description) VALUES ('281', '/media/images/image_dignissimos.jpeg', 'Θέματα πιο τις κόλπα.
Ορίστε αυτήν στα στις. Έχω προσπαθήσεις έτσι εικόνες περιμένουν διαχειριστής επί.
Συνεχώς πεδία μάθε ανά στις. Τρέξει κλπ τις περιμένουν στη άρα. Δε όχι κι βιαστικά.');
INSERT INTO equipment_media (media_id, equipment_id) VALUES ('281', 'equipment_id');
INSERT INTO media (media_id, path, description) VALUES ('282', '/media/images/image_autem.jpeg', 'Ακούσει δύο δεν πλέον εκθέσεις κάτι. Μιας θα ένα χρησιμοποιούνταν δυστυχής τη συγκεντρωμένοι.');
INSERT INTO equipment_media (media_id, equipment_id) VALUES ('282', 'equipment_id');
INSERT INTO media (media_id, path, description) VALUES ('283', '/media/images/image_recusandae.jpeg', 'Έλεγχος δείξει παραδώσεις δυστυχής πρώτης θυμάμαι διαχειριστής.
Χρησιμοποίησέ γεύματος θα παραδοτέου φαινόμενο. Προκύπτουν λες τα παραπάνω επεξεργασία.');
INSERT INTO equipment_media (media_id, equipment_id) VALUES ('283', 'equipment_id');
INSERT INTO media (media_id, path, description) VALUES ('284', '/media/images/image_impedit.png', 'Άρα μέχρι συνέχεια πολύ ίδιο πιο σας γράψει. Όταν κώδικάς αν από τρέξει δεν επιδιορθώσεις.');
INSERT INTO equipment_media (media_id, equipment_id) VALUES ('284', 'equipment_id');
INSERT INTO media (media_id, path, description) VALUES ('285', '/media/images/image_cupiditate.jpeg', 'Οι νέο ταξινομεί πλέον μπορούσες παραπάνω συνέχεια. Περιεχόμενα ας μετράει εκτελέσεις τρόποι.');
INSERT INTO equipment_media (media_id, equipment_id) VALUES ('285', 'equipment_id');
INSERT INTO media (media_id, path, description) VALUES ('286', '/media/images/image_reprehenderit.jpg', 'Δημιουργια παραδοτέου χαρακτηριστικών όσο κώδικάς κανείς. Στη έλεγχος άρα απαραίτητο τα. Παίρνει δείξει την προσπαθήσεις πάρα εκτελέσει σημαντικός.
Αφήσεις ρωτήσει όχι. Θέλεις από τι μεταγλωτίσει.');
INSERT INTO equipment_media (media_id, equipment_id) VALUES ('286', 'equipment_id');
INSERT INTO media (media_id, path, description) VALUES ('287', '/media/images/image_magnam.jpg', 'Πήρε πως θέλεις δε πετάνε μπουν νόμιζες. Πιο χρησιμοποιούσες να της βιαστικά ανώδυνη προγραμματιστές ερωτήσεις.');
INSERT INTO equipment_media (media_id, equipment_id) VALUES ('287', 'equipment_id');
INSERT INTO media (media_id, path, description) VALUES ('288', '/media/images/image_repellat.jpeg', 'Για περιμένουν ζητήσεις μέχρι τύπους δύο. Περιμένουν παράγοντες άπειρα που γέλασαν στα μπουν.');
INSERT INTO equipment_media (media_id, equipment_id) VALUES ('288', 'equipment_id');
INSERT INTO media (media_id, path, description) VALUES ('289', '/media/images/image_exercitationem.jpg', 'Της εκτελείται νέων εκείνου σκεφτείς καλύτερο θα. Έτσι νόμιζες κάτι δε μη. Μεταγλωτίσει τα μιας μάλλον οι απομόνωση να.
Της νέα μας ναι δούλευε γέλασαν μεταφραστής.');
INSERT INTO equipment_media (media_id, equipment_id) VALUES ('289', 'equipment_id');
INSERT INTO media (media_id, path, description) VALUES ('290', '/media/images/image_amet.png', 'Ελέγχου να μερικούς. Διορθώσεις πακέτων καλύτερο. Χαρτιού εφαρμογή πολύ. Του επί πιο μετράει νιρβάνα της μην.');
INSERT INTO equipment_media (media_id, equipment_id) VALUES ('290', 'equipment_id');
INSERT INTO media (media_id, path, description) VALUES ('291', '/media/images/image_laborum.png', 'Μιας προϊόντα φίλος εργαλείων. Δεν μεταγλωτίσει πόρτες εδώ.
Άρα μεταγλωτίσει ότι τους. Προκύπτουν πετούν απομόνωση περιβάλλοντος θα αν εξακολουθεί.');
INSERT INTO equipment_media (media_id, equipment_id) VALUES ('291', 'equipment_id');
INSERT INTO media (media_id, path, description) VALUES ('292', '/media/images/image_quos.png', 'Τους ανώδυνη ως που ο μας διάβασε. Έστελνε με περιβάλλον επιχείριση να παραδώσεις.
Απόλαυσε χαρακτηριστικών της τα αφήσεις. Και οι περισσότερες δοκιμάσεις.');
INSERT INTO equipment_media (media_id, equipment_id) VALUES ('292', 'equipment_id');
INSERT INTO media (media_id, path, description) VALUES ('293', '/media/images/image_nostrum.png', 'Κάνεις πολύ θυμάμαι γεγονός πάντως λες επί παράδειγμα. Εφαρμογή λοιπόν μέχρι πολύ ότι συγγραφής. Της προκαλείς δύο κόλπα γεύματος τέλειοι παραδώσεις.');
INSERT INTO equipment_media (media_id, equipment_id) VALUES ('293', 'equipment_id');
INSERT INTO media (media_id, path, description) VALUES ('294', '/media/images/image_vitae.jpeg', 'Αποθηκευτικού δεν μάτσο παίρνει. Προσοχή πάντα και χρειάζονται. Πως απόλαυσε αναγκάζονται όταν αποκλειστικούς για ελέγχου.');
INSERT INTO equipment_media (media_id, equipment_id) VALUES ('294', 'equipment_id');
INSERT INTO media (media_id, path, description) VALUES ('295', '/media/images/image_exercitationem.png', 'Χρησιμοποιούνταν παραδοτέου νέων δημιουργήσεις εκτός.
Σκεφτείς πλέον μιας. Τύπου ερωτήσεις γραμμής εργασίας κανένας εκτός. Εργαλείων να στη επί.');
INSERT INTO equipment_media (media_id, equipment_id) VALUES ('295', 'equipment_id');
INSERT INTO media (media_id, path, description) VALUES ('296', '/media/images/image_delectus.jpg', 'Διευθυντές χρονοδιαγράμματος τοπικές.
Τεσσαρών έλεγχος ίδιο εντολές προγραμματιστές. Που συγχρόνως υπηρεσία υπηρεσία μην ατόμου έστελνε σαν.');
INSERT INTO equipment_media (media_id, equipment_id) VALUES ('296', 'equipment_id');
INSERT INTO media (media_id, path, description) VALUES ('297', '/media/images/image_fugit.png', 'Ερώτηση να ζητήσεις λετπά αλγόριθμου. Άρθρων χρησιμοποίησέ στήλες.
Δύο στο βαθμό πεδία σας στα. Προβληματική κανένας φράση πάντα ανεπιθύμητη στη στα δημιουργήσεις. Εντολές εξακολουθεί ημέρα.');
INSERT INTO equipment_media (media_id, equipment_id) VALUES ('297', 'equipment_id');
INSERT INTO media (media_id, path, description) VALUES ('298', '/media/images/image_sequi.png', 'Φαινόμενο δε σημαντικό περίπου διακόψουμε κι φράση. Πιο εκτελέσει προσλάμβανες εκτός συνέχεια που γραμμές.');
INSERT INTO equipment_media (media_id, equipment_id) VALUES ('298', 'equipment_id');
INSERT INTO media (media_id, path, description) VALUES ('299', '/media/images/image_voluptatibus.jpeg', 'Συγκεντρωμένοι επιχείριση ήδη έστελνε παίρνουν. Πρώτο μάθε να.
Από ερωτήσεις εξοργιστικά πάντα πολύ. Εκτός δείξει μη δεν. Όταν του τεσσαρών συγχωνευτεί ημέρα αυτήν.');
INSERT INTO equipment_media (media_id, equipment_id) VALUES ('299', 'equipment_id');
INSERT INTO media (media_id, path, description) VALUES ('300', '/media/images/image_at.png', 'Στη πήρε συνηθίζουν τον συνάδελφος εικόνες επί. Χρονοδιαγράμματος συνηθίζουν πρώτης διακοπής γέλασαν ναι για.
Εφαρμογής έχω στα σας χειρότερα. Νέα εντολές σκεφτείς αναφέρονται κανόνα επί.');
INSERT INTO equipment_media (media_id, equipment_id) VALUES ('300', 'equipment_id');
INSERT INTO media (media_id, path, description) VALUES ('301', '/media/images/image_aperiam.jpeg', 'Γράψει αποδείξεις μέχρι διάσημα τεσσαρών. Ίδιο γιαυτό δυστυχώς μας πλέον ακούσει.');
INSERT INTO equipment_media (media_id, equipment_id) VALUES ('301', 'equipment_id');
INSERT INTO media (media_id, path, description) VALUES ('302', '/media/images/image_illum.jpg', 'Ανά επενδυτής αποφάσισε κώδικάς πάντως διακόψουμε. Ορίστε μέχρι γιαυτό εφαμοργής μετρήσεις μεταγλωτίσει μάτσο. Από πάντως εφαμοργής επιδιόρθωση.');
INSERT INTO equipment_media (media_id, equipment_id) VALUES ('302', 'equipment_id');
INSERT INTO media (media_id, path, description) VALUES ('303', '/media/images/image_at.png', 'Άρα και χρονοδιαγράμματα προσπαθούν σαν πρώτοι ανά. Προγραμματιστές παράγοντες πολύ θέλεις ήδη.
Ναι δυστυχής σας γεγονός. Έξι δεν ωραίο εξοργιστικά.');
INSERT INTO equipment_media (media_id, equipment_id) VALUES ('303', 'equipment_id');
INSERT INTO media (media_id, path, description) VALUES ('304', '/media/images/image_recusandae.jpeg', 'Άπειρα διαπιστώνεις λέει γιαυτό. Του μηχανής εδώ τοπικές μαγικά.
Δε πάντα χάος υψηλότερη δεν τη. Περισσότερες εκτός έξι κρατάει γνωστή εκτελέσεις.
Συγχωνευτεί μπουν σας είχαμε προσπαθούν.');
INSERT INTO equipment_media (media_id, equipment_id) VALUES ('304', 'equipment_id');
INSERT INTO media (media_id, path, description) VALUES ('305', '/media/images/image_neque.jpeg', 'Χρησιμοποίησέ μια εκτελείται στήλες δεν προκαλείς. Χρονοδιαγράμματος καταλάθος λες θα προσπαθήσεις. Μετρήσεις γνωρίζουμε οι μα των.');
INSERT INTO equipment_media (media_id, equipment_id) VALUES ('305', 'equipment_id');
INSERT INTO media (media_id, path, description) VALUES ('306', '/media/images/image_itaque.jpeg', 'Απόλαυσε ο μου πρώτης διορθώσει μέχρι ωραίο. Ο ο για ευκολότερο αγοράζοντας. Ατόμου κανένας έχω τις παραδώσεις εργοστασίου.
Περιμένουν ίδιο τρόπο υποψήφιο. Του μου δείξει στα.');
INSERT INTO equipment_media (media_id, equipment_id) VALUES ('306', 'equipment_id');
INSERT INTO media (media_id, path, description) VALUES ('307', '/media/images/image_atque.png', 'Διακοπής έρθει έχω όχι των κώδικα. Πολύ τι που ευκολότερο βρίσκονται κανένας διορθώσεις.
Κόλπα δε σαν στη στις πλέον. Τον νέα χειρότερα μην. Και υψηλότερη για προσοχή όσο.');
INSERT INTO equipment_media (media_id, equipment_id) VALUES ('307', 'equipment_id');
INSERT INTO media (media_id, path, description) VALUES ('308', '/media/images/image_id.jpeg', 'Ναι ποια κανόνα ως γεγονός μην. Εφαρμογή υποψήφιο εξαρτάται γνωστή σας πετάνε και διαχειριστής.
Τρέξει δεν εντολές μέρος.');
INSERT INTO equipment_media (media_id, equipment_id) VALUES ('308', 'equipment_id');
INSERT INTO media (media_id, path, description) VALUES ('309', '/media/images/image_error.jpg', 'Μάλλον ποια διακοπής μέχρι απλό εκτελείται μα έλεγχος. Νιρβάνα ερωτήσεις πήρε μερικούς.');
INSERT INTO equipment_media (media_id, equipment_id) VALUES ('309', 'equipment_id');
INSERT INTO media (media_id, path, description) VALUES ('310', '/media/images/image_fugit.jpg', 'Τι τι πλέον στη τα. Ως ροή χρόνου εκτελέσεις. Μιας αν μέχρι. Απλό έτσι χαρακτηριστικό τρέξει κι.
Μέρος του για γραμμή σημεία οι.');
INSERT INTO equipment_media (media_id, equipment_id) VALUES ('310', 'equipment_id');
INSERT INTO media (media_id, path, description) VALUES ('311', '/media/images/image_eaque.jpeg', 'Υπηρεσία μάλλον μέχρι τύπους έτσι γνωρίζουμε σίγουρος. Κώδικα προσπαθούν στη ναι εφαρμογή. Σκεφτείς θα αποθηκευτικού υψηλότερη υπηρεσία πρώτοι.
Έξι που έχω. Εργαζόμενων στραβά διορθώσει.');
INSERT INTO equipment_media (media_id, equipment_id) VALUES ('311', 'equipment_id');
INSERT INTO media (media_id, path, description) VALUES ('312', '/media/images/image_libero.jpg', 'Παίρνουν κειμένων αρέσει ξέχασε τα ερώτηση. Χρησιμοποιούσες διολισθήσεις ειδικά συγκεντρωμένοι την. Τον τις στα εδώ γειτονιάς ποσοστό έτοιμος.');
INSERT INTO equipment_media (media_id, equipment_id) VALUES ('312', 'equipment_id');
INSERT INTO media (media_id, path, description) VALUES ('313', '/media/images/image_velit.jpeg', 'Δυστυχώς ερωτήσεις χαρακτηριστικών γνωστή ας. Ρωτάει απλό δε για ανταγωνιστής αποφάσισε αφήσεις έξι. Παραδοτέου στα πάντα πακέτων προϊόντα ευκολότερο στη.');
INSERT INTO equipment_media (media_id, equipment_id) VALUES ('313', 'equipment_id');
INSERT INTO media (media_id, path, description) VALUES ('314', '/media/images/image_accusamus.jpeg', 'Λοιπόν παραδοτέου εκτός. Λέει επί μεταγλωτιστής δωροδοκηθούν δεδομένων όταν εξακολουθεί στήλες. Ακούσει απαρατήρητο εξαρτάται αγοράζοντας σπίτι αναφέρονται οι.');
INSERT INTO equipment_media (media_id, equipment_id) VALUES ('314', 'equipment_id');
INSERT INTO media (media_id, path, description) VALUES ('315', '/media/images/image_eveniet.png', 'Διορθώσει πηγαίου εγώ πάντα εκτελείται ξέχασε εργασίας. Για βασανίζουν παραπάνω ρωτάει που δεν βρίσκονται. Κανείς μας δημιουργια προβληματική ειδικά. Εργαζόμενοι τεσσαρών να κάνε αλγόριθμου.');
INSERT INTO equipment_media (media_id, equipment_id) VALUES ('315', 'equipment_id');
INSERT INTO media (media_id, path, description) VALUES ('316', '/media/images/image_illum.jpeg', 'Ανώδυνη αρχεία βάζοντας πρώτοι μαγικά βαθμό τις λοιπόν.
Όσο αρχεία κλπ κανένας. Καταλάθος νέων περιβάλλον του μηχανής αποδείξεις εκτός.
Κώδικα ύψος τους ελέγχου την.');
INSERT INTO equipment_media (media_id, equipment_id) VALUES ('316', 'equipment_id');
INSERT INTO media (media_id, path, description) VALUES ('317', '/media/images/image_incidunt.png', 'Πες άλγεβρα χρησιμοποίησέ πολύ εκτός.
Κι μεταγλωτίσει διολισθήσεις δεν εγώ να. Όσο τα έχω τη βιβλίο μέρος δωροδοκηθούν.');
INSERT INTO equipment_media (media_id, equipment_id) VALUES ('317', 'equipment_id');
INSERT INTO media (media_id, path, description) VALUES ('318', '/media/images/image_nam.jpg', 'Μα άτομο διασφαλίζεται τρέξει. Εγώ εργάστηκε διορθώσει σας προσεκτικά. Γνωρίζουμε σας έτοιμος εργάστηκε ότι.
Που και γραφικά όσο. Ότι έστελνε θέλεις.');
INSERT INTO equipment_media (media_id, equipment_id) VALUES ('318', 'equipment_id');
INSERT INTO media (media_id, path, description) VALUES ('319', '/media/images/image_velit.jpeg', 'Περισσότερη εξοργιστικά δοκιμάσεις μεταγλωτιστής υόρκη. Γεγονός συγχρόνως και γιαυτό. Πάντως στις μας πρώτοι έρθει φράση σας χρησιμοποιούνταν.');
INSERT INTO equipment_media (media_id, equipment_id) VALUES ('319', 'equipment_id');
INSERT INTO media (media_id, path, description) VALUES ('320', '/media/images/image_veritatis.jpeg', 'Μεταγλωτίσει μην μέχρι συγχωνευτεί. Τη πως ύψος περισσότερες.');
INSERT INTO equipment_media (media_id, equipment_id) VALUES ('320', 'equipment_id');
INSERT INTO media (media_id, path, description) VALUES ('321', '/media/images/image_cumque.jpeg', 'Προγραμματιστές στραβά κώδικάς. Σαν χρησιμοποιούνταν θέμα περισσότερη προκύπτουν βάζοντας.
Εδώ περιμένουν πρώτης χαμηλός πετάνε παράγοντες. Θυμάμαι οι τι μάλλον πολύ σωστά.
Άρα άτομο δε φράση όταν.');
INSERT INTO equipment_media (media_id, equipment_id) VALUES ('321', 'equipment_id');
INSERT INTO media (media_id, path, description) VALUES ('322', '/media/images/image_occaecati.jpeg', 'Να τα επιδιορθώσεις ποια μάλλον αρπάζεις καταλάθος. Πιο ελέγχου γειτονιάς. Έγραψες πάντως του βιβλίο εδώ διευθυντές.');
INSERT INTO equipment_media (media_id, equipment_id) VALUES ('322', 'equipment_id');
INSERT INTO media (media_id, path, description) VALUES ('323', '/media/images/image_enim.png', 'Πάρεις άρα περιεχόμενα σαν ίδιο και. Τα ωραίο πάντα τους κόλπα περισσότερες.');
INSERT INTO equipment_media (media_id, equipment_id) VALUES ('323', 'equipment_id');
INSERT INTO media (media_id, path, description) VALUES ('324', '/media/images/image_doloremque.png', 'Των κάτι δούλευε μέρος ατόμου. Πάντα σε κάνεις φακέλους πάρα. Χρονοδιαγράμματος κόψεις τέλειοι έξι άπειρα.');
INSERT INTO equipment_media (media_id, equipment_id) VALUES ('324', 'equipment_id');
INSERT INTO media (media_id, path, description) VALUES ('325', '/media/images/image_in.jpg', 'Απαραίτητο τέλειοι το τον χρονοδιαγράμματα διακόψουμε. Διακοπή πάντα μεταγλωτίσει εταιρείες προσθέσει απαραίτητο.');
INSERT INTO equipment_media (media_id, equipment_id) VALUES ('325', 'equipment_id');
INSERT INTO media (media_id, path, description) VALUES ('326', '/media/images/image_fuga.jpg', 'Αποκλειστικούς μην έχω στις πηγαίου έτσι δείξει. Τρόποι επί αναγκάζονται δε κανείς σημεία ταξινομεί. Των μηχανής ρωτάει μπορούσες στη δουλεύει μηχανής σε.');
INSERT INTO equipment_media (media_id, equipment_id) VALUES ('326', 'equipment_id');
INSERT INTO media (media_id, path, description) VALUES ('327', '/media/images/image_tempore.jpg', 'Προκαλείς ο δίνοντας σαν αρπάζεις. Δε παραγωγικής σημαντικό διασφαλίζεται.
Ένα σωστά τα δεν επιδιορθώσεις. Χώρου ώρα δεδομένων διάσημα εκτός. Συγγραφείς ότι την άρα παίρνουν άρα.');
INSERT INTO equipment_media (media_id, equipment_id) VALUES ('327', 'equipment_id');
INSERT INTO media (media_id, path, description) VALUES ('328', '/media/images/image_explicabo.jpg', 'Εκτελέσει τα πλέον εγώ εξακολουθεί εκτός έτσι.
Στο πλέον τα έχω αφήσεις. Συγχωνευτεί δωροδοκηθούν λοιπόν γράψει προβληματική.');
INSERT INTO equipment_media (media_id, equipment_id) VALUES ('328', 'equipment_id');
INSERT INTO media (media_id, path, description) VALUES ('329', '/media/images/image_repellendus.jpg', 'Δεν υόρκη της λετπά γνωρίζουμε κειμένων προσλάμβανες. Κι ανταγωνιστής μέχρι περίπου επεξεργασία κύκλο. Εξοργιστικά πάντα γεύματος απαραίτητο.');
INSERT INTO equipment_media (media_id, equipment_id) VALUES ('329', 'equipment_id');
INSERT INTO media (media_id, path, description) VALUES ('330', '/media/images/image_dicta.jpg', 'Αναγκάζονται μέγιστη συγχωνευτεί νιρβάνα προβληματική άρθρων. Γραμμή ως κάνεις όχι υπηρεσία. Δεδομένων κώδικα μιας περιμένουν κειμένων.
Πολύ απαράδεκτη εργασίας πιο. Άρα για πηγαίου όχι πλέον με.');
INSERT INTO equipment_media (media_id, equipment_id) VALUES ('330', 'equipment_id');
INSERT INTO media (media_id, path, description) VALUES ('331', '/media/images/image_a.jpg', 'Εργασίας μπορούσες διορθώσεις υπηρεσία χρόνου και. Εκείνου εργάστηκε προκαλείς αλγόριθμου. Τρόποι υπηρεσία διολισθήσεις αποκλειστικούς απαρατήρητο.');
INSERT INTO equipment_media (media_id, equipment_id) VALUES ('331', 'equipment_id');
INSERT INTO media (media_id, path, description) VALUES ('332', '/media/images/image_deserunt.png', 'Εφαμοργής σαν διευθυντές έγραψες κι αποφάσισε ίδιο. Μου επιδιόρθωση κόψεις περισσότερες προσεκτικά.');
INSERT INTO equipment_media (media_id, equipment_id) VALUES ('332', 'equipment_id');
INSERT INTO media (media_id, path, description) VALUES ('333', '/media/images/image_neque.jpg', 'Μιας λοιπόν λοιπόν ως ο ήδη μα. Ερώτηση αποθηκευτικού παράδειγμα έξι απλό τις δείξει.
Πάντα πες πάντως χρησιμοποιούνταν. Βάζοντας μπορούσες περιεχόμενα προσεκτικά προσπαθούν ήδη πλέον πάντα.');
INSERT INTO equipment_media (media_id, equipment_id) VALUES ('333', 'equipment_id');
INSERT INTO media (media_id, path, description) VALUES ('334', '/media/images/image_culpa.png', 'Ζητήσεις με λέει εδώ. Αθόρυβες περιβάλλον πετάξαμε για. Πολύ μα τοπικές βάζοντας στραβά επιστρέφουν.
Ως αποφάσισε συνέχεια. Ναι αποστηθίσει χρησιμοποιούσες μπουν.');
INSERT INTO equipment_media (media_id, equipment_id) VALUES ('334', 'equipment_id');
INSERT INTO media (media_id, path, description) VALUES ('335', '/media/images/image_voluptatum.jpg', 'Μέρος αναφέρονται συγγραφής εργαζόμενοι. Πακέτων κι φίλος σημεία επί πλέον επιδιόρθωση. Υποψήφιο που ποια εξαρτάται.');
INSERT INTO equipment_media (media_id, equipment_id) VALUES ('335', 'equipment_id');
INSERT INTO media (media_id, path, description) VALUES ('336', '/media/images/image_quas.jpeg', 'Χάος γεύματος μην κάτι κάνε δείξει δημιουργια. Θα όσο λαμβάνουν σαν μέρος ας. Πολύ γράψει τη υπηρεσία.');
INSERT INTO equipment_media (media_id, equipment_id) VALUES ('336', 'equipment_id');
INSERT INTO media (media_id, path, description) VALUES ('337', '/media/images/image_expedita.jpeg', 'Πετάξαμε το σπίτι έχω σπίτι. Θέματα κάτι λίγο επιστρέφουν δε έτσι. Σου αναφέρονται φίλος.');
INSERT INTO equipment_media (media_id, equipment_id) VALUES ('337', 'equipment_id');
INSERT INTO media (media_id, path, description) VALUES ('338', '/media/images/image_molestias.jpeg', 'Σε περίπου εφαρμογής πάντως. Το ίδιο προκαλείς ιδιαίτερα μέχρι πολύ. Ήδη παίξουν σας στις μιας μα πάντως.
Δείξει πολύ επί προκαλείς εγώ αυτός.');
INSERT INTO equipment_media (media_id, equipment_id) VALUES ('338', 'equipment_id');
INSERT INTO media (media_id, path, description) VALUES ('339', '/media/images/image_explicabo.png', 'Γέλασαν αποκλειστικούς μπορούσες θέματα χώρου βαθμό τον μηχανής. Μιας τι πήρε δουλεύει έστειλε για. Θέλεις χώρου χρειάζονται σημαντικός στη παραδοτέου.');
INSERT INTO equipment_media (media_id, equipment_id) VALUES ('339', 'equipment_id');
INSERT INTO media (media_id, path, description) VALUES ('340', '/media/images/image_minima.png', 'Θα συνεντεύξεις πάντως κρατήσουν εφαρμογής αναγκάζονται διακοπής τοπικές. Καλύτερο πάρα αυτήν τι μην κι.
Τα γεύματος τύπου. Εφαρμογή τις φακέλους των λαμβάνουν μέγιστη έξι. Με βιβλίο παίρνουν εδώ.');
INSERT INTO equipment_media (media_id, equipment_id) VALUES ('340', 'equipment_id');
INSERT INTO media (media_id, path, description) VALUES ('341', '/media/images/image_tenetur.jpeg', 'Λετπά μεταγλωτιστής πιο ήδη. Και δύο ένα στις παραγωγικής δωροδοκηθούν. Ώρα εξακολουθεί απαραίτητο πως γεύματος τα. Κόλπα επί από δε θέματα ανταγωνιστής.');
INSERT INTO equipment_media (media_id, equipment_id) VALUES ('341', 'equipment_id');
INSERT INTO media (media_id, path, description) VALUES ('342', '/media/images/image_perferendis.jpg', 'Πρώτης υψηλότερη χρόνου εδώ. Στις μια τη.
Πιο έχω απομόνωση ένα εγώ.');
INSERT INTO equipment_media (media_id, equipment_id) VALUES ('342', 'equipment_id');
INSERT INTO media (media_id, path, description) VALUES ('343', '/media/images/image_unde.png', 'Δεδομένων περιεχόμενα πως.
Απόλαυσε περίπου ανώδυνη. Έτοιμος μιας κάτι πάντα.
Εργαζόμενων αυτήν ειδικά βιβλίο νέο δεδομένων χαμηλός λετπά. Ρουτίνα γραμμές όταν βιαστικά πλέον επί.');
INSERT INTO equipment_media (media_id, equipment_id) VALUES ('343', 'equipment_id');
INSERT INTO media (media_id, path, description) VALUES ('344', '/media/images/image_ut.png', 'Επί τελειώσει δυστυχώς μηχανής μάτσο. Νέου των σαν πηγαίου.
Θα σας διακόψουμε ας.
Αποστηθίσει ένας αναφορά. Ώρα πάντα μερικούς. Πρώτοι γιαυτό ένας γραμμής υόρκη ανά.');
INSERT INTO equipment_media (media_id, equipment_id) VALUES ('344', 'equipment_id');
INSERT INTO media (media_id, path, description) VALUES ('345', '/media/images/image_explicabo.png', 'Εκτός φακέλους πλέον χαρακτηριστικών ζητήσεις. Απαράδεκτη δοκιμάσεις απλό πόρτες άλγεβρα επενδυτής. Που γράψει υψηλότερη ανεπιθύμητη για βουτήξουν διαδίκτυο.');
INSERT INTO equipment_media (media_id, equipment_id) VALUES ('345', 'equipment_id');
INSERT INTO media (media_id, path, description) VALUES ('346', '/media/images/image_magni.jpg', 'Εδώ από επιστρέφουν περισσότερες. Ταξινομεί μεταγλωτίσει ήδη πάρεις θέλεις ωραίο.');
INSERT INTO equipment_media (media_id, equipment_id) VALUES ('346', 'equipment_id');
INSERT INTO media (media_id, path, description) VALUES ('347', '/media/images/image_a.png', 'Πως ως από ανά. Και αποφάσισε ένα χειρότερα τον ιδιαίτερα. Ευκολότερο άρθρων τη για άρα.
Μπουν εγώ πετάνε λιγότερο μέχρι σκεφτείς.');
INSERT INTO equipment_media (media_id, equipment_id) VALUES ('347', 'equipment_id');
INSERT INTO media (media_id, path, description) VALUES ('348', '/media/images/image_nam.jpg', 'Συνηθίζουν θυμάμαι στις όσο. Προγραμματιστής τι ήδη μην ροή σημαντικό διάβασε. Σωστά με εφαρμογή κι διορθώσει μηχανής προσπαθήσεις.
Ναι λες με δεδομένων ύψος αν.');
INSERT INTO equipment_media (media_id, equipment_id) VALUES ('348', 'equipment_id');
INSERT INTO media (media_id, path, description) VALUES ('349', '/media/images/image_hic.jpeg', 'Δημιουργήσεις άλγεβρα πρώτο καταλάθος σκεφτείς. Ποια χρόνου δουλεύει κι κανείς. Γραφικά αντιλήφθηκαν διαφήμιση απαράδεκτη συγχρόνως ήδη λετπά. Αφήσεις προβληματική βάζοντας πλέον.');
INSERT INTO equipment_media (media_id, equipment_id) VALUES ('349', 'equipment_id');
INSERT INTO media (media_id, path, description) VALUES ('350', '/media/images/image_doloribus.png', 'Ναι αλγόριθμου ένας τη διακοπής δοκιμάσεις. Εφαρμογή τη διαφήμιση. Στις το το εντολές κύκλο εκείνου απαρατήρητο.
Αγοράζοντας μέρος νέου. Πολύ κάνε την χρησιμοποιώντας προσλάμβανες εδώ.');
INSERT INTO equipment_media (media_id, equipment_id) VALUES ('350', 'equipment_id');
INSERT INTO media (media_id, path, description) VALUES ('351', '/media/images/image_perspiciatis.jpeg', 'Άρα αντιλήφθηκαν πάντως πάντα φακέλους δημιουργια ανακλύψεις άρθρων. Συγχωνευτεί ορίστε σημαντικός τι.');
INSERT INTO equipment_media (media_id, equipment_id) VALUES ('351', 'equipment_id');
INSERT INTO media (media_id, path, description) VALUES ('352', '/media/images/image_ab.jpg', 'Στα της κάτι αγοράζοντας ως γιαυτό απομόνωση. Διαχειριστής ίδιο τις τύπους σημαντικός.
Τοπικές χαρακτηριστικό κι εγώ.');
INSERT INTO equipment_media (media_id, equipment_id) VALUES ('352', 'equipment_id');
INSERT INTO media (media_id, path, description) VALUES ('353', '/media/images/image_accusamus.png', 'Αναφορά δοκιμάσεις ότι φακέλους μιας. Ήδη κανείς τι βρίσκονται.
Ποια τι εκθέσεις. Σπίτι για πάρα χρησιμοποίησέ.
Σου ήδη αναγκάζονται εργασίας.');
INSERT INTO equipment_media (media_id, equipment_id) VALUES ('353', 'equipment_id');
INSERT INTO media (media_id, path, description) VALUES ('354', '/media/images/image_culpa.jpg', 'Διαδίκτυο πιο πρώτοι βιαστικά είχαμε δωροδοκηθούν μα χρησιμοποίησέ. Νέων κειμένων συνηθίζουν χρησιμοποιούνταν όταν που έχω. Σταματάς τεκμηριώνει ανακλύψεις μετράει προσπαθούν.');
INSERT INTO equipment_media (media_id, equipment_id) VALUES ('354', 'equipment_id');
INSERT INTO media (media_id, path, description) VALUES ('355', '/media/images/image_reiciendis.jpeg', 'Πάρεις συνάδελφος συνέχεια γραφικά διολισθήσεις μέσης ποια. Τρόποι σπίτι μη πηγαίου απομόνωση στραβά μάλλον. Τους δυστυχής συγγραφείς τύπους νόμιζες βιβλίο.');
INSERT INTO equipment_media (media_id, equipment_id) VALUES ('355', 'equipment_id');
INSERT INTO media (media_id, path, description) VALUES ('356', '/media/images/image_ut.jpeg', 'Γεύματος σημεία δίνοντας τύπους κώδικα μετράει. Μπουν και θυμάμαι εδώ διορθώσει τους.
Ήδη πάντως άλγεβρα τέλειοι. Εδώ μας έχω.');
INSERT INTO equipment_media (media_id, equipment_id) VALUES ('356', 'equipment_id');
INSERT INTO media (media_id, path, description) VALUES ('357', '/media/images/image_distinctio.png', 'Συγχρόνως άπειρα τον. Διαχειριστής εξοργιστικά ακούσει ανά εκδόσεις.');
INSERT INTO equipment_media (media_id, equipment_id) VALUES ('357', 'equipment_id');
INSERT INTO media (media_id, path, description) VALUES ('358', '/media/images/image_quas.png', 'Ότι πες με πάντως όταν. Των χαρακτηριστικό σαν βάζοντας. Εκδόσεις στις έξι μέρος.
Που εκείνου μερικούς δε. Λαμβάνουν θέμα καλύτερο προσπαθήσεις άρθρων σαν εκτελείται.');
INSERT INTO equipment_media (media_id, equipment_id) VALUES ('358', 'equipment_id');
INSERT INTO media (media_id, path, description) VALUES ('359', '/media/images/image_sunt.png', 'Έστελνε νέων πηγαίου ας ας σημαντικό. Ημέρα κι μιας παραγωγικής.
Ποια χρονοδιαγράμματα κώδικάς πρώτης.
Τι πάντως θα. Δημιουργια άλγεβρα χαμηλός επί. Καλύτερο πάρα παραπάνω ύψος νέων.');
INSERT INTO equipment_media (media_id, equipment_id) VALUES ('359', 'equipment_id');
INSERT INTO media (media_id, path, description) VALUES ('360', '/media/images/image_at.jpeg', 'Όχι στέλνοντάς πως καταλάθος μετρήσεις ως. Σημαντικό ήδη πρώτο πολύ μέχρι ιδιαίτερα ξέχασε ως. Παίξουν όταν πάντα στο που.');
INSERT INTO equipment_media (media_id, equipment_id) VALUES ('360', 'equipment_id');
INSERT INTO media (media_id, path, description) VALUES ('361', '/media/images/image_ipsa.jpg', 'Συγχωνευτεί εκτελέσει είχαμε πρώτο να τύπου κάτι. Σημαντικό πεδία κάνε.');
INSERT INTO equipment_media (media_id, equipment_id) VALUES ('361', 'equipment_id');
INSERT INTO media (media_id, path, description) VALUES ('362', '/media/images/image_corporis.jpeg', 'Να ερώτηση αγοράζοντας συγγραφείς. Ένας έτσι ανώδυνη εκτελείται του εξοργιστικά συνάδελφος.');
INSERT INTO equipment_media (media_id, equipment_id) VALUES ('362', 'equipment_id');
INSERT INTO media (media_id, path, description) VALUES ('363', '/media/images/image_ipsam.jpeg', 'Εφαμοργής ανεπιθύμητη το κόψεις μην εταιρείες. Νέα και συνάδελφος.
Δε έχω πρόσληψη δοκιμάσεις προβληματική άρα. Νόμιζες γραμμές σωστά μερικούς εφαρμογής περιμένουν.');
INSERT INTO equipment_media (media_id, equipment_id) VALUES ('363', 'equipment_id');
INSERT INTO media (media_id, path, description) VALUES ('364', '/media/images/image_sequi.png', 'Κώδικα επί φράση ωραίο. Κλπ πάντως στραβά δυστυχής. Μέχρι δούλευε μέρος μια ποια σαν.
Προσλάμβανες εταιρείες σας κανόνα δουλεύει παίρνουν. Κι δεδομένων χειρότερα. Γραμμή κρατήσουν προκύπτουν.');
INSERT INTO equipment_media (media_id, equipment_id) VALUES ('364', 'equipment_id');
INSERT INTO media (media_id, path, description) VALUES ('365', '/media/images/image_reiciendis.jpeg', 'Θέματα φακέλους συγχρόνως πάντα. Της περίπου προσπαθούν χαρακτηριστικών τύπου κάνε εικόνες.');
INSERT INTO equipment_media (media_id, equipment_id) VALUES ('365', 'equipment_id');
INSERT INTO media (media_id, path, description) VALUES ('366', '/media/images/image_labore.jpg', 'Εργάστηκε χρησιμοποιώντας μου να. Χαρακτηριστικών ποια ύψος εξαρτάται ελέγχου.
Συγκεντρωμένοι σωστά θα βουτήξουν θέματα μέσης. Αφήσεις ταξινομεί διαδίκτυο ελέγχου ημέρα παραγωγικής τρόποι.');
INSERT INTO equipment_media (media_id, equipment_id) VALUES ('366', 'equipment_id');
INSERT INTO media (media_id, path, description) VALUES ('367', '/media/images/image_quae.jpeg', 'Χώρου χρησιμοποίησέ εντολές πεδία συγχωνευτεί. Μέχρι αποστηθίσει στραβά κανείς δε κανείς άρα ωραίο. Όταν δούλευε εδώ γραμμής τρόπο τον εξαρτάται επί.');
INSERT INTO equipment_media (media_id, equipment_id) VALUES ('367', 'equipment_id');
INSERT INTO media (media_id, path, description) VALUES ('368', '/media/images/image_ut.png', 'Εργαζόμενοι επιχείριση σταματάς ο χρόνου τέλειοι ναι. Εκτελέσεις ίδιο γράψει βιαστικά ροή. Πλέον εφαρμογής παραπάνω μάλλον πρώτοι χώρου ορίστε.
Έξι έτοιμος ας όχι που έχω έστειλε. Έρθει στο τι σαν.');
INSERT INTO equipment_media (media_id, equipment_id) VALUES ('368', 'equipment_id');
INSERT INTO media (media_id, path, description) VALUES ('369', '/media/images/image_ratione.jpeg', 'Κι διασφαλίζεται σημαντικό. Αποστηθίσει ποσοστό δεν δε γνωστή πάρεις άρα. Βρίσκονται εκείνου πλέον κάτι χώρου.
Ήδη διορθώσει εκείνου σίγουρος πρώτο επενδυτής. Ελέγχου αν ταξινομεί.');
INSERT INTO equipment_media (media_id, equipment_id) VALUES ('369', 'equipment_id');
INSERT INTO media (media_id, path, description) VALUES ('370', '/media/images/image_ipsum.jpeg', 'Χρησιμοποίησέ μα έτσι σε περιμένουν. Τεκμηριώνει του ότι συγγραφείς.
Οι των τον τοπικές επιστρέφουν μέσης. Βγήκε αναφορά το εκτός.');
INSERT INTO equipment_media (media_id, equipment_id) VALUES ('370', 'equipment_id');
INSERT INTO media (media_id, path, description) VALUES ('371', '/media/images/image_nulla.jpeg', 'Κάνε εκείνου δείξει δείξει όταν χαρακτηριστικό διάσημα. Προκαλείς επί γνωρίζουμε εφαρμογή σας.
Περιβάλλοντος ρωτήσει έτσι σωστά όσο εργαλείων νόμιζες περιβάλλοντος.');
INSERT INTO equipment_media (media_id, equipment_id) VALUES ('371', 'equipment_id');
INSERT INTO media (media_id, path, description) VALUES ('372', '/media/images/image_voluptas.jpeg', 'Ρωτάει τα διολισθήσεις τρέξει. Να προκύπτουν εκτός.
Όχι περισσότερη καταλάθος δημιουργείς μα εφαμοργής από. Υποψήφιο δεν εντολές ρωτάει ανταγωνιστής.');
INSERT INTO equipment_media (media_id, equipment_id) VALUES ('372', 'equipment_id');
INSERT INTO media (media_id, path, description) VALUES ('373', '/media/images/image_vel.png', 'Σπίτι υόρκη αναφέρονται χρειάζονται έξι κώδικάς ναι φίλος. Μπουν ας βασανίζουν έχω.');
INSERT INTO equipment_media (media_id, equipment_id) VALUES ('373', 'equipment_id');
INSERT INTO media (media_id, path, description) VALUES ('374', '/media/images/image_nihil.jpeg', 'Δημιουργήσεις πάντως μέχρι μην προκαλείς. Διολισθήσεις όχι εκτός. Αφήσεις δημιουργια μέχρι ορίστε το.
Άλγεβρα συγκεντρωμένοι έχω επιδιορθώσεις. Τις ανταγωνιστής χρησιμοποιούσες σημαντικός γραμμές.');
INSERT INTO equipment_media (media_id, equipment_id) VALUES ('374', 'equipment_id');
INSERT INTO media (media_id, path, description) VALUES ('375', '/media/images/image_laboriosam.png', 'Θέλεις σας απαρατήρητο λες δυστυχώς δεν κώδικα χαρακτηριστικό. Κανείς τη δύο πετούν σίγουρος δωροδοκηθούν κώδικα. Ως κάνεις επεξεργασία μας.');
INSERT INTO equipment_media (media_id, equipment_id) VALUES ('375', 'equipment_id');
INSERT INTO media (media_id, path, description) VALUES ('376', '/media/images/image_eum.jpeg', 'Των γραμμής εργαζόμενοι. Δύο εγώ μη λέει.
Δείξει συνηθίζουν απαρατήρητο πρώτο δυστυχής δίνοντας γεγονός τρέξει. Στέλνοντάς στραβά θυμάμαι. Έτσι μια τρόπο τον υπηρεσία τοπικές.');
INSERT INTO equipment_media (media_id, equipment_id) VALUES ('376', 'equipment_id');
INSERT INTO media (media_id, path, description) VALUES ('377', '/media/images/image_doloribus.jpeg', 'Αναφέρονται τεσσαρών τελειώσει λιγότερο. Ώρα δεν αγοράζοντας ορίστε περισσότερες μας εταιρείες αρχεία.');
INSERT INTO equipment_media (media_id, equipment_id) VALUES ('377', 'equipment_id');
INSERT INTO media (media_id, path, description) VALUES ('378', '/media/images/image_inventore.jpeg', 'Νέα γραμμή νέων δημιουργια πάντως. Μπουν κάτι άρα τη.
Ένας αναγκάζονται σκεφτείς αφήσεις δεν προγραμματιστές. Τρόποι σωστά αποθηκευτικού καταλάθος σχεδιαστής στις.');
INSERT INTO equipment_media (media_id, equipment_id) VALUES ('378', 'equipment_id');
INSERT INTO media (media_id, path, description) VALUES ('379', '/media/images/image_quos.png', 'Εξοργιστικά παραγωγικής τα το σπίτι. Αποδείξεις δημιουργήσεις κειμένων δυστυχώς. Γεύματος ρουτίνα μερικούς ανά χαρακτηριστικό βαθμό αυτός.');
INSERT INTO equipment_media (media_id, equipment_id) VALUES ('379', 'equipment_id');
INSERT INTO media (media_id, path, description) VALUES ('380', '/media/images/image_aperiam.jpg', 'Συνάδελφος ανεπιθύμητη ένας νιρβάνα μπουν προγραμματιστής. Κάνεις προσλάμβανες αθόρυβες ημέρα βιβλίο επιχείριση βιαστικά ως.');
INSERT INTO equipment_media (media_id, equipment_id) VALUES ('380', 'equipment_id');
INSERT INTO media (media_id, path, description) VALUES ('381', '/media/images/image_tenetur.jpeg', 'Αγοράζοντας δεδομένων υπηρεσία ποια παράδειγμα ακούσει με συγχρόνως. Παραγωγικής προσεκτικά μπορούσες ανά δημιουργείς τι δε.');
INSERT INTO equipment_media (media_id, equipment_id) VALUES ('381', 'equipment_id');
INSERT INTO media (media_id, path, description) VALUES ('382', '/media/images/image_harum.jpeg', 'Πως φράση τεκμηριώνει εδώ εδώ.
Μεταγλωτίσει ένα αρπάζεις έτσι και μεταγλωτιστής. Μετρήσεις μάθε γραφικά δείξει αυτήν απλό νόμιζες.
Είχαμε στις από εδώ.');
INSERT INTO equipment_media (media_id, equipment_id) VALUES ('382', 'equipment_id');
INSERT INTO media (media_id, path, description) VALUES ('383', '/media/images/image_fuga.jpeg', 'Ωραίο από προσπαθήσεις κοιτάζοντας καταλάθος χρησιμοποίησέ δεν. Επενδυτής τεσσαρών από μιας αθόρυβες σημεία. Μέχρι πήρε που πολύ πετάξαμε εκθέσεις έτσι.
Μέσης ως λοιπόν.');
INSERT INTO equipment_media (media_id, equipment_id) VALUES ('383', 'equipment_id');
INSERT INTO media (media_id, path, description) VALUES ('384', '/media/images/image_ab.jpg', 'Γραφικά με περιεχόμενα πρόσληψη στραβά στις ήδη. Χαρτιού και δοκιμάσεις του ανά αποκλειστικούς. Νόμιζες από χάος πιο δούλευε κόψεις.');
INSERT INTO equipment_media (media_id, equipment_id) VALUES ('384', 'equipment_id');
INSERT INTO media (media_id, path, description) VALUES ('385', '/media/images/image_corporis.jpeg', 'Κόψεις τις τύπους έτοιμος στήλες έξι μεταγλωτίσει. Ανά όσο κι γεγονός εκτός εργασίας νόμιζες. Σου απόλαυσε μερικούς διορθώσει γραφικά πάντα πιο.');
INSERT INTO equipment_media (media_id, equipment_id) VALUES ('385', 'equipment_id');
INSERT INTO media (media_id, path, description) VALUES ('386', '/media/images/image_delectus.jpg', 'Έχω δε δεδομένων χρόνου εφαρμογής σας κι επιστρέφουν. Μα απαράδεκτη εκδόσεις. Δε άλγεβρα χρονοδιαγράμματος εταιρείες συνεντεύξεις ήδη εσωτερικών.');
INSERT INTO equipment_media (media_id, equipment_id) VALUES ('386', 'equipment_id');
INSERT INTO media (media_id, path, description) VALUES ('387', '/media/images/image_libero.jpg', 'Τι μερικούς ευκολότερο νόμιζες τον νόμιζες. Και ναι άπειρα καταλάθος. Να πάντα χρησιμοποιούνταν ήδη δε.
Διαφήμιση πλέον θέμα γραμμή εκδόσεις. Έτσι σου πήρε. Μεταγλωτιστής μάτσο ναι επιστρέφουν.');
INSERT INTO equipment_media (media_id, equipment_id) VALUES ('387', 'equipment_id');
INSERT INTO media (media_id, path, description) VALUES ('388', '/media/images/image_non.png', 'Όχι κανένας τέλειοι εξακολουθεί. Επιστρέφουν για ωραίο ήδη εκτελέσεις συνέχεια.');
INSERT INTO equipment_media (media_id, equipment_id) VALUES ('388', 'equipment_id');
INSERT INTO media (media_id, path, description) VALUES ('389', '/media/images/image_hic.jpg', 'Μιας άρθρων πιο τους έχω ποια ξέχασε. Εργαζόμενοι άρθρων συγγραφής τύπου μας ειδικά.
Εργαζόμενων μη εφαρμογής διορθώσει. Δίνοντας διορθώσει απλό τη.');
INSERT INTO equipment_media (media_id, equipment_id) VALUES ('389', 'equipment_id');
INSERT INTO media (media_id, path, description) VALUES ('390', '/media/images/image_impedit.jpeg', 'Σε την έτσι πολύ άρα στα των. Παίρνει διαχειριστής κύκλο έχω απομόνωση άρα. Πάντως μην ίδιο.');
INSERT INTO equipment_media (media_id, equipment_id) VALUES ('390', 'equipment_id');
INSERT INTO media (media_id, path, description) VALUES ('391', '/media/images/image_velit.jpg', 'Δε και από προσθέσει έχω ελέγχου βουτήξουν. Χρονοδιαγράμματα πες εξαρτάται όχι από αρπάζεις. Εκτελέσει τοπικές αρχεία αν μέχρι.');
INSERT INTO equipment_media (media_id, equipment_id) VALUES ('391', 'equipment_id');
INSERT INTO media (media_id, path, description) VALUES ('392', '/media/images/image_cumque.jpg', 'Φακέλους διακόψουμε προγραμματιστές περιεχόμενα για. Διακοπής δημιουργήσεις περίπου με για πηγαίου σπίτι αποδείξεις. Ανεπιθύμητη αγοράζοντας πήρε τεσσαρών χαμηλός απαρατήρητο.');
INSERT INTO equipment_media (media_id, equipment_id) VALUES ('392', 'equipment_id');
INSERT INTO media (media_id, path, description) VALUES ('393', '/media/images/image_culpa.jpg', 'Μα πακέτων νέο για. Μεταγλωτιστής για δε παραγωγικής. Στις παράγοντες τον πάντως γνωστή.
Διακοπής δούλευε λες επιστρέφουν εδώ. Εκτός τι παραδώσεις. Πρώτο διολισθήσεις ήδη παράγοντες μιας σκεφτείς.');
INSERT INTO equipment_media (media_id, equipment_id) VALUES ('393', 'equipment_id');
INSERT INTO media (media_id, path, description) VALUES ('394', '/media/images/image_aliquid.jpg', 'Σου πως δεν περίπου ποια. Του υπηρεσία οι προσπαθήσεις έστελνε προγραμματιστές στο πάντα. Περιεχόμενα γιαυτό που πρώτο λαμβάνουν.');
INSERT INTO equipment_media (media_id, equipment_id) VALUES ('394', 'equipment_id');
INSERT INTO media (media_id, path, description) VALUES ('395', '/media/images/image_earum.jpg', 'Πεδία ένα πάντα και συνάδελφος ο εκείνου ύψος. Βιβλίο ανά τι χρησιμοποιώντας εκτελέσει νέο. Δύο ας καταλάθος φακέλους.
Πετάξαμε έχω ανεπιθύμητη πιο. Τα σας νέο αγοράζοντας.');
INSERT INTO equipment_media (media_id, equipment_id) VALUES ('395', 'equipment_id');
INSERT INTO media (media_id, path, description) VALUES ('396', '/media/images/image_rerum.jpeg', 'Ποια εγώ κανόνα εξαρτάται κόλπα πιο. Τρόποι τις κρατάει προσπαθήσεις χάος ιδιαίτερα.
Αντιλήφθηκαν έχω δε δεν μέσης. Άρα για βασανίζουν άρθρων ένας.');
INSERT INTO equipment_media (media_id, equipment_id) VALUES ('396', 'equipment_id');
INSERT INTO media (media_id, path, description) VALUES ('397', '/media/images/image_officia.png', 'Αρέσει αποκλειστικούς ότι πιο. Αφήσεις βρίσκονται χρησιμοποιούσες συγγραφείς αθόρυβες. Τους συνέχεια βαθμό ωραίο δεν. Όσο μας άρα όσο μετρήσεις.');
INSERT INTO equipment_media (media_id, equipment_id) VALUES ('397', 'equipment_id');
INSERT INTO media (media_id, path, description) VALUES ('398', '/media/images/image_dolores.jpg', 'Κόψεις ο χαρακτηριστικών φαινόμενο αγοράζοντας μη μας. Πλέον δίνοντας γειτονιάς λετπά άρα από την στέλνοντάς.
Δύο διορθώσεις όχι άρα. Παράδειγμα τις έρθει κόλπα δούλευε. Διοικητικό νόμιζες πες πολύ.');
INSERT INTO equipment_media (media_id, equipment_id) VALUES ('398', 'equipment_id');
INSERT INTO media (media_id, path, description) VALUES ('399', '/media/images/image_praesentium.jpg', 'Να δεν μέρος σαν τέλειοι. Ας πάντα πάρα εγώ.
Επενδυτής προσεκτικά μαγικά προβληματική για που κρατήσουν. Τέλειοι εργασίας μάλλον θα πηγαίου ξέχασε.');
INSERT INTO equipment_media (media_id, equipment_id) VALUES ('399', 'equipment_id');
INSERT INTO media (media_id, path, description) VALUES ('400', '/media/images/image_laborum.jpg', 'Ίδιο πως έχω ως περίπου των. Ημέρα γνωστή προβληματική επεξεργασία εργαζόμενοι περιβάλλοντος μάλλον εκτελείται.');
INSERT INTO equipment_media (media_id, equipment_id) VALUES ('400', 'equipment_id');
INSERT INTO media (media_id, path, description) VALUES ('401', '/media/images/image_sint.jpg', 'Κύκλο δυστυχώς τα.
Παίρνουν μου αποστηθίσει κώδικα ευκολότερο. Πιο συνηθίζουν ελέγχου μετράει.');
INSERT INTO equipment_media (media_id, equipment_id) VALUES ('401', 'equipment_id');
INSERT INTO media (media_id, path, description) VALUES ('402', '/media/images/image_quaerat.jpeg', 'Ωραίο έχω αν ποια εφαμοργής ευκολότερο συγχωνευτεί. Που καταλάθος κι τα ποια κανείς. Δημιουργείς εφαρμογή κώδικα συγχρόνως λαμβάνουν ξέχασε.');
INSERT INTO equipment_media (media_id, equipment_id) VALUES ('402', 'equipment_id');
INSERT INTO media (media_id, path, description) VALUES ('403', '/media/images/image_suscipit.png', 'Μετρήσεις τα δούλευε κόλπα εξαρτάται επί. Εξαρτάται μα ένα διορθώσει διασφαλίζεται διακόψουμε ποια χρησιμοποίησέ.');
INSERT INTO equipment_media (media_id, equipment_id) VALUES ('403', 'equipment_id');
INSERT INTO media (media_id, path, description) VALUES ('404', '/media/images/image_laboriosam.png', 'Επενδυτής μαγικά αποδείξεις ελέγχου. Τα ανά κανόνα χαμηλός.
Διακοπής πρόσληψη θα ξέχασε εργαζόμενων σημαντικό.');
INSERT INTO equipment_media (media_id, equipment_id) VALUES ('404', 'equipment_id');
INSERT INTO media (media_id, path, description) VALUES ('405', '/media/images/image_quo.png', 'Και τρόποι συγγραφής ένα μαγικά δεν ρωτάει. Εταιρείες κανόνα εκτελέσει εκτός προκαλείς.');
INSERT INTO equipment_media (media_id, equipment_id) VALUES ('405', 'equipment_id');
INSERT INTO media (media_id, path, description) VALUES ('406', '/media/images/image_magnam.png', 'Όσο ρωτήσει ναι. Πάντως σπίτι εταιρείες αναφέρονται εικόνες στέλνοντάς έχω μεταγλωτίσει. Ίδιο περιεχόμενα χειρότερα ίδιο δε.
Ναι νιρβάνα απίστευτα δύο γράψει. Υπηρεσία γνωρίζουμε κανένας κρατάει.');
INSERT INTO equipment_media (media_id, equipment_id) VALUES ('406', 'equipment_id');
INSERT INTO media (media_id, path, description) VALUES ('407', '/media/images/image_repellendus.jpeg', 'Άρα σας βρίσκονται μη γράψει ερώτηση σου θέλεις. Χαμηλός μη λέει πήρε συνέχεια πιο.');
INSERT INTO equipment_media (media_id, equipment_id) VALUES ('407', 'equipment_id');
INSERT INTO media (media_id, path, description) VALUES ('408', '/media/images/image_est.png', 'Ερώτηση τη χρονοδιαγράμματος μετράει ζητήσεις πως χρειάζονται. Διαφήμιση πάντως κι ποσοστό.');
INSERT INTO equipment_media (media_id, equipment_id) VALUES ('408', 'equipment_id');
INSERT INTO media (media_id, path, description) VALUES ('409', '/media/images/image_ipsam.jpg', 'Εργαλείων πες σας ένας. Των έτοιμος με.
Οι σημαντικό συγγραφείς νέο. Περισσότερες προσπαθήσεις μετράει βουτήξουν απαρατήρητο. Και δύο θα εγώ μην έτοιμος γειτονιάς.');
INSERT INTO equipment_media (media_id, equipment_id) VALUES ('409', 'equipment_id');
INSERT INTO media (media_id, path, description) VALUES ('410', '/media/images/image_natus.jpeg', 'Σίγουρος συνάδελφος θα εφαρμογή. Οι μια βγήκε εδώ άρθρων παραδώσεις έχω.
Χρησιμοποίησέ κώδικα εργασίας πάντα εξαρτάται νέων μάλλον τοπικές. Απαρατήρητο εδώ εδώ δεν άπειρα.');
INSERT INTO equipment_media (media_id, equipment_id) VALUES ('410', 'equipment_id');
INSERT INTO media (media_id, path, description) VALUES ('411', '/media/images/image_consequuntur.jpg', 'Εργοστασίου ορίστε προκύπτουν σκεφτείς διακοπή που χαρτιού. Απαρατήρητο πάντως οι από αναγκάζονται ορίστε.
Ποια τρόπο τα γνωστή προσεκτικά. Ότι το στις δυστυχής εδώ δουλεύει.');
INSERT INTO equipment_media (media_id, equipment_id) VALUES ('411', 'equipment_id');
INSERT INTO media (media_id, path, description) VALUES ('412', '/media/images/image_recusandae.jpg', 'Άρα έτσι κάτι ήδη επενδυτής κανείς. Επί πάντα περισσότερη ποια σαν πες πάντα ήδη. Ανταγωνιστής προσθέσει αυτός τι τον.');
INSERT INTO equipment_media (media_id, equipment_id) VALUES ('412', 'equipment_id');
INSERT INTO media (media_id, path, description) VALUES ('413', '/media/images/image_similique.png', 'Αποδείξεις τέλειοι από λίγο συνηθίζουν. Πάντα πετάνε τεκμηριώνει έγραψες πρώτο χρησιμοποιώντας εσωτερικών. Ένας ώρα θέματα εγώ ποια τρέξει και.');
INSERT INTO equipment_media (media_id, equipment_id) VALUES ('413', 'equipment_id');
INSERT INTO media (media_id, path, description) VALUES ('414', '/media/images/image_tempore.jpeg', 'Υόρκη τοπικές κειμένων μαγικά παίρνει βγήκε. Τελειώσει μην για ο. Από εργοστασίου περιεχόμενα σε επί στις κώδικάς ιδιαίτερα.
Σαν στη τη μεταγλωτιστής επενδυτής κώδικα μιας. Εσωτερικών μετράει στις.');
INSERT INTO equipment_media (media_id, equipment_id) VALUES ('414', 'equipment_id');
INSERT INTO media (media_id, path, description) VALUES ('415', '/media/images/image_tempora.jpg', 'Χαρτιού ίδιο βουτήξουν ανά επιστρέφουν πιο. Νέου προσπαθήσεις αφήσεις πες ως δημιουργείς από όχι.');
INSERT INTO equipment_media (media_id, equipment_id) VALUES ('415', 'equipment_id');
INSERT INTO media (media_id, path, description) VALUES ('416', '/media/images/image_distinctio.png', 'Σου πήρε εργαλείων εδώ ανά πρόσληψη τεσσαρών έγραψες.
Νέου όσο ότι κώδικάς. Συνέχεια κάτι δύο. Σαν πετάνε δούλευε μεταφραστής παραπάνω.
Κάτι την βασανίζουν εταιρείες. Έστελνε μάθε ως σωστά νέου.');
INSERT INTO equipment_media (media_id, equipment_id) VALUES ('416', 'equipment_id');
INSERT INTO media (media_id, path, description) VALUES ('417', '/media/images/image_exercitationem.jpeg', 'Δεν σαν στη σημεία. Εκτός τις με χαρακτηριστικών χρησιμοποιούσες.
Βιαστικά πάντα διασφαλίζεται αγοράζοντας σε. Πιο νέων έστελνε πρόσληψη εξοργιστικά απλό.');
INSERT INTO equipment_media (media_id, equipment_id) VALUES ('417', 'equipment_id');
INSERT INTO media (media_id, path, description) VALUES ('418', '/media/images/image_blanditiis.png', 'Δεν όσο εκτός συγχωνευτεί. Έγραψες επιδιορθώσεις διοικητικό δυστυχώς θέλεις όσο.
Κρατήσουν συγχρόνως ανεπιθύμητη δυστυχώς ένα. Φίλος έλεγχος ποια. Άρα όταν ένα στα ναι πιο δεν εργαζόμενων.');
INSERT INTO equipment_media (media_id, equipment_id) VALUES ('418', 'equipment_id');
INSERT INTO media (media_id, path, description) VALUES ('419', '/media/images/image_tempore.png', 'Της παίξουν πόρτες συγγραφείς έξι εσωτερικών μου. Χρόνου τι πηγαίου γνωρίζουμε εσωτερικών μπορούσες. Άρθρων των με πολύ για προκύπτουν προκύπτουν.');
INSERT INTO equipment_media (media_id, equipment_id) VALUES ('419', 'equipment_id');
INSERT INTO media (media_id, path, description) VALUES ('420', '/media/images/image_nesciunt.jpg', 'Συγγραφείς εργοστασίου παραδοτέου πόρτες. Έλεγχος νόμιζες έρθει πάντα κόψεις ότι. Πες πετάνε έστειλε γραμμής εφαρμογή στο.');
INSERT INTO equipment_media (media_id, equipment_id) VALUES ('420', 'equipment_id');
INSERT INTO media (media_id, path, description) VALUES ('421', '/media/images/image_fuga.jpeg', 'Άρθρων μάθε ρωτάει δε εξαρτάται. Μέχρι ας βρίσκονται χάος επιδιόρθωση. Περισσότερη όχι πάντως δε θέλεις έτσι.');
INSERT INTO equipment_media (media_id, equipment_id) VALUES ('421', 'equipment_id');
INSERT INTO media (media_id, path, description) VALUES ('422', '/media/images/image_provident.jpeg', 'Θα μια συνέχεια. Εργαλείων επί αναγκάζονται ύψος εδώ. Εξακολουθεί προσθέσει κάνε απαραίτητο μέχρι λοιπόν χώρου.
Συγγραφής και υόρκη δουλεύει. Φράση χάος αθόρυβες κανείς εκτελείται εδώ.');
INSERT INTO equipment_media (media_id, equipment_id) VALUES ('422', 'equipment_id');
INSERT INTO media (media_id, path, description) VALUES ('423', '/media/images/image_cupiditate.jpeg', 'Αυτός συγκεντρωμένοι χρονοδιαγράμματα έτσι.
Στις εκτός μην μπουν περίπου φακέλους καταλάθος. Πεδία όχι βαθμό. Τις πετάξαμε προϊόντα αρέσει.');
INSERT INTO equipment_media (media_id, equipment_id) VALUES ('423', 'equipment_id');
INSERT INTO media (media_id, path, description) VALUES ('424', '/media/images/image_sequi.jpg', 'Πηγαίου πιο δε τα διορθώσεις εργαλείων απαρατήρητο. Παραδώσεις αρπάζεις νέο γέλασαν στα όχι εφαρμογής. Απαραίτητο ένα πάντως διασφαλίζεται ρουτίνα όσο εκθέσεις.');
INSERT INTO equipment_media (media_id, equipment_id) VALUES ('424', 'equipment_id');
INSERT INTO media (media_id, path, description) VALUES ('425', '/media/images/image_assumenda.jpg', 'Διορθώσει ο ανεπιθύμητη γέλασαν. Χώρου περίπου μη στέλνοντάς έλεγχος σκεφτείς.
Αποδείξεις σας τον δεν νέο. Όταν κι ίδιο αποφάσισε.
Ξέχασε απλό τα παίρνουν.
Τους τεσσαρών σπίτι θυμάμαι ήδη.');
INSERT INTO equipment_media (media_id, equipment_id) VALUES ('425', 'equipment_id');
INSERT INTO media (media_id, path, description) VALUES ('426', '/media/images/image_dolore.png', 'Σταματάς δούλευε σχεδιαστής περίπου. Ένα αποφάσισε λες προγραμματιστές θέματα πιο.
Σε εγώ γραμμές θα για τρόπο σίγουρος. Μετρήσεις υποψήφιο στη συγγραφείς με εργαζόμενων.');
INSERT INTO equipment_media (media_id, equipment_id) VALUES ('426', 'equipment_id');
INSERT INTO media (media_id, path, description) VALUES ('427', '/media/images/image_nesciunt.jpg', 'Καταλάθος ήδη εργαζόμενοι αρπάζεις δύο άρα. Ευκολότερο χρησιμοποίησέ μας δε. Στο βαθμό εκτελέσει περισσότερη μέγιστη.
Πολύ μιας μπορούσες καταλάθος αποθηκευτικού. Από αναφορά κανείς άρθρων.');
INSERT INTO equipment_media (media_id, equipment_id) VALUES ('427', 'equipment_id');
INSERT INTO media (media_id, path, description) VALUES ('428', '/media/images/image_consequatur.png', 'Χάος κανένας σπίτι σημαντικός εκτός εκτελέσεις. Υψηλότερη μας πιο βιβλίο αγοράζοντας έρθει επιχείριση.');
INSERT INTO equipment_media (media_id, equipment_id) VALUES ('428', 'equipment_id');
INSERT INTO media (media_id, path, description) VALUES ('429', '/media/images/image_nostrum.png', 'Επιχείριση κι της εργοστασίου πετούν σπίτι. Τεσσαρών φίλος συγγραφής ήδη γιαυτό.');
INSERT INTO equipment_media (media_id, equipment_id) VALUES ('429', 'equipment_id');
INSERT INTO media (media_id, path, description) VALUES ('430', '/media/images/image_pariatur.jpeg', 'Απαραίτητο βιβλίο μη προγραμματιστές σημαντικός αυτήν. Δοκιμάσεις εφαμοργής παίξουν κρατήσουν προκαλείς ότι απόλαυσε. Πιο περίπου απαράδεκτη.');
INSERT INTO equipment_media (media_id, equipment_id) VALUES ('430', 'equipment_id');
INSERT INTO media (media_id, path, description) VALUES ('431', '/media/images/image_necessitatibus.jpeg', 'Παίρνει άρθρων παραδώσεις. Στα επιστρέφουν δείξει ξέχασε κι στις. Βάζοντας διαδίκτυο το θα. Πως συγχρόνως επί θα άτομο εργάστηκε στη.');
INSERT INTO equipment_media (media_id, equipment_id) VALUES ('431', 'equipment_id');
INSERT INTO media (media_id, path, description) VALUES ('432', '/media/images/image_fugit.jpeg', 'Εικόνες κανόνα χάος πήρε δημιουργείς εκτελέσεις. Εργασίας ίδιο όσο πακέτων. Λιγότερο ναι χρησιμοποιούσες συγκεντρωμένοι συγκεντρωμένοι χαρτιού δε. Δίνοντας εκείνου αυτός των μαγικά σωστά.');
INSERT INTO equipment_media (media_id, equipment_id) VALUES ('432', 'equipment_id');
INSERT INTO media (media_id, path, description) VALUES ('433', '/media/images/image_explicabo.jpg', 'Κρατάει φακέλους επιδιόρθωση περιμένουν. Εκτός γνωστή πιο τους.
Σημαντικός διολισθήσεις χαρτιού με προσπαθήσεις. Βγήκε τα τις με όταν λέει ένα. Μη συνεχώς κάνε χώρου.
Ένας εκτός ώρα.');
INSERT INTO equipment_media (media_id, equipment_id) VALUES ('433', 'equipment_id');
INSERT INTO media (media_id, path, description) VALUES ('434', '/media/images/image_porro.jpeg', 'Κειμένων κανείς μιας. Συγγραφής πάντως συνεχώς έτσι νόμιζες φακέλους χαρτιού.');
INSERT INTO equipment_media (media_id, equipment_id) VALUES ('434', 'equipment_id');
INSERT INTO media (media_id, path, description) VALUES ('435', '/media/images/image_possimus.jpeg', 'Ίδιο τον νιρβάνα επί ρωτήσει μέχρι βιαστικά. Προσπαθήσεις σημεία γεγονός εκτελέσεις τελειώσει κάτι.');
INSERT INTO equipment_media (media_id, equipment_id) VALUES ('435', 'equipment_id');
INSERT INTO media (media_id, path, description) VALUES ('436', '/media/images/image_exercitationem.jpg', 'Βγήκε παίρνει διαχειριστής ίδιο τοπικές ανώδυνη στις. Μα ορίστε δεδομένων γιαυτό ανώδυνη.
Πάντα προσθέσει σας πεδία τύπους κανένας. Με γεύματος εικόνες ήδη κάτι δείξει. Ανά πάρα μέσης.');
INSERT INTO equipment_media (media_id, equipment_id) VALUES ('436', 'equipment_id');
INSERT INTO media (media_id, path, description) VALUES ('437', '/media/images/image_culpa.png', 'Και κάτι πιο. Ναι δημιουργια την εξοργιστικά χρονοδιαγράμματα ένας βουτήξουν.');
INSERT INTO equipment_media (media_id, equipment_id) VALUES ('437', 'equipment_id');
INSERT INTO media (media_id, path, description) VALUES ('438', '/media/images/image_ex.png', 'Εφαρμογή επεξεργασία ανώδυνη γραμμή στο. Τους έλεγχος ανταγωνιστής.
Δημιουργείς προβληματική γραφικά διακοπής της. Άπειρα στο παράγοντες ποια χάος.');
INSERT INTO equipment_media (media_id, equipment_id) VALUES ('438', 'equipment_id');
INSERT INTO media (media_id, path, description) VALUES ('439', '/media/images/image_error.jpg', 'Φακέλους πάντα ναι θέματα. Πακέτων όχι στήλες εγώ που χειρότερα θα ιδιαίτερα.
Εκθέσεις ζητήσεις κόλπα δημιουργήσεις διασφαλίζεται. Εγώ ροή ερώτηση αγοράζοντας να τις και ένας.');
INSERT INTO equipment_media (media_id, equipment_id) VALUES ('439', 'equipment_id');
INSERT INTO media (media_id, path, description) VALUES ('440', '/media/images/image_labore.png', 'Γιαυτό εργαζόμενοι επιστρέφουν περιβάλλον αποφάσισε των περιβάλλοντος προσθέσει. Πάντα να εκτός μάλλον της.');
INSERT INTO equipment_media (media_id, equipment_id) VALUES ('440', 'equipment_id');
INSERT INTO media (media_id, path, description) VALUES ('441', '/media/images/image_in.jpeg', 'Εκτός κύκλο χρειάζονται μας. Αυτήν ποια χρησιμοποιώντας ένα νόμιζες πάντως μεταγλωτίσει.
Εγώ αναφέρονται στο δυστυχώς ερωτήσεις.
Πάντως δε θέματα. Διαδίκτυο ημέρα σπίτι θέλεις τις.');
INSERT INTO equipment_media (media_id, equipment_id) VALUES ('441', 'equipment_id');
INSERT INTO media (media_id, path, description) VALUES ('442', '/media/images/image_perspiciatis.png', 'Προκαλείς δεν άρθρων πάντως χρησιμοποίησέ ρουτίνα. Ειδικά δυστυχώς εκτός μέσης εκτελείται ακούσει που. Ήδη κώδικα εικόνες χρονοδιαγράμματος.');
INSERT INTO equipment_media (media_id, equipment_id) VALUES ('442', 'equipment_id');
INSERT INTO media (media_id, path, description) VALUES ('443', '/media/images/image_voluptas.png', 'Αναγκάζονται μέχρι υόρκη ίδιο. Την ειδικά λες διάσημα έτσι συγκεντρωμένοι. Εκτελέσεις ρωτάει ακούσει επί.');
INSERT INTO equipment_media (media_id, equipment_id) VALUES ('443', 'equipment_id');
INSERT INTO media (media_id, path, description) VALUES ('444', '/media/images/image_necessitatibus.png', 'Εκτελέσει θα όχι εφαρμογής.
Ένας παίξουν πολύ πρώτοι κι ακούσει. Ειδικά χάος εργαζόμενοι πιο παραπάνω στις πάρα παράγοντες.');
INSERT INTO equipment_media (media_id, equipment_id) VALUES ('444', 'equipment_id');
INSERT INTO media (media_id, path, description) VALUES ('445', '/media/images/image_maxime.jpeg', 'Στο επιδιόρθωση σκεφτείς. Δημιουργια συνηθίζουν ευκολότερο φράση.
Βάζοντας σε τι μετράει ίδιο θα απαραίτητο σημαντικός. Με έχω καταλάθος πάντως εφαρμογή έρθει.');
INSERT INTO equipment_media (media_id, equipment_id) VALUES ('445', 'equipment_id');
INSERT INTO media (media_id, path, description) VALUES ('446', '/media/images/image_repudiandae.jpeg', 'Ως διακοπή επενδυτής ποσοστό εκδόσεις εργοστασίου. Τους χρησιμοποίησέ σχεδιαστής του πάντως εγώ.
Που απόλαυσε πάντως ώρα ανακλύψεις. Χαρακτηριστικό τα θα ας ποια.');
INSERT INTO equipment_media (media_id, equipment_id) VALUES ('446', 'equipment_id');
INSERT INTO media (media_id, path, description) VALUES ('447', '/media/images/image_cumque.png', 'Χάος διάβασε εδώ υψηλότερη άρα ένας στα. Στις ξέχασε γεύματος βιβλίο τα στραβά. Ένας σαν κάνε διευθυντές βγήκε διάσημα.');
INSERT INTO equipment_media (media_id, equipment_id) VALUES ('447', 'equipment_id');
INSERT INTO media (media_id, path, description) VALUES ('448', '/media/images/image_mollitia.jpeg', 'Συγκεντρωμένοι όχι θυμάμαι πολύ ρωτήσει αυτός εταιρείες προγραμματιστής. Μη αυτήν οι δεδομένων δυστυχώς.
Χαρακτηριστικό από που όσο.');
INSERT INTO equipment_media (media_id, equipment_id) VALUES ('448', 'equipment_id');
INSERT INTO media (media_id, path, description) VALUES ('449', '/media/images/image_ducimus.jpeg', 'Ανεπιθύμητη διαχειριστής εικόνες εκτός μάτσο. Αγοράζοντας μου τοπικές ανταγωνιστής.
Απίστευτα ο γραμμές. Μια σου στραβά διολισθήσεις κάτι αντιλήφθηκαν εργοστασίου. Όσο τον άπειρα τρέξει κανείς όσο.');
INSERT INTO equipment_media (media_id, equipment_id) VALUES ('449', 'equipment_id');
INSERT INTO media (media_id, path, description) VALUES ('450', '/media/images/image_at.jpg', 'Όχι σας ανεπιθύμητη λοιπόν. Άτομο δημιουργήσεις χρησιμοποιώντας έχω ροή ώρα. Εξαρτάται έξι ο εκθέσεις στη.
Κειμένων δούλευε παραδώσεις μαγικά γραμμή ποσοστό. Δε σημαντικό κι ήδη.');
INSERT INTO equipment_media (media_id, equipment_id) VALUES ('450', 'equipment_id');
INSERT INTO media (media_id, path, description) VALUES ('451', '/media/images/image_repudiandae.jpeg', 'Ταξινομεί έλεγχος δύο μη εκτελέσεις. Αλγόριθμου απαράδεκτη διαδίκτυο προκύπτουν. Τρόποι τις κι λες.');
INSERT INTO equipment_media (media_id, equipment_id) VALUES ('451', 'equipment_id');
INSERT INTO media (media_id, path, description) VALUES ('452', '/media/images/image_necessitatibus.png', 'Περιβάλλοντος έγραψες σίγουρος υόρκη ζητήσεις. Σαν ακούσει εργασίας αποδείξεις. Συγχωνευτεί νόμιζες παραδώσεις βρίσκονται έχω δημιουργήσεις κόλπα συνάδελφος.');
INSERT INTO equipment_media (media_id, equipment_id) VALUES ('452', 'equipment_id');
INSERT INTO media (media_id, path, description) VALUES ('453', '/media/images/image_adipisci.jpeg', 'Ανά τις εφαρμογής κόλπα παίξουν μη σαν. Για καλύτερο βιαστικά χαρτιού συνέχεια γέλασαν. Βάζοντας το λοιπόν μαγικά δυστυχής.');
INSERT INTO equipment_media (media_id, equipment_id) VALUES ('453', 'equipment_id');
INSERT INTO media (media_id, path, description) VALUES ('454', '/media/images/image_rem.png', 'Θέμα έχω δυστυχής διαδίκτυο παράδειγμα ανά. Ίδιο γειτονιάς τους αποδείξεις επεξεργασία ποια προσλάμβανες.');
INSERT INTO equipment_media (media_id, equipment_id) VALUES ('454', 'equipment_id');
INSERT INTO media (media_id, path, description) VALUES ('455', '/media/images/image_veritatis.png', 'Μετράει λοιπόν στήλες πιο τρόπο κόψεις. Πως της μπορούσες απόλαυσε έξι ανταγωνιστής τα. Πήρε εικόνες χρησιμοποιώντας.
Πάντα ανά κι εσωτερικών δείξει. Πήρε εγώ ίδιο χαρακτηριστικό οι πήρε και.');
INSERT INTO equipment_media (media_id, equipment_id) VALUES ('455', 'equipment_id');
INSERT INTO media (media_id, path, description) VALUES ('456', '/media/images/image_dolore.png', 'Γέλασαν στις χαρακτηριστικό ανώδυνη ακούσει παράδειγμα. Σχεδιαστής σου απαραίτητο εφαμοργής καταλάθος επί ως. Χρησιμοποιούνταν μη δύο πολύ.
Βαθμό επί μέσης μιας χρόνου για.');
INSERT INTO equipment_media (media_id, equipment_id) VALUES ('456', 'equipment_id');
INSERT INTO media (media_id, path, description) VALUES ('457', '/media/images/image_consequatur.jpg', 'Τον μάλλον τους του απόλαυσε κειμένων χρειάζονται. Εδώ περιβάλλον ήδη πως στέλνοντάς.
Και μα τρέξει κοιτάζοντας. Εγώ πάντα οι λοιπόν μερικούς μπουν. Εικόνες μια όχι τεκμηριώνει κανείς σημεία.');
INSERT INTO equipment_media (media_id, equipment_id) VALUES ('457', 'equipment_id');
INSERT INTO media (media_id, path, description) VALUES ('458', '/media/images/image_dignissimos.jpg', 'Πετάξαμε επιδιόρθωση χαρακτηριστικών πλέον. Λες κι αν βαθμό μη.
Μας αποθηκευτικού εσωτερικών πολύ λιγότερο. Σε πολύ ανακλύψεις πρώτοι. Στέλνοντάς πολύ σαν ορίστε παίξουν ας σίγουρος.');
INSERT INTO equipment_media (media_id, equipment_id) VALUES ('458', 'equipment_id');
INSERT INTO media (media_id, path, description) VALUES ('459', '/media/images/image_ullam.png', 'Μέχρι νόμιζες πως κόψεις στήλες εδώ χαρτιού. Μέχρι ευκολότερο χαρτιού αλγόριθμου έτσι μη.');
INSERT INTO equipment_media (media_id, equipment_id) VALUES ('459', 'equipment_id');
INSERT INTO media (media_id, path, description) VALUES ('460', '/media/images/image_magni.png', 'Πετάνε σχεδιαστής πλέον προσπαθούν.
Τις εικόνες μεταφραστής διαδίκτυο διαδίκτυο γραφικά πάρεις. Ήδη στα συνάδελφος γεύματος.');
INSERT INTO equipment_media (media_id, equipment_id) VALUES ('460', 'equipment_id');
INSERT INTO media (media_id, path, description) VALUES ('461', '/media/images/image_eum.jpeg', 'Εσωτερικών εξαρτάται της για κάτι φράση δε. Προσεκτικά βαθμό κρατήσουν λέει τέλειοι πάντα με. Ρουτίνα σε χάος μας περίπου.
Καταλάθος ανεπιθύμητη έστελνε πηγαίου. Έτοιμος πεδία εργάστηκε άρα.');
INSERT INTO equipment_media (media_id, equipment_id) VALUES ('461', 'equipment_id');
INSERT INTO media (media_id, path, description) VALUES ('462', '/media/images/image_hic.png', 'Προκύπτουν πολύ τα παραδώσεις πολύ προγραμματιστής ας. Γιαυτό ο αποφάσισε προκύπτουν ώρα παράγοντες λοιπόν.');
INSERT INTO equipment_media (media_id, equipment_id) VALUES ('462', 'equipment_id');
INSERT INTO media (media_id, path, description) VALUES ('463', '/media/images/image_reprehenderit.jpeg', 'Κάτι άρα κόψεις ροή γνωρίζουμε παραγωγικής. Λοιπόν χώρου σημαντικό. Διευθυντές πάρεις μέχρι επί φράση.');
INSERT INTO equipment_media (media_id, equipment_id) VALUES ('463', 'equipment_id');
INSERT INTO media (media_id, path, description) VALUES ('464', '/media/images/image_praesentium.png', 'Πολύ εργαζόμενων ένα χαρτιού. Τους και διαχειριστής.
Τρέξει σημεία λίγο πετάνε συνηθίζουν στήλες εδώ. Αρχεία σίγουρος πάντως ένας από.');
INSERT INTO equipment_media (media_id, equipment_id) VALUES ('464', 'equipment_id');
INSERT INTO media (media_id, path, description) VALUES ('465', '/media/images/image_ex.jpg', 'Πετάξαμε αλγόριθμου εργάστηκε πολύ. Έγραψες τεσσαρών δημιουργείς τους τα μας πάντως εσωτερικών.');
INSERT INTO equipment_media (media_id, equipment_id) VALUES ('465', 'equipment_id');
INSERT INTO media (media_id, path, description) VALUES ('466', '/media/images/image_laboriosam.jpeg', 'Τρόπο προσθέσει όσο καλύτερο. Ιδιαίτερα νέο χαρτιού οι. Παράγοντες βουτήξουν τέλειοι ελέγχου.
Μου διολισθήσεις κάνε. Των ποια έχω αθόρυβες έχω αυτήν δεν ας.');
INSERT INTO equipment_media (media_id, equipment_id) VALUES ('466', 'equipment_id');
INSERT INTO media (media_id, path, description) VALUES ('467', '/media/images/image_consequatur.png', 'Στο κώδικα διολισθήσεις ρωτάει. Ειδικά εργοστασίου σαν τον χρειάζονται.');
INSERT INTO equipment_media (media_id, equipment_id) VALUES ('467', 'equipment_id');
INSERT INTO media (media_id, path, description) VALUES ('468', '/media/images/image_quaerat.jpeg', 'Γιαυτό δεν αποδείξεις. Ρουτίνα παράγοντες άρθρων εφαρμογή.');
INSERT INTO equipment_media (media_id, equipment_id) VALUES ('468', 'equipment_id');
INSERT INTO media (media_id, path, description) VALUES ('469', '/media/images/image_nulla.jpg', 'Με γραμμή αλγόριθμου σχεδιαστής αναφορά. Επιστρέφουν του αρέσει εγώ προσθέσει άρα.');
INSERT INTO equipment_media (media_id, equipment_id) VALUES ('469', 'equipment_id');
INSERT INTO media (media_id, path, description) VALUES ('470', '/media/images/image_recusandae.jpeg', 'Αναγκάζονται παραδοτέου εσωτερικών θυμάμαι. Δε πολύ μη εγώ έχω ως.
Βιβλίο μάτσο μα ποια ειδικά προβληματική διάβασε εργασίας. Μετρήσεις συνάδελφος εκτός αν μα μα.');
INSERT INTO equipment_media (media_id, equipment_id) VALUES ('470', 'equipment_id');
INSERT INTO media (media_id, path, description) VALUES ('471', '/media/images/image_debitis.jpeg', 'Αλγόριθμου παίρνει διάσημα. Έξι ως χρονοδιαγράμματα τεκμηριώνει κόψεις πακέτων εγώ. Δε χαρακτηριστικών δεν πλέον ως.');
INSERT INTO equipment_media (media_id, equipment_id) VALUES ('471', 'equipment_id');
INSERT INTO media (media_id, path, description) VALUES ('472', '/media/images/image_totam.png', 'Εκδόσεις δωροδοκηθούν απίστευτα σχεδιαστής. Δεν σαν ως αρχεία. Έλεγχος έξι απίστευτα χρησιμοποιώντας.
Πεδία γραφικά έχω μέρος κόψεις έγραψες στις. Σημαντικός μέγιστη έξι όταν μου μπορούσες.');
INSERT INTO equipment_media (media_id, equipment_id) VALUES ('472', 'equipment_id');
INSERT INTO media (media_id, path, description) VALUES ('473', '/media/images/image_maxime.jpeg', 'Δίνοντας αναφέρονται μη έχω πως. Εγώ δοκιμάσεις οι ο διαχειριστής λες έστελνε. Πετάνε κανόνα ξέχασε.');
INSERT INTO equipment_media (media_id, equipment_id) VALUES ('473', 'equipment_id');
INSERT INTO media (media_id, path, description) VALUES ('474', '/media/images/image_quasi.jpeg', 'Ανεπιθύμητη αποστηθίσει περισσότερη αυτός δεν μας βασανίζουν απλό. Συγγραφείς της πετάνε εδώ οι. Αν δούλευε ένα φακέλους διαπιστώνεις.');
INSERT INTO equipment_media (media_id, equipment_id) VALUES ('474', 'equipment_id');
INSERT INTO media (media_id, path, description) VALUES ('475', '/media/images/image_ipsam.jpg', 'Πάντως εξακολουθεί περιβάλλον ότι. Πιο άλγεβρα προκύπτουν διακοπής. Καλύτερο εκτελέσεις των προσοχή.
Τον προσλάμβανες υπηρεσία ήδη ίδιο τέλειοι εγώ τα. Παραδοτέου επιστρέφουν στο στις.');
INSERT INTO equipment_media (media_id, equipment_id) VALUES ('475', 'equipment_id');
INSERT INTO media (media_id, path, description) VALUES ('476', '/media/images/image_magni.jpg', 'Σημεία τον στη αρχεία μεταφραστής επί πολύ. Ανεπιθύμητη σου προσεκτικά δυστυχώς πιο προσεκτικά μη ωραίο. Αγοράζοντας συνάδελφος έτοιμος αποφάσισε ότι διακοπή εργαζόμενοι προγραμματιστές.');
INSERT INTO equipment_media (media_id, equipment_id) VALUES ('476', 'equipment_id');
INSERT INTO media (media_id, path, description) VALUES ('477', '/media/images/image_ex.jpg', 'Ποσοστό απλό εκτελέσει. Άλγεβρα εκείνου πολύ.
Αρέσει εσωτερικών λοιπόν εξακολουθεί εδώ τον εξακολουθεί. Τύπους μηχανής χειρότερα.
Έστειλε σταματάς εγώ ατόμου έτσι.');
INSERT INTO equipment_media (media_id, equipment_id) VALUES ('477', 'equipment_id');
INSERT INTO media (media_id, path, description) VALUES ('478', '/media/images/image_pariatur.jpeg', 'Εργασίας ρουτίνα σκεφτείς νέα φράση φράση. Βαθμό περιβάλλον δημιουργείς επί εργαζόμενων μαγικά.
Αθόρυβες πρώτοι συγκεντρωμένοι δεδομένων ένα. Χαρακτηριστικό συγγραφής έτσι μάλλον νέο οι στήλες.');
INSERT INTO equipment_media (media_id, equipment_id) VALUES ('478', 'equipment_id');
INSERT INTO media (media_id, path, description) VALUES ('479', '/media/images/image_eos.jpeg', 'Διοικητικό προσεκτικά κάτι επιστρέφουν ευκολότερο παίρνει μετράει. Λαμβάνουν εικόνες σταματάς κοιτάζοντας άρα έστελνε επιχείριση ανά. Εξακολουθεί χαρτιού γνωρίζουμε βιαστικά κανόνα.');
INSERT INTO equipment_media (media_id, equipment_id) VALUES ('479', 'equipment_id');
INSERT INTO media (media_id, path, description) VALUES ('480', '/media/images/image_error.jpeg', 'Όχι δυστυχώς στις απόλαυσε τρόπο στις ναι σπίτι.
Ποια πρώτης νέων τρόποι θα νιρβάνα έτσι.
Άρθρων μεταγλωτιστής ως ακούσει τι σίγουρος ύψος. Ποσοστό πιο τη μερικούς.');
INSERT INTO equipment_media (media_id, equipment_id) VALUES ('480', 'equipment_id');
INSERT INTO media (media_id, path, description) VALUES ('481', '/media/images/image_ipsam.jpeg', 'Σκεφτείς αποκλειστικούς όταν. Άρα μαγικά χαρτιού εργάστηκε. Ανώδυνη σου θα σαν κόψεις μη σε.
Μέσης σταματάς δε στήλες εκείνου αυτήν στραβά εντολές.');
INSERT INTO bed_media (media_id, bed_id) VALUES ('481', 'bed_id');
INSERT INTO media (media_id, path, description) VALUES ('482', '/media/images/image_quibusdam.jpg', 'Σχεδιαστής ροή επί ναι τον απαράδεκτη. Στο προσθέσει κρατάει ένας υπηρεσία κοιτάζοντας την δημιουργείς. Μέχρι σημαντικό παίρνει εργαζόμενοι χώρου συγχρόνως πιο.');
INSERT INTO bed_media (media_id, bed_id) VALUES ('482', 'bed_id');
INSERT INTO media (media_id, path, description) VALUES ('483', '/media/images/image_optio.jpeg', 'Τεσσαρών συγγραφείς κάτι. Ποια όταν μπορούσες των μεταγλωτίσει. Ναι ο αθόρυβες βάζοντας λοιπόν. Στο νέα πεδία εκτός δοκιμάσεις επιχείριση.');
INSERT INTO bed_media (media_id, bed_id) VALUES ('483', 'bed_id');
INSERT INTO media (media_id, path, description) VALUES ('484', '/media/images/image_delectus.jpeg', 'Κοιτάζοντας και προσοχή αφήσεις καταλάθος σε.
Ερώτηση μα αν χώρου. Πακέτων όταν ατόμου προκαλείς διακοπής φακέλους σε. Εφαρμογή μέσης ευκολότερο πάντως σε.');
INSERT INTO bed_media (media_id, bed_id) VALUES ('484', 'bed_id');
INSERT INTO media (media_id, path, description) VALUES ('485', '/media/images/image_minima.jpg', 'Ποια συγκεντρωμένοι όχι. Πλέον εσωτερικών σωστά ποια εξοργιστικά συνηθίζουν. Μιας χρονοδιαγράμματα δε παραγωγικής θέματα ότι όσο.');
INSERT INTO bed_media (media_id, bed_id) VALUES ('485', 'bed_id');
INSERT INTO media (media_id, path, description) VALUES ('486', '/media/images/image_nobis.jpg', 'Μην σημαντικός περιμένουν ξέχασε. Διαφήμιση αναγκάζονται αποστηθίσει μερικούς προσπαθήσεις. Πάντως βασανίζουν πάντως εκτελέσεις πάντως. Χαρτιού σταματάς μιας μου έστειλε ώρα μετράει.');
INSERT INTO bed_media (media_id, bed_id) VALUES ('486', 'bed_id');
INSERT INTO media (media_id, path, description) VALUES ('487', '/media/images/image_asperiores.png', 'Υπηρεσία συγχρόνως έτοιμος τεσσαρών. Διευθυντές ποσοστό χρονοδιαγράμματος προσλάμβανες εργαλείων διορθώσεις νόμιζες. Ήδη τεκμηριώνει μάτσο.');
INSERT INTO bed_media (media_id, bed_id) VALUES ('487', 'bed_id');
INSERT INTO media (media_id, path, description) VALUES ('488', '/media/images/image_eaque.png', 'Γειτονιάς ωραίο πλέον ελέγχου έτσι ορίστε.
Των σταματάς ποια προσπαθούν αποστηθίσει κανένας.
Ποια το στη νέα. Ρουτίνα ειδικά δεν επεξεργασία μηχανής προϊόντα. Μου συγγραφής παραδοτέου μην πιο μας.');
INSERT INTO bed_media (media_id, bed_id) VALUES ('488', 'bed_id');
INSERT INTO media (media_id, path, description) VALUES ('489', '/media/images/image_dolores.jpg', 'Εκτελέσεις απομόνωση σωστά γραμμές. Κόλπα φράση όσο.
Αθόρυβες εφαμοργής ποια χρησιμοποιούνταν συνέχεια. Την διολισθήσεις πάντα ξέχασε έτσι. Συνεχώς ότι κι που διορθώσεις δίνοντας σχεδιαστής την.');
INSERT INTO bed_media (media_id, bed_id) VALUES ('489', 'bed_id');
INSERT INTO media (media_id, path, description) VALUES ('490', '/media/images/image_beatae.jpg', 'Αντιλήφθηκαν το έγραψες μαγικά. Όσο λοιπόν κόλπα σταματάς πηγαίου πλέον. Ωραίο υποψήφιο μετράει αναφορά γειτονιάς υψηλότερη.');
INSERT INTO bed_media (media_id, bed_id) VALUES ('490', 'bed_id');
INSERT INTO media (media_id, path, description) VALUES ('491', '/media/images/image_maxime.jpg', 'Συνέχεια επιδιόρθωση νόμιζες σε κάνεις ίδιο ποια. Μην διαπιστώνεις ποια διασφαλίζεται μερικούς δούλευε και.');
INSERT INTO bed_media (media_id, bed_id) VALUES ('491', 'bed_id');
INSERT INTO media (media_id, path, description) VALUES ('492', '/media/images/image_saepe.jpg', 'Πάντα συνάδελφος τύπου άρα γνωστή. Σχεδιαστής καλύτερο μου.
Ημέρα θέματα φράση ροή σημαντικό ότι. Πετάνε για ελέγχου.
Αποδείξεις ημέρα θυμάμαι σας θέλεις όταν.');
INSERT INTO bed_media (media_id, bed_id) VALUES ('492', 'bed_id');
INSERT INTO media (media_id, path, description) VALUES ('493', '/media/images/image_harum.png', 'Όχι εκδόσεις και ανεπιθύμητη έτσι. Το κάτι χαρακτηριστικών έχω απλό.
Αναφέρονται ότι εγώ έτοιμος θα κι. Παίρνει αντιλήφθηκαν άρα διακοπή διολισθήσεις κανόνα ότι γιαυτό. Άπειρα τα εγώ να ήδη.');
INSERT INTO bed_media (media_id, bed_id) VALUES ('493', 'bed_id');
INSERT INTO media (media_id, path, description) VALUES ('494', '/media/images/image_explicabo.jpeg', 'Σπίτι μηχανής λέει αρέσει τους. Την θα εκτελέσεις. Για από άρα λαμβάνουν συγγραφείς μέρος μου εκτός.
Σαν μια επιχείριση πετάξαμε. Τη νιρβάνα κώδικάς.');
INSERT INTO bed_media (media_id, bed_id) VALUES ('494', 'bed_id');
INSERT INTO media (media_id, path, description) VALUES ('495', '/media/images/image_animi.jpeg', 'Έτσι κάνεις έχω μεταφραστής δείξει. Σίγουρος αυτός που προσπαθήσεις πάντα. Πακέτων πολύ σε σου μπουν τύπου έξι.');
INSERT INTO bed_media (media_id, bed_id) VALUES ('495', 'bed_id');
INSERT INTO media (media_id, path, description) VALUES ('496', '/media/images/image_culpa.jpg', 'Εταιρείες εδώ δημιουργια έτσι. Γεγονός άρθρων παίξουν επενδυτής.
Άρα ποσοστό αποθηκευτικού ίδιο έχω με. Ελέγχου για συγγραφής. Κρατάει γραμμή πολύ.');
INSERT INTO bed_media (media_id, bed_id) VALUES ('496', 'bed_id');
INSERT INTO media (media_id, path, description) VALUES ('497', '/media/images/image_temporibus.jpg', 'Επιχείριση για προγραμματιστής περιβάλλοντος μάθε πετάξαμε τι. Στέλνοντάς προγραμματιστής διακοπή χρησιμοποίησέ όσο στη παραδοτέου. Στέλνοντάς ένας διορθώσεις ευκολότερο στις γραμμή όσο.');
INSERT INTO bed_media (media_id, bed_id) VALUES ('497', 'bed_id');
INSERT INTO media (media_id, path, description) VALUES ('498', '/media/images/image_veniam.png', 'Περισσότερη περιεχόμενα κλπ γράψει. Διευθυντές προβληματική παίξουν κανένας πακέτων επιστρέφουν.
Δούλευε σε κρατάει έγραψες δημιουργήσεις μιας αρχεία. Πόρτες δύο εταιρείες πιο. Πως βιβλίο μάθε.');
INSERT INTO room_media (media_id, room_id) VALUES ('498', 'room_id');
INSERT INTO media (media_id, path, description) VALUES ('499', '/media/images/image_iste.png', 'Παίξουν σας στη.
Έγραψες πολύ εκτός εταιρείες πιο μάτσο. Βιαστικά σχεδιαστής όσο. Προσεκτικά αρέσει διοικητικό όταν επί.');
INSERT INTO room_media (media_id, room_id) VALUES ('499', 'room_id');
INSERT INTO media (media_id, path, description) VALUES ('500', '/media/images/image_fugiat.jpg', 'Άρα εκτελέσεις ορίστε απλό διακοπής αφήσεις.
Οι δούλευε ειδικά προκαλείς έστειλε δυστυχής αποφάσισε. Πως διορθώσεις μεταφραστής γεύματος. Προϊόντα έστειλε διακοπής τη τρόπο αρέσει.');
INSERT INTO room_media (media_id, room_id) VALUES ('500', 'room_id');
INSERT INTO media (media_id, path, description) VALUES ('501', '/media/images/image_harum.jpg', 'Γράψει θα έστειλε βουτήξουν κανένας. Πάρεις στις από παράγοντες προκαλείς σταματάς. Τρόποι αναφέρονται επενδυτής αν νιρβάνα δίνοντας.
Δίνοντας να έξι. Διακοπής κρατάει εργαλείων.');
INSERT INTO room_media (media_id, room_id) VALUES ('501', 'room_id');
INSERT INTO media (media_id, path, description) VALUES ('502', '/media/images/image_nesciunt.png', 'Ένας γεύματος επιδιόρθωση τους εσωτερικών. Εργαζόμενοι χρονοδιαγράμματα στέλνοντάς μετρήσεις άτομο. Απόλαυσε στο ένα ποια διαδίκτυο ποια βιβλίο.');
INSERT INTO room_media (media_id, room_id) VALUES ('502', 'room_id');
INSERT INTO media (media_id, path, description) VALUES ('503', '/media/images/image_similique.jpeg', 'Απαρατήρητο γραμμής έγραψες τρόπο ύψος κανένας δε. Μηχανής γεύματος γραφικά μετρήσεις γραμμής ρωτάει πεδία ένα. Εταιρείες κώδικα μια μα έξι όσο ας.');
INSERT INTO room_media (media_id, room_id) VALUES ('503', 'room_id');
INSERT INTO media (media_id, path, description) VALUES ('504', '/media/images/image_iusto.jpg', 'Προσλάμβανες προσπαθούν ίδιο θέματα δημιουργείς χρησιμοποιούνταν ότι εκθέσεις. Σπίτι μαγικά παίξουν περισσότερη. Έτσι ένα γράψει απαραίτητο. Γραμμής μηχανής δύο διορθώσει.');
INSERT INTO room_media (media_id, room_id) VALUES ('504', 'room_id');
INSERT INTO media (media_id, path, description) VALUES ('505', '/media/images/image_non.png', 'Συνηθίζουν της τελειώσει κι διαδίκτυο ζητήσεις αναφέρονται. Περιβάλλοντος πάντως κανόνα ένας τη διευθυντές εκτελέσει ανώδυνη.
Κοιτάζοντας μέχρι θέμα ζητήσεις δε.');
INSERT INTO room_media (media_id, room_id) VALUES ('505', 'room_id');
INSERT INTO media (media_id, path, description) VALUES ('506', '/media/images/image_aliquam.jpg', 'Στα της άλγεβρα θα. Μια δημιουργείς σας έλεγχος ορίστε τους.
Τα σημαντικός φίλος μετράει μας. Άπειρα έχω παίρνουν συνηθίζουν μεταγλωτίσει πάρεις.');
INSERT INTO room_media (media_id, room_id) VALUES ('506', 'room_id');
INSERT INTO media (media_id, path, description) VALUES ('507', '/media/images/image_expedita.jpeg', 'Για πολύ ορίστε χειρότερα. Δε επιδιόρθωση δεδομένων έγραψες έχω διάσημα ίδιο. Τι διασφαλίζεται διαπιστώνεις ερώτηση συγκεντρωμένοι εσωτερικών.');
INSERT INTO room_media (media_id, room_id) VALUES ('507', 'room_id');
INSERT INTO media (media_id, path, description) VALUES ('508', '/media/images/image_nostrum.png', 'Υποψήφιο σας ήδη ήδη βιαστικά. Άπειρα τα οι περιεχόμενα πάντως ανακλύψεις ατόμου πρώτης. Εξακολουθεί δεν μου.');
INSERT INTO room_media (media_id, room_id) VALUES ('508', 'room_id');
INSERT INTO media (media_id, path, description) VALUES ('509', '/media/images/image_aliquid.png', 'Τρόποι αυτήν ρωτήσει τεσσαρών κάνε που ποια. Τρόπο τη περιβάλλον κανείς.');
INSERT INTO room_media (media_id, room_id) VALUES ('509', 'room_id');
INSERT INTO media (media_id, path, description) VALUES ('510', '/media/images/image_quae.png', 'Διολισθήσεις επί λετπά. Δημιουργήσεις τους των βρίσκονται χρησιμοποιώντας ξέχασε άρα δημιουργια.
Συνηθίζουν τα κειμένων μιας πάρα. Εντολές πάντως σημαντικό μου αποθηκευτικού προσοχή.');
INSERT INTO room_media (media_id, room_id) VALUES ('510', 'room_id');
INSERT INTO media (media_id, path, description) VALUES ('511', '/media/images/image_laboriosam.jpeg', 'Έχω κι προσπαθήσεις διαπιστώνεις στις επί έτσι. Βασανίζουν σου εγώ πάντως.');
INSERT INTO room_media (media_id, room_id) VALUES ('511', 'room_id');
INSERT INTO media (media_id, path, description) VALUES ('512', '/media/images/image_ullam.jpeg', 'Πιο μη ύψος εργάστηκε εκείνου.
Μάλλον ροή απαράδεκτη κανένας μαγικά εγώ των πάρεις. Μιας να είχαμε όσο στο στη μαγικά. Άρθρων μια συγκεντρωμένοι.');
INSERT INTO room_media (media_id, room_id) VALUES ('512', 'room_id');
INSERT INTO media (media_id, path, description) VALUES ('513', '/media/images/image_vitae.png', 'Υψηλότερη χρησιμοποιούσες ανά προκύπτουν. Μπορούσες αν εφαμοργής ρωτήσει παίρνουν.
Υποψήφιο της τελειώσει συγκεντρωμένοι διορθώσεις. Τα μα τι μια ας των πιο. Ιδιαίτερα εντολές σωστά ποια βουτήξουν.');
INSERT INTO room_media (media_id, room_id) VALUES ('513', 'room_id');
INSERT INTO media (media_id, path, description) VALUES ('514', '/media/images/image_fugiat.jpg', 'Το νέου χρόνου περισσότερες βιαστικά. Απαραίτητο δείξει φράση. Δε ταξινομεί κρατήσουν με βασανίζουν εικόνες.');
INSERT INTO room_media (media_id, room_id) VALUES ('514', 'room_id');
INSERT INTO media (media_id, path, description) VALUES ('515', '/media/images/image_accusantium.png', 'Τεσσαρών συνέχεια τρόποι μεταγλωτιστής κώδικάς λες. Δεδομένων με ειδικά εγώ.
Τρόπο εγώ έτσι έλεγχος φίλος ότι διακοπή.
Λετπά όσο δημιουργήσεις πολύ. Δε εκθέσεις στη.');
INSERT INTO room_media (media_id, room_id) VALUES ('515', 'room_id');
INSERT INTO media (media_id, path, description) VALUES ('516', '/media/images/image_iure.png', 'Με των αν πολύ των.
Πακέτων κλπ τρόποι συγγραφής εφαμοργής σαν κώδικάς πετάξαμε. Το προσπαθούν χαμηλός με εκθέσεις παραπάνω λες.
Χρονοδιαγράμματος κειμένων δούλευε προσοχή μπουν.');
INSERT INTO room_media (media_id, room_id) VALUES ('516', 'room_id');
INSERT INTO media (media_id, path, description) VALUES ('517', '/media/images/image_fugit.png', 'Ήδη πάρα λιγότερο για. Εξαρτάται τη δεν χρονοδιαγράμματος σου ποια έχω κρατήσουν.
Προκαλείς ίδιο προσλάμβανες. Εταιρείες κλπ πεδία βρίσκονται. Δημιουργείς ύψος κλπ ο διαδίκτυο ορίστε.');
INSERT INTO room_media (media_id, room_id) VALUES ('517', 'room_id');
INSERT INTO media (media_id, path, description) VALUES ('518', '/media/images/image_enim.png', 'Σου και εκτός σταματάς την κύκλο πετάνε. Ποια γραμμή πηγαίου εργασίας νέου χρησιμοποιούνταν τρέξει.');
INSERT INTO room_media (media_id, room_id) VALUES ('518', 'room_id');
INSERT INTO media (media_id, path, description) VALUES ('519', '/media/images/image_commodi.jpeg', 'Γνωστή πλέον μαγικά ένα κρατάει βιαστικά θα.
Έλεγχος του περιβάλλον μέχρι μια αρέσει ποια. Παίξουν πάντα χρησιμοποιώντας έχω.');
INSERT INTO room_media (media_id, room_id) VALUES ('519', 'room_id');
INSERT INTO media (media_id, path, description) VALUES ('520', '/media/images/image_quae.jpeg', 'Στη σωστά εικόνες το εργασίας βιαστικά χρησιμοποιώντας δείξει. Χρησιμοποιούνταν βιβλίο αποθηκευτικού γραμμής απλό σου τα.
Δε ίδιο σαν κώδικάς. Σκεφτείς μέσης ακούσει λετπά κανόνα.');
INSERT INTO room_media (media_id, room_id) VALUES ('520', 'room_id');
INSERT INTO media (media_id, path, description) VALUES ('521', '/media/images/image_consequuntur.jpg', 'Την ειδικά κανένας δημιουργείς. Μη προγραμματιστής αν δεν κι τις.
Ρωτήσει ένα διακόψουμε με. Σαν άρα κι διαδίκτυο πλέον εδώ εγώ εσωτερικών. Προκαλείς επιστρέφουν παίρνουν χρησιμοποιώντας.');
INSERT INTO room_media (media_id, room_id) VALUES ('521', 'room_id');
INSERT INTO media (media_id, path, description) VALUES ('522', '/media/images/image_provident.jpeg', 'Διαπιστώνεις νέων σαν χρησιμοποιώντας την. Είχαμε μεταφραστής κι έξι εργαζόμενων στο στις.
Γνωρίζουμε κάτι θα. Από ο κανόνα διολισθήσεις μετράει ειδικά.');
INSERT INTO room_media (media_id, room_id) VALUES ('522', 'room_id');
INSERT INTO media (media_id, path, description) VALUES ('523', '/media/images/image_ullam.jpg', 'Εκτελέσει από τα απαραίτητο προσπαθήσεις πολύ. Δεδομένων ερώτηση δύο μάθε πάρα. Απλό σκεφτείς χρονοδιαγράμματα εργάστηκε γιαυτό επί στη. Υποψήφιο αν μας μιας κι.');
INSERT INTO room_media (media_id, room_id) VALUES ('523', 'room_id');
INSERT INTO media (media_id, path, description) VALUES ('524', '/media/images/image_voluptate.jpeg', 'Τα πάντως μην άτομο τέλειοι. Δημιουργείς επί οι κι.
Απόλαυσε πάντα ρωτάει αντιλήφθηκαν διορθώσει. Ευκολότερο πάντως εργαζόμενοι. Βαθμό στέλνοντάς ρωτάει βιβλίο που μια.');
INSERT INTO room_media (media_id, room_id) VALUES ('524', 'room_id');
INSERT INTO media (media_id, path, description) VALUES ('525', '/media/images/image_doloribus.png', 'Περισσότερη αναφορά πολύ υόρκη έξι γραμμές παίρνει. Εργαζόμενων πάντως λίγο αν ήδη συγκεντρωμένοι μετράει πολύ. Και ρωτήσει γνωρίζουμε δεν ίδιο απαρατήρητο προγραμματιστής.');
INSERT INTO room_media (media_id, room_id) VALUES ('525', 'room_id');
INSERT INTO media (media_id, path, description) VALUES ('526', '/media/images/image_quis.jpeg', 'Διολισθήσεις διορθώσει μια. Αντιλήφθηκαν εσωτερικών υψηλότερη αναφορά αυτός αρπάζεις κλπ.
Ένα εκτός συνάδελφος από όταν ανακλύψεις πόρτες. Μεταφραστής κι αρπάζεις χαρακτηριστικών κι.');
INSERT INTO room_media (media_id, room_id) VALUES ('526', 'room_id');
INSERT INTO media (media_id, path, description) VALUES ('527', '/media/images/image_quos.png', 'Εκδόσεις περιβάλλοντος από. Ανώδυνη ωραίο μπορούσες λιγότερο χρησιμοποιώντας όταν αποδείξεις.
Πρώτο ποια έξι χαρτιού αν κανείς γεγονός.');
INSERT INTO room_media (media_id, room_id) VALUES ('527', 'room_id');
INSERT INTO media (media_id, path, description) VALUES ('528', '/media/images/image_accusantium.jpeg', 'Πως γραμμές μου αποφάσισε εκτελέσεις δείξει ποσοστό. Συγχωνευτεί βασανίζουν έλεγχος σαν στη γραμμής εκθέσεις.
Ας προβληματική λίγο απαρατήρητο γνωρίζουμε γραφικά. Διακοπή διαπιστώνεις να τεκμηριώνει.');
INSERT INTO room_media (media_id, room_id) VALUES ('528', 'room_id');
INSERT INTO media (media_id, path, description) VALUES ('529', '/media/images/image_assumenda.jpg', 'Άτομο σκεφτείς πάρεις υψηλότερη που κοιτάζοντας βιαστικά επί. Κάτι διορθώσει από πετάξαμε. Τη κάτι γράψει αθόρυβες για σταματάς.');
INSERT INTO room_media (media_id, room_id) VALUES ('529', 'room_id');
INSERT INTO media (media_id, path, description) VALUES ('530', '/media/images/image_optio.jpg', 'Αρχεία και νόμιζες λέει. Γραμμή γράψει χαρακτηριστικών στραβά. Αποδείξεις ήδη εκδόσεις δύο εσωτερικών των πολύ σαν.
Αυτός μηχανής συγγραφείς ναι δε την. Ρωτάει διάβασε περιεχόμενα πάρεις.');
INSERT INTO room_media (media_id, room_id) VALUES ('530', 'room_id');
INSERT INTO media (media_id, path, description) VALUES ('531', '/media/images/image_animi.png', 'Κάνε τρέξει διακοπή χαρακτηριστικών εδώ.
Πάρεις αναφορά συνεντεύξεις παραδώσεις εκτελέσεις αυτός. Μεταφραστής μαγικά διορθώσεις πολύ τέλειοι δοκιμάσεις ένας. Πολύ πάντως παράγοντες εκτελείται.');
INSERT INTO room_media (media_id, room_id) VALUES ('531', 'room_id');
INSERT INTO media (media_id, path, description) VALUES ('532', '/media/images/image_incidunt.jpeg', 'Πρόσληψη αλγόριθμου να τέλειοι περιβάλλον πετάξαμε κι. Τύπους δεδομένων παίρνουν του πόρτες. Υποψήφιο περιμένουν τελειώσει πολύ αντιλήφθηκαν προγραμματιστής.');
INSERT INTO room_media (media_id, room_id) VALUES ('532', 'room_id');
INSERT INTO media (media_id, path, description) VALUES ('533', '/media/images/image_esse.jpg', 'Νέα αποθηκευτικού ήδη ίδιο αν πρώτοι θα. Νόμιζες και εδώ εκδόσεις προκύπτουν γιαυτό.');
INSERT INTO room_media (media_id, room_id) VALUES ('533', 'room_id');
INSERT INTO media (media_id, path, description) VALUES ('534', '/media/images/image_distinctio.jpeg', 'Δύο σημαντικό γεγονός σε αυτήν βασανίζουν. Γειτονιάς και υπηρεσία εικόνες προσπαθούν σκεφτείς φακέλους σπίτι. Πως τελειώσει χρειάζονται με απόλαυσε. Έχω πολύ δεν διακοπή ήδη ήδη δεν.');
INSERT INTO room_media (media_id, room_id) VALUES ('534', 'room_id');
INSERT INTO media (media_id, path, description) VALUES ('535', '/media/images/image_explicabo.jpg', 'Και έτσι χρησιμοποιούνταν απομόνωση ιδιαίτερα δύο έγραψες. Προϊόντα τεκμηριώνει που μιας διολισθήσεις μετρήσεις.');
INSERT INTO room_media (media_id, room_id) VALUES ('535', 'room_id');
INSERT INTO media (media_id, path, description) VALUES ('536', '/media/images/image_voluptates.png', 'Υποψήφιο κοιτάζοντας ποια μου δεν χρησιμοποιούνταν σκεφτείς. Τι διακοπής κόψεις ένα οι μιας να.');
INSERT INTO room_media (media_id, room_id) VALUES ('536', 'room_id');
INSERT INTO media (media_id, path, description) VALUES ('537', '/media/images/image_laboriosam.jpeg', 'Που σίγουρος λοιπόν επιστρέφουν σου εφαμοργής. Εικόνες κλπ βιβλίο περιβάλλον επί μεταφραστής επιστρέφουν.
Σημαντικός οι λετπά κάτι μέχρι. Διοικητικό τις υπηρεσία ελέγχου πιο.');
INSERT INTO room_media (media_id, room_id) VALUES ('537', 'room_id');
INSERT INTO media (media_id, path, description) VALUES ('538', '/media/images/image_est.jpeg', 'Χαρακτηριστικό εκτός θέμα ως του. Βουτήξουν ροή θέλεις αποθηκευτικού γραφικά εργαζόμενων συγγραφείς. Μάτσο διορθώσεις τύπου επί ένα παράγοντες κάνε πεδία. Προσπαθούν δύο κώδικα περισσότερη παίρνει.');
INSERT INTO room_media (media_id, room_id) VALUES ('538', 'room_id');
INSERT INTO media (media_id, path, description) VALUES ('539', '/media/images/image_explicabo.png', 'Μιας απαραίτητο χώρου έλεγχος εξοργιστικά. Αυτήν διακοπή όχι τι. Καλύτερο ναι έτσι προσπαθούν απαρατήρητο θα ναι.');
INSERT INTO room_media (media_id, room_id) VALUES ('539', 'room_id');
INSERT INTO media (media_id, path, description) VALUES ('540', '/media/images/image_ipsam.png', 'Έχω τις μα ημέρα κλπ. Μαγικά αποστηθίσει τους και δημιουργήσεις πρώτοι. Έστελνε δεδομένων έτσι.
Απαράδεκτη κι μάτσο.
Δεδομένων τι πιο περιμένουν εργασίας έχω. Τη στις πρώτοι υποψήφιο.');
INSERT INTO room_media (media_id, room_id) VALUES ('540', 'room_id');
INSERT INTO media (media_id, path, description) VALUES ('541', '/media/images/image_dolorum.jpg', 'Ταξινομεί επί επί τελειώσει δούλευε ποια νέο. Τρόπο παραδοτέου θα ελέγχου διορθώσεις ξέχασε.
Πάρεις αντιλήφθηκαν αν συγγραφείς. Βιβλίο απομόνωση ένα πάντα κόψεις το από.');
INSERT INTO room_media (media_id, room_id) VALUES ('541', 'room_id');
INSERT INTO media (media_id, path, description) VALUES ('542', '/media/images/image_quasi.jpg', 'Ημέρα πετάξαμε της ίδιο πετούν διακόψουμε. Των και εκτός ανά σας ότι. Πόρτες κάτι ρωτήσει προβληματική.
Κώδικα εγώ ρωτήσει μαγικά. Προσλάμβανες καταλάθος μερικούς ιδιαίτερα χρησιμοποιούσες ο.');
INSERT INTO room_media (media_id, room_id) VALUES ('542', 'room_id');
INSERT INTO media (media_id, path, description) VALUES ('543', '/media/images/image_corrupti.png', 'Να ναι να μιας προκαλείς πρόσληψη τύπου χαρακτηριστικό. Εγώ αποκλειστικούς σε διαφήμιση έχω. Πετάξαμε δημιουργήσεις των έχω.
Βιβλίο άρα μια.');
INSERT INTO room_media (media_id, room_id) VALUES ('543', 'room_id');
INSERT INTO media (media_id, path, description) VALUES ('544', '/media/images/image_inventore.jpeg', 'Επιχείριση πάντως απόλαυσε συνέχεια. Εφαρμογής πάντα πηγαίου κάτι ρωτήσει αποστηθίσει κόλπα.');
INSERT INTO room_media (media_id, room_id) VALUES ('544', 'room_id');
INSERT INTO media (media_id, path, description) VALUES ('545', '/media/images/image_dolorem.jpg', 'Εντολές γιαυτό έξι σίγουρος τους δύο το. Υποψήφιο κώδικάς πετάνε σημαντικό ποσοστό εκτελέσει. Εταιρείες πολύ σου μα μέσης περίπου.');
INSERT INTO room_media (media_id, room_id) VALUES ('545', 'room_id');
INSERT INTO media (media_id, path, description) VALUES ('546', '/media/images/image_nulla.png', 'Ας για των εκτελείται συνέχεια αλγόριθμου. Κειμένων περισσότερες αν χρονοδιαγράμματα πήρε διευθυντές.
Πες διακοπής απομόνωση σου. Τα όχι κανείς λαμβάνουν ροή καλύτερο.');
INSERT INTO room_media (media_id, room_id) VALUES ('546', 'room_id');
INSERT INTO media (media_id, path, description) VALUES ('547', '/media/images/image_ducimus.jpg', 'Εφαρμογή μας ως περισσότερες σωστά. Λιγότερο να εκθέσεις ας μεταφραστής. Πάρεις αγοράζοντας εταιρείες πολύ γράψει. Ως αναγκάζονται για ως ημέρα τέλειοι όταν.');
INSERT INTO room_media (media_id, room_id) VALUES ('547', 'room_id');
INSERT INTO media (media_id, path, description) VALUES ('548', '/media/images/image_voluptas.png', 'Μάτσο τρόποι προγραμματιστής. Έτσι πάντα υπηρεσία χρονοδιαγράμματα πάντα επιδιόρθωση επί. Που δε χειρότερα πλέον επιχείριση δεν σου.');
INSERT INTO room_media (media_id, room_id) VALUES ('548', 'room_id');
INSERT INTO media (media_id, path, description) VALUES ('549', '/media/images/image_adipisci.jpeg', 'Μιας στο ξέχασε. Απλό μας άρα ρωτάει από να. Προγραμματιστής γεγονός προκαλείς.
Δε κρατήσουν ανακλύψεις ανεπιθύμητη πλέον. Πλέον ποια αφήσεις ερώτηση προγραμματιστές. Που μη τους εκτός.');
INSERT INTO room_media (media_id, room_id) VALUES ('549', 'room_id');
INSERT INTO media (media_id, path, description) VALUES ('550', '/media/images/image_nostrum.jpeg', 'Μεταγλωτίσει τα ήδη. Συνεχώς διευθυντές παίρνει στις χρησιμοποιούσες τη απίστευτα. Πήρε σίγουρος δωροδοκηθούν πες.
Ρουτίνα συγγραφής από ωραίο αποστηθίσει μη. Πρώτης εργάστηκε όχι εκτελέσεις.');
INSERT INTO room_media (media_id, room_id) VALUES ('550', 'room_id');
INSERT INTO media (media_id, path, description) VALUES ('551', '/media/images/image_laboriosam.jpg', 'Περισσότερες χρησιμοποιώντας διακόψουμε αυτήν τέλειοι μπουν. Μπορούσες ήδη τους διάβασε πες εδώ.');
INSERT INTO room_media (media_id, room_id) VALUES ('551', 'room_id');
INSERT INTO media (media_id, path, description) VALUES ('552', '/media/images/image_corrupti.jpg', 'Διαχειριστής πάρεις ότι από πάρεις δείξει ένα ευκολότερο. Συγχωνευτεί εργάστηκε εγώ τις στα ατόμου.');
INSERT INTO room_media (media_id, room_id) VALUES ('552', 'room_id');
INSERT INTO media (media_id, path, description) VALUES ('553', '/media/images/image_assumenda.png', 'Πάντα έχω χρησιμοποιώντας διάσημα. Ατόμου κρατάει κανείς απομόνωση θα. Άπειρα συγγραφής δοκιμάσεις κανείς επιδιορθώσεις αν σου.
Σπίτι χειρότερα χρόνου πακέτων. Δε δεν μάθε τα. Άλγεβρα εδώ τι και.');
INSERT INTO room_media (media_id, room_id) VALUES ('553', 'room_id');
INSERT INTO media (media_id, path, description) VALUES ('554', '/media/images/image_asperiores.jpeg', 'Στα εγώ πεδία γραμμής στις ροή μη. Προσεκτικά συνέχεια τοπικές ελέγχου εταιρείες επί δημιουργια.');
INSERT INTO room_media (media_id, room_id) VALUES ('554', 'room_id');
INSERT INTO media (media_id, path, description) VALUES ('555', '/media/images/image_numquam.png', 'Εντολές διαφήμιση παράγοντες διευθυντές. Χάος χρόνου διορθώσει σπίτι τρόπο τον ροή.
Έξι ότι δύο ότι είχαμε σίγουρος. Ήδη μερικούς τύπους.');
INSERT INTO room_media (media_id, room_id) VALUES ('555', 'room_id');
INSERT INTO media (media_id, path, description) VALUES ('556', '/media/images/image_quibusdam.jpg', 'Σου σε αποθηκευτικού πάντα μιας. Συγκεντρωμένοι πρόσληψη συνεντεύξεις δύο τρόποι μιας απαραίτητο. Προσεκτικά ότι αναγκάζονται χρησιμοποιούνταν ένα τη.');
INSERT INTO room_media (media_id, room_id) VALUES ('556', 'room_id');
INSERT INTO media (media_id, path, description) VALUES ('557', '/media/images/image_blanditiis.jpg', 'Αν αναφέρονται κάτι. Την χρησιμοποιώντας στις και εργασίας συνέχεια. Τέλειοι έγραψες έτσι δημιουργια.
Πλέον διευθυντές γραμμές δεν.');
INSERT INTO room_media (media_id, room_id) VALUES ('557', 'room_id');
INSERT INTO media (media_id, path, description) VALUES ('558', '/media/images/image_ad.jpg', 'Μιας μην πιο όταν αυτήν έξι. Αποφάσισε έστειλε όσο πακέτων δε. Μας λίγο προσπαθούν προκαλείς δημιουργια.');
INSERT INTO room_media (media_id, room_id) VALUES ('558', 'room_id');
INSERT INTO media (media_id, path, description) VALUES ('559', '/media/images/image_rem.jpeg', 'Για τρέξει πιο σκεφτείς. Ερωτήσεις απλό όχι. Γεγονός στο πάντα καταλάθος άρθρων πολύ.
Πολύ πετούν χαρτιού άπειρα ο μπορούσες διορθώσεις πάντως. Μας αν επενδυτής αν κι έλεγχος έστελνε ως.');
INSERT INTO room_media (media_id, room_id) VALUES ('559', 'room_id');
INSERT INTO media (media_id, path, description) VALUES ('560', '/media/images/image_voluptate.jpg', 'Μια πάντα ανεπιθύμητη. Χρησιμοποίησέ πετάξαμε ένα ζητήσεις πετάξαμε προγραμματιστής πολύ. Ατόμου εγώ προγραμματιστές. Του επιδιόρθωση νέο αποφάσισε προσεκτικά.');
INSERT INTO room_media (media_id, room_id) VALUES ('560', 'room_id');
INSERT INTO media (media_id, path, description) VALUES ('561', '/media/images/image_tenetur.png', 'Κι ωραίο κι κι ύψος περιμένουν.
Ύψος νέων μηχανής. Μάτσο μηχανής μου τη. Συγγραφής θα αποθηκευτικού μιας στραβά.');
INSERT INTO room_media (media_id, room_id) VALUES ('561', 'room_id');
INSERT INTO media (media_id, path, description) VALUES ('562', '/media/images/image_totam.png', 'Ίδιο σχεδιαστής ανώδυνη τοπικές θέμα μεταγλωτιστής περιβάλλοντος αρχεία. Μιας χρησιμοποιώντας λετπά του.
Πετούν κανείς θυμάμαι στις ο.');
INSERT INTO room_media (media_id, room_id) VALUES ('562', 'room_id');
INSERT INTO media (media_id, path, description) VALUES ('563', '/media/images/image_accusamus.jpeg', 'Πολύ έλεγχος αυτός ανταγωνιστής μέγιστη μου ποια γεύματος. Ας πως λιγότερο απαρατήρητο άρα.
Στο σου παραδώσεις χρησιμοποίησέ άρα μηχανής. Συγκεντρωμένοι όταν αθόρυβες βάζοντας εργαλείων.');
INSERT INTO room_media (media_id, room_id) VALUES ('563', 'room_id');
INSERT INTO media (media_id, path, description) VALUES ('564', '/media/images/image_tenetur.png', 'Ιδιαίτερα σταματάς χρονοδιαγράμματα εκτελείται. Εκτός του τοπικές έστελνε. Αυτός υψηλότερη εργαζόμενοι παραπάνω χρησιμοποίησέ ποια. Με ακούσει εφαμοργής εκτός πετούν.');
INSERT INTO room_media (media_id, room_id) VALUES ('564', 'room_id');
INSERT INTO media (media_id, path, description) VALUES ('565', '/media/images/image_sunt.png', 'Νέου ότι καλύτερο επεξεργασία τύπους δείξει κανείς ανά. Εσωτερικών προγραμματιστής λες. Χρησιμοποιούσες προκύπτουν θέματα ταξινομεί έτσι απλό ωραίο.');
INSERT INTO room_media (media_id, room_id) VALUES ('565', 'room_id');
INSERT INTO media (media_id, path, description) VALUES ('566', '/media/images/image_consequatur.jpg', 'Εκτός ρωτήσει αντιλήφθηκαν στέλνοντάς φακέλους μεταγλωτίσει. Εργαλείων μην ήδη τα στα δωροδοκηθούν. Από αποστηθίσει πολύ έρθει μεταγλωτίσει χαμηλός ρωτάει.');
INSERT INTO room_media (media_id, room_id) VALUES ('566', 'room_id');
INSERT INTO media (media_id, path, description) VALUES ('567', '/media/images/image_iure.png', 'Φίλος στις για πήρε θέματα. Προβληματική μια δύο των φακέλους απλό δε.
Σχεδιαστής της ας βασανίζουν. Έστειλε αποθηκευτικού βασανίζουν σε αναφέρονται ανακλύψεις άρα. Θέμα σκεφτείς γέλασαν δε.');
INSERT INTO room_media (media_id, room_id) VALUES ('567', 'room_id');
INSERT INTO media (media_id, path, description) VALUES ('568', '/media/images/image_perspiciatis.jpeg', 'Συγχωνευτεί ελέγχου εξακολουθεί μεταφραστής μας τις νόμιζες. Περιμένουν πρώτο τους μάλλον χάος τι πλέον.');
INSERT INTO room_media (media_id, room_id) VALUES ('568', 'room_id');
INSERT INTO media (media_id, path, description) VALUES ('569', '/media/images/image_iure.jpg', 'Ταξινομεί δημιουργείς αναφορά ρωτήσει κειμένων θα του σαν. Εφαρμογής ατόμου ελέγχου. Χαρτιού τρόποι νέων ίδιο φράση τέλειοι εκτός.');
INSERT INTO room_media (media_id, room_id) VALUES ('569', 'room_id');
INSERT INTO media (media_id, path, description) VALUES ('570', '/media/images/image_in.png', 'Πάντως χαρακτηριστικών πιο καταλάθος. Το να σημαντικός εξαρτάται.
Ας ίδιο ανώδυνη μερικούς. Έστειλε παραγωγικής αποφάσισε πλέον. Έλεγχος μέχρι στο γραφικά πολύ στις.');
INSERT INTO room_media (media_id, room_id) VALUES ('570', 'room_id');
INSERT INTO media (media_id, path, description) VALUES ('571', '/media/images/image_ullam.jpeg', 'Για χρονοδιαγράμματος μερικούς. Το δε άρα περίπου. Και εργοστασίου ακούσει αναγκάζονται νιρβάνα επιστρέφουν εκτός διασφαλίζεται.
Πως μαγικά δε ζητήσεις ένα. Πλέον φράση τεκμηριώνει κάνε.');
INSERT INTO room_media (media_id, room_id) VALUES ('571', 'room_id');
INSERT INTO media (media_id, path, description) VALUES ('572', '/media/images/image_quis.jpg', 'Απαρατήρητο κόλπα δεν μέσης μάθε σε γραμμές κάνεις. Μάθε χρησιμοποίησέ ας παραδώσεις. Πολύ συνεχώς καταλάθος και διολισθήσεις την.');
INSERT INTO room_media (media_id, room_id) VALUES ('572', 'room_id');
INSERT INTO media (media_id, path, description) VALUES ('573', '/media/images/image_illum.png', 'Προκαλείς ρουτίνα χρόνου μετρήσεις διάβασε έτοιμος στήλες του. Επεξεργασία τύπους προσπαθούν χρειάζονται απαράδεκτη. Πάντα κι εγώ στήλες δίνοντας παραγωγικής τεκμηριώνει μέγιστη.');
INSERT INTO room_media (media_id, room_id) VALUES ('573', 'room_id');
INSERT INTO media (media_id, path, description) VALUES ('574', '/media/images/image_maxime.jpg', 'Που λίγο από τους των επί. Των θέματα ατόμου. Αγοράζοντας εξαρτάται μηχανής εγώ έξι.
Προσπαθούν θέλεις παραπάνω γραμμή. Απόλαυσε πρόσληψη τύπους εκτελείται ζητήσεις. Ήδη στα παραδώσεις.');
INSERT INTO room_media (media_id, room_id) VALUES ('574', 'room_id');
INSERT INTO media (media_id, path, description) VALUES ('575', '/media/images/image_ratione.jpeg', 'Μέχρι πάρεις εσωτερικών παίρνουν παραδοτέου σαν ευκολότερο ανώδυνη. Έτσι πακέτων ρουτίνα έξι τύπους τον έτσι.
Πως έτσι αν επιστρέφουν εκτελείται έστελνε τεκμηριώνει.');
INSERT INTO room_media (media_id, room_id) VALUES ('575', 'room_id');
INSERT INTO media (media_id, path, description) VALUES ('576', '/media/images/image_odit.jpeg', 'Γεγονός διακόψουμε κανένας άρα πάντως προσλάμβανες παίρνει. Ζητήσεις του πετάξαμε επενδυτής ωραίο διολισθήσεις εκτός έξι.
Πρώτης έχω γραμμές προσοχή. Σπίτι κι εκτελείται θα.');
INSERT INTO room_media (media_id, room_id) VALUES ('576', 'room_id');
INSERT INTO media (media_id, path, description) VALUES ('577', '/media/images/image_optio.png', 'Τύπου ναι εικόνες τη άρα συγγραφής. Άλγεβρα εικόνες διορθώσεις αθόρυβες έτσι πετάξαμε σου. Παράγοντες έτσι τις ναι.');
INSERT INTO room_media (media_id, room_id) VALUES ('577', 'room_id');
INSERT INTO media (media_id, path, description) VALUES ('578', '/media/images/image_deleniti.jpg', 'Ας συγγραφείς χρησιμοποιούνταν τεκμηριώνει αρχεία. Ένα να εδώ.
Κόλπα πως παράδειγμα διευθυντές. Ανώδυνη όταν κόλπα πάντως. Προγραμματιστές παίρνουν επί μάλλον.');
INSERT INTO room_media (media_id, room_id) VALUES ('578', 'room_id');
INSERT INTO media (media_id, path, description) VALUES ('579', '/media/images/image_beatae.jpeg', 'Εργασίας ανά τα κρατήσουν. Επιστρέφουν μεταγλωτιστής καταλάθος κι έξι.
Μέχρι εξοργιστικά διασφαλίζεται ορίστε δούλευε συνηθίζουν.');
INSERT INTO room_media (media_id, room_id) VALUES ('579', 'room_id');
INSERT INTO media (media_id, path, description) VALUES ('580', '/media/images/image_similique.jpg', 'Σχεδιαστής και ίδιο όσο εγώ μου.
Δύο συνηθίζουν πάντως ύψος έξι. Της ευκολότερο χειρότερα πάρεις φακέλους μας. Μια οι διαπιστώνεις κι.');
INSERT INTO room_media (media_id, room_id) VALUES ('580', 'room_id');
INSERT INTO media (media_id, path, description) VALUES ('581', '/media/images/image_aliquam.jpeg', 'Παράδειγμα της κλπ ταξινομεί. Μια τη βάζοντας έγραψες από μάτσο. Χρονοδιαγράμματα εντολές πάντα γραφικά.
Ημέρα χρονοδιαγράμματα οι ελέγχου εκτελέσεις υόρκη.');
INSERT INTO room_media (media_id, room_id) VALUES ('581', 'room_id');
INSERT INTO media (media_id, path, description) VALUES ('582', '/media/images/image_vel.png', 'Στο μετράει τα καλύτερο στήλες τον περιβάλλον. Φακέλους δυστυχώς ίδιο ειδικά κώδικα βουτήξουν.');
INSERT INTO room_media (media_id, room_id) VALUES ('582', 'room_id');
INSERT INTO media (media_id, path, description) VALUES ('583', '/media/images/image_reprehenderit.jpeg', 'Απόλαυσε σημαντικός δεν χρονοδιαγράμματα ακούσει. Έλεγχος επενδυτής χαμηλός.
Δυστυχώς ας μπορούσες ανακλύψεις γραφικά συνεντεύξεις αυτήν συγχωνευτεί. Αποθηκευτικού ορίστε προκαλείς εξακολουθεί.');
INSERT INTO room_media (media_id, room_id) VALUES ('583', 'room_id');
INSERT INTO media (media_id, path, description) VALUES ('584', '/media/images/image_vitae.png', 'Πλέον θα κρατάει εκτός δεδομένων βουτήξουν γειτονιάς. Τέλειοι ερωτήσεις σου περισσότερες δύο μάτσο τέλειοι. Ήδη και ωραίο τη φαινόμενο ορίστε.');
INSERT INTO room_media (media_id, room_id) VALUES ('584', 'room_id');
INSERT INTO media (media_id, path, description) VALUES ('585', '/media/images/image_minus.jpg', 'Ανά μέγιστη μα. Σαν καλύτερο στέλνοντάς εκτελέσεις μου κύκλο. Μην συγγραφείς πάντα έχω το σκεφτείς.
Ποια υψηλότερη παράγοντες υποψήφιο. Λετπά μάλλον με χρησιμοποιώντας απίστευτα ένας τους.');
INSERT INTO room_media (media_id, room_id) VALUES ('585', 'room_id');
INSERT INTO media (media_id, path, description) VALUES ('586', '/media/images/image_alias.jpg', 'Στις τη εκθέσεις διάσημα. Ίδιο κι πάντως μέρος. Όχι φακέλους διοικητικό ώρα ο τοπικές σου αγοράζοντας.
Νέου μέσης πηγαίου χαμηλός. Αγοράζοντας εσωτερικών κάτι τελειώσει.');
INSERT INTO room_media (media_id, room_id) VALUES ('586', 'room_id');
INSERT INTO media (media_id, path, description) VALUES ('587', '/media/images/image_vitae.jpeg', 'Εικόνες σωστά τύπου σαν κώδικάς στραβά. Χρονοδιαγράμματα όταν με δείξει ως εφαρμογής πρόσληψη.
Εργαζόμενοι ας εκτός όχι. Συγγραφής εφαρμογή της.');
INSERT INTO room_media (media_id, room_id) VALUES ('587', 'room_id');
INSERT INTO media (media_id, path, description) VALUES ('588', '/media/images/image_tenetur.jpeg', 'Εδώ γειτονιάς στο ελέγχου επιδιορθώσεις εκθέσεις. Σκεφτείς κάτι πρώτοι περισσότερη όχι χρησιμοποίησέ πως.');
INSERT INTO room_media (media_id, room_id) VALUES ('588', 'room_id');
INSERT INTO media (media_id, path, description) VALUES ('589', '/media/images/image_error.jpg', 'Απαραίτητο εγώ οι περιμένουν ύψος σε απαράδεκτη. Ρωτάει δεν εκτός ανώδυνη. Ρουτίνα πετάξαμε πρώτης στήλες όταν.');
INSERT INTO room_media (media_id, room_id) VALUES ('589', 'room_id');
INSERT INTO media (media_id, path, description) VALUES ('590', '/media/images/image_neque.jpg', 'Γραμμή υόρκη εδώ πάντα. Περίπου εδώ πάρεις χάος τα προσθέσει μάτσο.');
INSERT INTO room_media (media_id, room_id) VALUES ('590', 'room_id');
INSERT INTO media (media_id, path, description) VALUES ('591', '/media/images/image_ratione.jpg', 'Κόψεις διαδίκτυο πάντα ίδιο εδώ κύκλο χρησιμοποιούσες. Ρωτήσει εξακολουθεί ανά ας δε αναφέρονται. Πρώτοι απαράδεκτη τέλειοι σημαντικός αρέσει υψηλότερη άτομο.');
INSERT INTO room_media (media_id, room_id) VALUES ('591', 'room_id');
INSERT INTO media (media_id, path, description) VALUES ('592', '/media/images/image_molestias.jpg', 'Ήδη μεταγλωτίσει ο ίδιο. Στις στις το της στο την. Να κανένας κόψεις ροή.
Έτσι τα τα διακόψουμε όταν. Χειρότερα μας μεταφραστής λέει.');
INSERT INTO room_media (media_id, room_id) VALUES ('592', 'room_id');
INSERT INTO media (media_id, path, description) VALUES ('593', '/media/images/image_eligendi.png', 'Στα δύο το έτοιμος παράδειγμα δημιουργείς τεσσαρών λέει. Οι διοικητικό ήδη ανά μέχρι εντολές. Ανταγωνιστής τα των.
Υόρκη σαν εδώ ροή. Δεν χαρακτηριστικών που ελέγχου επιχείριση ανεπιθύμητη.');
INSERT INTO room_media (media_id, room_id) VALUES ('593', 'room_id');
INSERT INTO media (media_id, path, description) VALUES ('594', '/media/images/image_laboriosam.jpg', 'Θέματα επιστρέφουν διορθώσεις με γνωρίζουμε προσεκτικά εσωτερικών. Των τι πως βασανίζουν διακοπής έτσι τον από. Μάτσο τον επεξεργασία μερικούς.');
INSERT INTO room_media (media_id, room_id) VALUES ('594', 'room_id');
INSERT INTO media (media_id, path, description) VALUES ('595', '/media/images/image_numquam.jpeg', 'Συνέχεια υψηλότερη δεν για από και. Εκτός κρατήσουν φίλος τη στη στη.
Εργασίας περισσότερες πετάξαμε ρωτήσει περιβάλλοντος άπειρα. Ειδικά κάτι όσο μέσης ο έξι.');
INSERT INTO room_media (media_id, room_id) VALUES ('595', 'room_id');
INSERT INTO media (media_id, path, description) VALUES ('596', '/media/images/image_officia.jpeg', 'Επί ανακλύψεις θυμάμαι εργαζόμενοι έτσι βάζοντας εφαρμογή. Μην εκτελείται πλέον λέει μηχανής όσο. Βιαστικά σε από απίστευτα.');
INSERT INTO room_media (media_id, room_id) VALUES ('596', 'room_id');
INSERT INTO media (media_id, path, description) VALUES ('597', '/media/images/image_beatae.jpg', 'Παίρνουν τύπου πολύ φράση στη. Εφαμοργής αποφάσισε ένας πρόσληψη καλύτερο. Δε δύο αθόρυβες επιδιορθώσεις βάζοντας που μέσης εδώ.
Ιδιαίτερα ανώδυνη ανεπιθύμητη νιρβάνα επενδυτής φίλος.');
INSERT INTO room_media (media_id, room_id) VALUES ('597', 'room_id');
INSERT INTO media (media_id, path, description) VALUES ('598', '/media/images/image_sunt.png', 'Έξι εφαμοργής διαχειριστής ελέγχου διαχειριστής. Τεσσαρών πόρτες βάζοντας κοιτάζοντας άρα άλγεβρα.
Ατόμου ποια τι στη. Εγώ εκτός ερώτηση διοικητικό προγραμματιστής εσωτερικών έτσι τα.');
INSERT INTO room_media (media_id, room_id) VALUES ('598', 'room_id');
INSERT INTO media (media_id, path, description) VALUES ('599', '/media/images/image_corrupti.png', 'Ροή διοικητικό δούλευε διαπιστώνεις έτσι. Πολύ παράδειγμα πηγαίου γραφικά περιμένουν μεταγλωτιστής γραμμής σας.
Ποια κρατάει μη απόλαυσε σημαντικό γεγονός μάτσο. Άρα να σε άτομο πήρε νέου μα.');
INSERT INTO room_media (media_id, room_id) VALUES ('599', 'room_id');
INSERT INTO media (media_id, path, description) VALUES ('600', '/media/images/image_deleniti.jpeg', 'Όταν διακοπής νιρβάνα για.
Ερωτήσεις δε σου τα τη. Τους λέει εκτός σε. Μέχρι επεξεργασία θέματα λίγο.');
INSERT INTO room_media (media_id, room_id) VALUES ('600', 'room_id');
INSERT INTO media (media_id, path, description) VALUES ('601', '/media/images/image_delectus.jpeg', 'Πρώτοι σίγουρος όταν πάντως. Εξαρτάται τις θέμα τους εργασίας θα γραμμές. Αναγκάζονται τεσσαρών συγκεντρωμένοι καταλάθος εφαρμογής περιβάλλον παραδοτέου.');
INSERT INTO room_media (media_id, room_id) VALUES ('601', 'room_id');
INSERT INTO media (media_id, path, description) VALUES ('602', '/media/images/image_beatae.jpg', 'Εκτός μέχρι ας των αποστηθίσει. Πάντα λετπά συγγραφής αντιλήφθηκαν προσπαθούν μέσης τα δε. Σας διακόψουμε των κόψεις αγοράζοντας ορίστε.');
INSERT INTO room_media (media_id, room_id) VALUES ('602', 'room_id');
INSERT INTO media (media_id, path, description) VALUES ('603', '/media/images/image_quo.png', 'Δεν σημαντικός χρησιμοποιούσες ερώτηση. Ιδιαίτερα γιαυτό απλό εδώ εργάστηκε σίγουρος βγήκε χειρότερα. Ανεπιθύμητη προσεκτικά που πολύ θυμάμαι.
Επί χρησιμοποιώντας επί πως τα.');
INSERT INTO room_media (media_id, room_id) VALUES ('603', 'room_id');
INSERT INTO media (media_id, path, description) VALUES ('604', '/media/images/image_culpa.jpg', 'Των δείξει εκτός δε δε μη μας ρουτίνα. Πήρε έρθει τρόποι προγραμματιστές άρα σου δύο μια.');
INSERT INTO room_media (media_id, room_id) VALUES ('604', 'room_id');
INSERT INTO media (media_id, path, description) VALUES ('605', '/media/images/image_dolore.png', 'Διακοπής στη δεν. Ανακλύψεις εργαζόμενων εσωτερικών στήλες ευκολότερο. Σωστά εκτός δύο υόρκη χαρτιού λαμβάνουν.');
INSERT INTO room_media (media_id, room_id) VALUES ('605', 'room_id');
INSERT INTO media (media_id, path, description) VALUES ('606', '/media/images/image_quam.png', 'Ιδιαίτερα απόλαυσε καλύτερο επί ίδιο εξακολουθεί. Εφαρμογής νιρβάνα προγραμματιστής τρέξει.
Χρησιμοποίησέ επιχείριση πετούν εγώ. Κώδικα χειρότερα ως από ανά γεύματος.');
INSERT INTO room_media (media_id, room_id) VALUES ('606', 'room_id');
INSERT INTO media (media_id, path, description) VALUES ('607', '/media/images/image_corrupti.jpeg', 'Απαράδεκτη πως δε εκτελέσεις μάτσο των τον. Ιδιαίτερα καταλάθος ωραίο να εταιρείες συγκεντρωμένοι.');
INSERT INTO room_media (media_id, room_id) VALUES ('607', 'room_id');
INSERT INTO media (media_id, path, description) VALUES ('608', '/media/images/image_mollitia.png', 'Συγχρόνως συνεχώς ας τεκμηριώνει κώδικα πιο. Έξι τελειώσει εκείνου αυτήν διαφήμιση. Έτοιμος παραγωγικής σταματάς άτομο.
Συγγραφείς μου κάτι τρόποι. Κρατάει αποστηθίσει μέχρι ποια μας την αναφορά το.');
INSERT INTO room_media (media_id, room_id) VALUES ('608', 'room_id');
INSERT INTO media (media_id, path, description) VALUES ('609', '/media/images/image_eaque.png', 'Διευθυντές από έχω διαφήμιση δύο τη συνεντεύξεις. Επιστρέφουν ορίστε την δε γέλασαν μας περιμένουν. Ερωτήσεις ερωτήσεις προγραμματιστής ποια διευθυντές.');
INSERT INTO room_media (media_id, room_id) VALUES ('609', 'room_id');
INSERT INTO media (media_id, path, description) VALUES ('610', '/media/images/image_eum.jpg', 'Του και πρώτο χαμηλός πως αποφάσισε. Στήλες εσωτερικών τα. Οι εντολές συγκεντρωμένοι.');
INSERT INTO room_media (media_id, room_id) VALUES ('610', 'room_id');
INSERT INTO media (media_id, path, description) VALUES ('611', '/media/images/image_sunt.jpeg', 'Πρώτοι ας της κι. Σου ερώτηση αρέσει σχεδιαστής.
Χρησιμοποιώντας έξι τις στο. Συγγραφής προσοχή τι πιο πολύ.
Στο εφαρμογή εδώ ευκολότερο. Εκτελέσεις μην απόλαυσε παίξουν φράση κάτι ναι.');
INSERT INTO room_media (media_id, room_id) VALUES ('611', 'room_id');
INSERT INTO media (media_id, path, description) VALUES ('612', '/media/images/image_tempore.jpeg', 'Λετπά είχαμε σωστά. Ορίστε εργασίας ερωτήσεις πες δύο από ανά.
Ας ως τον έχω. Τον υψηλότερη βουτήξουν αυτός τα σκεφτείς ποσοστό. Προσλάμβανες νέων ανά γράψει αναφορά.');
INSERT INTO room_media (media_id, room_id) VALUES ('612', 'room_id');
INSERT INTO media (media_id, path, description) VALUES ('613', '/media/images/image_temporibus.jpeg', 'Μην διάβασε κάνεις χειρότερα επενδυτής μην. Μετρήσεις άρθρων έτσι κρατάει προσλάμβανες. Συνέχεια μπορούσες προσπαθούν μερικούς λες βιβλίο.');
INSERT INTO room_media (media_id, room_id) VALUES ('613', 'room_id');
INSERT INTO media (media_id, path, description) VALUES ('614', '/media/images/image_nam.jpeg', 'Σωστά ίδιο έχω μια.
Παραγωγικής πάντως ανά στη έτοιμος βασανίζουν. Χρειάζονται χρόνου κύκλο. Χρησιμοποιούσες μπουν εκτός λέει συγχρόνως έξι τύπου. Φράση χρησιμοποιούσες μηχανής θα από εξοργιστικά.');
INSERT INTO room_media (media_id, room_id) VALUES ('614', 'room_id');
INSERT INTO media (media_id, path, description) VALUES ('615', '/media/images/image_perspiciatis.jpeg', 'Σημεία αποστηθίσει έλεγχος στη παίρνει αναφορά. Απαραίτητο τεσσαρών περιβάλλον βασανίζουν κανόνα.
Αποδείξεις γνωρίζουμε ας αποκλειστικούς απόλαυσε. Μετρήσεις ως της λετπά εργαζόμενων.');
INSERT INTO room_media (media_id, room_id) VALUES ('615', 'room_id');
INSERT INTO media (media_id, path, description) VALUES ('616', '/media/images/image_aut.jpg', 'Πλέον του άρα αγοράζοντας. Τα τύπου οι ωραίο έχω αλγόριθμου.
Συγγραφής του γειτονιάς αυτός μέχρι. Έχω νιρβάνα επί χρησιμοποιούσες.');
INSERT INTO room_media (media_id, room_id) VALUES ('616', 'room_id');
INSERT INTO media (media_id, path, description) VALUES ('617', '/media/images/image_corporis.jpg', 'Μέσης στις έτσι τους λέει γεύματος.
Κόψεις δημιουργήσεις στις επενδυτής μέχρι περιεχόμενα. Ροή άτομο εδώ χρόνου κοιτάζοντας λέει τοπικές. Στήλες κάνε πρόσληψη χάος γραφικά.');
INSERT INTO room_media (media_id, room_id) VALUES ('617', 'room_id');
INSERT INTO media (media_id, path, description) VALUES ('618', '/media/images/image_laborum.jpeg', 'Μα παραπάνω παίξουν κύκλο μπουν εργαλείων.');
INSERT INTO room_media (media_id, room_id) VALUES ('618', 'room_id');
INSERT INTO media (media_id, path, description) VALUES ('619', '/media/images/image_totam.jpeg', 'Γραμμής εκτελείται απομόνωση τον. Μάτσο αναφέρονται ότι μιας. Σωστά θα εκτός εργάστηκε μέσης από ένας.
Μέσης πάρα όχι. Περιμένουν να σπίτι χαμηλός δημιουργείς.');
INSERT INTO room_media (media_id, room_id) VALUES ('619', 'room_id');
INSERT INTO media (media_id, path, description) VALUES ('620', '/media/images/image_mollitia.jpeg', 'Διακόψουμε πολύ ορίστε εκείνου εσωτερικών έχω. Φίλος δημιουργήσεις σπίτι στα. Προϊόντα πηγαίου μας δε δίνοντας επί χρησιμοποιώντας.');
INSERT INTO room_media (media_id, room_id) VALUES ('620', 'room_id');
INSERT INTO media (media_id, path, description) VALUES ('621', '/media/images/image_quas.jpg', 'Άλγεβρα μιας κόψεις οι χάος μεταγλωτιστής. Των αν αρέσει άρα εκτός συγγραφείς. Από σου μέγιστη ύψος αυτός.
Εγώ πήρε κάνεις γέλασαν δούλευε. Δωροδοκηθούν βιαστικά γνωστή παίξουν.');
INSERT INTO room_media (media_id, room_id) VALUES ('621', 'room_id');
INSERT INTO media (media_id, path, description) VALUES ('622', '/media/images/image_odio.jpg', 'Μας πάντως ιδιαίτερα αποθηκευτικού τρόποι δημιουργήσεις. Για το στα μάτσο στραβά κάνε αναφέρονται.
Μετράει τα να λετπά περιμένουν μια χρησιμοποιούνταν. Βάζοντας για ιδιαίτερα.');
INSERT INTO room_media (media_id, room_id) VALUES ('622', 'room_id');
INSERT INTO media (media_id, path, description) VALUES ('623', '/media/images/image_ex.jpeg', 'Τους μεταφραστής έτσι παίρνουν τον. Πήρε δε μέρος εφαρμογή.
Μεταγλωτιστής διακόψουμε έγραψες γραμμής. Εφαρμογή θέματα ας χρονοδιαγράμματα δουλεύει δε εργάστηκε. Τύπου τρόποι βασανίζουν φίλος χώρου.');
INSERT INTO room_media (media_id, room_id) VALUES ('623', 'room_id');
INSERT INTO media (media_id, path, description) VALUES ('624', '/media/images/image_voluptatum.png', 'Δεν συγγραφής χάος ειδικά παίρνουν μαγικά εφαμοργής. Πολύ τους μετρήσεις απαρατήρητο.');
INSERT INTO room_media (media_id, room_id) VALUES ('624', 'room_id');
INSERT INTO media (media_id, path, description) VALUES ('625', '/media/images/image_cumque.jpeg', 'Τέλειοι ακούσει στη. Διολισθήσεις δουλεύει κάτι ρωτάει διορθώσεις πακέτων. Σου κι διοικητικό εργοστασίου.');
INSERT INTO room_media (media_id, room_id) VALUES ('625', 'room_id');
INSERT INTO media (media_id, path, description) VALUES ('626', '/media/images/image_ab.jpeg', 'Κάνεις βουτήξουν υποψήφιο ήδη. Τρόπο τις νόμιζες χρησιμοποιώντας μιας κλπ εργαζόμενοι κάτι.');
INSERT INTO room_media (media_id, room_id) VALUES ('626', 'room_id');
INSERT INTO media (media_id, path, description) VALUES ('627', '/media/images/image_officia.jpg', 'Εκτός ένα συνέχεια δύο κρατάει ταξινομεί διακόψουμε. Δουλεύει μέχρι διακόψουμε ένας παραγωγικής προσπαθήσεις.');
INSERT INTO room_media (media_id, room_id) VALUES ('627', 'room_id');
INSERT INTO media (media_id, path, description) VALUES ('628', '/media/images/image_provident.jpg', 'Αυτήν αυτός κάτι μέχρι δεν προσεκτικά. Μας παραπάνω οι ας πλέον κώδικάς φαινόμενο. Του δημιουργείς λαμβάνουν διασφαλίζεται επεξεργασία.');
INSERT INTO room_media (media_id, room_id) VALUES ('628', 'room_id');
INSERT INTO media (media_id, path, description) VALUES ('629', '/media/images/image_tenetur.jpg', 'Λιγότερο ελέγχου κρατήσουν απαράδεκτη χαμηλός. Πάντα δε κανένας ορίστε ένας. Πακέτων να οι παίρνει δύο ώρα θέμα δυστυχώς.
Προσπαθούν τα ίδιο. Γραμμές αφήσεις σκεφτείς. Δημιουργια σε ωραίο σαν κόψεις.');
INSERT INTO room_media (media_id, room_id) VALUES ('629', 'room_id');
INSERT INTO media (media_id, path, description) VALUES ('630', '/media/images/image_autem.png', 'Περισσότερη το έτσι παραδοτέου σταματάς αν. Υπηρεσία πιο της λες.
Κόψεις εδώ βουτήξουν υψηλότερη διασφαλίζεται. Εδώ έξι τους ίδιο αποστηθίσει πως.');
INSERT INTO room_media (media_id, room_id) VALUES ('630', 'room_id');
INSERT INTO media (media_id, path, description) VALUES ('631', '/media/images/image_expedita.png', 'Άρα επί της στο τεσσαρών μερικούς μεταφραστής διορθώσεις. Στραβά υψηλότερη μπορούσες εργαζόμενοι.
Ο πως μας δεν απλό. Τέλειοι επιδιόρθωση παραγωγικής πάρα. Μη την σας ατόμου άτομο.');
INSERT INTO room_media (media_id, room_id) VALUES ('631', 'room_id');
INSERT INTO media (media_id, path, description) VALUES ('632', '/media/images/image_reprehenderit.jpg', 'Δίνοντας θα φίλος βιβλίο. Εντολές απαράδεκτη εκτός προσοχή στη σας.
Φακέλους άρθρων πετάξαμε και τι εκείνου.');
INSERT INTO room_media (media_id, room_id) VALUES ('632', 'room_id');
INSERT INTO media (media_id, path, description) VALUES ('633', '/media/images/image_beatae.jpg', 'Αυτός για εκτός προκαλείς αρπάζεις διαπιστώνεις. Που γράψει παραγωγικής μεταφραστής λαμβάνουν. Διορθώσει της δεδομένων μαγικά.');
INSERT INTO room_media (media_id, room_id) VALUES ('633', 'room_id');
INSERT INTO media (media_id, path, description) VALUES ('634', '/media/images/image_alias.jpg', 'Τα γραμμή τι της. Λίγο ένα κώδικάς δίνοντας.
Χαρακτηριστικών συγκεντρωμένοι λετπά καταλάθος. Σπίτι εκτός όταν παράγοντες βιαστικά. Πάντως μετράει πλέον εκείνου δεν ήδη επεξεργασία.');
INSERT INTO room_media (media_id, room_id) VALUES ('634', 'room_id');
INSERT INTO media (media_id, path, description) VALUES ('635', '/media/images/image_facere.jpeg', 'Δείξει των αγοράζοντας τεκμηριώνει. Όσο παραδοτέου να αλγόριθμου ελέγχου αρπάζεις με.');
INSERT INTO room_media (media_id, room_id) VALUES ('635', 'room_id');
INSERT INTO media (media_id, path, description) VALUES ('636', '/media/images/image_eum.jpeg', 'Δεν μετρήσεις βιβλίο λαμβάνουν γνωρίζουμε πάντως. Όσο ήδη ανώδυνη.');
INSERT INTO room_media (media_id, room_id) VALUES ('636', 'room_id');
INSERT INTO media (media_id, path, description) VALUES ('637', '/media/images/image_temporibus.jpg', 'Πετάξαμε περιβάλλον γραμμές δύο αποδείξεις σαν. Κλπ οι ίδιο περιεχόμενα εφαρμογή εφαμοργής προϊόντα.');
INSERT INTO room_media (media_id, room_id) VALUES ('637', 'room_id');
INSERT INTO media (media_id, path, description) VALUES ('638', '/media/images/image_eaque.jpg', 'Χαρακτηριστικό κάνεις χρησιμοποίησέ κρατάει έχω. Πάρα βγήκε τα κάνε από. Διακοπή κάνεις έχω τι σωστά εργοστασίου.');
INSERT INTO room_media (media_id, room_id) VALUES ('638', 'room_id');
INSERT INTO media (media_id, path, description) VALUES ('639', '/media/images/image_aliquam.jpeg', 'Γράψει μου διακόψουμε πολύ γραμμή ναι πόρτες. Απαραίτητο περισσότερη ποια κάνεις ειδικά δεν παράδειγμα.
Αν εκτός μέσης τρέξει νέων. Την διολισθήσεις πιο στέλνοντάς εκδόσεις ανώδυνη εγώ.');
INSERT INTO room_media (media_id, room_id) VALUES ('639', 'room_id');
INSERT INTO media (media_id, path, description) VALUES ('640', '/media/images/image_minus.png', 'Τελειώσει διολισθήσεις έξι τελειώσει ανταγωνιστής διοικητικό μέχρι ένας.');
INSERT INTO room_media (media_id, room_id) VALUES ('640', 'room_id');
INSERT INTO media (media_id, path, description) VALUES ('641', '/media/images/image_necessitatibus.jpeg', 'Ανεπιθύμητη αποδείξεις συγχρόνως ας πάντως. Όταν έχω χαρακτηριστικών αναφέρονται διορθώσεις έξι πως. Χαρακτηριστικών χαρτιού ταξινομεί απομόνωση στραβά μέχρι. Εργοστασίου μιας πρώτοι μην μέχρι δύο.');
INSERT INTO room_media (media_id, room_id) VALUES ('641', 'room_id');
INSERT INTO media (media_id, path, description) VALUES ('642', '/media/images/image_vero.jpeg', 'Ίδιο γιαυτό εγώ μη. Αλγόριθμου να το μέσης. Ανά γραμμή ταξινομεί εξαρτάται πλέον με λιγότερο.
Ως μεταγλωτιστής ποσοστό εδώ.');
INSERT INTO room_media (media_id, room_id) VALUES ('642', 'room_id');
INSERT INTO media (media_id, path, description) VALUES ('643', '/media/images/image_delectus.jpeg', 'Κανόνα προκαλείς δοκιμάσεις χρησιμοποιώντας συγγραφείς θέμα. Τρέξει πολύ ας φαινόμενο στη. Ήδη εργοστασίου επί έχω μέρος έλεγχος κύκλο ιδιαίτερα.');
INSERT INTO room_media (media_id, room_id) VALUES ('643', 'room_id');
INSERT INTO media (media_id, path, description) VALUES ('644', '/media/images/image_id.jpeg', 'Ξέχασε συνεχώς σου ατόμου. Λαμβάνουν τρέξει με βασανίζουν.
Να κι άρα βαθμό ρωτήσει. Χρησιμοποίησέ κανόνα αρχεία. Εξαρτάται άρθρων πάντως έξι.');
INSERT INTO room_media (media_id, room_id) VALUES ('644', 'room_id');
INSERT INTO media (media_id, path, description) VALUES ('645', '/media/images/image_fugit.jpg', 'Σας πως ο παραδώσεις όσο στραβά.
Από τρέξει έχω πες μηχανής μα. Συνέχεια νιρβάνα και διολισθήσεις.');
INSERT INTO room_media (media_id, room_id) VALUES ('645', 'room_id');
INSERT INTO media (media_id, path, description) VALUES ('646', '/media/images/image_nam.jpg', 'Μετράει μιας πρώτης ναι μιας άτομο. Ποια εδώ σε το σταματάς διοικητικό.
Παραδοτέου όχι απλό δείξει απαραίτητο επιχείριση κάνε. Τις τους επί για άρα ποια ρωτήσει.
Έρθει χρόνου έτσι πρώτης όχι.');
INSERT INTO room_media (media_id, room_id) VALUES ('646', 'room_id');
INSERT INTO media (media_id, path, description) VALUES ('647', '/media/images/image_eaque.jpeg', 'Στέλνοντάς εκθέσεις στο ας διευθυντές χαρακτηριστικών. Δωροδοκηθούν πλέον αν εικόνες. Βγήκε πάντως αλγόριθμου αποκλειστικούς τον δημιουργια στραβά.
Επιδιόρθωση περιβάλλον ήδη.');
INSERT INTO room_media (media_id, room_id) VALUES ('647', 'room_id');
INSERT INTO admission_diagnosis (hosp_id, diag_id) VALUES ('1', 'S43.1');
INSERT INTO hospitalisation (hosp_id, admission_date, discharge_date, dept_name, bed_id, costing_id, carrier_id) VALUES ('1', '2021-03-15', NULL, 'Cardiology', '3', '286', '6');
INSERT INTO surgical_act (med_act_id, primary_doc_id) VALUES ('1', '2609009896');
INSERT INTO surgical_act_doctor_assistants (med_act_id, assistant_id) VALUES ('1', '2710919774');
INSERT INTO surgical_act_nurse_assistants (med_act_id, assistant_id) VALUES ('1', '2106930406');
INSERT INTO surgical_act_nurse_assistants (med_act_id, assistant_id) VALUES ('1', '2401552006');
INSERT INTO surgical_act_nurse_assistants (med_act_id, assistant_id) VALUES ('1', '3105850934');
INSERT INTO medical_act (med_act_id, type, med_proc_id, start_datetime, end_datetime, room_id, cost) VALUES ('1', 'Χειρουργική', '3427', '2020-07-30 00:00:00', '2020-10-01 07:00:00', '47', '3190.64');
INSERT INTO hosp_med_act (med_act_id, hosp_id) VALUES ('1', '1');
INSERT INTO patient_record (AMKA, hosp_id) VALUES ('1011068644', '1');
INSERT INTO admission_diagnosis (hosp_id, diag_id) VALUES ('2', 'I80.0');
INSERT INTO discharge_diagnosis (hosp_id, diag_id) VALUES ('2', 'Z95.3');
INSERT INTO hospitalisation (hosp_id, admission_date, discharge_date, dept_name, bed_id, costing_id, carrier_id) VALUES ('2', '2025-08-11', '2025-08-19', 'Oncology', '1', '635', '2');
INSERT INTO lab_test (lab_test_id, med_proc_id, doc_id, date, result, cost) VALUES ('1', '7157', '2411651898', '2023-06-10 00:00:00', 'Όσο καλύτερο ανακλύψεις λετπά κι σε διακοπής. Περιεχόμενα μιας σίγουρος βρίσκονται κανόνα άρα περιβάλλοντος. Σχεδιαστής φράση μας δημιουργήσεις άλγεβρα.', '7816.58');
INSERT INTO hosp_lab_test (lab_test_id, hosp_id) VALUES ('1', '2');
INSERT INTO medical_act (med_act_id, type, med_proc_id, start_datetime, end_datetime, room_id, cost) VALUES ('2', 'Θεραπευτική', '3932', '2024-12-31 00:00:00', '2025-02-11 10:00:00', '59', '9034.29');
INSERT INTO hosp_med_act (med_act_id, hosp_id) VALUES ('2', '2');
INSERT INTO patient_record (AMKA, hosp_id) VALUES ('1909683191', '2');
INSERT INTO rating (AMKA, hosp_id, medical_care, nursing_care, cleanliness, food, experience) VALUES ('1909683191', '2', '1', '4', '1', '3', '5');
INSERT INTO admission_diagnosis (hosp_id, diag_id) VALUES ('3', 'M76.3');
INSERT INTO hospitalisation (hosp_id, admission_date, discharge_date, dept_name, bed_id, costing_id, carrier_id) VALUES ('3', '2021-02-28', NULL, 'Neurology', '2', '244', '6');
INSERT INTO lab_test (lab_test_id, med_proc_id, doc_id, date, result, cost) VALUES ('2', '9571', '2411004971', '2024-08-30 00:00:00', 'Ότι αυτήν ο μερικούς κανείς. Άρα παραπάνω ιδιαίτερα περιβάλλον. Των εντολές πάντα δεδομένων.
Ως μάτσο μάλλον σαν έχω πως. Συγγραφής από κανόνα συνάδελφος εφαρμογής διορθώσεις πως.', '8554.93');
INSERT INTO hosp_lab_test (lab_test_id, hosp_id) VALUES ('2', '3');
INSERT INTO medical_act (med_act_id, type, med_proc_id, start_datetime, end_datetime, room_id, cost) VALUES ('3', 'Θεραπευτική', '712', '2022-11-25 00:00:00', '2023-01-07 05:00:00', '100', '9879.58');
INSERT INTO hosp_med_act (med_act_id, hosp_id) VALUES ('3', '3');
INSERT INTO patient_record (AMKA, hosp_id) VALUES ('0311233042', '3');
INSERT INTO admission_diagnosis (hosp_id, diag_id) VALUES ('4', 'B39.0');
INSERT INTO discharge_diagnosis (hosp_id, diag_id) VALUES ('4', 'O64.4');
INSERT INTO hospitalisation (hosp_id, admission_date, discharge_date, dept_name, bed_id, costing_id, carrier_id) VALUES ('4', '2022-01-09', '2022-01-17', 'Cardiology', '16', '232', '9');
INSERT INTO medical_act (med_act_id, type, med_proc_id, start_datetime, end_datetime, room_id, cost) VALUES ('4', 'Διαγνωστική', '1502', '2021-06-26 00:00:00', '2021-07-24 09:00:00', '86', '9207.34');
INSERT INTO hosp_med_act (med_act_id, hosp_id) VALUES ('4', '4');
INSERT INTO patient_record (AMKA, hosp_id) VALUES ('0701089165', '4');
INSERT INTO rating (AMKA, hosp_id, medical_care, nursing_care, cleanliness, food, experience) VALUES ('0701089165', '4', '5', '1', '4', '1', '1');
INSERT INTO admission_diagnosis (hosp_id, diag_id) VALUES ('5', 'M47.8');
INSERT INTO discharge_diagnosis (hosp_id, diag_id) VALUES ('5', 'T25.3');
INSERT INTO hospitalisation (hosp_id, admission_date, discharge_date, dept_name, bed_id, costing_id, carrier_id) VALUES ('5', '2020-06-21', '2020-07-16', 'Outpatient Department (OPD)', '9', '336', '9');
INSERT INTO lab_test (lab_test_id, med_proc_id, doc_id, date, result, cost) VALUES ('3', '10433', '1112753348', '2025-09-28 00:00:00', 'Πακέτων ερωτήσεις μερικούς διασφαλίζεται εκτελέσει ένα μια. Λίγο αρέσει αποφάσισε φράση. Υποψήφιο έτοιμος σωστά εκτελέσεις πιο.', '4665.9');
INSERT INTO hosp_lab_test (lab_test_id, hosp_id) VALUES ('3', '5');
INSERT INTO patient_record (AMKA, hosp_id) VALUES ('0112988267', '5');
INSERT INTO rating (AMKA, hosp_id, medical_care, nursing_care, cleanliness, food, experience) VALUES ('0112988267', '5', '1', '1', '4', '4', '2');
INSERT INTO admission_diagnosis (hosp_id, diag_id) VALUES ('6', 'H62.3*');
INSERT INTO hospitalisation (hosp_id, admission_date, discharge_date, dept_name, bed_id, costing_id, carrier_id) VALUES ('6', '2022-08-15', NULL, 'Gastroenterology', '11', '266', '2');
INSERT INTO lab_test (lab_test_id, med_proc_id, doc_id, date, result, cost) VALUES ('4', '10036', '2311474214', '2020-10-05 00:00:00', 'Παίρνουν συγχωνευτεί συγγραφείς. Ένα σημαντικό απαραίτητο θα γραμμή διασφαλίζεται. Πάντα έτσι πρόσληψη.
Εργαζόμενων πολύ περιμένουν τις. Μην μπορούσες ακούσει τη σε έξι σας.', '3238.5');
INSERT INTO hosp_lab_test (lab_test_id, hosp_id) VALUES ('4', '6');
INSERT INTO medical_act (med_act_id, type, med_proc_id, start_datetime, end_datetime, room_id, cost) VALUES ('5', 'Διαγνωστική', '6560', '2025-09-17 00:00:00', '2025-12-20 03:00:00', '77', '2392.89');
INSERT INTO hosp_med_act (med_act_id, hosp_id) VALUES ('5', '6');
INSERT INTO patient_record (AMKA, hosp_id) VALUES ('1502091192', '6');
INSERT INTO admission_diagnosis (hosp_id, diag_id) VALUES ('7', 'L25.2');
INSERT INTO hospitalisation (hosp_id, admission_date, discharge_date, dept_name, bed_id, costing_id, carrier_id) VALUES ('7', '2025-01-27', NULL, 'Operating theatre (OT)', '1', '70', '2');
INSERT INTO lab_test (lab_test_id, med_proc_id, doc_id, date, result, cost) VALUES ('5', '10936', '1712008709', '2020-10-02 00:00:00', 'Μετράει από αθόρυβες γραφικά μάλλον του ημέρα. Υψηλότερη τέλειοι περισσότερη νέων τρέξει.
Τεσσαρών ευκολότερο απομόνωση κοιτάζοντας τύπους.', '422.6');
INSERT INTO hosp_lab_test (lab_test_id, hosp_id) VALUES ('5', '7');
INSERT INTO surgical_act (med_act_id, primary_doc_id) VALUES ('6', '2305692753');
INSERT INTO surgical_act_doctor_assistants (med_act_id, assistant_id) VALUES ('6', '1502550745');
INSERT INTO surgical_act_doctor_assistants (med_act_id, assistant_id) VALUES ('6', '2106602456');
INSERT INTO surgical_act_nurse_assistants (med_act_id, assistant_id) VALUES ('6', '0109765304');
INSERT INTO surgical_act_nurse_assistants (med_act_id, assistant_id) VALUES ('6', '2704464646');
INSERT INTO surgical_act_nurse_assistants (med_act_id, assistant_id) VALUES ('6', '0804762436');
INSERT INTO medical_act (med_act_id, type, med_proc_id, start_datetime, end_datetime, room_id, cost) VALUES ('6', 'Χειρουργική', '5877', '2026-05-05 00:00:00', '2026-06-22 03:00:00', '143', '5011.13');
INSERT INTO hosp_med_act (med_act_id, hosp_id) VALUES ('6', '7');
INSERT INTO patient_record (AMKA, hosp_id) VALUES ('0701089165', '7');
INSERT INTO admission_diagnosis (hosp_id, diag_id) VALUES ('8', 'P02');
INSERT INTO hospitalisation (hosp_id, admission_date, discharge_date, dept_name, bed_id, costing_id, carrier_id) VALUES ('8', '2020-01-02', NULL, 'Gynaecology', '6', '184', '10');
INSERT INTO lab_test (lab_test_id, med_proc_id, doc_id, date, result, cost) VALUES ('6', '9867', '1112753348', '2025-06-11 00:00:00', 'Λοιπόν προκύπτουν άρθρων εκτός όσο καλύτερο και ωραίο.
Να σχεδιαστής συγγραφής τα μου. Αρπάζεις έξι θέμα.', '1096.93');
INSERT INTO hosp_lab_test (lab_test_id, hosp_id) VALUES ('6', '8');
INSERT INTO patient_record (AMKA, hosp_id) VALUES ('2703503656', '8');
INSERT INTO admission_diagnosis (hosp_id, diag_id) VALUES ('9', 'K59.8');
INSERT INTO discharge_diagnosis (hosp_id, diag_id) VALUES ('9', 'C32.9');
INSERT INTO hospitalisation (hosp_id, admission_date, discharge_date, dept_name, bed_id, costing_id, carrier_id) VALUES ('9', '2022-11-17', '2022-12-16', 'Cardiology', '3', '296', '6');
INSERT INTO lab_test (lab_test_id, med_proc_id, doc_id, date, result, cost) VALUES ('7', '8239', '0410862119', '2024-03-04 00:00:00', 'Απόλαυσε χαμηλός διάβασε βάζοντας αγοράζοντας για χειρότερα. Συνέχεια ημέρα δεδομένων διοικητικό συνεντεύξεις δε.
Δημιουργήσεις ίδιο το δεν προγραμματιστής όχι τρόποι.', '9083.09');
INSERT INTO hosp_lab_test (lab_test_id, hosp_id) VALUES ('7', '9');
INSERT INTO patient_record (AMKA, hosp_id) VALUES ('0411712547', '9');
INSERT INTO rating (AMKA, hosp_id, medical_care, nursing_care, cleanliness, food, experience) VALUES ('0411712547', '9', '2', '2', '5', '2', '5');
INSERT INTO admission_diagnosis (hosp_id, diag_id) VALUES ('10', 'Q06.0');
INSERT INTO hospitalisation (hosp_id, admission_date, discharge_date, dept_name, bed_id, costing_id, carrier_id) VALUES ('10', '2025-12-22', NULL, 'Orthopaedic', '10', '233', '2');
INSERT INTO lab_test (lab_test_id, med_proc_id, doc_id, date, result, cost) VALUES ('8', '8980', '2905541171', '2024-03-17 00:00:00', 'Αφήσεις όχι πως άρα πήρε. Του στέλνοντάς διορθώσεις δημιουργια. Τους γνωρίζουμε υπηρεσία τα πολύ δε.', '465.89');
INSERT INTO hosp_lab_test (lab_test_id, hosp_id) VALUES ('8', '10');
INSERT INTO patient_record (AMKA, hosp_id) VALUES ('1410207364', '10');
INSERT INTO admission_diagnosis (hosp_id, diag_id) VALUES ('11', 'V88.0');
INSERT INTO discharge_diagnosis (hosp_id, diag_id) VALUES ('11', 'M81');
INSERT INTO hospitalisation (hosp_id, admission_date, discharge_date, dept_name, bed_id, costing_id, carrier_id) VALUES ('11', '2021-11-12', '2021-12-27', 'Orthopaedic', '2', '177', '5');
INSERT INTO lab_test (lab_test_id, med_proc_id, doc_id, date, result, cost) VALUES ('9', '9713', '1908663047', '2023-01-26 00:00:00', 'Απαραίτητο διαπιστώνεις χρησιμοποιώντας τα στις εδώ.
Τρέξει μπουν ανταγωνιστής διάσημα μεταγλωτιστής. Αντιλήφθηκαν αναφέρονται καλύτερο όταν άτομο.', '7011.62');
INSERT INTO hosp_lab_test (lab_test_id, hosp_id) VALUES ('9', '11');
INSERT INTO medical_act (med_act_id, type, med_proc_id, start_datetime, end_datetime, room_id, cost) VALUES ('7', 'Διαγνωστική', '4982', '2024-07-11 00:00:00', '2024-08-20 03:00:00', '41', '4038.05');
INSERT INTO hosp_med_act (med_act_id, hosp_id) VALUES ('7', '11');
INSERT INTO patient_record (AMKA, hosp_id) VALUES ('0902442730', '11');
INSERT INTO rating (AMKA, hosp_id, medical_care, nursing_care, cleanliness, food, experience) VALUES ('0902442730', '11', '4', '1', '4', '3', '1');
INSERT INTO admission_diagnosis (hosp_id, diag_id) VALUES ('12', 'T31.8');
INSERT INTO hospitalisation (hosp_id, admission_date, discharge_date, dept_name, bed_id, costing_id, carrier_id) VALUES ('12', '2024-07-30', NULL, 'Gastroenterology', '7', '211', '5');
INSERT INTO lab_test (lab_test_id, med_proc_id, doc_id, date, result, cost) VALUES ('10', '8403', '2010494529', '2024-05-28 00:00:00', 'Γιαυτό εταιρείες ποια πολύ αναφορά δεδομένων χάος πάντα. Ιδιαίτερα παράδειγμα κανόνα.
Άρα πηγαίου γειτονιάς παίξουν. Άρα συγγραφής ρωτήσει εδώ πακέτων κειμένων λίγο.', '3752.9');
INSERT INTO hosp_lab_test (lab_test_id, hosp_id) VALUES ('10', '12');
INSERT INTO patient_record (AMKA, hosp_id) VALUES ('1211580926', '12');
INSERT INTO admission_diagnosis (hosp_id, diag_id) VALUES ('13', 'M93.8');
INSERT INTO discharge_diagnosis (hosp_id, diag_id) VALUES ('13', 'R93.4');
INSERT INTO hospitalisation (hosp_id, admission_date, discharge_date, dept_name, bed_id, costing_id, carrier_id) VALUES ('13', '2020-04-08', '2020-06-05', 'Oncology', '4', '35', '4');
INSERT INTO lab_test (lab_test_id, med_proc_id, doc_id, date, result, cost) VALUES ('11', '10726', '2708580170', '2024-04-23 00:00:00', 'Βγήκε πόρτες αλγόριθμου γειτονιάς εταιρείες αρχεία. Στις παίρνουν χώρου έχω σκεφτείς μα εργαζόμενων. Κλπ εδώ θέμα άρα.', '9505.8');
INSERT INTO hosp_lab_test (lab_test_id, hosp_id) VALUES ('11', '13');
INSERT INTO surgical_act (med_act_id, primary_doc_id) VALUES ('8', '2801801564');
INSERT INTO surgical_act_doctor_assistants (med_act_id, assistant_id) VALUES ('8', '2411651898');
INSERT INTO surgical_act_nurse_assistants (med_act_id, assistant_id) VALUES ('8', '2804859611');
INSERT INTO medical_act (med_act_id, type, med_proc_id, start_datetime, end_datetime, room_id, cost) VALUES ('8', 'Χειρουργική', '2578', '2025-11-19 00:00:00', '2026-02-27 05:00:00', '75', '9779.77');
INSERT INTO hosp_med_act (med_act_id, hosp_id) VALUES ('8', '13');
INSERT INTO patient_record (AMKA, hosp_id) VALUES ('2702953936', '13');
INSERT INTO rating (AMKA, hosp_id, medical_care, nursing_care, cleanliness, food, experience) VALUES ('2702953936', '13', '2', '1', '3', '2', '3');
INSERT INTO admission_diagnosis (hosp_id, diag_id) VALUES ('14', 'O48');
INSERT INTO discharge_diagnosis (hosp_id, diag_id) VALUES ('14', 'I70.2');
INSERT INTO hospitalisation (hosp_id, admission_date, discharge_date, dept_name, bed_id, costing_id, carrier_id) VALUES ('14', '2021-11-18', '2022-02-16', 'Psychiatry', '16', '97', '2');
INSERT INTO medical_act (med_act_id, type, med_proc_id, start_datetime, end_datetime, room_id, cost) VALUES ('9', 'Θεραπευτική', '66', '2021-01-14 00:00:00', '2021-03-05 03:00:00', '47', '5332.81');
INSERT INTO hosp_med_act (med_act_id, hosp_id) VALUES ('9', '14');
INSERT INTO patient_record (AMKA, hosp_id) VALUES ('2208165936', '14');
INSERT INTO rating (AMKA, hosp_id, medical_care, nursing_care, cleanliness, food, experience) VALUES ('2208165936', '14', '4', '1', '5', '3', '2');
INSERT INTO admission_diagnosis (hosp_id, diag_id) VALUES ('15', 'H81.0');
INSERT INTO hospitalisation (hosp_id, admission_date, discharge_date, dept_name, bed_id, costing_id, carrier_id) VALUES ('15', '2025-03-30', NULL, 'Gynaecology', '10', '369', '10');
INSERT INTO lab_test (lab_test_id, med_proc_id, doc_id, date, result, cost) VALUES ('12', '8837', '2411651898', '2024-11-16 00:00:00', 'Εκτελέσει ξέχασε εφαρμογή τεσσαρών. Διορθώσει έξι περισσότερες μην για.', '2843.65');
INSERT INTO hosp_lab_test (lab_test_id, hosp_id) VALUES ('12', '15');
INSERT INTO patient_record (AMKA, hosp_id) VALUES ('1102810329', '15');
INSERT INTO admission_diagnosis (hosp_id, diag_id) VALUES ('16', 'H33.0');
INSERT INTO hospitalisation (hosp_id, admission_date, discharge_date, dept_name, bed_id, costing_id, carrier_id) VALUES ('16', '2020-11-20', NULL, 'Neurology', '15', '259', '10');
INSERT INTO patient_record (AMKA, hosp_id) VALUES ('2907676995', '16');
INSERT INTO admission_diagnosis (hosp_id, diag_id) VALUES ('17', 'S65.5');
INSERT INTO discharge_diagnosis (hosp_id, diag_id) VALUES ('17', 'D47.2');
INSERT INTO hospitalisation (hosp_id, admission_date, discharge_date, dept_name, bed_id, costing_id, carrier_id) VALUES ('17', '2021-06-01', '2021-07-08', 'Operating theatre (OT)', '4', '667', '2');
INSERT INTO lab_test (lab_test_id, med_proc_id, doc_id, date, result, cost) VALUES ('13', '7207', '0103962870', '2024-11-01 00:00:00', 'Επιχείριση εξαρτάται ως γεύματος προσλάμβανες τις δύο. Σωστά σημαντικό πήρε τις έχω επιδιόρθωση πιο.', '8422.96');
INSERT INTO hosp_lab_test (lab_test_id, hosp_id) VALUES ('13', '17');
INSERT INTO patient_record (AMKA, hosp_id) VALUES ('2101054987', '17');
INSERT INTO rating (AMKA, hosp_id, medical_care, nursing_care, cleanliness, food, experience) VALUES ('2101054987', '17', '2', '4', '1', '5', '3');
INSERT INTO admission_diagnosis (hosp_id, diag_id) VALUES ('18', 'T27.1');
INSERT INTO discharge_diagnosis (hosp_id, diag_id) VALUES ('18', 'H47.0');
INSERT INTO hospitalisation (hosp_id, admission_date, discharge_date, dept_name, bed_id, costing_id, carrier_id) VALUES ('18', '2021-06-02', '2021-06-05', 'Orthopaedic', '7', '182', '5');
INSERT INTO surgical_act (med_act_id, primary_doc_id) VALUES ('10', '0701944806');
INSERT INTO surgical_act_doctor_assistants (med_act_id, assistant_id) VALUES ('10', '1207427571');
INSERT INTO surgical_act_doctor_assistants (med_act_id, assistant_id) VALUES ('10', '1402646365');
INSERT INTO surgical_act_nurse_assistants (med_act_id, assistant_id) VALUES ('10', '2205724151');
INSERT INTO surgical_act_nurse_assistants (med_act_id, assistant_id) VALUES ('10', '3011818066');
INSERT INTO surgical_act_nurse_assistants (med_act_id, assistant_id) VALUES ('10', '0706813720');
INSERT INTO medical_act (med_act_id, type, med_proc_id, start_datetime, end_datetime, room_id, cost) VALUES ('10', 'Χειρουργική', '1688', '2026-09-08 00:00:00', '2026-09-16 04:00:00', '58', '5728.3');
INSERT INTO hosp_med_act (med_act_id, hosp_id) VALUES ('10', '18');
INSERT INTO patient_record (AMKA, hosp_id) VALUES ('1001214930', '18');
INSERT INTO rating (AMKA, hosp_id, medical_care, nursing_care, cleanliness, food, experience) VALUES ('1001214930', '18', '1', '4', '4', '5', '5');
INSERT INTO admission_diagnosis (hosp_id, diag_id) VALUES ('19', 'T04.2');
INSERT INTO discharge_diagnosis (hosp_id, diag_id) VALUES ('19', 'D38.4');
INSERT INTO hospitalisation (hosp_id, admission_date, discharge_date, dept_name, bed_id, costing_id, carrier_id) VALUES ('19', '2020-02-20', '2020-05-20', 'Outpatient Department (OPD)', '3', '64', '10');
INSERT INTO lab_test (lab_test_id, med_proc_id, doc_id, date, result, cost) VALUES ('14', '8335', '2906627360', '2023-02-20 00:00:00', 'Μπουν πλέον χρησιμοποιούσες. Βιαστικά της μεταγλωτίσει που συγκεντρωμένοι δοκιμάσεις επενδυτής.', '1082.36');
INSERT INTO hosp_lab_test (lab_test_id, hosp_id) VALUES ('14', '19');
INSERT INTO patient_record (AMKA, hosp_id) VALUES ('0906867705', '19');
INSERT INTO rating (AMKA, hosp_id, medical_care, nursing_care, cleanliness, food, experience) VALUES ('0906867705', '19', '4', '5', '1', '4', '2');
INSERT INTO admission_diagnosis (hosp_id, diag_id) VALUES ('20', 'H49.8');
INSERT INTO discharge_diagnosis (hosp_id, diag_id) VALUES ('20', 'O08');
INSERT INTO hospitalisation (hosp_id, admission_date, discharge_date, dept_name, bed_id, costing_id, carrier_id) VALUES ('20', '2026-01-30', '2026-03-25', 'ENT', '8', '679', '10');
INSERT INTO patient_record (AMKA, hosp_id) VALUES ('2704878658', '20');
INSERT INTO rating (AMKA, hosp_id, medical_care, nursing_care, cleanliness, food, experience) VALUES ('2704878658', '20', '5', '1', '5', '5', '2');
INSERT INTO admission_diagnosis (hosp_id, diag_id) VALUES ('21', 'K04.5');
INSERT INTO discharge_diagnosis (hosp_id, diag_id) VALUES ('21', 'Z95.2');
INSERT INTO hospitalisation (hosp_id, admission_date, discharge_date, dept_name, bed_id, costing_id, carrier_id) VALUES ('21', '2020-02-11', '2020-04-12', 'General surgery', '17', '600', '1');
INSERT INTO surgical_act (med_act_id, primary_doc_id) VALUES ('11', '0305579221');
INSERT INTO surgical_act_doctor_assistants (med_act_id, assistant_id) VALUES ('11', '1007513743');
INSERT INTO surgical_act_nurse_assistants (med_act_id, assistant_id) VALUES ('11', '2910435920');
INSERT INTO surgical_act_nurse_assistants (med_act_id, assistant_id) VALUES ('11', '0710837433');
INSERT INTO medical_act (med_act_id, type, med_proc_id, start_datetime, end_datetime, room_id, cost) VALUES ('11', 'Χειρουργική', '6391', '2020-07-06 00:00:00', '2020-09-12 06:00:00', '143', '1190.57');
INSERT INTO hosp_med_act (med_act_id, hosp_id) VALUES ('11', '21');
INSERT INTO patient_record (AMKA, hosp_id) VALUES ('2004552385', '21');
INSERT INTO rating (AMKA, hosp_id, medical_care, nursing_care, cleanliness, food, experience) VALUES ('2004552385', '21', '1', '3', '1', '1', '2');
INSERT INTO admission_diagnosis (hosp_id, diag_id) VALUES ('22', 'M19.0');
INSERT INTO hospitalisation (hosp_id, admission_date, discharge_date, dept_name, bed_id, costing_id, carrier_id) VALUES ('22', '2020-02-16', NULL, 'Gynaecology', '2', '199', '4');
INSERT INTO lab_test (lab_test_id, med_proc_id, doc_id, date, result, cost) VALUES ('15', '9746', '1402646365', '2020-11-05 00:00:00', 'Στις προσπαθήσεις θέλεις συνεντεύξεις. Χρονοδιαγράμματος όταν απαρατήρητο διορθώσει εδώ διάβασε. Διακόψουμε κύκλο απαραίτητο αν περίπου. Ποια δωροδοκηθούν εδώ περιεχόμενα μέχρι συγχωνευτεί.', '4155.04');
INSERT INTO hosp_lab_test (lab_test_id, hosp_id) VALUES ('15', '22');
INSERT INTO medical_act (med_act_id, type, med_proc_id, start_datetime, end_datetime, room_id, cost) VALUES ('12', 'Διαγνωστική', '4546', '2026-11-27 00:00:00', '2027-01-31 08:00:00', '87', '9314.51');
INSERT INTO hosp_med_act (med_act_id, hosp_id) VALUES ('12', '22');
INSERT INTO patient_record (AMKA, hosp_id) VALUES ('2303739960', '22');
INSERT INTO admission_diagnosis (hosp_id, diag_id) VALUES ('23', 'H90.6');
INSERT INTO hospitalisation (hosp_id, admission_date, discharge_date, dept_name, bed_id, costing_id, carrier_id) VALUES ('23', '2026-04-06', NULL, 'General surgery', '5', '311', '2');
INSERT INTO lab_test (lab_test_id, med_proc_id, doc_id, date, result, cost) VALUES ('16', '8621', '1402646365', '2025-07-03 00:00:00', 'Ταξινομεί με θυμάμαι εργαλείων φράση αν πετάνε. Ένας εργαζόμενοι ο φίλος τέλειοι έξι κώδικα. Έξι μη κι τις λέει ένας. Μέρος λοιπόν τρόπο αυτός σταματάς έχω.', '7144.74');
INSERT INTO hosp_lab_test (lab_test_id, hosp_id) VALUES ('16', '23');
INSERT INTO surgical_act (med_act_id, primary_doc_id) VALUES ('13', '2402877693');
INSERT INTO surgical_act_doctor_assistants (med_act_id, assistant_id) VALUES ('13', '3008951757');
INSERT INTO surgical_act_doctor_assistants (med_act_id, assistant_id) VALUES ('13', '1402646365');
INSERT INTO surgical_act_nurse_assistants (med_act_id, assistant_id) VALUES ('13', '3009684644');
INSERT INTO surgical_act_nurse_assistants (med_act_id, assistant_id) VALUES ('13', '1801437951');
INSERT INTO surgical_act_nurse_assistants (med_act_id, assistant_id) VALUES ('13', '2811867092');
INSERT INTO medical_act (med_act_id, type, med_proc_id, start_datetime, end_datetime, room_id, cost) VALUES ('13', 'Χειρουργική', '5016', '2023-10-04 00:00:00', '2023-11-23 06:00:00', '126', '5058.67');
INSERT INTO hosp_med_act (med_act_id, hosp_id) VALUES ('13', '23');
INSERT INTO patient_record (AMKA, hosp_id) VALUES ('1612414904', '23');
INSERT INTO admission_diagnosis (hosp_id, diag_id) VALUES ('24', 'E21.2');
INSERT INTO hospitalisation (hosp_id, admission_date, discharge_date, dept_name, bed_id, costing_id, carrier_id) VALUES ('24', '2021-06-26', NULL, 'Gastroenterology', '15', '631', '1');
INSERT INTO lab_test (lab_test_id, med_proc_id, doc_id, date, result, cost) VALUES ('17', '10503', '1705602559', '2022-03-11 00:00:00', 'Σας προγραμματιστής χαρακτηριστικών εκτελείται. Εξοργιστικά εξακολουθεί στραβά προκύπτουν. Διευθυντές ελέγχου σαν παραδοτέου τον.', '1305.0');
INSERT INTO hosp_lab_test (lab_test_id, hosp_id) VALUES ('17', '24');
INSERT INTO patient_record (AMKA, hosp_id) VALUES ('0310707817', '24');
INSERT INTO admission_diagnosis (hosp_id, diag_id) VALUES ('25', 'H90.0');
INSERT INTO discharge_diagnosis (hosp_id, diag_id) VALUES ('25', 'N49.2');
INSERT INTO hospitalisation (hosp_id, admission_date, discharge_date, dept_name, bed_id, costing_id, carrier_id) VALUES ('25', '2023-11-23', '2023-11-27', 'Anesthesiology', '10', '165', '10');
INSERT INTO lab_test (lab_test_id, med_proc_id, doc_id, date, result, cost) VALUES ('18', '8205', '2911689167', '2024-04-29 00:00:00', 'Αποθηκευτικού υπηρεσία άρα εργαλείων. Πετάνε ορίστε μέσης ακούσει εγώ χειρότερα.
Προκύπτουν δυστυχής πακέτων σας για. Έτσι είχαμε μερικούς πλέον έρθει γραμμής γεγονός για. Κάτι θέλεις ερώτηση πεδία.', '166.46');
INSERT INTO hosp_lab_test (lab_test_id, hosp_id) VALUES ('18', '25');
INSERT INTO patient_record (AMKA, hosp_id) VALUES ('2702953936', '25');
INSERT INTO rating (AMKA, hosp_id, medical_care, nursing_care, cleanliness, food, experience) VALUES ('2702953936', '25', '5', '4', '1', '2', '5');
INSERT INTO admission_diagnosis (hosp_id, diag_id) VALUES ('26', 'C04.9');
INSERT INTO hospitalisation (hosp_id, admission_date, discharge_date, dept_name, bed_id, costing_id, carrier_id) VALUES ('26', '2026-03-26', NULL, 'Intensive care unit (ICU)', '4', '57', '5');
INSERT INTO surgical_act (med_act_id, primary_doc_id) VALUES ('14', '2910450715');
INSERT INTO surgical_act_doctor_assistants (med_act_id, assistant_id) VALUES ('14', '0902609962');
INSERT INTO surgical_act_doctor_assistants (med_act_id, assistant_id) VALUES ('14', '0405994014');
INSERT INTO surgical_act_nurse_assistants (med_act_id, assistant_id) VALUES ('14', '0807914051');
INSERT INTO medical_act (med_act_id, type, med_proc_id, start_datetime, end_datetime, room_id, cost) VALUES ('14', 'Χειρουργική', '4603', '2024-04-11 00:00:00', '2024-07-16 03:00:00', '143', '3237.86');
INSERT INTO hosp_med_act (med_act_id, hosp_id) VALUES ('14', '26');
INSERT INTO patient_record (AMKA, hosp_id) VALUES ('1108228734', '26');
INSERT INTO admission_diagnosis (hosp_id, diag_id) VALUES ('27', 'Y21');
INSERT INTO hospitalisation (hosp_id, admission_date, discharge_date, dept_name, bed_id, costing_id, carrier_id) VALUES ('27', '2026-07-05', NULL, 'Cardiology', '13', '268', '6');
INSERT INTO lab_test (lab_test_id, med_proc_id, doc_id, date, result, cost) VALUES ('19', '9727', '0202939499', '2020-01-25 00:00:00', 'Άρα αν νιρβάνα πάντως κάτι κόλπα. Σωστά εκτελείται συγχωνευτεί συγχρόνως περιεχόμενα βάζοντας. Αποστηθίσει εικόνες αποκλειστικούς ωραίο χρόνου των πάντως. Ειδικά γραμμή σου.', '1804.27');
INSERT INTO hosp_lab_test (lab_test_id, hosp_id) VALUES ('19', '27');
INSERT INTO medical_act (med_act_id, type, med_proc_id, start_datetime, end_datetime, room_id, cost) VALUES ('15', 'Θεραπευτική', '4780', '2021-07-05 00:00:00', '2021-09-06 07:00:00', '129', '3470.35');
INSERT INTO hosp_med_act (med_act_id, hosp_id) VALUES ('15', '27');
INSERT INTO patient_record (AMKA, hosp_id) VALUES ('0104406857', '27');
INSERT INTO admission_diagnosis (hosp_id, diag_id) VALUES ('28', 'L02.2');
INSERT INTO discharge_diagnosis (hosp_id, diag_id) VALUES ('28', 'R04.8');
INSERT INTO hospitalisation (hosp_id, admission_date, discharge_date, dept_name, bed_id, costing_id, carrier_id) VALUES ('28', '2025-01-10', '2025-01-15', 'Inpatient Department (IPD)', '5', '666', '8');
INSERT INTO lab_test (lab_test_id, med_proc_id, doc_id, date, result, cost) VALUES ('20', '6911', '0701944806', '2024-03-18 00:00:00', 'Επιστρέφουν κάνεις μιας χρησιμοποιούσες τα. Προσθέσει όχι θα.
Δεν περισσότερη με ποσοστό. Κι επί παραδώσεις σίγουρος περιμένουν όταν. Προγραμματιστές στα έστειλε προγραμματιστές πάντα ποια.', '2582.66');
INSERT INTO hosp_lab_test (lab_test_id, hosp_id) VALUES ('20', '28');
INSERT INTO patient_record (AMKA, hosp_id) VALUES ('2407167798', '28');
INSERT INTO rating (AMKA, hosp_id, medical_care, nursing_care, cleanliness, food, experience) VALUES ('2407167798', '28', '3', '5', '3', '2', '5');
INSERT INTO admission_diagnosis (hosp_id, diag_id) VALUES ('29', 'K07.3');
INSERT INTO hospitalisation (hosp_id, admission_date, discharge_date, dept_name, bed_id, costing_id, carrier_id) VALUES ('29', '2024-12-11', NULL, 'Outpatient Department (OPD)', '13', '404', '2');
INSERT INTO lab_test (lab_test_id, med_proc_id, doc_id, date, result, cost) VALUES ('21', '8278', '1705602559', '2025-01-21 00:00:00', 'Γραμμές κάτι των ωραίο τεσσαρών οι. Προκύπτουν ίδιο θέμα τρόπο την συγχρόνως εταιρείες εκτελέσεις. Το εγώ κρατάει ελέγχου έξι.', '1277.82');
INSERT INTO hosp_lab_test (lab_test_id, hosp_id) VALUES ('21', '29');
INSERT INTO patient_record (AMKA, hosp_id) VALUES ('1604704605', '29');
INSERT INTO admission_diagnosis (hosp_id, diag_id) VALUES ('30', 'C96.0');
INSERT INTO hospitalisation (hosp_id, admission_date, discharge_date, dept_name, bed_id, costing_id, carrier_id) VALUES ('30', '2024-06-12', NULL, 'Geriatric', '5', '422', '2');
INSERT INTO lab_test (lab_test_id, med_proc_id, doc_id, date, result, cost) VALUES ('22', '8446', '0103962870', '2024-11-19 00:00:00', 'Θα που γραμμές. Τα τους μιας βγήκε ναι.
Πες τεκμηριώνει σίγουρος. Ίδιο απλό απαράδεκτη μέχρι πάντα.', '2129.26');
INSERT INTO hosp_lab_test (lab_test_id, hosp_id) VALUES ('22', '30');
INSERT INTO patient_record (AMKA, hosp_id) VALUES ('0409051150', '30');
INSERT INTO admission_diagnosis (hosp_id, diag_id) VALUES ('31', 'M86.9');
INSERT INTO hospitalisation (hosp_id, admission_date, discharge_date, dept_name, bed_id, costing_id, carrier_id) VALUES ('31', '2024-04-13', NULL, 'Gynaecology', '14', '145', '2');
INSERT INTO lab_test (lab_test_id, med_proc_id, doc_id, date, result, cost) VALUES ('23', '9953', '0701944806', '2025-02-16 00:00:00', 'Μου επί διαπιστώνεις ανταγωνιστής δε περιμένουν παράδειγμα ας. Τα από παράγοντες εδώ απλό το ανά ένα. Για σημαντικό αποφάσισε διαδίκτυο ταξινομεί προγραμματιστής θέμα.', '1897.8');
INSERT INTO hosp_lab_test (lab_test_id, hosp_id) VALUES ('23', '31');
INSERT INTO patient_record (AMKA, hosp_id) VALUES ('2603159752', '31');
INSERT INTO admission_diagnosis (hosp_id, diag_id) VALUES ('32', 'Y61.9');
INSERT INTO hospitalisation (hosp_id, admission_date, discharge_date, dept_name, bed_id, costing_id, carrier_id) VALUES ('32', '2024-10-17', NULL, 'Casualty', '9', '639', '10');
INSERT INTO medical_act (med_act_id, type, med_proc_id, start_datetime, end_datetime, room_id, cost) VALUES ('16', 'Διαγνωστική', '6536', '2023-09-10 00:00:00', '2023-11-11 07:00:00', '144', '2087.6');
INSERT INTO hosp_med_act (med_act_id, hosp_id) VALUES ('16', '32');
INSERT INTO patient_record (AMKA, hosp_id) VALUES ('1105026529', '32');
INSERT INTO admission_diagnosis (hosp_id, diag_id) VALUES ('33', 'V49');
INSERT INTO hospitalisation (hosp_id, admission_date, discharge_date, dept_name, bed_id, costing_id, carrier_id) VALUES ('33', '2021-06-19', NULL, 'ENT', '17', '498', '8');
INSERT INTO surgical_act (med_act_id, primary_doc_id) VALUES ('17', '1908663047');
INSERT INTO surgical_act_doctor_assistants (med_act_id, assistant_id) VALUES ('17', '2911689167');
INSERT INTO surgical_act_doctor_assistants (med_act_id, assistant_id) VALUES ('17', '1209810216');
INSERT INTO surgical_act_nurse_assistants (med_act_id, assistant_id) VALUES ('17', '2906456566');
INSERT INTO medical_act (med_act_id, type, med_proc_id, start_datetime, end_datetime, room_id, cost) VALUES ('17', 'Χειρουργική', '534', '2024-03-26 00:00:00', '2024-05-30 01:00:00', '126', '9868.31');
INSERT INTO hosp_med_act (med_act_id, hosp_id) VALUES ('17', '33');
INSERT INTO patient_record (AMKA, hosp_id) VALUES ('0807776513', '33');
INSERT INTO admission_diagnosis (hosp_id, diag_id) VALUES ('34', 'Q64.6');
INSERT INTO discharge_diagnosis (hosp_id, diag_id) VALUES ('34', 'C90.0');
INSERT INTO hospitalisation (hosp_id, admission_date, discharge_date, dept_name, bed_id, costing_id, carrier_id) VALUES ('34', '2023-04-09', '2023-04-11', 'Anesthesiology', '3', '113', '2');
INSERT INTO patient_record (AMKA, hosp_id) VALUES ('2404933002', '34');
INSERT INTO rating (AMKA, hosp_id, medical_care, nursing_care, cleanliness, food, experience) VALUES ('2404933002', '34', '4', '5', '2', '1', '5');
INSERT INTO admission_diagnosis (hosp_id, diag_id) VALUES ('35', 'C05.2');
INSERT INTO hospitalisation (hosp_id, admission_date, discharge_date, dept_name, bed_id, costing_id, carrier_id) VALUES ('35', '2026-09-07', NULL, 'General surgery', '16', '448', '8');
INSERT INTO lab_test (lab_test_id, med_proc_id, doc_id, date, result, cost) VALUES ('24', '10249', '1301429404', '2025-10-31 00:00:00', 'Εκτός κάτι το επιχείριση επιδιορθώσεις κλπ προσλάμβανες. Συνεχώς κώδικα ζητήσεις για εδώ.', '9466.33');
INSERT INTO hosp_lab_test (lab_test_id, hosp_id) VALUES ('24', '35');
INSERT INTO medical_act (med_act_id, type, med_proc_id, start_datetime, end_datetime, room_id, cost) VALUES ('18', 'Θεραπευτική', '5683', '2026-12-11 00:00:00', '2027-01-13 03:00:00', '102', '2628.12');
INSERT INTO hosp_med_act (med_act_id, hosp_id) VALUES ('18', '35');
INSERT INTO patient_record (AMKA, hosp_id) VALUES ('0106175216', '35');
INSERT INTO admission_diagnosis (hosp_id, diag_id) VALUES ('36', 'K76.7');
INSERT INTO discharge_diagnosis (hosp_id, diag_id) VALUES ('36', 'Z41.0');
INSERT INTO hospitalisation (hosp_id, admission_date, discharge_date, dept_name, bed_id, costing_id, carrier_id) VALUES ('36', '2023-04-19', '2023-06-04', 'Orthopaedic', '10', '367', '8');
INSERT INTO lab_test (lab_test_id, med_proc_id, doc_id, date, result, cost) VALUES ('25', '9996', '0902609962', '2024-10-19 00:00:00', 'Κανόνα πόρτες όχι ποια. Περισσότερες συγχρόνως ο προσθέσει δούλευε.
Εκτός ανεπιθύμητη απαράδεκτη ροή σχεδιαστής. Συνέχεια διακόψουμε άρθρων ρουτίνα μας.', '6529.77');
INSERT INTO hosp_lab_test (lab_test_id, hosp_id) VALUES ('25', '36');
INSERT INTO patient_record (AMKA, hosp_id) VALUES ('0310707817', '36');
INSERT INTO rating (AMKA, hosp_id, medical_care, nursing_care, cleanliness, food, experience) VALUES ('0310707817', '36', '5', '3', '1', '5', '4');
INSERT INTO admission_diagnosis (hosp_id, diag_id) VALUES ('37', 'A64');
INSERT INTO hospitalisation (hosp_id, admission_date, discharge_date, dept_name, bed_id, costing_id, carrier_id) VALUES ('37', '2020-01-23', NULL, 'Neurology', '14', '538', '9');
INSERT INTO lab_test (lab_test_id, med_proc_id, doc_id, date, result, cost) VALUES ('26', '8530', '2801801564', '2023-07-28 00:00:00', 'Τρόποι διολισθήσεις με να στραβά καταλάθος. Εργαζόμενοι ανταγωνιστής ίδιο μας ύψος σας γέλασαν.', '8910.59');
INSERT INTO hosp_lab_test (lab_test_id, hosp_id) VALUES ('26', '37');
INSERT INTO patient_record (AMKA, hosp_id) VALUES ('1101655806', '37');
INSERT INTO admission_diagnosis (hosp_id, diag_id) VALUES ('38', 'K56.2');
INSERT INTO discharge_diagnosis (hosp_id, diag_id) VALUES ('38', 'O98.1');
INSERT INTO hospitalisation (hosp_id, admission_date, discharge_date, dept_name, bed_id, costing_id, carrier_id) VALUES ('38', '2020-05-03', '2020-06-29', 'Intensive care unit (ICU)', '17', '18', '3');
INSERT INTO lab_test (lab_test_id, med_proc_id, doc_id, date, result, cost) VALUES ('27', '7166', '0404978442', '2025-06-15 00:00:00', 'Προκύπτουν πάντως προσλάμβανες τα. Αφήσεις στα πλέον του τον γεγονός σταματάς.', '2434.83');
INSERT INTO hosp_lab_test (lab_test_id, hosp_id) VALUES ('27', '38');
INSERT INTO medical_act (med_act_id, type, med_proc_id, start_datetime, end_datetime, room_id, cost) VALUES ('19', 'Θεραπευτική', '3482', '2023-12-07 00:00:00', '2024-01-23 02:00:00', '44', '844.26');
INSERT INTO hosp_med_act (med_act_id, hosp_id) VALUES ('19', '38');
INSERT INTO patient_record (AMKA, hosp_id) VALUES ('2208165936', '38');
INSERT INTO rating (AMKA, hosp_id, medical_care, nursing_care, cleanliness, food, experience) VALUES ('2208165936', '38', '1', '4', '5', '3', '2');
INSERT INTO admission_diagnosis (hosp_id, diag_id) VALUES ('39', 'Z36.4');
INSERT INTO hospitalisation (hosp_id, admission_date, discharge_date, dept_name, bed_id, costing_id, carrier_id) VALUES ('39', '2024-07-07', NULL, 'Intensive care unit (ICU)', '16', '267', '5');
INSERT INTO lab_test (lab_test_id, med_proc_id, doc_id, date, result, cost) VALUES ('28', '8976', '0312964109', '2020-08-02 00:00:00', 'Ερωτήσεις τη μάτσο του.
Τις στα το πολύ άπειρα ο. Από αποδείξεις αποκλειστικούς μου σου μια βγήκε. Μην έχω μα απόλαυσε.
Κανείς κοιτάζοντας πηγαίου δεν καλύτερο στήλες.', '6134.26');
INSERT INTO hosp_lab_test (lab_test_id, hosp_id) VALUES ('28', '39');
INSERT INTO patient_record (AMKA, hosp_id) VALUES ('0803099805', '39');
INSERT INTO admission_diagnosis (hosp_id, diag_id) VALUES ('40', 'T34.5');
INSERT INTO discharge_diagnosis (hosp_id, diag_id) VALUES ('40', 'N41');
INSERT INTO hospitalisation (hosp_id, admission_date, discharge_date, dept_name, bed_id, costing_id, carrier_id) VALUES ('40', '2020-02-23', '2020-04-26', 'Opthalmology', '11', '154', '4');
INSERT INTO medical_act (med_act_id, type, med_proc_id, start_datetime, end_datetime, room_id, cost) VALUES ('20', 'Διαγνωστική', '4404', '2021-12-07 00:00:00', '2022-01-09 08:00:00', '120', '9918.37');
INSERT INTO hosp_med_act (med_act_id, hosp_id) VALUES ('20', '40');
INSERT INTO patient_record (AMKA, hosp_id) VALUES ('0405769536', '40');
INSERT INTO rating (AMKA, hosp_id, medical_care, nursing_care, cleanliness, food, experience) VALUES ('0405769536', '40', '2', '4', '1', '5', '4');
INSERT INTO admission_diagnosis (hosp_id, diag_id) VALUES ('41', 'G59.0*');
INSERT INTO hospitalisation (hosp_id, admission_date, discharge_date, dept_name, bed_id, costing_id, carrier_id) VALUES ('41', '2020-04-08', NULL, 'Anesthesiology', '1', '455', '3');
INSERT INTO medical_act (med_act_id, type, med_proc_id, start_datetime, end_datetime, room_id, cost) VALUES ('21', 'Διαγνωστική', '2095', '2025-04-07 00:00:00', '2025-06-04 06:00:00', '54', '8220.44');
INSERT INTO hosp_med_act (med_act_id, hosp_id) VALUES ('21', '41');
INSERT INTO patient_record (AMKA, hosp_id) VALUES ('1211580926', '41');
INSERT INTO admission_diagnosis (hosp_id, diag_id) VALUES ('42', 'Q85.8');
INSERT INTO discharge_diagnosis (hosp_id, diag_id) VALUES ('42', 'Q35.5');
INSERT INTO hospitalisation (hosp_id, admission_date, discharge_date, dept_name, bed_id, costing_id, carrier_id) VALUES ('42', '2022-04-20', '2022-06-17', 'ENT', '13', '424', '2');
INSERT INTO medical_act (med_act_id, type, med_proc_id, start_datetime, end_datetime, room_id, cost) VALUES ('22', 'Διαγνωστική', '5341', '2024-06-16 00:00:00', '2024-08-12 04:00:00', '149', '2146.89');
INSERT INTO hosp_med_act (med_act_id, hosp_id) VALUES ('22', '42');
INSERT INTO patient_record (AMKA, hosp_id) VALUES ('1108228734', '42');
INSERT INTO rating (AMKA, hosp_id, medical_care, nursing_care, cleanliness, food, experience) VALUES ('1108228734', '42', '5', '2', '3', '1', '2');
INSERT INTO admission_diagnosis (hosp_id, diag_id) VALUES ('43', 'M61.1');
INSERT INTO hospitalisation (hosp_id, admission_date, discharge_date, dept_name, bed_id, costing_id, carrier_id) VALUES ('43', '2023-04-08', NULL, 'Haematology', '1', '103', '7');
INSERT INTO patient_record (AMKA, hosp_id) VALUES ('2202794381', '43');
INSERT INTO admission_diagnosis (hosp_id, diag_id) VALUES ('44', 'Q43.8');
INSERT INTO hospitalisation (hosp_id, admission_date, discharge_date, dept_name, bed_id, costing_id, carrier_id) VALUES ('44', '2023-08-23', NULL, 'Orthopaedic', '17', '546', '2');
INSERT INTO lab_test (lab_test_id, med_proc_id, doc_id, date, result, cost) VALUES ('29', '10888', '1705602559', '2020-10-07 00:00:00', 'Επιστρέφουν και πάντως κάτι τις παράγοντες. Χρησιμοποιώντας καλύτερο πολύ δημιουργήσεις εργοστασίου την ένα. Εγώ κάτι βγήκε αφήσεις περισσότερες αν μιας.', '3348.55');
INSERT INTO hosp_lab_test (lab_test_id, hosp_id) VALUES ('29', '44');
INSERT INTO patient_record (AMKA, hosp_id) VALUES ('1504489594', '44');
INSERT INTO admission_diagnosis (hosp_id, diag_id) VALUES ('45', 'V59.8');
INSERT INTO hospitalisation (hosp_id, admission_date, discharge_date, dept_name, bed_id, costing_id, carrier_id) VALUES ('45', '2021-06-19', NULL, 'Oncology', '13', '391', '6');
INSERT INTO lab_test (lab_test_id, med_proc_id, doc_id, date, result, cost) VALUES ('30', '9177', '2910956816', '2020-08-11 00:00:00', 'Του γειτονιάς του έστειλε. Στις νέο κώδικάς περιεχόμενα συνεντεύξεις ανά. Θυμάμαι των συνηθίζουν λαμβάνουν αφήσεις μου.
Απομόνωση τέλειοι διακοπής νέα τα. Μιας σωστά διευθυντές δεδομένων.', '1450.15');
INSERT INTO hosp_lab_test (lab_test_id, hosp_id) VALUES ('30', '45');
INSERT INTO patient_record (AMKA, hosp_id) VALUES ('0606582144', '45');
INSERT INTO admission_diagnosis (hosp_id, diag_id) VALUES ('46', 'J98.1');
INSERT INTO discharge_diagnosis (hosp_id, diag_id) VALUES ('46', 'A19.2');
INSERT INTO hospitalisation (hosp_id, admission_date, discharge_date, dept_name, bed_id, costing_id, carrier_id) VALUES ('46', '2024-06-05', '2024-08-17', 'Outpatient Department (OPD)', '12', '485', '6');
INSERT INTO lab_test (lab_test_id, med_proc_id, doc_id, date, result, cost) VALUES ('31', '10710', '2010494529', '2025-08-07 00:00:00', 'Συγγραφείς χρόνου άρα πως σε τα. Θέμα έξι βασανίζουν βρίσκονται τη λίγο. Ότι εκτελείται ημέρα πολύ περιβάλλοντος και.', '2540.1');
INSERT INTO hosp_lab_test (lab_test_id, hosp_id) VALUES ('31', '46');
INSERT INTO surgical_act (med_act_id, primary_doc_id) VALUES ('23', '2801801564');
INSERT INTO surgical_act_doctor_assistants (med_act_id, assistant_id) VALUES ('23', '0305579221');
INSERT INTO surgical_act_doctor_assistants (med_act_id, assistant_id) VALUES ('23', '2305692753');
INSERT INTO surgical_act_nurse_assistants (med_act_id, assistant_id) VALUES ('23', '1401961017');
INSERT INTO surgical_act_nurse_assistants (med_act_id, assistant_id) VALUES ('23', '2007568464');
INSERT INTO medical_act (med_act_id, type, med_proc_id, start_datetime, end_datetime, room_id, cost) VALUES ('23', 'Χειρουργική', '5747', '2024-06-08 00:00:00', '2024-06-24 08:00:00', '5', '5962.12');
INSERT INTO hosp_med_act (med_act_id, hosp_id) VALUES ('23', '46');
INSERT INTO patient_record (AMKA, hosp_id) VALUES ('2404933002', '46');
INSERT INTO rating (AMKA, hosp_id, medical_care, nursing_care, cleanliness, food, experience) VALUES ('2404933002', '46', '5', '5', '4', '4', '1');
INSERT INTO admission_diagnosis (hosp_id, diag_id) VALUES ('47', 'M72.0');
INSERT INTO discharge_diagnosis (hosp_id, diag_id) VALUES ('47', 'G23.2');
INSERT INTO hospitalisation (hosp_id, admission_date, discharge_date, dept_name, bed_id, costing_id, carrier_id) VALUES ('47', '2021-05-19', '2021-05-23', 'Opthalmology', '14', '171', '9');
INSERT INTO lab_test (lab_test_id, med_proc_id, doc_id, date, result, cost) VALUES ('32', '9492', '1207427571', '2024-04-14 00:00:00', 'Εξακολουθεί σκεφτείς αλγόριθμου εκτελέσεις. Κάτι οι παραγωγικής αποθηκευτικού ένα παίρνουν παίρνουν. Πρόσληψη μερικούς προκύπτουν βιβλίο ναι.', '8997.49');
INSERT INTO hosp_lab_test (lab_test_id, hosp_id) VALUES ('32', '47');
INSERT INTO medical_act (med_act_id, type, med_proc_id, start_datetime, end_datetime, room_id, cost) VALUES ('24', 'Διαγνωστική', '4140', '2024-05-06 00:00:00', '2024-07-30 06:00:00', '109', '5863.68');
INSERT INTO hosp_med_act (med_act_id, hosp_id) VALUES ('24', '47');
INSERT INTO patient_record (AMKA, hosp_id) VALUES ('2502522038', '47');
INSERT INTO rating (AMKA, hosp_id, medical_care, nursing_care, cleanliness, food, experience) VALUES ('2502522038', '47', '3', '4', '2', '2', '3');
INSERT INTO admission_diagnosis (hosp_id, diag_id) VALUES ('48', 'C78.8');
INSERT INTO hospitalisation (hosp_id, admission_date, discharge_date, dept_name, bed_id, costing_id, carrier_id) VALUES ('48', '2023-01-29', NULL, 'Oncology', '3', '227', '1');
INSERT INTO lab_test (lab_test_id, med_proc_id, doc_id, date, result, cost) VALUES ('33', '10074', '2411651898', '2026-01-24 00:00:00', 'Απόλαυσε εγώ ζητήσεις θέμα παράγοντες. Έτσι προγραμματιστής σε έρθει.
Απίστευτα προσλάμβανες ανά ας ύψος. Προσπαθήσεις από δημιουργήσεις ιδιαίτερα εδώ.', '3437.74');
INSERT INTO hosp_lab_test (lab_test_id, hosp_id) VALUES ('33', '48');
INSERT INTO patient_record (AMKA, hosp_id) VALUES ('2407167798', '48');
INSERT INTO admission_diagnosis (hosp_id, diag_id) VALUES ('49', 'T29.3');
INSERT INTO discharge_diagnosis (hosp_id, diag_id) VALUES ('49', 'T79.6');
INSERT INTO hospitalisation (hosp_id, admission_date, discharge_date, dept_name, bed_id, costing_id, carrier_id) VALUES ('49', '2023-06-25', '2023-08-28', 'General surgery', '3', '417', '10');
INSERT INTO lab_test (lab_test_id, med_proc_id, doc_id, date, result, cost) VALUES ('34', '7678', '1611621504', '2024-07-03 00:00:00', 'Παίρνει εγώ δυστυχής ανακλύψεις τον χρησιμοποιούσες εξαρτάται. Νιρβάνα τρόπο δυστυχώς εκτός περισσότερες εφαρμογής. Όταν καλύτερο βγήκε μάλλον πρώτο δωροδοκηθούν πόρτες.', '6642.43');
INSERT INTO hosp_lab_test (lab_test_id, hosp_id) VALUES ('34', '49');
INSERT INTO patient_record (AMKA, hosp_id) VALUES ('1206681535', '49');
INSERT INTO rating (AMKA, hosp_id, medical_care, nursing_care, cleanliness, food, experience) VALUES ('1206681535', '49', '2', '1', '1', '3', '3');
INSERT INTO admission_diagnosis (hosp_id, diag_id) VALUES ('50', 'S10.8');
INSERT INTO discharge_diagnosis (hosp_id, diag_id) VALUES ('50', 'V65');
INSERT INTO hospitalisation (hosp_id, admission_date, discharge_date, dept_name, bed_id, costing_id, carrier_id) VALUES ('50', '2021-07-19', '2021-09-30', 'Inpatient Department (IPD)', '5', '309', '3');
INSERT INTO lab_test (lab_test_id, med_proc_id, doc_id, date, result, cost) VALUES ('35', '10190', '2406419109', '2022-06-03 00:00:00', 'Σταματάς γεύματος ίδιο ευκολότερο σου. Όχι παραδοτέου χώρου δυστυχής αν. Ρουτίνα βιβλίο αθόρυβες βγήκε πες.
Δημιουργια μεταφραστής γεγονός φίλος δεν.', '3797.74');
INSERT INTO hosp_lab_test (lab_test_id, hosp_id) VALUES ('35', '50');
INSERT INTO patient_record (AMKA, hosp_id) VALUES ('1603558833', '50');
INSERT INTO rating (AMKA, hosp_id, medical_care, nursing_care, cleanliness, food, experience) VALUES ('1603558833', '50', '3', '4', '1', '1', '3');
INSERT INTO admission_diagnosis (hosp_id, diag_id) VALUES ('51', 'T42.0');
INSERT INTO discharge_diagnosis (hosp_id, diag_id) VALUES ('51', 'H01');
INSERT INTO hospitalisation (hosp_id, admission_date, discharge_date, dept_name, bed_id, costing_id, carrier_id) VALUES ('51', '2023-02-19', '2023-04-26', 'General surgery', '17', '353', '10');
INSERT INTO lab_test (lab_test_id, med_proc_id, doc_id, date, result, cost) VALUES ('36', '7680', '2111532740', '2023-12-12 00:00:00', 'Διακοπής χαρακτηριστικών εγώ φίλος στα στη λίγο πάντα. Σωστά καταλάθος στα προβληματική έξι θέματα. Δυστυχής συνάδελφος κόψεις άτομο περιβάλλον πιο. Συνάδελφος στη περισσότερες νόμιζες που.', '89.27');
INSERT INTO hosp_lab_test (lab_test_id, hosp_id) VALUES ('36', '51');
INSERT INTO patient_record (AMKA, hosp_id) VALUES ('0606763202', '51');
INSERT INTO rating (AMKA, hosp_id, medical_care, nursing_care, cleanliness, food, experience) VALUES ('0606763202', '51', '5', '4', '4', '3', '1');
INSERT INTO admission_diagnosis (hosp_id, diag_id) VALUES ('52', 'H40.4');
INSERT INTO hospitalisation (hosp_id, admission_date, discharge_date, dept_name, bed_id, costing_id, carrier_id) VALUES ('52', '2024-11-29', NULL, 'Haematology', '9', '174', '8');
INSERT INTO lab_test (lab_test_id, med_proc_id, doc_id, date, result, cost) VALUES ('37', '6739', '0103962870', '2026-11-06 00:00:00', 'Πιο φράση δείξει ένας εργαζόμενων φακέλους των. Ο μέρος λαμβάνουν κάνεις επί.
Μέσης δύο θέλεις πάρεις τοπικές.', '8010.94');
INSERT INTO hosp_lab_test (lab_test_id, hosp_id) VALUES ('37', '52');
INSERT INTO patient_record (AMKA, hosp_id) VALUES ('0803099805', '52');
INSERT INTO admission_diagnosis (hosp_id, diag_id) VALUES ('53', 'K30');
INSERT INTO hospitalisation (hosp_id, admission_date, discharge_date, dept_name, bed_id, costing_id, carrier_id) VALUES ('53', '2022-01-05', NULL, 'General surgery', '2', '300', '8');
INSERT INTO lab_test (lab_test_id, med_proc_id, doc_id, date, result, cost) VALUES ('38', '8812', '0708733889', '2022-02-15 00:00:00', 'Πάντως δύο πιο πάντως εφαρμογή περίπου συγχωνευτεί. Βάζοντας μάτσο ας.', '1996.95');
INSERT INTO hosp_lab_test (lab_test_id, hosp_id) VALUES ('38', '53');
INSERT INTO surgical_act (med_act_id, primary_doc_id) VALUES ('25', '2906540192');
INSERT INTO surgical_act_doctor_assistants (med_act_id, assistant_id) VALUES ('25', '3108788705');
INSERT INTO surgical_act_nurse_assistants (med_act_id, assistant_id) VALUES ('25', '1005405863');
INSERT INTO surgical_act_nurse_assistants (med_act_id, assistant_id) VALUES ('25', '0104472353');
INSERT INTO medical_act (med_act_id, type, med_proc_id, start_datetime, end_datetime, room_id, cost) VALUES ('25', 'Χειρουργική', '3194', '2025-10-28 00:00:00', '2026-01-02 10:00:00', '58', '5654.7');
INSERT INTO hosp_med_act (med_act_id, hosp_id) VALUES ('25', '53');
INSERT INTO patient_record (AMKA, hosp_id) VALUES ('1108228734', '53');
INSERT INTO admission_diagnosis (hosp_id, diag_id) VALUES ('54', 'Q25.1');
INSERT INTO hospitalisation (hosp_id, admission_date, discharge_date, dept_name, bed_id, costing_id, carrier_id) VALUES ('54', '2026-03-23', NULL, 'ENT', '12', '380', '3');
INSERT INTO patient_record (AMKA, hosp_id) VALUES ('3105047062', '54');
INSERT INTO admission_diagnosis (hosp_id, diag_id) VALUES ('55', 'X93');
INSERT INTO hospitalisation (hosp_id, admission_date, discharge_date, dept_name, bed_id, costing_id, carrier_id) VALUES ('55', '2024-08-05', NULL, 'Opthalmology', '15', '170', '1');
INSERT INTO medical_act (med_act_id, type, med_proc_id, start_datetime, end_datetime, room_id, cost) VALUES ('26', 'Διαγνωστική', '868', '2021-06-05 00:00:00', '2021-06-09 03:00:00', '61', '7644.23');
INSERT INTO hosp_med_act (med_act_id, hosp_id) VALUES ('26', '55');
INSERT INTO patient_record (AMKA, hosp_id) VALUES ('1009586249', '55');
INSERT INTO admission_diagnosis (hosp_id, diag_id) VALUES ('56', 'F41.0');
INSERT INTO discharge_diagnosis (hosp_id, diag_id) VALUES ('56', 'X64');
INSERT INTO hospitalisation (hosp_id, admission_date, discharge_date, dept_name, bed_id, costing_id, carrier_id) VALUES ('56', '2025-08-16', '2025-09-18', 'Haematology', '17', '117', '4');
INSERT INTO medical_act (med_act_id, type, med_proc_id, start_datetime, end_datetime, room_id, cost) VALUES ('27', 'Θεραπευτική', '1017', '2022-05-30 00:00:00', '2022-08-11 04:00:00', '33', '8437.34');
INSERT INTO hosp_med_act (med_act_id, hosp_id) VALUES ('27', '56');
INSERT INTO patient_record (AMKA, hosp_id) VALUES ('0211747520', '56');
INSERT INTO rating (AMKA, hosp_id, medical_care, nursing_care, cleanliness, food, experience) VALUES ('0211747520', '56', '5', '5', '1', '2', '2');
INSERT INTO admission_diagnosis (hosp_id, diag_id) VALUES ('57', 'E75.3');
INSERT INTO hospitalisation (hosp_id, admission_date, discharge_date, dept_name, bed_id, costing_id, carrier_id) VALUES ('57', '2020-08-15', NULL, 'Gynaecology', '3', '54', '2');
INSERT INTO patient_record (AMKA, hosp_id) VALUES ('0204156229', '57');
INSERT INTO admission_diagnosis (hosp_id, diag_id) VALUES ('58', 'T82.4');
INSERT INTO hospitalisation (hosp_id, admission_date, discharge_date, dept_name, bed_id, costing_id, carrier_id) VALUES ('58', '2023-03-11', NULL, 'Pediatrics', '12', '93', '6');
INSERT INTO medical_act (med_act_id, type, med_proc_id, start_datetime, end_datetime, room_id, cost) VALUES ('28', 'Διαγνωστική', '3183', '2025-07-18 00:00:00', '2025-09-29 02:00:00', '41', '342.16');
INSERT INTO hosp_med_act (med_act_id, hosp_id) VALUES ('28', '58');
INSERT INTO patient_record (AMKA, hosp_id) VALUES ('0608947743', '58');
INSERT INTO admission_diagnosis (hosp_id, diag_id) VALUES ('59', 'S34.4');
INSERT INTO hospitalisation (hosp_id, admission_date, discharge_date, dept_name, bed_id, costing_id, carrier_id) VALUES ('59', '2020-09-02', NULL, 'Haematology', '8', '702', '4');
INSERT INTO lab_test (lab_test_id, med_proc_id, doc_id, date, result, cost) VALUES ('39', '8987', '1808559940', '2023-03-24 00:00:00', 'Από χρησιμοποιούσες δε βιαστικά την πεδία. Μερικούς ναι σημαντικό διακοπής που γιαυτό.', '5415.14');
INSERT INTO hosp_lab_test (lab_test_id, hosp_id) VALUES ('39', '59');
INSERT INTO surgical_act (med_act_id, primary_doc_id) VALUES ('29', '2801897549');
INSERT INTO surgical_act_doctor_assistants (med_act_id, assistant_id) VALUES ('29', '0807736496');
INSERT INTO surgical_act_doctor_assistants (med_act_id, assistant_id) VALUES ('29', '3110765587');
INSERT INTO surgical_act_nurse_assistants (med_act_id, assistant_id) VALUES ('29', '2704464646');
INSERT INTO surgical_act_nurse_assistants (med_act_id, assistant_id) VALUES ('29', '1006547847');
INSERT INTO medical_act (med_act_id, type, med_proc_id, start_datetime, end_datetime, room_id, cost) VALUES ('29', 'Χειρουργική', '3136', '2023-10-27 00:00:00', '2023-11-11 03:00:00', '143', '1600.74');
INSERT INTO hosp_med_act (med_act_id, hosp_id) VALUES ('29', '59');
INSERT INTO patient_record (AMKA, hosp_id) VALUES ('2109666755', '59');
INSERT INTO admission_diagnosis (hosp_id, diag_id) VALUES ('60', 'C57.0');
INSERT INTO discharge_diagnosis (hosp_id, diag_id) VALUES ('60', 'S21.9');
INSERT INTO hospitalisation (hosp_id, admission_date, discharge_date, dept_name, bed_id, costing_id, carrier_id) VALUES ('60', '2024-07-10', '2024-07-15', 'ENT', '8', '105', '10');
INSERT INTO lab_test (lab_test_id, med_proc_id, doc_id, date, result, cost) VALUES ('40', '9684', '2710919774', '2021-07-12 00:00:00', 'Διορθώσεις δύο διολισθήσεις συγκεντρωμένοι. Έξι μα αφήσεις έτσι παραδοτέου κόλπα επιδιόρθωση. Ανεπιθύμητη στα όσο αθόρυβες.', '1224.18');
INSERT INTO hosp_lab_test (lab_test_id, hosp_id) VALUES ('40', '60');
INSERT INTO patient_record (AMKA, hosp_id) VALUES ('0903954105', '60');
INSERT INTO rating (AMKA, hosp_id, medical_care, nursing_care, cleanliness, food, experience) VALUES ('0903954105', '60', '5', '4', '1', '5', '5');
INSERT INTO admission_diagnosis (hosp_id, diag_id) VALUES ('61', 'B50');
INSERT INTO discharge_diagnosis (hosp_id, diag_id) VALUES ('61', 'P92.9');
INSERT INTO hospitalisation (hosp_id, admission_date, discharge_date, dept_name, bed_id, costing_id, carrier_id) VALUES ('61', '2026-05-24', '2026-07-25', 'ENT', '10', '604', '2');
INSERT INTO lab_test (lab_test_id, med_proc_id, doc_id, date, result, cost) VALUES ('41', '10328', '3008951757', '2021-06-03 00:00:00', 'Στη ζητήσεις νόμιζες κάνεις τρόποι. Διοικητικό επιχείριση γραφικά εγώ κάτι αν. Φράση μέγιστη μέρος για.', '8994.35');
INSERT INTO hosp_lab_test (lab_test_id, hosp_id) VALUES ('41', '61');
INSERT INTO surgical_act (med_act_id, primary_doc_id) VALUES ('30', '2402877693');
INSERT INTO surgical_act_doctor_assistants (med_act_id, assistant_id) VALUES ('30', '3110765587');
INSERT INTO surgical_act_nurse_assistants (med_act_id, assistant_id) VALUES ('30', '2411954432');
INSERT INTO medical_act (med_act_id, type, med_proc_id, start_datetime, end_datetime, room_id, cost) VALUES ('30', 'Χειρουργική', '3248', '2024-03-20 00:00:00', '2024-06-05 08:00:00', '112', '7914.53');
INSERT INTO hosp_med_act (med_act_id, hosp_id) VALUES ('30', '61');
INSERT INTO patient_record (AMKA, hosp_id) VALUES ('1612414904', '61');
INSERT INTO rating (AMKA, hosp_id, medical_care, nursing_care, cleanliness, food, experience) VALUES ('1612414904', '61', '1', '2', '3', '3', '5');
INSERT INTO admission_diagnosis (hosp_id, diag_id) VALUES ('62', 'Q17.0');
INSERT INTO discharge_diagnosis (hosp_id, diag_id) VALUES ('62', 'D02.1');
INSERT INTO hospitalisation (hosp_id, admission_date, discharge_date, dept_name, bed_id, costing_id, carrier_id) VALUES ('62', '2024-07-26', '2024-09-24', 'Psychiatry', '9', '458', '6');
INSERT INTO lab_test (lab_test_id, med_proc_id, doc_id, date, result, cost) VALUES ('42', '9517', '2106602456', '2025-06-08 00:00:00', 'Καταλάθος και περιβάλλον. Προσλάμβανες περιεχόμενα μέχρι αποδείξεις πάντα παράδειγμα ιδιαίτερα δημιουργείς.
Εσωτερικών και πρόσληψη πιο μας χειρότερα.', '8413.27');
INSERT INTO hosp_lab_test (lab_test_id, hosp_id) VALUES ('42', '62');
INSERT INTO patient_record (AMKA, hosp_id) VALUES ('1206249935', '62');
INSERT INTO rating (AMKA, hosp_id, medical_care, nursing_care, cleanliness, food, experience) VALUES ('1206249935', '62', '2', '2', '2', '2', '5');
INSERT INTO admission_diagnosis (hosp_id, diag_id) VALUES ('63', 'H68.0');
INSERT INTO discharge_diagnosis (hosp_id, diag_id) VALUES ('63', 'F25.9');
INSERT INTO hospitalisation (hosp_id, admission_date, discharge_date, dept_name, bed_id, costing_id, carrier_id) VALUES ('63', '2020-07-29', '2020-08-26', 'General surgery', '10', '419', '2');
INSERT INTO patient_record (AMKA, hosp_id) VALUES ('0211577555', '63');
INSERT INTO rating (AMKA, hosp_id, medical_care, nursing_care, cleanliness, food, experience) VALUES ('0211577555', '63', '1', '5', '1', '2', '4');
INSERT INTO admission_diagnosis (hosp_id, diag_id) VALUES ('64', 'M49*');
INSERT INTO discharge_diagnosis (hosp_id, diag_id) VALUES ('64', 'A01');
INSERT INTO hospitalisation (hosp_id, admission_date, discharge_date, dept_name, bed_id, costing_id, carrier_id) VALUES ('64', '2021-07-20', '2021-10-07', 'Operating theatre (OT)', '15', '63', '5');
INSERT INTO lab_test (lab_test_id, med_proc_id, doc_id, date, result, cost) VALUES ('43', '8189', '1109428284', '2023-11-23 00:00:00', 'Λαμβάνουν γνωρίζουμε έξι μετράει. Μια αφήσεις βρίσκονται πολύ. Πως παίρνει βγήκε πάρεις εκτός πηγαίου στις. Πλέον μια και νιρβάνα εκτελείται των ίδιο.', '1479.98');
INSERT INTO hosp_lab_test (lab_test_id, hosp_id) VALUES ('43', '64');
INSERT INTO patient_record (AMKA, hosp_id) VALUES ('2211615129', '64');
INSERT INTO rating (AMKA, hosp_id, medical_care, nursing_care, cleanliness, food, experience) VALUES ('2211615129', '64', '3', '5', '2', '4', '3');
INSERT INTO admission_diagnosis (hosp_id, diag_id) VALUES ('65', 'L43');
INSERT INTO hospitalisation (hosp_id, admission_date, discharge_date, dept_name, bed_id, costing_id, carrier_id) VALUES ('65', '2024-08-12', NULL, 'ENT', '1', '693', '9');
INSERT INTO lab_test (lab_test_id, med_proc_id, doc_id, date, result, cost) VALUES ('44', '9234', '1803800903', '2023-10-23 00:00:00', 'Της παίξουν εντολές ζητήσεις μη πάντως ένα. Ότι πακέτων κρατάει όταν εξαρτάται ίδιο.
Αγοράζοντας πρώτοι θα ερώτηση. Προγραμματιστής κόλπα εκθέσεις εκείνου ρωτήσει. Και αυτήν ποια ένας μιας μέσης.', '3497.68');
INSERT INTO hosp_lab_test (lab_test_id, hosp_id) VALUES ('44', '65');
INSERT INTO medical_act (med_act_id, type, med_proc_id, start_datetime, end_datetime, room_id, cost) VALUES ('31', 'Διαγνωστική', '4694', '2025-02-04 00:00:00', '2025-03-04 07:00:00', '128', '630.86');
INSERT INTO hosp_med_act (med_act_id, hosp_id) VALUES ('31', '65');
INSERT INTO patient_record (AMKA, hosp_id) VALUES ('1010459322', '65');
INSERT INTO admission_diagnosis (hosp_id, diag_id) VALUES ('66', 'W90');
INSERT INTO discharge_diagnosis (hosp_id, diag_id) VALUES ('66', 'N14.4');
INSERT INTO hospitalisation (hosp_id, admission_date, discharge_date, dept_name, bed_id, costing_id, carrier_id) VALUES ('66', '2024-04-10', '2024-06-25', 'Haematology', '1', '442', '9');
INSERT INTO medical_act (med_act_id, type, med_proc_id, start_datetime, end_datetime, room_id, cost) VALUES ('32', 'Θεραπευτική', '515', '2024-02-20 00:00:00', '2024-04-16 08:00:00', '70', '8298.17');
INSERT INTO hosp_med_act (med_act_id, hosp_id) VALUES ('32', '66');
INSERT INTO patient_record (AMKA, hosp_id) VALUES ('0310669006', '66');
INSERT INTO rating (AMKA, hosp_id, medical_care, nursing_care, cleanliness, food, experience) VALUES ('0310669006', '66', '4', '3', '1', '3', '3');
INSERT INTO admission_diagnosis (hosp_id, diag_id) VALUES ('67', 'O26.0');
INSERT INTO discharge_diagnosis (hosp_id, diag_id) VALUES ('67', 'Z04');
INSERT INTO hospitalisation (hosp_id, admission_date, discharge_date, dept_name, bed_id, costing_id, carrier_id) VALUES ('67', '2024-12-30', '2025-01-25', 'Orthopaedic', '7', '578', '6');
INSERT INTO medical_act (med_act_id, type, med_proc_id, start_datetime, end_datetime, room_id, cost) VALUES ('33', 'Διαγνωστική', '4385', '2021-11-14 00:00:00', '2021-12-04 01:00:00', '125', '7680.94');
INSERT INTO hosp_med_act (med_act_id, hosp_id) VALUES ('33', '67');
INSERT INTO patient_record (AMKA, hosp_id) VALUES ('0411145672', '67');
INSERT INTO rating (AMKA, hosp_id, medical_care, nursing_care, cleanliness, food, experience) VALUES ('0411145672', '67', '2', '3', '4', '4', '1');
INSERT INTO admission_diagnosis (hosp_id, diag_id) VALUES ('68', 'S17.8');
INSERT INTO hospitalisation (hosp_id, admission_date, discharge_date, dept_name, bed_id, costing_id, carrier_id) VALUES ('68', '2022-07-31', NULL, 'Psychiatry', '5', '588', '7');
INSERT INTO lab_test (lab_test_id, med_proc_id, doc_id, date, result, cost) VALUES ('45', '10186', '0306542190', '2024-04-15 00:00:00', 'Εγώ το συνηθίζουν αρέσει τι κανόνα εγώ. Δύο εργαζόμενων χαρακτηριστικό σχεδιαστής πιο να. Αρχεία χαρτιού μη.
Δε όσο επί. Έλεγχος διορθώσει φίλος διάσημα πλέον παραγωγικής.', '8944.11');
INSERT INTO hosp_lab_test (lab_test_id, hosp_id) VALUES ('45', '68');
INSERT INTO medical_act (med_act_id, type, med_proc_id, start_datetime, end_datetime, room_id, cost) VALUES ('34', 'Διαγνωστική', '3512', '2023-06-30 00:00:00', '2023-08-03 01:00:00', '36', '9327.0');
INSERT INTO hosp_med_act (med_act_id, hosp_id) VALUES ('34', '68');
INSERT INTO patient_record (AMKA, hosp_id) VALUES ('1611548914', '68');
INSERT INTO admission_diagnosis (hosp_id, diag_id) VALUES ('69', 'A30.0');
INSERT INTO hospitalisation (hosp_id, admission_date, discharge_date, dept_name, bed_id, costing_id, carrier_id) VALUES ('69', '2022-07-06', NULL, 'Outpatient Department (OPD)', '12', '139', '6');
INSERT INTO lab_test (lab_test_id, med_proc_id, doc_id, date, result, cost) VALUES ('46', '8559', '1701623027', '2020-12-07 00:00:00', 'Σαν γειτονιάς ρουτίνα ο ώρα εκδόσεις από έτσι. Κειμένων λετπά αν ίδιο έγραψες δύο πήρε. Λίγο θέλεις στα δωροδοκηθούν δοκιμάσεις μιας εκτελείται σας.', '7492.14');
INSERT INTO hosp_lab_test (lab_test_id, hosp_id) VALUES ('46', '69');
INSERT INTO patient_record (AMKA, hosp_id) VALUES ('2404429599', '69');
INSERT INTO admission_diagnosis (hosp_id, diag_id) VALUES ('70', 'D72.0');
INSERT INTO hospitalisation (hosp_id, admission_date, discharge_date, dept_name, bed_id, costing_id, carrier_id) VALUES ('70', '2024-03-14', NULL, 'Intensive care unit (ICU)', '10', '259', '2');
INSERT INTO surgical_act (med_act_id, primary_doc_id) VALUES ('35', '1908663047');
INSERT INTO surgical_act_doctor_assistants (med_act_id, assistant_id) VALUES ('35', '2106602456');
INSERT INTO surgical_act_doctor_assistants (med_act_id, assistant_id) VALUES ('35', '2402877693');
INSERT INTO surgical_act_nurse_assistants (med_act_id, assistant_id) VALUES ('35', '3101766130');
INSERT INTO medical_act (med_act_id, type, med_proc_id, start_datetime, end_datetime, room_id, cost) VALUES ('35', 'Χειρουργική', '2239', '2021-01-29 00:00:00', '2021-02-26 09:00:00', '82', '641.06');
INSERT INTO hosp_med_act (med_act_id, hosp_id) VALUES ('35', '70');
INSERT INTO patient_record (AMKA, hosp_id) VALUES ('1904784361', '70');
INSERT INTO admission_diagnosis (hosp_id, diag_id) VALUES ('71', 'D32.1');
INSERT INTO discharge_diagnosis (hosp_id, diag_id) VALUES ('71', 'G91.9');
INSERT INTO hospitalisation (hosp_id, admission_date, discharge_date, dept_name, bed_id, costing_id, carrier_id) VALUES ('71', '2024-03-18', '2024-04-17', 'ENT', '7', '655', '9');
INSERT INTO patient_record (AMKA, hosp_id) VALUES ('2303739960', '71');
INSERT INTO rating (AMKA, hosp_id, medical_care, nursing_care, cleanliness, food, experience) VALUES ('2303739960', '71', '5', '4', '5', '5', '1');
INSERT INTO admission_diagnosis (hosp_id, diag_id) VALUES ('72', 'B47.0');
INSERT INTO hospitalisation (hosp_id, admission_date, discharge_date, dept_name, bed_id, costing_id, carrier_id) VALUES ('72', '2026-09-29', NULL, 'Geriatric', '14', '514', '8');
INSERT INTO lab_test (lab_test_id, med_proc_id, doc_id, date, result, cost) VALUES ('47', '7970', '2609009896', '2024-01-06 00:00:00', 'Λιγότερο πιο κι το αθόρυβες. Από εργαλείων βρίσκονται τεσσαρών αν απόλαυσε. Νέου δε ακούσει έξι επιστρέφουν πεδία φράση. Συγχρόνως δείξει μα εικόνες γέλασαν.', '8680.93');
INSERT INTO hosp_lab_test (lab_test_id, hosp_id) VALUES ('47', '72');
INSERT INTO surgical_act (med_act_id, primary_doc_id) VALUES ('36', '2305692753');
INSERT INTO surgical_act_doctor_assistants (med_act_id, assistant_id) VALUES ('36', '1301429404');
INSERT INTO surgical_act_nurse_assistants (med_act_id, assistant_id) VALUES ('36', '1308752778');
INSERT INTO medical_act (med_act_id, type, med_proc_id, start_datetime, end_datetime, room_id, cost) VALUES ('36', 'Χειρουργική', '865', '2024-06-13 00:00:00', '2024-07-23 06:00:00', '143', '8323.84');
INSERT INTO hosp_med_act (med_act_id, hosp_id) VALUES ('36', '72');
INSERT INTO patient_record (AMKA, hosp_id) VALUES ('2811109977', '72');
INSERT INTO admission_diagnosis (hosp_id, diag_id) VALUES ('73', 'Q80.0');
INSERT INTO discharge_diagnosis (hosp_id, diag_id) VALUES ('73', 'F84.1');
INSERT INTO hospitalisation (hosp_id, admission_date, discharge_date, dept_name, bed_id, costing_id, carrier_id) VALUES ('73', '2023-05-31', '2023-06-04', 'Intensive care unit (ICU)', '8', '173', '6');
INSERT INTO lab_test (lab_test_id, med_proc_id, doc_id, date, result, cost) VALUES ('48', '7566', '2010494529', '2020-04-05 00:00:00', 'Ποσοστό γεγονός σωστά εκτός. Παίρνει προσπαθούν σας ταξινομεί. Διακοπή πάντα εξοργιστικά αυτός πακέτων χαρτιού εσωτερικών εργοστασίου.', '5777.16');
INSERT INTO hosp_lab_test (lab_test_id, hosp_id) VALUES ('48', '73');
INSERT INTO patient_record (AMKA, hosp_id) VALUES ('0807776513', '73');
INSERT INTO rating (AMKA, hosp_id, medical_care, nursing_care, cleanliness, food, experience) VALUES ('0807776513', '73', '3', '2', '3', '5', '3');
INSERT INTO admission_diagnosis (hosp_id, diag_id) VALUES ('74', 'R10');
INSERT INTO discharge_diagnosis (hosp_id, diag_id) VALUES ('74', 'W91');
INSERT INTO hospitalisation (hosp_id, admission_date, discharge_date, dept_name, bed_id, costing_id, carrier_id) VALUES ('74', '2020-03-26', '2020-05-25', 'General surgery', '8', '454', '4');
INSERT INTO patient_record (AMKA, hosp_id) VALUES ('3108126244', '74');
INSERT INTO rating (AMKA, hosp_id, medical_care, nursing_care, cleanliness, food, experience) VALUES ('3108126244', '74', '2', '4', '2', '2', '1');
INSERT INTO admission_diagnosis (hosp_id, diag_id) VALUES ('75', 'H43.8');
INSERT INTO hospitalisation (hosp_id, admission_date, discharge_date, dept_name, bed_id, costing_id, carrier_id) VALUES ('75', '2020-07-02', NULL, 'Orthopaedic', '3', '36', '7');
INSERT INTO lab_test (lab_test_id, med_proc_id, doc_id, date, result, cost) VALUES ('49', '7204', '0404978442', '2020-12-03 00:00:00', 'Ίδιο δοκιμάσεις πεδία εφαρμογής. Σαν πόρτες θα ταξινομεί ημέρα αναφέρονται. Διάσημα επιδιόρθωση από ευκολότερο περιεχόμενα δύο κύκλο.', '6969.07');
INSERT INTO hosp_lab_test (lab_test_id, hosp_id) VALUES ('49', '75');
INSERT INTO patient_record (AMKA, hosp_id) VALUES ('2004552385', '75');
INSERT INTO admission_diagnosis (hosp_id, diag_id) VALUES ('76', 'S65.8');
INSERT INTO hospitalisation (hosp_id, admission_date, discharge_date, dept_name, bed_id, costing_id, carrier_id) VALUES ('76', '2024-10-04', NULL, 'Opthalmology', '13', '68', '10');
INSERT INTO surgical_act (med_act_id, primary_doc_id) VALUES ('37', '2305692753');
INSERT INTO surgical_act_doctor_assistants (med_act_id, assistant_id) VALUES ('37', '2306446564');
INSERT INTO surgical_act_doctor_assistants (med_act_id, assistant_id) VALUES ('37', '2402877693');
INSERT INTO surgical_act_nurse_assistants (med_act_id, assistant_id) VALUES ('37', '2404846418');
INSERT INTO medical_act (med_act_id, type, med_proc_id, start_datetime, end_datetime, room_id, cost) VALUES ('37', 'Χειρουργική', '719', '2021-10-03 00:00:00', '2021-12-08 02:00:00', '16', '7513.41');
INSERT INTO hosp_med_act (med_act_id, hosp_id) VALUES ('37', '76');
INSERT INTO patient_record (AMKA, hosp_id) VALUES ('1709409251', '76');
INSERT INTO admission_diagnosis (hosp_id, diag_id) VALUES ('77', 'J85.1');
INSERT INTO hospitalisation (hosp_id, admission_date, discharge_date, dept_name, bed_id, costing_id, carrier_id) VALUES ('77', '2022-05-12', NULL, 'ENT', '10', '329', '10');
INSERT INTO medical_act (med_act_id, type, med_proc_id, start_datetime, end_datetime, room_id, cost) VALUES ('38', 'Διαγνωστική', '6072', '2025-07-29 00:00:00', '2025-08-16 09:00:00', '139', '4876.95');
INSERT INTO hosp_med_act (med_act_id, hosp_id) VALUES ('38', '77');
INSERT INTO patient_record (AMKA, hosp_id) VALUES ('1010649535', '77');
INSERT INTO admission_diagnosis (hosp_id, diag_id) VALUES ('78', 'Z01.3');
INSERT INTO discharge_diagnosis (hosp_id, diag_id) VALUES ('78', 'L11.0');
INSERT INTO hospitalisation (hosp_id, admission_date, discharge_date, dept_name, bed_id, costing_id, carrier_id) VALUES ('78', '2020-10-20', '2020-10-31', 'Anesthesiology', '5', '219', '7');
INSERT INTO lab_test (lab_test_id, med_proc_id, doc_id, date, result, cost) VALUES ('50', '10027', '1008990170', '2022-10-22 00:00:00', 'Επιδιόρθωση έρθει τέλειοι αναφορά. Σχεδιαστής οι δουλεύει. Περιβάλλον οι έξι.', '9538.53');
INSERT INTO hosp_lab_test (lab_test_id, hosp_id) VALUES ('50', '78');
INSERT INTO surgical_act (med_act_id, primary_doc_id) VALUES ('39', '2111532740');
INSERT INTO surgical_act_doctor_assistants (med_act_id, assistant_id) VALUES ('39', '2305692753');
INSERT INTO surgical_act_nurse_assistants (med_act_id, assistant_id) VALUES ('39', '2007568464');
INSERT INTO surgical_act_nurse_assistants (med_act_id, assistant_id) VALUES ('39', '0705726850');
INSERT INTO medical_act (med_act_id, type, med_proc_id, start_datetime, end_datetime, room_id, cost) VALUES ('39', 'Χειρουργική', '1737', '2023-08-19 00:00:00', '2023-09-04 09:00:00', '5', '3980.61');
INSERT INTO hosp_med_act (med_act_id, hosp_id) VALUES ('39', '78');
INSERT INTO patient_record (AMKA, hosp_id) VALUES ('1105026529', '78');
INSERT INTO rating (AMKA, hosp_id, medical_care, nursing_care, cleanliness, food, experience) VALUES ('1105026529', '78', '3', '2', '1', '4', '2');
INSERT INTO admission_diagnosis (hosp_id, diag_id) VALUES ('79', 'V88.5');
INSERT INTO hospitalisation (hosp_id, admission_date, discharge_date, dept_name, bed_id, costing_id, carrier_id) VALUES ('79', '2026-10-27', NULL, 'Pediatrics', '3', '688', '5');
INSERT INTO lab_test (lab_test_id, med_proc_id, doc_id, date, result, cost) VALUES ('51', '9516', '2305692753', '2023-12-14 00:00:00', 'Αποθηκευτικού δύο αυτός του τους στραβά. Δεδομένων δεδομένων διαπιστώνεις που πάρεις ρουτίνα. Σε πρόσληψη προγραμματιστής μια απόλαυσε βουτήξουν.', '6174.35');
INSERT INTO hosp_lab_test (lab_test_id, hosp_id) VALUES ('51', '79');
INSERT INTO medical_act (med_act_id, type, med_proc_id, start_datetime, end_datetime, room_id, cost) VALUES ('40', 'Διαγνωστική', '1964', '2021-02-25 00:00:00', '2021-03-18 09:00:00', '66', '1165.5');
INSERT INTO hosp_med_act (med_act_id, hosp_id) VALUES ('40', '79');
INSERT INTO patient_record (AMKA, hosp_id) VALUES ('2502522038', '79');
INSERT INTO admission_diagnosis (hosp_id, diag_id) VALUES ('80', 'Q14.8');
INSERT INTO discharge_diagnosis (hosp_id, diag_id) VALUES ('80', 'Q35');
INSERT INTO hospitalisation (hosp_id, admission_date, discharge_date, dept_name, bed_id, costing_id, carrier_id) VALUES ('80', '2024-04-17', '2024-05-04', 'Orthopaedic', '11', '371', '1');
INSERT INTO lab_test (lab_test_id, med_proc_id, doc_id, date, result, cost) VALUES ('52', '9600', '0707820743', '2020-01-04 00:00:00', 'Σας γειτονιάς και δεδομένων έχω εκθέσεις εδώ. Χαρακτηριστικών θα έστελνε θέμα βρίσκονται έξι πάντως. Μια ήδη κάτι πετάξαμε διαχειριστής συνάδελφος κάνε.', '7403.65');
INSERT INTO hosp_lab_test (lab_test_id, hosp_id) VALUES ('52', '80');
INSERT INTO patient_record (AMKA, hosp_id) VALUES ('3006844419', '80');
INSERT INTO rating (AMKA, hosp_id, medical_care, nursing_care, cleanliness, food, experience) VALUES ('3006844419', '80', '5', '5', '4', '1', '4');
INSERT INTO admission_diagnosis (hosp_id, diag_id) VALUES ('81', 'S07');
INSERT INTO hospitalisation (hosp_id, admission_date, discharge_date, dept_name, bed_id, costing_id, carrier_id) VALUES ('81', '2022-12-08', NULL, 'Cardiology', '16', '470', '3');
INSERT INTO patient_record (AMKA, hosp_id) VALUES ('2203183514', '81');
INSERT INTO admission_diagnosis (hosp_id, diag_id) VALUES ('82', 'Y90.1');
INSERT INTO discharge_diagnosis (hosp_id, diag_id) VALUES ('82', 'R48.0');
INSERT INTO hospitalisation (hosp_id, admission_date, discharge_date, dept_name, bed_id, costing_id, carrier_id) VALUES ('82', '2021-09-20', '2021-10-11', 'Gynaecology', '17', '480', '9');
INSERT INTO patient_record (AMKA, hosp_id) VALUES ('1602028026', '82');
INSERT INTO rating (AMKA, hosp_id, medical_care, nursing_care, cleanliness, food, experience) VALUES ('1602028026', '82', '1', '5', '4', '5', '5');
INSERT INTO admission_diagnosis (hosp_id, diag_id) VALUES ('83', 'Z25.1');
INSERT INTO hospitalisation (hosp_id, admission_date, discharge_date, dept_name, bed_id, costing_id, carrier_id) VALUES ('83', '2020-05-18', NULL, 'Anesthesiology', '3', '702', '2');
INSERT INTO medical_act (med_act_id, type, med_proc_id, start_datetime, end_datetime, room_id, cost) VALUES ('41', 'Θεραπευτική', '2447', '2025-03-18 00:00:00', '2025-04-11 09:00:00', '2', '9283.48');
INSERT INTO hosp_med_act (med_act_id, hosp_id) VALUES ('41', '83');
INSERT INTO patient_record (AMKA, hosp_id) VALUES ('0211121915', '83');
INSERT INTO admission_diagnosis (hosp_id, diag_id) VALUES ('84', 'L59.0');
INSERT INTO discharge_diagnosis (hosp_id, diag_id) VALUES ('84', 'J02.0');
INSERT INTO hospitalisation (hosp_id, admission_date, discharge_date, dept_name, bed_id, costing_id, carrier_id) VALUES ('84', '2022-12-19', '2023-03-14', 'Haematology', '5', '397', '1');
INSERT INTO lab_test (lab_test_id, med_proc_id, doc_id, date, result, cost) VALUES ('53', '8782', '0405403482', '2022-05-22 00:00:00', 'Βουτήξουν ιδιαίτερα εφαμοργής σχεδιαστής για συνεντεύξεις. Έστειλε περιεχόμενα εξακολουθεί άτομο ο.', '5873.29');
INSERT INTO hosp_lab_test (lab_test_id, hosp_id) VALUES ('53', '84');
INSERT INTO surgical_act (med_act_id, primary_doc_id) VALUES ('42', '0402587115');
INSERT INTO surgical_act_doctor_assistants (med_act_id, assistant_id) VALUES ('42', '2305692753');
INSERT INTO surgical_act_nurse_assistants (med_act_id, assistant_id) VALUES ('42', '1005405863');
INSERT INTO medical_act (med_act_id, type, med_proc_id, start_datetime, end_datetime, room_id, cost) VALUES ('42', 'Χειρουργική', '1622', '2020-09-14 00:00:00', '2020-12-22 06:00:00', '143', '8777.7');
INSERT INTO hosp_med_act (med_act_id, hosp_id) VALUES ('42', '84');
INSERT INTO patient_record (AMKA, hosp_id) VALUES ('0701135559', '84');
INSERT INTO rating (AMKA, hosp_id, medical_care, nursing_care, cleanliness, food, experience) VALUES ('0701135559', '84', '3', '1', '4', '5', '5');
INSERT INTO admission_diagnosis (hosp_id, diag_id) VALUES ('85', 'E55');
INSERT INTO hospitalisation (hosp_id, admission_date, discharge_date, dept_name, bed_id, costing_id, carrier_id) VALUES ('85', '2021-05-19', NULL, 'Haematology', '3', '294', '3');
INSERT INTO lab_test (lab_test_id, med_proc_id, doc_id, date, result, cost) VALUES ('54', '10149', '1705602559', '2020-10-22 00:00:00', 'Τα δυστυχώς με οι. Νέο προσοχή πάντως και τέλειοι. Αυτός κάνε ήδη ροή χώρου μέσης πετάνε.', '6951.25');
INSERT INTO hosp_lab_test (lab_test_id, hosp_id) VALUES ('54', '85');
INSERT INTO surgical_act (med_act_id, primary_doc_id) VALUES ('43', '1109428284');
INSERT INTO surgical_act_doctor_assistants (med_act_id, assistant_id) VALUES ('43', '2801801564');
INSERT INTO surgical_act_nurse_assistants (med_act_id, assistant_id) VALUES ('43', '3105850934');
INSERT INTO surgical_act_nurse_assistants (med_act_id, assistant_id) VALUES ('43', '1410590275');
INSERT INTO surgical_act_nurse_assistants (med_act_id, assistant_id) VALUES ('43', '2608415059');
INSERT INTO medical_act (med_act_id, type, med_proc_id, start_datetime, end_datetime, room_id, cost) VALUES ('43', 'Χειρουργική', '315', '2024-08-27 00:00:00', '2024-11-14 07:00:00', '126', '8286.95');
INSERT INTO hosp_med_act (med_act_id, hosp_id) VALUES ('43', '85');
INSERT INTO patient_record (AMKA, hosp_id) VALUES ('2404429599', '85');
INSERT INTO admission_diagnosis (hosp_id, diag_id) VALUES ('86', 'H54.3');
INSERT INTO discharge_diagnosis (hosp_id, diag_id) VALUES ('86', 'D48.0');
INSERT INTO hospitalisation (hosp_id, admission_date, discharge_date, dept_name, bed_id, costing_id, carrier_id) VALUES ('86', '2026-12-17', '2027-02-17', 'Haematology', '16', '610', '6');
INSERT INTO patient_record (AMKA, hosp_id) VALUES ('2609838048', '86');
INSERT INTO rating (AMKA, hosp_id, medical_care, nursing_care, cleanliness, food, experience) VALUES ('2609838048', '86', '2', '1', '3', '2', '4');
INSERT INTO admission_diagnosis (hosp_id, diag_id) VALUES ('87', 'L44.1');
INSERT INTO hospitalisation (hosp_id, admission_date, discharge_date, dept_name, bed_id, costing_id, carrier_id) VALUES ('87', '2024-04-26', NULL, 'Opthalmology', '2', '610', '4');
INSERT INTO lab_test (lab_test_id, med_proc_id, doc_id, date, result, cost) VALUES ('55', '9881', '1912455789', '2026-02-27 00:00:00', 'Εγώ γειτονιάς δύο τον πάντως. Εξακολουθεί ώρα χειρότερα μέχρι ανά.
Μας αν μαγικά που. Ταξινομεί μέχρι τα θέματα επί χάος. Έστελνε μπορούσες πάντως μηχανής θα χρησιμοποιώντας.', '6632.67');
INSERT INTO hosp_lab_test (lab_test_id, hosp_id) VALUES ('55', '87');
INSERT INTO surgical_act (med_act_id, primary_doc_id) VALUES ('44', '2406419109');
INSERT INTO surgical_act_doctor_assistants (med_act_id, assistant_id) VALUES ('44', '0404978442');
INSERT INTO surgical_act_doctor_assistants (med_act_id, assistant_id) VALUES ('44', '2305633067');
INSERT INTO surgical_act_nurse_assistants (med_act_id, assistant_id) VALUES ('44', '1408414594');
INSERT INTO surgical_act_nurse_assistants (med_act_id, assistant_id) VALUES ('44', '2612729603');
INSERT INTO medical_act (med_act_id, type, med_proc_id, start_datetime, end_datetime, room_id, cost) VALUES ('44', 'Χειρουργική', '5911', '2025-01-03 00:00:00', '2025-01-22 01:00:00', '70', '5413.79');
INSERT INTO hosp_med_act (med_act_id, hosp_id) VALUES ('44', '87');
INSERT INTO patient_record (AMKA, hosp_id) VALUES ('2404933002', '87');
INSERT INTO admission_diagnosis (hosp_id, diag_id) VALUES ('88', 'M80.3');
INSERT INTO hospitalisation (hosp_id, admission_date, discharge_date, dept_name, bed_id, costing_id, carrier_id) VALUES ('88', '2024-01-07', NULL, 'Intensive care unit (ICU)', '8', '628', '9');
INSERT INTO medical_act (med_act_id, type, med_proc_id, start_datetime, end_datetime, room_id, cost) VALUES ('45', 'Διαγνωστική', '639', '2022-08-23 00:00:00', '2022-09-21 03:00:00', '62', '8789.08');
INSERT INTO hosp_med_act (med_act_id, hosp_id) VALUES ('45', '88');
INSERT INTO patient_record (AMKA, hosp_id) VALUES ('1102810329', '88');
INSERT INTO admission_diagnosis (hosp_id, diag_id) VALUES ('89', 'Z64.0');
INSERT INTO hospitalisation (hosp_id, admission_date, discharge_date, dept_name, bed_id, costing_id, carrier_id) VALUES ('89', '2022-08-11', NULL, 'Cardiology', '5', '23', '6');
INSERT INTO lab_test (lab_test_id, med_proc_id, doc_id, date, result, cost) VALUES ('56', '10855', '2205469029', '2025-01-29 00:00:00', 'Προκύπτουν της χώρου εργοστασίου έχω μα εκτός. Τέλειοι σχεδιαστής περισσότερη χρησιμοποίησέ δίνοντας. Διακοπή πιο λετπά μα κανόνα αν βρίσκονται παίξουν.
Βάζοντας ανταγωνιστής νέο ερώτηση δύο αυτήν.', '2831.98');
INSERT INTO hosp_lab_test (lab_test_id, hosp_id) VALUES ('56', '89');
INSERT INTO medical_act (med_act_id, type, med_proc_id, start_datetime, end_datetime, room_id, cost) VALUES ('46', 'Διαγνωστική', '5225', '2020-02-10 00:00:00', '2020-04-10 09:00:00', '28', '807.65');
INSERT INTO hosp_med_act (med_act_id, hosp_id) VALUES ('46', '89');
INSERT INTO patient_record (AMKA, hosp_id) VALUES ('1603797884', '89');
INSERT INTO admission_diagnosis (hosp_id, diag_id) VALUES ('90', 'T54.1');
INSERT INTO hospitalisation (hosp_id, admission_date, discharge_date, dept_name, bed_id, costing_id, carrier_id) VALUES ('90', '2021-03-08', NULL, 'Neurology', '15', '254', '1');
INSERT INTO lab_test (lab_test_id, med_proc_id, doc_id, date, result, cost) VALUES ('57', '9684', '0708733889', '2026-08-11 00:00:00', 'Πλέον επεξεργασία μετράει συνεχώς από μεταγλωτίσει ανεπιθύμητη. Μάτσο μην τύπου τα πάντως. Πιο επιχείριση δουλεύει γεγονός μας μέρος.', '4353.51');
INSERT INTO hosp_lab_test (lab_test_id, hosp_id) VALUES ('57', '90');
INSERT INTO surgical_act (med_act_id, primary_doc_id) VALUES ('47', '2710919774');
INSERT INTO surgical_act_doctor_assistants (med_act_id, assistant_id) VALUES ('47', '1207427571');
INSERT INTO surgical_act_nurse_assistants (med_act_id, assistant_id) VALUES ('47', '1308752778');
INSERT INTO medical_act (med_act_id, type, med_proc_id, start_datetime, end_datetime, room_id, cost) VALUES ('47', 'Χειρουργική', '1647', '2020-07-08 00:00:00', '2020-08-07 09:00:00', '70', '4131.93');
INSERT INTO hosp_med_act (med_act_id, hosp_id) VALUES ('47', '90');
INSERT INTO patient_record (AMKA, hosp_id) VALUES ('0605510600', '90');
INSERT INTO admission_diagnosis (hosp_id, diag_id) VALUES ('91', 'B69.8');
INSERT INTO discharge_diagnosis (hosp_id, diag_id) VALUES ('91', 'I22.8');
INSERT INTO hospitalisation (hosp_id, admission_date, discharge_date, dept_name, bed_id, costing_id, carrier_id) VALUES ('91', '2022-09-17', '2022-11-24', 'Anesthesiology', '3', '628', '8');
INSERT INTO medical_act (med_act_id, type, med_proc_id, start_datetime, end_datetime, room_id, cost) VALUES ('48', 'Θεραπευτική', '3045', '2025-11-03 00:00:00', '2026-01-08 06:00:00', '27', '8577.23');
INSERT INTO hosp_med_act (med_act_id, hosp_id) VALUES ('48', '91');
INSERT INTO patient_record (AMKA, hosp_id) VALUES ('1411689363', '91');
INSERT INTO rating (AMKA, hosp_id, medical_care, nursing_care, cleanliness, food, experience) VALUES ('1411689363', '91', '1', '1', '2', '3', '5');
INSERT INTO admission_diagnosis (hosp_id, diag_id) VALUES ('92', 'C81');
INSERT INTO discharge_diagnosis (hosp_id, diag_id) VALUES ('92', 'Q61.2');
INSERT INTO hospitalisation (hosp_id, admission_date, discharge_date, dept_name, bed_id, costing_id, carrier_id) VALUES ('92', '2020-05-07', '2020-08-06', 'Orthopaedic', '17', '429', '8');
INSERT INTO lab_test (lab_test_id, med_proc_id, doc_id, date, result, cost) VALUES ('58', '10197', '1209810216', '2025-11-19 00:00:00', 'Αποκλειστικούς σου διαχειριστής σαν ώρα είχαμε. Μέχρι σαν έτοιμος εκτός διοικητικό. Περιμένουν ακούσει νέο μας δίνοντας επιστρέφουν γεγονός.', '3639.45');
INSERT INTO hosp_lab_test (lab_test_id, hosp_id) VALUES ('58', '92');
INSERT INTO patient_record (AMKA, hosp_id) VALUES ('0304226385', '92');
INSERT INTO rating (AMKA, hosp_id, medical_care, nursing_care, cleanliness, food, experience) VALUES ('0304226385', '92', '4', '4', '5', '3', '1');
INSERT INTO admission_diagnosis (hosp_id, diag_id) VALUES ('93', 'C78.6');
INSERT INTO hospitalisation (hosp_id, admission_date, discharge_date, dept_name, bed_id, costing_id, carrier_id) VALUES ('93', '2025-03-14', NULL, 'Urology', '5', '324', '10');
INSERT INTO lab_test (lab_test_id, med_proc_id, doc_id, date, result, cost) VALUES ('59', '9193', '2010494529', '2025-01-24 00:00:00', 'Παραγωγικής στα έτσι. Χρησιμοποιώντας νέων κανόνα επιδιορθώσεις τύπους πως τους έξι. Ας μην τους τέλειοι διάβασε ποσοστό χρειάζονται διάβασε. Τους ένας από διασφαλίζεται.', '8026.87');
INSERT INTO hosp_lab_test (lab_test_id, hosp_id) VALUES ('59', '93');
INSERT INTO medical_act (med_act_id, type, med_proc_id, start_datetime, end_datetime, room_id, cost) VALUES ('49', 'Θεραπευτική', '6034', '2022-03-17 00:00:00', '2022-05-25 01:00:00', '135', '1471.88');
INSERT INTO hosp_med_act (med_act_id, hosp_id) VALUES ('49', '93');
INSERT INTO patient_record (AMKA, hosp_id) VALUES ('0908959952', '93');
INSERT INTO admission_diagnosis (hosp_id, diag_id) VALUES ('94', 'T50.0');
INSERT INTO hospitalisation (hosp_id, admission_date, discharge_date, dept_name, bed_id, costing_id, carrier_id) VALUES ('94', '2025-04-20', NULL, 'Operating theatre (OT)', '6', '70', '3');
INSERT INTO medical_act (med_act_id, type, med_proc_id, start_datetime, end_datetime, room_id, cost) VALUES ('50', 'Διαγνωστική', '2871', '2020-01-24 00:00:00', '2020-01-29 03:00:00', '113', '1126.65');
INSERT INTO hosp_med_act (med_act_id, hosp_id) VALUES ('50', '94');
INSERT INTO patient_record (AMKA, hosp_id) VALUES ('2210197258', '94');
INSERT INTO admission_diagnosis (hosp_id, diag_id) VALUES ('95', 'Y88.0');
INSERT INTO discharge_diagnosis (hosp_id, diag_id) VALUES ('95', 'C18.2');
INSERT INTO hospitalisation (hosp_id, admission_date, discharge_date, dept_name, bed_id, costing_id, carrier_id) VALUES ('95', '2026-02-17', '2026-04-07', 'Haematology', '16', '370', '5');
INSERT INTO patient_record (AMKA, hosp_id) VALUES ('1906563703', '95');
INSERT INTO rating (AMKA, hosp_id, medical_care, nursing_care, cleanliness, food, experience) VALUES ('1906563703', '95', '4', '4', '1', '3', '2');
INSERT INTO admission_diagnosis (hosp_id, diag_id) VALUES ('96', 'N20.1');
INSERT INTO discharge_diagnosis (hosp_id, diag_id) VALUES ('96', 'A07.3');
INSERT INTO hospitalisation (hosp_id, admission_date, discharge_date, dept_name, bed_id, costing_id, carrier_id) VALUES ('96', '2026-04-10', '2026-05-21', 'General surgery', '15', '523', '10');
INSERT INTO patient_record (AMKA, hosp_id) VALUES ('0808960014', '96');
INSERT INTO rating (AMKA, hosp_id, medical_care, nursing_care, cleanliness, food, experience) VALUES ('0808960014', '96', '3', '1', '2', '4', '5');
INSERT INTO admission_diagnosis (hosp_id, diag_id) VALUES ('97', 'E52');
INSERT INTO hospitalisation (hosp_id, admission_date, discharge_date, dept_name, bed_id, costing_id, carrier_id) VALUES ('97', '2022-06-28', NULL, 'Opthalmology', '15', '1', '8');
INSERT INTO lab_test (lab_test_id, med_proc_id, doc_id, date, result, cost) VALUES ('60', '8159', '3110765587', '2025-12-16 00:00:00', 'Νέα απαράδεκτη γραφικά προκαλείς γνωρίζουμε αναφορά χρονοδιαγράμματος. Στα εδώ του σου την.', '7707.79');
INSERT INTO hosp_lab_test (lab_test_id, hosp_id) VALUES ('60', '97');
INSERT INTO medical_act (med_act_id, type, med_proc_id, start_datetime, end_datetime, room_id, cost) VALUES ('51', 'Θεραπευτική', '1886', '2021-07-09 00:00:00', '2021-08-12 02:00:00', '138', '5424.92');
INSERT INTO hosp_med_act (med_act_id, hosp_id) VALUES ('51', '97');
INSERT INTO patient_record (AMKA, hosp_id) VALUES ('0808960014', '97');
INSERT INTO admission_diagnosis (hosp_id, diag_id) VALUES ('98', 'K75.4');
INSERT INTO discharge_diagnosis (hosp_id, diag_id) VALUES ('98', 'T93.1');
INSERT INTO hospitalisation (hosp_id, admission_date, discharge_date, dept_name, bed_id, costing_id, carrier_id) VALUES ('98', '2021-11-09', '2022-02-04', 'Pediatrics', '15', '440', '3');
INSERT INTO medical_act (med_act_id, type, med_proc_id, start_datetime, end_datetime, room_id, cost) VALUES ('52', 'Διαγνωστική', '213', '2021-10-02 00:00:00', '2021-10-11 10:00:00', '20', '554.93');
INSERT INTO hosp_med_act (med_act_id, hosp_id) VALUES ('52', '98');
INSERT INTO patient_record (AMKA, hosp_id) VALUES ('3108126244', '98');
INSERT INTO rating (AMKA, hosp_id, medical_care, nursing_care, cleanliness, food, experience) VALUES ('3108126244', '98', '5', '3', '1', '2', '4');
INSERT INTO admission_diagnosis (hosp_id, diag_id) VALUES ('99', 'W24');
INSERT INTO hospitalisation (hosp_id, admission_date, discharge_date, dept_name, bed_id, costing_id, carrier_id) VALUES ('99', '2025-03-04', NULL, 'Psychiatry', '2', '424', '6');
INSERT INTO patient_record (AMKA, hosp_id) VALUES ('2307877811', '99');
INSERT INTO admission_diagnosis (hosp_id, diag_id) VALUES ('100', 'Z91.4');
INSERT INTO hospitalisation (hosp_id, admission_date, discharge_date, dept_name, bed_id, costing_id, carrier_id) VALUES ('100', '2024-09-15', NULL, 'Orthopaedic', '17', '694', '6');
INSERT INTO lab_test (lab_test_id, med_proc_id, doc_id, date, result, cost) VALUES ('61', '10880', '0802581734', '2020-01-12 00:00:00', 'Διάβασε εγώ νιρβάνα ίδιο εργαζόμενοι φίλος. Στα έστειλε άρα συγγραφείς νέο παίξουν.
Μέρος παραδώσεις αρχεία κλπ λιγότερο. Επεξεργασία ναι ως. Έστελνε συγκεντρωμένοι εκτός ένα πλέον τι κειμένων.', '2312.81');
INSERT INTO hosp_lab_test (lab_test_id, hosp_id) VALUES ('61', '100');
INSERT INTO medical_act (med_act_id, type, med_proc_id, start_datetime, end_datetime, room_id, cost) VALUES ('53', 'Θεραπευτική', '5044', '2026-04-29 00:00:00', '2026-05-03 03:00:00', '40', '5468.34');
INSERT INTO hosp_med_act (med_act_id, hosp_id) VALUES ('53', '100');
INSERT INTO patient_record (AMKA, hosp_id) VALUES ('0806014938', '100');
INSERT INTO admission_diagnosis (hosp_id, diag_id) VALUES ('101', 'C43.3');
INSERT INTO hospitalisation (hosp_id, admission_date, discharge_date, dept_name, bed_id, costing_id, carrier_id) VALUES ('101', '2020-12-22', NULL, 'Casualty', '13', '255', '7');
INSERT INTO patient_record (AMKA, hosp_id) VALUES ('2408737568', '101');
INSERT INTO admission_diagnosis (hosp_id, diag_id) VALUES ('102', 'Q64.0');
INSERT INTO discharge_diagnosis (hosp_id, diag_id) VALUES ('102', 'T75.4');
INSERT INTO hospitalisation (hosp_id, admission_date, discharge_date, dept_name, bed_id, costing_id, carrier_id) VALUES ('102', '2024-10-31', '2024-11-26', 'Urology', '2', '295', '4');
INSERT INTO lab_test (lab_test_id, med_proc_id, doc_id, date, result, cost) VALUES ('62', '8625', '2801801564', '2020-10-02 00:00:00', 'Πιο μέρος άρα τη. Έρθει εξακολουθεί περισσότερη τι αποθηκευτικού αρπάζεις τη σκεφτείς.
Νέων απίστευτα από επενδυτής. Επί προκαλείς κάτι προσπαθήσεις. Αφήσεις κάτι δύο ατόμου των ατόμου σε.', '9287.89');
INSERT INTO hosp_lab_test (lab_test_id, hosp_id) VALUES ('62', '102');
INSERT INTO patient_record (AMKA, hosp_id) VALUES ('0501055981', '102');
INSERT INTO rating (AMKA, hosp_id, medical_care, nursing_care, cleanliness, food, experience) VALUES ('0501055981', '102', '2', '5', '3', '4', '5');
INSERT INTO admission_diagnosis (hosp_id, diag_id) VALUES ('103', 'Q26.3');
INSERT INTO hospitalisation (hosp_id, admission_date, discharge_date, dept_name, bed_id, costing_id, carrier_id) VALUES ('103', '2024-09-20', NULL, 'Orthopaedic', '2', '153', '9');
INSERT INTO lab_test (lab_test_id, med_proc_id, doc_id, date, result, cost) VALUES ('63', '8533', '0708733889', '2026-06-28 00:00:00', 'Ότι δημιουργια κι σε. Έξι ώρα ακούσει αποστηθίσει μην λες εκτός. Εγώ θέματα απλό εκτός.', '3224.9');
INSERT INTO hosp_lab_test (lab_test_id, hosp_id) VALUES ('63', '103');
INSERT INTO medical_act (med_act_id, type, med_proc_id, start_datetime, end_datetime, room_id, cost) VALUES ('54', 'Θεραπευτική', '4667', '2024-03-09 00:00:00', '2024-04-02 01:00:00', '97', '527.88');
INSERT INTO hosp_med_act (med_act_id, hosp_id) VALUES ('54', '103');
INSERT INTO patient_record (AMKA, hosp_id) VALUES ('2408737568', '103');
INSERT INTO admission_diagnosis (hosp_id, diag_id) VALUES ('104', 'Y27');
INSERT INTO discharge_diagnosis (hosp_id, diag_id) VALUES ('104', 'P07.3');
INSERT INTO hospitalisation (hosp_id, admission_date, discharge_date, dept_name, bed_id, costing_id, carrier_id) VALUES ('104', '2025-08-18', '2025-11-11', 'Cardiology', '17', '444', '9');
INSERT INTO lab_test (lab_test_id, med_proc_id, doc_id, date, result, cost) VALUES ('64', '10347', '2906627360', '2021-06-12 00:00:00', 'Νόμιζες ναι διοικητικό στη σημεία.
Ένας πήρε εργασίας και κάνεις. Έτσι σημαντικό γεγονός αρέσει δεν. Δε επιδιόρθωση καταλάθος μάτσο ανταγωνιστής γέλασαν εικόνες.', '5184.91');
INSERT INTO hosp_lab_test (lab_test_id, hosp_id) VALUES ('64', '104');
INSERT INTO medical_act (med_act_id, type, med_proc_id, start_datetime, end_datetime, room_id, cost) VALUES ('55', 'Διαγνωστική', '6226', '2022-08-11 00:00:00', '2022-08-20 02:00:00', '134', '7515.9');
INSERT INTO hosp_med_act (med_act_id, hosp_id) VALUES ('55', '104');
INSERT INTO patient_record (AMKA, hosp_id) VALUES ('1011068644', '104');
INSERT INTO rating (AMKA, hosp_id, medical_care, nursing_care, cleanliness, food, experience) VALUES ('1011068644', '104', '2', '2', '1', '3', '1');
INSERT INTO admission_diagnosis (hosp_id, diag_id) VALUES ('105', 'T06');
INSERT INTO discharge_diagnosis (hosp_id, diag_id) VALUES ('105', 'K13');
INSERT INTO hospitalisation (hosp_id, admission_date, discharge_date, dept_name, bed_id, costing_id, carrier_id) VALUES ('105', '2026-01-25', '2026-03-30', 'Oncology', '10', '449', '9');
INSERT INTO lab_test (lab_test_id, med_proc_id, doc_id, date, result, cost) VALUES ('65', '10050', '1908663047', '2022-02-25 00:00:00', 'Ανεπιθύμητη όχι προσλάμβανες για μεταφραστής. Μην βάζοντας εργαλείων προσεκτικά τρόπο για σταματάς.', '3310.06');
INSERT INTO hosp_lab_test (lab_test_id, hosp_id) VALUES ('65', '105');
INSERT INTO medical_act (med_act_id, type, med_proc_id, start_datetime, end_datetime, room_id, cost) VALUES ('56', 'Θεραπευτική', '6113', '2026-08-25 00:00:00', '2026-11-20 08:00:00', '94', '8898.95');
INSERT INTO hosp_med_act (med_act_id, hosp_id) VALUES ('56', '105');
INSERT INTO patient_record (AMKA, hosp_id) VALUES ('1907030712', '105');
INSERT INTO rating (AMKA, hosp_id, medical_care, nursing_care, cleanliness, food, experience) VALUES ('1907030712', '105', '5', '1', '3', '2', '4');
INSERT INTO admission_diagnosis (hosp_id, diag_id) VALUES ('106', 'Q38.8');
INSERT INTO hospitalisation (hosp_id, admission_date, discharge_date, dept_name, bed_id, costing_id, carrier_id) VALUES ('106', '2020-07-02', NULL, 'Neurology', '13', '558', '3');
INSERT INTO lab_test (lab_test_id, med_proc_id, doc_id, date, result, cost) VALUES ('66', '9574', '1209483269', '2023-05-04 00:00:00', 'Πολύ αλγόριθμου εξακολουθεί παίρνει σε εδώ. Απαραίτητο κλπ τους φράση μάθε. Γεύματος ο προσεκτικά.', '3288.07');
INSERT INTO hosp_lab_test (lab_test_id, hosp_id) VALUES ('66', '106');
INSERT INTO surgical_act (med_act_id, primary_doc_id) VALUES ('57', '0510600514');
INSERT INTO surgical_act_doctor_assistants (med_act_id, assistant_id) VALUES ('57', '0202939499');
INSERT INTO surgical_act_nurse_assistants (med_act_id, assistant_id) VALUES ('57', '2209951799');
INSERT INTO surgical_act_nurse_assistants (med_act_id, assistant_id) VALUES ('57', '1006547847');
INSERT INTO surgical_act_nurse_assistants (med_act_id, assistant_id) VALUES ('57', '0805615787');
INSERT INTO medical_act (med_act_id, type, med_proc_id, start_datetime, end_datetime, room_id, cost) VALUES ('57', 'Χειρουργική', '2035', '2024-05-25 00:00:00', '2024-08-09 10:00:00', '58', '9546.04');
INSERT INTO hosp_med_act (med_act_id, hosp_id) VALUES ('57', '106');
INSERT INTO patient_record (AMKA, hosp_id) VALUES ('2703503656', '106');
INSERT INTO admission_diagnosis (hosp_id, diag_id) VALUES ('107', 'Q35.5');
INSERT INTO discharge_diagnosis (hosp_id, diag_id) VALUES ('107', 'R94.2');
INSERT INTO hospitalisation (hosp_id, admission_date, discharge_date, dept_name, bed_id, costing_id, carrier_id) VALUES ('107', '2020-07-31', '2020-10-29', 'Anesthesiology', '10', '339', '2');
INSERT INTO lab_test (lab_test_id, med_proc_id, doc_id, date, result, cost) VALUES ('67', '7101', '1108642138', '2020-03-12 00:00:00', 'Μου επιδιορθώσεις λοιπόν επί την το ναι.
Πάντως προσοχή χειρότερα σας πολύ ποια. Ήδη αναγκάζονται ερώτηση παίρνει εφαμοργής μην.', '8081.46');
INSERT INTO hosp_lab_test (lab_test_id, hosp_id) VALUES ('67', '107');
INSERT INTO surgical_act (med_act_id, primary_doc_id) VALUES ('58', '0305579221');
INSERT INTO surgical_act_doctor_assistants (med_act_id, assistant_id) VALUES ('58', '2205469029');
INSERT INTO surgical_act_doctor_assistants (med_act_id, assistant_id) VALUES ('58', '0103962870');
INSERT INTO surgical_act_nurse_assistants (med_act_id, assistant_id) VALUES ('58', '1808626992');
INSERT INTO surgical_act_nurse_assistants (med_act_id, assistant_id) VALUES ('58', '0812429714');
INSERT INTO surgical_act_nurse_assistants (med_act_id, assistant_id) VALUES ('58', '2704464646');
INSERT INTO medical_act (med_act_id, type, med_proc_id, start_datetime, end_datetime, room_id, cost) VALUES ('58', 'Χειρουργική', '1437', '2024-02-03 00:00:00', '2024-02-06 08:00:00', '112', '4099.77');
INSERT INTO hosp_med_act (med_act_id, hosp_id) VALUES ('58', '107');
INSERT INTO patient_record (AMKA, hosp_id) VALUES ('3006844419', '107');
INSERT INTO rating (AMKA, hosp_id, medical_care, nursing_care, cleanliness, food, experience) VALUES ('3006844419', '107', '4', '3', '3', '4', '4');
INSERT INTO admission_diagnosis (hosp_id, diag_id) VALUES ('108', 'Z01.1');
INSERT INTO hospitalisation (hosp_id, admission_date, discharge_date, dept_name, bed_id, costing_id, carrier_id) VALUES ('108', '2023-08-14', NULL, 'ENT', '2', '554', '9');
INSERT INTO lab_test (lab_test_id, med_proc_id, doc_id, date, result, cost) VALUES ('68', '10272', '1209483269', '2023-04-21 00:00:00', 'Νόμιζες προσθέσει κάτι λετπά. Σας στις καταλάθος βαθμό όχι γράψει ημέρα.
Μέχρι σίγουρος την μάλλον μαγικά γέλασαν. Αν όταν συγγραφής χρονοδιαγράμματα. Σταματάς πάντως πετάξαμε επί μας.', '1060.62');
INSERT INTO hosp_lab_test (lab_test_id, hosp_id) VALUES ('68', '108');
INSERT INTO medical_act (med_act_id, type, med_proc_id, start_datetime, end_datetime, room_id, cost) VALUES ('59', 'Θεραπευτική', '1927', '2025-10-31 00:00:00', '2026-02-06 10:00:00', '72', '2422.55');
INSERT INTO hosp_med_act (med_act_id, hosp_id) VALUES ('59', '108');
INSERT INTO patient_record (AMKA, hosp_id) VALUES ('0309603964', '108');
INSERT INTO admission_diagnosis (hosp_id, diag_id) VALUES ('109', 'S35.5');
INSERT INTO hospitalisation (hosp_id, admission_date, discharge_date, dept_name, bed_id, costing_id, carrier_id) VALUES ('109', '2021-10-12', NULL, 'Outpatient Department (OPD)', '16', '266', '2');
INSERT INTO medical_act (med_act_id, type, med_proc_id, start_datetime, end_datetime, room_id, cost) VALUES ('60', 'Διαγνωστική', '2109', '2024-02-15 00:00:00', '2024-03-04 08:00:00', '39', '5887.25');
INSERT INTO hosp_med_act (med_act_id, hosp_id) VALUES ('60', '109');
INSERT INTO patient_record (AMKA, hosp_id) VALUES ('0609256953', '109');
INSERT INTO admission_diagnosis (hosp_id, diag_id) VALUES ('110', 'P61.6');
INSERT INTO discharge_diagnosis (hosp_id, diag_id) VALUES ('110', 'Z35');
INSERT INTO hospitalisation (hosp_id, admission_date, discharge_date, dept_name, bed_id, costing_id, carrier_id) VALUES ('110', '2022-09-14', '2022-10-13', 'Casualty', '7', '215', '1');
INSERT INTO lab_test (lab_test_id, med_proc_id, doc_id, date, result, cost) VALUES ('69', '7075', '0902609962', '2021-11-14 00:00:00', 'Τεκμηριώνει διάβασε με παραπάνω προγραμματιστής χρησιμοποίησέ.
Ποια γιαυτό συγγραφείς μια ίδιο. Δεδομένων αλγόριθμου εταιρείες τι πάντα.
Γεγονός εταιρείες αποφάσισε σχεδιαστής.', '6210.04');
INSERT INTO hosp_lab_test (lab_test_id, hosp_id) VALUES ('69', '110');
INSERT INTO surgical_act (med_act_id, primary_doc_id) VALUES ('61', '0707820743');
INSERT INTO surgical_act_doctor_assistants (med_act_id, assistant_id) VALUES ('61', '0103962870');
INSERT INTO surgical_act_doctor_assistants (med_act_id, assistant_id) VALUES ('61', '2311474214');
INSERT INTO surgical_act_nurse_assistants (med_act_id, assistant_id) VALUES ('61', '1505505773');
INSERT INTO medical_act (med_act_id, type, med_proc_id, start_datetime, end_datetime, room_id, cost) VALUES ('61', 'Χειρουργική', '163', '2025-07-22 00:00:00', '2025-09-08 08:00:00', '112', '2660.02');
INSERT INTO hosp_med_act (med_act_id, hosp_id) VALUES ('61', '110');
INSERT INTO patient_record (AMKA, hosp_id) VALUES ('0606763202', '110');
INSERT INTO rating (AMKA, hosp_id, medical_care, nursing_care, cleanliness, food, experience) VALUES ('0606763202', '110', '2', '1', '1', '5', '5');
INSERT INTO admission_diagnosis (hosp_id, diag_id) VALUES ('111', 'A32.9');
INSERT INTO hospitalisation (hosp_id, admission_date, discharge_date, dept_name, bed_id, costing_id, carrier_id) VALUES ('111', '2022-12-26', NULL, 'Orthopaedic', '9', '114', '10');
INSERT INTO patient_record (AMKA, hosp_id) VALUES ('0809149671', '111');
INSERT INTO admission_diagnosis (hosp_id, diag_id) VALUES ('112', 'T00.2');
INSERT INTO discharge_diagnosis (hosp_id, diag_id) VALUES ('112', 'J10.0');
INSERT INTO hospitalisation (hosp_id, admission_date, discharge_date, dept_name, bed_id, costing_id, carrier_id) VALUES ('112', '2026-03-20', '2026-05-05', 'Orthopaedic', '12', '1', '10');
INSERT INTO lab_test (lab_test_id, med_proc_id, doc_id, date, result, cost) VALUES ('70', '10072', '2809979050', '2023-11-12 00:00:00', 'Σαν ο εκδόσεις. Κανένας εργασίας μια εργοστασίου λες απόλαυσε.', '6266.97');
INSERT INTO hosp_lab_test (lab_test_id, hosp_id) VALUES ('70', '112');
INSERT INTO medical_act (med_act_id, type, med_proc_id, start_datetime, end_datetime, room_id, cost) VALUES ('62', 'Διαγνωστική', '5491', '2026-01-27 00:00:00', '2026-04-01 01:00:00', '11', '8980.33');
INSERT INTO hosp_med_act (med_act_id, hosp_id) VALUES ('62', '112');
INSERT INTO patient_record (AMKA, hosp_id) VALUES ('2404933002', '112');
INSERT INTO rating (AMKA, hosp_id, medical_care, nursing_care, cleanliness, food, experience) VALUES ('2404933002', '112', '5', '3', '5', '5', '1');
INSERT INTO admission_diagnosis (hosp_id, diag_id) VALUES ('113', 'C88');
INSERT INTO hospitalisation (hosp_id, admission_date, discharge_date, dept_name, bed_id, costing_id, carrier_id) VALUES ('113', '2020-08-11', NULL, 'General surgery', '17', '456', '8');
INSERT INTO medical_act (med_act_id, type, med_proc_id, start_datetime, end_datetime, room_id, cost) VALUES ('63', 'Διαγνωστική', '251', '2022-06-13 00:00:00', '2022-09-01 04:00:00', '91', '9218.88');
INSERT INTO hosp_med_act (med_act_id, hosp_id) VALUES ('63', '113');
INSERT INTO patient_record (AMKA, hosp_id) VALUES ('2504117690', '113');
INSERT INTO admission_diagnosis (hosp_id, diag_id) VALUES ('114', 'S91.7');
INSERT INTO hospitalisation (hosp_id, admission_date, discharge_date, dept_name, bed_id, costing_id, carrier_id) VALUES ('114', '2024-08-10', NULL, 'Geriatric', '9', '5', '7');
INSERT INTO patient_record (AMKA, hosp_id) VALUES ('2407167798', '114');
INSERT INTO admission_diagnosis (hosp_id, diag_id) VALUES ('115', 'S90.2');
INSERT INTO hospitalisation (hosp_id, admission_date, discharge_date, dept_name, bed_id, costing_id, carrier_id) VALUES ('115', '2025-02-27', NULL, 'Cardiology', '11', '669', '7');
INSERT INTO lab_test (lab_test_id, med_proc_id, doc_id, date, result, cost) VALUES ('71', '8443', '3012509660', '2021-12-27 00:00:00', 'Σας πάντως κάτι πλέον στα εφαρμογής δυστυχώς προσπαθούν. Πλέον γνωρίζουμε προσοχή άτομο ποια ποσοστό επιστρέφουν. Μάτσο πρώτο δημιουργια στη ας.
Κανόνα λοιπόν γραμμές γεύματος σας πάντως μιας σου.', '3102.93');
INSERT INTO hosp_lab_test (lab_test_id, hosp_id) VALUES ('71', '115');
INSERT INTO patient_record (AMKA, hosp_id) VALUES ('0510481986', '115');
INSERT INTO admission_diagnosis (hosp_id, diag_id) VALUES ('116', 'H02.0');
INSERT INTO hospitalisation (hosp_id, admission_date, discharge_date, dept_name, bed_id, costing_id, carrier_id) VALUES ('116', '2021-11-06', NULL, 'Cardiology', '17', '475', '7');
INSERT INTO medical_act (med_act_id, type, med_proc_id, start_datetime, end_datetime, room_id, cost) VALUES ('64', 'Θεραπευτική', '5509', '2022-10-28 00:00:00', '2022-12-22 04:00:00', '150', '1873.66');
INSERT INTO hosp_med_act (med_act_id, hosp_id) VALUES ('64', '116');
INSERT INTO patient_record (AMKA, hosp_id) VALUES ('2304451401', '116');
INSERT INTO admission_diagnosis (hosp_id, diag_id) VALUES ('117', 'O28');
INSERT INTO hospitalisation (hosp_id, admission_date, discharge_date, dept_name, bed_id, costing_id, carrier_id) VALUES ('117', '2022-04-22', NULL, 'General surgery', '14', '92', '7');
INSERT INTO lab_test (lab_test_id, med_proc_id, doc_id, date, result, cost) VALUES ('72', '8909', '2402877693', '2023-08-29 00:00:00', 'Συνάδελφος προσπαθήσεις δωροδοκηθούν. Νιρβάνα εφαρμογή δεν επιστρέφουν τεκμηριώνει στη φράση. Δούλευε το προβληματική ανώδυνη άρα.', '8079.94');
INSERT INTO hosp_lab_test (lab_test_id, hosp_id) VALUES ('72', '117');
INSERT INTO patient_record (AMKA, hosp_id) VALUES ('2211615129', '117');
INSERT INTO admission_diagnosis (hosp_id, diag_id) VALUES ('118', 'V52');
INSERT INTO discharge_diagnosis (hosp_id, diag_id) VALUES ('118', 'T44.8');
INSERT INTO hospitalisation (hosp_id, admission_date, discharge_date, dept_name, bed_id, costing_id, carrier_id) VALUES ('118', '2022-06-24', '2022-08-26', 'Urology', '8', '172', '10');
INSERT INTO surgical_act (med_act_id, primary_doc_id) VALUES ('65', '2905541171');
INSERT INTO surgical_act_doctor_assistants (med_act_id, assistant_id) VALUES ('65', '0410862119');
INSERT INTO surgical_act_doctor_assistants (med_act_id, assistant_id) VALUES ('65', '2306446564');
INSERT INTO surgical_act_nurse_assistants (med_act_id, assistant_id) VALUES ('65', '1006547847');
INSERT INTO surgical_act_nurse_assistants (med_act_id, assistant_id) VALUES ('65', '0807914051');
INSERT INTO medical_act (med_act_id, type, med_proc_id, start_datetime, end_datetime, room_id, cost) VALUES ('65', 'Χειρουργική', '6234', '2026-10-10 00:00:00', '2026-10-30 07:00:00', '143', '4987.45');
INSERT INTO hosp_med_act (med_act_id, hosp_id) VALUES ('65', '118');
INSERT INTO patient_record (AMKA, hosp_id) VALUES ('2307877811', '118');
INSERT INTO rating (AMKA, hosp_id, medical_care, nursing_care, cleanliness, food, experience) VALUES ('2307877811', '118', '1', '3', '2', '2', '4');
INSERT INTO admission_diagnosis (hosp_id, diag_id) VALUES ('119', 'F81.0');
INSERT INTO discharge_diagnosis (hosp_id, diag_id) VALUES ('119', 'R09.2');
INSERT INTO hospitalisation (hosp_id, admission_date, discharge_date, dept_name, bed_id, costing_id, carrier_id) VALUES ('119', '2024-02-18', '2024-04-28', 'Cardiology', '10', '558', '7');
INSERT INTO patient_record (AMKA, hosp_id) VALUES ('0809215525', '119');
INSERT INTO rating (AMKA, hosp_id, medical_care, nursing_care, cleanliness, food, experience) VALUES ('0809215525', '119', '5', '4', '2', '4', '2');
INSERT INTO admission_diagnosis (hosp_id, diag_id) VALUES ('120', 'C67.7');
INSERT INTO discharge_diagnosis (hosp_id, diag_id) VALUES ('120', 'F07.9');
INSERT INTO hospitalisation (hosp_id, admission_date, discharge_date, dept_name, bed_id, costing_id, carrier_id) VALUES ('120', '2023-05-20', '2023-05-30', 'Inpatient Department (IPD)', '5', '633', '3');
INSERT INTO lab_test (lab_test_id, med_proc_id, doc_id, date, result, cost) VALUES ('73', '8754', '0202939499', '2025-06-12 00:00:00', 'Πιο επιδιόρθωση πάρα νέα τι επιχείριση μέγιστη. Πρώτο από εδώ περιμένουν. Στέλνοντάς πετάνε γειτονιάς προκύπτουν χρησιμοποιώντας.', '7099.38');
INSERT INTO hosp_lab_test (lab_test_id, hosp_id) VALUES ('73', '120');
INSERT INTO patient_record (AMKA, hosp_id) VALUES ('1504489594', '120');
INSERT INTO rating (AMKA, hosp_id, medical_care, nursing_care, cleanliness, food, experience) VALUES ('1504489594', '120', '2', '4', '5', '5', '5');
INSERT INTO admission_diagnosis (hosp_id, diag_id) VALUES ('121', 'B43.9');
INSERT INTO hospitalisation (hosp_id, admission_date, discharge_date, dept_name, bed_id, costing_id, carrier_id) VALUES ('121', '2023-09-08', NULL, 'Orthopaedic', '7', '593', '10');
INSERT INTO lab_test (lab_test_id, med_proc_id, doc_id, date, result, cost) VALUES ('74', '7370', '0405994014', '2023-01-17 00:00:00', 'Εκτελείται ναι χαρτιού ένας συγγραφείς πάντως. Εδώ δυστυχής όχι εκθέσεις συνεντεύξεις μάτσο παραπάνω. Επιχείριση δεν ο αν.
Πετάξαμε νέων εκτός συγχωνευτεί ανά. Που έχω μην κειμένων βαθμό.', '3506.95');
INSERT INTO hosp_lab_test (lab_test_id, hosp_id) VALUES ('74', '121');
INSERT INTO medical_act (med_act_id, type, med_proc_id, start_datetime, end_datetime, room_id, cost) VALUES ('66', 'Θεραπευτική', '3396', '2023-03-23 00:00:00', '2023-05-22 04:00:00', '31', '7363.55');
INSERT INTO hosp_med_act (med_act_id, hosp_id) VALUES ('66', '121');
INSERT INTO patient_record (AMKA, hosp_id) VALUES ('2701909184', '121');
INSERT INTO admission_diagnosis (hosp_id, diag_id) VALUES ('122', 'T86.0');
INSERT INTO discharge_diagnosis (hosp_id, diag_id) VALUES ('122', 'P23.9');
INSERT INTO hospitalisation (hosp_id, admission_date, discharge_date, dept_name, bed_id, costing_id, carrier_id) VALUES ('122', '2025-12-27', '2026-02-17', 'Outpatient Department (OPD)', '8', '677', '7');
INSERT INTO lab_test (lab_test_id, med_proc_id, doc_id, date, result, cost) VALUES ('75', '10343', '1008990170', '2025-07-06 00:00:00', 'Διαπιστώνεις κώδικάς ωραίο ορίστε σταματάς. Αρχεία περιμένουν των ένα ίδιο. Χρόνου ατόμου μέχρι την πήρε πιο δούλευε συγγραφείς. Χαρτιού σημαντικό προϊόντα διευθυντές.', '6985.23');
INSERT INTO hosp_lab_test (lab_test_id, hosp_id) VALUES ('75', '122');
INSERT INTO patient_record (AMKA, hosp_id) VALUES ('0304226385', '122');
INSERT INTO rating (AMKA, hosp_id, medical_care, nursing_care, cleanliness, food, experience) VALUES ('0304226385', '122', '2', '2', '5', '1', '4');
INSERT INTO admission_diagnosis (hosp_id, diag_id) VALUES ('123', 'C51.2');
INSERT INTO discharge_diagnosis (hosp_id, diag_id) VALUES ('123', 'H35');
INSERT INTO hospitalisation (hosp_id, admission_date, discharge_date, dept_name, bed_id, costing_id, carrier_id) VALUES ('123', '2024-10-29', '2025-01-20', 'Casualty', '17', '291', '5');
INSERT INTO patient_record (AMKA, hosp_id) VALUES ('2208165936', '123');
INSERT INTO rating (AMKA, hosp_id, medical_care, nursing_care, cleanliness, food, experience) VALUES ('2208165936', '123', '5', '1', '3', '2', '3');
INSERT INTO admission_diagnosis (hosp_id, diag_id) VALUES ('124', 'I66.4');
INSERT INTO hospitalisation (hosp_id, admission_date, discharge_date, dept_name, bed_id, costing_id, carrier_id) VALUES ('124', '2026-07-26', NULL, 'Psychiatry', '15', '661', '2');
INSERT INTO lab_test (lab_test_id, med_proc_id, doc_id, date, result, cost) VALUES ('76', '7985', '2306446564', '2024-04-13 00:00:00', 'Βρίσκονται ξέχασε μέχρι μου γράψει χαμηλός σχεδιαστής ποσοστό. Ορίστε βγήκε απαράδεκτη θυμάμαι δίνοντας. Δυστυχώς λοιπόν μάλλον παράδειγμα.', '4414.85');
INSERT INTO hosp_lab_test (lab_test_id, hosp_id) VALUES ('76', '124');
INSERT INTO medical_act (med_act_id, type, med_proc_id, start_datetime, end_datetime, room_id, cost) VALUES ('67', 'Θεραπευτική', '643', '2024-08-07 00:00:00', '2024-11-03 09:00:00', '10', '133.61');
INSERT INTO hosp_med_act (med_act_id, hosp_id) VALUES ('67', '124');
INSERT INTO patient_record (AMKA, hosp_id) VALUES ('0608947743', '124');
INSERT INTO admission_diagnosis (hosp_id, diag_id) VALUES ('125', 'J67.9');
INSERT INTO hospitalisation (hosp_id, admission_date, discharge_date, dept_name, bed_id, costing_id, carrier_id) VALUES ('125', '2024-03-09', NULL, 'Inpatient Department (IPD)', '8', '256', '1');
INSERT INTO lab_test (lab_test_id, med_proc_id, doc_id, date, result, cost) VALUES ('77', '7998', '2411004971', '2025-06-08 00:00:00', 'Μην θέλεις κόψεις γνωστή ξέχασε πάντως ανεπιθύμητη λιγότερο. Πολύ δυστυχής διάβασε πάντως που παίρνει αρέσει.', '7483.35');
INSERT INTO hosp_lab_test (lab_test_id, hosp_id) VALUES ('77', '125');
INSERT INTO patient_record (AMKA, hosp_id) VALUES ('2306891683', '125');
INSERT INTO admission_diagnosis (hosp_id, diag_id) VALUES ('126', 'R16.0');
INSERT INTO discharge_diagnosis (hosp_id, diag_id) VALUES ('126', 'O71.6');
INSERT INTO hospitalisation (hosp_id, admission_date, discharge_date, dept_name, bed_id, costing_id, carrier_id) VALUES ('126', '2020-08-18', '2020-09-10', 'Psychiatry', '12', '693', '2');
INSERT INTO lab_test (lab_test_id, med_proc_id, doc_id, date, result, cost) VALUES ('78', '7224', '0103962870', '2025-10-24 00:00:00', 'Μην παίρνει πρώτοι σημαντικό δε γειτονιάς τρόποι απίστευτα. Μετρήσεις φίλος χαρακτηριστικών κάτι αν διευθυντές. Διάβασε εργαζόμενοι πάρα προσπαθούν ροή.', '6077.08');
INSERT INTO hosp_lab_test (lab_test_id, hosp_id) VALUES ('78', '126');
INSERT INTO surgical_act (med_act_id, primary_doc_id) VALUES ('68', '0404978442');
INSERT INTO surgical_act_doctor_assistants (med_act_id, assistant_id) VALUES ('68', '0706543302');
INSERT INTO surgical_act_doctor_assistants (med_act_id, assistant_id) VALUES ('68', '2111532740');
INSERT INTO surgical_act_nurse_assistants (med_act_id, assistant_id) VALUES ('68', '1911832103');
INSERT INTO surgical_act_nurse_assistants (med_act_id, assistant_id) VALUES ('68', '1911832103');
INSERT INTO surgical_act_nurse_assistants (med_act_id, assistant_id) VALUES ('68', '1308752778');
INSERT INTO medical_act (med_act_id, type, med_proc_id, start_datetime, end_datetime, room_id, cost) VALUES ('68', 'Χειρουργική', '5547', '2026-07-31 00:00:00', '2026-09-17 02:00:00', '47', '1484.77');
INSERT INTO hosp_med_act (med_act_id, hosp_id) VALUES ('68', '126');
INSERT INTO patient_record (AMKA, hosp_id) VALUES ('1701840753', '126');
INSERT INTO rating (AMKA, hosp_id, medical_care, nursing_care, cleanliness, food, experience) VALUES ('1701840753', '126', '2', '4', '5', '1', '3');
INSERT INTO admission_diagnosis (hosp_id, diag_id) VALUES ('127', 'T28.7');
INSERT INTO discharge_diagnosis (hosp_id, diag_id) VALUES ('127', 'Y36');
INSERT INTO hospitalisation (hosp_id, admission_date, discharge_date, dept_name, bed_id, costing_id, carrier_id) VALUES ('127', '2026-09-10', '2026-12-11', 'Neurology', '7', '384', '9');
INSERT INTO lab_test (lab_test_id, med_proc_id, doc_id, date, result, cost) VALUES ('79', '9876', '0707820743', '2025-12-13 00:00:00', 'Άπειρα δυστυχής τελειώσει συγχωνευτεί δείξει προγραμματιστής άρα. Περισσότερες ανώδυνη μάθε.', '810.52');
INSERT INTO hosp_lab_test (lab_test_id, hosp_id) VALUES ('79', '127');
INSERT INTO patient_record (AMKA, hosp_id) VALUES ('1010459322', '127');
INSERT INTO rating (AMKA, hosp_id, medical_care, nursing_care, cleanliness, food, experience) VALUES ('1010459322', '127', '4', '1', '3', '4', '3');
INSERT INTO admission_diagnosis (hosp_id, diag_id) VALUES ('128', 'K85.1');
INSERT INTO hospitalisation (hosp_id, admission_date, discharge_date, dept_name, bed_id, costing_id, carrier_id) VALUES ('128', '2024-02-14', NULL, 'Cardiology', '6', '178', '4');
INSERT INTO lab_test (lab_test_id, med_proc_id, doc_id, date, result, cost) VALUES ('80', '9010', '2311474214', '2024-04-17 00:00:00', 'Τις πρόσληψη ρουτίνα στέλνοντάς. Επί καταλάθος γράψει επιχείριση μεταφραστής και. Δοκιμάσεις μάτσο συνάδελφος εκτός γνωστή δυστυχής πολύ αναγκάζονται.', '8573.02');
INSERT INTO hosp_lab_test (lab_test_id, hosp_id) VALUES ('80', '128');
INSERT INTO patient_record (AMKA, hosp_id) VALUES ('1606886766', '128');
INSERT INTO admission_diagnosis (hosp_id, diag_id) VALUES ('129', 'K29.7');
INSERT INTO hospitalisation (hosp_id, admission_date, discharge_date, dept_name, bed_id, costing_id, carrier_id) VALUES ('129', '2024-03-07', NULL, 'Pediatrics', '7', '528', '8');
INSERT INTO patient_record (AMKA, hosp_id) VALUES ('0809215525', '129');
INSERT INTO admission_diagnosis (hosp_id, diag_id) VALUES ('130', 'A19.1');
INSERT INTO discharge_diagnosis (hosp_id, diag_id) VALUES ('130', 'X42');
INSERT INTO hospitalisation (hosp_id, admission_date, discharge_date, dept_name, bed_id, costing_id, carrier_id) VALUES ('130', '2026-03-10', '2026-04-15', 'Operating theatre (OT)', '13', '517', '4');
INSERT INTO patient_record (AMKA, hosp_id) VALUES ('1611548914', '130');
INSERT INTO rating (AMKA, hosp_id, medical_care, nursing_care, cleanliness, food, experience) VALUES ('1611548914', '130', '2', '1', '4', '3', '2');
INSERT INTO admission_diagnosis (hosp_id, diag_id) VALUES ('131', 'J98.4');
INSERT INTO discharge_diagnosis (hosp_id, diag_id) VALUES ('131', 'K14.1');
INSERT INTO hospitalisation (hosp_id, admission_date, discharge_date, dept_name, bed_id, costing_id, carrier_id) VALUES ('131', '2026-01-04', '2026-01-26', 'Pediatrics', '6', '372', '2');
INSERT INTO medical_act (med_act_id, type, med_proc_id, start_datetime, end_datetime, room_id, cost) VALUES ('69', 'Θεραπευτική', '4852', '2020-07-31 00:00:00', '2020-10-05 09:00:00', '147', '5316.26');
INSERT INTO hosp_med_act (med_act_id, hosp_id) VALUES ('69', '131');
INSERT INTO patient_record (AMKA, hosp_id) VALUES ('1604704605', '131');
INSERT INTO rating (AMKA, hosp_id, medical_care, nursing_care, cleanliness, food, experience) VALUES ('1604704605', '131', '5', '5', '3', '1', '5');
INSERT INTO admission_diagnosis (hosp_id, diag_id) VALUES ('132', 'T54');
INSERT INTO hospitalisation (hosp_id, admission_date, discharge_date, dept_name, bed_id, costing_id, carrier_id) VALUES ('132', '2025-05-25', NULL, 'Gynaecology', '12', '379', '8');
INSERT INTO lab_test (lab_test_id, med_proc_id, doc_id, date, result, cost) VALUES ('81', '10710', '0306542190', '2021-10-07 00:00:00', 'Να αποκλειστικούς πάντα διαδίκτυο πάρα περιβάλλοντος. Με αποκλειστικούς τύπους κρατήσουν μέχρι. Χώρου αφήσεις εργαζόμενοι ήδη χρονοδιαγράμματα.', '493.66');
INSERT INTO hosp_lab_test (lab_test_id, hosp_id) VALUES ('81', '132');
INSERT INTO surgical_act (med_act_id, primary_doc_id) VALUES ('70', '0305579221');
INSERT INTO surgical_act_doctor_assistants (med_act_id, assistant_id) VALUES ('70', '2106602456');
INSERT INTO surgical_act_nurse_assistants (med_act_id, assistant_id) VALUES ('70', '2601941624');
INSERT INTO medical_act (med_act_id, type, med_proc_id, start_datetime, end_datetime, room_id, cost) VALUES ('70', 'Χειρουργική', '3566', '2023-11-12 00:00:00', '2024-01-16 03:00:00', '10', '2984.46');
INSERT INTO hosp_med_act (med_act_id, hosp_id) VALUES ('70', '132');
INSERT INTO patient_record (AMKA, hosp_id) VALUES ('0102247004', '132');
INSERT INTO admission_diagnosis (hosp_id, diag_id) VALUES ('133', 'S04.7');
INSERT INTO hospitalisation (hosp_id, admission_date, discharge_date, dept_name, bed_id, costing_id, carrier_id) VALUES ('133', '2021-03-08', NULL, 'Gastroenterology', '1', '608', '10');
INSERT INTO medical_act (med_act_id, type, med_proc_id, start_datetime, end_datetime, room_id, cost) VALUES ('71', 'Διαγνωστική', '522', '2020-07-16 00:00:00', '2020-08-08 05:00:00', '149', '9480.72');
INSERT INTO hosp_med_act (med_act_id, hosp_id) VALUES ('71', '133');
INSERT INTO patient_record (AMKA, hosp_id) VALUES ('2502522038', '133');
INSERT INTO admission_diagnosis (hosp_id, diag_id) VALUES ('134', 'D37.0');
INSERT INTO hospitalisation (hosp_id, admission_date, discharge_date, dept_name, bed_id, costing_id, carrier_id) VALUES ('134', '2023-12-27', NULL, 'General surgery', '16', '417', '8');
INSERT INTO medical_act (med_act_id, type, med_proc_id, start_datetime, end_datetime, room_id, cost) VALUES ('72', 'Διαγνωστική', '4430', '2026-03-24 00:00:00', '2026-05-31 04:00:00', '146', '9117.46');
INSERT INTO hosp_med_act (med_act_id, hosp_id) VALUES ('72', '134');
INSERT INTO patient_record (AMKA, hosp_id) VALUES ('0104406857', '134');
INSERT INTO admission_diagnosis (hosp_id, diag_id) VALUES ('135', 'Y19');
INSERT INTO discharge_diagnosis (hosp_id, diag_id) VALUES ('135', 'B52.0');
INSERT INTO hospitalisation (hosp_id, admission_date, discharge_date, dept_name, bed_id, costing_id, carrier_id) VALUES ('135', '2024-10-29', '2024-11-23', 'Haematology', '12', '446', '6');
INSERT INTO lab_test (lab_test_id, med_proc_id, doc_id, date, result, cost) VALUES ('82', '10539', '2003609278', '2021-11-05 00:00:00', 'Παράγοντες παραδώσεις ένα και εργαζόμενοι παραγωγικής κώδικα. Εξακολουθεί μεταγλωτίσει εφαμοργής τα ποσοστό εγώ. Διάσημα απομόνωση γεύματος πετάνε γραμμής γειτονιάς.', '2851.67');
INSERT INTO hosp_lab_test (lab_test_id, hosp_id) VALUES ('82', '135');
INSERT INTO surgical_act (med_act_id, primary_doc_id) VALUES ('73', '2708580170');
INSERT INTO surgical_act_doctor_assistants (med_act_id, assistant_id) VALUES ('73', '2003609278');
INSERT INTO surgical_act_doctor_assistants (med_act_id, assistant_id) VALUES ('73', '0410862119');
INSERT INTO surgical_act_nurse_assistants (med_act_id, assistant_id) VALUES ('73', '0309459375');
INSERT INTO medical_act (med_act_id, type, med_proc_id, start_datetime, end_datetime, room_id, cost) VALUES ('73', 'Χειρουργική', '1260', '2024-03-30 00:00:00', '2024-06-01 02:00:00', '58', '7961.34');
INSERT INTO hosp_med_act (med_act_id, hosp_id) VALUES ('73', '135');
INSERT INTO patient_record (AMKA, hosp_id) VALUES ('1904918721', '135');
INSERT INTO rating (AMKA, hosp_id, medical_care, nursing_care, cleanliness, food, experience) VALUES ('1904918721', '135', '3', '3', '4', '5', '4');
INSERT INTO admission_diagnosis (hosp_id, diag_id) VALUES ('136', 'O70.2');
INSERT INTO hospitalisation (hosp_id, admission_date, discharge_date, dept_name, bed_id, costing_id, carrier_id) VALUES ('136', '2022-03-30', NULL, 'Pediatrics', '1', '49', '10');
INSERT INTO lab_test (lab_test_id, med_proc_id, doc_id, date, result, cost) VALUES ('83', '7293', '1112753348', '2023-05-15 00:00:00', 'Μα μάθε του όσο σπίτι παραδοτέου. Διακόψουμε με εργαζόμενων μην ανεπιθύμητη.', '1007.39');
INSERT INTO hosp_lab_test (lab_test_id, hosp_id) VALUES ('83', '136');
INSERT INTO medical_act (med_act_id, type, med_proc_id, start_datetime, end_datetime, room_id, cost) VALUES ('74', 'Διαγνωστική', '4798', '2026-05-04 00:00:00', '2026-08-09 04:00:00', '28', '5928.6');
INSERT INTO hosp_med_act (med_act_id, hosp_id) VALUES ('74', '136');
INSERT INTO patient_record (AMKA, hosp_id) VALUES ('2702953936', '136');
INSERT INTO admission_diagnosis (hosp_id, diag_id) VALUES ('137', 'D84.0');
INSERT INTO discharge_diagnosis (hosp_id, diag_id) VALUES ('137', 'T51.1');
INSERT INTO hospitalisation (hosp_id, admission_date, discharge_date, dept_name, bed_id, costing_id, carrier_id) VALUES ('137', '2026-02-15', '2026-03-24', 'Geriatric', '16', '346', '8');
INSERT INTO lab_test (lab_test_id, med_proc_id, doc_id, date, result, cost) VALUES ('84', '9841', '1912455789', '2026-05-06 00:00:00', 'Μέγιστη από βιαστικά αναφέρονται προσεκτικά έτσι συνεχώς τύπου.
Να παραδοτέου δουλεύει παραδοτέου απαρατήρητο συνεντεύξεις απαρατήρητο. Άρθρων επί διαχειριστής βρίσκονται ακούσει. Πάντως θα τις.', '1283.68');
INSERT INTO hosp_lab_test (lab_test_id, hosp_id) VALUES ('84', '137');
INSERT INTO patient_record (AMKA, hosp_id) VALUES ('2303739960', '137');
INSERT INTO rating (AMKA, hosp_id, medical_care, nursing_care, cleanliness, food, experience) VALUES ('2303739960', '137', '4', '4', '1', '5', '2');
INSERT INTO admission_diagnosis (hosp_id, diag_id) VALUES ('138', 'H91');
INSERT INTO discharge_diagnosis (hosp_id, diag_id) VALUES ('138', 'P04.2');
INSERT INTO hospitalisation (hosp_id, admission_date, discharge_date, dept_name, bed_id, costing_id, carrier_id) VALUES ('138', '2020-01-11', '2020-01-16', 'General surgery', '4', '345', '8');
INSERT INTO patient_record (AMKA, hosp_id) VALUES ('2712066961', '138');
INSERT INTO rating (AMKA, hosp_id, medical_care, nursing_care, cleanliness, food, experience) VALUES ('2712066961', '138', '4', '3', '3', '5', '5');
INSERT INTO admission_diagnosis (hosp_id, diag_id) VALUES ('139', 'V97');
INSERT INTO hospitalisation (hosp_id, admission_date, discharge_date, dept_name, bed_id, costing_id, carrier_id) VALUES ('139', '2021-06-07', NULL, 'Geriatric', '5', '326', '6');
INSERT INTO lab_test (lab_test_id, med_proc_id, doc_id, date, result, cost) VALUES ('85', '10678', '1912455789', '2025-03-31 00:00:00', 'Εξοργιστικά παίρνει υποψήφιο μου τρόπο χρησιμοποίησέ. Έχω περισσότερες χαρακτηριστικό πετούν στη.', '8542.67');
INSERT INTO hosp_lab_test (lab_test_id, hosp_id) VALUES ('85', '139');
INSERT INTO surgical_act (med_act_id, primary_doc_id) VALUES ('75', '2306446564');
INSERT INTO surgical_act_doctor_assistants (med_act_id, assistant_id) VALUES ('75', '2111532740');
INSERT INTO surgical_act_doctor_assistants (med_act_id, assistant_id) VALUES ('75', '1207427571');
INSERT INTO surgical_act_nurse_assistants (med_act_id, assistant_id) VALUES ('75', '2412005893');
INSERT INTO surgical_act_nurse_assistants (med_act_id, assistant_id) VALUES ('75', '0904571046');
INSERT INTO surgical_act_nurse_assistants (med_act_id, assistant_id) VALUES ('75', '1911611265');
INSERT INTO medical_act (med_act_id, type, med_proc_id, start_datetime, end_datetime, room_id, cost) VALUES ('75', 'Χειρουργική', '4262', '2023-12-27 00:00:00', '2024-02-01 10:00:00', '47', '2505.62');
INSERT INTO hosp_med_act (med_act_id, hosp_id) VALUES ('75', '139');
INSERT INTO patient_record (AMKA, hosp_id) VALUES ('0510087485', '139');
INSERT INTO admission_diagnosis (hosp_id, diag_id) VALUES ('140', 'Z23.6');
INSERT INTO discharge_diagnosis (hosp_id, diag_id) VALUES ('140', 'J70.3');
INSERT INTO hospitalisation (hosp_id, admission_date, discharge_date, dept_name, bed_id, costing_id, carrier_id) VALUES ('140', '2022-05-13', '2022-05-16', 'General surgery', '3', '171', '9');
INSERT INTO lab_test (lab_test_id, med_proc_id, doc_id, date, result, cost) VALUES ('86', '10713', '2205469029', '2026-01-26 00:00:00', 'Διαχειριστής δύο παίρνει έξι. Μην τον στη μαγικά.
Τον μηχανής πρώτοι εκτελέσεις προγραμματιστής βγήκε στις. Δημιουργήσεις στο χώρου κι πάντα μια πάντως. Κανόνα πως πιο κώδικα.', '7560.87');
INSERT INTO hosp_lab_test (lab_test_id, hosp_id) VALUES ('86', '140');
INSERT INTO medical_act (med_act_id, type, med_proc_id, start_datetime, end_datetime, room_id, cost) VALUES ('76', 'Διαγνωστική', '2220', '2022-06-02 00:00:00', '2022-07-20 04:00:00', '63', '6565.41');
INSERT INTO hosp_med_act (med_act_id, hosp_id) VALUES ('76', '140');
INSERT INTO patient_record (AMKA, hosp_id) VALUES ('1612414904', '140');
INSERT INTO rating (AMKA, hosp_id, medical_care, nursing_care, cleanliness, food, experience) VALUES ('1612414904', '140', '2', '3', '1', '5', '3');
INSERT INTO admission_diagnosis (hosp_id, diag_id) VALUES ('141', 'N17.8');
INSERT INTO discharge_diagnosis (hosp_id, diag_id) VALUES ('141', 'H58.8*');
INSERT INTO hospitalisation (hosp_id, admission_date, discharge_date, dept_name, bed_id, costing_id, carrier_id) VALUES ('141', '2023-09-18', '2023-11-18', 'Gynaecology', '2', '419', '6');
INSERT INTO lab_test (lab_test_id, med_proc_id, doc_id, date, result, cost) VALUES ('87', '10423', '0701944806', '2024-09-19 00:00:00', 'Λαμβάνουν ναι μια πως απαρατήρητο εξοργιστικά συγχρόνως. Νέο συνεντεύξεις ήδη επιδιορθώσεις λετπά από.', '3872.44');
INSERT INTO hosp_lab_test (lab_test_id, hosp_id) VALUES ('87', '141');
INSERT INTO patient_record (AMKA, hosp_id) VALUES ('2408737568', '141');
INSERT INTO rating (AMKA, hosp_id, medical_care, nursing_care, cleanliness, food, experience) VALUES ('2408737568', '141', '1', '5', '2', '4', '2');
INSERT INTO admission_diagnosis (hosp_id, diag_id) VALUES ('142', 'E29.0');
INSERT INTO hospitalisation (hosp_id, admission_date, discharge_date, dept_name, bed_id, costing_id, carrier_id) VALUES ('142', '2024-04-24', NULL, 'Opthalmology', '4', '188', '7');
INSERT INTO patient_record (AMKA, hosp_id) VALUES ('1701894379', '142');
INSERT INTO admission_diagnosis (hosp_id, diag_id) VALUES ('143', 'Q75.9');
INSERT INTO discharge_diagnosis (hosp_id, diag_id) VALUES ('143', 'Q71.5');
INSERT INTO hospitalisation (hosp_id, admission_date, discharge_date, dept_name, bed_id, costing_id, carrier_id) VALUES ('143', '2024-02-22', '2024-03-03', 'Operating theatre (OT)', '7', '380', '9');
INSERT INTO medical_act (med_act_id, type, med_proc_id, start_datetime, end_datetime, room_id, cost) VALUES ('77', 'Διαγνωστική', '5897', '2022-02-26 00:00:00', '2022-04-27 01:00:00', '41', '2666.67');
INSERT INTO hosp_med_act (med_act_id, hosp_id) VALUES ('77', '143');
INSERT INTO patient_record (AMKA, hosp_id) VALUES ('3105055034', '143');
INSERT INTO rating (AMKA, hosp_id, medical_care, nursing_care, cleanliness, food, experience) VALUES ('3105055034', '143', '1', '2', '5', '5', '1');
INSERT INTO admission_diagnosis (hosp_id, diag_id) VALUES ('144', 'R51');
INSERT INTO discharge_diagnosis (hosp_id, diag_id) VALUES ('144', 'T22.0');
INSERT INTO hospitalisation (hosp_id, admission_date, discharge_date, dept_name, bed_id, costing_id, carrier_id) VALUES ('144', '2022-05-12', '2022-08-18', 'Casualty', '16', '92', '4');
INSERT INTO lab_test (lab_test_id, med_proc_id, doc_id, date, result, cost) VALUES ('88', '7966', '2906627360', '2022-04-12 00:00:00', 'Με δωροδοκηθούν αποθηκευτικού παραδώσεις ερωτήσεις μέχρι. Διακοπή επιδιορθώσεις πάρα για τα.
Πεδία επί δούλευε κάτι βγήκε οι. Γνωστή ώρα συνάδελφος.', '1757.47');
INSERT INTO hosp_lab_test (lab_test_id, hosp_id) VALUES ('88', '144');
INSERT INTO medical_act (med_act_id, type, med_proc_id, start_datetime, end_datetime, room_id, cost) VALUES ('78', 'Θεραπευτική', '560', '2020-01-13 00:00:00', '2020-03-13 06:00:00', '32', '9714.3');
INSERT INTO hosp_med_act (med_act_id, hosp_id) VALUES ('78', '144');
INSERT INTO patient_record (AMKA, hosp_id) VALUES ('0305415843', '144');
INSERT INTO rating (AMKA, hosp_id, medical_care, nursing_care, cleanliness, food, experience) VALUES ('0305415843', '144', '3', '2', '2', '3', '2');
INSERT INTO admission_diagnosis (hosp_id, diag_id) VALUES ('145', 'T79.0');
INSERT INTO hospitalisation (hosp_id, admission_date, discharge_date, dept_name, bed_id, costing_id, carrier_id) VALUES ('145', '2023-11-17', NULL, 'Pediatrics', '4', '102', '10');
INSERT INTO surgical_act (med_act_id, primary_doc_id) VALUES ('79', '2402877693');
INSERT INTO surgical_act_doctor_assistants (med_act_id, assistant_id) VALUES ('79', '2406419109');
INSERT INTO surgical_act_nurse_assistants (med_act_id, assistant_id) VALUES ('79', '1410590275');
INSERT INTO surgical_act_nurse_assistants (med_act_id, assistant_id) VALUES ('79', '2608981810');
INSERT INTO surgical_act_nurse_assistants (med_act_id, assistant_id) VALUES ('79', '0612989649');
INSERT INTO medical_act (med_act_id, type, med_proc_id, start_datetime, end_datetime, room_id, cost) VALUES ('79', 'Χειρουργική', '5837', '2023-10-30 00:00:00', '2023-11-17 01:00:00', '10', '9524.29');
INSERT INTO hosp_med_act (med_act_id, hosp_id) VALUES ('79', '145');
INSERT INTO patient_record (AMKA, hosp_id) VALUES ('2109666755', '145');
INSERT INTO admission_diagnosis (hosp_id, diag_id) VALUES ('146', 'J69.8');
INSERT INTO discharge_diagnosis (hosp_id, diag_id) VALUES ('146', 'B33.1');
INSERT INTO hospitalisation (hosp_id, admission_date, discharge_date, dept_name, bed_id, costing_id, carrier_id) VALUES ('146', '2023-09-23', '2023-11-25', 'Neurology', '17', '454', '1');
INSERT INTO surgical_act (med_act_id, primary_doc_id) VALUES ('80', '2910450715');
INSERT INTO surgical_act_doctor_assistants (med_act_id, assistant_id) VALUES ('80', '2911689167');
INSERT INTO surgical_act_nurse_assistants (med_act_id, assistant_id) VALUES ('80', '2208482039');
INSERT INTO surgical_act_nurse_assistants (med_act_id, assistant_id) VALUES ('80', '1801437951');
INSERT INTO medical_act (med_act_id, type, med_proc_id, start_datetime, end_datetime, room_id, cost) VALUES ('80', 'Χειρουργική', '708', '2020-03-13 00:00:00', '2020-06-06 07:00:00', '10', '5360.08');
INSERT INTO hosp_med_act (med_act_id, hosp_id) VALUES ('80', '146');
INSERT INTO patient_record (AMKA, hosp_id) VALUES ('1009586249', '146');
INSERT INTO rating (AMKA, hosp_id, medical_care, nursing_care, cleanliness, food, experience) VALUES ('1009586249', '146', '5', '3', '2', '5', '4');
INSERT INTO admission_diagnosis (hosp_id, diag_id) VALUES ('147', 'I65.8');
INSERT INTO discharge_diagnosis (hosp_id, diag_id) VALUES ('147', 'S65.5');
INSERT INTO hospitalisation (hosp_id, admission_date, discharge_date, dept_name, bed_id, costing_id, carrier_id) VALUES ('147', '2020-11-24', '2021-02-22', 'Anesthesiology', '11', '263', '4');
INSERT INTO lab_test (lab_test_id, med_proc_id, doc_id, date, result, cost) VALUES ('89', '9306', '1301442380', '2023-06-27 00:00:00', 'Ποια άρθρων γραφικά κι αθόρυβες πλέον. Ήδη τεκμηριώνει ο σαν πολύ παίρνουν.
Γεύματος αποκλειστικούς κι. Την τέλειοι περισσότερη πολύ.', '9279.7');
INSERT INTO hosp_lab_test (lab_test_id, hosp_id) VALUES ('89', '147');
INSERT INTO surgical_act (med_act_id, primary_doc_id) VALUES ('81', '1912455789');
INSERT INTO surgical_act_doctor_assistants (med_act_id, assistant_id) VALUES ('81', '1502550745');
INSERT INTO surgical_act_doctor_assistants (med_act_id, assistant_id) VALUES ('81', '1007513743');
INSERT INTO surgical_act_nurse_assistants (med_act_id, assistant_id) VALUES ('81', '1210752839');
INSERT INTO surgical_act_nurse_assistants (med_act_id, assistant_id) VALUES ('81', '1504406068');
INSERT INTO medical_act (med_act_id, type, med_proc_id, start_datetime, end_datetime, room_id, cost) VALUES ('81', 'Χειρουργική', '2193', '2022-09-14 00:00:00', '2022-11-09 10:00:00', '82', '4204.37');
INSERT INTO hosp_med_act (med_act_id, hosp_id) VALUES ('81', '147');
INSERT INTO patient_record (AMKA, hosp_id) VALUES ('0903954105', '147');
INSERT INTO rating (AMKA, hosp_id, medical_care, nursing_care, cleanliness, food, experience) VALUES ('0903954105', '147', '1', '4', '4', '3', '5');
INSERT INTO admission_diagnosis (hosp_id, diag_id) VALUES ('148', 'H58.0*');
INSERT INTO hospitalisation (hosp_id, admission_date, discharge_date, dept_name, bed_id, costing_id, carrier_id) VALUES ('148', '2020-07-21', NULL, 'Haematology', '5', '427', '6');
INSERT INTO lab_test (lab_test_id, med_proc_id, doc_id, date, result, cost) VALUES ('90', '6759', '0510600514', '2021-08-31 00:00:00', 'Μάθε κώδικα παίξουν της τύπου. Έλεγχος βιαστικά δωροδοκηθούν ανακλύψεις. Εντολές κύκλο λετπά βγήκε.', '5153.84');
INSERT INTO hosp_lab_test (lab_test_id, hosp_id) VALUES ('90', '148');
INSERT INTO surgical_act (med_act_id, primary_doc_id) VALUES ('82', '3012598800');
INSERT INTO surgical_act_doctor_assistants (med_act_id, assistant_id) VALUES ('82', '1712008709');
INSERT INTO surgical_act_doctor_assistants (med_act_id, assistant_id) VALUES ('82', '0404978442');
INSERT INTO surgical_act_nurse_assistants (med_act_id, assistant_id) VALUES ('82', '1006547847');
INSERT INTO surgical_act_nurse_assistants (med_act_id, assistant_id) VALUES ('82', '0412793251');
INSERT INTO surgical_act_nurse_assistants (med_act_id, assistant_id) VALUES ('82', '2403611622');
INSERT INTO medical_act (med_act_id, type, med_proc_id, start_datetime, end_datetime, room_id, cost) VALUES ('82', 'Χειρουργική', '3200', '2021-09-18 00:00:00', '2021-12-10 08:00:00', '122', '7281.11');
INSERT INTO hosp_med_act (med_act_id, hosp_id) VALUES ('82', '148');
INSERT INTO patient_record (AMKA, hosp_id) VALUES ('1502091192', '148');
INSERT INTO admission_diagnosis (hosp_id, diag_id) VALUES ('149', 'B26');
INSERT INTO discharge_diagnosis (hosp_id, diag_id) VALUES ('149', 'D68.8');
INSERT INTO hospitalisation (hosp_id, admission_date, discharge_date, dept_name, bed_id, costing_id, carrier_id) VALUES ('149', '2020-04-19', '2020-07-09', 'Urology', '1', '83', '1');
INSERT INTO lab_test (lab_test_id, med_proc_id, doc_id, date, result, cost) VALUES ('91', '7653', '2801801564', '2023-06-22 00:00:00', 'Ήδη κειμένων θα άρα ρουτίνα. Στραβά στα εργαλείων μη θέλεις περιμένουν. Ναι ποια ρουτίνα για πιο ένα βρίσκονται.', '2098.1');
INSERT INTO hosp_lab_test (lab_test_id, hosp_id) VALUES ('91', '149');
INSERT INTO patient_record (AMKA, hosp_id) VALUES ('2208165936', '149');
INSERT INTO rating (AMKA, hosp_id, medical_care, nursing_care, cleanliness, food, experience) VALUES ('2208165936', '149', '5', '2', '1', '2', '2');
INSERT INTO admission_diagnosis (hosp_id, diag_id) VALUES ('150', 'O05');
INSERT INTO discharge_diagnosis (hosp_id, diag_id) VALUES ('150', 'S76.0');
INSERT INTO hospitalisation (hosp_id, admission_date, discharge_date, dept_name, bed_id, costing_id, carrier_id) VALUES ('150', '2025-09-10', '2025-12-01', 'Inpatient Department (IPD)', '9', '645', '1');
INSERT INTO lab_test (lab_test_id, med_proc_id, doc_id, date, result, cost) VALUES ('92', '9035', '2710919774', '2026-05-26 00:00:00', 'Χαρακτηριστικών του αρέσει δεδομένων. Παραγωγικής βάζοντας πάντως παίρνει. Δούλευε εργαζόμενοι να μια.
Διοικητικό συνηθίζουν βιαστικά δεν. Ρωτάει αφήσεις γέλασαν λες αναφέρονται.', '8976.18');
INSERT INTO hosp_lab_test (lab_test_id, hosp_id) VALUES ('92', '150');
INSERT INTO medical_act (med_act_id, type, med_proc_id, start_datetime, end_datetime, room_id, cost) VALUES ('83', 'Θεραπευτική', '168', '2026-11-25 00:00:00', '2027-02-01 08:00:00', '88', '8371.96');
INSERT INTO hosp_med_act (med_act_id, hosp_id) VALUES ('83', '150');
INSERT INTO patient_record (AMKA, hosp_id) VALUES ('2712066961', '150');
INSERT INTO rating (AMKA, hosp_id, medical_care, nursing_care, cleanliness, food, experience) VALUES ('2712066961', '150', '4', '5', '4', '5', '3');
INSERT INTO admission_diagnosis (hosp_id, diag_id) VALUES ('151', 'N64.4');
INSERT INTO hospitalisation (hosp_id, admission_date, discharge_date, dept_name, bed_id, costing_id, carrier_id) VALUES ('151', '2026-03-20', NULL, 'Inpatient Department (IPD)', '3', '443', '4');
INSERT INTO medical_act (med_act_id, type, med_proc_id, start_datetime, end_datetime, room_id, cost) VALUES ('84', 'Θεραπευτική', '323', '2023-07-14 00:00:00', '2023-07-25 06:00:00', '123', '7124.67');
INSERT INTO hosp_med_act (med_act_id, hosp_id) VALUES ('84', '151');
INSERT INTO patient_record (AMKA, hosp_id) VALUES ('2110925240', '151');
INSERT INTO admission_diagnosis (hosp_id, diag_id) VALUES ('152', 'Q06.2');
INSERT INTO hospitalisation (hosp_id, admission_date, discharge_date, dept_name, bed_id, costing_id, carrier_id) VALUES ('152', '2025-01-16', NULL, 'Anesthesiology', '9', '71', '8');
INSERT INTO patient_record (AMKA, hosp_id) VALUES ('2208825367', '152');
INSERT INTO admission_diagnosis (hosp_id, diag_id) VALUES ('153', 'J38.1');
INSERT INTO hospitalisation (hosp_id, admission_date, discharge_date, dept_name, bed_id, costing_id, carrier_id) VALUES ('153', '2022-05-07', NULL, 'Gynaecology', '8', '521', '5');
INSERT INTO medical_act (med_act_id, type, med_proc_id, start_datetime, end_datetime, room_id, cost) VALUES ('85', 'Θεραπευτική', '3278', '2025-03-06 00:00:00', '2025-03-19 08:00:00', '125', '2080.13');
INSERT INTO hosp_med_act (med_act_id, hosp_id) VALUES ('85', '153');
INSERT INTO patient_record (AMKA, hosp_id) VALUES ('2507538617', '153');
INSERT INTO admission_diagnosis (hosp_id, diag_id) VALUES ('154', 'B94.2');
INSERT INTO hospitalisation (hosp_id, admission_date, discharge_date, dept_name, bed_id, costing_id, carrier_id) VALUES ('154', '2026-03-07', NULL, 'Anesthesiology', '7', '286', '5');
INSERT INTO medical_act (med_act_id, type, med_proc_id, start_datetime, end_datetime, room_id, cost) VALUES ('86', 'Θεραπευτική', '1999', '2022-04-16 00:00:00', '2022-06-04 01:00:00', '77', '5851.67');
INSERT INTO hosp_med_act (med_act_id, hosp_id) VALUES ('86', '154');
INSERT INTO patient_record (AMKA, hosp_id) VALUES ('3006844419', '154');
INSERT INTO admission_diagnosis (hosp_id, diag_id) VALUES ('155', 'Z13.6');
INSERT INTO hospitalisation (hosp_id, admission_date, discharge_date, dept_name, bed_id, costing_id, carrier_id) VALUES ('155', '2026-06-20', NULL, 'Opthalmology', '4', '428', '5');
INSERT INTO lab_test (lab_test_id, med_proc_id, doc_id, date, result, cost) VALUES ('93', '7611', '2809979050', '2022-01-20 00:00:00', 'Προσλάμβανες παίξουν μα τον ποια. Στήλες της ποια. Ως ερωτήσεις συγχρόνως επενδυτής έχω μέρος χρησιμοποιούνταν δύο.', '2139.12');
INSERT INTO hosp_lab_test (lab_test_id, hosp_id) VALUES ('93', '155');
INSERT INTO patient_record (AMKA, hosp_id) VALUES ('1612414904', '155');
INSERT INTO admission_diagnosis (hosp_id, diag_id) VALUES ('156', 'H50.9');
INSERT INTO hospitalisation (hosp_id, admission_date, discharge_date, dept_name, bed_id, costing_id, carrier_id) VALUES ('156', '2025-01-31', NULL, 'Geriatric', '7', '568', '2');
INSERT INTO lab_test (lab_test_id, med_proc_id, doc_id, date, result, cost) VALUES ('94', '7622', '1808559940', '2020-03-21 00:00:00', 'Διάβασε σχεδιαστής τρόποι. Επιδιόρθωση κάτι όσο εικόνες αποθηκευτικού ζητήσεις κανένας σε.
Πιο διασφαλίζεται φαινόμενο έχω έτσι. Ορίστε εργασίας χάος τι ένα όσο.', '6315.53');
INSERT INTO hosp_lab_test (lab_test_id, hosp_id) VALUES ('94', '156');
INSERT INTO surgical_act (med_act_id, primary_doc_id) VALUES ('87', '0111689660');
INSERT INTO surgical_act_doctor_assistants (med_act_id, assistant_id) VALUES ('87', '1502550745');
INSERT INTO surgical_act_doctor_assistants (med_act_id, assistant_id) VALUES ('87', '0906651672');
INSERT INTO surgical_act_nurse_assistants (med_act_id, assistant_id) VALUES ('87', '2104656720');
INSERT INTO surgical_act_nurse_assistants (med_act_id, assistant_id) VALUES ('87', '2601941624');
INSERT INTO surgical_act_nurse_assistants (med_act_id, assistant_id) VALUES ('87', '1005673097');
INSERT INTO medical_act (med_act_id, type, med_proc_id, start_datetime, end_datetime, room_id, cost) VALUES ('87', 'Χειρουργική', '1405', '2025-06-27 00:00:00', '2025-09-13 01:00:00', '58', '8634.14');
INSERT INTO hosp_med_act (med_act_id, hosp_id) VALUES ('87', '156');
INSERT INTO patient_record (AMKA, hosp_id) VALUES ('0901435907', '156');
INSERT INTO admission_diagnosis (hosp_id, diag_id) VALUES ('157', 'Z13.3');
INSERT INTO discharge_diagnosis (hosp_id, diag_id) VALUES ('157', 'S66.2');
INSERT INTO hospitalisation (hosp_id, admission_date, discharge_date, dept_name, bed_id, costing_id, carrier_id) VALUES ('157', '2026-12-22', '2027-03-22', 'Opthalmology', '12', '646', '8');
INSERT INTO lab_test (lab_test_id, med_proc_id, doc_id, date, result, cost) VALUES ('95', '9182', '0906651672', '2020-09-03 00:00:00', 'Ποσοστό ένας μεταγλωτιστής στο κάτι σημαντικό ημέρα. Εκτός σχεδιαστής εδώ παίρνει δεδομένων.
Μου εδώ κι διορθώσεις. Τελειώσει δε δουλεύει άρα για υψηλότερη. Με έτσι άρα εκτός.', '9498.0');
INSERT INTO hosp_lab_test (lab_test_id, hosp_id) VALUES ('95', '157');
INSERT INTO patient_record (AMKA, hosp_id) VALUES ('0409051150', '157');
INSERT INTO rating (AMKA, hosp_id, medical_care, nursing_care, cleanliness, food, experience) VALUES ('0409051150', '157', '3', '5', '2', '5', '3');
INSERT INTO admission_diagnosis (hosp_id, diag_id) VALUES ('158', 'W89');
INSERT INTO discharge_diagnosis (hosp_id, diag_id) VALUES ('158', 'M90.5*');
INSERT INTO hospitalisation (hosp_id, admission_date, discharge_date, dept_name, bed_id, costing_id, carrier_id) VALUES ('158', '2021-06-05', '2021-09-11', 'Psychiatry', '11', '261', '3');
INSERT INTO medical_act (med_act_id, type, med_proc_id, start_datetime, end_datetime, room_id, cost) VALUES ('88', 'Διαγνωστική', '5802', '2020-01-07 00:00:00', '2020-02-17 05:00:00', '79', '7479.37');
INSERT INTO hosp_med_act (med_act_id, hosp_id) VALUES ('88', '158');
INSERT INTO patient_record (AMKA, hosp_id) VALUES ('1009586249', '158');
INSERT INTO rating (AMKA, hosp_id, medical_care, nursing_care, cleanliness, food, experience) VALUES ('1009586249', '158', '5', '1', '5', '2', '4');
INSERT INTO admission_diagnosis (hosp_id, diag_id) VALUES ('159', 'S56.4');
INSERT INTO hospitalisation (hosp_id, admission_date, discharge_date, dept_name, bed_id, costing_id, carrier_id) VALUES ('159', '2025-03-11', NULL, 'Psychiatry', '5', '606', '2');
INSERT INTO lab_test (lab_test_id, med_proc_id, doc_id, date, result, cost) VALUES ('96', '7845', '2311474214', '2026-03-11 00:00:00', 'Για γνωστή φακέλους μεταφραστής εκτός ένας εκτός χαρακτηριστικών. Εκτελέσει γεύματος μιας διακοπής μάλλον.
Προσπαθήσεις δεδομένων μια συγγραφείς μετράει παραγωγικής.', '4481.99');
INSERT INTO hosp_lab_test (lab_test_id, hosp_id) VALUES ('96', '159');
INSERT INTO medical_act (med_act_id, type, med_proc_id, start_datetime, end_datetime, room_id, cost) VALUES ('89', 'Διαγνωστική', '762', '2023-06-08 00:00:00', '2023-06-28 07:00:00', '93', '1645.67');
INSERT INTO hosp_med_act (med_act_id, hosp_id) VALUES ('89', '159');
INSERT INTO patient_record (AMKA, hosp_id) VALUES ('2703503656', '159');
INSERT INTO admission_diagnosis (hosp_id, diag_id) VALUES ('160', 'Y40');
INSERT INTO hospitalisation (hosp_id, admission_date, discharge_date, dept_name, bed_id, costing_id, carrier_id) VALUES ('160', '2022-02-23', NULL, 'Orthopaedic', '17', '60', '7');
INSERT INTO lab_test (lab_test_id, med_proc_id, doc_id, date, result, cost) VALUES ('97', '6863', '0404978442', '2020-05-04 00:00:00', 'Βρίσκονται προγραμματιστής μέχρι χαρτιού εγώ αρπάζεις τους ελέγχου. Πως για τα αναγκάζονται.', '2447.39');
INSERT INTO hosp_lab_test (lab_test_id, hosp_id) VALUES ('97', '160');
INSERT INTO medical_act (med_act_id, type, med_proc_id, start_datetime, end_datetime, room_id, cost) VALUES ('90', 'Διαγνωστική', '3195', '2023-10-14 00:00:00', '2023-11-06 03:00:00', '90', '6156.03');
INSERT INTO hosp_med_act (med_act_id, hosp_id) VALUES ('90', '160');
INSERT INTO patient_record (AMKA, hosp_id) VALUES ('0906744291', '160');
INSERT INTO admission_diagnosis (hosp_id, diag_id) VALUES ('161', 'R04.2');
INSERT INTO hospitalisation (hosp_id, admission_date, discharge_date, dept_name, bed_id, costing_id, carrier_id) VALUES ('161', '2024-05-22', NULL, 'Oncology', '9', '154', '7');
INSERT INTO lab_test (lab_test_id, med_proc_id, doc_id, date, result, cost) VALUES ('98', '8130', '2801830092', '2024-07-22 00:00:00', 'Δε σκεφτείς παράγοντες γραμμή. Μάλλον πιο αναφέρονται χρονοδιαγράμματος της κάνε χρόνου έστειλε.
Ποια και πετούν συνέχεια πετάξαμε. Πάντα μα και τρόποι απόλαυσε αν.', '5614.0');
INSERT INTO hosp_lab_test (lab_test_id, hosp_id) VALUES ('98', '161');
INSERT INTO surgical_act (med_act_id, primary_doc_id) VALUES ('91', '2809979050');
INSERT INTO surgical_act_doctor_assistants (med_act_id, assistant_id) VALUES ('91', '2406419109');
INSERT INTO surgical_act_nurse_assistants (med_act_id, assistant_id) VALUES ('91', '1308752778');
INSERT INTO surgical_act_nurse_assistants (med_act_id, assistant_id) VALUES ('91', '1410590275');
INSERT INTO surgical_act_nurse_assistants (med_act_id, assistant_id) VALUES ('91', '2601941624');
INSERT INTO medical_act (med_act_id, type, med_proc_id, start_datetime, end_datetime, room_id, cost) VALUES ('91', 'Χειρουργική', '6056', '2022-11-01 00:00:00', '2022-12-16 07:00:00', '58', '9299.45');
INSERT INTO hosp_med_act (med_act_id, hosp_id) VALUES ('91', '161');
INSERT INTO patient_record (AMKA, hosp_id) VALUES ('2701909184', '161');
INSERT INTO admission_diagnosis (hosp_id, diag_id) VALUES ('162', 'M51.8');
INSERT INTO discharge_diagnosis (hosp_id, diag_id) VALUES ('162', 'Q86.2');
INSERT INTO hospitalisation (hosp_id, admission_date, discharge_date, dept_name, bed_id, costing_id, carrier_id) VALUES ('162', '2025-10-15', '2025-11-30', 'Cardiology', '7', '697', '5');
INSERT INTO medical_act (med_act_id, type, med_proc_id, start_datetime, end_datetime, room_id, cost) VALUES ('92', 'Διαγνωστική', '3390', '2025-07-06 00:00:00', '2025-09-03 04:00:00', '111', '4298.07');
INSERT INTO hosp_med_act (med_act_id, hosp_id) VALUES ('92', '162');
INSERT INTO patient_record (AMKA, hosp_id) VALUES ('0411706871', '162');
INSERT INTO rating (AMKA, hosp_id, medical_care, nursing_care, cleanliness, food, experience) VALUES ('0411706871', '162', '5', '3', '4', '2', '4');
INSERT INTO admission_diagnosis (hosp_id, diag_id) VALUES ('163', 'F40.2');
INSERT INTO discharge_diagnosis (hosp_id, diag_id) VALUES ('163', 'F65');
INSERT INTO hospitalisation (hosp_id, admission_date, discharge_date, dept_name, bed_id, costing_id, carrier_id) VALUES ('163', '2025-12-26', '2026-02-03', 'Cardiology', '9', '102', '2');
INSERT INTO lab_test (lab_test_id, med_proc_id, doc_id, date, result, cost) VALUES ('99', '9988', '0707820743', '2026-10-09 00:00:00', 'Τρέξει ανώδυνη δεν. Γειτονιάς πάρεις προγραμματιστής περισσότερες. Σας μην έγραψες εργοστασίου σχεδιαστής θέματα. Ένας επεξεργασία θυμάμαι απαράδεκτη γέλασαν ερωτήσεις στο.', '7179.28');
INSERT INTO hosp_lab_test (lab_test_id, hosp_id) VALUES ('99', '163');
INSERT INTO patient_record (AMKA, hosp_id) VALUES ('0510087485', '163');
INSERT INTO rating (AMKA, hosp_id, medical_care, nursing_care, cleanliness, food, experience) VALUES ('0510087485', '163', '5', '1', '4', '4', '5');
INSERT INTO admission_diagnosis (hosp_id, diag_id) VALUES ('164', 'C06.9');
INSERT INTO discharge_diagnosis (hosp_id, diag_id) VALUES ('164', 'D39.7');
INSERT INTO hospitalisation (hosp_id, admission_date, discharge_date, dept_name, bed_id, costing_id, carrier_id) VALUES ('164', '2024-10-16', '2024-11-23', 'Psychiatry', '5', '458', '2');
INSERT INTO lab_test (lab_test_id, med_proc_id, doc_id, date, result, cost) VALUES ('100', '6753', '1301442380', '2025-09-27 00:00:00', 'Λέει κάνε εκδόσεις και μιας ήδη. Νιρβάνα παίξουν ζητήσεις ιδιαίτερα ήδη. Περιεχόμενα διορθώσεις βιαστικά στις κάτι εκείνου βιαστικά. Χάος όχι βουτήξουν το επί προγραμματιστές τέλειοι.', '6931.17');
INSERT INTO hosp_lab_test (lab_test_id, hosp_id) VALUES ('100', '164');
INSERT INTO medical_act (med_act_id, type, med_proc_id, start_datetime, end_datetime, room_id, cost) VALUES ('93', 'Διαγνωστική', '2602', '2024-08-05 00:00:00', '2024-08-16 09:00:00', '138', '3809.35');
INSERT INTO hosp_med_act (med_act_id, hosp_id) VALUES ('93', '164');
INSERT INTO patient_record (AMKA, hosp_id) VALUES ('0105672568', '164');
INSERT INTO rating (AMKA, hosp_id, medical_care, nursing_care, cleanliness, food, experience) VALUES ('0105672568', '164', '3', '3', '5', '1', '2');
INSERT INTO admission_diagnosis (hosp_id, diag_id) VALUES ('165', 'S25.4');
INSERT INTO discharge_diagnosis (hosp_id, diag_id) VALUES ('165', 'Y65.8');
INSERT INTO hospitalisation (hosp_id, admission_date, discharge_date, dept_name, bed_id, costing_id, carrier_id) VALUES ('165', '2023-10-07', '2023-10-16', 'Haematology', '11', '480', '4');
INSERT INTO lab_test (lab_test_id, med_proc_id, doc_id, date, result, cost) VALUES ('101', '9247', '2607905982', '2021-07-09 00:00:00', 'Κάτι που αναφέρονται μην εκτός. Μη ερωτήσεις γιαυτό ρωτήσει άπειρα χώρου εδώ. Διορθώσεις πολύ φίλος των λες προσθέσει.
Το θέμα στις ότι. Απομόνωση παίρνουν κρατήσουν χώρου.', '4646.2');
INSERT INTO hosp_lab_test (lab_test_id, hosp_id) VALUES ('101', '165');
INSERT INTO medical_act (med_act_id, type, med_proc_id, start_datetime, end_datetime, room_id, cost) VALUES ('94', 'Διαγνωστική', '1616', '2020-12-06 00:00:00', '2021-01-24 08:00:00', '37', '9045.86');
INSERT INTO hosp_med_act (med_act_id, hosp_id) VALUES ('94', '165');
INSERT INTO patient_record (AMKA, hosp_id) VALUES ('2306891683', '165');
INSERT INTO rating (AMKA, hosp_id, medical_care, nursing_care, cleanliness, food, experience) VALUES ('2306891683', '165', '5', '3', '1', '5', '1');
INSERT INTO admission_diagnosis (hosp_id, diag_id) VALUES ('166', 'S33.3');
INSERT INTO discharge_diagnosis (hosp_id, diag_id) VALUES ('166', 'T49.7');
INSERT INTO hospitalisation (hosp_id, admission_date, discharge_date, dept_name, bed_id, costing_id, carrier_id) VALUES ('166', '2020-03-17', '2020-05-18', 'Anesthesiology', '16', '605', '4');
INSERT INTO lab_test (lab_test_id, med_proc_id, doc_id, date, result, cost) VALUES ('102', '9017', '1712008709', '2022-10-19 00:00:00', 'Πάρεις πόρτες οι απίστευτα γνωρίζουμε ας τους ειδικά. Ποια το μου διακοπή. Εργαλείων στήλες απομόνωση διορθώσεις στήλες μετράει.', '1960.56');
INSERT INTO hosp_lab_test (lab_test_id, hosp_id) VALUES ('102', '166');
INSERT INTO patient_record (AMKA, hosp_id) VALUES ('0905149025', '166');
INSERT INTO rating (AMKA, hosp_id, medical_care, nursing_care, cleanliness, food, experience) VALUES ('0905149025', '166', '4', '5', '4', '2', '5');
INSERT INTO admission_diagnosis (hosp_id, diag_id) VALUES ('167', 'F98.9');
INSERT INTO hospitalisation (hosp_id, admission_date, discharge_date, dept_name, bed_id, costing_id, carrier_id) VALUES ('167', '2024-10-18', NULL, 'Psychiatry', '5', '539', '8');
INSERT INTO lab_test (lab_test_id, med_proc_id, doc_id, date, result, cost) VALUES ('103', '8227', '2906627360', '2026-12-30 00:00:00', 'Δυστυχώς βουτήξουν γράψει γραμμής πετούν. Γράψει εργαζόμενοι σου.
Μάθε πολύ πιο άρα έτσι. Ήδη γειτονιάς ρουτίνα έτσι ο.
Πακέτων εντολές εσωτερικών συνέχεια λαμβάνουν μα μας. Που ποσοστό κι κάτι οι.', '1637.08');
INSERT INTO hosp_lab_test (lab_test_id, hosp_id) VALUES ('103', '167');
INSERT INTO patient_record (AMKA, hosp_id) VALUES ('0608785766', '167');
INSERT INTO admission_diagnosis (hosp_id, diag_id) VALUES ('168', 'J92.9');
INSERT INTO discharge_diagnosis (hosp_id, diag_id) VALUES ('168', 'F90.1');
INSERT INTO hospitalisation (hosp_id, admission_date, discharge_date, dept_name, bed_id, costing_id, carrier_id) VALUES ('168', '2020-04-07', '2020-05-11', 'Psychiatry', '4', '266', '5');
INSERT INTO lab_test (lab_test_id, med_proc_id, doc_id, date, result, cost) VALUES ('104', '10304', '2801897549', '2023-07-06 00:00:00', 'Μας νιρβάνα μάλλον τον σας ώρα διάβασε. Και τους χρησιμοποιούνταν κώδικα ίδιο. Μέχρι απίστευτα που δε εκείνου.', '9279.96');
INSERT INTO hosp_lab_test (lab_test_id, hosp_id) VALUES ('104', '168');
INSERT INTO medical_act (med_act_id, type, med_proc_id, start_datetime, end_datetime, room_id, cost) VALUES ('95', 'Διαγνωστική', '1618', '2025-10-12 00:00:00', '2025-11-23 06:00:00', '94', '7582.68');
INSERT INTO hosp_med_act (med_act_id, hosp_id) VALUES ('95', '168');
INSERT INTO patient_record (AMKA, hosp_id) VALUES ('1903504845', '168');
INSERT INTO rating (AMKA, hosp_id, medical_care, nursing_care, cleanliness, food, experience) VALUES ('1903504845', '168', '1', '3', '5', '2', '3');
INSERT INTO admission_diagnosis (hosp_id, diag_id) VALUES ('169', 'T35.7');
INSERT INTO discharge_diagnosis (hosp_id, diag_id) VALUES ('169', 'X81');
INSERT INTO hospitalisation (hosp_id, admission_date, discharge_date, dept_name, bed_id, costing_id, carrier_id) VALUES ('169', '2025-11-20', '2026-02-28', 'Urology', '9', '83', '3');
INSERT INTO medical_act (med_act_id, type, med_proc_id, start_datetime, end_datetime, room_id, cost) VALUES ('96', 'Θεραπευτική', '2381', '2025-11-17 00:00:00', '2025-12-10 02:00:00', '69', '2960.97');
INSERT INTO hosp_med_act (med_act_id, hosp_id) VALUES ('96', '169');
INSERT INTO patient_record (AMKA, hosp_id) VALUES ('1007750457', '169');
INSERT INTO rating (AMKA, hosp_id, medical_care, nursing_care, cleanliness, food, experience) VALUES ('1007750457', '169', '5', '5', '5', '1', '4');
INSERT INTO admission_diagnosis (hosp_id, diag_id) VALUES ('170', 'P37.5');
INSERT INTO hospitalisation (hosp_id, admission_date, discharge_date, dept_name, bed_id, costing_id, carrier_id) VALUES ('170', '2020-05-02', NULL, 'Oncology', '10', '637', '10');
INSERT INTO lab_test (lab_test_id, med_proc_id, doc_id, date, result, cost) VALUES ('105', '6974', '1108642138', '2025-11-27 00:00:00', 'Αν πολύ αυτήν πολύ γέλασαν δούλευε. Ευκολότερο μας ώρα γεγονός εργοστασίου θα.', '2386.46');
INSERT INTO hosp_lab_test (lab_test_id, hosp_id) VALUES ('105', '170');
INSERT INTO patient_record (AMKA, hosp_id) VALUES ('0309603964', '170');
INSERT INTO admission_diagnosis (hosp_id, diag_id) VALUES ('171', 'H80.0');
INSERT INTO discharge_diagnosis (hosp_id, diag_id) VALUES ('171', 'F43.2');
INSERT INTO hospitalisation (hosp_id, admission_date, discharge_date, dept_name, bed_id, costing_id, carrier_id) VALUES ('171', '2026-03-18', '2026-06-15', 'Inpatient Department (IPD)', '13', '693', '3');
INSERT INTO medical_act (med_act_id, type, med_proc_id, start_datetime, end_datetime, room_id, cost) VALUES ('97', 'Θεραπευτική', '6337', '2024-02-05 00:00:00', '2024-04-30 10:00:00', '82', '8263.01');
INSERT INTO hosp_med_act (med_act_id, hosp_id) VALUES ('97', '171');
INSERT INTO patient_record (AMKA, hosp_id) VALUES ('0401703682', '171');
INSERT INTO rating (AMKA, hosp_id, medical_care, nursing_care, cleanliness, food, experience) VALUES ('0401703682', '171', '1', '1', '4', '2', '2');
INSERT INTO admission_diagnosis (hosp_id, diag_id) VALUES ('172', 'H13.8*');
INSERT INTO hospitalisation (hosp_id, admission_date, discharge_date, dept_name, bed_id, costing_id, carrier_id) VALUES ('172', '2020-02-12', NULL, 'General surgery', '1', '442', '4');
INSERT INTO lab_test (lab_test_id, med_proc_id, doc_id, date, result, cost) VALUES ('106', '10582', '2501995986', '2026-06-30 00:00:00', 'Αναφορά τον και τους προσπαθήσεις εγώ την διευθυντές.
Λαμβάνουν όταν ανώδυνη προσπαθήσεις χρονοδιαγράμματα μεταγλωτίσει.', '9993.01');
INSERT INTO hosp_lab_test (lab_test_id, hosp_id) VALUES ('106', '172');
INSERT INTO medical_act (med_act_id, type, med_proc_id, start_datetime, end_datetime, room_id, cost) VALUES ('98', 'Διαγνωστική', '607', '2022-08-27 00:00:00', '2022-10-01 01:00:00', '88', '6493.56');
INSERT INTO hosp_med_act (med_act_id, hosp_id) VALUES ('98', '172');
INSERT INTO patient_record (AMKA, hosp_id) VALUES ('2704878658', '172');
INSERT INTO admission_diagnosis (hosp_id, diag_id) VALUES ('173', 'Z82.6');
INSERT INTO discharge_diagnosis (hosp_id, diag_id) VALUES ('173', 'M15.3');
INSERT INTO hospitalisation (hosp_id, admission_date, discharge_date, dept_name, bed_id, costing_id, carrier_id) VALUES ('173', '2025-10-08', '2025-12-17', 'General surgery', '9', '169', '9');
INSERT INTO patient_record (AMKA, hosp_id) VALUES ('2707918946', '173');
INSERT INTO rating (AMKA, hosp_id, medical_care, nursing_care, cleanliness, food, experience) VALUES ('2707918946', '173', '1', '4', '3', '4', '4');
INSERT INTO admission_diagnosis (hosp_id, diag_id) VALUES ('174', 'Z01.3');
INSERT INTO discharge_diagnosis (hosp_id, diag_id) VALUES ('174', 'Q13.3');
INSERT INTO hospitalisation (hosp_id, admission_date, discharge_date, dept_name, bed_id, costing_id, carrier_id) VALUES ('174', '2020-03-09', '2020-06-12', 'Psychiatry', '10', '310', '2');
INSERT INTO lab_test (lab_test_id, med_proc_id, doc_id, date, result, cost) VALUES ('107', '6965', '2203591874', '2024-03-16 00:00:00', 'Επενδυτής δούλευε τύπου έχω. Ανεπιθύμητη διασφαλίζεται προσθέσει μην σταματάς νέου. Έλεγχος μπουν της πλέον ο διακοπή.', '7076.19');
INSERT INTO hosp_lab_test (lab_test_id, hosp_id) VALUES ('107', '174');
INSERT INTO patient_record (AMKA, hosp_id) VALUES ('0301616013', '174');
INSERT INTO rating (AMKA, hosp_id, medical_care, nursing_care, cleanliness, food, experience) VALUES ('0301616013', '174', '2', '3', '4', '3', '5');
INSERT INTO admission_diagnosis (hosp_id, diag_id) VALUES ('175', 'O84');
INSERT INTO discharge_diagnosis (hosp_id, diag_id) VALUES ('175', 'D80.6');
INSERT INTO hospitalisation (hosp_id, admission_date, discharge_date, dept_name, bed_id, costing_id, carrier_id) VALUES ('175', '2022-12-09', '2023-01-31', 'Intensive care unit (ICU)', '13', '345', '1');
INSERT INTO medical_act (med_act_id, type, med_proc_id, start_datetime, end_datetime, room_id, cost) VALUES ('99', 'Θεραπευτική', '1286', '2021-08-30 00:00:00', '2021-11-27 01:00:00', '61', '7684.84');
INSERT INTO hosp_med_act (med_act_id, hosp_id) VALUES ('99', '175');
INSERT INTO patient_record (AMKA, hosp_id) VALUES ('2707918946', '175');
INSERT INTO rating (AMKA, hosp_id, medical_care, nursing_care, cleanliness, food, experience) VALUES ('2707918946', '175', '5', '1', '1', '4', '5');
INSERT INTO admission_diagnosis (hosp_id, diag_id) VALUES ('176', 'T50.8');
INSERT INTO hospitalisation (hosp_id, admission_date, discharge_date, dept_name, bed_id, costing_id, carrier_id) VALUES ('176', '2025-05-19', NULL, 'Neurology', '4', '419', '10');
INSERT INTO patient_record (AMKA, hosp_id) VALUES ('1612414904', '176');
INSERT INTO admission_diagnosis (hosp_id, diag_id) VALUES ('177', 'Q37.1');
INSERT INTO hospitalisation (hosp_id, admission_date, discharge_date, dept_name, bed_id, costing_id, carrier_id) VALUES ('177', '2021-02-26', NULL, 'Oncology', '6', '652', '4');
INSERT INTO lab_test (lab_test_id, med_proc_id, doc_id, date, result, cost) VALUES ('108', '7836', '3012870045', '2020-03-15 00:00:00', 'Σημεία όταν και κάνε τέλειοι. Πρόσληψη προκαλείς μάθε σου επιστρέφουν απαραίτητο διακόψουμε κώδικα. Διάβασε άρα λοιπόν όχι.
Βαθμό συγγραφείς δείξει.', '1956.03');
INSERT INTO hosp_lab_test (lab_test_id, hosp_id) VALUES ('108', '177');
INSERT INTO medical_act (med_act_id, type, med_proc_id, start_datetime, end_datetime, room_id, cost) VALUES ('100', 'Θεραπευτική', '4082', '2020-02-14 00:00:00', '2020-02-26 06:00:00', '22', '1052.2');
INSERT INTO hosp_med_act (med_act_id, hosp_id) VALUES ('100', '177');
INSERT INTO patient_record (AMKA, hosp_id) VALUES ('1909077893', '177');
INSERT INTO admission_diagnosis (hosp_id, diag_id) VALUES ('178', 'S95.9');
INSERT INTO hospitalisation (hosp_id, admission_date, discharge_date, dept_name, bed_id, costing_id, carrier_id) VALUES ('178', '2022-08-01', NULL, 'Gynaecology', '5', '658', '10');
INSERT INTO lab_test (lab_test_id, med_proc_id, doc_id, date, result, cost) VALUES ('109', '9221', '0707820743', '2023-09-22 00:00:00', 'Ο εκδόσεις τι μέχρι ακούσει όχι. Χρησιμοποίησέ ελέγχου κάτι ρωτήσει παίρνει ας. Εκείνου λιγότερο σωστά δεν μιας χρησιμοποίησέ κύκλο.', '1021.05');
INSERT INTO hosp_lab_test (lab_test_id, hosp_id) VALUES ('109', '178');
INSERT INTO patient_record (AMKA, hosp_id) VALUES ('0301616013', '178');
INSERT INTO admission_diagnosis (hosp_id, diag_id) VALUES ('179', 'T67.1');
INSERT INTO hospitalisation (hosp_id, admission_date, discharge_date, dept_name, bed_id, costing_id, carrier_id) VALUES ('179', '2026-07-17', NULL, 'Pediatrics', '14', '542', '10');
INSERT INTO lab_test (lab_test_id, med_proc_id, doc_id, date, result, cost) VALUES ('110', '8791', '2406419109', '2025-10-16 00:00:00', 'Γειτονιάς από μπορούσες εγώ ευκολότερο. Προσεκτικά πρόσληψη άπειρα φακέλους συγχρόνως κάτι παίξουν. Θέματα σημαντικός βαθμό εργάστηκε πολύ χρησιμοποίησέ.', '4101.31');
INSERT INTO hosp_lab_test (lab_test_id, hosp_id) VALUES ('110', '179');
INSERT INTO patient_record (AMKA, hosp_id) VALUES ('1207555071', '179');
INSERT INTO admission_diagnosis (hosp_id, diag_id) VALUES ('180', 'J85');
INSERT INTO hospitalisation (hosp_id, admission_date, discharge_date, dept_name, bed_id, costing_id, carrier_id) VALUES ('180', '2024-04-01', NULL, 'Anesthesiology', '14', '206', '7');
INSERT INTO patient_record (AMKA, hosp_id) VALUES ('1010649535', '180');
INSERT INTO admission_diagnosis (hosp_id, diag_id) VALUES ('181', 'Z84');
INSERT INTO hospitalisation (hosp_id, admission_date, discharge_date, dept_name, bed_id, costing_id, carrier_id) VALUES ('181', '2021-02-03', NULL, 'Gynaecology', '6', '185', '4');
INSERT INTO lab_test (lab_test_id, med_proc_id, doc_id, date, result, cost) VALUES ('111', '11005', '2205469029', '2026-08-30 00:00:00', 'Αρπάζεις αθόρυβες δεδομένων ακούσει. Ως δεν έτσι χώρου εργάστηκε περιμένουν. Κάνε στις συγχρόνως αποκλειστικούς μου κανένας σου.', '4070.61');
INSERT INTO hosp_lab_test (lab_test_id, hosp_id) VALUES ('111', '181');
INSERT INTO medical_act (med_act_id, type, med_proc_id, start_datetime, end_datetime, room_id, cost) VALUES ('101', 'Διαγνωστική', '4653', '2020-05-11 00:00:00', '2020-08-01 02:00:00', '61', '7347.59');
INSERT INTO hosp_med_act (med_act_id, hosp_id) VALUES ('101', '181');
INSERT INTO patient_record (AMKA, hosp_id) VALUES ('2310039586', '181');
INSERT INTO admission_diagnosis (hosp_id, diag_id) VALUES ('182', 'P27.8');
INSERT INTO discharge_diagnosis (hosp_id, diag_id) VALUES ('182', 'I12.9');
INSERT INTO hospitalisation (hosp_id, admission_date, discharge_date, dept_name, bed_id, costing_id, carrier_id) VALUES ('182', '2024-11-03', '2024-11-15', 'General surgery', '11', '286', '8');
INSERT INTO lab_test (lab_test_id, med_proc_id, doc_id, date, result, cost) VALUES ('112', '8599', '2305633067', '2026-10-10 00:00:00', 'Δούλευε κι χειρότερα ώρα. Μα ποια απίστευτα άρθρων δύο δημιουργήσεις. Έτσι κλπ στο έγραψες στραβά από συνέχεια.
Παράδειγμα θέλεις πάντως ποια δεν τεσσαρών. Νέα φράση εσωτερικών μη.', '8764.71');
INSERT INTO hosp_lab_test (lab_test_id, hosp_id) VALUES ('112', '182');
INSERT INTO medical_act (med_act_id, type, med_proc_id, start_datetime, end_datetime, room_id, cost) VALUES ('102', 'Διαγνωστική', '705', '2024-02-16 00:00:00', '2024-03-16 01:00:00', '107', '6761.05');
INSERT INTO hosp_med_act (med_act_id, hosp_id) VALUES ('102', '182');
INSERT INTO patient_record (AMKA, hosp_id) VALUES ('2904000839', '182');
INSERT INTO rating (AMKA, hosp_id, medical_care, nursing_care, cleanliness, food, experience) VALUES ('2904000839', '182', '2', '4', '2', '5', '4');
INSERT INTO admission_diagnosis (hosp_id, diag_id) VALUES ('183', 'D82.3');
INSERT INTO discharge_diagnosis (hosp_id, diag_id) VALUES ('183', 'Q97.8');
INSERT INTO hospitalisation (hosp_id, admission_date, discharge_date, dept_name, bed_id, costing_id, carrier_id) VALUES ('183', '2022-04-10', '2022-05-27', 'Gynaecology', '1', '87', '9');
INSERT INTO patient_record (AMKA, hosp_id) VALUES ('0808960014', '183');
INSERT INTO rating (AMKA, hosp_id, medical_care, nursing_care, cleanliness, food, experience) VALUES ('0808960014', '183', '1', '1', '5', '3', '1');
INSERT INTO admission_diagnosis (hosp_id, diag_id) VALUES ('184', 'Y44.3');
INSERT INTO hospitalisation (hosp_id, admission_date, discharge_date, dept_name, bed_id, costing_id, carrier_id) VALUES ('184', '2021-10-19', NULL, 'General surgery', '7', '185', '4');
INSERT INTO lab_test (lab_test_id, med_proc_id, doc_id, date, result, cost) VALUES ('113', '10474', '2205469029', '2021-03-21 00:00:00', 'Συνεχώς ότι πως εξαρτάται προσλάμβανες κι αν. Όταν στο κρατάει βρίσκονται πετούν ωραίο αφήσεις. Τις μεταγλωτιστής δε προσθέσει. Αρέσει κοιτάζοντας χαρτιού αρχεία.
Κάτι ταξινομεί πάντως έτσι.', '120.47');
INSERT INTO hosp_lab_test (lab_test_id, hosp_id) VALUES ('113', '184');
INSERT INTO patient_record (AMKA, hosp_id) VALUES ('2504117690', '184');
INSERT INTO admission_diagnosis (hosp_id, diag_id) VALUES ('185', 'L23.0');
INSERT INTO discharge_diagnosis (hosp_id, diag_id) VALUES ('185', 'E03.5');
INSERT INTO hospitalisation (hosp_id, admission_date, discharge_date, dept_name, bed_id, costing_id, carrier_id) VALUES ('185', '2024-05-11', '2024-07-04', 'Cardiology', '6', '608', '1');
INSERT INTO lab_test (lab_test_id, med_proc_id, doc_id, date, result, cost) VALUES ('114', '8359', '2111532740', '2025-03-19 00:00:00', 'Ίδιο επεξεργασία περιβάλλον ευκολότερο χρησιμοποιούνταν παραπάνω ωραίο. Στα νέο επί σαν. Πολύ ο στήλες ιδιαίτερα πάντα.', '8380.77');
INSERT INTO hosp_lab_test (lab_test_id, hosp_id) VALUES ('114', '185');
INSERT INTO medical_act (med_act_id, type, med_proc_id, start_datetime, end_datetime, room_id, cost) VALUES ('103', 'Διαγνωστική', '4993', '2021-01-23 00:00:00', '2021-03-28 04:00:00', '30', '9142.99');
INSERT INTO hosp_med_act (med_act_id, hosp_id) VALUES ('103', '185');
INSERT INTO patient_record (AMKA, hosp_id) VALUES ('2111074055', '185');
INSERT INTO rating (AMKA, hosp_id, medical_care, nursing_care, cleanliness, food, experience) VALUES ('2111074055', '185', '4', '5', '3', '4', '2');
INSERT INTO admission_diagnosis (hosp_id, diag_id) VALUES ('186', 'Q06.1');
INSERT INTO discharge_diagnosis (hosp_id, diag_id) VALUES ('186', 'Q77.7');
INSERT INTO hospitalisation (hosp_id, admission_date, discharge_date, dept_name, bed_id, costing_id, carrier_id) VALUES ('186', '2020-02-13', '2020-04-12', 'Haematology', '7', '226', '9');
INSERT INTO surgical_act (med_act_id, primary_doc_id) VALUES ('104', '2905541171');
INSERT INTO surgical_act_doctor_assistants (med_act_id, assistant_id) VALUES ('104', '1502550745');
INSERT INTO surgical_act_nurse_assistants (med_act_id, assistant_id) VALUES ('104', '2202676265');
INSERT INTO medical_act (med_act_id, type, med_proc_id, start_datetime, end_datetime, room_id, cost) VALUES ('104', 'Χειρουργική', '3358', '2023-02-08 00:00:00', '2023-04-19 04:00:00', '82', '8367.63');
INSERT INTO hosp_med_act (med_act_id, hosp_id) VALUES ('104', '186');
INSERT INTO patient_record (AMKA, hosp_id) VALUES ('0910538676', '186');
INSERT INTO rating (AMKA, hosp_id, medical_care, nursing_care, cleanliness, food, experience) VALUES ('0910538676', '186', '1', '4', '5', '2', '4');
INSERT INTO admission_diagnosis (hosp_id, diag_id) VALUES ('187', 'T46.0');
INSERT INTO discharge_diagnosis (hosp_id, diag_id) VALUES ('187', 'Y06.9');
INSERT INTO hospitalisation (hosp_id, admission_date, discharge_date, dept_name, bed_id, costing_id, carrier_id) VALUES ('187', '2024-11-04', '2024-12-17', 'Neurology', '13', '640', '5');
INSERT INTO patient_record (AMKA, hosp_id) VALUES ('0401524365', '187');
INSERT INTO rating (AMKA, hosp_id, medical_care, nursing_care, cleanliness, food, experience) VALUES ('0401524365', '187', '1', '5', '2', '4', '4');
INSERT INTO admission_diagnosis (hosp_id, diag_id) VALUES ('188', 'S16');
INSERT INTO discharge_diagnosis (hosp_id, diag_id) VALUES ('188', 'Z99.2');
INSERT INTO hospitalisation (hosp_id, admission_date, discharge_date, dept_name, bed_id, costing_id, carrier_id) VALUES ('188', '2025-04-18', '2025-06-16', 'Oncology', '16', '119', '4');
INSERT INTO patient_record (AMKA, hosp_id) VALUES ('2702953936', '188');
INSERT INTO rating (AMKA, hosp_id, medical_care, nursing_care, cleanliness, food, experience) VALUES ('2702953936', '188', '2', '2', '4', '5', '3');
INSERT INTO admission_diagnosis (hosp_id, diag_id) VALUES ('189', 'C26.8');
INSERT INTO discharge_diagnosis (hosp_id, diag_id) VALUES ('189', 'E63.0');
INSERT INTO hospitalisation (hosp_id, admission_date, discharge_date, dept_name, bed_id, costing_id, carrier_id) VALUES ('189', '2025-09-27', '2025-11-08', 'General surgery', '17', '647', '1');
INSERT INTO lab_test (lab_test_id, med_proc_id, doc_id, date, result, cost) VALUES ('115', '7017', '0906651672', '2026-02-18 00:00:00', 'Λοιπόν μάλλον μου. Που μέχρι διοικητικό συνηθίζουν. Ένας διολισθήσεις πάρα μια.
Μην στα αλγόριθμου χρησιμοποιούνταν έξι προγραμματιστής τύπους πόρτες.', '1278.12');
INSERT INTO hosp_lab_test (lab_test_id, hosp_id) VALUES ('115', '189');
INSERT INTO patient_record (AMKA, hosp_id) VALUES ('2907676995', '189');
INSERT INTO rating (AMKA, hosp_id, medical_care, nursing_care, cleanliness, food, experience) VALUES ('2907676995', '189', '4', '4', '2', '1', '2');
INSERT INTO admission_diagnosis (hosp_id, diag_id) VALUES ('190', 'I89.0');
INSERT INTO discharge_diagnosis (hosp_id, diag_id) VALUES ('190', 'C11.8');
INSERT INTO hospitalisation (hosp_id, admission_date, discharge_date, dept_name, bed_id, costing_id, carrier_id) VALUES ('190', '2023-02-14', '2023-05-04', 'Geriatric', '12', '22', '10');
INSERT INTO lab_test (lab_test_id, med_proc_id, doc_id, date, result, cost) VALUES ('116', '9343', '3008951757', '2024-01-07 00:00:00', 'Γιαυτό παραδοτέου δούλευε τη εκθέσεις μα προσπαθήσεις. Ελέγχου την όσο ναι μην.', '9668.12');
INSERT INTO hosp_lab_test (lab_test_id, hosp_id) VALUES ('116', '190');
INSERT INTO medical_act (med_act_id, type, med_proc_id, start_datetime, end_datetime, room_id, cost) VALUES ('105', 'Διαγνωστική', '1634', '2023-09-23 00:00:00', '2023-10-24 10:00:00', '30', '187.07');
INSERT INTO hosp_med_act (med_act_id, hosp_id) VALUES ('105', '190');
INSERT INTO patient_record (AMKA, hosp_id) VALUES ('1206416500', '190');
INSERT INTO rating (AMKA, hosp_id, medical_care, nursing_care, cleanliness, food, experience) VALUES ('1206416500', '190', '1', '5', '2', '1', '2');
INSERT INTO admission_diagnosis (hosp_id, diag_id) VALUES ('191', 'D69.2');
INSERT INTO hospitalisation (hosp_id, admission_date, discharge_date, dept_name, bed_id, costing_id, carrier_id) VALUES ('191', '2023-10-13', NULL, 'Outpatient Department (OPD)', '15', '435', '10');
INSERT INTO lab_test (lab_test_id, med_proc_id, doc_id, date, result, cost) VALUES ('117', '7748', '0707820743', '2026-01-27 00:00:00', 'Πιο έστελνε την έστειλε βαθμό μέγιστη σας δεν. Πάρεις ακούσει περιμένουν εξακολουθεί μέρος έστελνε στήλες.', '5379.35');
INSERT INTO hosp_lab_test (lab_test_id, hosp_id) VALUES ('117', '191');
INSERT INTO medical_act (med_act_id, type, med_proc_id, start_datetime, end_datetime, room_id, cost) VALUES ('106', 'Διαγνωστική', '2328', '2024-10-08 00:00:00', '2024-10-19 06:00:00', '137', '5698.49');
INSERT INTO hosp_med_act (med_act_id, hosp_id) VALUES ('106', '191');
INSERT INTO patient_record (AMKA, hosp_id) VALUES ('2111074055', '191');
INSERT INTO admission_diagnosis (hosp_id, diag_id) VALUES ('192', 'F31');
INSERT INTO discharge_diagnosis (hosp_id, diag_id) VALUES ('192', 'J03');
INSERT INTO hospitalisation (hosp_id, admission_date, discharge_date, dept_name, bed_id, costing_id, carrier_id) VALUES ('192', '2024-12-03', '2025-02-06', 'Pediatrics', '12', '189', '9');
INSERT INTO lab_test (lab_test_id, med_proc_id, doc_id, date, result, cost) VALUES ('118', '8737', '0312964109', '2022-12-14 00:00:00', 'Μεταφραστής μέσης μηχανής δίνοντας αναφορά πηγαίου. Συνέχεια δημιουργια στη προκύπτουν.
Πρώτης κάτι όχι προσπαθούν παραδοτέου διαχειριστής. Και έξι χρειάζονται γραμμή πάντως εδώ χαμηλός.', '4403.5');
INSERT INTO hosp_lab_test (lab_test_id, hosp_id) VALUES ('118', '192');
INSERT INTO surgical_act (med_act_id, primary_doc_id) VALUES ('107', '1908663047');
INSERT INTO surgical_act_doctor_assistants (med_act_id, assistant_id) VALUES ('107', '0111689660');
INSERT INTO surgical_act_nurse_assistants (med_act_id, assistant_id) VALUES ('107', '0109765304');
INSERT INTO surgical_act_nurse_assistants (med_act_id, assistant_id) VALUES ('107', '2007568464');
INSERT INTO medical_act (med_act_id, type, med_proc_id, start_datetime, end_datetime, room_id, cost) VALUES ('107', 'Χειρουργική', '1253', '2024-06-11 00:00:00', '2024-06-27 01:00:00', '112', '8087.07');
INSERT INTO hosp_med_act (med_act_id, hosp_id) VALUES ('107', '192');
INSERT INTO patient_record (AMKA, hosp_id) VALUES ('3105055034', '192');
INSERT INTO rating (AMKA, hosp_id, medical_care, nursing_care, cleanliness, food, experience) VALUES ('3105055034', '192', '5', '5', '4', '5', '2');
INSERT INTO admission_diagnosis (hosp_id, diag_id) VALUES ('193', 'Q91.5');
INSERT INTO hospitalisation (hosp_id, admission_date, discharge_date, dept_name, bed_id, costing_id, carrier_id) VALUES ('193', '2021-05-28', NULL, 'Operating theatre (OT)', '8', '346', '6');
INSERT INTO lab_test (lab_test_id, med_proc_id, doc_id, date, result, cost) VALUES ('119', '6729', '0802581734', '2025-08-23 00:00:00', 'Δεν κάνε διαφήμιση ευκολότερο τρέξει. Πετάξαμε εκτελέσει επιδιορθώσεις συγχωνευτεί χαρτιού. Γεγονός χρησιμοποιώντας συνηθίζουν.
Προσεκτικά χρόνου αθόρυβες.', '7327.23');
INSERT INTO hosp_lab_test (lab_test_id, hosp_id) VALUES ('119', '193');
INSERT INTO surgical_act (med_act_id, primary_doc_id) VALUES ('108', '2710919774');
INSERT INTO surgical_act_doctor_assistants (med_act_id, assistant_id) VALUES ('108', '0701944806');
INSERT INTO surgical_act_nurse_assistants (med_act_id, assistant_id) VALUES ('108', '1410590275');
INSERT INTO medical_act (med_act_id, type, med_proc_id, start_datetime, end_datetime, room_id, cost) VALUES ('108', 'Χειρουργική', '3126', '2020-08-06 00:00:00', '2020-09-19 08:00:00', '35', '1200.2');
INSERT INTO hosp_med_act (med_act_id, hosp_id) VALUES ('108', '193');
INSERT INTO patient_record (AMKA, hosp_id) VALUES ('2701909184', '193');
INSERT INTO admission_diagnosis (hosp_id, diag_id) VALUES ('194', 'Q40.9');
INSERT INTO hospitalisation (hosp_id, admission_date, discharge_date, dept_name, bed_id, costing_id, carrier_id) VALUES ('194', '2022-04-01', NULL, 'Intensive care unit (ICU)', '14', '95', '5');
INSERT INTO lab_test (lab_test_id, med_proc_id, doc_id, date, result, cost) VALUES ('120', '8869', '2311474214', '2020-10-14 00:00:00', 'Πως χρονοδιαγράμματα στα ποια.
Προκαλείς τύπου νέα σταματάς μπουν ωραίο την. Αρχεία προγραμματιστές στη το βιβλίο βασανίζουν ημέρα.
Εδώ ροή δίνοντας μεταγλωτίσει παραπάνω και να.', '386.57');
INSERT INTO hosp_lab_test (lab_test_id, hosp_id) VALUES ('120', '194');
INSERT INTO medical_act (med_act_id, type, med_proc_id, start_datetime, end_datetime, room_id, cost) VALUES ('109', 'Θεραπευτική', '90', '2022-12-12 00:00:00', '2023-03-15 10:00:00', '111', '9849.71');
INSERT INTO hosp_med_act (med_act_id, hosp_id) VALUES ('109', '194');
INSERT INTO patient_record (AMKA, hosp_id) VALUES ('1701894379', '194');
INSERT INTO admission_diagnosis (hosp_id, diag_id) VALUES ('195', 'B55.0');
INSERT INTO hospitalisation (hosp_id, admission_date, discharge_date, dept_name, bed_id, costing_id, carrier_id) VALUES ('195', '2021-06-20', NULL, 'Cardiology', '6', '664', '7');
INSERT INTO lab_test (lab_test_id, med_proc_id, doc_id, date, result, cost) VALUES ('121', '9637', '1301442380', '2022-05-31 00:00:00', 'Περιβάλλον ευκολότερο πετάνε νέα.
Έτσι μέρος κοιτάζοντας υπηρεσία αγοράζοντας προσπαθήσεις γράψει.
Εργοστασίου μου τα μας γειτονιάς.', '11.01');
INSERT INTO hosp_lab_test (lab_test_id, hosp_id) VALUES ('121', '195');
INSERT INTO patient_record (AMKA, hosp_id) VALUES ('0411145672', '195');
INSERT INTO admission_diagnosis (hosp_id, diag_id) VALUES ('196', 'T20.6');
INSERT INTO hospitalisation (hosp_id, admission_date, discharge_date, dept_name, bed_id, costing_id, carrier_id) VALUES ('196', '2021-12-11', NULL, 'Haematology', '15', '249', '2');
INSERT INTO lab_test (lab_test_id, med_proc_id, doc_id, date, result, cost) VALUES ('122', '9677', '0802581734', '2024-04-11 00:00:00', 'Σχεδιαστής ρωτήσει εργαζόμενων πάντα προκαλείς περιμένουν. Συνεχώς στη άρα σωστά προκαλείς εικόνες.
Εδώ ένας βγήκε από νέο ύψος. Δεδομένων πως τελειώσει πάντως. Που τους νέο στο δυστυχώς δυστυχής.', '3195.45');
INSERT INTO hosp_lab_test (lab_test_id, hosp_id) VALUES ('122', '196');
INSERT INTO surgical_act (med_act_id, primary_doc_id) VALUES ('110', '0802581734');
INSERT INTO surgical_act_doctor_assistants (med_act_id, assistant_id) VALUES ('110', '1108642138');
INSERT INTO surgical_act_nurse_assistants (med_act_id, assistant_id) VALUES ('110', '0710837433');
INSERT INTO surgical_act_nurse_assistants (med_act_id, assistant_id) VALUES ('110', '0612989649');
INSERT INTO medical_act (med_act_id, type, med_proc_id, start_datetime, end_datetime, room_id, cost) VALUES ('110', 'Χειρουργική', '2583', '2026-10-21 00:00:00', '2026-12-05 05:00:00', '16', '9520.89');
INSERT INTO hosp_med_act (med_act_id, hosp_id) VALUES ('110', '196');
INSERT INTO patient_record (AMKA, hosp_id) VALUES ('1002683337', '196');
INSERT INTO admission_diagnosis (hosp_id, diag_id) VALUES ('197', 'N16*');
INSERT INTO hospitalisation (hosp_id, admission_date, discharge_date, dept_name, bed_id, costing_id, carrier_id) VALUES ('197', '2023-06-23', NULL, 'Haematology', '9', '102', '1');
INSERT INTO lab_test (lab_test_id, med_proc_id, doc_id, date, result, cost) VALUES ('123', '9197', '0305579221', '2025-11-16 00:00:00', 'Τα παράδειγμα απλό συνεχώς. Μετράει παραπάνω ναι εργαλείων τρέξει. Στραβά νέων προγραμματιστής μια λες τι χειρότερα αν.
Προγραμματιστής κανείς θέλεις πλέον.', '5350.93');
INSERT INTO hosp_lab_test (lab_test_id, hosp_id) VALUES ('123', '197');
INSERT INTO medical_act (med_act_id, type, med_proc_id, start_datetime, end_datetime, room_id, cost) VALUES ('111', 'Θεραπευτική', '3112', '2024-09-23 00:00:00', '2024-11-26 01:00:00', '106', '933.39');
INSERT INTO hosp_med_act (med_act_id, hosp_id) VALUES ('111', '197');
INSERT INTO patient_record (AMKA, hosp_id) VALUES ('1907030712', '197');
INSERT INTO admission_diagnosis (hosp_id, diag_id) VALUES ('198', 'R10.0');
INSERT INTO discharge_diagnosis (hosp_id, diag_id) VALUES ('198', 'O74.4');
INSERT INTO hospitalisation (hosp_id, admission_date, discharge_date, dept_name, bed_id, costing_id, carrier_id) VALUES ('198', '2021-05-08', '2021-05-12', 'Orthopaedic', '5', '281', '5');
INSERT INTO lab_test (lab_test_id, med_proc_id, doc_id, date, result, cost) VALUES ('124', '10800', '2906540192', '2025-06-15 00:00:00', 'Έλεγχος βρίσκονται ένα πάντως της. Εκτελείται παραδώσεις προκαλείς. Έτσι ροή διορθώσεις.', '8482.0');
INSERT INTO hosp_lab_test (lab_test_id, hosp_id) VALUES ('124', '198');
INSERT INTO patient_record (AMKA, hosp_id) VALUES ('3105867267', '198');
INSERT INTO rating (AMKA, hosp_id, medical_care, nursing_care, cleanliness, food, experience) VALUES ('3105867267', '198', '5', '4', '2', '5', '2');
INSERT INTO admission_diagnosis (hosp_id, diag_id) VALUES ('199', 'A96.1');
INSERT INTO hospitalisation (hosp_id, admission_date, discharge_date, dept_name, bed_id, costing_id, carrier_id) VALUES ('199', '2023-06-14', NULL, 'Intensive care unit (ICU)', '6', '525', '1');
INSERT INTO patient_record (AMKA, hosp_id) VALUES ('2811109977', '199');
INSERT INTO admission_diagnosis (hosp_id, diag_id) VALUES ('200', 'B40.9');
INSERT INTO discharge_diagnosis (hosp_id, diag_id) VALUES ('200', 'Q27.1');
INSERT INTO hospitalisation (hosp_id, admission_date, discharge_date, dept_name, bed_id, costing_id, carrier_id) VALUES ('200', '2026-05-24', '2026-06-05', 'Neurology', '2', '473', '2');
INSERT INTO surgical_act (med_act_id, primary_doc_id) VALUES ('112', '3008951757');
INSERT INTO surgical_act_doctor_assistants (med_act_id, assistant_id) VALUES ('112', '2906540192');
INSERT INTO surgical_act_nurse_assistants (med_act_id, assistant_id) VALUES ('112', '2704464646');
INSERT INTO surgical_act_nurse_assistants (med_act_id, assistant_id) VALUES ('112', '0706774178');
INSERT INTO surgical_act_nurse_assistants (med_act_id, assistant_id) VALUES ('112', '0309734619');
INSERT INTO medical_act (med_act_id, type, med_proc_id, start_datetime, end_datetime, room_id, cost) VALUES ('112', 'Χειρουργική', '5214', '2024-10-31 00:00:00', '2024-11-03 04:00:00', '10', '7890.93');
INSERT INTO hosp_med_act (med_act_id, hosp_id) VALUES ('112', '200');
INSERT INTO patient_record (AMKA, hosp_id) VALUES ('1508692893', '200');
INSERT INTO rating (AMKA, hosp_id, medical_care, nursing_care, cleanliness, food, experience) VALUES ('1508692893', '200', '5', '4', '3', '1', '5');
INSERT INTO admission_diagnosis (hosp_id, diag_id) VALUES ('201', 'V96.1');
INSERT INTO discharge_diagnosis (hosp_id, diag_id) VALUES ('201', 'C71.1');
INSERT INTO hospitalisation (hosp_id, admission_date, discharge_date, dept_name, bed_id, costing_id, carrier_id) VALUES ('201', '2021-12-14', '2022-03-19', 'Outpatient Department (OPD)', '6', '1', '1');
INSERT INTO lab_test (lab_test_id, med_proc_id, doc_id, date, result, cost) VALUES ('125', '10412', '0410862119', '2021-02-10 00:00:00', 'Περιεχόμενα αυτήν εκθέσεις επί χρησιμοποίησέ έξι. Προκύπτουν κανένας στραβά ανακλύψεις επιδιορθώσεις.', '2637.89');
INSERT INTO hosp_lab_test (lab_test_id, hosp_id) VALUES ('125', '201');
INSERT INTO patient_record (AMKA, hosp_id) VALUES ('1111850883', '201');
INSERT INTO rating (AMKA, hosp_id, medical_care, nursing_care, cleanliness, food, experience) VALUES ('1111850883', '201', '2', '3', '3', '4', '2');
INSERT INTO admission_diagnosis (hosp_id, diag_id) VALUES ('202', 'Y36.7');
INSERT INTO discharge_diagnosis (hosp_id, diag_id) VALUES ('202', 'D35.4');
INSERT INTO hospitalisation (hosp_id, admission_date, discharge_date, dept_name, bed_id, costing_id, carrier_id) VALUES ('202', '2026-05-07', '2026-05-20', 'Haematology', '12', '331', '6');
INSERT INTO lab_test (lab_test_id, med_proc_id, doc_id, date, result, cost) VALUES ('126', '10426', '1301429404', '2025-06-16 00:00:00', 'Μεταφραστής υποψήφιο μη έγραψες κανόνα επενδυτής. Έξι γραμμής και έχω χαρακτηριστικών. Λιγότερο συνεντεύξεις χαρτιού αναγκάζονται προγραμματιστής. Δίνοντας εσωτερικών εδώ σημαντικό.', '332.43');
INSERT INTO hosp_lab_test (lab_test_id, hosp_id) VALUES ('126', '202');
INSERT INTO patient_record (AMKA, hosp_id) VALUES ('1604704605', '202');
INSERT INTO rating (AMKA, hosp_id, medical_care, nursing_care, cleanliness, food, experience) VALUES ('1604704605', '202', '5', '4', '1', '1', '1');
INSERT INTO admission_diagnosis (hosp_id, diag_id) VALUES ('203', 'H50');
INSERT INTO hospitalisation (hosp_id, admission_date, discharge_date, dept_name, bed_id, costing_id, carrier_id) VALUES ('203', '2026-01-25', NULL, 'Psychiatry', '15', '561', '4');
INSERT INTO surgical_act (med_act_id, primary_doc_id) VALUES ('113', '0701944806');
INSERT INTO surgical_act_doctor_assistants (med_act_id, assistant_id) VALUES ('113', '0708733889');
INSERT INTO surgical_act_doctor_assistants (med_act_id, assistant_id) VALUES ('113', '0402587115');
INSERT INTO surgical_act_nurse_assistants (med_act_id, assistant_id) VALUES ('113', '1908566470');
INSERT INTO surgical_act_nurse_assistants (med_act_id, assistant_id) VALUES ('113', '0907972518');
INSERT INTO surgical_act_nurse_assistants (med_act_id, assistant_id) VALUES ('113', '2910435920');
INSERT INTO medical_act (med_act_id, type, med_proc_id, start_datetime, end_datetime, room_id, cost) VALUES ('113', 'Χειρουργική', '4521', '2022-12-09 00:00:00', '2023-03-15 10:00:00', '111', '8858.74');
INSERT INTO hosp_med_act (med_act_id, hosp_id) VALUES ('113', '203');
INSERT INTO patient_record (AMKA, hosp_id) VALUES ('1207555071', '203');
INSERT INTO admission_diagnosis (hosp_id, diag_id) VALUES ('204', 'V04');
INSERT INTO hospitalisation (hosp_id, admission_date, discharge_date, dept_name, bed_id, costing_id, carrier_id) VALUES ('204', '2026-01-14', NULL, 'Anesthesiology', '11', '470', '7');
INSERT INTO lab_test (lab_test_id, med_proc_id, doc_id, date, result, cost) VALUES ('127', '7652', '2905541171', '2026-06-24 00:00:00', 'Νόμιζες θα σημεία τα μαγικά. Μάθε αθόρυβες εγώ του για διάσημα ποσοστό.
Μάτσο γεύματος να χρόνου ανακλύψεις μέσης. Ποσοστό εκείνου υψηλότερη παράγοντες στο ως εργασίας. Υψηλότερη μας μιας κάτι.', '6452.74');
INSERT INTO hosp_lab_test (lab_test_id, hosp_id) VALUES ('127', '204');
INSERT INTO patient_record (AMKA, hosp_id) VALUES ('2110925240', '204');
INSERT INTO admission_diagnosis (hosp_id, diag_id) VALUES ('205', 'T15.1');
INSERT INTO hospitalisation (hosp_id, admission_date, discharge_date, dept_name, bed_id, costing_id, carrier_id) VALUES ('205', '2022-12-04', NULL, 'Urology', '2', '596', '4');
INSERT INTO medical_act (med_act_id, type, med_proc_id, start_datetime, end_datetime, room_id, cost) VALUES ('114', 'Θεραπευτική', '1946', '2021-11-21 00:00:00', '2022-02-27 01:00:00', '4', '8698.47');
INSERT INTO hosp_med_act (med_act_id, hosp_id) VALUES ('114', '205');
INSERT INTO patient_record (AMKA, hosp_id) VALUES ('2101054987', '205');
INSERT INTO admission_diagnosis (hosp_id, diag_id) VALUES ('206', 'H53.6');
INSERT INTO hospitalisation (hosp_id, admission_date, discharge_date, dept_name, bed_id, costing_id, carrier_id) VALUES ('206', '2021-10-17', NULL, 'Geriatric', '3', '278', '10');
INSERT INTO lab_test (lab_test_id, med_proc_id, doc_id, date, result, cost) VALUES ('128', '8690', '1611621504', '2024-11-18 00:00:00', 'Δύο προγραμματιστής των χρόνου τον σπίτι. Σίγουρος πρόσληψη λίγο. Εφαρμογή προγραμματιστές κόλπα απαράδεκτη δύο.
Μέχρι μετρήσεις ερώτηση μέχρι εντολές. Γεύματος ίδιο από διολισθήσεις εκτελείται.', '7568.86');
INSERT INTO hosp_lab_test (lab_test_id, hosp_id) VALUES ('128', '206');
INSERT INTO patient_record (AMKA, hosp_id) VALUES ('3001785948', '206');
INSERT INTO admission_diagnosis (hosp_id, diag_id) VALUES ('207', 'L67.9');
INSERT INTO discharge_diagnosis (hosp_id, diag_id) VALUES ('207', 'B01.9');
INSERT INTO hospitalisation (hosp_id, admission_date, discharge_date, dept_name, bed_id, costing_id, carrier_id) VALUES ('207', '2023-09-12', '2023-10-05', 'ENT', '4', '505', '4');
INSERT INTO lab_test (lab_test_id, med_proc_id, doc_id, date, result, cost) VALUES ('129', '9947', '0306542190', '2023-11-08 00:00:00', 'Γραφικά προγραμματιστής όσο την τρέξει. Περιβάλλοντος στα εδώ των σημαντικό. Περιμένουν έχω μου προβληματική χαρτιού μάθε πως λέει.', '6666.91');
INSERT INTO hosp_lab_test (lab_test_id, hosp_id) VALUES ('129', '207');
INSERT INTO surgical_act (med_act_id, primary_doc_id) VALUES ('115', '0111689660');
INSERT INTO surgical_act_doctor_assistants (med_act_id, assistant_id) VALUES ('115', '1810910652');
INSERT INTO surgical_act_doctor_assistants (med_act_id, assistant_id) VALUES ('115', '3012870045');
INSERT INTO surgical_act_nurse_assistants (med_act_id, assistant_id) VALUES ('115', '2612762096');
INSERT INTO surgical_act_nurse_assistants (med_act_id, assistant_id) VALUES ('115', '2106930406');
INSERT INTO medical_act (med_act_id, type, med_proc_id, start_datetime, end_datetime, room_id, cost) VALUES ('115', 'Χειρουργική', '1063', '2020-11-24 00:00:00', '2021-02-21 10:00:00', '25', '7717.24');
INSERT INTO hosp_med_act (med_act_id, hosp_id) VALUES ('115', '207');
INSERT INTO patient_record (AMKA, hosp_id) VALUES ('0304796784', '207');
INSERT INTO rating (AMKA, hosp_id, medical_care, nursing_care, cleanliness, food, experience) VALUES ('0304796784', '207', '3', '3', '3', '4', '4');
INSERT INTO admission_diagnosis (hosp_id, diag_id) VALUES ('208', 'V88.8');
INSERT INTO hospitalisation (hosp_id, admission_date, discharge_date, dept_name, bed_id, costing_id, carrier_id) VALUES ('208', '2026-07-25', NULL, 'Outpatient Department (OPD)', '4', '237', '10');
INSERT INTO lab_test (lab_test_id, med_proc_id, doc_id, date, result, cost) VALUES ('130', '10192', '2203591874', '2026-10-09 00:00:00', 'Γράψει παίρνει με τρέξει εδώ για. Κρατήσουν υψηλότερη εργαλείων έξι πήρε χρονοδιαγράμματα. Γιαυτό έχω βασανίζουν μάθε του καλύτερο ευκολότερο εγώ.', '977.05');
INSERT INTO hosp_lab_test (lab_test_id, hosp_id) VALUES ('130', '208');
INSERT INTO medical_act (med_act_id, type, med_proc_id, start_datetime, end_datetime, room_id, cost) VALUES ('116', 'Θεραπευτική', '2199', '2025-12-11 00:00:00', '2026-01-10 10:00:00', '124', '26.19');
INSERT INTO hosp_med_act (med_act_id, hosp_id) VALUES ('116', '208');
INSERT INTO patient_record (AMKA, hosp_id) VALUES ('1810694252', '208');
INSERT INTO admission_diagnosis (hosp_id, diag_id) VALUES ('209', 'P78.8');
INSERT INTO discharge_diagnosis (hosp_id, diag_id) VALUES ('209', 'T50.1');
INSERT INTO hospitalisation (hosp_id, admission_date, discharge_date, dept_name, bed_id, costing_id, carrier_id) VALUES ('209', '2023-03-01', '2023-05-27', 'Anesthesiology', '11', '91', '3');
INSERT INTO lab_test (lab_test_id, med_proc_id, doc_id, date, result, cost) VALUES ('131', '9357', '2710919774', '2020-03-26 00:00:00', 'Κρατάει απομόνωση ίδιο άρα αρπάζεις. Άρα έλεγχος δωροδοκηθούν από.
Δούλευε εδώ θέματα άρα την. Σαν λες τρόποι νέο. Ανώδυνη εδώ γειτονιάς άπειρα πεδία παίρνει.', '2329.7');
INSERT INTO hosp_lab_test (lab_test_id, hosp_id) VALUES ('131', '209');
INSERT INTO medical_act (med_act_id, type, med_proc_id, start_datetime, end_datetime, room_id, cost) VALUES ('117', 'Θεραπευτική', '4397', '2022-09-11 00:00:00', '2022-10-23 03:00:00', '76', '5576.33');
INSERT INTO hosp_med_act (med_act_id, hosp_id) VALUES ('117', '209');
INSERT INTO patient_record (AMKA, hosp_id) VALUES ('2407167798', '209');
INSERT INTO rating (AMKA, hosp_id, medical_care, nursing_care, cleanliness, food, experience) VALUES ('2407167798', '209', '1', '5', '3', '3', '5');
INSERT INTO admission_diagnosis (hosp_id, diag_id) VALUES ('210', 'A02.0');
INSERT INTO hospitalisation (hosp_id, admission_date, discharge_date, dept_name, bed_id, costing_id, carrier_id) VALUES ('210', '2026-03-23', NULL, 'Intensive care unit (ICU)', '3', '188', '9');
INSERT INTO medical_act (med_act_id, type, med_proc_id, start_datetime, end_datetime, room_id, cost) VALUES ('118', 'Θεραπευτική', '6339', '2024-08-20 00:00:00', '2024-10-31 01:00:00', '9', '3124.84');
INSERT INTO hosp_med_act (med_act_id, hosp_id) VALUES ('118', '210');
INSERT INTO patient_record (AMKA, hosp_id) VALUES ('2307877811', '210');
INSERT INTO admission_diagnosis (hosp_id, diag_id) VALUES ('211', 'I36.0');
INSERT INTO hospitalisation (hosp_id, admission_date, discharge_date, dept_name, bed_id, costing_id, carrier_id) VALUES ('211', '2021-02-25', NULL, 'Intensive care unit (ICU)', '8', '645', '2');
INSERT INTO lab_test (lab_test_id, med_proc_id, doc_id, date, result, cost) VALUES ('132', '8587', '2111532740', '2024-11-06 00:00:00', 'Περιεχόμενα εταιρείες δε πάντως δεν πως εκτός. Διαδίκτυο πάντως επιστρέφουν τον μέσης πως που.
Ο ιδιαίτερα δύο χρειάζονται συνέχεια καλύτερο γεγονός.', '7450.74');
INSERT INTO hosp_lab_test (lab_test_id, hosp_id) VALUES ('132', '211');
INSERT INTO patient_record (AMKA, hosp_id) VALUES ('1611548914', '211');
INSERT INTO admission_diagnosis (hosp_id, diag_id) VALUES ('212', 'M65.9');
INSERT INTO discharge_diagnosis (hosp_id, diag_id) VALUES ('212', 'Z93.2');
INSERT INTO hospitalisation (hosp_id, admission_date, discharge_date, dept_name, bed_id, costing_id, carrier_id) VALUES ('212', '2022-11-24', '2023-02-03', 'Geriatric', '8', '505', '1');
INSERT INTO lab_test (lab_test_id, med_proc_id, doc_id, date, result, cost) VALUES ('133', '10482', '2607905982', '2024-09-11 00:00:00', 'Εργαζόμενοι τον περισσότερη αν βάζοντας παράγοντες. Βασανίζουν εργασίας μέρος.
Που τον δύο μη ανταγωνιστής βαθμό ακούσει. Στήλες μετράει δύο το ανακλύψεις κι ώρα. Δε εκείνου προσθέσει βιβλίο.', '4582.28');
INSERT INTO hosp_lab_test (lab_test_id, hosp_id) VALUES ('133', '212');
INSERT INTO medical_act (med_act_id, type, med_proc_id, start_datetime, end_datetime, room_id, cost) VALUES ('119', 'Θεραπευτική', '453', '2021-08-27 00:00:00', '2021-10-27 05:00:00', '50', '2121.74');
INSERT INTO hosp_med_act (med_act_id, hosp_id) VALUES ('119', '212');
INSERT INTO patient_record (AMKA, hosp_id) VALUES ('2901588087', '212');
INSERT INTO rating (AMKA, hosp_id, medical_care, nursing_care, cleanliness, food, experience) VALUES ('2901588087', '212', '3', '1', '5', '4', '3');
INSERT INTO admission_diagnosis (hosp_id, diag_id) VALUES ('213', 'L04.8');
INSERT INTO discharge_diagnosis (hosp_id, diag_id) VALUES ('213', 'S94.0');
INSERT INTO hospitalisation (hosp_id, admission_date, discharge_date, dept_name, bed_id, costing_id, carrier_id) VALUES ('213', '2021-06-26', '2021-09-13', 'Neurology', '6', '694', '5');
INSERT INTO lab_test (lab_test_id, med_proc_id, doc_id, date, result, cost) VALUES ('134', '10997', '1712008709', '2023-11-24 00:00:00', 'Χειρότερα μας κάνεις εγώ κανένας. Έλεγχος επενδυτής ότι γραμμή παίρνει μας. Λίγο γνωρίζουμε εικόνες.
Παράγοντες μέχρι χώρου δεν πεδία. Ανεπιθύμητη όταν μετράει ο και προκαλείς νέου.', '349.37');
INSERT INTO hosp_lab_test (lab_test_id, hosp_id) VALUES ('134', '213');
INSERT INTO patient_record (AMKA, hosp_id) VALUES ('2507538617', '213');
INSERT INTO rating (AMKA, hosp_id, medical_care, nursing_care, cleanliness, food, experience) VALUES ('2507538617', '213', '5', '4', '3', '4', '2');
INSERT INTO admission_diagnosis (hosp_id, diag_id) VALUES ('214', 'O64.1');
INSERT INTO discharge_diagnosis (hosp_id, diag_id) VALUES ('214', 'B44.1');
INSERT INTO hospitalisation (hosp_id, admission_date, discharge_date, dept_name, bed_id, costing_id, carrier_id) VALUES ('214', '2022-04-22', '2022-07-08', 'Orthopaedic', '13', '300', '7');
INSERT INTO lab_test (lab_test_id, med_proc_id, doc_id, date, result, cost) VALUES ('135', '10066', '2003609278', '2026-01-25 00:00:00', 'Τον δε χρησιμοποιούνταν διάσημα. Αυτός εκτελείται ταξινομεί χαρακτηριστικό κάτι προϊόντα στις.', '1404.78');
INSERT INTO hosp_lab_test (lab_test_id, hosp_id) VALUES ('135', '214');
INSERT INTO patient_record (AMKA, hosp_id) VALUES ('1611254423', '214');
INSERT INTO rating (AMKA, hosp_id, medical_care, nursing_care, cleanliness, food, experience) VALUES ('1611254423', '214', '4', '1', '3', '3', '4');
INSERT INTO admission_diagnosis (hosp_id, diag_id) VALUES ('215', 'Q20.2');
INSERT INTO hospitalisation (hosp_id, admission_date, discharge_date, dept_name, bed_id, costing_id, carrier_id) VALUES ('215', '2025-02-28', NULL, 'Haematology', '2', '343', '3');
INSERT INTO patient_record (AMKA, hosp_id) VALUES ('3105047062', '215');
INSERT INTO admission_diagnosis (hosp_id, diag_id) VALUES ('216', 'K29.7');
INSERT INTO discharge_diagnosis (hosp_id, diag_id) VALUES ('216', 'Z96.4');
INSERT INTO hospitalisation (hosp_id, admission_date, discharge_date, dept_name, bed_id, costing_id, carrier_id) VALUES ('216', '2024-08-15', '2024-10-15', 'Gastroenterology', '8', '3', '1');
INSERT INTO lab_test (lab_test_id, med_proc_id, doc_id, date, result, cost) VALUES ('136', '9288', '1301429404', '2023-01-23 00:00:00', 'Κώδικα έρθει στέλνοντάς των σκεφτείς. Παραπάνω λέει των ένας. Όχι σας απαραίτητο βιαστικά πάντως αυτήν. Που δύο ήδη άλγεβρα ο.
Εξαρτάται τα νέων χρησιμοποιούνταν εκτελέσεις.
Στα παράγοντες επί ανά.', '3862.38');
INSERT INTO hosp_lab_test (lab_test_id, hosp_id) VALUES ('136', '216');
INSERT INTO surgical_act (med_act_id, primary_doc_id) VALUES ('120', '1502550745');
INSERT INTO surgical_act_doctor_assistants (med_act_id, assistant_id) VALUES ('120', '0312964109');
INSERT INTO surgical_act_nurse_assistants (med_act_id, assistant_id) VALUES ('120', '0706774178');
INSERT INTO medical_act (med_act_id, type, med_proc_id, start_datetime, end_datetime, room_id, cost) VALUES ('120', 'Χειρουργική', '2960', '2022-11-08 00:00:00', '2023-02-12 09:00:00', '25', '6348.18');
INSERT INTO hosp_med_act (med_act_id, hosp_id) VALUES ('120', '216');
INSERT INTO patient_record (AMKA, hosp_id) VALUES ('2904000839', '216');
INSERT INTO rating (AMKA, hosp_id, medical_care, nursing_care, cleanliness, food, experience) VALUES ('2904000839', '216', '4', '5', '2', '5', '3');
INSERT INTO admission_diagnosis (hosp_id, diag_id) VALUES ('217', 'E07.8');
INSERT INTO discharge_diagnosis (hosp_id, diag_id) VALUES ('217', 'G43.1');
INSERT INTO hospitalisation (hosp_id, admission_date, discharge_date, dept_name, bed_id, costing_id, carrier_id) VALUES ('217', '2024-05-14', '2024-08-14', 'Opthalmology', '6', '335', '7');
INSERT INTO lab_test (lab_test_id, med_proc_id, doc_id, date, result, cost) VALUES ('137', '9539', '1701623027', '2023-12-05 00:00:00', 'Με τι διορθώσει νέου.
Περισσότερες γεγονός έξι. Παραδώσεις λιγότερο βιβλίο πάντως μάτσο και. Μεταγλωτιστής προϊόντα πες ας κώδικα άρα αποφάσισε χάος.', '1991.14');
INSERT INTO hosp_lab_test (lab_test_id, hosp_id) VALUES ('137', '217');
INSERT INTO medical_act (med_act_id, type, med_proc_id, start_datetime, end_datetime, room_id, cost) VALUES ('121', 'Διαγνωστική', '6509', '2023-06-01 00:00:00', '2023-06-30 04:00:00', '2', '4347.85');
INSERT INTO hosp_med_act (med_act_id, hosp_id) VALUES ('121', '217');
INSERT INTO patient_record (AMKA, hosp_id) VALUES ('0906867705', '217');
INSERT INTO rating (AMKA, hosp_id, medical_care, nursing_care, cleanliness, food, experience) VALUES ('0906867705', '217', '4', '5', '4', '3', '5');
INSERT INTO admission_diagnosis (hosp_id, diag_id) VALUES ('218', 'T41.4');
INSERT INTO discharge_diagnosis (hosp_id, diag_id) VALUES ('218', 'Y43.4');
INSERT INTO hospitalisation (hosp_id, admission_date, discharge_date, dept_name, bed_id, costing_id, carrier_id) VALUES ('218', '2024-01-02', '2024-01-10', 'Operating theatre (OT)', '9', '176', '6');
INSERT INTO lab_test (lab_test_id, med_proc_id, doc_id, date, result, cost) VALUES ('138', '7247', '1108642138', '2021-05-24 00:00:00', 'Ήδη γεύματος εκτελέσεις διάσημα σαν. Δεν των πρώτο σαν διαφήμιση βιαστικά. Ως υπηρεσία έστελνε αφήσεις γειτονιάς αποφάσισε.', '2998.12');
INSERT INTO hosp_lab_test (lab_test_id, hosp_id) VALUES ('138', '218');
INSERT INTO patient_record (AMKA, hosp_id) VALUES ('1908400321', '218');
INSERT INTO rating (AMKA, hosp_id, medical_care, nursing_care, cleanliness, food, experience) VALUES ('1908400321', '218', '4', '3', '4', '3', '5');
INSERT INTO admission_diagnosis (hosp_id, diag_id) VALUES ('219', 'R76.2');
INSERT INTO discharge_diagnosis (hosp_id, diag_id) VALUES ('219', 'Q24.0');
INSERT INTO hospitalisation (hosp_id, admission_date, discharge_date, dept_name, bed_id, costing_id, carrier_id) VALUES ('219', '2021-05-18', '2021-08-01', 'Inpatient Department (IPD)', '11', '605', '3');
INSERT INTO surgical_act (med_act_id, primary_doc_id) VALUES ('122', '2911689167');
INSERT INTO surgical_act_doctor_assistants (med_act_id, assistant_id) VALUES ('122', '2411651898');
INSERT INTO surgical_act_doctor_assistants (med_act_id, assistant_id) VALUES ('122', '1712008709');
INSERT INTO surgical_act_nurse_assistants (med_act_id, assistant_id) VALUES ('122', '1505505773');
INSERT INTO medical_act (med_act_id, type, med_proc_id, start_datetime, end_datetime, room_id, cost) VALUES ('122', 'Χειρουργική', '676', '2025-02-11 00:00:00', '2025-04-20 03:00:00', '82', '286.5');
INSERT INTO hosp_med_act (med_act_id, hosp_id) VALUES ('122', '219');
INSERT INTO patient_record (AMKA, hosp_id) VALUES ('0906535077', '219');
INSERT INTO rating (AMKA, hosp_id, medical_care, nursing_care, cleanliness, food, experience) VALUES ('0906535077', '219', '2', '5', '1', '1', '4');
INSERT INTO admission_diagnosis (hosp_id, diag_id) VALUES ('220', 'Q13.9');
INSERT INTO hospitalisation (hosp_id, admission_date, discharge_date, dept_name, bed_id, costing_id, carrier_id) VALUES ('220', '2023-06-15', NULL, 'Gastroenterology', '12', '44', '8');
INSERT INTO lab_test (lab_test_id, med_proc_id, doc_id, date, result, cost) VALUES ('139', '8834', '2801830092', '2024-01-15 00:00:00', 'Σχεδιαστής μας κώδικα αποκλειστικούς. Συνηθίζουν κι τους κανόνα περισσότερες μου.', '3494.04');
INSERT INTO hosp_lab_test (lab_test_id, hosp_id) VALUES ('139', '220');
INSERT INTO patient_record (AMKA, hosp_id) VALUES ('0906867705', '220');
INSERT INTO admission_diagnosis (hosp_id, diag_id) VALUES ('221', 'D09');
INSERT INTO hospitalisation (hosp_id, admission_date, discharge_date, dept_name, bed_id, costing_id, carrier_id) VALUES ('221', '2025-12-18', NULL, 'Geriatric', '13', '138', '1');
INSERT INTO surgical_act (med_act_id, primary_doc_id) VALUES ('123', '3008951757');
INSERT INTO surgical_act_doctor_assistants (med_act_id, assistant_id) VALUES ('123', '2809979050');
INSERT INTO surgical_act_doctor_assistants (med_act_id, assistant_id) VALUES ('123', '1009974497');
INSERT INTO surgical_act_nurse_assistants (med_act_id, assistant_id) VALUES ('123', '3009684644');
INSERT INTO surgical_act_nurse_assistants (med_act_id, assistant_id) VALUES ('123', '0706813720');
INSERT INTO medical_act (med_act_id, type, med_proc_id, start_datetime, end_datetime, room_id, cost) VALUES ('123', 'Χειρουργική', '1137', '2026-10-17 00:00:00', '2026-10-22 01:00:00', '75', '4088.01');
INSERT INTO hosp_med_act (med_act_id, hosp_id) VALUES ('123', '221');
INSERT INTO patient_record (AMKA, hosp_id) VALUES ('1501975395', '221');
INSERT INTO admission_diagnosis (hosp_id, diag_id) VALUES ('222', 'Q95');
INSERT INTO hospitalisation (hosp_id, admission_date, discharge_date, dept_name, bed_id, costing_id, carrier_id) VALUES ('222', '2023-02-23', NULL, 'ENT', '3', '665', '4');
INSERT INTO surgical_act (med_act_id, primary_doc_id) VALUES ('124', '2305692753');
INSERT INTO surgical_act_doctor_assistants (med_act_id, assistant_id) VALUES ('124', '1912455789');
INSERT INTO surgical_act_nurse_assistants (med_act_id, assistant_id) VALUES ('124', '2604879705');
INSERT INTO surgical_act_nurse_assistants (med_act_id, assistant_id) VALUES ('124', '1410001291');
INSERT INTO medical_act (med_act_id, type, med_proc_id, start_datetime, end_datetime, room_id, cost) VALUES ('124', 'Χειρουργική', '137', '2020-10-03 00:00:00', '2020-12-02 10:00:00', '75', '3284.1');
INSERT INTO hosp_med_act (med_act_id, hosp_id) VALUES ('124', '222');
INSERT INTO patient_record (AMKA, hosp_id) VALUES ('1711219538', '222');
INSERT INTO admission_diagnosis (hosp_id, diag_id) VALUES ('223', 'Q76.0');
INSERT INTO discharge_diagnosis (hosp_id, diag_id) VALUES ('223', 'E34.4');
INSERT INTO hospitalisation (hosp_id, admission_date, discharge_date, dept_name, bed_id, costing_id, carrier_id) VALUES ('223', '2025-06-04', '2025-08-13', 'Oncology', '9', '522', '8');
INSERT INTO lab_test (lab_test_id, med_proc_id, doc_id, date, result, cost) VALUES ('140', '9621', '2111532740', '2024-05-15 00:00:00', 'Προκαλείς σαν εργάστηκε κρατάει κύκλο του δύο. Πες σου χρονοδιαγράμματα εξοργιστικά τη. Έρθει ίδιο διολισθήσεις τα δεν σε εξαρτάται.', '8190.94');
INSERT INTO hosp_lab_test (lab_test_id, hosp_id) VALUES ('140', '223');
INSERT INTO patient_record (AMKA, hosp_id) VALUES ('2806407108', '223');
INSERT INTO rating (AMKA, hosp_id, medical_care, nursing_care, cleanliness, food, experience) VALUES ('2806407108', '223', '1', '1', '1', '5', '1');
INSERT INTO admission_diagnosis (hosp_id, diag_id) VALUES ('224', 'F02.4*');
INSERT INTO hospitalisation (hosp_id, admission_date, discharge_date, dept_name, bed_id, costing_id, carrier_id) VALUES ('224', '2026-10-07', NULL, 'Cardiology', '5', '623', '3');
INSERT INTO lab_test (lab_test_id, med_proc_id, doc_id, date, result, cost) VALUES ('141', '7301', '0701944806', '2025-11-21 00:00:00', 'Επιστρέφουν θέματα μην κανόνα άρα χαρτιού στα πάντα. Κανόνα για ένας ανά.', '1950.44');
INSERT INTO hosp_lab_test (lab_test_id, hosp_id) VALUES ('141', '224');
INSERT INTO patient_record (AMKA, hosp_id) VALUES ('1612414904', '224');
INSERT INTO admission_diagnosis (hosp_id, diag_id) VALUES ('225', 'T06.4');
INSERT INTO discharge_diagnosis (hosp_id, diag_id) VALUES ('225', 'Z65.1');
INSERT INTO hospitalisation (hosp_id, admission_date, discharge_date, dept_name, bed_id, costing_id, carrier_id) VALUES ('225', '2024-09-25', '2024-10-10', 'Pediatrics', '5', '323', '4');
INSERT INTO medical_act (med_act_id, type, med_proc_id, start_datetime, end_datetime, room_id, cost) VALUES ('125', 'Διαγνωστική', '5641', '2025-03-19 00:00:00', '2025-04-13 08:00:00', '107', '4433.81');
INSERT INTO hosp_med_act (med_act_id, hosp_id) VALUES ('125', '225');
INSERT INTO patient_record (AMKA, hosp_id) VALUES ('1403725141', '225');
INSERT INTO rating (AMKA, hosp_id, medical_care, nursing_care, cleanliness, food, experience) VALUES ('1403725141', '225', '2', '4', '5', '4', '3');
INSERT INTO admission_diagnosis (hosp_id, diag_id) VALUES ('226', 'R58');
INSERT INTO discharge_diagnosis (hosp_id, diag_id) VALUES ('226', 'D19');
INSERT INTO hospitalisation (hosp_id, admission_date, discharge_date, dept_name, bed_id, costing_id, carrier_id) VALUES ('226', '2023-06-10', '2023-08-25', 'Cardiology', '7', '396', '10');
INSERT INTO lab_test (lab_test_id, med_proc_id, doc_id, date, result, cost) VALUES ('142', '10237', '1808559940', '2026-11-28 00:00:00', 'Τεσσαρών τη το δωροδοκηθούν. Δημιουργείς επιδιόρθωση πρόσληψη ήδη. Εκτός αν ήδη φίλος μην εκτελέσει. Αυτός μας ως.', '911.09');
INSERT INTO hosp_lab_test (lab_test_id, hosp_id) VALUES ('142', '226');
INSERT INTO medical_act (med_act_id, type, med_proc_id, start_datetime, end_datetime, room_id, cost) VALUES ('126', 'Θεραπευτική', '3130', '2024-10-16 00:00:00', '2025-01-08 09:00:00', '74', '8328.02');
INSERT INTO hosp_med_act (med_act_id, hosp_id) VALUES ('126', '226');
INSERT INTO patient_record (AMKA, hosp_id) VALUES ('2201131623', '226');
INSERT INTO rating (AMKA, hosp_id, medical_care, nursing_care, cleanliness, food, experience) VALUES ('2201131623', '226', '3', '3', '5', '1', '5');
INSERT INTO admission_diagnosis (hosp_id, diag_id) VALUES ('227', 'J11');
INSERT INTO discharge_diagnosis (hosp_id, diag_id) VALUES ('227', 'H60.4');
INSERT INTO hospitalisation (hosp_id, admission_date, discharge_date, dept_name, bed_id, costing_id, carrier_id) VALUES ('227', '2023-12-03', '2023-12-27', 'Haematology', '9', '335', '4');
INSERT INTO lab_test (lab_test_id, med_proc_id, doc_id, date, result, cost) VALUES ('143', '9044', '2106602456', '2024-04-08 00:00:00', 'Γέλασαν σημεία πάντως δύο ίδιο σας. Επιχείριση μετρήσεις στα παραγωγικής.
Πακέτων για στη διακοπής θυμάμαι εφαρμογής χαμηλός. Πηγαίου ορίστε τα ναι στα της οι.', '5867.13');
INSERT INTO hosp_lab_test (lab_test_id, hosp_id) VALUES ('143', '227');
INSERT INTO patient_record (AMKA, hosp_id) VALUES ('0208406055', '227');
INSERT INTO rating (AMKA, hosp_id, medical_care, nursing_care, cleanliness, food, experience) VALUES ('0208406055', '227', '5', '5', '1', '5', '2');
INSERT INTO admission_diagnosis (hosp_id, diag_id) VALUES ('228', 'F38.0');
INSERT INTO hospitalisation (hosp_id, admission_date, discharge_date, dept_name, bed_id, costing_id, carrier_id) VALUES ('228', '2022-07-21', NULL, 'Outpatient Department (OPD)', '8', '575', '9');
INSERT INTO lab_test (lab_test_id, med_proc_id, doc_id, date, result, cost) VALUES ('144', '10078', '2003609278', '2025-01-06 00:00:00', 'Χρησιμοποιούσες σας νόμιζες τους απόλαυσε χρησιμοποιούσες.
Ανά δε του μας στα. Στο πως ευκολότερο εξαρτάται παραγωγικής παραδώσεις αποφάσισε.', '1022.23');
INSERT INTO hosp_lab_test (lab_test_id, hosp_id) VALUES ('144', '228');
INSERT INTO medical_act (med_act_id, type, med_proc_id, start_datetime, end_datetime, room_id, cost) VALUES ('127', 'Θεραπευτική', '5486', '2024-09-01 00:00:00', '2024-09-16 09:00:00', '101', '844.49');
INSERT INTO hosp_med_act (med_act_id, hosp_id) VALUES ('127', '228');
INSERT INTO patient_record (AMKA, hosp_id) VALUES ('2508898105', '228');
INSERT INTO admission_diagnosis (hosp_id, diag_id) VALUES ('229', 'K67.2*');
INSERT INTO hospitalisation (hosp_id, admission_date, discharge_date, dept_name, bed_id, costing_id, carrier_id) VALUES ('229', '2021-10-17', NULL, 'ENT', '6', '23', '6');
INSERT INTO medical_act (med_act_id, type, med_proc_id, start_datetime, end_datetime, room_id, cost) VALUES ('128', 'Θεραπευτική', '4330', '2020-12-12 00:00:00', '2020-12-29 09:00:00', '116', '2993.68');
INSERT INTO hosp_med_act (med_act_id, hosp_id) VALUES ('128', '229');
INSERT INTO patient_record (AMKA, hosp_id) VALUES ('2609838048', '229');
INSERT INTO admission_diagnosis (hosp_id, diag_id) VALUES ('230', 'S90.0');
INSERT INTO hospitalisation (hosp_id, admission_date, discharge_date, dept_name, bed_id, costing_id, carrier_id) VALUES ('230', '2026-10-22', NULL, 'General surgery', '4', '188', '1');
INSERT INTO patient_record (AMKA, hosp_id) VALUES ('1701840753', '230');
INSERT INTO admission_diagnosis (hosp_id, diag_id) VALUES ('231', 'L21');
INSERT INTO discharge_diagnosis (hosp_id, diag_id) VALUES ('231', 'O32.6');
INSERT INTO hospitalisation (hosp_id, admission_date, discharge_date, dept_name, bed_id, costing_id, carrier_id) VALUES ('231', '2025-08-12', '2025-10-23', 'Haematology', '10', '664', '10');
INSERT INTO surgical_act (med_act_id, primary_doc_id) VALUES ('129', '0103962870');
INSERT INTO surgical_act_doctor_assistants (med_act_id, assistant_id) VALUES ('129', '2306446564');
INSERT INTO surgical_act_doctor_assistants (med_act_id, assistant_id) VALUES ('129', '2801830092');
INSERT INTO surgical_act_nurse_assistants (med_act_id, assistant_id) VALUES ('129', '1604513215');
INSERT INTO surgical_act_nurse_assistants (med_act_id, assistant_id) VALUES ('129', '0412793251');
INSERT INTO surgical_act_nurse_assistants (med_act_id, assistant_id) VALUES ('129', '0508623869');
INSERT INTO medical_act (med_act_id, type, med_proc_id, start_datetime, end_datetime, room_id, cost) VALUES ('129', 'Χειρουργική', '5644', '2020-12-14 00:00:00', '2020-12-24 01:00:00', '111', '8883.09');
INSERT INTO hosp_med_act (med_act_id, hosp_id) VALUES ('129', '231');
INSERT INTO patient_record (AMKA, hosp_id) VALUES ('1908400321', '231');
INSERT INTO rating (AMKA, hosp_id, medical_care, nursing_care, cleanliness, food, experience) VALUES ('1908400321', '231', '1', '4', '1', '5', '4');
INSERT INTO admission_diagnosis (hosp_id, diag_id) VALUES ('232', 'P15.1');
INSERT INTO hospitalisation (hosp_id, admission_date, discharge_date, dept_name, bed_id, costing_id, carrier_id) VALUES ('232', '2024-02-28', NULL, 'Orthopaedic', '17', '273', '10');
INSERT INTO lab_test (lab_test_id, med_proc_id, doc_id, date, result, cost) VALUES ('145', '9847', '2404738380', '2023-01-19 00:00:00', 'Μέσης πάντα τον βασανίζουν πετούν δύο. Τρόπο έρθει μια απαρατήρητο στη. Πλέον μου περιμένουν πρώτης πακέτων μεταγλωτίσει.', '4248.35');
INSERT INTO hosp_lab_test (lab_test_id, hosp_id) VALUES ('145', '232');
INSERT INTO surgical_act (med_act_id, primary_doc_id) VALUES ('130', '0307549248');
INSERT INTO surgical_act_doctor_assistants (med_act_id, assistant_id) VALUES ('130', '2708580170');
INSERT INTO surgical_act_nurse_assistants (med_act_id, assistant_id) VALUES ('130', '1801437951');
INSERT INTO surgical_act_nurse_assistants (med_act_id, assistant_id) VALUES ('130', '1505505773');
INSERT INTO medical_act (med_act_id, type, med_proc_id, start_datetime, end_datetime, room_id, cost) VALUES ('130', 'Χειρουργική', '5410', '2022-01-26 00:00:00', '2022-04-11 10:00:00', '58', '2551.17');
INSERT INTO hosp_med_act (med_act_id, hosp_id) VALUES ('130', '232');
INSERT INTO patient_record (AMKA, hosp_id) VALUES ('2109666755', '232');
INSERT INTO admission_diagnosis (hosp_id, diag_id) VALUES ('233', 'C84.5');
INSERT INTO discharge_diagnosis (hosp_id, diag_id) VALUES ('233', 'H00');
INSERT INTO hospitalisation (hosp_id, admission_date, discharge_date, dept_name, bed_id, costing_id, carrier_id) VALUES ('233', '2026-05-27', '2026-06-13', 'Opthalmology', '6', '34', '7');
INSERT INTO medical_act (med_act_id, type, med_proc_id, start_datetime, end_datetime, room_id, cost) VALUES ('131', 'Θεραπευτική', '3035', '2022-02-10 00:00:00', '2022-02-18 02:00:00', '21', '6118.2');
INSERT INTO hosp_med_act (med_act_id, hosp_id) VALUES ('131', '233');
INSERT INTO patient_record (AMKA, hosp_id) VALUES ('0706740483', '233');
INSERT INTO rating (AMKA, hosp_id, medical_care, nursing_care, cleanliness, food, experience) VALUES ('0706740483', '233', '1', '1', '1', '5', '3');
INSERT INTO admission_diagnosis (hosp_id, diag_id) VALUES ('234', 'M17.9');
INSERT INTO hospitalisation (hosp_id, admission_date, discharge_date, dept_name, bed_id, costing_id, carrier_id) VALUES ('234', '2022-01-12', NULL, 'Inpatient Department (IPD)', '3', '452', '7');
INSERT INTO lab_test (lab_test_id, med_proc_id, doc_id, date, result, cost) VALUES ('146', '10478', '1109428284', '2023-08-19 00:00:00', 'Πάντα απαρατήρητο πάντα έλεγχος μετράει έτσι αναφορά. Αντιλήφθηκαν παραγωγικής δεν. Χαρακτηριστικό προσπαθήσεις τους παίρνει.
Ας προσθέσει σημαντικό. Λαμβάνουν θα πάντα νέων πακέτων βασανίζουν μην.', '7833.97');
INSERT INTO hosp_lab_test (lab_test_id, hosp_id) VALUES ('146', '234');
INSERT INTO surgical_act (med_act_id, primary_doc_id) VALUES ('132', '0708733889');
INSERT INTO surgical_act_doctor_assistants (med_act_id, assistant_id) VALUES ('132', '1808559940');
INSERT INTO surgical_act_nurse_assistants (med_act_id, assistant_id) VALUES ('132', '1011859573');
INSERT INTO surgical_act_nurse_assistants (med_act_id, assistant_id) VALUES ('132', '0812429714');
INSERT INTO medical_act (med_act_id, type, med_proc_id, start_datetime, end_datetime, room_id, cost) VALUES ('132', 'Χειρουργική', '1652', '2023-07-17 00:00:00', '2023-09-23 10:00:00', '18', '1835.99');
INSERT INTO hosp_med_act (med_act_id, hosp_id) VALUES ('132', '234');
INSERT INTO patient_record (AMKA, hosp_id) VALUES ('2805632891', '234');
INSERT INTO admission_diagnosis (hosp_id, diag_id) VALUES ('235', 'O23');
INSERT INTO discharge_diagnosis (hosp_id, diag_id) VALUES ('235', 'P72.1');
INSERT INTO hospitalisation (hosp_id, admission_date, discharge_date, dept_name, bed_id, costing_id, carrier_id) VALUES ('235', '2021-10-05', '2021-10-27', 'ENT', '12', '58', '5');
INSERT INTO lab_test (lab_test_id, med_proc_id, doc_id, date, result, cost) VALUES ('147', '9482', '0202939499', '2022-07-25 00:00:00', 'Πολύ πάντως σας μιας. Χειρότερα μάτσο πως πολύ στις αποφάσισε.
Μπορούσες αποστηθίσει τη χρησιμοποιούνταν τη. Τι προγραμματιστής κύκλο θα πολύ παράγοντες μιας νέου. Έξι δε άρα έχω πλέον ωραίο.', '2980.42');
INSERT INTO hosp_lab_test (lab_test_id, hosp_id) VALUES ('147', '235');
INSERT INTO medical_act (med_act_id, type, med_proc_id, start_datetime, end_datetime, room_id, cost) VALUES ('133', 'Θεραπευτική', '2319', '2025-01-04 00:00:00', '2025-02-18 09:00:00', '119', '2705.9');
INSERT INTO hosp_med_act (med_act_id, hosp_id) VALUES ('133', '235');
INSERT INTO patient_record (AMKA, hosp_id) VALUES ('0112988267', '235');
INSERT INTO rating (AMKA, hosp_id, medical_care, nursing_care, cleanliness, food, experience) VALUES ('0112988267', '235', '5', '1', '2', '2', '2');
INSERT INTO admission_diagnosis (hosp_id, diag_id) VALUES ('236', 'D43');
INSERT INTO discharge_diagnosis (hosp_id, diag_id) VALUES ('236', 'Z54.0');
INSERT INTO hospitalisation (hosp_id, admission_date, discharge_date, dept_name, bed_id, costing_id, carrier_id) VALUES ('236', '2023-09-26', '2023-10-24', 'Gastroenterology', '15', '646', '6');
INSERT INTO lab_test (lab_test_id, med_proc_id, doc_id, date, result, cost) VALUES ('148', '10912', '2911689167', '2020-12-18 00:00:00', 'Τοπικές πες διακόψουμε έξι την προσλάμβανες. Κι γειτονιάς αθόρυβες σωστά ως. Αθόρυβες μετρήσεις τι ως στο ήδη.
Τρέξει περιμένουν ίδιο κόλπα.', '8123.17');
INSERT INTO hosp_lab_test (lab_test_id, hosp_id) VALUES ('148', '236');
INSERT INTO medical_act (med_act_id, type, med_proc_id, start_datetime, end_datetime, room_id, cost) VALUES ('134', 'Θεραπευτική', '2509', '2020-07-16 00:00:00', '2020-08-17 02:00:00', '125', '5371.74');
INSERT INTO hosp_med_act (med_act_id, hosp_id) VALUES ('134', '236');
INSERT INTO patient_record (AMKA, hosp_id) VALUES ('2401171045', '236');
INSERT INTO rating (AMKA, hosp_id, medical_care, nursing_care, cleanliness, food, experience) VALUES ('2401171045', '236', '5', '2', '3', '5', '4');
INSERT INTO admission_diagnosis (hosp_id, diag_id) VALUES ('237', 'J32');
INSERT INTO hospitalisation (hosp_id, admission_date, discharge_date, dept_name, bed_id, costing_id, carrier_id) VALUES ('237', '2025-01-20', NULL, 'Gastroenterology', '7', '522', '10');
INSERT INTO surgical_act (med_act_id, primary_doc_id) VALUES ('135', '1912455789');
INSERT INTO surgical_act_doctor_assistants (med_act_id, assistant_id) VALUES ('135', '0305579221');
INSERT INTO surgical_act_nurse_assistants (med_act_id, assistant_id) VALUES ('135', '3006845381');
INSERT INTO medical_act (med_act_id, type, med_proc_id, start_datetime, end_datetime, room_id, cost) VALUES ('135', 'Χειρουργική', '1272', '2020-01-25 00:00:00', '2020-03-08 01:00:00', '58', '452.64');
INSERT INTO hosp_med_act (med_act_id, hosp_id) VALUES ('135', '237');
INSERT INTO patient_record (AMKA, hosp_id) VALUES ('0809149671', '237');
INSERT INTO admission_diagnosis (hosp_id, diag_id) VALUES ('238', 'J34.8');
INSERT INTO discharge_diagnosis (hosp_id, diag_id) VALUES ('238', 'O35.7');
INSERT INTO hospitalisation (hosp_id, admission_date, discharge_date, dept_name, bed_id, costing_id, carrier_id) VALUES ('238', '2022-11-17', '2023-02-25', 'Gastroenterology', '9', '570', '2');
INSERT INTO lab_test (lab_test_id, med_proc_id, doc_id, date, result, cost) VALUES ('149', '7207', '0402587115', '2021-10-25 00:00:00', 'Ωραίο δύο κι ότι έχω. Εδώ μου εργαζόμενων γνωρίζουμε. Φακέλους ζητήσεις βιβλίο τρόποι ανακλύψεις ευκολότερο συνέχεια.
Οι παράδειγμα εγώ πως εικόνες.', '8537.47');
INSERT INTO hosp_lab_test (lab_test_id, hosp_id) VALUES ('149', '238');
INSERT INTO medical_act (med_act_id, type, med_proc_id, start_datetime, end_datetime, room_id, cost) VALUES ('136', 'Διαγνωστική', '3559', '2020-07-14 00:00:00', '2020-10-04 04:00:00', '106', '4910.95');
INSERT INTO hosp_med_act (med_act_id, hosp_id) VALUES ('136', '238');
INSERT INTO patient_record (AMKA, hosp_id) VALUES ('2206580644', '238');
INSERT INTO rating (AMKA, hosp_id, medical_care, nursing_care, cleanliness, food, experience) VALUES ('2206580644', '238', '4', '2', '1', '5', '3');
INSERT INTO admission_diagnosis (hosp_id, diag_id) VALUES ('239', 'E05.4');
INSERT INTO hospitalisation (hosp_id, admission_date, discharge_date, dept_name, bed_id, costing_id, carrier_id) VALUES ('239', '2021-02-10', NULL, 'Haematology', '5', '128', '2');
INSERT INTO lab_test (lab_test_id, med_proc_id, doc_id, date, result, cost) VALUES ('150', '7686', '1912455789', '2025-04-13 00:00:00', 'Πιο χρησιμοποιούνταν χρησιμοποιώντας πολύ εκείνου ίδιο. Πως σε σου σταματάς παίρνει. Σίγουρος τεσσαρών χρειάζονται διακοπή άρα πιο ήδη έτσι.', '2648.88');
INSERT INTO hosp_lab_test (lab_test_id, hosp_id) VALUES ('150', '239');
INSERT INTO medical_act (med_act_id, type, med_proc_id, start_datetime, end_datetime, room_id, cost) VALUES ('137', 'Διαγνωστική', '2447', '2024-03-06 00:00:00', '2024-05-31 04:00:00', '126', '7813.03');
INSERT INTO hosp_med_act (med_act_id, hosp_id) VALUES ('137', '239');
INSERT INTO patient_record (AMKA, hosp_id) VALUES ('0311233042', '239');
INSERT INTO admission_diagnosis (hosp_id, diag_id) VALUES ('240', 'S97');
INSERT INTO hospitalisation (hosp_id, admission_date, discharge_date, dept_name, bed_id, costing_id, carrier_id) VALUES ('240', '2026-09-20', NULL, 'Opthalmology', '8', '546', '7');
INSERT INTO lab_test (lab_test_id, med_proc_id, doc_id, date, result, cost) VALUES ('151', '7825', '2910450715', '2025-03-25 00:00:00', 'Του τύπου δύο ατόμου τέλειοι. Προσπαθήσεις εκείνου νόμιζες εσωτερικών εκδόσεις τους πακέτων μια. Άρα μετρήσεις νέα εγώ εσωτερικών εταιρείες μέχρι.
Την κόλπα φακέλους εξοργιστικά στις.', '4449.75');
INSERT INTO hosp_lab_test (lab_test_id, hosp_id) VALUES ('151', '240');
INSERT INTO surgical_act (med_act_id, primary_doc_id) VALUES ('138', '2905541171');
INSERT INTO surgical_act_doctor_assistants (med_act_id, assistant_id) VALUES ('138', '1108642138');
INSERT INTO surgical_act_doctor_assistants (med_act_id, assistant_id) VALUES ('138', '1109428284');
INSERT INTO surgical_act_nurse_assistants (med_act_id, assistant_id) VALUES ('138', '2608415059');
INSERT INTO surgical_act_nurse_assistants (med_act_id, assistant_id) VALUES ('138', '2106697427');
INSERT INTO medical_act (med_act_id, type, med_proc_id, start_datetime, end_datetime, room_id, cost) VALUES ('138', 'Χειρουργική', '458', '2021-09-25 00:00:00', '2021-11-25 02:00:00', '5', '9737.05');
INSERT INTO hosp_med_act (med_act_id, hosp_id) VALUES ('138', '240');
INSERT INTO patient_record (AMKA, hosp_id) VALUES ('0510481986', '240');
INSERT INTO admission_diagnosis (hosp_id, diag_id) VALUES ('241', 'S71.1');
INSERT INTO discharge_diagnosis (hosp_id, diag_id) VALUES ('241', 'D83.2');
INSERT INTO hospitalisation (hosp_id, admission_date, discharge_date, dept_name, bed_id, costing_id, carrier_id) VALUES ('241', '2025-07-16', '2025-08-26', 'ENT', '1', '51', '6');
INSERT INTO medical_act (med_act_id, type, med_proc_id, start_datetime, end_datetime, room_id, cost) VALUES ('139', 'Διαγνωστική', '4007', '2020-07-20 00:00:00', '2020-09-18 02:00:00', '89', '1035.15');
INSERT INTO hosp_med_act (med_act_id, hosp_id) VALUES ('139', '241');
INSERT INTO patient_record (AMKA, hosp_id) VALUES ('0511416310', '241');
INSERT INTO rating (AMKA, hosp_id, medical_care, nursing_care, cleanliness, food, experience) VALUES ('0511416310', '241', '1', '1', '2', '1', '2');
INSERT INTO admission_diagnosis (hosp_id, diag_id) VALUES ('242', 'S75.2');
INSERT INTO discharge_diagnosis (hosp_id, diag_id) VALUES ('242', 'O89.0');
INSERT INTO hospitalisation (hosp_id, admission_date, discharge_date, dept_name, bed_id, costing_id, carrier_id) VALUES ('242', '2024-04-15', '2024-04-19', 'Pediatrics', '10', '342', '2');
INSERT INTO lab_test (lab_test_id, med_proc_id, doc_id, date, result, cost) VALUES ('152', '8157', '1701623027', '2022-10-09 00:00:00', 'Εργοστασίου ανά πλέον χρόνου αποφάσισε χειρότερα. Δημιουργήσεις βιαστικά της πως εργαζόμενοι.', '9441.22');
INSERT INTO hosp_lab_test (lab_test_id, hosp_id) VALUES ('152', '242');
INSERT INTO medical_act (med_act_id, type, med_proc_id, start_datetime, end_datetime, room_id, cost) VALUES ('140', 'Διαγνωστική', '4640', '2024-07-17 00:00:00', '2024-08-28 09:00:00', '3', '8256.42');
INSERT INTO hosp_med_act (med_act_id, hosp_id) VALUES ('140', '242');
INSERT INTO patient_record (AMKA, hosp_id) VALUES ('2205416852', '242');
INSERT INTO rating (AMKA, hosp_id, medical_care, nursing_care, cleanliness, food, experience) VALUES ('2205416852', '242', '1', '2', '5', '5', '3');
INSERT INTO admission_diagnosis (hosp_id, diag_id) VALUES ('243', 'K61.0');
INSERT INTO discharge_diagnosis (hosp_id, diag_id) VALUES ('243', 'A15.8');
INSERT INTO hospitalisation (hosp_id, admission_date, discharge_date, dept_name, bed_id, costing_id, carrier_id) VALUES ('243', '2026-11-20', '2027-02-15', 'Intensive care unit (ICU)', '16', '400', '9');
INSERT INTO lab_test (lab_test_id, med_proc_id, doc_id, date, result, cost) VALUES ('153', '9842', '2801897549', '2021-02-19 00:00:00', 'Θέμα δημιουργήσεις αποθηκευτικού φακέλους ποια πλέον. Καταλάθος εργοστασίου αποδείξεις διευθυντές. Όσο μάτσο δε.', '3492.81');
INSERT INTO hosp_lab_test (lab_test_id, hosp_id) VALUES ('153', '243');
INSERT INTO medical_act (med_act_id, type, med_proc_id, start_datetime, end_datetime, room_id, cost) VALUES ('141', 'Θεραπευτική', '5303', '2021-08-01 00:00:00', '2021-08-21 10:00:00', '148', '5227.28');
INSERT INTO hosp_med_act (med_act_id, hosp_id) VALUES ('141', '243');
INSERT INTO patient_record (AMKA, hosp_id) VALUES ('1206249935', '243');
INSERT INTO rating (AMKA, hosp_id, medical_care, nursing_care, cleanliness, food, experience) VALUES ('1206249935', '243', '1', '1', '2', '3', '4');
INSERT INTO admission_diagnosis (hosp_id, diag_id) VALUES ('244', 'D64.8');
INSERT INTO hospitalisation (hosp_id, admission_date, discharge_date, dept_name, bed_id, costing_id, carrier_id) VALUES ('244', '2026-07-17', NULL, 'Anesthesiology', '1', '260', '10');
INSERT INTO lab_test (lab_test_id, med_proc_id, doc_id, date, result, cost) VALUES ('154', '9750', '2801830092', '2023-12-29 00:00:00', 'Ήδη καταλάθος εκτελέσεις ως μηχανής πάντως. Νέα αναφέρονται όταν διακοπή.
Μα ώρα τέλειοι ο θα με. Άτομο άπειρα μα περιβάλλον εκείνου χρησιμοποιούσες μας. Έγραψες τον άπειρα.', '9068.7');
INSERT INTO hosp_lab_test (lab_test_id, hosp_id) VALUES ('154', '244');
INSERT INTO patient_record (AMKA, hosp_id) VALUES ('2703503656', '244');
INSERT INTO admission_diagnosis (hosp_id, diag_id) VALUES ('245', 'D04.1');
INSERT INTO hospitalisation (hosp_id, admission_date, discharge_date, dept_name, bed_id, costing_id, carrier_id) VALUES ('245', '2026-09-25', NULL, 'Urology', '9', '269', '3');
INSERT INTO medical_act (med_act_id, type, med_proc_id, start_datetime, end_datetime, room_id, cost) VALUES ('142', 'Θεραπευτική', '4215', '2021-07-31 00:00:00', '2021-10-03 09:00:00', '84', '5954.74');
INSERT INTO hosp_med_act (med_act_id, hosp_id) VALUES ('142', '245');
INSERT INTO patient_record (AMKA, hosp_id) VALUES ('1002683337', '245');
INSERT INTO admission_diagnosis (hosp_id, diag_id) VALUES ('246', 'X08');
INSERT INTO hospitalisation (hosp_id, admission_date, discharge_date, dept_name, bed_id, costing_id, carrier_id) VALUES ('246', '2022-04-15', NULL, 'Casualty', '5', '342', '9');
INSERT INTO lab_test (lab_test_id, med_proc_id, doc_id, date, result, cost) VALUES ('155', '8839', '1808559940', '2024-12-09 00:00:00', 'Μετρήσεις προσλάμβανες λαμβάνουν χρειάζονται προσπαθήσεις οι. Άτομο πάντως ταξινομεί. Χώρου τα προσθέσει από.
Το βουτήξουν αποθηκευτικού τους να διοικητικό έλεγχος. Άρα μερικούς να ένας βγήκε τη.', '663.59');
INSERT INTO hosp_lab_test (lab_test_id, hosp_id) VALUES ('155', '246');
INSERT INTO patient_record (AMKA, hosp_id) VALUES ('2704878658', '246');
INSERT INTO admission_diagnosis (hosp_id, diag_id) VALUES ('247', 'R04.1');
INSERT INTO discharge_diagnosis (hosp_id, diag_id) VALUES ('247', 'V88.8');
INSERT INTO hospitalisation (hosp_id, admission_date, discharge_date, dept_name, bed_id, costing_id, carrier_id) VALUES ('247', '2025-10-10', '2026-01-07', 'Urology', '7', '556', '8');
INSERT INTO patient_record (AMKA, hosp_id) VALUES ('0211577555', '247');
INSERT INTO rating (AMKA, hosp_id, medical_care, nursing_care, cleanliness, food, experience) VALUES ('0211577555', '247', '5', '2', '3', '4', '2');
INSERT INTO admission_diagnosis (hosp_id, diag_id) VALUES ('248', 'G73.3*');
INSERT INTO hospitalisation (hosp_id, admission_date, discharge_date, dept_name, bed_id, costing_id, carrier_id) VALUES ('248', '2022-11-04', NULL, 'Neurology', '3', '463', '6');
INSERT INTO lab_test (lab_test_id, med_proc_id, doc_id, date, result, cost) VALUES ('156', '9720', '0701944806', '2026-02-05 00:00:00', 'Πολύ εκτός περιβάλλοντος από ήδη επί την. Μέσης δημιουργήσεις εκείνου μπουν βιαστικά κόψεις ερωτήσεις. Τι δοκιμάσεις αναφορά διάσημα πες τεσσαρών.', '3996.86');
INSERT INTO hosp_lab_test (lab_test_id, hosp_id) VALUES ('156', '248');
INSERT INTO medical_act (med_act_id, type, med_proc_id, start_datetime, end_datetime, room_id, cost) VALUES ('143', 'Θεραπευτική', '5335', '2022-11-16 00:00:00', '2023-01-18 02:00:00', '119', '3585.78');
INSERT INTO hosp_med_act (med_act_id, hosp_id) VALUES ('143', '248');
INSERT INTO patient_record (AMKA, hosp_id) VALUES ('0809215525', '248');
INSERT INTO admission_diagnosis (hosp_id, diag_id) VALUES ('249', 'K10.0');
INSERT INTO discharge_diagnosis (hosp_id, diag_id) VALUES ('249', 'Y53.1');
INSERT INTO hospitalisation (hosp_id, admission_date, discharge_date, dept_name, bed_id, costing_id, carrier_id) VALUES ('249', '2022-08-05', '2022-09-05', 'Casualty', '9', '556', '5');
INSERT INTO lab_test (lab_test_id, med_proc_id, doc_id, date, result, cost) VALUES ('157', '8155', '0906651672', '2025-05-23 00:00:00', 'Πάντως εκτελέσει επί δούλευε ένα. Δημιουργείς εικόνες φίλος. Εκτελέσεις ως παράγοντες.', '6578.0');
INSERT INTO hosp_lab_test (lab_test_id, hosp_id) VALUES ('157', '249');
INSERT INTO patient_record (AMKA, hosp_id) VALUES ('1206249935', '249');
INSERT INTO rating (AMKA, hosp_id, medical_care, nursing_care, cleanliness, food, experience) VALUES ('1206249935', '249', '5', '3', '2', '1', '3');
INSERT INTO admission_diagnosis (hosp_id, diag_id) VALUES ('250', 'E07.1');
INSERT INTO hospitalisation (hosp_id, admission_date, discharge_date, dept_name, bed_id, costing_id, carrier_id) VALUES ('250', '2020-04-09', NULL, 'Gastroenterology', '11', '463', '5');
INSERT INTO medical_act (med_act_id, type, med_proc_id, start_datetime, end_datetime, room_id, cost) VALUES ('144', 'Θεραπευτική', '422', '2025-08-10 00:00:00', '2025-08-18 06:00:00', '115', '4870.96');
INSERT INTO hosp_med_act (med_act_id, hosp_id) VALUES ('144', '250');
INSERT INTO patient_record (AMKA, hosp_id) VALUES ('1609775336', '250');
INSERT INTO admission_diagnosis (hosp_id, diag_id) VALUES ('251', 'Z90.1');
INSERT INTO hospitalisation (hosp_id, admission_date, discharge_date, dept_name, bed_id, costing_id, carrier_id) VALUES ('251', '2023-03-21', NULL, 'Gastroenterology', '4', '596', '8');
INSERT INTO lab_test (lab_test_id, med_proc_id, doc_id, date, result, cost) VALUES ('158', '10431', '0902609962', '2020-09-07 00:00:00', 'Έτσι σε σε στη τι. Συγχρόνως εργαζόμενων περισσότερη αρπάζεις δε.
Έστελνε τεσσαρών θα από θυμάμαι. Διαπιστώνεις τους έξι δούλευε. Απαράδεκτη πρώτης σωστά συγχωνευτεί νιρβάνα δεν θέλεις τρόπο.', '2863.49');
INSERT INTO hosp_lab_test (lab_test_id, hosp_id) VALUES ('158', '251');
INSERT INTO patient_record (AMKA, hosp_id) VALUES ('2904075120', '251');
INSERT INTO admission_diagnosis (hosp_id, diag_id) VALUES ('252', 'K92');
INSERT INTO discharge_diagnosis (hosp_id, diag_id) VALUES ('252', 'E66.8');
INSERT INTO hospitalisation (hosp_id, admission_date, discharge_date, dept_name, bed_id, costing_id, carrier_id) VALUES ('252', '2024-07-21', '2024-09-26', 'ENT', '4', '144', '2');
INSERT INTO surgical_act (med_act_id, primary_doc_id) VALUES ('145', '3012509660');
INSERT INTO surgical_act_doctor_assistants (med_act_id, assistant_id) VALUES ('145', '0410862119');
INSERT INTO surgical_act_doctor_assistants (med_act_id, assistant_id) VALUES ('145', '2402877693');
INSERT INTO surgical_act_nurse_assistants (med_act_id, assistant_id) VALUES ('145', '0604638601');
INSERT INTO surgical_act_nurse_assistants (med_act_id, assistant_id) VALUES ('145', '0907972518');
INSERT INTO medical_act (med_act_id, type, med_proc_id, start_datetime, end_datetime, room_id, cost) VALUES ('145', 'Χειρουργική', '5071', '2025-11-20 00:00:00', '2025-11-29 01:00:00', '16', '9823.26');
INSERT INTO hosp_med_act (med_act_id, hosp_id) VALUES ('145', '252');
INSERT INTO patient_record (AMKA, hosp_id) VALUES ('2207088439', '252');
INSERT INTO rating (AMKA, hosp_id, medical_care, nursing_care, cleanliness, food, experience) VALUES ('2207088439', '252', '1', '1', '2', '4', '4');
INSERT INTO admission_diagnosis (hosp_id, diag_id) VALUES ('253', 'N73.6');
INSERT INTO hospitalisation (hosp_id, admission_date, discharge_date, dept_name, bed_id, costing_id, carrier_id) VALUES ('253', '2022-10-13', NULL, 'Gynaecology', '13', '368', '9');
INSERT INTO lab_test (lab_test_id, med_proc_id, doc_id, date, result, cost) VALUES ('159', '7858', '2406419109', '2020-12-21 00:00:00', 'Υποψήφιο αν εκείνου έγραψες των εξοργιστικά. Σημαντικό που γεγονός. Κλπ σε το άτομο.', '7499.79');
INSERT INTO hosp_lab_test (lab_test_id, hosp_id) VALUES ('159', '253');
INSERT INTO medical_act (med_act_id, type, med_proc_id, start_datetime, end_datetime, room_id, cost) VALUES ('146', 'Διαγνωστική', '2218', '2026-05-11 00:00:00', '2026-06-09 04:00:00', '49', '3422.31');
INSERT INTO hosp_med_act (med_act_id, hosp_id) VALUES ('146', '253');
INSERT INTO patient_record (AMKA, hosp_id) VALUES ('0303592574', '253');
INSERT INTO admission_diagnosis (hosp_id, diag_id) VALUES ('254', 'Z53.8');
INSERT INTO hospitalisation (hosp_id, admission_date, discharge_date, dept_name, bed_id, costing_id, carrier_id) VALUES ('254', '2020-03-30', NULL, 'Intensive care unit (ICU)', '6', '174', '2');
INSERT INTO medical_act (med_act_id, type, med_proc_id, start_datetime, end_datetime, room_id, cost) VALUES ('147', 'Διαγνωστική', '1620', '2020-01-11 00:00:00', '2020-04-13 02:00:00', '121', '1693.26');
INSERT INTO hosp_med_act (med_act_id, hosp_id) VALUES ('147', '254');
INSERT INTO patient_record (AMKA, hosp_id) VALUES ('1701894379', '254');
INSERT INTO admission_diagnosis (hosp_id, diag_id) VALUES ('255', 'T87.4');
INSERT INTO hospitalisation (hosp_id, admission_date, discharge_date, dept_name, bed_id, costing_id, carrier_id) VALUES ('255', '2022-09-15', NULL, 'Oncology', '11', '561', '2');
INSERT INTO medical_act (med_act_id, type, med_proc_id, start_datetime, end_datetime, room_id, cost) VALUES ('148', 'Διαγνωστική', '6161', '2025-07-21 00:00:00', '2025-09-13 09:00:00', '127', '6342.36');
INSERT INTO hosp_med_act (med_act_id, hosp_id) VALUES ('148', '255');
INSERT INTO patient_record (AMKA, hosp_id) VALUES ('2205416852', '255');
INSERT INTO admission_diagnosis (hosp_id, diag_id) VALUES ('256', 'M76.5');
INSERT INTO discharge_diagnosis (hosp_id, diag_id) VALUES ('256', 'Y48.4');
INSERT INTO hospitalisation (hosp_id, admission_date, discharge_date, dept_name, bed_id, costing_id, carrier_id) VALUES ('256', '2023-06-26', '2023-09-01', 'Geriatric', '10', '447', '1');
INSERT INTO lab_test (lab_test_id, med_proc_id, doc_id, date, result, cost) VALUES ('160', '8334', '1810910652', '2025-01-26 00:00:00', 'Επί συνεχώς αντιλήφθηκαν που αλγόριθμου πετάξαμε. Δημιουργια μια παίρνει μας διολισθήσεις μέγιστη άρα.
Γραφικά επενδυτής ως και. Εκδόσεις από συγγραφής.', '581.02');
INSERT INTO hosp_lab_test (lab_test_id, hosp_id) VALUES ('160', '256');
INSERT INTO patient_record (AMKA, hosp_id) VALUES ('1911894428', '256');
INSERT INTO rating (AMKA, hosp_id, medical_care, nursing_care, cleanliness, food, experience) VALUES ('1911894428', '256', '5', '5', '2', '3', '3');
INSERT INTO admission_diagnosis (hosp_id, diag_id) VALUES ('257', 'Q18.6');
INSERT INTO discharge_diagnosis (hosp_id, diag_id) VALUES ('257', 'P03.5');
INSERT INTO hospitalisation (hosp_id, admission_date, discharge_date, dept_name, bed_id, costing_id, carrier_id) VALUES ('257', '2021-02-07', '2021-03-26', 'Casualty', '8', '141', '9');
INSERT INTO medical_act (med_act_id, type, med_proc_id, start_datetime, end_datetime, room_id, cost) VALUES ('149', 'Θεραπευτική', '2807', '2024-09-01 00:00:00', '2024-09-28 08:00:00', '53', '814.13');
INSERT INTO hosp_med_act (med_act_id, hosp_id) VALUES ('149', '257');
INSERT INTO patient_record (AMKA, hosp_id) VALUES ('0608785766', '257');
INSERT INTO rating (AMKA, hosp_id, medical_care, nursing_care, cleanliness, food, experience) VALUES ('0608785766', '257', '1', '3', '5', '2', '5');
INSERT INTO admission_diagnosis (hosp_id, diag_id) VALUES ('258', 'T26.8');
INSERT INTO hospitalisation (hosp_id, admission_date, discharge_date, dept_name, bed_id, costing_id, carrier_id) VALUES ('258', '2024-09-17', NULL, 'Psychiatry', '12', '120', '1');
INSERT INTO patient_record (AMKA, hosp_id) VALUES ('0608785766', '258');
INSERT INTO admission_diagnosis (hosp_id, diag_id) VALUES ('259', 'D37.4');
INSERT INTO discharge_diagnosis (hosp_id, diag_id) VALUES ('259', 'B94.1');
INSERT INTO hospitalisation (hosp_id, admission_date, discharge_date, dept_name, bed_id, costing_id, carrier_id) VALUES ('259', '2026-10-31', '2026-11-17', 'Inpatient Department (IPD)', '15', '196', '7');
INSERT INTO lab_test (lab_test_id, med_proc_id, doc_id, date, result, cost) VALUES ('161', '6766', '2502902231', '2025-03-12 00:00:00', 'Ιδιαίτερα τρόπο πρώτοι τι από τρόπο σχεδιαστής πως. Νόμιζες επενδυτής θα μιας γραφικά. Ένα πολύ δεν. Παραδώσεις δοκιμάσεις όταν γεύματος κοιτάζοντας την.
Προκύπτουν είχαμε πόρτες γνωρίζουμε παίξουν.', '8464.37');
INSERT INTO hosp_lab_test (lab_test_id, hosp_id) VALUES ('161', '259');
INSERT INTO medical_act (med_act_id, type, med_proc_id, start_datetime, end_datetime, room_id, cost) VALUES ('150', 'Διαγνωστική', '5536', '2025-10-03 00:00:00', '2025-11-01 02:00:00', '104', '344.95');
INSERT INTO hosp_med_act (med_act_id, hosp_id) VALUES ('150', '259');
INSERT INTO patient_record (AMKA, hosp_id) VALUES ('1701197374', '259');
INSERT INTO rating (AMKA, hosp_id, medical_care, nursing_care, cleanliness, food, experience) VALUES ('1701197374', '259', '1', '3', '1', '1', '5');
INSERT INTO admission_diagnosis (hosp_id, diag_id) VALUES ('260', 'N11.9');
INSERT INTO discharge_diagnosis (hosp_id, diag_id) VALUES ('260', 'Z37.0');
INSERT INTO hospitalisation (hosp_id, admission_date, discharge_date, dept_name, bed_id, costing_id, carrier_id) VALUES ('260', '2025-01-14', '2025-04-06', 'Intensive care unit (ICU)', '15', '53', '8');
INSERT INTO lab_test (lab_test_id, med_proc_id, doc_id, date, result, cost) VALUES ('162', '8239', '0312964109', '2025-01-02 00:00:00', 'Έγραψες λαμβάνουν τα. Προσεκτικά έτσι εκτελείται. Μετρήσεις επί εγώ ίδιο. Και στη διαπιστώνεις σημαντικό.
Εφαρμογή χαρακτηριστικών μα πρώτο εργάστηκε φράση. Ναι στα γράψει γεγονός ήδη.', '111.16');
INSERT INTO hosp_lab_test (lab_test_id, hosp_id) VALUES ('162', '260');
INSERT INTO medical_act (med_act_id, type, med_proc_id, start_datetime, end_datetime, room_id, cost) VALUES ('151', 'Διαγνωστική', '4124', '2023-12-07 00:00:00', '2023-12-15 02:00:00', '23', '4944.7');
INSERT INTO hosp_med_act (med_act_id, hosp_id) VALUES ('151', '260');
INSERT INTO patient_record (AMKA, hosp_id) VALUES ('1701197374', '260');
INSERT INTO rating (AMKA, hosp_id, medical_care, nursing_care, cleanliness, food, experience) VALUES ('1701197374', '260', '1', '2', '3', '1', '4');
INSERT INTO admission_diagnosis (hosp_id, diag_id) VALUES ('261', 'F10');
INSERT INTO discharge_diagnosis (hosp_id, diag_id) VALUES ('261', 'B83.2');
INSERT INTO hospitalisation (hosp_id, admission_date, discharge_date, dept_name, bed_id, costing_id, carrier_id) VALUES ('261', '2020-09-12', '2020-11-02', 'Oncology', '2', '165', '4');
INSERT INTO lab_test (lab_test_id, med_proc_id, doc_id, date, result, cost) VALUES ('163', '6759', '1112753348', '2025-09-05 00:00:00', 'Όταν τελειώσει δύο χώρου. Τύπου αρχεία προσθέσει προγραμματιστής.
Για πολύ τα δε. Μερικούς νέα αποθηκευτικού άλγεβρα μας ημέρα. Εξακολουθεί πάρα δουλεύει.', '1671.2');
INSERT INTO hosp_lab_test (lab_test_id, hosp_id) VALUES ('163', '261');
INSERT INTO medical_act (med_act_id, type, med_proc_id, start_datetime, end_datetime, room_id, cost) VALUES ('152', 'Θεραπευτική', '855', '2020-11-25 00:00:00', '2021-02-23 10:00:00', '80', '2967.28');
INSERT INTO hosp_med_act (med_act_id, hosp_id) VALUES ('152', '261');
INSERT INTO patient_record (AMKA, hosp_id) VALUES ('1501975395', '261');
INSERT INTO rating (AMKA, hosp_id, medical_care, nursing_care, cleanliness, food, experience) VALUES ('1501975395', '261', '1', '2', '1', '3', '4');
INSERT INTO admission_diagnosis (hosp_id, diag_id) VALUES ('262', 'Q25.8');
INSERT INTO discharge_diagnosis (hosp_id, diag_id) VALUES ('262', 'Y83.6');
INSERT INTO hospitalisation (hosp_id, admission_date, discharge_date, dept_name, bed_id, costing_id, carrier_id) VALUES ('262', '2025-02-27', '2025-04-10', 'Gastroenterology', '9', '612', '8');
INSERT INTO lab_test (lab_test_id, med_proc_id, doc_id, date, result, cost) VALUES ('164', '7903', '0306542190', '2024-03-21 00:00:00', 'Υπηρεσία δίνοντας μα είχαμε προβληματική σου διαφήμιση χρησιμοποίησέ. Ποια άρθρων αφήσεις προσοχή κάνεις ύψος σε ναι. Εδώ πάρεις παίξουν ας.', '6465.39');
INSERT INTO hosp_lab_test (lab_test_id, hosp_id) VALUES ('164', '262');
INSERT INTO medical_act (med_act_id, type, med_proc_id, start_datetime, end_datetime, room_id, cost) VALUES ('153', 'Διαγνωστική', '4489', '2026-04-05 00:00:00', '2026-06-24 05:00:00', '129', '8607.8');
INSERT INTO hosp_med_act (med_act_id, hosp_id) VALUES ('153', '262');
INSERT INTO patient_record (AMKA, hosp_id) VALUES ('0303592574', '262');
INSERT INTO rating (AMKA, hosp_id, medical_care, nursing_care, cleanliness, food, experience) VALUES ('0303592574', '262', '4', '1', '1', '2', '3');
INSERT INTO admission_diagnosis (hosp_id, diag_id) VALUES ('263', 'M23');
INSERT INTO hospitalisation (hosp_id, admission_date, discharge_date, dept_name, bed_id, costing_id, carrier_id) VALUES ('263', '2025-05-12', NULL, 'ENT', '16', '234', '9');
INSERT INTO patient_record (AMKA, hosp_id) VALUES ('0211577555', '263');
INSERT INTO admission_diagnosis (hosp_id, diag_id) VALUES ('264', 'Q84.0');
INSERT INTO hospitalisation (hosp_id, admission_date, discharge_date, dept_name, bed_id, costing_id, carrier_id) VALUES ('264', '2022-12-01', NULL, 'Pediatrics', '14', '358', '1');
INSERT INTO lab_test (lab_test_id, med_proc_id, doc_id, date, result, cost) VALUES ('165', '10326', '0707820743', '2021-09-18 00:00:00', 'Κόψεις όσο μέσης στη πάρεις εργοστασίου περιμένουν.
Χώρου ανά πετάξαμε. Ότι προσθέσει ημέρα ότι γιαυτό ύψος δε. Αυτήν δημιουργια αθόρυβες έχω.', '6362.28');
INSERT INTO hosp_lab_test (lab_test_id, hosp_id) VALUES ('165', '264');
INSERT INTO patient_record (AMKA, hosp_id) VALUES ('0905149025', '264');
INSERT INTO admission_diagnosis (hosp_id, diag_id) VALUES ('265', 'J05.1');
INSERT INTO discharge_diagnosis (hosp_id, diag_id) VALUES ('265', 'Y34');
INSERT INTO hospitalisation (hosp_id, admission_date, discharge_date, dept_name, bed_id, costing_id, carrier_id) VALUES ('265', '2020-08-16', '2020-10-31', 'Orthopaedic', '5', '560', '9');
INSERT INTO lab_test (lab_test_id, med_proc_id, doc_id, date, result, cost) VALUES ('166', '8887', '1209810216', '2020-01-04 00:00:00', 'Κανείς κρατήσουν στη σαν εκτός ωραίο.
Σας γνωστή προσοχή θα πακέτων. Παραπάνω ο συνεντεύξεις επιχείριση ακούσει μη υποψήφιο. Υποψήφιο να υπηρεσία του αποστηθίσει.', '9120.92');
INSERT INTO hosp_lab_test (lab_test_id, hosp_id) VALUES ('166', '265');
INSERT INTO medical_act (med_act_id, type, med_proc_id, start_datetime, end_datetime, room_id, cost) VALUES ('154', 'Διαγνωστική', '4044', '2022-09-15 00:00:00', '2022-11-25 03:00:00', '142', '4220.73');
INSERT INTO hosp_med_act (med_act_id, hosp_id) VALUES ('154', '265');
INSERT INTO patient_record (AMKA, hosp_id) VALUES ('2201087342', '265');
INSERT INTO rating (AMKA, hosp_id, medical_care, nursing_care, cleanliness, food, experience) VALUES ('2201087342', '265', '4', '2', '5', '3', '5');
INSERT INTO admission_diagnosis (hosp_id, diag_id) VALUES ('266', 'Z09.4');
INSERT INTO hospitalisation (hosp_id, admission_date, discharge_date, dept_name, bed_id, costing_id, carrier_id) VALUES ('266', '2021-12-06', NULL, 'General surgery', '4', '450', '3');
INSERT INTO lab_test (lab_test_id, med_proc_id, doc_id, date, result, cost) VALUES ('167', '10204', '1502550745', '2026-03-31 00:00:00', 'Μα έγραψες φράση παραγωγικής άτομο προσοχή πρώτο.', '4069.75');
INSERT INTO hosp_lab_test (lab_test_id, hosp_id) VALUES ('167', '266');
INSERT INTO patient_record (AMKA, hosp_id) VALUES ('2504117690', '266');
INSERT INTO admission_diagnosis (hosp_id, diag_id) VALUES ('267', 'S24.2');
INSERT INTO hospitalisation (hosp_id, admission_date, discharge_date, dept_name, bed_id, costing_id, carrier_id) VALUES ('267', '2022-06-11', NULL, 'Cardiology', '16', '319', '7');
INSERT INTO lab_test (lab_test_id, med_proc_id, doc_id, date, result, cost) VALUES ('168', '10006', '0305579221', '2025-01-09 00:00:00', 'Έστελνε ρουτίνα που προκύπτουν παίξουν γραμμή χαρακτηριστικό. Έλεγχος πως γειτονιάς κι.', '1739.78');
INSERT INTO hosp_lab_test (lab_test_id, hosp_id) VALUES ('168', '267');
INSERT INTO medical_act (med_act_id, type, med_proc_id, start_datetime, end_datetime, room_id, cost) VALUES ('155', 'Θεραπευτική', '5865', '2020-09-24 00:00:00', '2020-10-27 05:00:00', '5', '4501.78');
INSERT INTO hosp_med_act (med_act_id, hosp_id) VALUES ('155', '267');
INSERT INTO patient_record (AMKA, hosp_id) VALUES ('0901435907', '267');
INSERT INTO admission_diagnosis (hosp_id, diag_id) VALUES ('268', 'X53');
INSERT INTO discharge_diagnosis (hosp_id, diag_id) VALUES ('268', 'Q34');
INSERT INTO hospitalisation (hosp_id, admission_date, discharge_date, dept_name, bed_id, costing_id, carrier_id) VALUES ('268', '2021-04-30', '2021-05-25', 'Inpatient Department (IPD)', '10', '250', '9');
INSERT INTO lab_test (lab_test_id, med_proc_id, doc_id, date, result, cost) VALUES ('169', '9193', '2003609278', '2021-01-27 00:00:00', 'Και κάτι μην τέλειοι μπορούσες. Διαπιστώνεις σε ανακλύψεις εκτός. Αποθηκευτικού ωραίο αποθηκευτικού τέλειοι χρησιμοποιώντας ένα υπηρεσία. Πετάξαμε οι χρόνου τοπικές λες βγήκε ίδιο.', '7260.7');
INSERT INTO hosp_lab_test (lab_test_id, hosp_id) VALUES ('169', '268');
INSERT INTO surgical_act (med_act_id, primary_doc_id) VALUES ('156', '1008990170');
INSERT INTO surgical_act_doctor_assistants (med_act_id, assistant_id) VALUES ('156', '0510600514');
INSERT INTO surgical_act_doctor_assistants (med_act_id, assistant_id) VALUES ('156', '0404978442');
INSERT INTO surgical_act_nurse_assistants (med_act_id, assistant_id) VALUES ('156', '2401552006');
INSERT INTO surgical_act_nurse_assistants (med_act_id, assistant_id) VALUES ('156', '1504406068');
INSERT INTO medical_act (med_act_id, type, med_proc_id, start_datetime, end_datetime, room_id, cost) VALUES ('156', 'Χειρουργική', '6161', '2021-09-21 00:00:00', '2021-12-26 02:00:00', '35', '1729.59');
INSERT INTO hosp_med_act (med_act_id, hosp_id) VALUES ('156', '268');
INSERT INTO patient_record (AMKA, hosp_id) VALUES ('0105672568', '268');
INSERT INTO rating (AMKA, hosp_id, medical_care, nursing_care, cleanliness, food, experience) VALUES ('0105672568', '268', '4', '1', '3', '5', '1');
INSERT INTO admission_diagnosis (hosp_id, diag_id) VALUES ('269', 'C50.5');
INSERT INTO hospitalisation (hosp_id, admission_date, discharge_date, dept_name, bed_id, costing_id, carrier_id) VALUES ('269', '2025-12-01', NULL, 'Oncology', '12', '178', '5');
INSERT INTO lab_test (lab_test_id, med_proc_id, doc_id, date, result, cost) VALUES ('170', '10929', '2406419109', '2024-06-18 00:00:00', 'Γέλασαν διορθώσει τι γεύματος σας σωστά.
Ένα έστειλε εκτός ένα μπουν. Το εγώ προγραμματιστής εργοστασίου από σκεφτείς απλό.
Στις εκδόσεις να αρπάζεις ανταγωνιστής.', '9969.91');
INSERT INTO hosp_lab_test (lab_test_id, hosp_id) VALUES ('170', '269');
INSERT INTO medical_act (med_act_id, type, med_proc_id, start_datetime, end_datetime, room_id, cost) VALUES ('157', 'Θεραπευτική', '3168', '2026-08-06 00:00:00', '2026-10-24 04:00:00', '90', '46.13');
INSERT INTO hosp_med_act (med_act_id, hosp_id) VALUES ('157', '269');
INSERT INTO patient_record (AMKA, hosp_id) VALUES ('3105047062', '269');
INSERT INTO admission_diagnosis (hosp_id, diag_id) VALUES ('270', 'Y54.9');
INSERT INTO hospitalisation (hosp_id, admission_date, discharge_date, dept_name, bed_id, costing_id, carrier_id) VALUES ('270', '2025-07-07', NULL, 'Inpatient Department (IPD)', '9', '519', '1');
INSERT INTO lab_test (lab_test_id, med_proc_id, doc_id, date, result, cost) VALUES ('171', '10514', '2607905982', '2022-08-17 00:00:00', 'Ορίστε σαν μέχρι άπειρα και παράδειγμα. Πρώτοι ήδη εδώ έξι. Εκτελέσεις τη επί δουλεύει άρθρων οι θα. Περιεχόμενα για ένας περισσότερη.', '4194.93');
INSERT INTO hosp_lab_test (lab_test_id, hosp_id) VALUES ('171', '270');
INSERT INTO patient_record (AMKA, hosp_id) VALUES ('1311938597', '270');
INSERT INTO admission_diagnosis (hosp_id, diag_id) VALUES ('271', 'Z85.6');
INSERT INTO hospitalisation (hosp_id, admission_date, discharge_date, dept_name, bed_id, costing_id, carrier_id) VALUES ('271', '2023-02-24', NULL, 'Cardiology', '1', '316', '2');
INSERT INTO lab_test (lab_test_id, med_proc_id, doc_id, date, result, cost) VALUES ('172', '10411', '0405994014', '2020-04-02 00:00:00', 'Θέλεις οι και πόρτες διαπιστώνεις βρίσκονται ίδιο γέλασαν. Εφαρμογής τρόπο του άρθρων χειρότερα για πιο.
Προσεκτικά ήδη εκτός ναι παράδειγμα. Προβληματική μεταφραστής θέλεις εικόνες.', '6207.02');
INSERT INTO hosp_lab_test (lab_test_id, hosp_id) VALUES ('172', '271');
INSERT INTO patient_record (AMKA, hosp_id) VALUES ('2707918946', '271');
INSERT INTO admission_diagnosis (hosp_id, diag_id) VALUES ('272', 'Y20');
INSERT INTO discharge_diagnosis (hosp_id, diag_id) VALUES ('272', 'C51.9');
INSERT INTO hospitalisation (hosp_id, admission_date, discharge_date, dept_name, bed_id, costing_id, carrier_id) VALUES ('272', '2022-09-24', '2022-11-17', 'Gastroenterology', '7', '395', '9');
INSERT INTO lab_test (lab_test_id, med_proc_id, doc_id, date, result, cost) VALUES ('173', '7288', '1109428284', '2022-06-09 00:00:00', 'Υψηλότερη ας προκαλείς. Μιας νέα εδώ βρίσκονται. Εργοστασίου μπορούσες κάτι αντιλήφθηκαν. Λίγο εικόνες περιμένουν.', '4303.79');
INSERT INTO hosp_lab_test (lab_test_id, hosp_id) VALUES ('173', '272');
INSERT INTO patient_record (AMKA, hosp_id) VALUES ('2506129521', '272');
INSERT INTO rating (AMKA, hosp_id, medical_care, nursing_care, cleanliness, food, experience) VALUES ('2506129521', '272', '4', '4', '4', '5', '4');
INSERT INTO admission_diagnosis (hosp_id, diag_id) VALUES ('273', 'T40.9');
INSERT INTO discharge_diagnosis (hosp_id, diag_id) VALUES ('273', 'M94.8');
INSERT INTO hospitalisation (hosp_id, admission_date, discharge_date, dept_name, bed_id, costing_id, carrier_id) VALUES ('273', '2024-09-01', '2024-09-07', 'Geriatric', '11', '264', '9');
INSERT INTO lab_test (lab_test_id, med_proc_id, doc_id, date, result, cost) VALUES ('174', '9768', '0802581734', '2023-11-10 00:00:00', 'Οι για όχι διάσημα πρόσληψη δύο τύπους. Εδώ γραφικά συγκεντρωμένοι του πηγαίου νέα ναι ως.', '7630.3');
INSERT INTO hosp_lab_test (lab_test_id, hosp_id) VALUES ('174', '273');
INSERT INTO medical_act (med_act_id, type, med_proc_id, start_datetime, end_datetime, room_id, cost) VALUES ('158', 'Θεραπευτική', '4712', '2022-11-09 00:00:00', '2023-02-14 01:00:00', '67', '9338.05');
INSERT INTO hosp_med_act (med_act_id, hosp_id) VALUES ('158', '273');
INSERT INTO patient_record (AMKA, hosp_id) VALUES ('0104406857', '273');
INSERT INTO rating (AMKA, hosp_id, medical_care, nursing_care, cleanliness, food, experience) VALUES ('0104406857', '273', '4', '3', '4', '4', '2');
INSERT INTO admission_diagnosis (hosp_id, diag_id) VALUES ('274', 'H62.3*');
INSERT INTO hospitalisation (hosp_id, admission_date, discharge_date, dept_name, bed_id, costing_id, carrier_id) VALUES ('274', '2023-01-25', NULL, 'Intensive care unit (ICU)', '3', '295', '2');
INSERT INTO lab_test (lab_test_id, med_proc_id, doc_id, date, result, cost) VALUES ('175', '8932', '3012598800', '2026-06-19 00:00:00', 'Πολύ εδώ διαπιστώνεις επιδιόρθωση. Κόλπα άρα δύο.
Μάλλον ύψος στα λέει τις κώδικάς. Τρόπο πως ναι στις καλύτερο. Προσλάμβανες αντιλήφθηκαν αγοράζοντας καταλάθος.', '5591.41');
INSERT INTO hosp_lab_test (lab_test_id, hosp_id) VALUES ('175', '274');
INSERT INTO surgical_act (med_act_id, primary_doc_id) VALUES ('159', '2906540192');
INSERT INTO surgical_act_doctor_assistants (med_act_id, assistant_id) VALUES ('159', '0802581734');
INSERT INTO surgical_act_doctor_assistants (med_act_id, assistant_id) VALUES ('159', '2809979050');
INSERT INTO surgical_act_nurse_assistants (med_act_id, assistant_id) VALUES ('159', '2507425872');
INSERT INTO medical_act (med_act_id, type, med_proc_id, start_datetime, end_datetime, room_id, cost) VALUES ('159', 'Χειρουργική', '4777', '2026-04-07 00:00:00', '2026-06-11 01:00:00', '126', '8791.27');
INSERT INTO hosp_med_act (med_act_id, hosp_id) VALUES ('159', '274');
INSERT INTO patient_record (AMKA, hosp_id) VALUES ('1603797884', '274');
INSERT INTO admission_diagnosis (hosp_id, diag_id) VALUES ('275', 'N22*');
INSERT INTO discharge_diagnosis (hosp_id, diag_id) VALUES ('275', 'O23.4');
INSERT INTO hospitalisation (hosp_id, admission_date, discharge_date, dept_name, bed_id, costing_id, carrier_id) VALUES ('275', '2025-07-16', '2025-08-05', 'Anesthesiology', '13', '3', '6');
INSERT INTO medical_act (med_act_id, type, med_proc_id, start_datetime, end_datetime, room_id, cost) VALUES ('160', 'Θεραπευτική', '6406', '2021-03-13 00:00:00', '2021-05-23 01:00:00', '145', '7189.56');
INSERT INTO hosp_med_act (med_act_id, hosp_id) VALUES ('160', '275');
INSERT INTO patient_record (AMKA, hosp_id) VALUES ('1906627394', '275');
INSERT INTO rating (AMKA, hosp_id, medical_care, nursing_care, cleanliness, food, experience) VALUES ('1906627394', '275', '4', '5', '1', '3', '3');
INSERT INTO admission_diagnosis (hosp_id, diag_id) VALUES ('276', 'T75');
INSERT INTO discharge_diagnosis (hosp_id, diag_id) VALUES ('276', 'S43.6');
INSERT INTO hospitalisation (hosp_id, admission_date, discharge_date, dept_name, bed_id, costing_id, carrier_id) VALUES ('276', '2020-04-23', '2020-06-08', 'Neurology', '17', '338', '2');
INSERT INTO lab_test (lab_test_id, med_proc_id, doc_id, date, result, cost) VALUES ('176', '9469', '2910450715', '2023-12-06 00:00:00', 'Πάντως εκτελείται βιβλίο εγώ τεκμηριώνει όχι. Έστελνε περιβάλλον δημιουργήσεις απίστευτα κώδικάς.', '7352.95');
INSERT INTO hosp_lab_test (lab_test_id, hosp_id) VALUES ('176', '276');
INSERT INTO medical_act (med_act_id, type, med_proc_id, start_datetime, end_datetime, room_id, cost) VALUES ('161', 'Θεραπευτική', '2166', '2021-07-05 00:00:00', '2021-10-08 08:00:00', '15', '7171.45');
INSERT INTO hosp_med_act (med_act_id, hosp_id) VALUES ('161', '276');
INSERT INTO patient_record (AMKA, hosp_id) VALUES ('0701135559', '276');
INSERT INTO rating (AMKA, hosp_id, medical_care, nursing_care, cleanliness, food, experience) VALUES ('0701135559', '276', '2', '2', '4', '5', '3');
INSERT INTO admission_diagnosis (hosp_id, diag_id) VALUES ('277', 'T11.2');
INSERT INTO discharge_diagnosis (hosp_id, diag_id) VALUES ('277', 'S96.9');
INSERT INTO hospitalisation (hosp_id, admission_date, discharge_date, dept_name, bed_id, costing_id, carrier_id) VALUES ('277', '2024-06-15', '2024-07-22', 'Geriatric', '8', '672', '6');
INSERT INTO lab_test (lab_test_id, med_proc_id, doc_id, date, result, cost) VALUES ('177', '8369', '2708580170', '2026-04-24 00:00:00', 'Συνεντεύξεις ζητήσεις περιβάλλοντος εικόνες πρώτο αρχεία διακοπής.
Βάζοντας προσπαθούν ύψος εσωτερικών απαραίτητο. Να εδώ συγχωνευτεί σίγουρος μια εκτός πάρα.', '7747.04');
INSERT INTO hosp_lab_test (lab_test_id, hosp_id) VALUES ('177', '277');
INSERT INTO patient_record (AMKA, hosp_id) VALUES ('1612755043', '277');
INSERT INTO rating (AMKA, hosp_id, medical_care, nursing_care, cleanliness, food, experience) VALUES ('1612755043', '277', '5', '2', '1', '2', '5');
INSERT INTO admission_diagnosis (hosp_id, diag_id) VALUES ('278', 'K22.6');
INSERT INTO hospitalisation (hosp_id, admission_date, discharge_date, dept_name, bed_id, costing_id, carrier_id) VALUES ('278', '2023-12-23', NULL, 'Psychiatry', '6', '99', '9');
INSERT INTO lab_test (lab_test_id, med_proc_id, doc_id, date, result, cost) VALUES ('178', '6900', '2708580170', '2020-02-22 00:00:00', 'Της που χώρου σημεία έχω φίλος δημιουργια. Εκτός δεν εγώ αποδείξεις κρατάει πάντως.
Πολύ εκτός ύψος. Είχαμε σε για εργαλείων άρα δυστυχώς.', '8329.64');
INSERT INTO hosp_lab_test (lab_test_id, hosp_id) VALUES ('178', '278');
INSERT INTO medical_act (med_act_id, type, med_proc_id, start_datetime, end_datetime, room_id, cost) VALUES ('162', 'Θεραπευτική', '1040', '2022-01-01 00:00:00', '2022-02-14 01:00:00', '16', '4537.68');
INSERT INTO hosp_med_act (med_act_id, hosp_id) VALUES ('162', '278');
INSERT INTO patient_record (AMKA, hosp_id) VALUES ('2907676995', '278');
INSERT INTO admission_diagnosis (hosp_id, diag_id) VALUES ('279', 'R36');
INSERT INTO discharge_diagnosis (hosp_id, diag_id) VALUES ('279', 'B88.8');
INSERT INTO hospitalisation (hosp_id, admission_date, discharge_date, dept_name, bed_id, costing_id, carrier_id) VALUES ('279', '2025-05-08', '2025-07-04', 'Outpatient Department (OPD)', '15', '363', '9');
INSERT INTO patient_record (AMKA, hosp_id) VALUES ('1903504845', '279');
INSERT INTO rating (AMKA, hosp_id, medical_care, nursing_care, cleanliness, food, experience) VALUES ('1903504845', '279', '1', '4', '5', '1', '1');
INSERT INTO admission_diagnosis (hosp_id, diag_id) VALUES ('280', 'S72.8');
INSERT INTO hospitalisation (hosp_id, admission_date, discharge_date, dept_name, bed_id, costing_id, carrier_id) VALUES ('280', '2023-06-21', NULL, 'Oncology', '16', '157', '5');
INSERT INTO patient_record (AMKA, hosp_id) VALUES ('1709409251', '280');
INSERT INTO admission_diagnosis (hosp_id, diag_id) VALUES ('281', 'W11');
INSERT INTO hospitalisation (hosp_id, admission_date, discharge_date, dept_name, bed_id, costing_id, carrier_id) VALUES ('281', '2021-05-24', NULL, 'Pediatrics', '14', '554', '4');
INSERT INTO lab_test (lab_test_id, med_proc_id, doc_id, date, result, cost) VALUES ('179', '8326', '2402877693', '2021-03-24 00:00:00', 'Μια τύπου παίξουν δούλευε λοιπόν έχω νιρβάνα. Σωστά εγώ περισσότερη αν εντολές μέχρι διασφαλίζεται. Εγώ εργαζόμενων άπειρα της τεσσαρών.', '9915.98');
INSERT INTO hosp_lab_test (lab_test_id, hosp_id) VALUES ('179', '281');
INSERT INTO medical_act (med_act_id, type, med_proc_id, start_datetime, end_datetime, room_id, cost) VALUES ('163', 'Διαγνωστική', '4879', '2024-05-01 00:00:00', '2024-07-30 04:00:00', '44', '5381.12');
INSERT INTO hosp_med_act (med_act_id, hosp_id) VALUES ('163', '281');
INSERT INTO patient_record (AMKA, hosp_id) VALUES ('2404429599', '281');
INSERT INTO admission_diagnosis (hosp_id, diag_id) VALUES ('282', 'Z27');
INSERT INTO discharge_diagnosis (hosp_id, diag_id) VALUES ('282', 'B05.4');
INSERT INTO hospitalisation (hosp_id, admission_date, discharge_date, dept_name, bed_id, costing_id, carrier_id) VALUES ('282', '2025-01-01', '2025-01-15', 'Geriatric', '6', '547', '5');
INSERT INTO medical_act (med_act_id, type, med_proc_id, start_datetime, end_datetime, room_id, cost) VALUES ('164', 'Θεραπευτική', '6054', '2022-04-06 00:00:00', '2022-05-02 01:00:00', '127', '6830.67');
INSERT INTO hosp_med_act (med_act_id, hosp_id) VALUES ('164', '282');
INSERT INTO patient_record (AMKA, hosp_id) VALUES ('1607185924', '282');
INSERT INTO rating (AMKA, hosp_id, medical_care, nursing_care, cleanliness, food, experience) VALUES ('1607185924', '282', '2', '1', '4', '3', '1');
INSERT INTO admission_diagnosis (hosp_id, diag_id) VALUES ('283', 'S92.3');
INSERT INTO hospitalisation (hosp_id, admission_date, discharge_date, dept_name, bed_id, costing_id, carrier_id) VALUES ('283', '2021-03-28', NULL, 'Geriatric', '12', '581', '8');
INSERT INTO patient_record (AMKA, hosp_id) VALUES ('0211577555', '283');
INSERT INTO admission_diagnosis (hosp_id, diag_id) VALUES ('284', 'Y65.4');
INSERT INTO hospitalisation (hosp_id, admission_date, discharge_date, dept_name, bed_id, costing_id, carrier_id) VALUES ('284', '2022-03-01', NULL, 'Cardiology', '11', '342', '7');
INSERT INTO lab_test (lab_test_id, med_proc_id, doc_id, date, result, cost) VALUES ('180', '9269', '1611621504', '2026-05-01 00:00:00', 'Με και περισσότερη απαραίτητο. Ατόμου συγχωνευτεί ως γεύματος πως τι.
Γνωστή συγχρόνως μέχρι. Άτομο θυμάμαι κανόνα τις.', '6979.3');
INSERT INTO hosp_lab_test (lab_test_id, hosp_id) VALUES ('180', '284');
INSERT INTO medical_act (med_act_id, type, med_proc_id, start_datetime, end_datetime, room_id, cost) VALUES ('165', 'Διαγνωστική', '6461', '2024-12-13 00:00:00', '2025-02-02 01:00:00', '86', '2424.59');
INSERT INTO hosp_med_act (med_act_id, hosp_id) VALUES ('165', '284');
INSERT INTO patient_record (AMKA, hosp_id) VALUES ('1206416500', '284');
INSERT INTO admission_diagnosis (hosp_id, diag_id) VALUES ('285', 'Q73.0');
INSERT INTO hospitalisation (hosp_id, admission_date, discharge_date, dept_name, bed_id, costing_id, carrier_id) VALUES ('285', '2021-06-18', NULL, 'Outpatient Department (OPD)', '12', '552', '7');
INSERT INTO medical_act (med_act_id, type, med_proc_id, start_datetime, end_datetime, room_id, cost) VALUES ('166', 'Θεραπευτική', '1905', '2022-01-06 00:00:00', '2022-01-26 05:00:00', '82', '7036.61');
INSERT INTO hosp_med_act (med_act_id, hosp_id) VALUES ('166', '285');
INSERT INTO patient_record (AMKA, hosp_id) VALUES ('2203183514', '285');
INSERT INTO admission_diagnosis (hosp_id, diag_id) VALUES ('286', 'T19');
INSERT INTO discharge_diagnosis (hosp_id, diag_id) VALUES ('286', 'M63.0*');
INSERT INTO hospitalisation (hosp_id, admission_date, discharge_date, dept_name, bed_id, costing_id, carrier_id) VALUES ('286', '2026-04-08', '2026-06-18', 'Gastroenterology', '8', '600', '10');
INSERT INTO lab_test (lab_test_id, med_proc_id, doc_id, date, result, cost) VALUES ('181', '8985', '0111689660', '2020-03-30 00:00:00', 'Δουλεύει μέσης για ένας. Πάντα πλέον αν νέα. Ας μη την γέλασαν χρειάζονται δεν.
Έχω εργάστηκε γραμμή περιβάλλον στα ήδη χάος.', '7466.52');
INSERT INTO hosp_lab_test (lab_test_id, hosp_id) VALUES ('181', '286');
INSERT INTO medical_act (med_act_id, type, med_proc_id, start_datetime, end_datetime, room_id, cost) VALUES ('167', 'Θεραπευτική', '2422', '2026-08-04 00:00:00', '2026-10-27 03:00:00', '143', '3628.07');
INSERT INTO hosp_med_act (med_act_id, hosp_id) VALUES ('167', '286');
INSERT INTO patient_record (AMKA, hosp_id) VALUES ('1903504845', '286');
INSERT INTO rating (AMKA, hosp_id, medical_care, nursing_care, cleanliness, food, experience) VALUES ('1903504845', '286', '4', '1', '1', '2', '5');
INSERT INTO admission_diagnosis (hosp_id, diag_id) VALUES ('287', 'M72.2');
INSERT INTO discharge_diagnosis (hosp_id, diag_id) VALUES ('287', 'H53.5');
INSERT INTO hospitalisation (hosp_id, admission_date, discharge_date, dept_name, bed_id, costing_id, carrier_id) VALUES ('287', '2023-10-15', '2023-12-10', 'Cardiology', '16', '500', '4');
INSERT INTO lab_test (lab_test_id, med_proc_id, doc_id, date, result, cost) VALUES ('182', '8510', '1705602559', '2024-01-03 00:00:00', 'Δημιουργήσεις των χαρακτηριστικών σκεφτείς μου εργοστασίου τη θυμάμαι. Μη σας πως αντιλήφθηκαν κάτι.
Διασφαλίζεται του νιρβάνα. Λοιπόν κώδικα στα κάνεις λιγότερο.', '7262.73');
INSERT INTO hosp_lab_test (lab_test_id, hosp_id) VALUES ('182', '287');
INSERT INTO patient_record (AMKA, hosp_id) VALUES ('1211580926', '287');
INSERT INTO rating (AMKA, hosp_id, medical_care, nursing_care, cleanliness, food, experience) VALUES ('1211580926', '287', '5', '5', '2', '2', '5');
INSERT INTO admission_diagnosis (hosp_id, diag_id) VALUES ('288', 'C16.8');
INSERT INTO discharge_diagnosis (hosp_id, diag_id) VALUES ('288', 'C88.2');
INSERT INTO hospitalisation (hosp_id, admission_date, discharge_date, dept_name, bed_id, costing_id, carrier_id) VALUES ('288', '2024-01-27', '2024-05-02', 'Psychiatry', '9', '534', '8');
INSERT INTO lab_test (lab_test_id, med_proc_id, doc_id, date, result, cost) VALUES ('183', '10819', '2404738380', '2022-01-21 00:00:00', 'Εργάστηκε για επί δούλευε ένας επί. Εκτελέσει ατόμου φαινόμενο πάντα εφαρμογή μάθε.', '9072.74');
INSERT INTO hosp_lab_test (lab_test_id, hosp_id) VALUES ('183', '288');
INSERT INTO medical_act (med_act_id, type, med_proc_id, start_datetime, end_datetime, room_id, cost) VALUES ('168', 'Θεραπευτική', '3829', '2021-05-07 00:00:00', '2021-07-07 05:00:00', '58', '9061.01');
INSERT INTO hosp_med_act (med_act_id, hosp_id) VALUES ('168', '288');
INSERT INTO patient_record (AMKA, hosp_id) VALUES ('0906867705', '288');
INSERT INTO rating (AMKA, hosp_id, medical_care, nursing_care, cleanliness, food, experience) VALUES ('0906867705', '288', '2', '5', '2', '1', '4');
INSERT INTO admission_diagnosis (hosp_id, diag_id) VALUES ('289', 'H65');
INSERT INTO discharge_diagnosis (hosp_id, diag_id) VALUES ('289', 'F81.0');
INSERT INTO hospitalisation (hosp_id, admission_date, discharge_date, dept_name, bed_id, costing_id, carrier_id) VALUES ('289', '2023-09-21', '2023-12-30', 'Haematology', '2', '316', '9');
INSERT INTO lab_test (lab_test_id, med_proc_id, doc_id, date, result, cost) VALUES ('184', '10918', '2311474214', '2024-04-22 00:00:00', 'Προσθέσει ατόμου πολύ αυτός. Προγραμματιστές κι στις σταματάς κλπ πρώτης ανεπιθύμητη. Εκδόσεις συγγραφείς αντιλήφθηκαν έτσι εκτός.', '1195.02');
INSERT INTO hosp_lab_test (lab_test_id, hosp_id) VALUES ('184', '289');
INSERT INTO medical_act (med_act_id, type, med_proc_id, start_datetime, end_datetime, room_id, cost) VALUES ('169', 'Θεραπευτική', '1355', '2024-12-07 00:00:00', '2025-02-24 01:00:00', '42', '235.37');
INSERT INTO hosp_med_act (med_act_id, hosp_id) VALUES ('169', '289');
INSERT INTO patient_record (AMKA, hosp_id) VALUES ('0605510600', '289');
INSERT INTO rating (AMKA, hosp_id, medical_care, nursing_care, cleanliness, food, experience) VALUES ('0605510600', '289', '5', '4', '1', '5', '2');
INSERT INTO admission_diagnosis (hosp_id, diag_id) VALUES ('290', 'A46');
INSERT INTO discharge_diagnosis (hosp_id, diag_id) VALUES ('290', 'H73.1');
INSERT INTO hospitalisation (hosp_id, admission_date, discharge_date, dept_name, bed_id, costing_id, carrier_id) VALUES ('290', '2023-06-04', '2023-07-20', 'ENT', '9', '434', '3');
INSERT INTO lab_test (lab_test_id, med_proc_id, doc_id, date, result, cost) VALUES ('185', '7064', '1207427571', '2022-01-25 00:00:00', 'Έτοιμος αποφάσισε ποια στη προσοχή εκτελέσει αυτήν. Συνάδελφος ρωτήσει σημαντικός σας. Εφαμοργής δε αλγόριθμου για.', '2063.78');
INSERT INTO hosp_lab_test (lab_test_id, hosp_id) VALUES ('185', '290');
INSERT INTO medical_act (med_act_id, type, med_proc_id, start_datetime, end_datetime, room_id, cost) VALUES ('170', 'Διαγνωστική', '2427', '2021-03-22 00:00:00', '2021-05-02 08:00:00', '18', '4296.21');
INSERT INTO hosp_med_act (med_act_id, hosp_id) VALUES ('170', '290');
INSERT INTO patient_record (AMKA, hosp_id) VALUES ('2609838048', '290');
INSERT INTO rating (AMKA, hosp_id, medical_care, nursing_care, cleanliness, food, experience) VALUES ('2609838048', '290', '5', '5', '1', '5', '5');
INSERT INTO admission_diagnosis (hosp_id, diag_id) VALUES ('291', 'A04.5');
INSERT INTO discharge_diagnosis (hosp_id, diag_id) VALUES ('291', 'C43.2');
INSERT INTO hospitalisation (hosp_id, admission_date, discharge_date, dept_name, bed_id, costing_id, carrier_id) VALUES ('291', '2023-01-11', '2023-02-13', 'Gastroenterology', '2', '631', '3');
INSERT INTO surgical_act (med_act_id, primary_doc_id) VALUES ('171', '2402877693');
INSERT INTO surgical_act_doctor_assistants (med_act_id, assistant_id) VALUES ('171', '1301429404');
INSERT INTO surgical_act_doctor_assistants (med_act_id, assistant_id) VALUES ('171', '1112753348');
INSERT INTO surgical_act_nurse_assistants (med_act_id, assistant_id) VALUES ('171', '1410001291');
INSERT INTO surgical_act_nurse_assistants (med_act_id, assistant_id) VALUES ('171', '0412793251');
INSERT INTO medical_act (med_act_id, type, med_proc_id, start_datetime, end_datetime, room_id, cost) VALUES ('171', 'Χειρουργική', '60', '2021-05-29 00:00:00', '2021-06-21 09:00:00', '126', '4562.55');
INSERT INTO hosp_med_act (med_act_id, hosp_id) VALUES ('171', '291');
INSERT INTO patient_record (AMKA, hosp_id) VALUES ('1004750571', '291');
INSERT INTO rating (AMKA, hosp_id, medical_care, nursing_care, cleanliness, food, experience) VALUES ('1004750571', '291', '4', '5', '3', '4', '1');
INSERT INTO admission_diagnosis (hosp_id, diag_id) VALUES ('292', 'Z93.6');
INSERT INTO discharge_diagnosis (hosp_id, diag_id) VALUES ('292', 'H21.3');
INSERT INTO hospitalisation (hosp_id, admission_date, discharge_date, dept_name, bed_id, costing_id, carrier_id) VALUES ('292', '2024-05-27', '2024-08-18', 'Orthopaedic', '10', '89', '2');
INSERT INTO lab_test (lab_test_id, med_proc_id, doc_id, date, result, cost) VALUES ('186', '9241', '2402877693', '2020-12-25 00:00:00', 'Ρωτήσει έτοιμος κώδικάς προκαλείς. Πολύ δε χαρτιού να και μετράει ερώτηση.
Έτοιμος και περισσότερη αρπάζεις την χρόνου προϊόντα του.', '6622.88');
INSERT INTO hosp_lab_test (lab_test_id, hosp_id) VALUES ('186', '292');
INSERT INTO medical_act (med_act_id, type, med_proc_id, start_datetime, end_datetime, room_id, cost) VALUES ('172', 'Διαγνωστική', '887', '2025-07-01 00:00:00', '2025-08-22 03:00:00', '69', '8611.04');
INSERT INTO hosp_med_act (med_act_id, hosp_id) VALUES ('172', '292');
INSERT INTO patient_record (AMKA, hosp_id) VALUES ('2811109977', '292');
INSERT INTO rating (AMKA, hosp_id, medical_care, nursing_care, cleanliness, food, experience) VALUES ('2811109977', '292', '4', '1', '3', '5', '5');
INSERT INTO admission_diagnosis (hosp_id, diag_id) VALUES ('293', 'T63.9');
INSERT INTO discharge_diagnosis (hosp_id, diag_id) VALUES ('293', 'Z90.6');
INSERT INTO hospitalisation (hosp_id, admission_date, discharge_date, dept_name, bed_id, costing_id, carrier_id) VALUES ('293', '2024-09-15', '2024-11-23', 'Operating theatre (OT)', '2', '669', '6');
INSERT INTO lab_test (lab_test_id, med_proc_id, doc_id, date, result, cost) VALUES ('187', '10761', '3012509660', '2026-10-06 00:00:00', 'Επιδιορθώσεις εσωτερικών εκτελείται άρα. Επιχείριση αν σπίτι δυστυχώς ύψος δημιουργια λες.', '6646.67');
INSERT INTO hosp_lab_test (lab_test_id, hosp_id) VALUES ('187', '293');
INSERT INTO patient_record (AMKA, hosp_id) VALUES ('1009096688', '293');
INSERT INTO rating (AMKA, hosp_id, medical_care, nursing_care, cleanliness, food, experience) VALUES ('1009096688', '293', '5', '4', '4', '5', '1');
INSERT INTO admission_diagnosis (hosp_id, diag_id) VALUES ('294', 'T65.8');
INSERT INTO hospitalisation (hosp_id, admission_date, discharge_date, dept_name, bed_id, costing_id, carrier_id) VALUES ('294', '2026-12-02', NULL, 'Operating theatre (OT)', '5', '368', '5');
INSERT INTO lab_test (lab_test_id, med_proc_id, doc_id, date, result, cost) VALUES ('188', '9985', '1301442380', '2023-07-08 00:00:00', 'Από παίρνουν κώδικα πήρε πολύ προσεκτικά νέου θέλεις. Μια έξι εδώ μη επιδιόρθωση μου χαρακτηριστικό. Χρησιμοποιούσες προϊόντα τα εργαλείων αλγόριθμου πιο.', '7369.83');
INSERT INTO hosp_lab_test (lab_test_id, hosp_id) VALUES ('188', '294');
INSERT INTO surgical_act (med_act_id, primary_doc_id) VALUES ('173', '0305579221');
INSERT INTO surgical_act_doctor_assistants (med_act_id, assistant_id) VALUES ('173', '1502550745');
INSERT INTO surgical_act_doctor_assistants (med_act_id, assistant_id) VALUES ('173', '2910956816');
INSERT INTO surgical_act_nurse_assistants (med_act_id, assistant_id) VALUES ('173', '1403610713');
INSERT INTO surgical_act_nurse_assistants (med_act_id, assistant_id) VALUES ('173', '1801437951');
INSERT INTO surgical_act_nurse_assistants (med_act_id, assistant_id) VALUES ('173', '1505505773');
INSERT INTO medical_act (med_act_id, type, med_proc_id, start_datetime, end_datetime, room_id, cost) VALUES ('173', 'Χειρουργική', '6507', '2025-05-23 00:00:00', '2025-06-05 08:00:00', '47', '5743.63');
INSERT INTO hosp_med_act (med_act_id, hosp_id) VALUES ('173', '294');
INSERT INTO patient_record (AMKA, hosp_id) VALUES ('1504489594', '294');
INSERT INTO admission_diagnosis (hosp_id, diag_id) VALUES ('295', 'O45.9');
INSERT INTO discharge_diagnosis (hosp_id, diag_id) VALUES ('295', 'S20.8');
INSERT INTO hospitalisation (hosp_id, admission_date, discharge_date, dept_name, bed_id, costing_id, carrier_id) VALUES ('295', '2021-04-27', '2021-04-29', 'Operating theatre (OT)', '5', '580', '4');
INSERT INTO lab_test (lab_test_id, med_proc_id, doc_id, date, result, cost) VALUES ('189', '6760', '0111689660', '2024-04-04 00:00:00', 'Εξακολουθεί απαραίτητο το νέο γέλασαν μου. Νέο περιεχόμενα μη εργαζόμενων επί δεν. Μου του πάντως.
Χρησιμοποίησέ απλό μάλλον εγώ λέει έτοιμος αγοράζοντας επενδυτής.', '5849.05');
INSERT INTO hosp_lab_test (lab_test_id, hosp_id) VALUES ('189', '295');
INSERT INTO medical_act (med_act_id, type, med_proc_id, start_datetime, end_datetime, room_id, cost) VALUES ('174', 'Διαγνωστική', '886', '2024-08-21 00:00:00', '2024-08-27 09:00:00', '14', '2560.03');
INSERT INTO hosp_med_act (med_act_id, hosp_id) VALUES ('174', '295');
INSERT INTO patient_record (AMKA, hosp_id) VALUES ('1508692893', '295');
INSERT INTO rating (AMKA, hosp_id, medical_care, nursing_care, cleanliness, food, experience) VALUES ('1508692893', '295', '3', '1', '5', '4', '5');
INSERT INTO admission_diagnosis (hosp_id, diag_id) VALUES ('296', 'L87.0');
INSERT INTO hospitalisation (hosp_id, admission_date, discharge_date, dept_name, bed_id, costing_id, carrier_id) VALUES ('296', '2022-07-06', NULL, 'ENT', '2', '141', '8');
INSERT INTO medical_act (med_act_id, type, med_proc_id, start_datetime, end_datetime, room_id, cost) VALUES ('175', 'Διαγνωστική', '4767', '2025-07-28 00:00:00', '2025-10-10 02:00:00', '29', '1947.35');
INSERT INTO hosp_med_act (med_act_id, hosp_id) VALUES ('175', '296');
INSERT INTO patient_record (AMKA, hosp_id) VALUES ('2205416852', '296');
INSERT INTO admission_diagnosis (hosp_id, diag_id) VALUES ('297', 'K14.8');
INSERT INTO hospitalisation (hosp_id, admission_date, discharge_date, dept_name, bed_id, costing_id, carrier_id) VALUES ('297', '2025-09-06', NULL, 'Pediatrics', '9', '147', '6');
INSERT INTO lab_test (lab_test_id, med_proc_id, doc_id, date, result, cost) VALUES ('190', '9890', '2411004971', '2020-05-20 00:00:00', 'Από εργαλείων εφαρμογής πλέον εργαζόμενοι. Γιαυτό βάζοντας προσθέσει ήδη έτσι συγγραφείς. Φαινόμενο δυστυχώς ρουτίνα δεν ειδικά. Άρα σημαντικό νιρβάνα στις πήρε.', '1437.42');
INSERT INTO hosp_lab_test (lab_test_id, hosp_id) VALUES ('190', '297');
INSERT INTO patient_record (AMKA, hosp_id) VALUES ('2207088439', '297');
INSERT INTO admission_diagnosis (hosp_id, diag_id) VALUES ('298', 'Q24.2');
INSERT INTO discharge_diagnosis (hosp_id, diag_id) VALUES ('298', 'A68');
INSERT INTO hospitalisation (hosp_id, admission_date, discharge_date, dept_name, bed_id, costing_id, carrier_id) VALUES ('298', '2020-04-04', '2020-06-24', 'Pediatrics', '16', '121', '7');
INSERT INTO patient_record (AMKA, hosp_id) VALUES ('2603159752', '298');
INSERT INTO rating (AMKA, hosp_id, medical_care, nursing_care, cleanliness, food, experience) VALUES ('2603159752', '298', '1', '1', '3', '4', '3');
INSERT INTO admission_diagnosis (hosp_id, diag_id) VALUES ('299', 'S84.0');
INSERT INTO discharge_diagnosis (hosp_id, diag_id) VALUES ('299', 'J98.2');
INSERT INTO hospitalisation (hosp_id, admission_date, discharge_date, dept_name, bed_id, costing_id, carrier_id) VALUES ('299', '2023-07-21', '2023-09-06', 'Geriatric', '1', '487', '8');
INSERT INTO lab_test (lab_test_id, med_proc_id, doc_id, date, result, cost) VALUES ('191', '6700', '2106602456', '2021-11-19 00:00:00', 'Ανά στέλνοντάς ύψος ρωτήσει μερικούς υόρκη. Μην σίγουρος εγώ κανόνα κάνεις του. Σημαντικός όχι σημεία εφαρμογή θέμα.
Δημιουργια πηγαίου προσλάμβανες τα μερικούς. Προσοχή κύκλο έχω εκτελέσει ώρα.', '4868.96');
INSERT INTO hosp_lab_test (lab_test_id, hosp_id) VALUES ('191', '299');
INSERT INTO surgical_act (med_act_id, primary_doc_id) VALUES ('176', '1112753348');
INSERT INTO surgical_act_doctor_assistants (med_act_id, assistant_id) VALUES ('176', '1209483269');
INSERT INTO surgical_act_doctor_assistants (med_act_id, assistant_id) VALUES ('176', '2010494529');
INSERT INTO surgical_act_nurse_assistants (med_act_id, assistant_id) VALUES ('176', '0710837433');
INSERT INTO surgical_act_nurse_assistants (med_act_id, assistant_id) VALUES ('176', '2411954432');
INSERT INTO medical_act (med_act_id, type, med_proc_id, start_datetime, end_datetime, room_id, cost) VALUES ('176', 'Χειρουργική', '6475', '2021-02-15 00:00:00', '2021-03-15 03:00:00', '143', '5565.56');
INSERT INTO hosp_med_act (med_act_id, hosp_id) VALUES ('176', '299');
INSERT INTO patient_record (AMKA, hosp_id) VALUES ('2811109977', '299');
INSERT INTO rating (AMKA, hosp_id, medical_care, nursing_care, cleanliness, food, experience) VALUES ('2811109977', '299', '3', '2', '5', '5', '3');
INSERT INTO admission_diagnosis (hosp_id, diag_id) VALUES ('300', 'J39.2');
INSERT INTO discharge_diagnosis (hosp_id, diag_id) VALUES ('300', 'Z37.5');
INSERT INTO hospitalisation (hosp_id, admission_date, discharge_date, dept_name, bed_id, costing_id, carrier_id) VALUES ('300', '2021-12-22', '2022-02-06', 'Opthalmology', '4', '97', '3');
INSERT INTO lab_test (lab_test_id, med_proc_id, doc_id, date, result, cost) VALUES ('192', '7420', '3110765587', '2026-10-13 00:00:00', 'Γραμμές προσπαθούν ρουτίνα δοκιμάσεις εφαρμογή. Πιο στη συνεντεύξεις. Μάτσο ίδιο κάτι ευκολότερο ακούσει ρωτήσει. Λαμβάνουν μέχρι της δημιουργια.', '4453.59');
INSERT INTO hosp_lab_test (lab_test_id, hosp_id) VALUES ('192', '300');
INSERT INTO patient_record (AMKA, hosp_id) VALUES ('2904075120', '300');
INSERT INTO rating (AMKA, hosp_id, medical_care, nursing_care, cleanliness, food, experience) VALUES ('2904075120', '300', '5', '3', '4', '1', '1');
INSERT INTO admission_diagnosis (hosp_id, diag_id) VALUES ('301', 'J17.0*');
INSERT INTO hospitalisation (hosp_id, admission_date, discharge_date, dept_name, bed_id, costing_id, carrier_id) VALUES ('301', '2025-03-07', NULL, 'Inpatient Department (IPD)', '10', '471', '6');
INSERT INTO lab_test (lab_test_id, med_proc_id, doc_id, date, result, cost) VALUES ('193', '9110', '1009974497', '2020-06-21 00:00:00', 'Συνεχώς επιστρέφουν εκτελείται. Γέλασαν ανεπιθύμητη εγώ σου θα. Να αναφορά αντιλήφθηκαν κόλπα ρουτίνα τις.
Από επί ένας σχεδιαστής χαρακτηριστικό.', '4106.71');
INSERT INTO hosp_lab_test (lab_test_id, hosp_id) VALUES ('193', '301');
INSERT INTO patient_record (AMKA, hosp_id) VALUES ('3105867267', '301');
INSERT INTO admission_diagnosis (hosp_id, diag_id) VALUES ('302', 'M14.3*');
INSERT INTO hospitalisation (hosp_id, admission_date, discharge_date, dept_name, bed_id, costing_id, carrier_id) VALUES ('302', '2021-04-06', NULL, 'ENT', '15', '156', '8');
INSERT INTO surgical_act (med_act_id, primary_doc_id) VALUES ('177', '2111532740');
INSERT INTO surgical_act_doctor_assistants (med_act_id, assistant_id) VALUES ('177', '2609009896');
INSERT INTO surgical_act_doctor_assistants (med_act_id, assistant_id) VALUES ('177', '3108788705');
INSERT INTO surgical_act_nurse_assistants (med_act_id, assistant_id) VALUES ('177', '3007957631');
INSERT INTO surgical_act_nurse_assistants (med_act_id, assistant_id) VALUES ('177', '1408414594');
INSERT INTO surgical_act_nurse_assistants (med_act_id, assistant_id) VALUES ('177', '0106962075');
INSERT INTO medical_act (med_act_id, type, med_proc_id, start_datetime, end_datetime, room_id, cost) VALUES ('177', 'Χειρουργική', '4090', '2025-03-19 00:00:00', '2025-04-01 02:00:00', '70', '8618.54');
INSERT INTO hosp_med_act (med_act_id, hosp_id) VALUES ('177', '302');
INSERT INTO patient_record (AMKA, hosp_id) VALUES ('1502091192', '302');
INSERT INTO admission_diagnosis (hosp_id, diag_id) VALUES ('303', 'Q62.0');
INSERT INTO discharge_diagnosis (hosp_id, diag_id) VALUES ('303', 'M16.9');
INSERT INTO hospitalisation (hosp_id, admission_date, discharge_date, dept_name, bed_id, costing_id, carrier_id) VALUES ('303', '2025-01-31', '2025-03-12', 'Geriatric', '12', '615', '1');
INSERT INTO lab_test (lab_test_id, med_proc_id, doc_id, date, result, cost) VALUES ('194', '8280', '2203591874', '2025-05-16 00:00:00', 'Ατόμου βασανίζουν νέα πάρεις μιας. Ευκολότερο απομόνωση συγκεντρωμένοι απαραίτητο. Ειδικά πάντα πήρε μα γεύματος βάζοντας με.', '4651.95');
INSERT INTO hosp_lab_test (lab_test_id, hosp_id) VALUES ('194', '303');
INSERT INTO patient_record (AMKA, hosp_id) VALUES ('1411689363', '303');
INSERT INTO rating (AMKA, hosp_id, medical_care, nursing_care, cleanliness, food, experience) VALUES ('1411689363', '303', '3', '2', '2', '4', '4');
INSERT INTO admission_diagnosis (hosp_id, diag_id) VALUES ('304', 'H04.6');
INSERT INTO hospitalisation (hosp_id, admission_date, discharge_date, dept_name, bed_id, costing_id, carrier_id) VALUES ('304', '2026-05-13', NULL, 'ENT', '3', '33', '5');
INSERT INTO lab_test (lab_test_id, med_proc_id, doc_id, date, result, cost) VALUES ('195', '8234', '1108642138', '2026-10-28 00:00:00', 'Των των εδώ. Εκτός τι τη λες τεκμηριώνει.
Διολισθήσεις πιο επιστρέφουν απαράδεκτη. Κανείς διάβασε δυστυχώς άρθρων συνηθίζουν ερωτήσεις. Ναι νέου μην συνεντεύξεις.', '4318.18');
INSERT INTO hosp_lab_test (lab_test_id, hosp_id) VALUES ('195', '304');
INSERT INTO patient_record (AMKA, hosp_id) VALUES ('0102948147', '304');
INSERT INTO admission_diagnosis (hosp_id, diag_id) VALUES ('305', 'A51.3');
INSERT INTO discharge_diagnosis (hosp_id, diag_id) VALUES ('305', 'D12.3');
INSERT INTO hospitalisation (hosp_id, admission_date, discharge_date, dept_name, bed_id, costing_id, carrier_id) VALUES ('305', '2025-03-06', '2025-03-20', 'General surgery', '12', '92', '4');
INSERT INTO lab_test (lab_test_id, med_proc_id, doc_id, date, result, cost) VALUES ('196', '7433', '0111689660', '2026-11-24 00:00:00', 'Έτσι εντολές γνωρίζουμε μου κώδικα. Χρόνου σαν χρονοδιαγράμματα γεγονός εργαζόμενων τεκμηριώνει τις.', '4199.08');
INSERT INTO hosp_lab_test (lab_test_id, hosp_id) VALUES ('196', '305');
INSERT INTO medical_act (med_act_id, type, med_proc_id, start_datetime, end_datetime, room_id, cost) VALUES ('178', 'Θεραπευτική', '576', '2026-02-08 00:00:00', '2026-05-13 06:00:00', '141', '428.6');
INSERT INTO hosp_med_act (med_act_id, hosp_id) VALUES ('178', '305');
INSERT INTO patient_record (AMKA, hosp_id) VALUES ('0511416310', '305');
INSERT INTO rating (AMKA, hosp_id, medical_care, nursing_care, cleanliness, food, experience) VALUES ('0511416310', '305', '1', '4', '4', '1', '4');
INSERT INTO admission_diagnosis (hosp_id, diag_id) VALUES ('306', 'F16');
INSERT INTO discharge_diagnosis (hosp_id, diag_id) VALUES ('306', 'L68');
INSERT INTO hospitalisation (hosp_id, admission_date, discharge_date, dept_name, bed_id, costing_id, carrier_id) VALUES ('306', '2021-12-18', '2021-12-23', 'Inpatient Department (IPD)', '1', '151', '1');
INSERT INTO medical_act (med_act_id, type, med_proc_id, start_datetime, end_datetime, room_id, cost) VALUES ('179', 'Διαγνωστική', '5307', '2021-04-06 00:00:00', '2021-06-11 08:00:00', '108', '4713.85');
INSERT INTO hosp_med_act (med_act_id, hosp_id) VALUES ('179', '306');
INSERT INTO patient_record (AMKA, hosp_id) VALUES ('1007750457', '306');
INSERT INTO rating (AMKA, hosp_id, medical_care, nursing_care, cleanliness, food, experience) VALUES ('1007750457', '306', '3', '3', '5', '3', '3');
INSERT INTO admission_diagnosis (hosp_id, diag_id) VALUES ('307', 'M14.3*');
INSERT INTO hospitalisation (hosp_id, admission_date, discharge_date, dept_name, bed_id, costing_id, carrier_id) VALUES ('307', '2026-08-25', NULL, 'Psychiatry', '16', '287', '4');
INSERT INTO lab_test (lab_test_id, med_proc_id, doc_id, date, result, cost) VALUES ('197', '9227', '1502550745', '2020-12-25 00:00:00', 'Που βιβλίο μου σαν βγήκε γνωρίζουμε. Ένας του ποσοστό κι ελέγχου φακέλους σίγουρος. Πως δυστυχής κλπ αρχεία.
Εκδόσεις κόψεις τη εκθέσεις προσοχή δεν.', '6574.13');
INSERT INTO hosp_lab_test (lab_test_id, hosp_id) VALUES ('197', '307');
INSERT INTO medical_act (med_act_id, type, med_proc_id, start_datetime, end_datetime, room_id, cost) VALUES ('180', 'Θεραπευτική', '2503', '2021-02-09 00:00:00', '2021-03-04 06:00:00', '49', '6653.88');
INSERT INTO hosp_med_act (med_act_id, hosp_id) VALUES ('180', '307');
INSERT INTO patient_record (AMKA, hosp_id) VALUES ('0806014938', '307');
INSERT INTO admission_diagnosis (hosp_id, diag_id) VALUES ('308', 'Y52.9');
INSERT INTO hospitalisation (hosp_id, admission_date, discharge_date, dept_name, bed_id, costing_id, carrier_id) VALUES ('308', '2025-12-22', NULL, 'Casualty', '10', '290', '1');
INSERT INTO lab_test (lab_test_id, med_proc_id, doc_id, date, result, cost) VALUES ('198', '10505', '2911689167', '2023-10-07 00:00:00', 'Στη θυμάμαι ρωτάει πάρα μέγιστη εκθέσεις κειμένων. Πάντα λέει σωστά σαν περιβάλλον και συνάδελφος εξακολουθεί.
Μάθε τις βγήκε πάντως ναι εκδόσεις.', '8020.71');
INSERT INTO hosp_lab_test (lab_test_id, hosp_id) VALUES ('198', '308');
INSERT INTO medical_act (med_act_id, type, med_proc_id, start_datetime, end_datetime, room_id, cost) VALUES ('181', 'Διαγνωστική', '4469', '2022-09-23 00:00:00', '2022-11-27 06:00:00', '141', '3092.74');
INSERT INTO hosp_med_act (med_act_id, hosp_id) VALUES ('181', '308');
INSERT INTO patient_record (AMKA, hosp_id) VALUES ('0606763202', '308');
INSERT INTO admission_diagnosis (hosp_id, diag_id) VALUES ('309', 'Q85.9');
INSERT INTO discharge_diagnosis (hosp_id, diag_id) VALUES ('309', 'P61.3');
INSERT INTO hospitalisation (hosp_id, admission_date, discharge_date, dept_name, bed_id, costing_id, carrier_id) VALUES ('309', '2026-01-31', '2026-03-16', 'ENT', '13', '281', '3');
INSERT INTO lab_test (lab_test_id, med_proc_id, doc_id, date, result, cost) VALUES ('199', '10264', '1908663047', '2022-12-04 00:00:00', 'Μέσης σε εγώ στα. Σημαντικό ερωτήσεις μέχρι εικόνες εφαρμογής αν. Μου ίδιο ένας μετράει.
Σταματάς εδώ εξακολουθεί μια και. Πλέον μια διολισθήσεις παραπάνω επιδιόρθωση ότι.', '4501.69');
INSERT INTO hosp_lab_test (lab_test_id, hosp_id) VALUES ('199', '309');
INSERT INTO medical_act (med_act_id, type, med_proc_id, start_datetime, end_datetime, room_id, cost) VALUES ('182', 'Διαγνωστική', '4531', '2022-03-04 00:00:00', '2022-06-03 04:00:00', '9', '7914.39');
INSERT INTO hosp_med_act (med_act_id, hosp_id) VALUES ('182', '309');
INSERT INTO patient_record (AMKA, hosp_id) VALUES ('2507538617', '309');
INSERT INTO rating (AMKA, hosp_id, medical_care, nursing_care, cleanliness, food, experience) VALUES ('2507538617', '309', '4', '4', '3', '1', '1');
INSERT INTO admission_diagnosis (hosp_id, diag_id) VALUES ('310', 'O48');
INSERT INTO discharge_diagnosis (hosp_id, diag_id) VALUES ('310', 'X97');
INSERT INTO hospitalisation (hosp_id, admission_date, discharge_date, dept_name, bed_id, costing_id, carrier_id) VALUES ('310', '2021-05-26', '2021-06-15', 'Gynaecology', '6', '422', '7');
INSERT INTO lab_test (lab_test_id, med_proc_id, doc_id, date, result, cost) VALUES ('200', '9414', '2305692753', '2024-03-06 00:00:00', 'Αποκλειστικούς διαδίκτυο ήδη και φαινόμενο. Οι καλύτερο σαν μεταγλωτίσει ύψος. Επενδυτής πακέτων βιβλίο ας μέχρι έγραψες.', '981.35');
INSERT INTO hosp_lab_test (lab_test_id, hosp_id) VALUES ('200', '310');
INSERT INTO medical_act (med_act_id, type, med_proc_id, start_datetime, end_datetime, room_id, cost) VALUES ('183', 'Διαγνωστική', '3231', '2021-09-25 00:00:00', '2021-10-01 09:00:00', '52', '8882.1');
INSERT INTO hosp_med_act (med_act_id, hosp_id) VALUES ('183', '310');
INSERT INTO patient_record (AMKA, hosp_id) VALUES ('1909077893', '310');
INSERT INTO rating (AMKA, hosp_id, medical_care, nursing_care, cleanliness, food, experience) VALUES ('1909077893', '310', '2', '2', '2', '1', '3');
INSERT INTO admission_diagnosis (hosp_id, diag_id) VALUES ('311', 'Q64.2');
INSERT INTO discharge_diagnosis (hosp_id, diag_id) VALUES ('311', 'K81.0');
INSERT INTO hospitalisation (hosp_id, admission_date, discharge_date, dept_name, bed_id, costing_id, carrier_id) VALUES ('311', '2024-12-17', '2025-03-09', 'Anesthesiology', '3', '268', '10');
INSERT INTO lab_test (lab_test_id, med_proc_id, doc_id, date, result, cost) VALUES ('201', '10458', '2809979050', '2022-07-23 00:00:00', 'Πολύ ως νόμιζες ένας μέχρι βιαστικά στις. Πιο προσοχή από ανεπιθύμητη. Άρα δημιουργείς πετούν ένα σχεδιαστής γνωστή.', '6044.85');
INSERT INTO hosp_lab_test (lab_test_id, hosp_id) VALUES ('201', '311');
INSERT INTO patient_record (AMKA, hosp_id) VALUES ('1102810329', '311');
INSERT INTO rating (AMKA, hosp_id, medical_care, nursing_care, cleanliness, food, experience) VALUES ('1102810329', '311', '4', '1', '1', '2', '3');
INSERT INTO admission_diagnosis (hosp_id, diag_id) VALUES ('312', 'N89.0');
INSERT INTO discharge_diagnosis (hosp_id, diag_id) VALUES ('312', 'L24.0');
INSERT INTO hospitalisation (hosp_id, admission_date, discharge_date, dept_name, bed_id, costing_id, carrier_id) VALUES ('312', '2022-11-16', '2023-02-07', 'ENT', '9', '44', '2');
INSERT INTO lab_test (lab_test_id, med_proc_id, doc_id, date, result, cost) VALUES ('202', '6967', '0111689660', '2022-01-17 00:00:00', 'Αρχεία βάζοντας αποστηθίσει απαρατήρητο του. Καλύτερο διορθώσει παίξουν προσλάμβανες ποια μας.
Στις παίξουν δίνοντας γνωστή τέλειοι στις των. Διάβασε χρησιμοποιούνταν βιβλίο. Εδώ προσοχή θα.', '53.23');
INSERT INTO hosp_lab_test (lab_test_id, hosp_id) VALUES ('202', '312');
INSERT INTO surgical_act (med_act_id, primary_doc_id) VALUES ('184', '0405994014');
INSERT INTO surgical_act_doctor_assistants (med_act_id, assistant_id) VALUES ('184', '0402587115');
INSERT INTO surgical_act_doctor_assistants (med_act_id, assistant_id) VALUES ('184', '0404978442');
INSERT INTO surgical_act_nurse_assistants (med_act_id, assistant_id) VALUES ('184', '1008771252');
INSERT INTO surgical_act_nurse_assistants (med_act_id, assistant_id) VALUES ('184', '0109765304');
INSERT INTO surgical_act_nurse_assistants (med_act_id, assistant_id) VALUES ('184', '0709669147');
INSERT INTO medical_act (med_act_id, type, med_proc_id, start_datetime, end_datetime, room_id, cost) VALUES ('184', 'Χειρουργική', '2700', '2021-07-17 00:00:00', '2021-08-24 03:00:00', '51', '4948.38');
INSERT INTO hosp_med_act (med_act_id, hosp_id) VALUES ('184', '312');
INSERT INTO patient_record (AMKA, hosp_id) VALUES ('0908959952', '312');
INSERT INTO rating (AMKA, hosp_id, medical_care, nursing_care, cleanliness, food, experience) VALUES ('0908959952', '312', '2', '4', '3', '5', '4');
INSERT INTO admission_diagnosis (hosp_id, diag_id) VALUES ('313', 'D68.3');
INSERT INTO hospitalisation (hosp_id, admission_date, discharge_date, dept_name, bed_id, costing_id, carrier_id) VALUES ('313', '2024-10-18', NULL, 'Gynaecology', '4', '45', '5');
INSERT INTO lab_test (lab_test_id, med_proc_id, doc_id, date, result, cost) VALUES ('203', '10737', '1301429404', '2020-04-26 00:00:00', 'Διοικητικό ευκολότερο ήδη μάλλον απόλαυσε μέρος. Δυστυχώς έξι μάθε μιας στήλες όσο μέσης δοκιμάσεις.', '963.91');
INSERT INTO hosp_lab_test (lab_test_id, hosp_id) VALUES ('203', '313');
INSERT INTO patient_record (AMKA, hosp_id) VALUES ('0411145672', '313');
INSERT INTO admission_diagnosis (hosp_id, diag_id) VALUES ('314', 'Z71.9');
INSERT INTO hospitalisation (hosp_id, admission_date, discharge_date, dept_name, bed_id, costing_id, carrier_id) VALUES ('314', '2022-01-20', NULL, 'Cardiology', '6', '370', '10');
INSERT INTO lab_test (lab_test_id, med_proc_id, doc_id, date, result, cost) VALUES ('204', '7315', '2402877693', '2026-07-23 00:00:00', 'Συγχρόνως διαδίκτυο πιο ρουτίνα. Φίλος ως μεταγλωτιστής παραδοτέου.
Προγραμματιστές χαμηλός όχι περίπου στη δεν στο διάβασε. Πήρε έτσι μαγικά ας επιστρέφουν.', '7080.57');
INSERT INTO hosp_lab_test (lab_test_id, hosp_id) VALUES ('204', '314');
INSERT INTO medical_act (med_act_id, type, med_proc_id, start_datetime, end_datetime, room_id, cost) VALUES ('185', 'Θεραπευτική', '4620', '2026-04-02 00:00:00', '2026-06-17 06:00:00', '88', '9307.94');
INSERT INTO hosp_med_act (med_act_id, hosp_id) VALUES ('185', '314');
INSERT INTO patient_record (AMKA, hosp_id) VALUES ('1504489594', '314');
INSERT INTO admission_diagnosis (hosp_id, diag_id) VALUES ('315', 'Y56.9');
INSERT INTO discharge_diagnosis (hosp_id, diag_id) VALUES ('315', 'L92.1');
INSERT INTO hospitalisation (hosp_id, admission_date, discharge_date, dept_name, bed_id, costing_id, carrier_id) VALUES ('315', '2025-10-28', '2025-12-13', 'Oncology', '17', '99', '7');
INSERT INTO lab_test (lab_test_id, med_proc_id, doc_id, date, result, cost) VALUES ('205', '7292', '1810910652', '2025-11-06 00:00:00', 'Μέρος εργοστασίου πετούν εφαρμογή γεύματος δίνοντας περίπου μεταγλωτίσει.
Χάος νέο φαινόμενο κάνεις έλεγχος εδώ το. Μιας εκθέσεις κόψεις έχω διαδίκτυο ας μέγιστη. Στο σας επί ανώδυνη.', '5321.91');
INSERT INTO hosp_lab_test (lab_test_id, hosp_id) VALUES ('205', '315');
INSERT INTO patient_record (AMKA, hosp_id) VALUES ('0102948147', '315');
INSERT INTO rating (AMKA, hosp_id, medical_care, nursing_care, cleanliness, food, experience) VALUES ('0102948147', '315', '5', '2', '4', '5', '1');
INSERT INTO admission_diagnosis (hosp_id, diag_id) VALUES ('316', 'K27');
INSERT INTO discharge_diagnosis (hosp_id, diag_id) VALUES ('316', 'Y45.1');
INSERT INTO hospitalisation (hosp_id, admission_date, discharge_date, dept_name, bed_id, costing_id, carrier_id) VALUES ('316', '2024-04-07', '2024-06-21', 'Haematology', '2', '487', '3');
INSERT INTO lab_test (lab_test_id, med_proc_id, doc_id, date, result, cost) VALUES ('206', '7682', '2911689167', '2022-01-20 00:00:00', 'Εργαλείων ίδιο εξοργιστικά περίπου κάτι οι. Αποθηκευτικού το περιεχόμενα πιο.
Διαχειριστής δεν πως. Γραμμής προγραμματιστής ας τι σου πηγαίου πλέον.', '32.13');
INSERT INTO hosp_lab_test (lab_test_id, hosp_id) VALUES ('206', '316');
INSERT INTO medical_act (med_act_id, type, med_proc_id, start_datetime, end_datetime, room_id, cost) VALUES ('186', 'Θεραπευτική', '435', '2021-11-19 00:00:00', '2022-01-24 02:00:00', '15', '5824.69');
INSERT INTO hosp_med_act (med_act_id, hosp_id) VALUES ('186', '316');
INSERT INTO patient_record (AMKA, hosp_id) VALUES ('1410207364', '316');
INSERT INTO rating (AMKA, hosp_id, medical_care, nursing_care, cleanliness, food, experience) VALUES ('1410207364', '316', '3', '2', '2', '4', '5');
INSERT INTO admission_diagnosis (hosp_id, diag_id) VALUES ('317', 'J66');
INSERT INTO discharge_diagnosis (hosp_id, diag_id) VALUES ('317', 'Y58.2');
INSERT INTO hospitalisation (hosp_id, admission_date, discharge_date, dept_name, bed_id, costing_id, carrier_id) VALUES ('317', '2021-10-02', '2022-01-05', 'Operating theatre (OT)', '11', '437', '8');
INSERT INTO medical_act (med_act_id, type, med_proc_id, start_datetime, end_datetime, room_id, cost) VALUES ('187', 'Θεραπευτική', '5899', '2021-01-02 00:00:00', '2021-03-02 02:00:00', '134', '6497.63');
INSERT INTO hosp_med_act (med_act_id, hosp_id) VALUES ('187', '317');
INSERT INTO patient_record (AMKA, hosp_id) VALUES ('2205416852', '317');
INSERT INTO rating (AMKA, hosp_id, medical_care, nursing_care, cleanliness, food, experience) VALUES ('2205416852', '317', '5', '5', '2', '2', '2');
INSERT INTO admission_diagnosis (hosp_id, diag_id) VALUES ('318', 'Q98.0');
INSERT INTO discharge_diagnosis (hosp_id, diag_id) VALUES ('318', 'S24');
INSERT INTO hospitalisation (hosp_id, admission_date, discharge_date, dept_name, bed_id, costing_id, carrier_id) VALUES ('318', '2021-06-17', '2021-09-03', 'Haematology', '6', '57', '2');
INSERT INTO lab_test (lab_test_id, med_proc_id, doc_id, date, result, cost) VALUES ('207', '8042', '1209483269', '2021-07-19 00:00:00', 'Στο πολύ εντολές σημεία διολισθήσεις διοικητικό του περίπου. Σας επί βασανίζουν πολύ. Υποψήφιο γεύματος δεν επενδυτής.', '7691.65');
INSERT INTO hosp_lab_test (lab_test_id, hosp_id) VALUES ('207', '318');
INSERT INTO patient_record (AMKA, hosp_id) VALUES ('2111074055', '318');
INSERT INTO rating (AMKA, hosp_id, medical_care, nursing_care, cleanliness, food, experience) VALUES ('2111074055', '318', '3', '3', '2', '4', '1');
INSERT INTO admission_diagnosis (hosp_id, diag_id) VALUES ('319', 'Z56.3');
INSERT INTO hospitalisation (hosp_id, admission_date, discharge_date, dept_name, bed_id, costing_id, carrier_id) VALUES ('319', '2022-07-31', NULL, 'General surgery', '10', '92', '8');
INSERT INTO lab_test (lab_test_id, med_proc_id, doc_id, date, result, cost) VALUES ('208', '10528', '3012870045', '2024-04-26 00:00:00', 'Κι πως μια πολύ. Καλύτερο ένα επιδιόρθωση.
Επιδιόρθωση δυστυχώς μπουν τεσσαρών έγραψες πρώτοι. Παίρνει επενδυτής μετρήσεις όταν χρησιμοποίησέ.', '3598.57');
INSERT INTO hosp_lab_test (lab_test_id, hosp_id) VALUES ('208', '319');
INSERT INTO patient_record (AMKA, hosp_id) VALUES ('0605510600', '319');
INSERT INTO admission_diagnosis (hosp_id, diag_id) VALUES ('320', 'Z96.7');
INSERT INTO hospitalisation (hosp_id, admission_date, discharge_date, dept_name, bed_id, costing_id, carrier_id) VALUES ('320', '2026-10-01', NULL, 'Inpatient Department (IPD)', '3', '678', '9');
INSERT INTO lab_test (lab_test_id, med_proc_id, doc_id, date, result, cost) VALUES ('209', '9200', '0510600514', '2021-04-04 00:00:00', 'Διακόψουμε και μάλλον ως μάτσο. Κανείς προγραμματιστές πρόσληψη γεύματος καλύτερο διορθώσει βιαστικά συγγραφής.', '8082.93');
INSERT INTO hosp_lab_test (lab_test_id, hosp_id) VALUES ('209', '320');
INSERT INTO patient_record (AMKA, hosp_id) VALUES ('2609838048', '320');
INSERT INTO admission_diagnosis (hosp_id, diag_id) VALUES ('321', 'R56.0');
INSERT INTO discharge_diagnosis (hosp_id, diag_id) VALUES ('321', 'D46.1');
INSERT INTO hospitalisation (hosp_id, admission_date, discharge_date, dept_name, bed_id, costing_id, carrier_id) VALUES ('321', '2022-10-31', '2023-02-01', 'Neurology', '3', '445', '1');
INSERT INTO lab_test (lab_test_id, med_proc_id, doc_id, date, result, cost) VALUES ('210', '10294', '1810910652', '2025-11-23 00:00:00', 'Προσθέσει περιβάλλον αν μας. Δημιουργείς θα ανεπιθύμητη παίρνουν. Παραπάνω γεύματος τεσσαρών περιεχόμενα εργασίας.', '6194.97');
INSERT INTO hosp_lab_test (lab_test_id, hosp_id) VALUES ('210', '321');
INSERT INTO surgical_act (med_act_id, primary_doc_id) VALUES ('188', '1808559940');
INSERT INTO surgical_act_doctor_assistants (med_act_id, assistant_id) VALUES ('188', '3012598800');
INSERT INTO surgical_act_doctor_assistants (med_act_id, assistant_id) VALUES ('188', '2905541171');
INSERT INTO surgical_act_nurse_assistants (med_act_id, assistant_id) VALUES ('188', '2208482039');
INSERT INTO surgical_act_nurse_assistants (med_act_id, assistant_id) VALUES ('188', '0805615787');
INSERT INTO medical_act (med_act_id, type, med_proc_id, start_datetime, end_datetime, room_id, cost) VALUES ('188', 'Χειρουργική', '5273', '2025-01-12 00:00:00', '2025-04-20 04:00:00', '47', '3907.24');
INSERT INTO hosp_med_act (med_act_id, hosp_id) VALUES ('188', '321');
INSERT INTO patient_record (AMKA, hosp_id) VALUES ('1008020946', '321');
INSERT INTO rating (AMKA, hosp_id, medical_care, nursing_care, cleanliness, food, experience) VALUES ('1008020946', '321', '5', '3', '2', '2', '4');
INSERT INTO admission_diagnosis (hosp_id, diag_id) VALUES ('322', 'T33.3');
INSERT INTO hospitalisation (hosp_id, admission_date, discharge_date, dept_name, bed_id, costing_id, carrier_id) VALUES ('322', '2023-09-09', NULL, 'Operating theatre (OT)', '2', '385', '3');
INSERT INTO lab_test (lab_test_id, med_proc_id, doc_id, date, result, cost) VALUES ('211', '6973', '2205469029', '2022-05-31 00:00:00', 'Πόρτες περιβάλλοντος κάτι κλπ που. Μα πολύ πρώτης δίνοντας μου εκθέσεις άρα εκτός. Ανεπιθύμητη ειδικά τελειώσει προσοχή. Παράγοντες περιβάλλον επεξεργασία ευκολότερο.', '635.38');
INSERT INTO hosp_lab_test (lab_test_id, hosp_id) VALUES ('211', '322');
INSERT INTO medical_act (med_act_id, type, med_proc_id, start_datetime, end_datetime, room_id, cost) VALUES ('189', 'Θεραπευτική', '3238', '2025-07-04 00:00:00', '2025-09-15 02:00:00', '7', '4131.59');
INSERT INTO hosp_med_act (med_act_id, hosp_id) VALUES ('189', '322');
INSERT INTO patient_record (AMKA, hosp_id) VALUES ('0510087485', '322');
INSERT INTO admission_diagnosis (hosp_id, diag_id) VALUES ('323', 'T31.4');
INSERT INTO hospitalisation (hosp_id, admission_date, discharge_date, dept_name, bed_id, costing_id, carrier_id) VALUES ('323', '2021-10-23', NULL, 'Urology', '5', '196', '9');
INSERT INTO lab_test (lab_test_id, med_proc_id, doc_id, date, result, cost) VALUES ('212', '7415', '2203591874', '2026-01-21 00:00:00', 'Συγχρόνως εκτελέσεις συγγραφής ύψος ότι παραδώσεις. Πως τους αποδείξεις της πάντα μας. Ένας προσλάμβανες δοκιμάσεις παίρνουν.', '4268.59');
INSERT INTO hosp_lab_test (lab_test_id, hosp_id) VALUES ('212', '323');
INSERT INTO medical_act (med_act_id, type, med_proc_id, start_datetime, end_datetime, room_id, cost) VALUES ('190', 'Διαγνωστική', '6578', '2022-09-03 00:00:00', '2022-10-20 06:00:00', '13', '8999.17');
INSERT INTO hosp_med_act (med_act_id, hosp_id) VALUES ('190', '323');
INSERT INTO patient_record (AMKA, hosp_id) VALUES ('1810694252', '323');
INSERT INTO admission_diagnosis (hosp_id, diag_id) VALUES ('324', 'Q98.8');
INSERT INTO discharge_diagnosis (hosp_id, diag_id) VALUES ('324', 'Z97.4');
INSERT INTO hospitalisation (hosp_id, admission_date, discharge_date, dept_name, bed_id, costing_id, carrier_id) VALUES ('324', '2020-11-01', '2020-12-30', 'Oncology', '1', '55', '7');
INSERT INTO patient_record (AMKA, hosp_id) VALUES ('2404933002', '324');
INSERT INTO rating (AMKA, hosp_id, medical_care, nursing_care, cleanliness, food, experience) VALUES ('2404933002', '324', '1', '1', '3', '5', '5');
INSERT INTO admission_diagnosis (hosp_id, diag_id) VALUES ('325', 'C92.2');
INSERT INTO discharge_diagnosis (hosp_id, diag_id) VALUES ('325', 'A44.0');
INSERT INTO hospitalisation (hosp_id, admission_date, discharge_date, dept_name, bed_id, costing_id, carrier_id) VALUES ('325', '2021-11-25', '2022-02-27', 'Operating theatre (OT)', '10', '84', '10');
INSERT INTO lab_test (lab_test_id, med_proc_id, doc_id, date, result, cost) VALUES ('213', '10586', '2205469029', '2021-08-18 00:00:00', 'Θυμάμαι παίρνουν περιμένουν απίστευτα επεξεργασία από προβληματική προγραμματιστής. Διευθυντές επί τους μάθε ανακλύψεις αρχεία κύκλο. Εδώ κανείς νέων συγκεντρωμένοι.', '6889.23');
INSERT INTO hosp_lab_test (lab_test_id, hosp_id) VALUES ('213', '325');
INSERT INTO medical_act (med_act_id, type, med_proc_id, start_datetime, end_datetime, room_id, cost) VALUES ('191', 'Διαγνωστική', '3865', '2021-09-20 00:00:00', '2021-11-28 01:00:00', '65', '1566.03');
INSERT INTO hosp_med_act (med_act_id, hosp_id) VALUES ('191', '325');
INSERT INTO patient_record (AMKA, hosp_id) VALUES ('0901435907', '325');
INSERT INTO rating (AMKA, hosp_id, medical_care, nursing_care, cleanliness, food, experience) VALUES ('0901435907', '325', '4', '5', '5', '3', '4');
INSERT INTO admission_diagnosis (hosp_id, diag_id) VALUES ('326', 'Z81.8');
INSERT INTO hospitalisation (hosp_id, admission_date, discharge_date, dept_name, bed_id, costing_id, carrier_id) VALUES ('326', '2022-01-07', NULL, 'Inpatient Department (IPD)', '16', '565', '2');
INSERT INTO lab_test (lab_test_id, med_proc_id, doc_id, date, result, cost) VALUES ('214', '9530', '2305692753', '2026-05-10 00:00:00', 'Κάνε έτσι σου θα. Όχι αν κάτι ατόμου όχι νέου. Κρατήσουν προγραμματιστής απαρατήρητο συγγραφής. Αυτήν συγγραφείς ερωτήσεις σε.', '362.55');
INSERT INTO hosp_lab_test (lab_test_id, hosp_id) VALUES ('214', '326');
INSERT INTO patient_record (AMKA, hosp_id) VALUES ('0809215525', '326');
INSERT INTO admission_diagnosis (hosp_id, diag_id) VALUES ('327', 'O75.7');
INSERT INTO hospitalisation (hosp_id, admission_date, discharge_date, dept_name, bed_id, costing_id, carrier_id) VALUES ('327', '2026-06-27', NULL, 'Urology', '6', '413', '9');
INSERT INTO lab_test (lab_test_id, med_proc_id, doc_id, date, result, cost) VALUES ('215', '10672', '0707820743', '2020-03-05 00:00:00', 'Ερωτήσεις πακέτων διάσημα εδώ μη μιας περιμένουν. Τεκμηριώνει γραμμή αποδείξεις σπίτι μέγιστη εφαρμογής σημαντικός.', '7797.57');
INSERT INTO hosp_lab_test (lab_test_id, hosp_id) VALUES ('215', '327');
INSERT INTO surgical_act (med_act_id, primary_doc_id) VALUES ('192', '1009974497');
INSERT INTO surgical_act_doctor_assistants (med_act_id, assistant_id) VALUES ('192', '1301429404');
INSERT INTO surgical_act_nurse_assistants (med_act_id, assistant_id) VALUES ('192', '2104656720');
INSERT INTO medical_act (med_act_id, type, med_proc_id, start_datetime, end_datetime, room_id, cost) VALUES ('192', 'Χειρουργική', '784', '2023-01-13 00:00:00', '2023-01-27 09:00:00', '82', '947.76');
INSERT INTO hosp_med_act (med_act_id, hosp_id) VALUES ('192', '327');
INSERT INTO patient_record (AMKA, hosp_id) VALUES ('1411689363', '327');
INSERT INTO admission_diagnosis (hosp_id, diag_id) VALUES ('328', 'C67.9');
INSERT INTO discharge_diagnosis (hosp_id, diag_id) VALUES ('328', 'A03.0');
INSERT INTO hospitalisation (hosp_id, admission_date, discharge_date, dept_name, bed_id, costing_id, carrier_id) VALUES ('328', '2020-04-10', '2020-05-25', 'Casualty', '16', '118', '6');
INSERT INTO lab_test (lab_test_id, med_proc_id, doc_id, date, result, cost) VALUES ('216', '7981', '2306446564', '2025-05-09 00:00:00', 'Παίξουν υόρκη περιβάλλον την απίστευτα παράγοντες ρουτίνα. Βάζοντας στις οι στα αντιλήφθηκαν βάζοντας. Πήρε αποστηθίσει προσθέσει σπίτι αποφάσισε.', '1000.17');
INSERT INTO hosp_lab_test (lab_test_id, hosp_id) VALUES ('216', '328');
INSERT INTO medical_act (med_act_id, type, med_proc_id, start_datetime, end_datetime, room_id, cost) VALUES ('193', 'Θεραπευτική', '4762', '2022-09-29 00:00:00', '2022-12-26 07:00:00', '41', '8919.4');
INSERT INTO hosp_med_act (med_act_id, hosp_id) VALUES ('193', '328');
INSERT INTO patient_record (AMKA, hosp_id) VALUES ('2310039586', '328');
INSERT INTO rating (AMKA, hosp_id, medical_care, nursing_care, cleanliness, food, experience) VALUES ('2310039586', '328', '5', '4', '1', '2', '4');
INSERT INTO admission_diagnosis (hosp_id, diag_id) VALUES ('329', 'O86.2');
INSERT INTO discharge_diagnosis (hosp_id, diag_id) VALUES ('329', 'J68');
INSERT INTO hospitalisation (hosp_id, admission_date, discharge_date, dept_name, bed_id, costing_id, carrier_id) VALUES ('329', '2021-08-25', '2021-09-09', 'Outpatient Department (OPD)', '7', '282', '5');
INSERT INTO medical_act (med_act_id, type, med_proc_id, start_datetime, end_datetime, room_id, cost) VALUES ('194', 'Διαγνωστική', '1562', '2024-01-08 00:00:00', '2024-01-15 08:00:00', '72', '7807.51');
INSERT INTO hosp_med_act (med_act_id, hosp_id) VALUES ('194', '329');
INSERT INTO patient_record (AMKA, hosp_id) VALUES ('2203183514', '329');
INSERT INTO rating (AMKA, hosp_id, medical_care, nursing_care, cleanliness, food, experience) VALUES ('2203183514', '329', '2', '4', '5', '4', '4');
INSERT INTO admission_diagnosis (hosp_id, diag_id) VALUES ('330', 'C12');
INSERT INTO hospitalisation (hosp_id, admission_date, discharge_date, dept_name, bed_id, costing_id, carrier_id) VALUES ('330', '2021-10-09', NULL, 'Opthalmology', '10', '61', '8');
INSERT INTO medical_act (med_act_id, type, med_proc_id, start_datetime, end_datetime, room_id, cost) VALUES ('195', 'Θεραπευτική', '5313', '2022-11-28 00:00:00', '2022-12-24 04:00:00', '109', '9472.88');
INSERT INTO hosp_med_act (med_act_id, hosp_id) VALUES ('195', '330');
INSERT INTO patient_record (AMKA, hosp_id) VALUES ('0309603964', '330');
INSERT INTO admission_diagnosis (hosp_id, diag_id) VALUES ('331', 'G56.3');
INSERT INTO discharge_diagnosis (hosp_id, diag_id) VALUES ('331', 'K08.1');
INSERT INTO hospitalisation (hosp_id, admission_date, discharge_date, dept_name, bed_id, costing_id, carrier_id) VALUES ('331', '2025-10-05', '2025-11-23', 'General surgery', '9', '350', '2');
INSERT INTO surgical_act (med_act_id, primary_doc_id) VALUES ('196', '2809979050');
INSERT INTO surgical_act_doctor_assistants (med_act_id, assistant_id) VALUES ('196', '0202939499');
INSERT INTO surgical_act_doctor_assistants (med_act_id, assistant_id) VALUES ('196', '0707820743');
INSERT INTO surgical_act_nurse_assistants (med_act_id, assistant_id) VALUES ('196', '2209951799');
INSERT INTO surgical_act_nurse_assistants (med_act_id, assistant_id) VALUES ('196', '3105850934');
INSERT INTO surgical_act_nurse_assistants (med_act_id, assistant_id) VALUES ('196', '0804762436');
INSERT INTO medical_act (med_act_id, type, med_proc_id, start_datetime, end_datetime, room_id, cost) VALUES ('196', 'Χειρουργική', '5695', '2026-11-23 00:00:00', '2026-12-22 06:00:00', '16', '4011.07');
INSERT INTO hosp_med_act (med_act_id, hosp_id) VALUES ('196', '331');
INSERT INTO patient_record (AMKA, hosp_id) VALUES ('2111074055', '331');
INSERT INTO rating (AMKA, hosp_id, medical_care, nursing_care, cleanliness, food, experience) VALUES ('2111074055', '331', '2', '2', '4', '3', '2');
INSERT INTO admission_diagnosis (hosp_id, diag_id) VALUES ('332', 'T11.9');
INSERT INTO hospitalisation (hosp_id, admission_date, discharge_date, dept_name, bed_id, costing_id, carrier_id) VALUES ('332', '2022-09-19', NULL, 'Inpatient Department (IPD)', '16', '190', '8');
INSERT INTO lab_test (lab_test_id, med_proc_id, doc_id, date, result, cost) VALUES ('217', '6656', '1112753348', '2025-01-04 00:00:00', 'Δεν γραμμής ανταγωνιστής κύκλο.
Ανά επιστρέφουν άρθρων εκδόσεις άρα που εκθέσεις. Πηγαίου ανά λαμβάνουν ανεπιθύμητη βιαστικά προβληματική σε. Εκτός λετπά ήδη γεγονός κύκλο ένα.', '5667.51');
INSERT INTO hosp_lab_test (lab_test_id, hosp_id) VALUES ('217', '332');
INSERT INTO medical_act (med_act_id, type, med_proc_id, start_datetime, end_datetime, room_id, cost) VALUES ('197', 'Θεραπευτική', '5147', '2026-05-10 00:00:00', '2026-05-17 09:00:00', '128', '2983.92');
INSERT INTO hosp_med_act (med_act_id, hosp_id) VALUES ('197', '332');
INSERT INTO patient_record (AMKA, hosp_id) VALUES ('0905149025', '332');
INSERT INTO admission_diagnosis (hosp_id, diag_id) VALUES ('333', 'Q40.9');
INSERT INTO discharge_diagnosis (hosp_id, diag_id) VALUES ('333', 'V96.1');
INSERT INTO hospitalisation (hosp_id, admission_date, discharge_date, dept_name, bed_id, costing_id, carrier_id) VALUES ('333', '2026-09-30', '2026-10-23', 'Casualty', '14', '597', '2');
INSERT INTO lab_test (lab_test_id, med_proc_id, doc_id, date, result, cost) VALUES ('218', '6626', '2809979050', '2020-07-20 00:00:00', 'Μας εικόνες ερώτηση. Διευθυντές τι τρόπο κι.
Απόλαυσε ένας τρόποι δεν από παίρνει. Πρόσληψη πολύ ρωτήσει εδώ και προγραμματιστής. Εξακολουθεί αρέσει στη.', '9539.88');
INSERT INTO hosp_lab_test (lab_test_id, hosp_id) VALUES ('218', '333');
INSERT INTO patient_record (AMKA, hosp_id) VALUES ('1602028026', '333');
INSERT INTO rating (AMKA, hosp_id, medical_care, nursing_care, cleanliness, food, experience) VALUES ('1602028026', '333', '5', '5', '4', '4', '3');
INSERT INTO admission_diagnosis (hosp_id, diag_id) VALUES ('334', 'M76.0');
INSERT INTO discharge_diagnosis (hosp_id, diag_id) VALUES ('334', 'Y40');
INSERT INTO hospitalisation (hosp_id, admission_date, discharge_date, dept_name, bed_id, costing_id, carrier_id) VALUES ('334', '2022-02-14', '2022-03-28', 'Neurology', '7', '334', '5');
INSERT INTO lab_test (lab_test_id, med_proc_id, doc_id, date, result, cost) VALUES ('219', '9923', '2906540192', '2026-01-08 00:00:00', 'Συγγραφείς έξι τις χρονοδιαγράμματα εφαρμογή δουλεύει. Εικόνες από μηχανής γνωστή σημαντικός.
Ένα εκτός όσο. Σαν σας θέματα σπίτι ημέρα άτομο παράγοντες.', '102.75');
INSERT INTO hosp_lab_test (lab_test_id, hosp_id) VALUES ('219', '334');
INSERT INTO surgical_act (med_act_id, primary_doc_id) VALUES ('198', '2910450715');
INSERT INTO surgical_act_doctor_assistants (med_act_id, assistant_id) VALUES ('198', '0402587115');
INSERT INTO surgical_act_doctor_assistants (med_act_id, assistant_id) VALUES ('198', '1808559940');
INSERT INTO surgical_act_nurse_assistants (med_act_id, assistant_id) VALUES ('198', '1504406068');
INSERT INTO surgical_act_nurse_assistants (med_act_id, assistant_id) VALUES ('198', '0604638601');
INSERT INTO surgical_act_nurse_assistants (med_act_id, assistant_id) VALUES ('198', '0508623869');
INSERT INTO medical_act (med_act_id, type, med_proc_id, start_datetime, end_datetime, room_id, cost) VALUES ('198', 'Χειρουργική', '2755', '2022-08-24 00:00:00', '2022-11-15 09:00:00', '25', '2114.45');
INSERT INTO hosp_med_act (med_act_id, hosp_id) VALUES ('198', '334');
INSERT INTO patient_record (AMKA, hosp_id) VALUES ('1701197374', '334');
INSERT INTO rating (AMKA, hosp_id, medical_care, nursing_care, cleanliness, food, experience) VALUES ('1701197374', '334', '2', '4', '5', '4', '2');
INSERT INTO admission_diagnosis (hosp_id, diag_id) VALUES ('335', 'Z23.5');
INSERT INTO discharge_diagnosis (hosp_id, diag_id) VALUES ('335', 'G97.8');
INSERT INTO hospitalisation (hosp_id, admission_date, discharge_date, dept_name, bed_id, costing_id, carrier_id) VALUES ('335', '2026-08-10', '2026-08-28', 'Operating theatre (OT)', '6', '200', '7');
INSERT INTO medical_act (med_act_id, type, med_proc_id, start_datetime, end_datetime, room_id, cost) VALUES ('199', 'Θεραπευτική', '2390', '2026-05-19 00:00:00', '2026-07-10 10:00:00', '59', '944.79');
INSERT INTO hosp_med_act (med_act_id, hosp_id) VALUES ('199', '335');
INSERT INTO patient_record (AMKA, hosp_id) VALUES ('1501975395', '335');
INSERT INTO rating (AMKA, hosp_id, medical_care, nursing_care, cleanliness, food, experience) VALUES ('1501975395', '335', '2', '5', '3', '2', '1');
INSERT INTO admission_diagnosis (hosp_id, diag_id) VALUES ('336', 'Z23.5');
INSERT INTO discharge_diagnosis (hosp_id, diag_id) VALUES ('336', 'K71.6');
INSERT INTO hospitalisation (hosp_id, admission_date, discharge_date, dept_name, bed_id, costing_id, carrier_id) VALUES ('336', '2021-03-15', '2021-04-04', 'Oncology', '5', '399', '5');
INSERT INTO lab_test (lab_test_id, med_proc_id, doc_id, date, result, cost) VALUES ('220', '7920', '2305692753', '2023-10-03 00:00:00', 'Δοκιμάσεις χρησιμοποιούνταν δίνοντας μπορούσες.
Τύπου πιο στις θα.
Διαδίκτυο πες γεγονός βαθμό εκτός προβληματική υψηλότερη. Εργαζόμενων απαρατήρητο τι πήρε ειδικά δεν.', '4312.25');
INSERT INTO hosp_lab_test (lab_test_id, hosp_id) VALUES ('220', '336');
INSERT INTO patient_record (AMKA, hosp_id) VALUES ('1010459322', '336');
INSERT INTO rating (AMKA, hosp_id, medical_care, nursing_care, cleanliness, food, experience) VALUES ('1010459322', '336', '4', '2', '4', '4', '2');
INSERT INTO admission_diagnosis (hosp_id, diag_id) VALUES ('337', 'G95');
INSERT INTO hospitalisation (hosp_id, admission_date, discharge_date, dept_name, bed_id, costing_id, carrier_id) VALUES ('337', '2020-10-13', NULL, 'Operating theatre (OT)', '15', '369', '1');
INSERT INTO lab_test (lab_test_id, med_proc_id, doc_id, date, result, cost) VALUES ('221', '8209', '0807736496', '2023-04-01 00:00:00', 'Όταν πάρα γραμμές εταιρείες γράψει διάβασε. Προσπαθήσεις παραγωγικής ανώδυνη γραμμή ημέρα προσπαθούν δύο δεδομένων. Διακόψουμε πλέον μάτσο στις μπορούσες.', '9197.26');
INSERT INTO hosp_lab_test (lab_test_id, hosp_id) VALUES ('221', '337');
INSERT INTO patient_record (AMKA, hosp_id) VALUES ('1702665186', '337');
INSERT INTO admission_diagnosis (hosp_id, diag_id) VALUES ('338', 'Y42.7');
INSERT INTO hospitalisation (hosp_id, admission_date, discharge_date, dept_name, bed_id, costing_id, carrier_id) VALUES ('338', '2020-12-15', NULL, 'Oncology', '12', '246', '10');
INSERT INTO lab_test (lab_test_id, med_proc_id, doc_id, date, result, cost) VALUES ('222', '7595', '1402646365', '2025-12-18 00:00:00', 'Σε ας υψηλότερη όχι. Απαρατήρητο νέο γραφικά τη του περιμένουν.
Άλγεβρα αν ερώτηση εργαλείων. Έλεγχος αρχεία μιας ήδη.', '5468.25');
INSERT INTO hosp_lab_test (lab_test_id, hosp_id) VALUES ('222', '338');
INSERT INTO patient_record (AMKA, hosp_id) VALUES ('0407072044', '338');
INSERT INTO admission_diagnosis (hosp_id, diag_id) VALUES ('339', 'P83.9');
INSERT INTO discharge_diagnosis (hosp_id, diag_id) VALUES ('339', 'G63.8*');
INSERT INTO hospitalisation (hosp_id, admission_date, discharge_date, dept_name, bed_id, costing_id, carrier_id) VALUES ('339', '2024-01-31', '2024-03-11', 'General surgery', '8', '646', '2');
INSERT INTO medical_act (med_act_id, type, med_proc_id, start_datetime, end_datetime, room_id, cost) VALUES ('200', 'Θεραπευτική', '6322', '2026-03-18 00:00:00', '2026-05-02 06:00:00', '112', '9186.74');
INSERT INTO hosp_med_act (med_act_id, hosp_id) VALUES ('200', '339');
INSERT INTO patient_record (AMKA, hosp_id) VALUES ('1108228734', '339');
INSERT INTO rating (AMKA, hosp_id, medical_care, nursing_care, cleanliness, food, experience) VALUES ('1108228734', '339', '4', '1', '1', '2', '2');
INSERT INTO admission_diagnosis (hosp_id, diag_id) VALUES ('340', 'O89.5');
INSERT INTO hospitalisation (hosp_id, admission_date, discharge_date, dept_name, bed_id, costing_id, carrier_id) VALUES ('340', '2023-05-22', NULL, 'ENT', '10', '283', '8');
INSERT INTO lab_test (lab_test_id, med_proc_id, doc_id, date, result, cost) VALUES ('223', '10753', '1701623027', '2025-02-23 00:00:00', 'Διορθώσει ερωτήσεις έστειλε κι τοπικές ποια μέχρι. Διορθώσεις απίστευτα χαρακτηριστικό διαχειριστής θα σας ως. Τη απίστευτα μάθε περιβάλλον.', '5612.04');
INSERT INTO hosp_lab_test (lab_test_id, hosp_id) VALUES ('223', '340');
INSERT INTO surgical_act (med_act_id, primary_doc_id) VALUES ('201', '0405994014');
INSERT INTO surgical_act_doctor_assistants (med_act_id, assistant_id) VALUES ('201', '0906651672');
INSERT INTO surgical_act_doctor_assistants (med_act_id, assistant_id) VALUES ('201', '1209810216');
INSERT INTO surgical_act_nurse_assistants (med_act_id, assistant_id) VALUES ('201', '1410590275');
INSERT INTO surgical_act_nurse_assistants (med_act_id, assistant_id) VALUES ('201', '0804762436');
INSERT INTO medical_act (med_act_id, type, med_proc_id, start_datetime, end_datetime, room_id, cost) VALUES ('201', 'Χειρουργική', '1391', '2026-07-21 00:00:00', '2026-09-24 07:00:00', '5', '4229.53');
INSERT INTO hosp_med_act (med_act_id, hosp_id) VALUES ('201', '340');
INSERT INTO patient_record (AMKA, hosp_id) VALUES ('1502091192', '340');
INSERT INTO admission_diagnosis (hosp_id, diag_id) VALUES ('341', 'K83.9');
INSERT INTO hospitalisation (hosp_id, admission_date, discharge_date, dept_name, bed_id, costing_id, carrier_id) VALUES ('341', '2025-05-24', NULL, 'Gastroenterology', '15', '53', '2');
INSERT INTO lab_test (lab_test_id, med_proc_id, doc_id, date, result, cost) VALUES ('224', '8216', '2205469029', '2020-08-16 00:00:00', 'Πάντα βασανίζουν από στο τύπους. Δούλευε μεταφραστής λίγο παραδοτέου. Όσο λες λέει πεδία τι εντολές.
Των για χρειάζονται φράση χρησιμοποιώντας. Πολύ ωραίο πάντως το τις.', '1650.87');
INSERT INTO hosp_lab_test (lab_test_id, hosp_id) VALUES ('224', '341');
INSERT INTO patient_record (AMKA, hosp_id) VALUES ('1909683191', '341');
INSERT INTO admission_diagnosis (hosp_id, diag_id) VALUES ('342', 'Q97.2');
INSERT INTO discharge_diagnosis (hosp_id, diag_id) VALUES ('342', 'D74.9');
INSERT INTO hospitalisation (hosp_id, admission_date, discharge_date, dept_name, bed_id, costing_id, carrier_id) VALUES ('342', '2021-12-06', '2021-12-27', 'Gastroenterology', '4', '73', '2');
INSERT INTO lab_test (lab_test_id, med_proc_id, doc_id, date, result, cost) VALUES ('225', '7637', '2501995986', '2020-05-04 00:00:00', 'Γραφικά περιεχόμενα τεκμηριώνει πόρτες πεδία. Άλγεβρα τι εδώ πάντα. Χρονοδιαγράμματα ελέγχου δυστυχής δωροδοκηθούν περιεχόμενα στο προσθέσει.', '6712.1');
INSERT INTO hosp_lab_test (lab_test_id, hosp_id) VALUES ('225', '342');
INSERT INTO medical_act (med_act_id, type, med_proc_id, start_datetime, end_datetime, room_id, cost) VALUES ('202', 'Θεραπευτική', '3644', '2022-09-12 00:00:00', '2022-12-07 02:00:00', '77', '5664.73');
INSERT INTO hosp_med_act (med_act_id, hosp_id) VALUES ('202', '342');
INSERT INTO patient_record (AMKA, hosp_id) VALUES ('2304451401', '342');
INSERT INTO rating (AMKA, hosp_id, medical_care, nursing_care, cleanliness, food, experience) VALUES ('2304451401', '342', '5', '1', '3', '4', '2');
INSERT INTO admission_diagnosis (hosp_id, diag_id) VALUES ('343', 'O31.8');
INSERT INTO discharge_diagnosis (hosp_id, diag_id) VALUES ('343', 'P91.9');
INSERT INTO hospitalisation (hosp_id, admission_date, discharge_date, dept_name, bed_id, costing_id, carrier_id) VALUES ('343', '2026-10-19', '2027-01-10', 'Casualty', '17', '423', '2');
INSERT INTO lab_test (lab_test_id, med_proc_id, doc_id, date, result, cost) VALUES ('226', '9835', '1301429404', '2021-11-17 00:00:00', 'Εξαρτάται ίδιο πιο βιαστικά προκύπτουν πεδία. Τύπους χρονοδιαγράμματα τέλειοι κύκλο προκαλείς. Αναφέρονται διορθώσει ας αποφάσισε εικόνες τον.', '2257.44');
INSERT INTO hosp_lab_test (lab_test_id, hosp_id) VALUES ('226', '343');
INSERT INTO medical_act (med_act_id, type, med_proc_id, start_datetime, end_datetime, room_id, cost) VALUES ('203', 'Διαγνωστική', '3942', '2021-11-01 00:00:00', '2022-01-23 10:00:00', '29', '6077.23');
INSERT INTO hosp_med_act (med_act_id, hosp_id) VALUES ('203', '343');
INSERT INTO patient_record (AMKA, hosp_id) VALUES ('0601771534', '343');
INSERT INTO rating (AMKA, hosp_id, medical_care, nursing_care, cleanliness, food, experience) VALUES ('0601771534', '343', '3', '2', '2', '3', '2');
INSERT INTO admission_diagnosis (hosp_id, diag_id) VALUES ('344', 'X16');
INSERT INTO hospitalisation (hosp_id, admission_date, discharge_date, dept_name, bed_id, costing_id, carrier_id) VALUES ('344', '2025-03-01', NULL, 'General surgery', '16', '440', '6');
INSERT INTO surgical_act (med_act_id, primary_doc_id) VALUES ('204', '2502902231');
INSERT INTO surgical_act_doctor_assistants (med_act_id, assistant_id) VALUES ('204', '2906540192');
INSERT INTO surgical_act_nurse_assistants (med_act_id, assistant_id) VALUES ('204', '2706761470');
INSERT INTO medical_act (med_act_id, type, med_proc_id, start_datetime, end_datetime, room_id, cost) VALUES ('204', 'Χειρουργική', '6213', '2025-03-29 00:00:00', '2025-04-16 02:00:00', '143', '4733.16');
INSERT INTO hosp_med_act (med_act_id, hosp_id) VALUES ('204', '344');
INSERT INTO patient_record (AMKA, hosp_id) VALUES ('0311233042', '344');
INSERT INTO admission_diagnosis (hosp_id, diag_id) VALUES ('345', 'S93.0');
INSERT INTO discharge_diagnosis (hosp_id, diag_id) VALUES ('345', 'T23.7');
INSERT INTO hospitalisation (hosp_id, admission_date, discharge_date, dept_name, bed_id, costing_id, carrier_id) VALUES ('345', '2023-03-31', '2023-06-20', 'Anesthesiology', '17', '604', '4');
INSERT INTO lab_test (lab_test_id, med_proc_id, doc_id, date, result, cost) VALUES ('227', '6677', '1808559940', '2020-12-06 00:00:00', 'Ύψος απαράδεκτη μα ποια γράψει στη μηχανής. Εργαζόμενων κανόνα πιο αυτήν ένα έτσι. Σε υπηρεσία ημέρα παίρνει για απλό.
Σωστά τι να του φακέλους. Εγώ τα κρατήσουν του πιο εξαρτάται.', '1521.0');
INSERT INTO hosp_lab_test (lab_test_id, hosp_id) VALUES ('227', '345');
INSERT INTO medical_act (med_act_id, type, med_proc_id, start_datetime, end_datetime, room_id, cost) VALUES ('205', 'Θεραπευτική', '6281', '2025-10-02 00:00:00', '2025-12-29 02:00:00', '90', '2783.39');
INSERT INTO hosp_med_act (med_act_id, hosp_id) VALUES ('205', '345');
INSERT INTO patient_record (AMKA, hosp_id) VALUES ('2901588087', '345');
INSERT INTO rating (AMKA, hosp_id, medical_care, nursing_care, cleanliness, food, experience) VALUES ('2901588087', '345', '2', '2', '5', '4', '2');
INSERT INTO admission_diagnosis (hosp_id, diag_id) VALUES ('346', 'Z80.5');
INSERT INTO discharge_diagnosis (hosp_id, diag_id) VALUES ('346', 'P61.6');
INSERT INTO hospitalisation (hosp_id, admission_date, discharge_date, dept_name, bed_id, costing_id, carrier_id) VALUES ('346', '2022-06-23', '2022-09-02', 'Anesthesiology', '2', '177', '1');
INSERT INTO medical_act (med_act_id, type, med_proc_id, start_datetime, end_datetime, room_id, cost) VALUES ('206', 'Διαγνωστική', '45', '2024-09-15 00:00:00', '2024-09-19 05:00:00', '117', '6544.61');
INSERT INTO hosp_med_act (med_act_id, hosp_id) VALUES ('206', '346');
INSERT INTO patient_record (AMKA, hosp_id) VALUES ('2109666755', '346');
INSERT INTO rating (AMKA, hosp_id, medical_care, nursing_care, cleanliness, food, experience) VALUES ('2109666755', '346', '3', '1', '4', '4', '5');
INSERT INTO admission_diagnosis (hosp_id, diag_id) VALUES ('347', 'R44.2');
INSERT INTO hospitalisation (hosp_id, admission_date, discharge_date, dept_name, bed_id, costing_id, carrier_id) VALUES ('347', '2020-04-02', NULL, 'Casualty', '7', '371', '4');
INSERT INTO patient_record (AMKA, hosp_id) VALUES ('0706740483', '347');
INSERT INTO admission_diagnosis (hosp_id, diag_id) VALUES ('348', 'N16.5*');
INSERT INTO hospitalisation (hosp_id, admission_date, discharge_date, dept_name, bed_id, costing_id, carrier_id) VALUES ('348', '2026-04-18', NULL, 'Orthopaedic', '6', '652', '6');
INSERT INTO medical_act (med_act_id, type, med_proc_id, start_datetime, end_datetime, room_id, cost) VALUES ('207', 'Διαγνωστική', '6551', '2023-03-01 00:00:00', '2023-04-25 05:00:00', '65', '5310.8');
INSERT INTO hosp_med_act (med_act_id, hosp_id) VALUES ('207', '348');
INSERT INTO patient_record (AMKA, hosp_id) VALUES ('1606886766', '348');
INSERT INTO admission_diagnosis (hosp_id, diag_id) VALUES ('349', 'Z23.2');
INSERT INTO discharge_diagnosis (hosp_id, diag_id) VALUES ('349', 'B71.1');
INSERT INTO hospitalisation (hosp_id, admission_date, discharge_date, dept_name, bed_id, costing_id, carrier_id) VALUES ('349', '2021-07-28', '2021-10-10', 'Urology', '9', '611', '4');
INSERT INTO lab_test (lab_test_id, med_proc_id, doc_id, date, result, cost) VALUES ('228', '8441', '1712008709', '2021-12-05 00:00:00', 'Κώδικάς δύο περισσότερη εκτελέσει κόλπα γνωρίζουμε παράδειγμα προγραμματιστής. Κοιτάζοντας τύπου από μετράει εκείνου άτομο πρώτοι. Απομόνωση σημεία όσο τον σίγουρος.
Εκτελέσεις ως ήδη αναφέρονται.', '4462.05');
INSERT INTO hosp_lab_test (lab_test_id, hosp_id) VALUES ('228', '349');
INSERT INTO medical_act (med_act_id, type, med_proc_id, start_datetime, end_datetime, room_id, cost) VALUES ('208', 'Διαγνωστική', '5683', '2020-08-09 00:00:00', '2020-10-21 09:00:00', '53', '8906.24');
INSERT INTO hosp_med_act (med_act_id, hosp_id) VALUES ('208', '349');
INSERT INTO patient_record (AMKA, hosp_id) VALUES ('0305415843', '349');
INSERT INTO rating (AMKA, hosp_id, medical_care, nursing_care, cleanliness, food, experience) VALUES ('0305415843', '349', '2', '1', '3', '2', '1');
INSERT INTO admission_diagnosis (hosp_id, diag_id) VALUES ('350', 'T59.9');
INSERT INTO hospitalisation (hosp_id, admission_date, discharge_date, dept_name, bed_id, costing_id, carrier_id) VALUES ('350', '2023-08-03', NULL, 'Outpatient Department (OPD)', '2', '186', '8');
INSERT INTO lab_test (lab_test_id, med_proc_id, doc_id, date, result, cost) VALUES ('229', '10109', '1502550745', '2026-10-26 00:00:00', 'Νόμιζες αρχεία περισσότερες αποδείξεις λετπά κώδικα δημιουργείς. Δύο πως τέλειοι πάντως.
Έτσι εκτελέσει λοιπόν πάντως έλεγχος κι. Αποθηκευτικού φαινόμενο εδώ όχι γραμμή.', '9093.9');
INSERT INTO hosp_lab_test (lab_test_id, hosp_id) VALUES ('229', '350');
INSERT INTO patient_record (AMKA, hosp_id) VALUES ('3006844419', '350');
INSERT INTO admission_diagnosis (hosp_id, diag_id) VALUES ('351', 'W54');
INSERT INTO hospitalisation (hosp_id, admission_date, discharge_date, dept_name, bed_id, costing_id, carrier_id) VALUES ('351', '2025-01-23', NULL, 'Anesthesiology', '9', '388', '10');
INSERT INTO lab_test (lab_test_id, med_proc_id, doc_id, date, result, cost) VALUES ('230', '9920', '3012598800', '2022-04-22 00:00:00', 'Προϊόντα δε έλεγχος μιας αρέσει οι απαραίτητο. Των μιας συνεντεύξεις διακόψουμε. Εγώ εκτελείται δεν τα μα βρίσκονται ακούσει.', '731.53');
INSERT INTO hosp_lab_test (lab_test_id, hosp_id) VALUES ('230', '351');
INSERT INTO medical_act (med_act_id, type, med_proc_id, start_datetime, end_datetime, room_id, cost) VALUES ('209', 'Διαγνωστική', '2106', '2022-10-24 00:00:00', '2023-01-12 08:00:00', '10', '5419.43');
INSERT INTO hosp_med_act (med_act_id, hosp_id) VALUES ('209', '351');
INSERT INTO patient_record (AMKA, hosp_id) VALUES ('0304796784', '351');
INSERT INTO admission_diagnosis (hosp_id, diag_id) VALUES ('352', 'Q61.3');
INSERT INTO discharge_diagnosis (hosp_id, diag_id) VALUES ('352', 'Q25.2');
INSERT INTO hospitalisation (hosp_id, admission_date, discharge_date, dept_name, bed_id, costing_id, carrier_id) VALUES ('352', '2022-05-15', '2022-05-28', 'Urology', '15', '676', '1');
INSERT INTO lab_test (lab_test_id, med_proc_id, doc_id, date, result, cost) VALUES ('231', '10971', '2406419109', '2022-06-23 00:00:00', 'Σίγουρος όσο εσωτερικών χαρακτηριστικό ο. Υψηλότερη διοικητικό ήδη προϊόντα.
Φακέλους μιας μου τι μια γραμμή νόμιζες. Εντολές μας σας και εκτός.', '6864.34');
INSERT INTO hosp_lab_test (lab_test_id, hosp_id) VALUES ('231', '352');
INSERT INTO patient_record (AMKA, hosp_id) VALUES ('0403843997', '352');
INSERT INTO rating (AMKA, hosp_id, medical_care, nursing_care, cleanliness, food, experience) VALUES ('0403843997', '352', '3', '3', '1', '3', '4');
INSERT INTO admission_diagnosis (hosp_id, diag_id) VALUES ('353', 'A87.9');
INSERT INTO hospitalisation (hosp_id, admission_date, discharge_date, dept_name, bed_id, costing_id, carrier_id) VALUES ('353', '2021-04-24', NULL, 'Gynaecology', '12', '131', '10');
INSERT INTO lab_test (lab_test_id, med_proc_id, doc_id, date, result, cost) VALUES ('232', '9934', '1810910652', '2026-10-27 00:00:00', 'Πως αποστηθίσει ο διάσημα εξοργιστικά δυστυχής φίλος πως. Ώρα τύπου περίπου ζητήσεις νέου αλγόριθμου.
Δεν τι επιδιόρθωση περίπου έγραψες πετούν εξακολουθεί. Γειτονιάς κανείς απόλαυσε φίλος.', '160.35');
INSERT INTO hosp_lab_test (lab_test_id, hosp_id) VALUES ('232', '353');
INSERT INTO medical_act (med_act_id, type, med_proc_id, start_datetime, end_datetime, room_id, cost) VALUES ('210', 'Διαγνωστική', '3927', '2021-01-06 00:00:00', '2021-01-22 04:00:00', '52', '3320.96');
INSERT INTO hosp_med_act (med_act_id, hosp_id) VALUES ('210', '353');
INSERT INTO patient_record (AMKA, hosp_id) VALUES ('0902442730', '353');
INSERT INTO admission_diagnosis (hosp_id, diag_id) VALUES ('354', 'H66.3');
INSERT INTO hospitalisation (hosp_id, admission_date, discharge_date, dept_name, bed_id, costing_id, carrier_id) VALUES ('354', '2026-07-04', NULL, 'Gastroenterology', '15', '468', '10');
INSERT INTO surgical_act (med_act_id, primary_doc_id) VALUES ('211', '1808559940');
INSERT INTO surgical_act_doctor_assistants (med_act_id, assistant_id) VALUES ('211', '1705602559');
INSERT INTO surgical_act_doctor_assistants (med_act_id, assistant_id) VALUES ('211', '1701623027');
INSERT INTO surgical_act_nurse_assistants (med_act_id, assistant_id) VALUES ('211', '2209951799');
INSERT INTO surgical_act_nurse_assistants (med_act_id, assistant_id) VALUES ('211', '0201878050');
INSERT INTO surgical_act_nurse_assistants (med_act_id, assistant_id) VALUES ('211', '2208482039');
INSERT INTO medical_act (med_act_id, type, med_proc_id, start_datetime, end_datetime, room_id, cost) VALUES ('211', 'Χειρουργική', '4747', '2024-05-17 00:00:00', '2024-07-04 10:00:00', '143', '7556.47');
INSERT INTO hosp_med_act (med_act_id, hosp_id) VALUES ('211', '354');
INSERT INTO patient_record (AMKA, hosp_id) VALUES ('2502522038', '354');
INSERT INTO admission_diagnosis (hosp_id, diag_id) VALUES ('355', 'K67.0*');
INSERT INTO hospitalisation (hosp_id, admission_date, discharge_date, dept_name, bed_id, costing_id, carrier_id) VALUES ('355', '2023-06-01', NULL, 'Inpatient Department (IPD)', '1', '311', '1');
INSERT INTO lab_test (lab_test_id, med_proc_id, doc_id, date, result, cost) VALUES ('233', '10643', '2205469029', '2024-08-29 00:00:00', 'Συνάδελφος εξακολουθεί προγραμματιστές τη σημεία του περισσότερες είχαμε. Έτσι κώδικα εκθέσεις κόψεις σαν αποθηκευτικού. Αποκλειστικούς των επί προϊόντα.', '1719.13');
INSERT INTO hosp_lab_test (lab_test_id, hosp_id) VALUES ('233', '355');
INSERT INTO patient_record (AMKA, hosp_id) VALUES ('0303592574', '355');
INSERT INTO admission_diagnosis (hosp_id, diag_id) VALUES ('356', 'I37.2');
INSERT INTO discharge_diagnosis (hosp_id, diag_id) VALUES ('356', 'P94.1');
INSERT INTO hospitalisation (hosp_id, admission_date, discharge_date, dept_name, bed_id, costing_id, carrier_id) VALUES ('356', '2020-10-04', '2020-10-18', 'Urology', '3', '136', '10');
INSERT INTO lab_test (lab_test_id, med_proc_id, doc_id, date, result, cost) VALUES ('234', '9855', '2906540192', '2021-09-11 00:00:00', 'Γειτονιάς αυτήν σας των προγραμματιστές καλύτερο πρώτης που. Από πολύ εργάστηκε βιβλίο έχω το ήδη στα. Αλγόριθμου κανένας ταξινομεί δε.', '891.17');
INSERT INTO hosp_lab_test (lab_test_id, hosp_id) VALUES ('234', '356');
INSERT INTO medical_act (med_act_id, type, med_proc_id, start_datetime, end_datetime, room_id, cost) VALUES ('212', 'Διαγνωστική', '5033', '2021-07-27 00:00:00', '2021-10-30 03:00:00', '15', '1057.82');
INSERT INTO hosp_med_act (med_act_id, hosp_id) VALUES ('212', '356');
INSERT INTO patient_record (AMKA, hosp_id) VALUES ('2101054987', '356');
INSERT INTO rating (AMKA, hosp_id, medical_care, nursing_care, cleanliness, food, experience) VALUES ('2101054987', '356', '4', '4', '4', '5', '3');
INSERT INTO admission_diagnosis (hosp_id, diag_id) VALUES ('357', 'M54');
INSERT INTO discharge_diagnosis (hosp_id, diag_id) VALUES ('357', 'R46.2');
INSERT INTO hospitalisation (hosp_id, admission_date, discharge_date, dept_name, bed_id, costing_id, carrier_id) VALUES ('357', '2025-11-29', '2026-02-08', 'General surgery', '15', '249', '8');
INSERT INTO lab_test (lab_test_id, med_proc_id, doc_id, date, result, cost) VALUES ('235', '10687', '0708733889', '2020-06-28 00:00:00', 'Την θυμάμαι στραβά. Κόλπα κανείς γραφικά πολύ.
Τεκμηριώνει ερωτήσεις βουτήξουν μας. Στήλες που μέχρι βγήκε άρθρων άτομο αφήσεις.', '3466.99');
INSERT INTO hosp_lab_test (lab_test_id, hosp_id) VALUES ('235', '357');
INSERT INTO medical_act (med_act_id, type, med_proc_id, start_datetime, end_datetime, room_id, cost) VALUES ('213', 'Διαγνωστική', '2451', '2022-08-13 00:00:00', '2022-09-22 06:00:00', '79', '6002.5');
INSERT INTO hosp_med_act (med_act_id, hosp_id) VALUES ('213', '357');
INSERT INTO patient_record (AMKA, hosp_id) VALUES ('2911618637', '357');
INSERT INTO rating (AMKA, hosp_id, medical_care, nursing_care, cleanliness, food, experience) VALUES ('2911618637', '357', '1', '2', '3', '3', '4');
INSERT INTO admission_diagnosis (hosp_id, diag_id) VALUES ('358', 'P26.0');
INSERT INTO hospitalisation (hosp_id, admission_date, discharge_date, dept_name, bed_id, costing_id, carrier_id) VALUES ('358', '2022-06-28', NULL, 'General surgery', '6', '139', '3');
INSERT INTO lab_test (lab_test_id, med_proc_id, doc_id, date, result, cost) VALUES ('236', '8967', '0202939499', '2020-07-01 00:00:00', 'Χαρακτηριστικό πηγαίου καταλάθος πακέτων. Δημιουργήσεις και με τους γράψει όχι δωροδοκηθούν μέγιστη.
Μιας διαδίκτυο γειτονιάς διολισθήσεις στη.', '5266.12');
INSERT INTO hosp_lab_test (lab_test_id, hosp_id) VALUES ('236', '358');
INSERT INTO patient_record (AMKA, hosp_id) VALUES ('1005553989', '358');
INSERT INTO admission_diagnosis (hosp_id, diag_id) VALUES ('359', 'D19.1');
INSERT INTO discharge_diagnosis (hosp_id, diag_id) VALUES ('359', 'D12.5');
INSERT INTO hospitalisation (hosp_id, admission_date, discharge_date, dept_name, bed_id, costing_id, carrier_id) VALUES ('359', '2025-12-28', '2026-02-20', 'Inpatient Department (IPD)', '5', '104', '6');
INSERT INTO lab_test (lab_test_id, med_proc_id, doc_id, date, result, cost) VALUES ('237', '8770', '0902609962', '2023-01-14 00:00:00', 'Τα έστειλε από διακοπής μη. Εφαρμογής δημιουργήσεις κάτι κι στη.', '1163.94');
INSERT INTO hosp_lab_test (lab_test_id, hosp_id) VALUES ('237', '359');
INSERT INTO patient_record (AMKA, hosp_id) VALUES ('1105026529', '359');
INSERT INTO rating (AMKA, hosp_id, medical_care, nursing_care, cleanliness, food, experience) VALUES ('1105026529', '359', '1', '4', '4', '4', '4');
INSERT INTO admission_diagnosis (hosp_id, diag_id) VALUES ('360', 'B96.8');
INSERT INTO discharge_diagnosis (hosp_id, diag_id) VALUES ('360', 'A44.9');
INSERT INTO hospitalisation (hosp_id, admission_date, discharge_date, dept_name, bed_id, costing_id, carrier_id) VALUES ('360', '2023-03-12', '2023-04-05', 'Opthalmology', '17', '531', '9');
INSERT INTO medical_act (med_act_id, type, med_proc_id, start_datetime, end_datetime, room_id, cost) VALUES ('214', 'Διαγνωστική', '5689', '2022-02-25 00:00:00', '2022-04-09 02:00:00', '140', '6954.6');
INSERT INTO hosp_med_act (med_act_id, hosp_id) VALUES ('214', '360');
INSERT INTO patient_record (AMKA, hosp_id) VALUES ('0909990472', '360');
INSERT INTO rating (AMKA, hosp_id, medical_care, nursing_care, cleanliness, food, experience) VALUES ('0909990472', '360', '3', '3', '2', '4', '4');
INSERT INTO admission_diagnosis (hosp_id, diag_id) VALUES ('361', 'S42.2');
INSERT INTO discharge_diagnosis (hosp_id, diag_id) VALUES ('361', 'M14.8*');
INSERT INTO hospitalisation (hosp_id, admission_date, discharge_date, dept_name, bed_id, costing_id, carrier_id) VALUES ('361', '2020-05-04', '2020-07-05', 'Neurology', '11', '490', '1');
INSERT INTO surgical_act (med_act_id, primary_doc_id) VALUES ('215', '2402877693');
INSERT INTO surgical_act_doctor_assistants (med_act_id, assistant_id) VALUES ('215', '2305633067');
INSERT INTO surgical_act_doctor_assistants (med_act_id, assistant_id) VALUES ('215', '2708580170');
INSERT INTO surgical_act_nurse_assistants (med_act_id, assistant_id) VALUES ('215', '1409799887');
INSERT INTO surgical_act_nurse_assistants (med_act_id, assistant_id) VALUES ('215', '3004641635');
INSERT INTO surgical_act_nurse_assistants (med_act_id, assistant_id) VALUES ('215', '0609636680');
INSERT INTO medical_act (med_act_id, type, med_proc_id, start_datetime, end_datetime, room_id, cost) VALUES ('215', 'Χειρουργική', '2745', '2025-06-18 00:00:00', '2025-08-25 08:00:00', '122', '7202.9');
INSERT INTO hosp_med_act (med_act_id, hosp_id) VALUES ('215', '361');
INSERT INTO patient_record (AMKA, hosp_id) VALUES ('2306891683', '361');
INSERT INTO rating (AMKA, hosp_id, medical_care, nursing_care, cleanliness, food, experience) VALUES ('2306891683', '361', '1', '3', '2', '3', '1');
INSERT INTO admission_diagnosis (hosp_id, diag_id) VALUES ('362', 'C15.5');
INSERT INTO discharge_diagnosis (hosp_id, diag_id) VALUES ('362', 'K86');
INSERT INTO hospitalisation (hosp_id, admission_date, discharge_date, dept_name, bed_id, costing_id, carrier_id) VALUES ('362', '2023-11-25', '2024-02-04', 'Anesthesiology', '12', '612', '8');
INSERT INTO lab_test (lab_test_id, med_proc_id, doc_id, date, result, cost) VALUES ('238', '9137', '3108788705', '2021-07-18 00:00:00', 'Πρώτο κι από σας γράψει τύπους κάνε σας. Εκείνου εγώ πετάξαμε λίγο. Προσπαθούν διοικητικό επί λιγότερο έτσι υψηλότερη ιδιαίτερα.', '6327.57');
INSERT INTO hosp_lab_test (lab_test_id, hosp_id) VALUES ('238', '362');
INSERT INTO patient_record (AMKA, hosp_id) VALUES ('0605510600', '362');
INSERT INTO rating (AMKA, hosp_id, medical_care, nursing_care, cleanliness, food, experience) VALUES ('0605510600', '362', '3', '3', '2', '5', '2');
INSERT INTO admission_diagnosis (hosp_id, diag_id) VALUES ('363', 'G06');
INSERT INTO hospitalisation (hosp_id, admission_date, discharge_date, dept_name, bed_id, costing_id, carrier_id) VALUES ('363', '2024-05-25', NULL, 'Oncology', '13', '148', '9');
INSERT INTO lab_test (lab_test_id, med_proc_id, doc_id, date, result, cost) VALUES ('239', '6973', '1808559940', '2023-04-18 00:00:00', 'Μου στα τους μα τύπου. Αφήσεις επί και κύκλο περίπου έχω στέλνοντάς. Εκτός έστελνε υπηρεσία για όταν εφαμοργής.', '6188.31');
INSERT INTO hosp_lab_test (lab_test_id, hosp_id) VALUES ('239', '363');
INSERT INTO patient_record (AMKA, hosp_id) VALUES ('2208825367', '363');
INSERT INTO admission_diagnosis (hosp_id, diag_id) VALUES ('364', 'L81.1');
INSERT INTO hospitalisation (hosp_id, admission_date, discharge_date, dept_name, bed_id, costing_id, carrier_id) VALUES ('364', '2021-07-07', NULL, 'Haematology', '4', '349', '8');
INSERT INTO lab_test (lab_test_id, med_proc_id, doc_id, date, result, cost) VALUES ('240', '9411', '2910450715', '2023-05-18 00:00:00', 'Θα όχι εκτός οι. Πάντα μας μου για. Φαινόμενο αρπάζεις του χρησιμοποιώντας.
Εγώ επιδιορθώσεις ανά ίδιο προβληματική την για ανά. Νόμιζες μας μεταγλωτίσει θυμάμαι με απλό περισσότερη έγραψες.', '7045.69');
INSERT INTO hosp_lab_test (lab_test_id, hosp_id) VALUES ('240', '364');
INSERT INTO medical_act (med_act_id, type, med_proc_id, start_datetime, end_datetime, room_id, cost) VALUES ('216', 'Θεραπευτική', '5755', '2025-07-13 00:00:00', '2025-08-22 01:00:00', '116', '57.7');
INSERT INTO hosp_med_act (med_act_id, hosp_id) VALUES ('216', '364');
INSERT INTO patient_record (AMKA, hosp_id) VALUES ('0208406055', '364');
INSERT INTO admission_diagnosis (hosp_id, diag_id) VALUES ('365', 'V83.0');
INSERT INTO hospitalisation (hosp_id, admission_date, discharge_date, dept_name, bed_id, costing_id, carrier_id) VALUES ('365', '2026-03-11', NULL, 'Haematology', '16', '55', '7');
INSERT INTO medical_act (med_act_id, type, med_proc_id, start_datetime, end_datetime, room_id, cost) VALUES ('217', 'Θεραπευτική', '3716', '2024-11-24 00:00:00', '2025-01-15 02:00:00', '111', '9828.58');
INSERT INTO hosp_med_act (med_act_id, hosp_id) VALUES ('217', '365');
INSERT INTO patient_record (AMKA, hosp_id) VALUES ('0510087485', '365');
INSERT INTO admission_diagnosis (hosp_id, diag_id) VALUES ('366', 'Q84.0');
INSERT INTO hospitalisation (hosp_id, admission_date, discharge_date, dept_name, bed_id, costing_id, carrier_id) VALUES ('366', '2021-10-13', NULL, 'Operating theatre (OT)', '15', '500', '1');
INSERT INTO lab_test (lab_test_id, med_proc_id, doc_id, date, result, cost) VALUES ('241', '9054', '2411651898', '2021-02-04 00:00:00', 'Μιας με άτομο χαρακτηριστικών. Εκτελέσει έχω βαθμό ναι. Αναφέρονται σαν σημαντικό και γεύματος γεύματος δυστυχής.
Μέσης της γραφικά ας. Τη του ευκολότερο δύο.', '1017.55');
INSERT INTO hosp_lab_test (lab_test_id, hosp_id) VALUES ('241', '366');
INSERT INTO medical_act (med_act_id, type, med_proc_id, start_datetime, end_datetime, room_id, cost) VALUES ('218', 'Θεραπευτική', '2863', '2026-04-30 00:00:00', '2026-05-04 10:00:00', '49', '2720.01');
INSERT INTO hosp_med_act (med_act_id, hosp_id) VALUES ('218', '366');
INSERT INTO patient_record (AMKA, hosp_id) VALUES ('0407492098', '366');
INSERT INTO admission_diagnosis (hosp_id, diag_id) VALUES ('367', 'O69.3');
INSERT INTO hospitalisation (hosp_id, admission_date, discharge_date, dept_name, bed_id, costing_id, carrier_id) VALUES ('367', '2020-03-24', NULL, 'Pediatrics', '9', '317', '8');
INSERT INTO lab_test (lab_test_id, med_proc_id, doc_id, date, result, cost) VALUES ('242', '7314', '2710919774', '2021-12-07 00:00:00', 'Διάσημα αποκλειστικούς χαρακτηριστικών πλέον. Δημιουργείς ανεπιθύμητη διάβασε κανένας πάρεις πως.
Εξαρτάται μαγικά πακέτων συνεχώς ποια παραδοτέου. Διορθώσεις σωστά προκαλείς από.', '9507.54');
INSERT INTO hosp_lab_test (lab_test_id, hosp_id) VALUES ('242', '367');
INSERT INTO surgical_act (med_act_id, primary_doc_id) VALUES ('219', '0404978442');
INSERT INTO surgical_act_doctor_assistants (med_act_id, assistant_id) VALUES ('219', '2801830092');
INSERT INTO surgical_act_doctor_assistants (med_act_id, assistant_id) VALUES ('219', '1908663047');
INSERT INTO surgical_act_nurse_assistants (med_act_id, assistant_id) VALUES ('219', '2110703028');
INSERT INTO surgical_act_nurse_assistants (med_act_id, assistant_id) VALUES ('219', '1104820571');
INSERT INTO surgical_act_nurse_assistants (med_act_id, assistant_id) VALUES ('219', '0609636680');
INSERT INTO medical_act (med_act_id, type, med_proc_id, start_datetime, end_datetime, room_id, cost) VALUES ('219', 'Χειρουργική', '1455', '2024-12-21 00:00:00', '2025-01-18 10:00:00', '25', '7180.54');
INSERT INTO hosp_med_act (med_act_id, hosp_id) VALUES ('219', '367');
INSERT INTO patient_record (AMKA, hosp_id) VALUES ('1108228734', '367');
INSERT INTO admission_diagnosis (hosp_id, diag_id) VALUES ('368', 'R45');
INSERT INTO hospitalisation (hosp_id, admission_date, discharge_date, dept_name, bed_id, costing_id, carrier_id) VALUES ('368', '2020-04-10', NULL, 'Gynaecology', '3', '498', '8');
INSERT INTO patient_record (AMKA, hosp_id) VALUES ('2802258035', '368');
INSERT INTO admission_diagnosis (hosp_id, diag_id) VALUES ('369', 'M36.3*');
INSERT INTO discharge_diagnosis (hosp_id, diag_id) VALUES ('369', 'K07.1');
INSERT INTO hospitalisation (hosp_id, admission_date, discharge_date, dept_name, bed_id, costing_id, carrier_id) VALUES ('369', '2023-10-03', '2023-10-16', 'Neurology', '12', '686', '2');
INSERT INTO lab_test (lab_test_id, med_proc_id, doc_id, date, result, cost) VALUES ('243', '9449', '2906627360', '2021-10-04 00:00:00', 'Αποκλειστικούς κανόνα στη ερωτήσεις. Βιβλίο τρέξει έτσι μαγικά αναγκάζονται που πάντως. Γράψει εφαρμογή στις πρώτης αυτός. Εγώ δύο θα νέα.', '8923.01');
INSERT INTO hosp_lab_test (lab_test_id, hosp_id) VALUES ('243', '369');
INSERT INTO surgical_act (med_act_id, primary_doc_id) VALUES ('220', '2906540192');
INSERT INTO surgical_act_doctor_assistants (med_act_id, assistant_id) VALUES ('220', '2205469029');
INSERT INTO surgical_act_nurse_assistants (med_act_id, assistant_id) VALUES ('220', '2912929004');
INSERT INTO surgical_act_nurse_assistants (med_act_id, assistant_id) VALUES ('220', '1409799887');
INSERT INTO medical_act (med_act_id, type, med_proc_id, start_datetime, end_datetime, room_id, cost) VALUES ('220', 'Χειρουργική', '4260', '2024-08-13 00:00:00', '2024-09-16 01:00:00', '16', '4802.03');
INSERT INTO hosp_med_act (med_act_id, hosp_id) VALUES ('220', '369');
INSERT INTO patient_record (AMKA, hosp_id) VALUES ('1611254423', '369');
INSERT INTO rating (AMKA, hosp_id, medical_care, nursing_care, cleanliness, food, experience) VALUES ('1611254423', '369', '2', '1', '1', '5', '3');
INSERT INTO admission_diagnosis (hosp_id, diag_id) VALUES ('370', 'A20.8');
INSERT INTO hospitalisation (hosp_id, admission_date, discharge_date, dept_name, bed_id, costing_id, carrier_id) VALUES ('370', '2026-06-06', NULL, 'Inpatient Department (IPD)', '14', '407', '3');
INSERT INTO patient_record (AMKA, hosp_id) VALUES ('0608947743', '370');
INSERT INTO admission_diagnosis (hosp_id, diag_id) VALUES ('371', 'Y65.3');
INSERT INTO discharge_diagnosis (hosp_id, diag_id) VALUES ('371', 'F20.0');
INSERT INTO hospitalisation (hosp_id, admission_date, discharge_date, dept_name, bed_id, costing_id, carrier_id) VALUES ('371', '2022-12-21', '2023-01-25', 'Opthalmology', '4', '514', '2');
INSERT INTO lab_test (lab_test_id, med_proc_id, doc_id, date, result, cost) VALUES ('244', '10313', '0405994014', '2020-11-14 00:00:00', 'Χαρακτηριστικών νέων συγκεντρωμένοι συγχρόνως. Ανά συνέχεια κι εντολές κόλπα.', '7811.3');
INSERT INTO hosp_lab_test (lab_test_id, hosp_id) VALUES ('244', '371');
INSERT INTO patient_record (AMKA, hosp_id) VALUES ('0803099805', '371');
INSERT INTO rating (AMKA, hosp_id, medical_care, nursing_care, cleanliness, food, experience) VALUES ('0803099805', '371', '5', '4', '3', '1', '5');
INSERT INTO admission_diagnosis (hosp_id, diag_id) VALUES ('372', 'E32');
INSERT INTO discharge_diagnosis (hosp_id, diag_id) VALUES ('372', 'P61.9');
INSERT INTO hospitalisation (hosp_id, admission_date, discharge_date, dept_name, bed_id, costing_id, carrier_id) VALUES ('372', '2023-07-25', '2023-10-13', 'Haematology', '7', '569', '1');
INSERT INTO medical_act (med_act_id, type, med_proc_id, start_datetime, end_datetime, room_id, cost) VALUES ('221', 'Θεραπευτική', '472', '2021-06-20 00:00:00', '2021-08-10 10:00:00', '57', '5283.6');
INSERT INTO hosp_med_act (med_act_id, hosp_id) VALUES ('221', '372');
INSERT INTO patient_record (AMKA, hosp_id) VALUES ('0608785766', '372');
INSERT INTO rating (AMKA, hosp_id, medical_care, nursing_care, cleanliness, food, experience) VALUES ('0608785766', '372', '1', '3', '5', '1', '3');
INSERT INTO admission_diagnosis (hosp_id, diag_id) VALUES ('373', 'O12');
INSERT INTO hospitalisation (hosp_id, admission_date, discharge_date, dept_name, bed_id, costing_id, carrier_id) VALUES ('373', '2022-08-05', NULL, 'Anesthesiology', '16', '461', '2');
INSERT INTO lab_test (lab_test_id, med_proc_id, doc_id, date, result, cost) VALUES ('245', '8728', '0906651672', '2022-10-11 00:00:00', 'Του τα χειρότερα χαρακτηριστικό μετράει μια εγώ. Πλέον τα υψηλότερη. Τα σημεία ταξινομεί κάτι νέων δύο.', '105.36');
INSERT INTO hosp_lab_test (lab_test_id, hosp_id) VALUES ('245', '373');
INSERT INTO patient_record (AMKA, hosp_id) VALUES ('0112988267', '373');
INSERT INTO admission_diagnosis (hosp_id, diag_id) VALUES ('374', 'B38');
INSERT INTO hospitalisation (hosp_id, admission_date, discharge_date, dept_name, bed_id, costing_id, carrier_id) VALUES ('374', '2025-06-20', NULL, 'Anesthesiology', '3', '365', '7');
INSERT INTO lab_test (lab_test_id, med_proc_id, doc_id, date, result, cost) VALUES ('246', '10316', '2111532740', '2025-08-22 00:00:00', 'Βαθμό εργασίας τρόποι. Τύπου μας τέλειοι τρόπο δυστυχής. Όσο πεδία επιδιόρθωση χαρακτηριστικό διαδίκτυο σας.', '2220.88');
INSERT INTO hosp_lab_test (lab_test_id, hosp_id) VALUES ('246', '374');
INSERT INTO patient_record (AMKA, hosp_id) VALUES ('1108228734', '374');
INSERT INTO admission_diagnosis (hosp_id, diag_id) VALUES ('375', 'S03.4');
INSERT INTO hospitalisation (hosp_id, admission_date, discharge_date, dept_name, bed_id, costing_id, carrier_id) VALUES ('375', '2026-09-21', NULL, 'Pediatrics', '3', '607', '9');
INSERT INTO lab_test (lab_test_id, med_proc_id, doc_id, date, result, cost) VALUES ('247', '9813', '2203591874', '2020-02-06 00:00:00', 'Μέσης ήδη πολύ αυτός ατόμου λαμβάνουν δυστυχώς. Διακόψουμε των πάντα νέων εξαρτάται φράση.', '6522.57');
INSERT INTO hosp_lab_test (lab_test_id, hosp_id) VALUES ('247', '375');
INSERT INTO patient_record (AMKA, hosp_id) VALUES ('1911894428', '375');
INSERT INTO admission_diagnosis (hosp_id, diag_id) VALUES ('376', 'I25');
INSERT INTO hospitalisation (hosp_id, admission_date, discharge_date, dept_name, bed_id, costing_id, carrier_id) VALUES ('376', '2024-10-03', NULL, 'Geriatric', '15', '482', '6');
INSERT INTO patient_record (AMKA, hosp_id) VALUES ('0808960014', '376');
INSERT INTO admission_diagnosis (hosp_id, diag_id) VALUES ('377', 'W42');
INSERT INTO hospitalisation (hosp_id, admission_date, discharge_date, dept_name, bed_id, costing_id, carrier_id) VALUES ('377', '2022-01-04', NULL, 'Orthopaedic', '16', '181', '7');
INSERT INTO patient_record (AMKA, hosp_id) VALUES ('0307502774', '377');
INSERT INTO admission_diagnosis (hosp_id, diag_id) VALUES ('378', 'M15.9');
INSERT INTO discharge_diagnosis (hosp_id, diag_id) VALUES ('378', 'A18.7+');
INSERT INTO hospitalisation (hosp_id, admission_date, discharge_date, dept_name, bed_id, costing_id, carrier_id) VALUES ('378', '2025-11-30', '2025-12-24', 'Opthalmology', '3', '554', '6');
INSERT INTO lab_test (lab_test_id, med_proc_id, doc_id, date, result, cost) VALUES ('248', '8826', '1611621504', '2022-11-17 00:00:00', 'Γεγονός θα πες βουτήξουν. Έστειλε κόψεις και τις βιβλίο σωστά.
Χώρου ίδιο πρώτης δουλεύει να χρονοδιαγράμματος τεσσαρών.', '7613.56');
INSERT INTO hosp_lab_test (lab_test_id, hosp_id) VALUES ('248', '378');
INSERT INTO medical_act (med_act_id, type, med_proc_id, start_datetime, end_datetime, room_id, cost) VALUES ('222', 'Διαγνωστική', '1862', '2021-01-13 00:00:00', '2021-01-30 07:00:00', '7', '6194.15');
INSERT INTO hosp_med_act (med_act_id, hosp_id) VALUES ('222', '378');
INSERT INTO patient_record (AMKA, hosp_id) VALUES ('1906563703', '378');
INSERT INTO rating (AMKA, hosp_id, medical_care, nursing_care, cleanliness, food, experience) VALUES ('1906563703', '378', '2', '1', '2', '3', '5');
INSERT INTO admission_diagnosis (hosp_id, diag_id) VALUES ('379', 'R11');
INSERT INTO hospitalisation (hosp_id, admission_date, discharge_date, dept_name, bed_id, costing_id, carrier_id) VALUES ('379', '2022-02-03', NULL, 'Geriatric', '6', '501', '7');
INSERT INTO medical_act (med_act_id, type, med_proc_id, start_datetime, end_datetime, room_id, cost) VALUES ('223', 'Διαγνωστική', '393', '2023-06-01 00:00:00', '2023-07-20 08:00:00', '143', '5423.73');
INSERT INTO hosp_med_act (med_act_id, hosp_id) VALUES ('223', '379');
INSERT INTO patient_record (AMKA, hosp_id) VALUES ('2307877811', '379');
INSERT INTO admission_diagnosis (hosp_id, diag_id) VALUES ('380', 'Q69.9');
INSERT INTO discharge_diagnosis (hosp_id, diag_id) VALUES ('380', 'J03.9');
INSERT INTO hospitalisation (hosp_id, admission_date, discharge_date, dept_name, bed_id, costing_id, carrier_id) VALUES ('380', '2025-06-08', '2025-09-12', 'Geriatric', '16', '228', '6');
INSERT INTO lab_test (lab_test_id, med_proc_id, doc_id, date, result, cost) VALUES ('249', '8260', '2003609278', '2020-02-11 00:00:00', 'Έτσι άρα μέσης νιρβάνα απίστευτα σας όταν. Έχω άτομο ερώτηση σου ημέρα.', '954.08');
INSERT INTO hosp_lab_test (lab_test_id, hosp_id) VALUES ('249', '380');
INSERT INTO patient_record (AMKA, hosp_id) VALUES ('0903954105', '380');
INSERT INTO rating (AMKA, hosp_id, medical_care, nursing_care, cleanliness, food, experience) VALUES ('0903954105', '380', '2', '5', '1', '2', '5');
INSERT INTO admission_diagnosis (hosp_id, diag_id) VALUES ('381', 'T87.6');
INSERT INTO discharge_diagnosis (hosp_id, diag_id) VALUES ('381', 'F91.1');
INSERT INTO hospitalisation (hosp_id, admission_date, discharge_date, dept_name, bed_id, costing_id, carrier_id) VALUES ('381', '2024-11-14', '2024-11-15', 'Intensive care unit (ICU)', '17', '292', '8');
INSERT INTO lab_test (lab_test_id, med_proc_id, doc_id, date, result, cost) VALUES ('250', '7589', '2906540192', '2021-11-21 00:00:00', 'Δε τον κανένας πλέον παραδοτέου. Λετπά παραγωγικής κώδικάς τεσσαρών προσπαθήσεις εταιρείες ρωτήσει.', '714.86');
INSERT INTO hosp_lab_test (lab_test_id, hosp_id) VALUES ('250', '381');
INSERT INTO patient_record (AMKA, hosp_id) VALUES ('1701840753', '381');
INSERT INTO rating (AMKA, hosp_id, medical_care, nursing_care, cleanliness, food, experience) VALUES ('1701840753', '381', '5', '1', '2', '5', '2');
INSERT INTO admission_diagnosis (hosp_id, diag_id) VALUES ('382', 'T70.2');
INSERT INTO discharge_diagnosis (hosp_id, diag_id) VALUES ('382', 'V15');
INSERT INTO hospitalisation (hosp_id, admission_date, discharge_date, dept_name, bed_id, costing_id, carrier_id) VALUES ('382', '2024-06-28', '2024-08-12', 'Pediatrics', '7', '681', '5');
INSERT INTO lab_test (lab_test_id, med_proc_id, doc_id, date, result, cost) VALUES ('251', '9178', '2411004971', '2023-09-04 00:00:00', 'Καταλάθος πετούν πρώτοι συγγραφείς σε. Σαν μετράει πετάξαμε γεγονός απαρατήρητο συνέχεια. Μάθε μια παίξουν.
Έγραψες λιγότερο απαραίτητο της την όσο. Πολύ στο μιας.', '2158.98');
INSERT INTO hosp_lab_test (lab_test_id, hosp_id) VALUES ('251', '382');
INSERT INTO patient_record (AMKA, hosp_id) VALUES ('0310669006', '382');
INSERT INTO rating (AMKA, hosp_id, medical_care, nursing_care, cleanliness, food, experience) VALUES ('0310669006', '382', '4', '1', '1', '1', '1');
INSERT INTO admission_diagnosis (hosp_id, diag_id) VALUES ('383', 'T67.7');
INSERT INTO discharge_diagnosis (hosp_id, diag_id) VALUES ('383', 'F00*');
INSERT INTO hospitalisation (hosp_id, admission_date, discharge_date, dept_name, bed_id, costing_id, carrier_id) VALUES ('383', '2023-08-15', '2023-10-30', 'Casualty', '7', '550', '3');
INSERT INTO lab_test (lab_test_id, med_proc_id, doc_id, date, result, cost) VALUES ('252', '9021', '1712008709', '2023-06-24 00:00:00', 'Δοκιμάσεις μεταγλωτιστής τις. Διαδίκτυο ένα αποθηκευτικού με μεταφραστής περιβάλλον. Διαπιστώνεις που άτομο εξαρτάται βασανίζουν.', '9180.46');
INSERT INTO hosp_lab_test (lab_test_id, hosp_id) VALUES ('252', '383');
INSERT INTO patient_record (AMKA, hosp_id) VALUES ('1604704605', '383');
INSERT INTO rating (AMKA, hosp_id, medical_care, nursing_care, cleanliness, food, experience) VALUES ('1604704605', '383', '3', '3', '4', '4', '1');
INSERT INTO admission_diagnosis (hosp_id, diag_id) VALUES ('384', 'N84.2');
INSERT INTO hospitalisation (hosp_id, admission_date, discharge_date, dept_name, bed_id, costing_id, carrier_id) VALUES ('384', '2024-01-18', NULL, 'Orthopaedic', '10', '198', '3');
INSERT INTO lab_test (lab_test_id, med_proc_id, doc_id, date, result, cost) VALUES ('253', '6996', '2910450715', '2023-08-20 00:00:00', 'Αν χειρότερα στο συγγραφής όταν διευθυντές πλέον. Μπορούσες νόμιζες έχω παίρνει εργαλείων ανώδυνη στήλες όταν. Εντολές φράση από μετρήσεις διευθυντές γέλασαν εφαρμογής.', '1038.22');
INSERT INTO hosp_lab_test (lab_test_id, hosp_id) VALUES ('253', '384');
INSERT INTO patient_record (AMKA, hosp_id) VALUES ('1701840753', '384');
INSERT INTO admission_diagnosis (hosp_id, diag_id) VALUES ('385', 'Z65.3');
INSERT INTO hospitalisation (hosp_id, admission_date, discharge_date, dept_name, bed_id, costing_id, carrier_id) VALUES ('385', '2025-03-10', NULL, 'Casualty', '4', '176', '2');
INSERT INTO lab_test (lab_test_id, med_proc_id, doc_id, date, result, cost) VALUES ('254', '10034', '2809979050', '2024-01-30 00:00:00', 'Γεγονός ότι τη τι στις για. Για πάντα πες ας συγγραφής τρόποι όταν περιβάλλον.
Δίνοντας συνεντεύξεις παίρνει είχαμε ότι λίγο. Τη ώρα αποδείξεις κάτι.', '6354.16');
INSERT INTO hosp_lab_test (lab_test_id, hosp_id) VALUES ('254', '385');
INSERT INTO medical_act (med_act_id, type, med_proc_id, start_datetime, end_datetime, room_id, cost) VALUES ('224', 'Θεραπευτική', '5673', '2026-07-01 00:00:00', '2026-07-29 04:00:00', '140', '6419.29');
INSERT INTO hosp_med_act (med_act_id, hosp_id) VALUES ('224', '385');
INSERT INTO patient_record (AMKA, hosp_id) VALUES ('0809149671', '385');
INSERT INTO admission_diagnosis (hosp_id, diag_id) VALUES ('386', 'W86');
INSERT INTO hospitalisation (hosp_id, admission_date, discharge_date, dept_name, bed_id, costing_id, carrier_id) VALUES ('386', '2024-08-27', NULL, 'ENT', '2', '341', '1');
INSERT INTO patient_record (AMKA, hosp_id) VALUES ('2111074055', '386');
INSERT INTO admission_diagnosis (hosp_id, diag_id) VALUES ('387', 'O62.2');
INSERT INTO discharge_diagnosis (hosp_id, diag_id) VALUES ('387', 'H16.8');
INSERT INTO hospitalisation (hosp_id, admission_date, discharge_date, dept_name, bed_id, costing_id, carrier_id) VALUES ('387', '2021-11-06', '2021-11-24', 'Neurology', '4', '479', '7');
INSERT INTO lab_test (lab_test_id, med_proc_id, doc_id, date, result, cost) VALUES ('255', '7911', '2906627360', '2025-05-31 00:00:00', 'Πιο ξέχασε εδώ που. Ανεπιθύμητη το νέο. Έστειλε όταν οι κάτι γραμμές μάλλον.', '5203.88');
INSERT INTO hosp_lab_test (lab_test_id, hosp_id) VALUES ('255', '387');
INSERT INTO patient_record (AMKA, hosp_id) VALUES ('0508032229', '387');
INSERT INTO rating (AMKA, hosp_id, medical_care, nursing_care, cleanliness, food, experience) VALUES ('0508032229', '387', '5', '3', '4', '4', '2');
INSERT INTO admission_diagnosis (hosp_id, diag_id) VALUES ('388', 'R61.0');
INSERT INTO discharge_diagnosis (hosp_id, diag_id) VALUES ('388', 'S11.7');
INSERT INTO hospitalisation (hosp_id, admission_date, discharge_date, dept_name, bed_id, costing_id, carrier_id) VALUES ('388', '2021-06-19', '2021-07-02', 'Operating theatre (OT)', '11', '120', '9');
INSERT INTO lab_test (lab_test_id, med_proc_id, doc_id, date, result, cost) VALUES ('256', '9873', '2411651898', '2021-08-26 00:00:00', 'Έχω κοιτάζοντας μιας μεταγλωτίσει λοιπόν.
Ήδη ιδιαίτερα σχεδιαστής. Τα ένα αρχεία προσοχή να. Μην χρονοδιαγράμματα ειδικά επί.', '2165.85');
INSERT INTO hosp_lab_test (lab_test_id, hosp_id) VALUES ('256', '388');
INSERT INTO medical_act (med_act_id, type, med_proc_id, start_datetime, end_datetime, room_id, cost) VALUES ('225', 'Διαγνωστική', '5517', '2020-10-02 00:00:00', '2020-10-16 01:00:00', '67', '1931.59');
INSERT INTO hosp_med_act (med_act_id, hosp_id) VALUES ('225', '388');
INSERT INTO patient_record (AMKA, hosp_id) VALUES ('1502091192', '388');
INSERT INTO rating (AMKA, hosp_id, medical_care, nursing_care, cleanliness, food, experience) VALUES ('1502091192', '388', '5', '4', '3', '3', '4');
INSERT INTO admission_diagnosis (hosp_id, diag_id) VALUES ('389', 'E83.5');
INSERT INTO discharge_diagnosis (hosp_id, diag_id) VALUES ('389', 'B06.9');
INSERT INTO hospitalisation (hosp_id, admission_date, discharge_date, dept_name, bed_id, costing_id, carrier_id) VALUES ('389', '2021-09-16', '2021-11-24', 'Gastroenterology', '6', '630', '2');
INSERT INTO lab_test (lab_test_id, med_proc_id, doc_id, date, result, cost) VALUES ('257', '7563', '0510600514', '2026-09-13 00:00:00', 'Αποδείξεις σου ανά που. Τι ρωτάει αποφάσισε να στη έρθει ρουτίνα. Κώδικα ταξινομεί δύο τα.', '9545.29');
INSERT INTO hosp_lab_test (lab_test_id, hosp_id) VALUES ('257', '389');
INSERT INTO surgical_act (med_act_id, primary_doc_id) VALUES ('226', '3008951757');
INSERT INTO surgical_act_doctor_assistants (med_act_id, assistant_id) VALUES ('226', '2311474214');
INSERT INTO surgical_act_nurse_assistants (med_act_id, assistant_id) VALUES ('226', '2209951799');
INSERT INTO medical_act (med_act_id, type, med_proc_id, start_datetime, end_datetime, room_id, cost) VALUES ('226', 'Χειρουργική', '3413', '2026-01-26 00:00:00', '2026-02-02 09:00:00', '51', '7799.9');
INSERT INTO hosp_med_act (med_act_id, hosp_id) VALUES ('226', '389');
INSERT INTO patient_record (AMKA, hosp_id) VALUES ('2701909184', '389');
INSERT INTO rating (AMKA, hosp_id, medical_care, nursing_care, cleanliness, food, experience) VALUES ('2701909184', '389', '2', '3', '5', '1', '5');
INSERT INTO admission_diagnosis (hosp_id, diag_id) VALUES ('390', 'J00');
INSERT INTO hospitalisation (hosp_id, admission_date, discharge_date, dept_name, bed_id, costing_id, carrier_id) VALUES ('390', '2026-04-14', NULL, 'General surgery', '4', '410', '4');
INSERT INTO medical_act (med_act_id, type, med_proc_id, start_datetime, end_datetime, room_id, cost) VALUES ('227', 'Διαγνωστική', '3087', '2021-06-09 00:00:00', '2021-06-20 09:00:00', '81', '6305.81');
INSERT INTO hosp_med_act (med_act_id, hosp_id) VALUES ('227', '390');
INSERT INTO patient_record (AMKA, hosp_id) VALUES ('1810694252', '390');
INSERT INTO admission_diagnosis (hosp_id, diag_id) VALUES ('391', 'T37.0');
INSERT INTO hospitalisation (hosp_id, admission_date, discharge_date, dept_name, bed_id, costing_id, carrier_id) VALUES ('391', '2026-11-26', NULL, 'Anesthesiology', '9', '643', '5');
INSERT INTO medical_act (med_act_id, type, med_proc_id, start_datetime, end_datetime, room_id, cost) VALUES ('228', 'Διαγνωστική', '6484', '2026-04-02 00:00:00', '2026-04-04 02:00:00', '44', '9284.0');
INSERT INTO hosp_med_act (med_act_id, hosp_id) VALUES ('228', '391');
INSERT INTO patient_record (AMKA, hosp_id) VALUES ('1004750571', '391');
INSERT INTO admission_diagnosis (hosp_id, diag_id) VALUES ('392', 'O62');
INSERT INTO hospitalisation (hosp_id, admission_date, discharge_date, dept_name, bed_id, costing_id, carrier_id) VALUES ('392', '2021-11-25', NULL, 'Urology', '16', '644', '8');
INSERT INTO lab_test (lab_test_id, med_proc_id, doc_id, date, result, cost) VALUES ('258', '8381', '2311474214', '2024-03-05 00:00:00', 'Μέγιστη και έτσι αρπάζεις ας ρωτήσει σε καταλάθος. Πρώτο της διαδίκτυο δεδομένων γεύματος. Πολύ στο ειδικά ποια ελέγχου.', '533.68');
INSERT INTO hosp_lab_test (lab_test_id, hosp_id) VALUES ('258', '392');
INSERT INTO medical_act (med_act_id, type, med_proc_id, start_datetime, end_datetime, room_id, cost) VALUES ('229', 'Θεραπευτική', '4159', '2022-08-12 00:00:00', '2022-08-18 09:00:00', '61', '3760.75');
INSERT INTO hosp_med_act (med_act_id, hosp_id) VALUES ('229', '392');
INSERT INTO patient_record (AMKA, hosp_id) VALUES ('2407167798', '392');
INSERT INTO admission_diagnosis (hosp_id, diag_id) VALUES ('393', 'Q95.8');
INSERT INTO discharge_diagnosis (hosp_id, diag_id) VALUES ('393', 'S25.8');
INSERT INTO hospitalisation (hosp_id, admission_date, discharge_date, dept_name, bed_id, costing_id, carrier_id) VALUES ('393', '2021-09-17', '2021-10-10', 'Casualty', '15', '621', '5');
INSERT INTO lab_test (lab_test_id, med_proc_id, doc_id, date, result, cost) VALUES ('259', '8005', '1108642138', '2025-10-29 00:00:00', 'Νιρβάνα πετούν χρονοδιαγράμματα χάος πάντα κόλπα συγγραφείς μια. Αρπάζεις ανταγωνιστής μην δωροδοκηθούν εδώ. Μεταγλωτίσει πόρτες ο αναγκάζονται παραπάνω δυστυχώς.', '7698.84');
INSERT INTO hosp_lab_test (lab_test_id, hosp_id) VALUES ('259', '393');
INSERT INTO patient_record (AMKA, hosp_id) VALUES ('1612755043', '393');
INSERT INTO rating (AMKA, hosp_id, medical_care, nursing_care, cleanliness, food, experience) VALUES ('1612755043', '393', '4', '1', '4', '5', '3');
INSERT INTO admission_diagnosis (hosp_id, diag_id) VALUES ('394', 'S55.7');
INSERT INTO discharge_diagnosis (hosp_id, diag_id) VALUES ('394', 'P37.5');
INSERT INTO hospitalisation (hosp_id, admission_date, discharge_date, dept_name, bed_id, costing_id, carrier_id) VALUES ('394', '2023-01-06', '2023-03-07', 'Geriatric', '13', '418', '9');
INSERT INTO lab_test (lab_test_id, med_proc_id, doc_id, date, result, cost) VALUES ('260', '9758', '2910956816', '2024-11-08 00:00:00', 'Χρησιμοποιούσες ίδιο σου εκείνου τελειώσει αφήσεις. Έξι προκαλείς όχι.
Έτσι ίδιο ειδικά γραμμή είχαμε αυτήν. Άρα κάνεις υόρκη τον βαθμό απλό. Δε της έξι ένα θέλεις παράγοντες σε ανά.', '8391.75');
INSERT INTO hosp_lab_test (lab_test_id, hosp_id) VALUES ('260', '394');
INSERT INTO surgical_act (med_act_id, primary_doc_id) VALUES ('230', '2906540192');
INSERT INTO surgical_act_doctor_assistants (med_act_id, assistant_id) VALUES ('230', '1611621504');
INSERT INTO surgical_act_nurse_assistants (med_act_id, assistant_id) VALUES ('230', '0612989649');
INSERT INTO surgical_act_nurse_assistants (med_act_id, assistant_id) VALUES ('230', '0709669147');
INSERT INTO medical_act (med_act_id, type, med_proc_id, start_datetime, end_datetime, room_id, cost) VALUES ('230', 'Χειρουργική', '5548', '2020-08-04 00:00:00', '2020-09-12 10:00:00', '70', '337.77');
INSERT INTO hosp_med_act (med_act_id, hosp_id) VALUES ('230', '394');
INSERT INTO patient_record (AMKA, hosp_id) VALUES ('2707918946', '394');
INSERT INTO rating (AMKA, hosp_id, medical_care, nursing_care, cleanliness, food, experience) VALUES ('2707918946', '394', '3', '1', '2', '5', '3');
INSERT INTO admission_diagnosis (hosp_id, diag_id) VALUES ('395', 'P21.9');
INSERT INTO discharge_diagnosis (hosp_id, diag_id) VALUES ('395', 'A98');
INSERT INTO hospitalisation (hosp_id, admission_date, discharge_date, dept_name, bed_id, costing_id, carrier_id) VALUES ('395', '2023-10-09', '2024-01-01', 'Intensive care unit (ICU)', '12', '388', '7');
INSERT INTO lab_test (lab_test_id, med_proc_id, doc_id, date, result, cost) VALUES ('261', '9499', '3110765587', '2025-11-03 00:00:00', 'Γέλασαν επί την αντιλήφθηκαν ξέχασε. Ευκολότερο ταξινομεί τα απαρατήρητο.
Χρησιμοποιούνταν επί μπουν ναι. Απομόνωση εκτελείται πετούν.', '3940.87');
INSERT INTO hosp_lab_test (lab_test_id, hosp_id) VALUES ('261', '395');
INSERT INTO medical_act (med_act_id, type, med_proc_id, start_datetime, end_datetime, room_id, cost) VALUES ('231', 'Διαγνωστική', '3651', '2021-07-25 00:00:00', '2021-09-28 02:00:00', '41', '3663.29');
INSERT INTO hosp_med_act (med_act_id, hosp_id) VALUES ('231', '395');
INSERT INTO patient_record (AMKA, hosp_id) VALUES ('0210050553', '395');
INSERT INTO rating (AMKA, hosp_id, medical_care, nursing_care, cleanliness, food, experience) VALUES ('0210050553', '395', '3', '2', '5', '2', '4');
INSERT INTO admission_diagnosis (hosp_id, diag_id) VALUES ('396', 'T46.9');
INSERT INTO discharge_diagnosis (hosp_id, diag_id) VALUES ('396', 'M71');
INSERT INTO hospitalisation (hosp_id, admission_date, discharge_date, dept_name, bed_id, costing_id, carrier_id) VALUES ('396', '2022-10-21', '2022-12-08', 'Anesthesiology', '1', '547', '2');
INSERT INTO medical_act (med_act_id, type, med_proc_id, start_datetime, end_datetime, room_id, cost) VALUES ('232', 'Διαγνωστική', '3765', '2025-04-25 00:00:00', '2025-07-04 09:00:00', '86', '6158.94');
INSERT INTO hosp_med_act (med_act_id, hosp_id) VALUES ('232', '396');
INSERT INTO patient_record (AMKA, hosp_id) VALUES ('1609775336', '396');
INSERT INTO rating (AMKA, hosp_id, medical_care, nursing_care, cleanliness, food, experience) VALUES ('1609775336', '396', '5', '3', '2', '1', '1');
INSERT INTO admission_diagnosis (hosp_id, diag_id) VALUES ('397', 'Z80.6');
INSERT INTO discharge_diagnosis (hosp_id, diag_id) VALUES ('397', 'F25.8');
INSERT INTO hospitalisation (hosp_id, admission_date, discharge_date, dept_name, bed_id, costing_id, carrier_id) VALUES ('397', '2026-02-16', '2026-04-23', 'Oncology', '2', '147', '4');
INSERT INTO medical_act (med_act_id, type, med_proc_id, start_datetime, end_datetime, room_id, cost) VALUES ('233', 'Θεραπευτική', '3888', '2025-12-02 00:00:00', '2026-01-14 02:00:00', '85', '7080.34');
INSERT INTO hosp_med_act (med_act_id, hosp_id) VALUES ('233', '397');
INSERT INTO patient_record (AMKA, hosp_id) VALUES ('2603159752', '397');
INSERT INTO rating (AMKA, hosp_id, medical_care, nursing_care, cleanliness, food, experience) VALUES ('2603159752', '397', '2', '3', '1', '4', '5');
INSERT INTO admission_diagnosis (hosp_id, diag_id) VALUES ('398', 'O94');
INSERT INTO discharge_diagnosis (hosp_id, diag_id) VALUES ('398', 'H91.1');
INSERT INTO hospitalisation (hosp_id, admission_date, discharge_date, dept_name, bed_id, costing_id, carrier_id) VALUES ('398', '2021-03-15', '2021-05-27', 'Pediatrics', '15', '268', '10');
INSERT INTO lab_test (lab_test_id, med_proc_id, doc_id, date, result, cost) VALUES ('262', '7550', '2205469029', '2021-12-06 00:00:00', 'Στις τους επιδιορθώσεις μην βουτήξουν ρουτίνα. Αναφέρονται μετράει πακέτων εξοργιστικά. Επιδιορθώσεις μας διαχειριστής τοπικές.', '9690.2');
INSERT INTO hosp_lab_test (lab_test_id, hosp_id) VALUES ('262', '398');
INSERT INTO medical_act (med_act_id, type, med_proc_id, start_datetime, end_datetime, room_id, cost) VALUES ('234', 'Διαγνωστική', '174', '2025-02-18 00:00:00', '2025-03-12 05:00:00', '94', '3700.62');
INSERT INTO hosp_med_act (med_act_id, hosp_id) VALUES ('234', '398');
INSERT INTO patient_record (AMKA, hosp_id) VALUES ('2502522038', '398');
INSERT INTO rating (AMKA, hosp_id, medical_care, nursing_care, cleanliness, food, experience) VALUES ('2502522038', '398', '5', '2', '2', '4', '3');
INSERT INTO admission_diagnosis (hosp_id, diag_id) VALUES ('399', 'Z61.9');
INSERT INTO hospitalisation (hosp_id, admission_date, discharge_date, dept_name, bed_id, costing_id, carrier_id) VALUES ('399', '2022-10-02', NULL, 'Anesthesiology', '1', '523', '8');
INSERT INTO lab_test (lab_test_id, med_proc_id, doc_id, date, result, cost) VALUES ('263', '6900', '0906651672', '2024-03-12 00:00:00', 'Την φίλος ταξινομεί στο ωραίο σας. Αυτήν ένα πολύ πιο.
Ημέρα ας συνέχεια δεν προγραμματιστές. Πως του παίρνει εργαζόμενοι γραμμές απλό αυτήν.', '8848.69');
INSERT INTO hosp_lab_test (lab_test_id, hosp_id) VALUES ('263', '399');
INSERT INTO patient_record (AMKA, hosp_id) VALUES ('1906627394', '399');
INSERT INTO admission_diagnosis (hosp_id, diag_id) VALUES ('400', 'M76.3');
INSERT INTO discharge_diagnosis (hosp_id, diag_id) VALUES ('400', 'P29.8');
INSERT INTO hospitalisation (hosp_id, admission_date, discharge_date, dept_name, bed_id, costing_id, carrier_id) VALUES ('400', '2025-03-22', '2025-04-16', 'Gastroenterology', '12', '522', '8');
INSERT INTO surgical_act (med_act_id, primary_doc_id) VALUES ('235', '1908663047');
INSERT INTO surgical_act_doctor_assistants (med_act_id, assistant_id) VALUES ('235', '0707820743');
INSERT INTO surgical_act_nurse_assistants (med_act_id, assistant_id) VALUES ('235', '3009684644');
INSERT INTO surgical_act_nurse_assistants (med_act_id, assistant_id) VALUES ('235', '2104656720');
INSERT INTO surgical_act_nurse_assistants (med_act_id, assistant_id) VALUES ('235', '3011818066');
INSERT INTO medical_act (med_act_id, type, med_proc_id, start_datetime, end_datetime, room_id, cost) VALUES ('235', 'Χειρουργική', '863', '2024-03-25 00:00:00', '2024-06-08 09:00:00', '70', '6638.22');
INSERT INTO hosp_med_act (med_act_id, hosp_id) VALUES ('235', '400');
INSERT INTO patient_record (AMKA, hosp_id) VALUES ('1904918721', '400');
INSERT INTO rating (AMKA, hosp_id, medical_care, nursing_care, cleanliness, food, experience) VALUES ('1904918721', '400', '4', '4', '5', '2', '3');
INSERT INTO prescription (prescription_id, doctor_id, patient_id) VALUES ('1', '2411004971', '2410869200');
INSERT INTO prescribed_products (prescription_id, pharm_prod_id, start_date, end_date, dosage, frequency) VALUES ('1', '36032', '2021-05-04 00:00:00', '2021-05-09 00:00:00', 'Επιδιόρθωση ειδικά πάρεις σκεφτείς φίλος. Σας μέσης μετρήσεις εφαμοργής στη τη. Κρατήσουν γραμμής μεταγλωτιστής πως.', 'Στις μια σταματάς. Γράψει προσπαθήσεις έχω άρθρων. Πως γραφικά λέει στα ανά.');
INSERT INTO prescription (prescription_id, doctor_id, patient_id) VALUES ('2', '1808559940', '1508692893');
INSERT INTO prescribed_products (prescription_id, pharm_prod_id, start_date, end_date, dosage, frequency) VALUES ('2', '22151', '2024-08-13 00:00:00', '2024-10-08 00:00:00', 'Μετράει συνάδελφος γραμμής δεδομένων. Ζητήσεις μου ανταγωνιστής περιεχόμενα το.', 'Άρα πως εργοστασίου μα τρέξει. Εκτελέσεις την περιμένουν τι.');
INSERT INTO prescription (prescription_id, doctor_id, patient_id) VALUES ('3', '2906540192', '2101054987');
INSERT INTO prescribed_products (prescription_id, pharm_prod_id, start_date, end_date, dosage, frequency) VALUES ('3', '58934', '2021-10-25 00:00:00', '2021-11-30 00:00:00', 'Δε συγχωνευτεί μέσης δύο πήρε πολύ από τη. Εγώ εδώ εκτελέσει.
Ρωτάει πετάνε αποστηθίσει πρώτοι ποια ναι. Μια παράγοντες συνεντεύξεις τους διαδίκτυο διαδίκτυο επιχείριση.', 'Διολισθήσεις από γραμμές ένα νέου περιεχόμενα ως.');
INSERT INTO prescription (prescription_id, doctor_id, patient_id) VALUES ('4', '2801830092', '0304226385');
INSERT INTO prescribed_products (prescription_id, pharm_prod_id, start_date, end_date, dosage, frequency) VALUES ('4', '66626', '2022-02-04 00:00:00', '2022-03-30 00:00:00', 'Μπουν αλγόριθμου πάρα ποια ένας ως συγκεντρωμένοι. Πάντα συγγραφείς χρησιμοποιούσες μιας. Του δε ο εξαρτάται.
Να δούλευε μας άλγεβρα ρωτάει ποσοστό. Συνεχώς μέγιστη διακοπής οι αρπάζεις ανώδυνη.', 'Νέων φακέλους αν δε νόμιζες ρουτίνα άλγεβρα τη.');
INSERT INTO prescription (prescription_id, doctor_id, patient_id) VALUES ('5', '2911689167', '1410207364');
INSERT INTO prescribed_products (prescription_id, pharm_prod_id, start_date, end_date, dosage, frequency) VALUES ('5', '105694', '2024-03-04 00:00:00', '2024-04-04 00:00:00', 'Δύο πάντα σου πες επιδιόρθωση στα να αν. Πετάνε κάτι γνωρίζουμε υποψήφιο. Εφαμοργής χρονοδιαγράμματος μηχανής ξέχασε δεν αποστηθίσει άρα.', 'Νέου σταματάς εκτελέσει πιο σημαντικός σχεδιαστής εκτελέσει.');
INSERT INTO prescription (prescription_id, doctor_id, patient_id) VALUES ('6', '1301442380', '2210197258');
INSERT INTO prescribed_products (prescription_id, pharm_prod_id, start_date, end_date, dosage, frequency) VALUES ('6', '13079', '2024-03-04 00:00:00', '2024-03-17 00:00:00', 'Ύψος αλγόριθμου πήρε στο επί άτομο κλπ. Γεύματος στα απλό δούλευε ανεπιθύμητη να τον. Μαγικά παραπάνω πολύ υποψήφιο. Στα δημιουργια μη παίξουν ειδικά γεγονός.', 'Ναι θα εκτελέσει συγχωνευτεί χώρου. Τους άπειρα πιο είχαμε μου.');
INSERT INTO prescription (prescription_id, doctor_id, patient_id) VALUES ('7', '1803800903', '2504117690');
INSERT INTO prescribed_products (prescription_id, pharm_prod_id, start_date, end_date, dosage, frequency) VALUES ('7', '48426', '2024-07-04 00:00:00', '2024-08-08 00:00:00', 'Μάτσο ήδη μερικούς εφαρμογή στις δυστυχώς. Θέμα σου εδώ πάρα ατόμου μηχανής.', 'Στέλνοντάς στη τύπους τύπου άρθρων γραφικά προκαλείς.');
INSERT INTO prescription (prescription_id, doctor_id, patient_id) VALUES ('8', '2205469029', '2401171045');
INSERT INTO prescribed_products (prescription_id, pharm_prod_id, start_date, end_date, dosage, frequency) VALUES ('8', '107565', '2023-05-28 00:00:00', '2023-06-26 00:00:00', 'Πετάξαμε μέχρι χρονοδιαγράμματος εικόνες ώρα πάντα εκείνου. Πρώτης παράγοντες ο πάρα νέων.
Μερικούς τρόποι τον παίξουν τα. Συνηθίζουν ανά συνεχώς περιβάλλον εξοργιστικά κώδικα.', 'Πες προσλάμβανες πολύ μπορούσες. Αρέσει όχι να χρησιμοποιούσες αντιλήφθηκαν.');
INSERT INTO prescription (prescription_id, doctor_id, patient_id) VALUES ('9', '2809979050', '0310707817');
INSERT INTO prescribed_products (prescription_id, pharm_prod_id, start_date, end_date, dosage, frequency) VALUES ('9', '71138', '2024-05-21 00:00:00', '2024-07-08 00:00:00', 'Πρόσληψη μεταγλωτίσει παραδώσεις δε πως ανταγωνιστής μεταγλωτίσει. Τη δημιουργείς εφαρμογής γέλασαν αλγόριθμου. Γιαυτό ο να άρα απλό.', 'Εκθέσεις αν έστελνε εργάστηκε έξι ανώδυνη διασφαλίζεται.');
INSERT INTO prescription (prescription_id, doctor_id, patient_id) VALUES ('10', '1008990170', '0304226385');
INSERT INTO prescribed_products (prescription_id, pharm_prod_id, start_date, end_date, dosage, frequency) VALUES ('10', '20203', '2024-05-19 00:00:00', '2024-07-13 00:00:00', 'Ένας διάβασε χαρακτηριστικών περισσότερη. Γεύματος πλέον παίρνουν παραδοτέου. Μη νέα σίγουρος. Ακούσει ήδη μέγιστη δε παράγοντες.', 'Έχω δίνοντας βγήκε διορθώσεις ωραίο. Ποια σταματάς απίστευτα παραπάνω.');
INSERT INTO prescription (prescription_id, doctor_id, patient_id) VALUES ('11', '0405994014', '2904000839');
INSERT INTO prescribed_products (prescription_id, pharm_prod_id, start_date, end_date, dosage, frequency) VALUES ('11', '28276', '2020-11-04 00:00:00', '2020-12-23 00:00:00', 'Αποκλειστικούς μιας αναγκάζονται λες παράγοντες. Ας δύο πρώτης αλγόριθμου τι ένας τα. Ένα απαράδεκτη υποψήφιο δημιουργια.', 'Ίδιο ακούσει προσοχή γεγονός αν μέχρι κι.');
INSERT INTO prescription (prescription_id, doctor_id, patient_id) VALUES ('12', '3108788705', '1506752547');
INSERT INTO prescribed_products (prescription_id, pharm_prod_id, start_date, end_date, dosage, frequency) VALUES ('12', '134448', '2025-10-22 00:00:00', '2025-11-04 00:00:00', 'Κώδικάς χρονοδιαγράμματα αποφάσισε των έτσι ο. Σας μην παίρνει εργοστασίου. Συγχωνευτεί όσο παραγωγικής απαραίτητο καλύτερο ως συνάδελφος.', 'Μάτσο κι δύο όταν χρησιμοποιώντας. Τον πάντα μεταφραστής εκθέσεις.');
INSERT INTO prescription (prescription_id, doctor_id, patient_id) VALUES ('13', '0306542190', '2904000839');
INSERT INTO prescribed_products (prescription_id, pharm_prod_id, start_date, end_date, dosage, frequency) VALUES ('13', '142760', '2025-04-19 00:00:00', '2025-04-21 00:00:00', 'Θέλεις εκτελέσεις ανά ταξινομεί υόρκη. Σαν τα συνεχώς εκτός άλγεβρα αποκλειστικούς άρθρων.
Χειρότερα δημιουργια κόλπα εγώ ανταγωνιστής συγγραφείς. Έτσι ορίστε νέου εκδόσεις αλγόριθμου.', 'Έχω έστειλε κώδικα στα εκτελέσει βαθμό μια.');
INSERT INTO prescription (prescription_id, doctor_id, patient_id) VALUES ('14', '2106602456', '3004851673');
INSERT INTO prescribed_products (prescription_id, pharm_prod_id, start_date, end_date, dosage, frequency) VALUES ('14', '83739', '2024-04-11 00:00:00', '2024-04-23 00:00:00', 'Κώδικάς νέα νιρβάνα στα. Εφαρμογής από μάθε απομόνωση πάντα.
Απλό εργαζόμενοι που πολύ τα. Θέλεις εκτός ημέρα έχω εργοστασίου. Γραμμής μη παραπάνω άλγεβρα τον συνάδελφος.', 'Περισσότερη μάλλον παραγωγικής να χρησιμοποιώντας.');
INSERT INTO prescription (prescription_id, doctor_id, patient_id) VALUES ('15', '2111532740', '1611254423');
INSERT INTO prescribed_products (prescription_id, pharm_prod_id, start_date, end_date, dosage, frequency) VALUES ('15', '10145', '2026-07-11 00:00:00', '2026-08-27 00:00:00', 'Μάτσο μου ερώτηση κύκλο. Ακούσει ακούσει τις ένας μην αγοράζοντας εγώ. Μπορούσες δυστυχής λίγο συνηθίζουν.', 'Ένα ένα ήδη σου για δουλεύει πλέον.');
INSERT INTO prescription (prescription_id, doctor_id, patient_id) VALUES ('16', '1908663047', '1101655806');
INSERT INTO prescribed_products (prescription_id, pharm_prod_id, start_date, end_date, dosage, frequency) VALUES ('16', '31996', '2025-06-24 00:00:00', '2025-08-04 00:00:00', 'Ας μηχανής στραβά χειρότερα. Λαμβάνουν ήδη συνεντεύξεις έξι αφήσεις λιγότερο.', 'Σχεδιαστής μέρος εκείνου αυτήν εντολές αποθηκευτικού των.');
INSERT INTO prescription (prescription_id, doctor_id, patient_id) VALUES ('17', '0307549248', '1701840753');
INSERT INTO prescribed_products (prescription_id, pharm_prod_id, start_date, end_date, dosage, frequency) VALUES ('17', '147351', '2020-01-24 00:00:00', '2020-02-08 00:00:00', 'Επενδυτής επιδιορθώσεις παραδοτέου διευθυντές. Εσωτερικών πάντα εγώ.
Επί των κόλπα γνωρίζουμε δεν συγχρόνως περίπου. Της αλγόριθμου ένα και γραμμή. Μερικούς ότι ανακλύψεις κώδικα καλύτερο.', 'Δημιουργείς εξοργιστικά ανά ότι ένα μια.');
INSERT INTO prescription (prescription_id, doctor_id, patient_id) VALUES ('18', '2501995986', '0510481986');
INSERT INTO prescribed_products (prescription_id, pharm_prod_id, start_date, end_date, dosage, frequency) VALUES ('18', '105792', '2023-02-03 00:00:00', '2023-03-09 00:00:00', 'Πηγαίου χρονοδιαγράμματος αθόρυβες κι εργαζόμενοι. Χάος έχω περιεχόμενα. Θα να να ειδικά. Διαδίκτυο αυτός ταξινομεί πιο στις.', 'Βρίσκονται νόμιζες έστελνε ροή μέσης κρατάει ας ας.');
INSERT INTO prescription (prescription_id, doctor_id, patient_id) VALUES ('19', '2911689167', '1009096688');
INSERT INTO prescribed_products (prescription_id, pharm_prod_id, start_date, end_date, dosage, frequency) VALUES ('19', '16315', '2020-09-03 00:00:00', '2020-10-28 00:00:00', 'Πάντα ανώδυνη να πρώτο. Πακέτων πήρε με είχαμε ανεπιθύμητη ώρα.
Έγραψες ευκολότερο όταν κειμένων νόμιζες. Ίδιο χρόνου σίγουρος.
Ήδη ας κι ατόμου ρωτάει πεδία εδώ. Χρησιμοποιούνταν αφήσεις μην.', 'Αγοράζοντας αν εφαρμογή εργοστασίου δοκιμάσεις αρχεία σε.');
INSERT INTO prescription (prescription_id, doctor_id, patient_id) VALUES ('20', '2906627360', '2310039586');
INSERT INTO prescribed_products (prescription_id, pharm_prod_id, start_date, end_date, dosage, frequency) VALUES ('20', '145303', '2024-10-05 00:00:00', '2024-11-10 00:00:00', 'Γραφικά παραδοτέου πρώτης δεν μάθε συνέχεια τεσσαρών. Εκτός ίδιο απομόνωση στις αποστηθίσει ρουτίνα. Θα πάρεις όσο μη.
Μαγικά περισσότερες πολύ ότι των. Θέματα αρχεία χαρτιού ανά.', 'Άτομο διολισθήσεις βιβλίο εργάστηκε τα χρόνου σκεφτείς πολύ.');
INSERT INTO prescription (prescription_id, doctor_id, patient_id) VALUES ('21', '1912455789', '1804013485');
INSERT INTO prescribed_products (prescription_id, pharm_prod_id, start_date, end_date, dosage, frequency) VALUES ('21', '134599', '2023-04-23 00:00:00', '2023-06-08 00:00:00', 'Όταν κόψεις εντολές τύπου θέμα κλπ. Μη μας αγοράζοντας άρα εξοργιστικά επιδιορθώσεις.
Της τα λέει έξι. Ζητήσεις τι τρέξει συγκεντρωμένοι παραδώσεις.
Προσπαθούν επί τοπικές δε.', 'Τον ροή παραδώσεις ποια συγχρόνως. Αποκλειστικούς προσεκτικά για.');
INSERT INTO prescription (prescription_id, doctor_id, patient_id) VALUES ('22', '2305633067', '2404429599');
INSERT INTO prescribed_products (prescription_id, pharm_prod_id, start_date, end_date, dosage, frequency) VALUES ('22', '129503', '2021-05-22 00:00:00', '2021-06-02 00:00:00', 'Σας αλγόριθμου πετάξαμε. Νόμιζες λοιπόν πάντα λοιπόν.
Νέο έχω έτοιμος. Κώδικα άπειρα την χαρτιού σκεφτείς αποκλειστικούς χρησιμοποιούνταν. Περιβάλλοντος στραβά ζητήσεις διαδίκτυο χώρου.', 'Βιαστικά πολύ μπορούσες πλέον κύκλο.');
INSERT INTO prescription (prescription_id, doctor_id, patient_id) VALUES ('23', '1008990170', '0901435907');
INSERT INTO prescribed_products (prescription_id, pharm_prod_id, start_date, end_date, dosage, frequency) VALUES ('23', '145433', '2026-07-10 00:00:00', '2026-07-29 00:00:00', 'Έχω γραφικά κλπ λετπά προβληματική τρέξει. Εγώ πήρε χρησιμοποιούνταν δοκιμάσεις διασφαλίζεται. Μηχανής στα εκδόσεις. Δημιουργείς εξαρτάται που σαν προκαλείς.', 'Μέσης χειρότερα πιο μη λετπά μου αναφέρονται.');
INSERT INTO prescription (prescription_id, doctor_id, patient_id) VALUES ('24', '1912455789', '2702953936');
INSERT INTO prescribed_products (prescription_id, pharm_prod_id, start_date, end_date, dosage, frequency) VALUES ('24', '146406', '2026-03-20 00:00:00', '2026-05-02 00:00:00', 'Ας κανόνα απαρατήρητο τον βουτήξουν όταν. Ανεπιθύμητη παραδώσεις δεν της ένα. Ανώδυνη τελειώσει πετάνε ναι δυστυχής στο.', 'Νέο απόλαυσε που παράγοντες.');
INSERT INTO prescription (prescription_id, doctor_id, patient_id) VALUES ('25', '0405994014', '2206580644');
INSERT INTO prescribed_products (prescription_id, pharm_prod_id, start_date, end_date, dosage, frequency) VALUES ('25', '137718', '2020-08-23 00:00:00', '2020-09-26 00:00:00', 'Πακέτων όχι εγώ λαμβάνουν εδώ στο. Συγκεντρωμένοι εκδόσεις επί όταν γραφικά. Φαινόμενο ήδη διορθώσεις χρησιμοποίησέ κόψεις θέμα αποστηθίσει.', 'Στη επιδιορθώσεις πρόσληψη βγήκε σωστά εδώ. Τεσσαρών ένας προκύπτουν ώρα μέχρι.');
INSERT INTO prescription (prescription_id, doctor_id, patient_id) VALUES ('26', '1705602559', '0305058496');
INSERT INTO prescribed_products (prescription_id, pharm_prod_id, start_date, end_date, dosage, frequency) VALUES ('26', '5655', '2021-09-23 00:00:00', '2021-10-07 00:00:00', 'Όταν αρπάζεις έστειλε ναι πιο. Χώρου προγραμματιστές σταματάς θέλεις.', 'Έστελνε άλγεβρα τεκμηριώνει. Διακοπή πάντα γέλασαν.');
INSERT INTO prescription (prescription_id, doctor_id, patient_id) VALUES ('27', '2402877693', '0106175216');
INSERT INTO prescribed_products (prescription_id, pharm_prod_id, start_date, end_date, dosage, frequency) VALUES ('27', '119479', '2024-08-13 00:00:00', '2024-10-07 00:00:00', 'Κύκλο τη εργαζόμενων μια έτσι σε ιδιαίτερα. Επιδιορθώσεις μη σπίτι γειτονιάς συγγραφής νέα επιδιορθώσεις. Άρθρων δύο προσθέσει εφαμοργής αποφάσισε σαν.
Με των το δυστυχής εκθέσεις κειμένων.', 'Του τεσσαρών εγώ εγώ. Αφήσεις μας έξι χάος χρόνου νέων.');
INSERT INTO prescription (prescription_id, doctor_id, patient_id) VALUES ('28', '0405403482', '0809149671');
INSERT INTO prescribed_products (prescription_id, pharm_prod_id, start_date, end_date, dosage, frequency) VALUES ('28', '67729', '2023-07-09 00:00:00', '2023-09-04 00:00:00', 'Τα περιμένουν στο παράγοντες προγραμματιστές. Λες προσλάμβανες προσεκτικά πάντως ότι εγώ. Μα ως φακέλους ροή εταιρείες ήδη.', 'Συνάδελφος εκείνου διορθώσει αυτός δε κρατήσουν. Συγγραφής με δείξει.');
INSERT INTO prescription (prescription_id, doctor_id, patient_id) VALUES ('29', '2502902231', '0510481986');
INSERT INTO prescribed_products (prescription_id, pharm_prod_id, start_date, end_date, dosage, frequency) VALUES ('29', '32713', '2021-10-31 00:00:00', '2021-12-17 00:00:00', 'Στις πες αναφορά αφήσεις αφήσεις πολύ. Εξαρτάται πολύ εκθέσεις πόρτες. Παραγωγικής εταιρείες νέα νιρβάνα εκδόσεις πολύ.', 'Δύο μετράει απαραίτητο. Λίγο ρωτήσει αρπάζεις να ανταγωνιστής πάντα επί.');
INSERT INTO prescription (prescription_id, doctor_id, patient_id) VALUES ('30', '0103962870', '0303592574');
INSERT INTO prescribed_products (prescription_id, pharm_prod_id, start_date, end_date, dosage, frequency) VALUES ('30', '74557', '2025-07-31 00:00:00', '2025-08-24 00:00:00', 'Ανεπιθύμητη αποστηθίσει πρώτοι στραβά. Πολύ θέμα στο γραμμές εκθέσεις. Ποσοστό εκτελέσει εφαρμογή του κανένας ποια.', 'Αλγόριθμου ποια προγραμματιστές ποσοστό υόρκη δημιουργείς χειρότερα.');
INSERT INTO prescription (prescription_id, doctor_id, patient_id) VALUES ('31', '2906540192', '1606886766');
INSERT INTO prescribed_products (prescription_id, pharm_prod_id, start_date, end_date, dosage, frequency) VALUES ('31', '95903', '2022-10-31 00:00:00', '2022-11-22 00:00:00', 'Άλγεβρα εγώ προσοχή. Ώρα γράψει διαπιστώνεις εδώ.
Μηχανής πλέον εφαρμογή μετράει ελέγχου συνάδελφος ατόμου. Εξοργιστικά κόλπα μη. Για αποδείξεις μετρήσεις κόψεις απαρατήρητο.', 'Κρατήσουν διακοπή γεγονός όχι νέων θα.');
INSERT INTO prescription (prescription_id, doctor_id, patient_id) VALUES ('32', '1611621504', '1504489594');
INSERT INTO prescribed_products (prescription_id, pharm_prod_id, start_date, end_date, dosage, frequency) VALUES ('32', '68047', '2024-06-16 00:00:00', '2024-06-21 00:00:00', 'Αν απομόνωση λέει εδώ. Χώρου βιβλίο εδώ μπορούσες.
Κανένας ποσοστό μπορούσες τελειώσει ειδικά μα στις. Εργαζόμενοι παραδώσεις διορθώσεις σημαντικός ότι. Κι πάντα χρησιμοποίησέ μη διακοπής κι του.', 'Τρέξει τους εργάστηκε λιγότερο. Ώρα γειτονιάς πιο από σπίτι μαγικά μέχρι.');
INSERT INTO prescription (prescription_id, doctor_id, patient_id) VALUES ('33', '0402587115', '1005553989');
INSERT INTO prescribed_products (prescription_id, pharm_prod_id, start_date, end_date, dosage, frequency) VALUES ('33', '78230', '2020-03-01 00:00:00', '2020-04-03 00:00:00', 'Δύο επί προκύπτουν τα χρειάζονται επιδιορθώσεις. Χρησιμοποιούνταν δύο προγραμματιστές τις προσεκτικά αν ευκολότερο. Εκτελείται άρθρων επί διακοπή.', 'Εργασίας δεν καταλάθος μάθε μας εργάστηκε ποσοστό.');
INSERT INTO prescription (prescription_id, doctor_id, patient_id) VALUES ('34', '1209483269', '1607185924');
INSERT INTO prescribed_products (prescription_id, pharm_prod_id, start_date, end_date, dosage, frequency) VALUES ('34', '113900', '2026-07-10 00:00:00', '2026-08-10 00:00:00', 'Παίρνει κάνε ακούσει κανείς. Γραμμές εδώ λιγότερο κρατήσουν δε. Ωραίο ποια αποφάσισε μέχρι ότι είχαμε πολύ απομόνωση.
Καλύτερο λετπά παράδειγμα πιο δοκιμάσεις επενδυτής έξι. Κανείς δεν εξοργιστικά.', 'Ποια συγγραφείς αποφάσισε ένας σίγουρος άρα.');
INSERT INTO prescription (prescription_id, doctor_id, patient_id) VALUES ('35', '3108788705', '2208825367');
INSERT INTO prescribed_products (prescription_id, pharm_prod_id, start_date, end_date, dosage, frequency) VALUES ('35', '52213', '2025-10-22 00:00:00', '2025-12-20 00:00:00', 'Δείξει πετάνε με ποια. Πηγαίου εσωτερικών περιβάλλον τι λες αυτός εκείνου. Γραμμής μιας γνωρίζουμε συγγραφής κάνεις ξέχασε επί.', 'Μιας πλέον κόψεις βουτήξουν νόμιζες.');
INSERT INTO prescription (prescription_id, doctor_id, patient_id) VALUES ('36', '2801897549', '1411689363');
INSERT INTO prescribed_products (prescription_id, pharm_prod_id, start_date, end_date, dosage, frequency) VALUES ('36', '152087', '2025-12-16 00:00:00', '2026-02-14 00:00:00', 'Περισσότερη δοκιμάσεις κάτι μέχρι διάσημα. Εργαζόμενων θα ειδικά. Προϊόντα τύπου χρησιμοποιούνταν ποσοστό.
Και μα εργασίας για περίπου. Πλέον μάτσο που εδώ εικόνες ατόμου χρησιμοποιώντας.', 'Μα βγήκε σαν που χρονοδιαγράμματος εκτός χρονοδιαγράμματα.');
INSERT INTO prescription (prescription_id, doctor_id, patient_id) VALUES ('37', '2404738380', '0409051150');
INSERT INTO prescribed_products (prescription_id, pharm_prod_id, start_date, end_date, dosage, frequency) VALUES ('37', '100003', '2021-08-12 00:00:00', '2021-10-02 00:00:00', 'Πετούν δωροδοκηθούν πλέον αν αυτός υψηλότερη. Βασανίζουν τη διολισθήσεις εκτελείται προσπαθούν.', 'Συνεχώς πιο τελειώσει μέχρι μπορούσες. Χρειάζονται αρέσει επί δίνοντας.');
INSERT INTO prescription (prescription_id, doctor_id, patient_id) VALUES ('38', '2311474214', '1004750571');
INSERT INTO prescribed_products (prescription_id, pharm_prod_id, start_date, end_date, dosage, frequency) VALUES ('38', '75962', '2022-06-22 00:00:00', '2022-06-23 00:00:00', 'Κρατάει χαρακτηριστικών από για. Συγχωνευτεί δυστυχώς σπίτι προκαλείς. Που χρόνου επεξεργασία βαθμό εργαζόμενοι.', 'Χειρότερα μην διορθώσει λετπά εσωτερικών άπειρα γραφικά.');
INSERT INTO prescription (prescription_id, doctor_id, patient_id) VALUES ('39', '2305633067', '2208165936');
INSERT INTO prescribed_products (prescription_id, pharm_prod_id, start_date, end_date, dosage, frequency) VALUES ('39', '70554', '2024-01-22 00:00:00', '2024-03-22 00:00:00', 'Κύκλο στις επενδυτής εκτελείται. Οι έγραψες αποκλειστικούς πετάξαμε όσο μεταγλωτίσει. Νέων μηχανής στα.
Φακέλους επεξεργασία τι ανά. Στο πολύ κι πάντως.', 'Μηχανής ειδικά όταν άτομο ευκολότερο. Δύο αγοράζοντας ανά να προϊόντα σου έχω.');
INSERT INTO prescription (prescription_id, doctor_id, patient_id) VALUES ('40', '1109428284', '2506129521');
INSERT INTO prescribed_products (prescription_id, pharm_prod_id, start_date, end_date, dosage, frequency) VALUES ('40', '58621', '2025-01-01 00:00:00', '2025-02-08 00:00:00', 'Ότι χρησιμοποιώντας από πάντα πάντως. Νέων της κλπ υψηλότερη. Συγγραφής εξαρτάται εντολές δούλευε σαν.', 'Εκδόσεις πολύ μη. Πάρα εκείνου επί δεν μια. Από κύκλο κώδικα ανά βιβλίο.');
INSERT INTO prescription (prescription_id, doctor_id, patient_id) VALUES ('41', '2106602456', '1612414904');
INSERT INTO prescribed_products (prescription_id, pharm_prod_id, start_date, end_date, dosage, frequency) VALUES ('41', '17187', '2021-01-05 00:00:00', '2021-01-31 00:00:00', 'Επί εγώ δοκιμάσεις κι διακόψουμε ναι. Χαρακτηριστικών νιρβάνα τοπικές πιο υποψήφιο ωραίο. Τρόποι κειμένων εκτός ρωτάει μέχρι διαφήμιση με. Όσο πεδία έστειλε δημιουργια προβληματική.', 'Ημέρα βουτήξουν πες έλεγχος κάτι.');
INSERT INTO prescription (prescription_id, doctor_id, patient_id) VALUES ('42', '1009974497', '2904075120');
INSERT INTO prescribed_products (prescription_id, pharm_prod_id, start_date, end_date, dosage, frequency) VALUES ('42', '85309', '2026-11-28 00:00:00', '2026-12-28 00:00:00', 'Συνεντεύξεις λιγότερο συγχωνευτεί αθόρυβες θέμα. Χρησιμοποιώντας μα ως στις από θέλεις. Στα μια νέο σου μπορούσες γραμμές.', 'Λιγότερο νέου πετούν. Όταν έχω εδώ χαμηλός αν δίνοντας κόψεις τους.');
INSERT INTO prescription (prescription_id, doctor_id, patient_id) VALUES ('43', '1705602559', '2112540086');
INSERT INTO prescribed_products (prescription_id, pharm_prod_id, start_date, end_date, dosage, frequency) VALUES ('43', '41054', '2022-09-06 00:00:00', '2022-09-20 00:00:00', 'Ως λαμβάνουν τελειώσει έτσι κι. Καλύτερο ανά κάτι ως. Παραδώσεις αν που. Αρπάζεις ροή αλγόριθμου μέρος ίδιο αναγκάζονται.', 'Κάνεις γεγονός σπίτι εφαρμογής. Εργαζόμενοι βγήκε χρονοδιαγράμματα σε δε εκτός.');
INSERT INTO prescription (prescription_id, doctor_id, patient_id) VALUES ('44', '0802581734', '0404550381');
INSERT INTO prescribed_products (prescription_id, pharm_prod_id, start_date, end_date, dosage, frequency) VALUES ('44', '128241', '2022-07-28 00:00:00', '2022-09-03 00:00:00', 'Αποθηκευτικού μέρος δημιουργια γέλασαν διαφήμιση εκδόσεις συγχωνευτεί. Αποδείξεις εκτός ρωτάει βιβλίο δύο. Εκτός κάνε ύψος ποια μέρος ξέχασε ναι εκθέσεις.', 'Στήλες έξι πρώτο τον γράψει των.');
INSERT INTO prescription (prescription_id, doctor_id, patient_id) VALUES ('45', '1301429404', '0910538676');
INSERT INTO prescribed_products (prescription_id, pharm_prod_id, start_date, end_date, dosage, frequency) VALUES ('45', '29332', '2020-05-11 00:00:00', '2020-06-26 00:00:00', 'Συνάδελφος σχεδιαστής ήδη στη φράση. Πήρε εγώ διάσημα. Της τρόπο δε κλπ θα.
Πλέον κώδικα τρόπο πετούν. Εξοργιστικά αρπάζεις τύπους γεύματος.', 'Προγραμματιστής χρειάζονται μπουν. Στις μετράει αυτός αυτός.');
INSERT INTO prescription (prescription_id, doctor_id, patient_id) VALUES ('46', '2106602456', '1810694252');
INSERT INTO prescribed_products (prescription_id, pharm_prod_id, start_date, end_date, dosage, frequency) VALUES ('46', '118598', '2021-05-14 00:00:00', '2021-06-23 00:00:00', 'Απομόνωση το έστελνε όταν πολύ πάρεις μέρος. Περιβάλλον τις χειρότερα αντιλήφθηκαν.
Για σωστά εκείνου ώρα σημαντικός δε συνέχεια. Δεν ημέρα τα όχι.', 'Ώρα τα συνεχώς επί πάρα λίγο διακοπής.');
INSERT INTO prescription (prescription_id, doctor_id, patient_id) VALUES ('47', '1209810216', '2205416852');
INSERT INTO prescribed_products (prescription_id, pharm_prod_id, start_date, end_date, dosage, frequency) VALUES ('47', '108745', '2022-11-17 00:00:00', '2022-12-27 00:00:00', 'Προγραμματιστές πετούν τα διαδίκτυο που βασανίζουν. Βγήκε θα λίγο.', 'Όσο δημιουργείς νέο διορθώσει τη που συγγραφής.');
INSERT INTO prescription (prescription_id, doctor_id, patient_id) VALUES ('48', '1109428284', '1501975395');
INSERT INTO prescribed_products (prescription_id, pharm_prod_id, start_date, end_date, dosage, frequency) VALUES ('48', '78651', '2020-10-06 00:00:00', '2020-12-02 00:00:00', 'Ήδη κάτι εκτελέσεις ρωτάει λιγότερο ποια. Παραδοτέου ήδη χρόνου για τεκμηριώνει εντολές. Έτσι στις σημαντικός ευκολότερο επεξεργασία σαν ανώδυνη.', 'Θα μετρήσεις γραφικά να δε μη γνωρίζουμε.');
INSERT INTO prescription (prescription_id, doctor_id, patient_id) VALUES ('49', '1207427571', '2208825367');
INSERT INTO prescribed_products (prescription_id, pharm_prod_id, start_date, end_date, dosage, frequency) VALUES ('49', '27473', '2023-07-18 00:00:00', '2023-07-27 00:00:00', 'Ύψος μέχρι ορίστε εφαρμογή αφήσεις. Θέματα δυστυχής έξι βουτήξουν του άλγεβρα. Πες εγώ εφαμοργής δυστυχώς κρατάει προσθέσει.
Έξι έτοιμος ίδιο βιβλίο σαν γραφικά. Λιγότερο τα έχω ας.', 'Έξι αναγκάζονται της αποφάσισε συνηθίζουν τεσσαρών ύψος.');
INSERT INTO prescription (prescription_id, doctor_id, patient_id) VALUES ('50', '2801801564', '2701909184');
INSERT INTO prescribed_products (prescription_id, pharm_prod_id, start_date, end_date, dosage, frequency) VALUES ('50', '18700', '2020-06-17 00:00:00', '2020-07-17 00:00:00', 'Τρέξει κάτι πάντα προγραμματιστές και μέσης. Διάβασε πρώτοι ένας κόψεις σε σου επενδυτής. Νέο σου λοιπόν τους μιας από ύψος εκδόσεις.', 'Μας παράδειγμα για ίδιο. Ίδιο κειμένων δημιουργήσεις ταξινομεί αντιλήφθηκαν.');
INSERT INTO prescription (prescription_id, doctor_id, patient_id) VALUES ('51', '2111532740', '1206681535');
INSERT INTO prescribed_products (prescription_id, pharm_prod_id, start_date, end_date, dosage, frequency) VALUES ('51', '64961', '2026-09-03 00:00:00', '2026-10-31 00:00:00', 'Πάρα εκείνου το έστειλε προκαλείς λέει. Μπορούσες και γράψει γιαυτό. Ποια δε δοκιμάσεις μάλλον. Υψηλότερη συνάδελφος πρώτοι πάντως πλέον βρίσκονται έτσι κύκλο.
Το ανεπιθύμητη θέλεις. Δύο μέσης άρα.', 'Αρχεία μην κλπ οι. Ποια έστειλε το απαραίτητο τις δημιουργείς κάτι.');
INSERT INTO prescription (prescription_id, doctor_id, patient_id) VALUES ('52', '2911689167', '1504113652');
INSERT INTO prescribed_products (prescription_id, pharm_prod_id, start_date, end_date, dosage, frequency) VALUES ('52', '84998', '2024-04-24 00:00:00', '2024-06-10 00:00:00', 'Εκτελείται παραδοτέου ανώδυνη. Έξι συνέχεια γράψει μια φαινόμενο νόμιζες.
Δύο συνηθίζουν τεσσαρών αποδείξεις μας. Εικόνες ανταγωνιστής όσο προκαλείς εκτελέσεις.', 'Ωραίο προσπαθούν ρουτίνα πολύ ένας.');
INSERT INTO prescription (prescription_id, doctor_id, patient_id) VALUES ('53', '1007513743', '3004851673');
INSERT INTO prescribed_products (prescription_id, pharm_prod_id, start_date, end_date, dosage, frequency) VALUES ('53', '109668', '2024-01-07 00:00:00', '2024-02-24 00:00:00', 'Χαμηλός μιας τι μιας. Άρα ίδιο νέων σημαντικό εκτός.
Αποδείξεις τη μάλλον δυστυχώς θέματα ίδιο κανένας δεν. Πάντα πάρα την αν θα.', 'Ανακλύψεις τους βαθμό απλό έγραψες το εξακολουθεί.');
INSERT INTO prescription (prescription_id, doctor_id, patient_id) VALUES ('54', '3110765587', '1805971952');
INSERT INTO prescribed_products (prescription_id, pharm_prod_id, start_date, end_date, dosage, frequency) VALUES ('54', '75124', '2021-09-20 00:00:00', '2021-10-11 00:00:00', 'Εκτελέσεις μα σχεδιαστής. Κειμένων ρωτήσει λέει πακέτων να κάτι. Επενδυτής αρέσει παίρνουν να ημέρα απαράδεκτη στη.
Του αναγκάζονται απαραίτητο μα. Αφήσεις λέει έξι δεν βασανίζουν ναι σας.', 'Της μα ταξινομεί εργαλείων διαπιστώνεις μάθε σε. Αποδείξεις έστειλε όχι βιβλίο.');
INSERT INTO prescription (prescription_id, doctor_id, patient_id) VALUES ('55', '1007513743', '0112988267');
INSERT INTO prescribed_products (prescription_id, pharm_prod_id, start_date, end_date, dosage, frequency) VALUES ('55', '43886', '2025-11-09 00:00:00', '2025-12-23 00:00:00', 'Τεκμηριώνει πετούν νέων νέα μέρος έξι δίνοντας. Διασφαλίζεται τη επεξεργασία προβληματική.', 'Βασανίζουν βάζοντας χρησιμοποιούσες γνωστή συνεχώς μια.');
INSERT INTO prescription (prescription_id, doctor_id, patient_id) VALUES ('56', '0708733889', '0208406055');
INSERT INTO prescribed_products (prescription_id, pharm_prod_id, start_date, end_date, dosage, frequency) VALUES ('56', '41975', '2023-04-28 00:00:00', '2023-05-28 00:00:00', 'Πάντως του άρα κάτι περιβάλλοντος ότι όσο. Τον αν χαμηλός τον στα ανώδυνη συγχωνευτεί πιο.
Ένα σαν τοπικές εκτελέσει. Δε οι γραμμής νιρβάνα προσεκτικά.', 'Αλγόριθμου δουλεύει γιαυτό τι και προκύπτουν.');
INSERT INTO prescription (prescription_id, doctor_id, patient_id) VALUES ('57', '1803800903', '0305058496');
INSERT INTO prescribed_products (prescription_id, pharm_prod_id, start_date, end_date, dosage, frequency) VALUES ('57', '114364', '2020-01-12 00:00:00', '2020-03-10 00:00:00', 'Συγχωνευτεί εγώ ιδιαίτερα ύψος. Ορίστε δύο προσλάμβανες έστειλε αποδείξεις.', 'Εργασίας ας κανένας κώδικα. Διορθώσει δύο βιβλίο έτσι.');
INSERT INTO prescription (prescription_id, doctor_id, patient_id) VALUES ('58', '1402646365', '0510087485');
INSERT INTO prescribed_products (prescription_id, pharm_prod_id, start_date, end_date, dosage, frequency) VALUES ('58', '120352', '2021-10-29 00:00:00', '2021-12-08 00:00:00', 'Το πιο ευκολότερο εδώ συνάδελφος αντιλήφθηκαν εγώ. Πολύ διευθυντές σημαντικό ειδικά εκθέσεις πεδία. Όχι σκεφτείς απαράδεκτη ένας πάντως ροή ήδη.
Βιβλίο χαρακτηριστικών πεδία τι εκδόσεις γιαυτό επί.', 'Ότι συγγραφής περισσότερη αναφέρονται ήδη. Παίξουν τέλειοι πάρα χρόνου.');
INSERT INTO prescription (prescription_id, doctor_id, patient_id) VALUES ('59', '2111532740', '1403725141');
INSERT INTO prescribed_products (prescription_id, pharm_prod_id, start_date, end_date, dosage, frequency) VALUES ('59', '37665', '2022-09-24 00:00:00', '2022-11-02 00:00:00', 'Τους προσθέσει γιαυτό πλέον. Ένα προγραμματιστής προβληματική όχι απαρατήρητο. Ποια το επιδιόρθωση ποια στις προγραμματιστές αλγόριθμου.
Εδώ φαινόμενο δωροδοκηθούν. Δοκιμάσεις που πλέον που.', 'Σου θέματα αναφέρονται δωροδοκηθούν. Που των εργαζόμενων λετπά διάσημα.');
INSERT INTO prescription (prescription_id, doctor_id, patient_id) VALUES ('60', '2607905982', '0405769536');
INSERT INTO prescribed_products (prescription_id, pharm_prod_id, start_date, end_date, dosage, frequency) VALUES ('60', '36148', '2023-09-07 00:00:00', '2023-09-16 00:00:00', 'Ότι ας κρατήσουν εκείνου πόρτες αλγόριθμου χαρτιού. Χρονοδιαγράμματος χρησιμοποιούσες προσλάμβανες. Επιδιόρθωση πιο όταν περίπου.', 'Διευθυντές εκδόσεις αλγόριθμου πολύ κλπ κλπ.');
INSERT INTO prescription (prescription_id, doctor_id, patient_id) VALUES ('61', '2411004971', '2206580644');
INSERT INTO prescribed_products (prescription_id, pharm_prod_id, start_date, end_date, dosage, frequency) VALUES ('61', '1590', '2020-03-07 00:00:00', '2020-04-23 00:00:00', 'Υψηλότερη μας εδώ έτοιμος. Διολισθήσεις κανείς αποστηθίσει αρέσει.
Διαφήμιση διαδίκτυο ο διάβασε σαν σας με. Ότι ξέχασε ότι μέρος και περισσότερη άπειρα.', 'Αποστηθίσει διαχειριστής δε σταματάς γραμμές στέλνοντάς σου.');
INSERT INTO prescription (prescription_id, doctor_id, patient_id) VALUES ('62', '3110765587', '0807776513');
INSERT INTO prescribed_products (prescription_id, pharm_prod_id, start_date, end_date, dosage, frequency) VALUES ('62', '20156', '2022-05-20 00:00:00', '2022-06-09 00:00:00', 'Μαγικά ταξινομεί εξοργιστικά βιβλίο χρονοδιαγράμματος πλέον. Υπηρεσία παραδοτέου τύπους τη λίγο ιδιαίτερα δεδομένων. Τις πλέον ως πες εντολές στις.', 'Έξι ειδικά επιδιορθώσεις εφαρμογή.');
INSERT INTO prescription (prescription_id, doctor_id, patient_id) VALUES ('63', '0410862119', '1711219538');
INSERT INTO prescribed_products (prescription_id, pharm_prod_id, start_date, end_date, dosage, frequency) VALUES ('63', '126455', '2026-06-26 00:00:00', '2026-07-19 00:00:00', 'Προβληματική όταν στέλνοντάς ότι βάζοντας και. Συνηθίζουν διασφαλίζεται χαρακτηριστικό πες παραδοτέου προσπαθήσεις προϊόντα. Ποια γραμμές μέγιστη νόμιζες.', 'Διευθυντές σε εδώ ήδη φαινόμενο κρατάει. Διακοπής φίλος κώδικάς ώρα επί.');
INSERT INTO prescription (prescription_id, doctor_id, patient_id) VALUES ('64', '2205469029', '2404429599');
INSERT INTO prescribed_products (prescription_id, pharm_prod_id, start_date, end_date, dosage, frequency) VALUES ('64', '152701', '2024-03-02 00:00:00', '2024-03-23 00:00:00', 'Διαχειριστής διοικητικό λοιπόν. Προσλάμβανες χρόνου μέχρι περισσότερη.', 'Πες χαρακτηριστικό εκτελέσει περιβάλλον κειμένων ότι.');
INSERT INTO prescription (prescription_id, doctor_id, patient_id) VALUES ('65', '0708733889', '2210197258');
INSERT INTO prescribed_products (prescription_id, pharm_prod_id, start_date, end_date, dosage, frequency) VALUES ('65', '140707', '2020-12-16 00:00:00', '2021-01-09 00:00:00', 'Συνεχώς ξέχασε τον συγκεντρωμένοι μέσης κανένας εξακολουθεί νέων. Γνωστή επί πάντα.
Έστελνε κρατήσουν αναφορά περισσότερη. Ας εργασίας ακούσει πολύ.', 'Φράση προσθέσει ανταγωνιστής σε δε.');
INSERT INTO prescription (prescription_id, doctor_id, patient_id) VALUES ('66', '2911689167', '2205416852');
INSERT INTO prescribed_products (prescription_id, pharm_prod_id, start_date, end_date, dosage, frequency) VALUES ('66', '72282', '2026-09-01 00:00:00', '2026-10-18 00:00:00', 'Να προβληματική ελέγχου. Μέσης νέα στο έχω τρέξει έγραψες.', 'Τρόποι γεύματος την τον ένα πλέον πλέον.');
INSERT INTO prescription (prescription_id, doctor_id, patient_id) VALUES ('67', '2003609278', '2201087342');
INSERT INTO prescribed_products (prescription_id, pharm_prod_id, start_date, end_date, dosage, frequency) VALUES ('67', '21883', '2021-10-02 00:00:00', '2021-10-19 00:00:00', 'Να αποστηθίσει πάρα το ήδη ιδιαίτερα ερωτήσεις. Εξοργιστικά μας έτσι πλέον τρέξει κειμένων αποφάσισε χρησιμοποιώντας. Κάτι τύπους της διαχειριστής.', 'Ότι αθόρυβες συνεχώς έξι θα αυτός νέο.');
INSERT INTO prescription (prescription_id, doctor_id, patient_id) VALUES ('68', '1009974497', '0307502774');
INSERT INTO prescribed_products (prescription_id, pharm_prod_id, start_date, end_date, dosage, frequency) VALUES ('68', '61131', '2025-02-26 00:00:00', '2025-04-10 00:00:00', 'Κάτι συνέχεια πιο πλέον ένας διορθώσεις ο. Εργασίας ωραίο έστελνε τις θα συνέχεια απόλαυσε. Απαρατήρητο φαινόμενο μέχρι μέχρι.', 'Πάντως βαθμό όσο σωστά. Διορθώσει δημιουργείς πετάνε σημεία γραμμές αν επί.');
INSERT INTO prescription (prescription_id, doctor_id, patient_id) VALUES ('69', '3012870045', '0806014938');
INSERT INTO prescribed_products (prescription_id, pharm_prod_id, start_date, end_date, dosage, frequency) VALUES ('69', '83336', '2025-04-28 00:00:00', '2025-06-04 00:00:00', 'Γέλασαν των αναφορά μη τέλειοι ατόμου όταν. Συγγραφής εργαζόμενοι δυστυχής νιρβάνα. Τις εργάστηκε λαμβάνουν μα το γραμμή όταν εξαρτάται.', 'Μεταφραστής στα χάος εδώ έχω.');
INSERT INTO prescription (prescription_id, doctor_id, patient_id) VALUES ('70', '2502902231', '1004967910');
INSERT INTO prescribed_products (prescription_id, pharm_prod_id, start_date, end_date, dosage, frequency) VALUES ('70', '120557', '2023-12-12 00:00:00', '2023-12-31 00:00:00', 'Πρώτης σταματάς δείξει. Σταματάς καταλάθος δύο τέλειοι στραβά.
Τον αναφορά περίπου. Μάθε μου εργαζόμενων τον. Απομόνωση εγώ γεύματος κρατήσουν στο γιαυτό τύπου εφαμοργής.', 'Έρθει αποκλειστικούς γραφικά κι δεν λέει. Μέχρι ήδη οι κλπ πολύ απίστευτα.');
INSERT INTO prescription (prescription_id, doctor_id, patient_id) VALUES ('71', '1108642138', '2112406558');
INSERT INTO prescribed_products (prescription_id, pharm_prod_id, start_date, end_date, dosage, frequency) VALUES ('71', '106017', '2026-01-02 00:00:00', '2026-01-31 00:00:00', 'Επί αφήσεις αναφορά και το. Πολύ πάρα σημαντικός έλεγχος διακοπής έτσι. Είχαμε των στήλες στις δεν ναι σημαντικός.', 'Παραγωγικής τα εξακολουθεί διάβασε κοιτάζοντας. Δύο συνηθίζουν κάτι δημιουργια.');
INSERT INTO prescription (prescription_id, doctor_id, patient_id) VALUES ('72', '2910956816', '2310039586');
INSERT INTO prescribed_products (prescription_id, pharm_prod_id, start_date, end_date, dosage, frequency) VALUES ('72', '10010', '2020-04-26 00:00:00', '2020-06-19 00:00:00', 'Περισσότερες ένας ως της περισσότερες. Βιβλίο μέχρι εκτός εσωτερικών προβληματική δυστυχώς διαδίκτυο.
Πάντως νέου θα κοιτάζοντας εφαρμογής ας τις. Χειρότερα πες σπίτι φίλος συνεχώς μιας ωραίο.', 'Ότι αποκλειστικούς εξοργιστικά θέματα επεξεργασία χώρου επιδιόρθωση.');
INSERT INTO prescription (prescription_id, doctor_id, patient_id) VALUES ('73', '2801801564', '0311233042');
INSERT INTO prescribed_products (prescription_id, pharm_prod_id, start_date, end_date, dosage, frequency) VALUES ('73', '115980', '2026-04-02 00:00:00', '2026-04-18 00:00:00', 'Ίδιο μα διάβασε διαχειριστής. Νέα τύπου δε άρα πάντα. Υψηλότερη κανείς ερωτήσεις απομόνωση αποθηκευτικού. Ατόμου κι θα βιβλίο προκύπτουν κώδικα γέλασαν.', 'Έλεγχος και κι ρωτάει μην διάσημα. Απόλαυσε δεν κανείς επί έχω εξακολουθεί.');
INSERT INTO prescription (prescription_id, doctor_id, patient_id) VALUES ('74', '1209483269', '0803099805');
INSERT INTO prescribed_products (prescription_id, pharm_prod_id, start_date, end_date, dosage, frequency) VALUES ('74', '146307', '2020-05-24 00:00:00', '2020-05-31 00:00:00', 'Συνηθίζουν τέλειοι βγήκε συγχρόνως χαρακτηριστικών τη εφαμοργής δύο. Έχω κι κόψεις επεξεργασία έχω.', 'Προσοχή επενδυτής προσθέσει ποια κάνε. Εκτός λίγο του.');
INSERT INTO prescription (prescription_id, doctor_id, patient_id) VALUES ('75', '0103962870', '2206580644');
INSERT INTO prescribed_products (prescription_id, pharm_prod_id, start_date, end_date, dosage, frequency) VALUES ('75', '122719', '2026-03-09 00:00:00', '2026-03-25 00:00:00', 'Θέλεις περίπου εγώ πιο. Αποθηκευτικού λιγότερο πιο. Εργαζόμενων όταν θέμα ειδικά.
Πάντως συνηθίζουν γραμμές μου στήλες πλέον. Και πάρεις τελειώσει ναι εικόνες περισσότερες θέματα πολύ.', 'Όχι εγώ μα διορθώσει. Ημέρα μεταφραστής φαινόμενο γέλασαν ένα.');
INSERT INTO prescription (prescription_id, doctor_id, patient_id) VALUES ('76', '2911689167', '1810694252');
INSERT INTO prescribed_products (prescription_id, pharm_prod_id, start_date, end_date, dosage, frequency) VALUES ('76', '88040', '2024-02-17 00:00:00', '2024-03-07 00:00:00', 'Και διοικητικό διαφήμιση εκτελείται θέλεις προσπαθούν. Εργάστηκε χρονοδιαγράμματα ξέχασε για όχι.
Έχω του πολύ μου έτσι οι. Χρονοδιαγράμματος δωροδοκηθούν επί υπηρεσία.', 'Θυμάμαι βιαστικά ρωτήσει τι για δεν τι. Ήδη παίξουν σαν τύπου.');
INSERT INTO prescription (prescription_id, doctor_id, patient_id) VALUES ('77', '2502902231', '2110925240');
INSERT INTO prescribed_products (prescription_id, pharm_prod_id, start_date, end_date, dosage, frequency) VALUES ('77', '6802', '2026-03-07 00:00:00', '2026-03-11 00:00:00', 'Συνάδελφος ήδη νιρβάνα υπηρεσία. Προσπαθούν αγοράζοντας προϊόντα μπορούσες φράση εκτελέσει. Σαν φαινόμενο ας τρόπο προσπαθούν αναγκάζονται.', 'Συγγραφείς τη πάντα ακούσει μέχρι παίξουν πακέτων ένας.');
INSERT INTO prescription (prescription_id, doctor_id, patient_id) VALUES ('78', '3012509660', '1701197374');
INSERT INTO prescribed_products (prescription_id, pharm_prod_id, start_date, end_date, dosage, frequency) VALUES ('78', '62890', '2023-06-06 00:00:00', '2023-07-27 00:00:00', 'Επιστρέφουν μετρήσεις πετάξαμε πάντα. Την ημέρα νέου τι. Πεδία κοιτάζοντας χρησιμοποιούνταν τον σας απαρατήρητο τους.', 'Δημιουργείς πολύ βιαστικά σου ίδιο. Κύκλο έτσι εργασίας εξαρτάται σταματάς ο.');
INSERT INTO prescription (prescription_id, doctor_id, patient_id) VALUES ('79', '2306446564', '2707918946');
INSERT INTO prescribed_products (prescription_id, pharm_prod_id, start_date, end_date, dosage, frequency) VALUES ('79', '5127', '2024-05-17 00:00:00', '2024-07-15 00:00:00', 'Γιαυτό ωραίο τρόπο μάλλον διάβασε βιαστικά. Για αλγόριθμου από παράγοντες.
Κλπ τέλειοι είχαμε των. Πλέον νιρβάνα ένα μέρος εργάστηκε για. Εσωτερικών θέλεις πήρε μάλλον μαγικά.', 'Εκθέσεις μου πήρε σίγουρος ένα μας αποστηθίσει. Μεταγλωτιστής θέματα εγώ σπίτι.');
INSERT INTO prescription (prescription_id, doctor_id, patient_id) VALUES ('80', '1009974497', '3001785948');
INSERT INTO prescribed_products (prescription_id, pharm_prod_id, start_date, end_date, dosage, frequency) VALUES ('80', '128268', '2025-12-14 00:00:00', '2026-01-09 00:00:00', 'Δεν σπίτι τι χαμηλός πάντα σημεία ποια. Και ποσοστό πολύ συγκεντρωμένοι πες στα εγώ. Διαπιστώνεις χαμηλός εγώ κι την σημαντικός σίγουρος.', 'Γεγονός παραδοτέου στη τις την εξοργιστικά πλέον λιγότερο.');
INSERT INTO prescription (prescription_id, doctor_id, patient_id) VALUES ('81', '2905541171', '0304796784');
INSERT INTO prescribed_products (prescription_id, pharm_prod_id, start_date, end_date, dosage, frequency) VALUES ('81', '59990', '2024-04-21 00:00:00', '2024-06-16 00:00:00', 'Γνωστή πήρε νόμιζες εκτός ανταγωνιστής άρα μετράει.
Που θα το μεταφραστής μέχρι της.
Ίδιο ότι ίδιο δύο. Αγοράζοντας διορθώσει λέει σίγουρος γειτονιάς δεν.', 'Αγοράζοντας σημαντικό νέο από. Σημεία ο πολύ λες περιεχόμενα μιας τον.');
INSERT INTO prescription (prescription_id, doctor_id, patient_id) VALUES ('82', '2906540192', '3001785948');
INSERT INTO prescribed_products (prescription_id, pharm_prod_id, start_date, end_date, dosage, frequency) VALUES ('82', '109178', '2020-08-12 00:00:00', '2020-08-16 00:00:00', 'Μάλλον παράδειγμα εκτός μας ακούσει. Ανά θέματα φράση μου.', 'Διαπιστώνεις ως τα πολύ.');
INSERT INTO prescription (prescription_id, doctor_id, patient_id) VALUES ('83', '2106602456', '0905149025');
INSERT INTO prescribed_products (prescription_id, pharm_prod_id, start_date, end_date, dosage, frequency) VALUES ('83', '121530', '2023-05-21 00:00:00', '2023-07-10 00:00:00', 'Επί κι πάντα όσο όταν σας μετρήσεις αυτήν. Έρθει αποθηκευτικού κόλπα νέου τον στο.
Συνέχεια πλέον θέμα. Πηγαίου σημεία περίπου έχω.', 'Δύο τέλειοι την της. Όχι χειρότερα τοπικές διορθώσεις εδώ μη λίγο.');
INSERT INTO prescription (prescription_id, doctor_id, patient_id) VALUES ('84', '1701623027', '1904784361');
INSERT INTO prescribed_products (prescription_id, pharm_prod_id, start_date, end_date, dosage, frequency) VALUES ('84', '51935', '2022-04-15 00:00:00', '2022-06-09 00:00:00', 'Θέματα πρόσληψη χρονοδιαγράμματα εσωτερικών όσο ανά πάντως. Τα εκθέσεις μην γνωστή από. Εικόνες χρησιμοποιώντας κρατήσουν πεδία χρησιμοποιούνταν.', 'Στήλες σας εξαρτάται πεδία. Εκτελείται ήδη προσπαθήσεις τον μετράει.');
INSERT INTO prescription (prescription_id, doctor_id, patient_id) VALUES ('85', '0202939499', '2004552385');
INSERT INTO prescribed_products (prescription_id, pharm_prod_id, start_date, end_date, dosage, frequency) VALUES ('85', '28171', '2023-07-05 00:00:00', '2023-07-17 00:00:00', 'Συνέχεια ρουτίνα δοκιμάσεις της πλέον όχι. Και στήλες σωστά σταματάς απίστευτα μέρος.', 'Ποια σχεδιαστής ας ανά πάντως εκείνου με.');
INSERT INTO prescription (prescription_id, doctor_id, patient_id) VALUES ('86', '0404978442', '1108228734');
INSERT INTO prescribed_products (prescription_id, pharm_prod_id, start_date, end_date, dosage, frequency) VALUES ('86', '75354', '2022-10-16 00:00:00', '2022-11-03 00:00:00', 'Ένας αποστηθίσει αγοράζοντας εργαζόμενων συνάδελφος πολύ. Κανείς πάντα υψηλότερη δυστυχώς λετπά. Βιβλίο και δύο τρέξει κρατάει.', 'Όταν καλύτερο προβληματική. Πάντως συγγραφείς εξαρτάται ιδιαίτερα.');
INSERT INTO prescription (prescription_id, doctor_id, patient_id) VALUES ('87', '0706543302', '1709409251');
INSERT INTO prescribed_products (prescription_id, pharm_prod_id, start_date, end_date, dosage, frequency) VALUES ('87', '7954', '2021-10-20 00:00:00', '2021-12-01 00:00:00', 'Αγοράζοντας πάρεις έχω χρησιμοποιώντας. Όταν εκτελείται έχω αποστηθίσει επιδιορθώσεις.', 'Πάντως χώρου ανταγωνιστής μου συνηθίζουν ωραίο δουλεύει.');
INSERT INTO prescription (prescription_id, doctor_id, patient_id) VALUES ('88', '2910956816', '0307502774');
INSERT INTO prescribed_products (prescription_id, pharm_prod_id, start_date, end_date, dosage, frequency) VALUES ('88', '52665', '2024-01-15 00:00:00', '2024-03-14 00:00:00', 'Τα ειδικά πολύ στις. Ο διασφαλίζεται εκθέσεις μάθε πάντως πλέον μια. Πως αγοράζοντας υψηλότερη επιδιόρθωση αν συγχωνευτεί νιρβάνα.
Δε γνωρίζουμε διαφήμιση ήδη. Κάτι τη λαμβάνουν δημιουργια.', 'Σχεδιαστής όσο καλύτερο δεν. Νέα ήδη άρα χρησιμοποιούσες αντιλήφθηκαν νέα.');
INSERT INTO prescription (prescription_id, doctor_id, patient_id) VALUES ('89', '1908663047', '3105055034');
INSERT INTO prescribed_products (prescription_id, pharm_prod_id, start_date, end_date, dosage, frequency) VALUES ('89', '77556', '2023-09-14 00:00:00', '2023-11-06 00:00:00', 'Διαδίκτυο απαρατήρητο βάζοντας τις πλέον ιδιαίτερα. Προσεκτικά πλέον ας. Αν δωροδοκηθούν σαν τα όχι. Εταιρείες πετάξαμε όταν επί δημιουργια.', 'Εκτελείται ανταγωνιστής προγραμματιστής τις κάνε ένα.');
INSERT INTO prescription (prescription_id, doctor_id, patient_id) VALUES ('90', '1112753348', '0809215525');
INSERT INTO prescribed_products (prescription_id, pharm_prod_id, start_date, end_date, dosage, frequency) VALUES ('90', '54606', '2024-08-01 00:00:00', '2024-09-07 00:00:00', 'Εργαλείων των οι ρωτάει εκτός πάντα. Εφαμοργής εκτελέσει υψηλότερη διορθώσει.
Ένα το εντολές διαπιστώνεις τις προκαλείς δύο. Προσοχή πάντα απομόνωση εκτελέσεις τελειώσει από.', 'Του την ευκολότερο μου πάρα επιστρέφουν βουτήξουν.');
INSERT INTO prescription (prescription_id, doctor_id, patient_id) VALUES ('91', '2111532740', '1211580926');
INSERT INTO prescribed_products (prescription_id, pharm_prod_id, start_date, end_date, dosage, frequency) VALUES ('91', '47990', '2026-04-30 00:00:00', '2026-06-29 00:00:00', 'Καταλάθος βασανίζουν περίπου. Μη χαρακτηριστικών λέει διάβασε.
Οι αν πήρε κι τη το νέο. Συγγραφείς σπίτι έτσι συγκεντρωμένοι απαράδεκτη ρουτίνα.', 'Μαγικά αθόρυβες φράση ποια. Νιρβάνα άτομο στα διακόψουμε.');
INSERT INTO prescription (prescription_id, doctor_id, patient_id) VALUES ('92', '1705602559', '0303592574');
INSERT INTO prescribed_products (prescription_id, pharm_prod_id, start_date, end_date, dosage, frequency) VALUES ('92', '42309', '2024-07-12 00:00:00', '2024-08-11 00:00:00', 'Πιο σημαντικό πετάξαμε διακοπής χαρτιού δε ρωτάει. Δε σίγουρος άρα στο πως φίλος. Τελειώσει σας άρα ανακλύψεις ανακλύψεις. Κάτι βιαστικά κάνεις των.', 'Επεξεργασία φακέλους πολύ επιδιορθώσεις. Χρησιμοποίησέ είχαμε πιο και.');
INSERT INTO prescription (prescription_id, doctor_id, patient_id) VALUES ('93', '0103962870', '1211580926');
INSERT INTO prescribed_products (prescription_id, pharm_prod_id, start_date, end_date, dosage, frequency) VALUES ('93', '139307', '2020-03-20 00:00:00', '2020-04-10 00:00:00', 'Πρόσληψη περίπου στα ερωτήσεις. Μη τεσσαρών με δούλευε έτσι εκτελείται. Σας πιο στα χειρότερα τι.', 'Υπηρεσία κειμένων παραπάνω αν γέλασαν. Αναγκάζονται μαγικά βιβλίο να.');
INSERT INTO prescription (prescription_id, doctor_id, patient_id) VALUES ('94', '1009974497', '2201087342');
INSERT INTO prescribed_products (prescription_id, pharm_prod_id, start_date, end_date, dosage, frequency) VALUES ('94', '137965', '2021-06-30 00:00:00', '2021-07-14 00:00:00', 'Ειδικά γεύματος πάντως ανταγωνιστής κοιτάζοντας τρέξει βασανίζουν. Μεταφραστής δοκιμάσεις δεν δούλευε αφήσεις απόλαυσε υόρκη. Θα επεξεργασία κώδικάς προσοχή φακέλους.', 'Δημιουργείς δωροδοκηθούν από για βασανίζουν ρωτήσει πεδία.');
INSERT INTO prescription (prescription_id, doctor_id, patient_id) VALUES ('95', '2404738380', '0803099805');
INSERT INTO prescribed_products (prescription_id, pharm_prod_id, start_date, end_date, dosage, frequency) VALUES ('95', '69969', '2021-09-22 00:00:00', '2021-11-06 00:00:00', 'Έχω δυστυχής ερώτηση αντιλήφθηκαν αρχεία. Ανταγωνιστής προκαλείς ταξινομεί σημαντικό θυμάμαι. Γεύματος ειδικά χρησιμοποιώντας. Κάτι υψηλότερη χρόνου μη παίρνει.', 'Πετάνε στραβά βγήκε τα εργάστηκε ναι. Ο κάτι μεταφραστής.');
INSERT INTO prescription (prescription_id, doctor_id, patient_id) VALUES ('96', '2411651898', '2004552385');
INSERT INTO prescribed_products (prescription_id, pharm_prod_id, start_date, end_date, dosage, frequency) VALUES ('96', '105380', '2024-05-31 00:00:00', '2024-06-25 00:00:00', 'Για μερικούς αναφορά περίπου έλεγχος σημαντικός αρέσει. Κάτι ο αναφορά δύο μη.
Χρησιμοποίησέ λίγο εγώ συγγραφής άπειρα κανένας εκείνου. Δεν βασανίζουν για άπειρα χρονοδιαγράμματος.', 'Διοικητικό έτσι ειδικά ίδιο. Εργάστηκε τεκμηριώνει από γραμμή τέλειοι αφήσεις.');
INSERT INTO prescription (prescription_id, doctor_id, patient_id) VALUES ('97', '2801897549', '0411145672');
INSERT INTO prescribed_products (prescription_id, pharm_prod_id, start_date, end_date, dosage, frequency) VALUES ('97', '72420', '2026-03-14 00:00:00', '2026-03-29 00:00:00', 'Ίδιο χαρακτηριστικών δυστυχώς πόρτες. Δεδομένων νέου το συγγραφείς θέλεις πρώτο. Πλέον μην πάρα σου υποψήφιο μας. Πάντως λετπά ερώτηση ακούσει μα.', 'Πως εσωτερικών αν υόρκη. Μαγικά και τελειώσει τρόπο.');
INSERT INTO prescription (prescription_id, doctor_id, patient_id) VALUES ('98', '1803800903', '3001785948');
INSERT INTO prescribed_products (prescription_id, pharm_prod_id, start_date, end_date, dosage, frequency) VALUES ('98', '53416', '2025-02-10 00:00:00', '2025-02-20 00:00:00', 'Τι δε κι που διασφαλίζεται στις. Ίδιο ο κόλπα.
Ίδιο πλέον εφαμοργής πηγαίου προκύπτουν για κάτι. Έξι μπουν σωστά επί μάτσο. Πως έτσι ότι απίστευτα.', 'Ίδιο πιο εκτελείται εξακολουθεί εγώ. Με συγγραφείς έξι.');
INSERT INTO prescription (prescription_id, doctor_id, patient_id) VALUES ('99', '2205469029', '2507538617');
INSERT INTO prescribed_products (prescription_id, pharm_prod_id, start_date, end_date, dosage, frequency) VALUES ('99', '119408', '2021-07-28 00:00:00', '2021-08-03 00:00:00', 'Φίλος ήδη νόμιζες πλέον σημαντικό προϊόντα. Αντιλήφθηκαν συγκεντρωμένοι κι παραγωγικής τις λέει εργάστηκε.
Αυτός τον τις. Χρονοδιαγράμματος μαγικά μέγιστη αν.', 'Χρονοδιαγράμματα συνάδελφος διακόψουμε περισσότερη όταν εργαλείων.');
INSERT INTO prescription (prescription_id, doctor_id, patient_id) VALUES ('100', '2708580170', '2202794381');
INSERT INTO prescribed_products (prescription_id, pharm_prod_id, start_date, end_date, dosage, frequency) VALUES ('100', '158612', '2024-03-15 00:00:00', '2024-04-14 00:00:00', 'Την νόμιζες μάθε από δύο δημιουργείς χρησιμοποιούνταν ανά. Θα αναφέρονται απομόνωση.
Κανόνα πόρτες μια δε τύπους τους λοιπόν. Γνωρίζουμε και μέσης έτσι.', 'Χαρακτηριστικών της επιδιόρθωση πρόσληψη.');
INSERT INTO prescription (prescription_id, doctor_id, patient_id) VALUES ('101', '2607905982', '0102247004');
INSERT INTO prescribed_products (prescription_id, pharm_prod_id, start_date, end_date, dosage, frequency) VALUES ('101', '131525', '2023-07-19 00:00:00', '2023-07-21 00:00:00', 'Σκεφτείς τον σπίτι γραμμής γεύματος στο. Μέγιστη μη κρατήσουν έλεγχος αρπάζεις σας διακόψουμε.', 'Τον απλό ένα απίστευτα. Κρατάει έξι που κύκλο αρχεία χαμηλός.');
INSERT INTO prescription (prescription_id, doctor_id, patient_id) VALUES ('102', '0305579221', '0301616013');
INSERT INTO prescribed_products (prescription_id, pharm_prod_id, start_date, end_date, dosage, frequency) VALUES ('102', '99059', '2021-04-23 00:00:00', '2021-05-03 00:00:00', 'Επιδιόρθωση τον σπίτι επιχείριση. Ποια στη πάντως μεταφραστής διοικητικό πρώτο άπειρα χάος. Δουλεύει εφαρμογής κοιτάζοντας της σημαντικός χρησιμοποίησέ δουλεύει.', 'Για νέων γεγονός μάλλον όσο θα τρόποι πρόσληψη.');
INSERT INTO prescription (prescription_id, doctor_id, patient_id) VALUES ('103', '2801801564', '1002683337');
INSERT INTO prescribed_products (prescription_id, pharm_prod_id, start_date, end_date, dosage, frequency) VALUES ('103', '129691', '2020-04-13 00:00:00', '2020-04-21 00:00:00', 'Έχω ήδη εκτελέσεις μετράει.
Μια μην τις διασφαλίζεται. Προσθέσει κρατάει θέμα τα ήδη γραμμές. Ήδη προγραμματιστής εργοστασίου ήδη.', 'Πετούν προσλάμβανες νόμιζες δεν απαραίτητο πρόσληψη. Σας στο άρα σου.');
INSERT INTO prescription (prescription_id, doctor_id, patient_id) VALUES ('104', '2003609278', '1612755043');
INSERT INTO prescribed_products (prescription_id, pharm_prod_id, start_date, end_date, dosage, frequency) VALUES ('104', '70010', '2021-08-05 00:00:00', '2021-09-10 00:00:00', 'Πάντα αν άτομο τι θέματα τέλειοι. Προγραμματιστής δωροδοκηθούν εκδόσεις τρέξει εδώ τέλειοι το αφήσεις. Κρατήσουν μιας δίνοντας τις εντολές. Παράγοντες πάρα ιδιαίτερα άρα λίγο.', 'Πάντως τελειώσει προγραμματιστές επενδυτής.');
INSERT INTO prescription (prescription_id, doctor_id, patient_id) VALUES ('105', '2607905982', '0609256953');
INSERT INTO prescribed_products (prescription_id, pharm_prod_id, start_date, end_date, dosage, frequency) VALUES ('105', '93308', '2023-06-15 00:00:00', '2023-06-17 00:00:00', 'Πιο ρωτάει παραδοτέου μια άπειρα.', 'Κλπ πετάξαμε αυτήν ως του βιαστικά.');
INSERT INTO prescription (prescription_id, doctor_id, patient_id) VALUES ('106', '2311474214', '0208406055');
INSERT INTO prescribed_products (prescription_id, pharm_prod_id, start_date, end_date, dosage, frequency) VALUES ('106', '97917', '2020-10-08 00:00:00', '2020-12-02 00:00:00', 'Δε περιβάλλον εγώ διαχειριστής πάντως ποια. Επιδιόρθωση πρώτης ανώδυνη σαν πεδία ευκολότερο.
Σας κλπ εγώ συνέχεια δύο μιας.', 'Εγώ ρωτάει αποδείξεις έχω. Μάτσο πάντα υψηλότερη στο επί.');
INSERT INTO prescription (prescription_id, doctor_id, patient_id) VALUES ('107', '3110765587', '1906627394');
INSERT INTO prescribed_products (prescription_id, pharm_prod_id, start_date, end_date, dosage, frequency) VALUES ('107', '160814', '2020-12-14 00:00:00', '2020-12-27 00:00:00', 'Εργασίας να διακοπής δοκιμάσεις βάζοντας στα. Ανώδυνη μετρήσεις ότι ας. Να έχω μέχρι μα τα τα σημαντικός.', 'Εξακολουθεί άτομο από γράψει πλέον μην. Πλέον κώδικάς δείξει τον.');
INSERT INTO prescription (prescription_id, doctor_id, patient_id) VALUES ('108', '1207427571', '2507538617');
INSERT INTO prescribed_products (prescription_id, pharm_prod_id, start_date, end_date, dosage, frequency) VALUES ('108', '46629', '2020-04-18 00:00:00', '2020-06-06 00:00:00', 'Ιδιαίτερα ανά χαμηλός χρονοδιαγράμματα εδώ προβληματική μεταγλωτιστής εκτός. Πήρε κόψεις γεύματος στήλες σπίτι ανακλύψεις βιβλίο εδώ.', 'Πηγαίου μην στη μετράει συνεχώς διολισθήσεις. Ας συνεχώς περιβάλλοντος σου στη.');
INSERT INTO prescription (prescription_id, doctor_id, patient_id) VALUES ('109', '2003609278', '2904000839');
INSERT INTO prescribed_products (prescription_id, pharm_prod_id, start_date, end_date, dosage, frequency) VALUES ('109', '26475', '2025-04-21 00:00:00', '2025-06-07 00:00:00', 'Εκθέσεις όχι γραμμές. Εφαμοργής προκαλείς κώδικάς. Σίγουρος χρειάζονται πολύ βγήκε να απαρατήρητο.
Σου εργάστηκε ανώδυνη διορθώσει. Κάτι προκύπτουν ήδη.', 'Προσπαθήσεις αποφάσισε άπειρα μπουν πάντως ωραίο στέλνοντάς πεδία.');
INSERT INTO prescription (prescription_id, doctor_id, patient_id) VALUES ('110', '0405994014', '1102810329');
INSERT INTO prescribed_products (prescription_id, pharm_prod_id, start_date, end_date, dosage, frequency) VALUES ('110', '109740', '2021-09-29 00:00:00', '2021-10-17 00:00:00', 'Προϊόντα αποκλειστικούς διαφήμιση συγγραφείς αντιλήφθηκαν.
Υπηρεσία επιστρέφουν θέματα της μέγιστη κοιτάζοντας τον. Γραμμές δε όχι. Διαδίκτυο ακούσει αποδείξεις χρησιμοποιούσες έχω έχω.', 'Συγχωνευτεί διολισθήσεις κι εικόνες εφαμοργής βιβλίο παίξουν.');
INSERT INTO prescription (prescription_id, doctor_id, patient_id) VALUES ('111', '0305579221', '2507538617');
INSERT INTO prescribed_products (prescription_id, pharm_prod_id, start_date, end_date, dosage, frequency) VALUES ('111', '142928', '2020-01-07 00:00:00', '2020-01-21 00:00:00', 'Σε παράδειγμα δε ναι αποθηκευτικού στα. Πεδία σωστά επεξεργασία σχεδιαστής απλό μας.
Περιβάλλον εδώ ποια ότι διασφαλίζεται. Ωραίο διακοπή γραφικά μέγιστη ότι. Για θέματα στα επιστρέφουν του θυμάμαι.', 'Σε όχι στις αν δείξει. Σου εργάστηκε να γραφικά κρατάει.');
INSERT INTO prescription (prescription_id, doctor_id, patient_id) VALUES ('112', '0103962870', '1004750571');
INSERT INTO prescribed_products (prescription_id, pharm_prod_id, start_date, end_date, dosage, frequency) VALUES ('112', '18626', '2020-08-25 00:00:00', '2020-10-23 00:00:00', 'Έρθει υόρκη πηγαίου γραμμές νέου το φίλος. Βουτήξουν εκτός επιχείριση εδώ.
Τα μέρος διασφαλίζεται δε λέει συγχωνευτεί περισσότερες. Δούλευε εταιρείες συγχωνευτεί στις.', 'Μέχρι πετάξαμε θυμάμαι πόρτες πεδία τα. Μια ανακλύψεις ήδη σταματάς.');
INSERT INTO prescription (prescription_id, doctor_id, patient_id) VALUES ('113', '2801801564', '0102948147');
INSERT INTO prescribed_products (prescription_id, pharm_prod_id, start_date, end_date, dosage, frequency) VALUES ('113', '25757', '2022-06-20 00:00:00', '2022-07-16 00:00:00', 'Νιρβάνα νέα μου τα δείξει εργάστηκε. Περιβάλλον οι δεν ατόμου αποφάσισε. Λέει μέγιστη ανταγωνιστής της. Έστειλε τις εφαρμογής ποια τέλειοι.', 'Ακούσει διαχειριστής δείξει οι επιστρέφουν. Έξι μας διακοπή για ναι τις.');
INSERT INTO prescription (prescription_id, doctor_id, patient_id) VALUES ('114', '1908663047', '0608947743');
INSERT INTO prescribed_products (prescription_id, pharm_prod_id, start_date, end_date, dosage, frequency) VALUES ('114', '140133', '2024-12-07 00:00:00', '2024-12-12 00:00:00', 'Συγκεντρωμένοι καταλάθος ακούσει διασφαλίζεται αναφορά άρθρων λετπά απίστευτα.
Αντιλήφθηκαν διολισθήσεις την αλγόριθμου για χαρακτηριστικών σαν. Άρθρων διαφήμιση περιβάλλοντος πρώτης υποψήφιο.', 'Αποφάσισε ήδη γνωρίζουμε γραμμής φαινόμενο δεδομένων σου.');
INSERT INTO prescription (prescription_id, doctor_id, patient_id) VALUES ('115', '1209810216', '2203183514');
INSERT INTO prescribed_products (prescription_id, pharm_prod_id, start_date, end_date, dosage, frequency) VALUES ('115', '126256', '2023-08-15 00:00:00', '2023-08-23 00:00:00', 'Χαμηλός συνηθίζουν σταματάς τι συνηθίζουν. Επί σημαντικό μεταγλωτίσει ένας εδώ συνεντεύξεις.
Για ο μου πόρτες εικόνες θέματα. Είχαμε υψηλότερη εκτός φακέλους αυτήν.', 'Κάνεις πάντα παραπάνω αρχεία εγώ. Το δυστυχώς εργασίας και κάνε.');
INSERT INTO prescription (prescription_id, doctor_id, patient_id) VALUES ('116', '2801897549', '0403843997');
INSERT INTO prescribed_products (prescription_id, pharm_prod_id, start_date, end_date, dosage, frequency) VALUES ('116', '66510', '2023-07-02 00:00:00', '2023-07-29 00:00:00', 'Για εργοστασίου προσπαθήσεις τοπικές προβληματική. Μας αποκλειστικούς το μέχρι μαγικά σκεφτείς.
Κρατήσουν χρησιμοποιώντας εργαζόμενων με. Νέου και στήλες πως θέλεις. Τρέξει πως για.', 'Απλό προγραμματιστές ιδιαίτερα νόμιζες περισσότερη ατόμου.');
INSERT INTO prescription (prescription_id, doctor_id, patient_id) VALUES ('117', '2305692753', '2808413232');
INSERT INTO prescribed_products (prescription_id, pharm_prod_id, start_date, end_date, dosage, frequency) VALUES ('117', '18584', '2024-06-07 00:00:00', '2024-06-19 00:00:00', 'Όταν μάθε αντιλήφθηκαν πλέον μα από έχω. Εκτελείται τις εργάστηκε επενδυτής γραμμές.
Διακοπής προγραμματιστής στις πάρεις αγοράζοντας. Απίστευτα μέσης πάντα δωροδοκηθούν πρώτης νέου.', 'Τον κανένας τρόπο μην εδώ. Βρίσκονται μέχρι να.');
INSERT INTO prescription (prescription_id, doctor_id, patient_id) VALUES ('118', '3012509660', '0906744291');
INSERT INTO prescribed_products (prescription_id, pharm_prod_id, start_date, end_date, dosage, frequency) VALUES ('118', '39745', '2020-09-14 00:00:00', '2020-09-28 00:00:00', 'Με τα διακόψουμε απαράδεκτη εσωτερικών ρωτήσει παραπάνω. Ιδιαίτερα μέσης επιδιόρθωση απαράδεκτη. Ροή πετούν άρα τύπους περιβάλλοντος βγήκε μπορούσες.', 'Τρόπο κώδικα πάντα βιαστικά. Μιας γραμμές ανά περίπου σημεία εφαμοργής.');
INSERT INTO prescription (prescription_id, doctor_id, patient_id) VALUES ('119', '1007513743', '0405769536');
INSERT INTO prescribed_products (prescription_id, pharm_prod_id, start_date, end_date, dosage, frequency) VALUES ('119', '100967', '2020-06-11 00:00:00', '2020-07-18 00:00:00', 'Ελέγχου βαθμό επί. Στις άρθρων έξι μιας διαφήμιση μέσης.
Απόλαυσε μια εγώ συνηθίζουν. Δε διαφήμιση στέλνοντάς που χώρου έξι δουλεύει. Συγχρόνως κι μετράει άρα για.', 'Τις σας γειτονιάς συνέχεια εκθέσεις. Έχω πετάνε αν σε κοιτάζοντας.');
INSERT INTO prescription (prescription_id, doctor_id, patient_id) VALUES ('120', '2411651898', '1603558833');
INSERT INTO prescribed_products (prescription_id, pharm_prod_id, start_date, end_date, dosage, frequency) VALUES ('120', '43895', '2026-10-01 00:00:00', '2026-10-09 00:00:00', 'Έστειλε ανά τα απαραίτητο θέματα. Εδώ και μέχρι πολύ προσπαθούν λετπά. Μας συνηθίζουν απαράδεκτη την μέγιστη προκαλείς παράδειγμα. Δύο παράγοντες ήδη πάρεις.', 'Σημαντικό ο μέσης παραγωγικής πάντως κειμένων.');
INSERT INTO prescription (prescription_id, doctor_id, patient_id) VALUES ('121', '2106602456', '2304451401');
INSERT INTO prescribed_products (prescription_id, pharm_prod_id, start_date, end_date, dosage, frequency) VALUES ('121', '85599', '2025-04-29 00:00:00', '2025-05-01 00:00:00', 'Στα πως επιδιόρθωση τύπους ας θέμα εσωτερικών. Βιβλίο ο εξοργιστικά την σε για. Στο συνέχεια βιαστικά καταλάθος.', 'Χαρακτηριστικό δούλευε πήρε μιας άρα στις.');
INSERT INTO prescription (prescription_id, doctor_id, patient_id) VALUES ('122', '2404738380', '2806407108');
INSERT INTO prescribed_products (prescription_id, pharm_prod_id, start_date, end_date, dosage, frequency) VALUES ('122', '151585', '2025-08-09 00:00:00', '2025-08-18 00:00:00', 'Απομόνωση μάλλον χρόνου ας. Πάντα απομόνωση προσεκτικά πόρτες.
Γραφικά λαμβάνουν μέρος πρώτο.
Χαμηλός μεταγλωτίσει επιδιόρθωση δε περισσότερη για πρώτης. Τρέξει τον πετάνε προγραμματιστές.', 'Δοκιμάσεις εκτελέσει εκθέσεις παράγοντες.');
INSERT INTO prescription (prescription_id, doctor_id, patient_id) VALUES ('123', '0802581734', '2410806416');
INSERT INTO prescribed_products (prescription_id, pharm_prod_id, start_date, end_date, dosage, frequency) VALUES ('123', '159089', '2021-04-18 00:00:00', '2021-04-29 00:00:00', 'Δούλευε νιρβάνα κάτι προκύπτουν ήδη να αφήσεις.
Κάνεις ήδη ποια περίπου. Άρα εκθέσεις έτοιμος τα ποια τις.', 'Παραγωγικής χρειάζονται πρόσληψη διολισθήσεις διάσημα από προβληματική.');
INSERT INTO prescription (prescription_id, doctor_id, patient_id) VALUES ('124', '2305692753', '1805971952');
INSERT INTO prescribed_products (prescription_id, pharm_prod_id, start_date, end_date, dosage, frequency) VALUES ('124', '3738', '2025-09-07 00:00:00', '2025-09-26 00:00:00', 'Προσοχή έλεγχος κανένας μη. Συγγραφείς πολύ μετρήσεις που υπηρεσία χρησιμοποιούνταν όταν έξι. Κάτι εκτελέσει οι στήλες μας κώδικάς.', 'Φίλος που μέσης άρθρων. Στο πετάξαμε προσοχή πρώτοι.');
INSERT INTO prescription (prescription_id, doctor_id, patient_id) VALUES ('125', '1009974497', '0608947743');
INSERT INTO prescribed_products (prescription_id, pharm_prod_id, start_date, end_date, dosage, frequency) VALUES ('125', '100345', '2023-11-11 00:00:00', '2023-12-28 00:00:00', 'Αναφορά νέα αλγόριθμου να εφαμοργής επί πηγαίου. Για στο αλγόριθμου μάτσο.
Δύο διαχειριστής εδώ μας. Υψηλότερη χαμηλός κάνε δεν στη γεγονός συνηθίζουν. Εφαρμογή απίστευτα των αφήσεις γραμμής.', 'Επιδιόρθωση χαρακτηριστικών ημέρα στα εγώ σε. Εκείνου πρώτοι χειρότερα ρωτήσει.');
INSERT INTO prescription (prescription_id, doctor_id, patient_id) VALUES ('126', '0707820743', '2603159752');
INSERT INTO prescribed_products (prescription_id, pharm_prod_id, start_date, end_date, dosage, frequency) VALUES ('126', '29970', '2023-01-12 00:00:00', '2023-02-14 00:00:00', 'Αναφέρονται εξαρτάται εργάστηκε από ερώτηση ανταγωνιστής ως ώρα. Σημαντικό νέα γειτονιάς.
Μια δημιουργια από χρονοδιαγράμματος ένα έρθει λετπά.', 'Εκδόσεις βουτήξουν μας χώρου εικόνες εκθέσεις ώρα.');
INSERT INTO prescription (prescription_id, doctor_id, patient_id) VALUES ('127', '1712008709', '1009096688');
INSERT INTO prescribed_products (prescription_id, pharm_prod_id, start_date, end_date, dosage, frequency) VALUES ('127', '9446', '2021-10-18 00:00:00', '2021-11-01 00:00:00', 'Μπορούσες ταξινομεί αντιλήφθηκαν τη πρώτοι ας. Πρώτο δυστυχώς κύκλο πάντα απομόνωση ρωτάει σε. Σημαντικό μηχανής πετάνε χρειάζονται σε κρατήσουν εργάστηκε.', 'Στο διαδίκτυο τελειώσει. Στις το θα σημαντικός.');
INSERT INTO prescription (prescription_id, doctor_id, patient_id) VALUES ('128', '2305692753', '1907030712');
INSERT INTO prescribed_products (prescription_id, pharm_prod_id, start_date, end_date, dosage, frequency) VALUES ('128', '149387', '2021-02-07 00:00:00', '2021-04-05 00:00:00', 'Διακόψουμε φαινόμενο κάτι ρουτίνα μην εδώ. Εκτός τι μου. Πάντα θυμάμαι ταξινομεί παίρνει απαραίτητο περισσότερες τα.', 'Το πλέον εντολές σίγουρος βιαστικά σημαντικός εκτελέσει.');
INSERT INTO prescription (prescription_id, doctor_id, patient_id) VALUES ('129', '0312964109', '1211580926');
INSERT INTO prescribed_products (prescription_id, pharm_prod_id, start_date, end_date, dosage, frequency) VALUES ('129', '146840', '2026-11-13 00:00:00', '2026-12-13 00:00:00', 'Συνέχεια φίλος στα. Διοικητικό συνηθίζουν για σας βρίσκονται. Κι θέμα ας σου στα.', 'Όχι αφήσεις στις. Τρόποι διορθώσεις δείξει εξαρτάται έρθει.');
INSERT INTO prescription (prescription_id, doctor_id, patient_id) VALUES ('130', '3012509660', '1011068644');
INSERT INTO prescribed_products (prescription_id, pharm_prod_id, start_date, end_date, dosage, frequency) VALUES ('130', '104388', '2021-02-26 00:00:00', '2021-03-22 00:00:00', 'Δύο μάτσο μέρος αντιλήφθηκαν. Πολύ από ότι αφήσεις στις ναι του. Λοιπόν όχι κάτι. Οι προσπαθούν ήδη σταματάς.
Εδώ δημιουργείς το πόρτες νέων ίδιο ανταγωνιστής.', 'Σημαντικό ως ορίστε εξοργιστικά αποθηκευτικού επί.');
INSERT INTO prescription (prescription_id, doctor_id, patient_id) VALUES ('131', '2906540192', '1612414904');
INSERT INTO prescribed_products (prescription_id, pharm_prod_id, start_date, end_date, dosage, frequency) VALUES ('131', '62746', '2025-05-05 00:00:00', '2025-06-02 00:00:00', 'Πρόσληψη κάτι κανείς του πεδία. Σου γραμμή άρα ερωτήσεις χώρου. Αποδείξεις διάβασε διαχειριστής στήλες.', 'Χρησιμοποιούνταν θέμα λετπά γράψει.');
INSERT INTO prescription (prescription_id, doctor_id, patient_id) VALUES ('132', '2003609278', '2202794381');
INSERT INTO prescribed_products (prescription_id, pharm_prod_id, start_date, end_date, dosage, frequency) VALUES ('132', '139933', '2020-07-09 00:00:00', '2020-07-17 00:00:00', 'Που σκεφτείς δεν τους δημιουργήσεις και. Προκαλείς τη κλπ κώδικα.
Μαγικά τελειώσει μάτσο ως κόψεις κόλπα. Διασφαλίζεται τέλειοι δούλευε διαπιστώνεις κάνε με όχι.', 'Κόψεις εφαμοργής οι σαν στα μα φράση. Του ένας σας τοπικές επενδυτής δούλευε.');
INSERT INTO prescription (prescription_id, doctor_id, patient_id) VALUES ('133', '1008990170', '1603797884');
INSERT INTO prescribed_products (prescription_id, pharm_prod_id, start_date, end_date, dosage, frequency) VALUES ('133', '123007', '2021-10-29 00:00:00', '2021-12-28 00:00:00', 'Νέο έτσι αντιλήφθηκαν. Παράγοντες έτσι πάντως νέο μπορούσες προκαλείς. Κάτι ρουτίνα ρωτήσει περισσότερη.
Πάντα σας ας περίπου. Ορίστε άρθρων διαχειριστής.', 'Περίπου νέο εγώ της δωροδοκηθούν πλέον στα.');
INSERT INTO prescription (prescription_id, doctor_id, patient_id) VALUES ('134', '1007513743', '0906744291');
INSERT INTO prescribed_products (prescription_id, pharm_prod_id, start_date, end_date, dosage, frequency) VALUES ('134', '48262', '2024-03-31 00:00:00', '2024-05-26 00:00:00', 'Για πάντως βρίσκονται μεταγλωτιστής συνεντεύξεις ας ωραίο. Προϊόντα εργαλείων παίρνουν να.', 'Δύο άτομο δυστυχώς βιαστικά εκτός πακέτων άρα.');
INSERT INTO prescription (prescription_id, doctor_id, patient_id) VALUES ('135', '0405994014', '0310707817');
INSERT INTO prescribed_products (prescription_id, pharm_prod_id, start_date, end_date, dosage, frequency) VALUES ('135', '48143', '2023-05-28 00:00:00', '2023-07-14 00:00:00', 'Κρατάει στα εδώ ατόμου των.
Τεσσαρών σημεία μέχρι τέλειοι. Εξοργιστικά προσπαθήσεις έτσι προγραμματιστές πάντα ποσοστό προκύπτουν. Κι μέσης αρέσει φράση.', 'Σας ερώτηση μέσης ποια ίδιο. Δημιουργείς ναι περιμένουν γεύματος.');
INSERT INTO prescription (prescription_id, doctor_id, patient_id) VALUES ('136', '1803800903', '1611254423');
INSERT INTO prescribed_products (prescription_id, pharm_prod_id, start_date, end_date, dosage, frequency) VALUES ('136', '25498', '2020-02-17 00:00:00', '2020-03-04 00:00:00', 'Τεσσαρών διάβασε κανένας θυμάμαι πάντως πολύ εργαζόμενων. Ανταγωνιστής τεκμηριώνει μαγικά κανένας μεταφραστής μάλλον διευθυντές κοιτάζοντας.', 'Ερωτήσεις εφαρμογή παραγωγικής συγγραφείς.');
INSERT INTO prescription (prescription_id, doctor_id, patient_id) VALUES ('137', '0510600514', '2208825367');
INSERT INTO prescribed_products (prescription_id, pharm_prod_id, start_date, end_date, dosage, frequency) VALUES ('137', '2906', '2024-12-07 00:00:00', '2024-12-27 00:00:00', 'Σπίτι τεκμηριώνει κλπ χρησιμοποιούσες φράση.
Διευθυντές ανταγωνιστής ανακλύψεις υψηλότερη δε φίλος διασφαλίζεται. Συνεντεύξεις εντολές γεύματος.', 'Έχω μιας τρόποι πλέον ύψος μου. Χαμηλός θέμα ρωτάει ένας.');
INSERT INTO prescription (prescription_id, doctor_id, patient_id) VALUES ('138', '1908663047', '2802258035');
INSERT INTO prescribed_products (prescription_id, pharm_prod_id, start_date, end_date, dosage, frequency) VALUES ('138', '77067', '2022-05-15 00:00:00', '2022-06-08 00:00:00', 'Μηχανής πρώτο ωραίο έξι ρωτήσει διακοπή αναφέρονται. Ως βάζοντας χώρου βρίσκονται. Στα κι ένα μέχρι για.', 'Κόψεις μετράει σαν ατόμου.');
INSERT INTO prescription (prescription_id, doctor_id, patient_id) VALUES ('139', '2501995986', '0305415843');
INSERT INTO prescribed_products (prescription_id, pharm_prod_id, start_date, end_date, dosage, frequency) VALUES ('139', '77270', '2022-11-29 00:00:00', '2022-12-15 00:00:00', 'Διολισθήσεις προκαλείς γιαυτό εκτός. Πάρεις πετάνε διορθώσει μέρος. Διορθώσεις εικόνες δύο τι προσθέσει ύψος μια.', 'Τελειώσει νέα λέει όσο οι πως. Κώδικα επί ανά σημαντικός νέα τη πρόσληψη.');
INSERT INTO prescription (prescription_id, doctor_id, patient_id) VALUES ('140', '2305633067', '0606763202');
INSERT INTO prescribed_products (prescription_id, pharm_prod_id, start_date, end_date, dosage, frequency) VALUES ('140', '108653', '2022-10-03 00:00:00', '2022-11-07 00:00:00', 'Ένας κάτι τελειώσει. Μετρήσεις απόλαυσε ήδη ήδη λιγότερο. Διαχειριστής πιο σωστά μέχρι στραβά. Λίγο σε έχω τεσσαρών άρα.', 'Αλγόριθμου διαπιστώνεις στραβά ναι νέου.');
INSERT INTO prescription (prescription_id, doctor_id, patient_id) VALUES ('141', '1209810216', '3108126244');
INSERT INTO prescribed_products (prescription_id, pharm_prod_id, start_date, end_date, dosage, frequency) VALUES ('141', '134077', '2023-09-23 00:00:00', '2023-09-30 00:00:00', 'Σας εδώ χαρακτηριστικό τύπου προκύπτουν. Σταματάς έτσι χρονοδιαγράμματος τεσσαρών πιο χάος. Θέματα υόρκη τύπους εκτελέσει ένα παραπάνω.', 'Ώρα πως σου. Περιβάλλοντος επί μην δεν χρόνου.');
INSERT INTO prescription (prescription_id, doctor_id, patient_id) VALUES ('142', '1109428284', '0310707817');
INSERT INTO prescribed_products (prescription_id, pharm_prod_id, start_date, end_date, dosage, frequency) VALUES ('142', '158953', '2025-10-14 00:00:00', '2025-11-24 00:00:00', 'Ένα πες ας χαμηλός ερωτήσεις χρονοδιαγράμματος. Εργαλείων ποια ο σπίτι εργαλείων προγραμματιστές. Έρθει δύο το ανταγωνιστής σχεδιαστής δεν τέλειοι.', 'Διολισθήσεις πως πιο δημιουργήσεις δημιουργείς προσπαθούν εξαρτάται.');
INSERT INTO prescription (prescription_id, doctor_id, patient_id) VALUES ('143', '2402877693', '2307877811');
INSERT INTO prescribed_products (prescription_id, pharm_prod_id, start_date, end_date, dosage, frequency) VALUES ('143', '79207', '2025-08-08 00:00:00', '2025-08-13 00:00:00', 'Ζητήσεις εγώ ρωτήσει κανόνα λίγο ο κειμένων απόλαυσε. Κάνεις διάβασε γέλασαν ύψος αποδείξεις κόψεις ειδικά.', 'Κόψεις μη ως επεξεργασία πάρεις. Έχω σαν ταξινομεί περισσότερη.');
INSERT INTO prescription (prescription_id, doctor_id, patient_id) VALUES ('144', '2906627360', '1701197374');
INSERT INTO prescribed_products (prescription_id, pharm_prod_id, start_date, end_date, dosage, frequency) VALUES ('144', '132887', '2022-08-05 00:00:00', '2022-09-15 00:00:00', 'Πρώτο τα προσπαθήσεις τις. Εφαρμογή εκτελέσεις και ανά εφαμοργής.
Μεταγλωτίσει δημιουργείς το νιρβάνα λίγο δυστυχής. Πως έτσι εφαρμογή εδώ τύπου.', 'Νιρβάνα προγραμματιστές από μέχρι.');
INSERT INTO prescription (prescription_id, doctor_id, patient_id) VALUES ('145', '1301442380', '1603797884');
INSERT INTO prescribed_products (prescription_id, pharm_prod_id, start_date, end_date, dosage, frequency) VALUES ('145', '68296', '2025-10-27 00:00:00', '2025-12-22 00:00:00', 'Γνωρίζουμε στη για από σημεία. Εφαρμογή μέχρι έξι.
Δύο γέλασαν δοκιμάσεις εκδόσεις δεν βάζοντας ως πλέον. Στις σταματάς κώδικα εργαζόμενων.', 'Ότι ξέχασε πιο γειτονιάς ότι σκεφτείς ρωτήσει. Μου παίρνει εγώ πλέον.');
INSERT INTO prescription (prescription_id, doctor_id, patient_id) VALUES ('146', '0410862119', '1001214930');
INSERT INTO prescribed_products (prescription_id, pharm_prod_id, start_date, end_date, dosage, frequency) VALUES ('146', '77714', '2024-12-15 00:00:00', '2025-01-05 00:00:00', 'Πακέτων ένας επί διοικητικό αποφάσισε μέγιστη. Τα τελειώσει ακούσει νέα.
Ποια ίδιο ανά έχω θα. Εξαρτάται αν διολισθήσεις. Προκαλείς πες τοπικές μηχανής ποια εκτός χρησιμοποιούνταν να.', 'Βρίσκονται από χρόνου εταιρείες. Υποψήφιο πως ειδικά πάντως πάντως συνηθίζουν.');
INSERT INTO prescription (prescription_id, doctor_id, patient_id) VALUES ('147', '2111532740', '0910538676');
INSERT INTO prescribed_products (prescription_id, pharm_prod_id, start_date, end_date, dosage, frequency) VALUES ('147', '16594', '2025-10-27 00:00:00', '2025-12-08 00:00:00', 'Συγγραφής έλεγχος τι. Δε εδώ μάθε των. Μα ρωτάει έξι.
Έξι ανεπιθύμητη μιας ακούσει ότι τη.
Επιδιόρθωση των εξοργιστικά παραδώσεις. Δύο πιο προγραμματιστές παίρνει ελέγχου θα ξέχασε όταν.', 'Κλπ σου πεδία των απίστευτα. Σκεφτείς προκαλείς αποφάσισε χρονοδιαγράμματα ως.');
INSERT INTO prescription (prescription_id, doctor_id, patient_id) VALUES ('148', '1810910652', '0511416310');
INSERT INTO prescribed_products (prescription_id, pharm_prod_id, start_date, end_date, dosage, frequency) VALUES ('148', '37380', '2022-03-22 00:00:00', '2022-04-02 00:00:00', 'Φίλος κάτι γεύματος οι εντολές κώδικα βιαστικά. Διαδίκτυο ως εκτελείται εικόνες και ερώτηση επιδιόρθωση. Λέει απαράδεκτη ευκολότερο. Χρονοδιαγράμματος στο φράση.', 'Ημέρα τα μην μετράει. Έτσι προσοχή ναι κάτι φίλος οι.');
INSERT INTO prescription (prescription_id, doctor_id, patient_id) VALUES ('149', '2406419109', '2507538617');
INSERT INTO prescribed_products (prescription_id, pharm_prod_id, start_date, end_date, dosage, frequency) VALUES ('149', '13659', '2023-03-01 00:00:00', '2023-04-09 00:00:00', 'Προϊόντα γεύματος να νιρβάνα ήδη ροή. Από διορθώσεις δεδομένων εδώ τύπους θυμάμαι. Σημαντικό πως αλγόριθμου μα.
Έτσι έξι μερικούς μιας. Ανώδυνη μιας σου παίξουν βγήκε πιο τη.', 'Παίρνουν εκτός νέα. Στις πρώτης ήδη δίνοντας.');
INSERT INTO prescription (prescription_id, doctor_id, patient_id) VALUES ('150', '0906651672', '0601771534');
INSERT INTO prescribed_products (prescription_id, pharm_prod_id, start_date, end_date, dosage, frequency) VALUES ('150', '146609', '2023-04-12 00:00:00', '2023-05-30 00:00:00', 'Στα μου διακοπή αναφέρονται βιαστικά άπειρα ένας. Προκύπτουν γιαυτό μια πηγαίου ποια προσπαθήσεις. Ανακλύψεις μετράει στο θέμα γεγονός κάτι.', 'Μπορούσες και άπειρα πρώτοι.');
INSERT INTO prescription (prescription_id, doctor_id, patient_id) VALUES ('151', '2406419109', '0903954105');
INSERT INTO prescribed_products (prescription_id, pharm_prod_id, start_date, end_date, dosage, frequency) VALUES ('151', '66210', '2023-07-15 00:00:00', '2023-09-04 00:00:00', 'Την τους δημιουργήσεις απλό.
Χρησιμοποιούνταν δεν γέλασαν πες πάντα αν κι γραμμής. Τα μου σχεδιαστής σε.
Κειμένων του σημαντικό πολύ.', 'Βαθμό έστειλε την φίλος μια εργασίας. Προσεκτικά πετάνε γεγονός και.');
INSERT INTO prescription (prescription_id, doctor_id, patient_id) VALUES ('152', '0706543302', '0411706871');
INSERT INTO prescribed_products (prescription_id, pharm_prod_id, start_date, end_date, dosage, frequency) VALUES ('152', '159966', '2023-12-06 00:00:00', '2023-12-30 00:00:00', 'Είχαμε τελειώσει νέων πες αν πάρεις σημεία της. Πως περιμένουν την τη. Πρώτης ανά σου χρονοδιαγράμματα διορθώσεις απλό κρατάει.', 'Παράδειγμα με διορθώσεις. Ένα προγραμματιστές ιδιαίτερα κάνεις λίγο.');
INSERT INTO prescription (prescription_id, doctor_id, patient_id) VALUES ('153', '1908663047', '0605510600');
INSERT INTO prescribed_products (prescription_id, pharm_prod_id, start_date, end_date, dosage, frequency) VALUES ('153', '26482', '2023-10-28 00:00:00', '2023-11-08 00:00:00', 'Γνωστή ήδη δουλεύει σε. Αποκλειστικούς φράση σας μαγικά διακοπή εφαμοργής. Τρέξει συγγραφής μη μου εκτελέσει πετούν εταιρείες.
Σημαντικό γραφικά αν. Σίγουρος πως στη μια ευκολότερο πακέτων εγώ.', 'Σίγουρος έχω δημιουργήσεις.');
INSERT INTO prescription (prescription_id, doctor_id, patient_id) VALUES ('154', '3012870045', '0305058496');
INSERT INTO prescribed_products (prescription_id, pharm_prod_id, start_date, end_date, dosage, frequency) VALUES ('154', '154641', '2022-07-21 00:00:00', '2022-09-05 00:00:00', 'Χρησιμοποίησέ από ήδη περιεχόμενα συγκεντρωμένοι μας. Δεν ανακλύψεις καταλάθος απόλαυσε.', 'Μας προβληματική βάζοντας πως μέχρι στη κώδικα.');
INSERT INTO prescription (prescription_id, doctor_id, patient_id) VALUES ('155', '0701944806', '0309603964');
INSERT INTO prescribed_products (prescription_id, pharm_prod_id, start_date, end_date, dosage, frequency) VALUES ('155', '28656', '2021-11-27 00:00:00', '2022-01-06 00:00:00', 'Προκύπτουν και ανταγωνιστής στη ελέγχου πιο πάρεις. Ταξινομεί υποψήφιο μου παραδοτέου πες αφήσεις.
Σταματάς επενδυτής έτσι ένα στη στη δεδομένων. Πες νέα μπουν σαν χειρότερα για αποστηθίσει.', 'Χαρτιού μα γραφικά διαφήμιση παίρνει και ειδικά.');
INSERT INTO prescription (prescription_id, doctor_id, patient_id) VALUES ('156', '1301442380', '0310669006');
INSERT INTO prescribed_products (prescription_id, pharm_prod_id, start_date, end_date, dosage, frequency) VALUES ('156', '53002', '2020-04-24 00:00:00', '2020-05-13 00:00:00', 'Είχαμε απόλαυσε ιδιαίτερα ένας παραπάνω τέλειοι. Έγραψες κύκλο θυμάμαι περίπου νέα τύπους. Εξαρτάται δύο ρουτίνα προσθέσει εργαλείων καλύτερο διάσημα.', 'Δείξει την τους εργαλείων προγραμματιστές. Εκτελείται νέων με μια μιας από.');
INSERT INTO prescription (prescription_id, doctor_id, patient_id) VALUES ('157', '2801801564', '0809715419');
INSERT INTO prescribed_products (prescription_id, pharm_prod_id, start_date, end_date, dosage, frequency) VALUES ('157', '73685', '2025-09-17 00:00:00', '2025-10-20 00:00:00', 'Τρέξει εργασίας δείξει έτσι δούλευε. Παραδώσεις ποια ρωτήσει αφήσεις. Στη τρέξει βιαστικά θέματα.', 'Διασφαλίζεται σε δοκιμάσεις μια όχι.');
INSERT INTO prescription (prescription_id, doctor_id, patient_id) VALUES ('158', '2305692753', '2310039586');
INSERT INTO prescribed_products (prescription_id, pharm_prod_id, start_date, end_date, dosage, frequency) VALUES ('158', '121825', '2025-12-17 00:00:00', '2026-02-14 00:00:00', 'Κοιτάζοντας μην κάνεις διάσημα συγχρόνως.
Δίνοντας διακοπής απλό. Δύο σας έτσι το γνωστή.', 'Αγοράζοντας τη δούλευε μεταγλωτιστής.');
INSERT INTO prescription (prescription_id, doctor_id, patient_id) VALUES ('159', '2710919774', '0901435907');
INSERT INTO prescribed_products (prescription_id, pharm_prod_id, start_date, end_date, dosage, frequency) VALUES ('159', '147355', '2020-11-23 00:00:00', '2020-12-18 00:00:00', 'Δύο γειτονιάς ήδη είχαμε ναι την χειρότερα δεν. Για διορθώσεις πως. Εργάστηκε γνωστή γραφικά θέλεις με βάζοντας ήδη με.', 'Έχω ρωτάει γραμμές μια ότι. Γεγονός από νιρβάνα μπορούσες αποθηκευτικού.');
INSERT INTO prescription (prescription_id, doctor_id, patient_id) VALUES ('160', '1007513743', '0102948147');
INSERT INTO prescribed_products (prescription_id, pharm_prod_id, start_date, end_date, dosage, frequency) VALUES ('160', '123219', '2023-07-20 00:00:00', '2023-08-26 00:00:00', 'Αγοράζοντας με μετράει μέχρι μέχρι ιδιαίτερα βουτήξουν. Μέχρι παράγοντες λοιπόν κόψεις τις εντολές επί. Αποδείξεις τρέξει σταματάς προκύπτουν. Γεγονός πετάξαμε ας ανά χρόνου του.', 'Λέει εργαζόμενων σημαντικό γειτονιάς ίδιο δεν.');
INSERT INTO prescription (prescription_id, doctor_id, patient_id) VALUES ('161', '1611621504', '1010459322');
INSERT INTO prescribed_products (prescription_id, pharm_prod_id, start_date, end_date, dosage, frequency) VALUES ('161', '105265', '2020-12-10 00:00:00', '2021-01-24 00:00:00', 'Μπουν εγώ παραδοτέου ότι. Διορθώσει με το πολύ επί συνεντεύξεις λετπά.
Έξι μεταγλωτιστής εκείνου κλπ προϊόντα.', 'Αναφέρονται έστελνε γνωστή στραβά.');
INSERT INTO prescription (prescription_id, doctor_id, patient_id) VALUES ('162', '1007513743', '0309603964');
INSERT INTO prescribed_products (prescription_id, pharm_prod_id, start_date, end_date, dosage, frequency) VALUES ('162', '17265', '2025-12-08 00:00:00', '2025-12-26 00:00:00', 'Πάρεις χρονοδιαγράμματα επί συγκεντρωμένοι που των μα. Αποφάσισε είχαμε στραβά κόψεις σαν σίγουρος φαινόμενο πεδία. Γέλασαν μαγικά χρονοδιαγράμματα που.', 'Μάτσο έτοιμος έστελνε εξαρτάται κοιτάζοντας δύο.');
INSERT INTO prescription (prescription_id, doctor_id, patient_id) VALUES ('163', '2809979050', '0411712547');
INSERT INTO prescribed_products (prescription_id, pharm_prod_id, start_date, end_date, dosage, frequency) VALUES ('163', '101175', '2020-09-09 00:00:00', '2020-10-16 00:00:00', 'Να περιβάλλον βιβλίο άρθρων νόμιζες άλγεβρα. Χαρακτηριστικών πολύ δουλεύει προσοχή επιδιορθώσεις δημιουργείς εξαρτάται. Σπίτι χρησιμοποιούνταν νόμιζες προγραμματιστές άλγεβρα νέου.', 'Ένα επιχείριση τους αποφάσισε δωροδοκηθούν πλέον σαν. Δε ας επί.');
INSERT INTO prescription (prescription_id, doctor_id, patient_id) VALUES ('164', '3012509660', '1001214930');
INSERT INTO prescribed_products (prescription_id, pharm_prod_id, start_date, end_date, dosage, frequency) VALUES ('164', '42190', '2022-04-08 00:00:00', '2022-06-05 00:00:00', 'Εργοστασίου ίδιο τους ατόμου. Πακέτων εκδόσεις τις ήδη μέχρι ένας μαγικά. Ερωτήσεις εδώ στη αυτός. Διαφήμιση κι στο της.', 'Ροή γεγονός έχω χάος. Πολύ εγώ ευκολότερο βγήκε τεκμηριώνει.');
INSERT INTO prescription (prescription_id, doctor_id, patient_id) VALUES ('165', '2708580170', '0401524365');
INSERT INTO prescribed_products (prescription_id, pharm_prod_id, start_date, end_date, dosage, frequency) VALUES ('165', '38141', '2022-08-30 00:00:00', '2022-10-08 00:00:00', 'Είχαμε κι κρατήσουν ώρα δύο τρέξει διακόψουμε αποστηθίσει. Ατόμου να μετρήσεις τύπους διορθώσει θέλεις πιο.
Εξακολουθεί πάρεις βάζοντας κανείς της στα στη. Ρουτίνα άρθρων εκτός ταξινομεί.', 'Λες λίγο αγοράζοντας κι εικόνες εγώ.');
INSERT INTO prescription (prescription_id, doctor_id, patient_id) VALUES ('166', '0701944806', '1508692893');
INSERT INTO prescribed_products (prescription_id, pharm_prod_id, start_date, end_date, dosage, frequency) VALUES ('166', '14640', '2025-09-15 00:00:00', '2025-11-03 00:00:00', 'Στα σημαντικό οι εξαρτάται. Μη χαμηλός δίνοντας απλό. Ίδιο ορίστε ανταγωνιστής συγχωνευτεί.', 'Πλέον ας ήδη έξι σπίτι διαπιστώνεις σημαντικός.');
INSERT INTO prescription (prescription_id, doctor_id, patient_id) VALUES ('167', '0404978442', '1606886766');
INSERT INTO prescribed_products (prescription_id, pharm_prod_id, start_date, end_date, dosage, frequency) VALUES ('167', '120301', '2023-04-05 00:00:00', '2023-05-13 00:00:00', 'Πόρτες πάντα μα τι πάντα αποδείξεις. Έτσι μια στη. Τεκμηριώνει ώρα στις καλύτερο εκτός θυμάμαι ανταγωνιστής χειρότερα.', 'Ύψος συνάδελφος μπορούσες υπηρεσία μαγικά θέλεις. Πάρα άρα διορθώσει.');
INSERT INTO prescription (prescription_id, doctor_id, patient_id) VALUES ('168', '2708580170', '2907676995');
INSERT INTO prescribed_products (prescription_id, pharm_prod_id, start_date, end_date, dosage, frequency) VALUES ('168', '155941', '2023-04-29 00:00:00', '2023-06-13 00:00:00', 'Κάτι μετράει χρειάζονται έστελνε. Σπίτι έτοιμος μάτσο βρίσκονται διαχειριστής ερώτηση. Τέλειοι έστειλε χώρου δημιουργήσεις αναφορά.', 'Πετάνε συγγραφής αρπάζεις προκύπτουν σαν χειρότερα.');
INSERT INTO prescription (prescription_id, doctor_id, patient_id) VALUES ('169', '1112753348', '1701840753');
INSERT INTO prescribed_products (prescription_id, pharm_prod_id, start_date, end_date, dosage, frequency) VALUES ('169', '81002', '2020-04-05 00:00:00', '2020-04-19 00:00:00', 'Φακέλους νόμιζες παραδοτέου αγοράζοντας πάντως εγώ μας.', 'Και τρόπο άλγεβρα χαρακτηριστικό φαινόμενο.');
INSERT INTO prescription (prescription_id, doctor_id, patient_id) VALUES ('170', '1502550745', '1906627394');
INSERT INTO prescribed_products (prescription_id, pharm_prod_id, start_date, end_date, dosage, frequency) VALUES ('170', '29082', '2020-05-16 00:00:00', '2020-06-01 00:00:00', 'Απαρατήρητο ρουτίνα πετούν φίλος διακόψουμε μην μέχρι αν. Στα δημιουργείς άρθρων μεταγλωτιστής υόρκη αρέσει αφήσεις.', 'Ελέγχου δεν έστελνε γεύματος σημαντικός εγώ μερικούς.');
INSERT INTO prescription (prescription_id, doctor_id, patient_id) VALUES ('171', '2911689167', '1007750457');
INSERT INTO prescribed_products (prescription_id, pharm_prod_id, start_date, end_date, dosage, frequency) VALUES ('171', '31138', '2023-12-17 00:00:00', '2024-02-09 00:00:00', 'Νέων κρατήσουν φίλος μεταφραστής πρόσληψη ρωτήσει. Επιστρέφουν σημεία εξοργιστικά εδώ προϊόντα.
Μην ένα εκτελέσεις δείξει γράψει τους παραγωγικής. Βγήκε μέγιστη επεξεργασία λες απλό.', 'Χρησιμοποιούσες διευθυντές μιας δημιουργήσεις λετπά.');
INSERT INTO prescription (prescription_id, doctor_id, patient_id) VALUES ('172', '3012870045', '2205416852');
INSERT INTO prescribed_products (prescription_id, pharm_prod_id, start_date, end_date, dosage, frequency) VALUES ('172', '74982', '2024-05-02 00:00:00', '2024-05-26 00:00:00', 'Σας σου έρθει μάλλον. Διαπιστώνεις έχω τον απομόνωση.
Δίνοντας αν τρόποι πάντα από. Πετάνε άτομο το στο. Θυμάμαι για δε πεδία γράψει συνεχώς εταιρείες.', 'Έστελνε εφαρμογή εγώ αφήσεις. Μέρος θέμα και διολισθήσεις.');
INSERT INTO prescription (prescription_id, doctor_id, patient_id) VALUES ('173', '2911689167', '2609838048');
INSERT INTO prescribed_products (prescription_id, pharm_prod_id, start_date, end_date, dosage, frequency) VALUES ('173', '158377', '2022-07-06 00:00:00', '2022-08-08 00:00:00', 'Υπηρεσία αφήσεις νιρβάνα διαχειριστής είχαμε είχαμε. Έρθει δεν ας στη έτσι ίδιο.
Ημέρα σε πάρα πάντως εφαμοργής περιβάλλον.', 'Βιαστικά ροή για εργαζόμενοι προβληματική εταιρείες βάζοντας.');
INSERT INTO prescription (prescription_id, doctor_id, patient_id) VALUES ('174', '1912455789', '1906627394');
INSERT INTO prescribed_products (prescription_id, pharm_prod_id, start_date, end_date, dosage, frequency) VALUES ('174', '63888', '2025-10-03 00:00:00', '2025-11-16 00:00:00', 'Τέλειοι κάτι επιχείριση στήλες. Τη στις εφαρμογής. Πρόσληψη αποκλειστικούς εικόνες ότι κοιτάζοντας πετάξαμε. Διαδίκτυο πολύ βασανίζουν είχαμε εσωτερικών ήδη ύψος εφαμοργής.', 'Νέα μάθε πηγαίου ημέρα. Τις γέλασαν σας επιδιόρθωση ένας ειδικά.');
INSERT INTO prescription (prescription_id, doctor_id, patient_id) VALUES ('175', '0305579221', '0606763202');
INSERT INTO prescribed_products (prescription_id, pharm_prod_id, start_date, end_date, dosage, frequency) VALUES ('175', '145692', '2022-12-03 00:00:00', '2023-01-02 00:00:00', 'Άπειρα εκτός εφαρμογής προβληματική γέλασαν αθόρυβες. Κάτι εργοστασίου γραμμής πήρε να. Σημεία κώδικάς πετάνε ένα μου διασφαλίζεται ας.', 'Στη της κι επί επί χρησιμοποιούνταν σαν.');
INSERT INTO prescription (prescription_id, doctor_id, patient_id) VALUES ('176', '2203591874', '0906867705');
INSERT INTO prescribed_products (prescription_id, pharm_prod_id, start_date, end_date, dosage, frequency) VALUES ('176', '110426', '2026-03-03 00:00:00', '2026-03-17 00:00:00', 'Άρα δείξει του προσπαθήσεις. Τι κλπ ημέρα γραφικά. Εφαρμογή άρα της πες βάζοντας ροή.', 'Τρέξει άρθρων δωροδοκηθούν αλγόριθμου δημιουργια νόμιζες.');
INSERT INTO prescription (prescription_id, doctor_id, patient_id) VALUES ('177', '2003609278', '2901588087');
INSERT INTO prescribed_products (prescription_id, pharm_prod_id, start_date, end_date, dosage, frequency) VALUES ('177', '111200', '2021-07-26 00:00:00', '2021-08-26 00:00:00', 'Διορθώσει γέλασαν κειμένων αποφάσισε. Διάσημα υπηρεσία επιδιόρθωση εικόνες παραπάνω.
Δυστυχής μας μιας έγραψες προσπαθήσεις κάτι ποσοστό μην.', 'Μπορούσες κανένας ημέρα ίδιο.');
INSERT INTO prescription (prescription_id, doctor_id, patient_id) VALUES ('178', '0402587115', '1004967910');
INSERT INTO prescribed_products (prescription_id, pharm_prod_id, start_date, end_date, dosage, frequency) VALUES ('178', '135967', '2026-04-07 00:00:00', '2026-04-25 00:00:00', 'Προσεκτικά αρχεία εξακολουθεί έτσι τον.', 'Τη σταματάς ιδιαίτερα μου. Πως εργοστασίου άπειρα έτσι άρα.');
INSERT INTO prescription (prescription_id, doctor_id, patient_id) VALUES ('179', '1810910652', '0210050553');
INSERT INTO prescribed_products (prescription_id, pharm_prod_id, start_date, end_date, dosage, frequency) VALUES ('179', '46294', '2026-07-18 00:00:00', '2026-08-14 00:00:00', 'Ποια συγκεντρωμένοι στα μιας ωραίο. Μέχρι εδώ εφαμοργής εκτός ανακλύψεις. Σωστά διολισθήσεις προσπαθούν οι ένα ποια όταν.
Πρώτης διαφήμιση εδώ βιβλίο. Πρώτο φράση ερώτηση πόρτες μια ένας τύπου.', 'Να το που κόψεις. Ρουτίνα μιας κάνε τις χρόνου πως.');
INSERT INTO prescription (prescription_id, doctor_id, patient_id) VALUES ('180', '0405994014', '3105867267');
INSERT INTO prescribed_products (prescription_id, pharm_prod_id, start_date, end_date, dosage, frequency) VALUES ('180', '115150', '2022-03-17 00:00:00', '2022-04-28 00:00:00', 'Παραδοτέου τον εργασίας επί συγγραφής. Βρίσκονται θέμα γιαυτό επιστρέφουν εργοστασίου εργαλείων τις. Ας μα αποδείξεις το.', 'Εταιρείες πάρεις πρόσληψη μέσης απαρατήρητο της εγώ.');
INSERT INTO prescription (prescription_id, doctor_id, patient_id) VALUES ('181', '1810910652', '1508692893');
INSERT INTO prescribed_products (prescription_id, pharm_prod_id, start_date, end_date, dosage, frequency) VALUES ('181', '159969', '2025-07-04 00:00:00', '2025-08-21 00:00:00', 'Την να τελειώσει σημαντικό τη διαδίκτυο αν. Ανά κι και απαρατήρητο μια. Κι κύκλο προσπαθούν ατόμου όχι πάντα.', 'Πάντα πακέτων νόμιζες θέματα. Απαρατήρητο πλέον των κάνεις μας μαγικά.');
INSERT INTO prescription (prescription_id, doctor_id, patient_id) VALUES ('182', '2411004971', '2609838048');
INSERT INTO prescribed_products (prescription_id, pharm_prod_id, start_date, end_date, dosage, frequency) VALUES ('182', '39444', '2024-08-05 00:00:00', '2024-09-21 00:00:00', 'Μεταφραστής παίρνουν βαθμό πιο τι τελειώσει. Τον σημαντικός ανά κώδικα ορίστε στη συνάδελφος.
Διαπιστώνεις τρέξει πως άπειρα γράψει. Περίπου επιδιορθώσεις μέχρι εργάστηκε.', 'Ήδη εργάστηκε λες πήρε. Δυστυχής κι υποψήφιο από πως όχι πως.');
INSERT INTO prescription (prescription_id, doctor_id, patient_id) VALUES ('183', '0701944806', '2911618637');
INSERT INTO prescribed_products (prescription_id, pharm_prod_id, start_date, end_date, dosage, frequency) VALUES ('183', '4613', '2025-06-27 00:00:00', '2025-08-02 00:00:00', 'Μεταγλωτιστής εργαλείων συνεχώς συνάδελφος περιμένουν βασανίζουν ένα. Ευκολότερο οι εγώ όχι πετούν κι.
Κρατάει έστειλε ποσοστό ρωτάει από συγκεντρωμένοι περιμένουν. Άρα πλέον αρπάζεις πως.', 'Εγώ πάντως εντολές αν.');
INSERT INTO prescription (prescription_id, doctor_id, patient_id) VALUES ('184', '0902609962', '1208436584');
INSERT INTO prescribed_products (prescription_id, pharm_prod_id, start_date, end_date, dosage, frequency) VALUES ('184', '122032', '2023-04-01 00:00:00', '2023-05-27 00:00:00', 'Εργαλείων χάος ναι κι.
Τις χειρότερα ωραίο των σου προσπαθούν. Προϊόντα σε άρα ποια περίπου μαγικά.
Βασανίζουν βιαστικά αποφάσισε με οι διακοπή.', 'Γραμμές παραγωγικής ακούσει χρονοδιαγράμματος εξοργιστικά αυτήν.');
INSERT INTO prescription (prescription_id, doctor_id, patient_id) VALUES ('185', '2801801564', '1903504845');
INSERT INTO prescribed_products (prescription_id, pharm_prod_id, start_date, end_date, dosage, frequency) VALUES ('185', '150884', '2026-02-12 00:00:00', '2026-02-26 00:00:00', 'Θέμα τη έτσι. Στη τον και διασφαλίζεται πάρα.
Δεν πετάνε γέλασαν εργοστασίου ρωτήσει θέμα οι διακοπή.', 'Αφήσεις ίδιο διακοπής τελειώσει μιας κόλπα. Μέχρι ακούσει τους σε.');
INSERT INTO prescription (prescription_id, doctor_id, patient_id) VALUES ('186', '2404738380', '0608947743');
INSERT INTO prescribed_products (prescription_id, pharm_prod_id, start_date, end_date, dosage, frequency) VALUES ('186', '89762', '2025-08-29 00:00:00', '2025-10-01 00:00:00', 'Όσο απαράδεκτη ατόμου ήδη μετράει είχαμε κάτι. Διακόψουμε μάθε τοπικές επενδυτής. Παράγοντες τι διαφήμιση δούλευε.', 'Περιβάλλοντος σημεία εικόνες θα αποκλειστικούς έλεγχος.');
INSERT INTO prescription (prescription_id, doctor_id, patient_id) VALUES ('187', '2406419109', '1909077893');
INSERT INTO prescribed_products (prescription_id, pharm_prod_id, start_date, end_date, dosage, frequency) VALUES ('187', '36558', '2025-07-08 00:00:00', '2025-07-17 00:00:00', 'Πετάνε ας ειδικά. Επί τρόπο ως σας περιβάλλοντος επιστρέφουν χρησιμοποιώντας. Κι αποδείξεις γνωστή μέχρι ναι.', 'Διορθώσει δύο μεταγλωτίσει.');
INSERT INTO prescription (prescription_id, doctor_id, patient_id) VALUES ('188', '0404978442', '1311938597');
INSERT INTO prescribed_products (prescription_id, pharm_prod_id, start_date, end_date, dosage, frequency) VALUES ('188', '5123', '2020-01-19 00:00:00', '2020-01-23 00:00:00', 'Επιδιορθώσεις δυστυχής λαμβάνουν μέρος. Βουτήξουν ότι από δυστυχώς.', 'Παραδοτέου συνεντεύξεις εικόνες γέλασαν δύο από νέο.');
INSERT INTO prescription (prescription_id, doctor_id, patient_id) VALUES ('189', '1808559940', '1504489594');
INSERT INTO prescribed_products (prescription_id, pharm_prod_id, start_date, end_date, dosage, frequency) VALUES ('189', '110564', '2021-06-16 00:00:00', '2021-07-30 00:00:00', 'Πρώτης εταιρείες βιβλίο. Ήδη κι τρόποι ανεπιθύμητη τις άρα ίδιο. Έξι τεσσαρών ακούσει θυμάμαι ροή επί μια.
Με εξακολουθεί αν αναφορά μια επεξεργασία σταματάς. Ρωτήσει ημέρα αντιλήφθηκαν των ίδιο.', 'Πήρε την κάτι. Μη ύψος πολύ άτομο αφήσεις αγοράζοντας.');
INSERT INTO prescription (prescription_id, doctor_id, patient_id) VALUES ('190', '2502902231', '1711219538');
INSERT INTO prescribed_products (prescription_id, pharm_prod_id, start_date, end_date, dosage, frequency) VALUES ('190', '43859', '2020-10-27 00:00:00', '2020-10-31 00:00:00', 'Διορθώσει δημιουργια σαν.
Ερώτηση με κρατήσουν γραφικά της κώδικα άρθρων. Μια μέγιστη δημιουργείς εκτός.', 'Ένας πολύ μεταγλωτιστής περισσότερες.');
INSERT INTO prescription (prescription_id, doctor_id, patient_id) VALUES ('191', '3012598800', '2802258035');
INSERT INTO prescribed_products (prescription_id, pharm_prod_id, start_date, end_date, dosage, frequency) VALUES ('191', '106578', '2022-02-17 00:00:00', '2022-03-19 00:00:00', 'Στο αποκλειστικούς ξέχασε πλέον. Πάντως δίνοντας ανταγωνιστής ρωτάει. Δυστυχώς γραμμή δε χρησιμοποιούσες όσο τι.
Ο διακόψουμε ροή προσπαθούν.', 'Αποδείξεις πες βουτήξουν χρειάζονται θα πετάνε. Ανώδυνη ήδη παράδειγμα μας.');
INSERT INTO prescription (prescription_id, doctor_id, patient_id) VALUES ('192', '0707820743', '0809715419');
INSERT INTO prescribed_products (prescription_id, pharm_prod_id, start_date, end_date, dosage, frequency) VALUES ('192', '132924', '2021-08-03 00:00:00', '2021-08-22 00:00:00', 'Κύκλο στήλες επί προσπαθούν κανένας ο. Μπουν στα βαθμό ας μηχανής.
Κάτι έξι διαχειριστής παίρνει. Δοκιμάσεις ακούσει εγώ μια την. Προκαλείς γραμμές έτσι επί αυτός κι στέλνοντάς χρησιμοποίησέ.', 'Αναφορά πεδία εφαρμογή πιο. Ανά επί θέμα ως απαράδεκτη.');
INSERT INTO prescription (prescription_id, doctor_id, patient_id) VALUES ('193', '2205469029', '1701197374');
INSERT INTO prescribed_products (prescription_id, pharm_prod_id, start_date, end_date, dosage, frequency) VALUES ('193', '134648', '2024-07-29 00:00:00', '2024-08-14 00:00:00', 'Έχω εργαζόμενοι να έξι διαχειριστής τι. Δυστυχώς εκτελείται μια το εξακολουθεί εικόνες.
Μετράει συγγραφείς έτσι νέου άτομο πρόσληψη μετράει συνεχώς. Κι κόλπα άρα.', 'Έχω αρπάζεις δημιουργήσεις έτσι προσεκτικά κανόνα εκτελέσεις.');
INSERT INTO prescription (prescription_id, doctor_id, patient_id) VALUES ('194', '1705602559', '0407492098');
INSERT INTO prescribed_products (prescription_id, pharm_prod_id, start_date, end_date, dosage, frequency) VALUES ('194', '85530', '2023-08-02 00:00:00', '2023-08-17 00:00:00', 'Και μας σου παραπάνω χρονοδιαγράμματος.
Νόμιζες διευθυντές πως μεταγλωτίσει ποσοστό όσο με κι. Χρησιμοποιώντας συνέχεια διακοπή δημιουργείς συνεχώς. Ευκολότερο μια αποδείξεις επιδιόρθωση δημιουργείς.', 'Σου ανταγωνιστής εξοργιστικά υπηρεσία απομόνωση μετρήσεις.');
INSERT INTO prescription (prescription_id, doctor_id, patient_id) VALUES ('195', '0307549248', '0510660375');
INSERT INTO prescribed_products (prescription_id, pharm_prod_id, start_date, end_date, dosage, frequency) VALUES ('195', '139995', '2023-02-20 00:00:00', '2023-03-01 00:00:00', 'Δεν αποθηκευτικού εκθέσεις. Σου χρησιμοποιώντας βασανίζουν μια κάνε μετράει γεγονός γεγονός.
Ανά προσθέσει χρησιμοποιούσες σημαντικό. Στα αντιλήφθηκαν μερικούς πλέον ανώδυνη εγώ.', 'Δείξει ανεπιθύμητη συνεντεύξεις που εταιρείες μια άτομο.');
INSERT INTO prescription (prescription_id, doctor_id, patient_id) VALUES ('196', '2205469029', '1101655806');
INSERT INTO prescribed_products (prescription_id, pharm_prod_id, start_date, end_date, dosage, frequency) VALUES ('196', '64630', '2025-08-16 00:00:00', '2025-08-17 00:00:00', 'Κι περιβάλλον δημιουργείς περιεχόμενα. Αντιλήφθηκαν ανά τα κλπ χρονοδιαγράμματος πάντως τις. Έχω που όταν κλπ.', 'Κανένας υψηλότερη πάντως μέσης αρέσει μερικούς. Μεταφραστής τρόποι όταν νέων.');
INSERT INTO prescription (prescription_id, doctor_id, patient_id) VALUES ('197', '1108642138', '1909077893');
INSERT INTO prescribed_products (prescription_id, pharm_prod_id, start_date, end_date, dosage, frequency) VALUES ('197', '91083', '2026-02-22 00:00:00', '2026-04-06 00:00:00', 'Περισσότερη μα ποσοστό μέχρι. Διακοπή των επεξεργασία εκτός με σπίτι υψηλότερη σίγουρος. Βιαστικά λέει πρώτης στα.', 'Ότι μέχρι λέει εκτελέσει δωροδοκηθούν πιο έτσι.');
INSERT INTO prescription (prescription_id, doctor_id, patient_id) VALUES ('198', '2203591874', '1609775336');
INSERT INTO prescribed_products (prescription_id, pharm_prod_id, start_date, end_date, dosage, frequency) VALUES ('198', '12332', '2026-02-26 00:00:00', '2026-04-08 00:00:00', 'Κειμένων νέων υόρκη εκτελέσεις κανόνα συγκεντρωμένοι όταν. Να γεγονός δύο. Αθόρυβες των μαγικά κόψεις ήδη αυτός μιας.', 'Ανακλύψεις νιρβάνα προϊόντα νέου παραδώσεις. Που μαγικά στα νόμιζες νέα θέμα.');
INSERT INTO prescription (prescription_id, doctor_id, patient_id) VALUES ('199', '1109428284', '3105047062');
INSERT INTO prescribed_products (prescription_id, pharm_prod_id, start_date, end_date, dosage, frequency) VALUES ('199', '68050', '2024-10-26 00:00:00', '2024-11-12 00:00:00', 'Κειμένων κι μην σου. Χρονοδιαγράμματος έλεγχος κανόνα χάος ναι. Εκτελέσεις προκαλείς δωροδοκηθούν δε.
Καλύτερο το χάος σας ακούσει τις.', 'Πιο μέγιστη πεδία κανόνα. Ξέχασε και απομόνωση δεν άπειρα το.');
INSERT INTO prescription (prescription_id, doctor_id, patient_id) VALUES ('200', '0306542190', '0304226385');
INSERT INTO prescribed_products (prescription_id, pharm_prod_id, start_date, end_date, dosage, frequency) VALUES ('200', '91279', '2022-03-12 00:00:00', '2022-04-05 00:00:00', 'Το το τρόποι τρόποι ζητήσεις από έστελνε σπίτι. Ένα παραδώσεις περιεχόμενα αποθηκευτικού άρθρων και ύψος.
Έχω ρωτήσει φίλος λες μην στραβά. Νέων άπειρα χαρακτηριστικό εργαλείων δούλευε.', 'Στα ναι μεταφραστής πεδία παίξουν.');
INSERT INTO prescription (prescription_id, doctor_id, patient_id) VALUES ('201', '2205469029', '3001785948');
INSERT INTO prescribed_products (prescription_id, pharm_prod_id, start_date, end_date, dosage, frequency) VALUES ('201', '30351', '2026-06-02 00:00:00', '2026-06-09 00:00:00', 'Συνάδελφος από πολύ αποστηθίσει του στραβά. Συνεχώς απόλαυσε μια. Περισσότερη έξι εργαλείων χρησιμοποιώντας.
Όταν επεξεργασία γεγονός. Αυτός γραφικά πάντως. Νιρβάνα κώδικάς διάσημα τους χάος την εγώ.', 'Συγγραφείς σου διακοπή εξοργιστικά εγώ. Ελέγχου πάντα προβληματική διάσημα να.');
INSERT INTO prescription (prescription_id, doctor_id, patient_id) VALUES ('202', '2906627360', '2201087342');
INSERT INTO prescribed_products (prescription_id, pharm_prod_id, start_date, end_date, dosage, frequency) VALUES ('202', '106043', '2021-06-24 00:00:00', '2021-08-22 00:00:00', 'Του διολισθήσεις μη σίγουρος προσπαθούν μου. Λέει στέλνοντάς χαρτιού και επιστρέφουν. Διακόψουμε κώδικάς άτομο θυμάμαι.
Διορθώσεις επί έξι την. Όσο σκεφτείς μέγιστη παράγοντες επιδιορθώσεις.', 'Εφαμοργής εργάστηκε δωροδοκηθούν πάντως.');
INSERT INTO prescription (prescription_id, doctor_id, patient_id) VALUES ('203', '2404738380', '1804013485');
INSERT INTO prescribed_products (prescription_id, pharm_prod_id, start_date, end_date, dosage, frequency) VALUES ('203', '143020', '2020-12-16 00:00:00', '2021-02-01 00:00:00', 'Παραδώσεις όχι που εργαζόμενοι εκτός. Δεν νιρβάνα προκαλείς εργαζόμενων άρα κι σημεία ιδιαίτερα. Δείξει κοιτάζοντας τρόπο φαινόμενο περισσότερη εγώ.', 'Στη μπουν πολύ ας στη ένα πρώτης. Ειδικά μου βρίσκονται εξαρτάται κάνε.');
INSERT INTO prescription (prescription_id, doctor_id, patient_id) VALUES ('204', '0906651672', '0808960014');
INSERT INTO prescribed_products (prescription_id, pharm_prod_id, start_date, end_date, dosage, frequency) VALUES ('204', '61767', '2020-04-14 00:00:00', '2020-05-15 00:00:00', 'Ορίστε ένας τοπικές σου βουτήξουν αποθηκευτικού. Με πήρε νέων συγγραφείς ένας. Έξι εκτελέσει λιγότερο.', 'Όχι εξαρτάται αυτήν πλέον στις πετάξαμε περιμένουν.');
INSERT INTO prescription (prescription_id, doctor_id, patient_id) VALUES ('205', '2801801564', '1609775336');
INSERT INTO prescribed_products (prescription_id, pharm_prod_id, start_date, end_date, dosage, frequency) VALUES ('205', '29544', '2020-04-14 00:00:00', '2020-04-19 00:00:00', 'Περιβάλλον μεταφραστής και ήδη μα στα. Εντολές τέλειοι ρωτήσει μέχρι. Κανείς ανακλύψεις χρονοδιαγράμματα εδώ αντιλήφθηκαν αρέσει κάτι.', 'Κρατάει δυστυχώς απλό. Εταιρείες έτοιμος εγώ.');
INSERT INTO prescription (prescription_id, doctor_id, patient_id) VALUES ('206', '0111689660', '2101054987');
INSERT INTO prescribed_products (prescription_id, pharm_prod_id, start_date, end_date, dosage, frequency) VALUES ('206', '103922', '2020-07-24 00:00:00', '2020-09-14 00:00:00', 'Μετράει δεδομένων το ρωτάει. Ποσοστό χρονοδιαγράμματος κάνεις συγγραφής. Δωροδοκηθούν νόμιζες αντιλήφθηκαν ήδη άρα γνωστή.', 'Των προβληματική διαφήμιση κάνε δε. Τη έξι στο.');
INSERT INTO prescription (prescription_id, doctor_id, patient_id) VALUES ('207', '1207427571', '0809715419');
INSERT INTO prescribed_products (prescription_id, pharm_prod_id, start_date, end_date, dosage, frequency) VALUES ('207', '21016', '2023-12-01 00:00:00', '2024-01-14 00:00:00', 'Δυστυχής εφαρμογή ο. Νόμιζες ρωτάει το χρησιμοποιούνταν εδώ εγώ.
Κρατήσουν λέει απαρατήρητο τον. Από πάντως μετράει βαθμό. Δωροδοκηθούν σημεία επενδυτής προσλάμβανες.', 'Κι έξι έξι στις. Μέχρι άλγεβρα κρατήσουν τοπικές έτσι φαινόμενο βγήκε εκτός.');
INSERT INTO prescription (prescription_id, doctor_id, patient_id) VALUES ('208', '2501995986', '1102770382');
INSERT INTO prescribed_products (prescription_id, pharm_prod_id, start_date, end_date, dosage, frequency) VALUES ('208', '119735', '2025-02-22 00:00:00', '2025-04-05 00:00:00', 'Ας δεν και σωστά χρησιμοποιούσες. Ημέρα αν μέχρι έτσι ποια σωστά ταξινομεί.
Εξακολουθεί μπουν γνωστή ήδη. Κάτι έχω ανώδυνη αρέσει διαχειριστής απλό πολύ φακέλους.', 'Χρειάζονται λιγότερο αποκλειστικούς φαινόμενο παραδώσεις.');
INSERT INTO prescription (prescription_id, doctor_id, patient_id) VALUES ('209', '2906540192', '1709409251');
INSERT INTO prescribed_products (prescription_id, pharm_prod_id, start_date, end_date, dosage, frequency) VALUES ('209', '133137', '2021-06-21 00:00:00', '2021-07-08 00:00:00', 'Περισσότερη μεταγλωτιστής περιβάλλον συγγραφείς ως εξακολουθεί δίνοντας. Απαρατήρητο πήρε βαθμό συνεχώς συνεντεύξεις σου από.
Έλεγχος συγκεντρωμένοι ρουτίνα κόλπα. Γραμμές αποθηκευτικού για.', 'Πακέτων που κάτι πρώτης το αποδείξεις μέσης.');
INSERT INTO prescription (prescription_id, doctor_id, patient_id) VALUES ('210', '0708733889', '0605510600');
INSERT INTO prescribed_products (prescription_id, pharm_prod_id, start_date, end_date, dosage, frequency) VALUES ('210', '111833', '2020-08-18 00:00:00', '2020-09-17 00:00:00', 'Ώρα εκτός σπίτι μιας συγχωνευτεί. Γεύματος εκτός σαν ανταγωνιστής. Πως πιο προσλάμβανες σίγουρος εκτελέσει ρωτάει του παραπάνω.
Πιο κειμένων γειτονιάς τις αρχεία άρθρων μη.', 'Τα άρα ανεπιθύμητη περίπου μια πετάξαμε.');
INSERT INTO prescription (prescription_id, doctor_id, patient_id) VALUES ('211', '1705602559', '2306891683');
INSERT INTO prescribed_products (prescription_id, pharm_prod_id, start_date, end_date, dosage, frequency) VALUES ('211', '86115', '2024-02-16 00:00:00', '2024-03-09 00:00:00', 'Μεταγλωτιστής πάντως φράση. Τα αθόρυβες λέει ανά από. Χρησιμοποιώντας ακούσει τα συνεντεύξεις.', 'Στις εδώ μας παράγοντες. Σας ξέχασε γραμμής άρα συνεχώς τις εκτός.');
INSERT INTO prescription (prescription_id, doctor_id, patient_id) VALUES ('212', '2106602456', '0902442730');
INSERT INTO prescribed_products (prescription_id, pharm_prod_id, start_date, end_date, dosage, frequency) VALUES ('212', '155946', '2020-03-04 00:00:00', '2020-03-13 00:00:00', 'Μη τοπικές έξι εργαλείων κλπ. Πετάνε εταιρείες ζητήσεις βασανίζουν. Ναι έτσι πλέον επί δημιουργείς.
Μηχανής πιο διαφήμιση χαρακτηριστικό διάσημα ανά απαραίτητο μέχρι. Όσο μην μεταγλωτίσει.', 'Των τους κοιτάζοντας ποια την όταν στη πετούν.');
INSERT INTO prescription (prescription_id, doctor_id, patient_id) VALUES ('213', '2311474214', '1411689363');
INSERT INTO prescribed_products (prescription_id, pharm_prod_id, start_date, end_date, dosage, frequency) VALUES ('213', '53226', '2026-09-17 00:00:00', '2026-09-26 00:00:00', 'Πως μαγικά εδώ σας πηγαίου. Πιο διάβασε κοιτάζοντας σταματάς προϊόντα. Τοπικές βιαστικά βουτήξουν. Ρωτήσει μπορούσες ίδιο εγώ ένα προγραμματιστής ανά.', 'Από γραμμές αναφορά χρησιμοποίησέ αρπάζεις. Εργασίας μα δεν ταξινομεί ροή.');
INSERT INTO prescription (prescription_id, doctor_id, patient_id) VALUES ('214', '2411651898', '1410207364');
INSERT INTO prescribed_products (prescription_id, pharm_prod_id, start_date, end_date, dosage, frequency) VALUES ('214', '50802', '2023-03-17 00:00:00', '2023-05-04 00:00:00', 'Εκθέσεις έλεγχος δύο συνεντεύξεις ότι. Γνωρίζουμε και μην εδώ παίρνουν. Έξι επενδυτής τις επιστρέφουν περιεχόμενα αναγκάζονται με σπίτι.', 'Ποσοστό ερωτήσεις κάτι έγραψες τον. Εκθέσεις ίδιο νέου τρόπο.');
INSERT INTO prescription (prescription_id, doctor_id, patient_id) VALUES ('215', '1912455789', '1211580926');
INSERT INTO prescribed_products (prescription_id, pharm_prod_id, start_date, end_date, dosage, frequency) VALUES ('215', '35039', '2021-07-06 00:00:00', '2021-07-09 00:00:00', 'Μέγιστη γνωστή συνάδελφος τοπικές συνέχεια τεσσαρών λετπά.
Διακόψουμε κάτι υψηλότερη πως έρθει φακέλους. Ναι επί πλέον τη.', 'Φαινόμενο σου εργαζόμενοι που. Μας προσπαθήσεις προγραμματιστής εδώ δεν.');
INSERT INTO prescription (prescription_id, doctor_id, patient_id) VALUES ('216', '1803800903', '0903954105');
INSERT INTO prescribed_products (prescription_id, pharm_prod_id, start_date, end_date, dosage, frequency) VALUES ('216', '133839', '2023-07-28 00:00:00', '2023-08-29 00:00:00', 'Κόψεις λοιπόν δημιουργήσεις τα. Έτσι διαφήμιση ρωτήσει να του έτσι. Ίδιο απαρατήρητο διαδίκτυο διασφαλίζεται παράδειγμα ρουτίνα.', 'Αποθηκευτικού πετούν που. Εργαλείων πάντως κύκλο με τα καταλάθος.');
INSERT INTO prescription (prescription_id, doctor_id, patient_id) VALUES ('217', '0103962870', '1211580926');
INSERT INTO prescribed_products (prescription_id, pharm_prod_id, start_date, end_date, dosage, frequency) VALUES ('217', '99445', '2021-09-19 00:00:00', '2021-10-08 00:00:00', 'Έγραψες χρησιμοποιούνταν πιο όσο μεταγλωτίσει από. Δυστυχώς αναγκάζονται πάντως εκτός. Σπίτι σταματάς την μα.', 'Χαρακτηριστικό τη όχι σκεφτείς διαπιστώνεις πάντα.');
INSERT INTO prescription (prescription_id, doctor_id, patient_id) VALUES ('218', '0701944806', '0407072044');
INSERT INTO prescribed_products (prescription_id, pharm_prod_id, start_date, end_date, dosage, frequency) VALUES ('218', '77900', '2026-05-02 00:00:00', '2026-06-08 00:00:00', 'Εργαζόμενοι να ήδη τους εφαρμογή στη επενδυτής ήδη. Καταλάθος ανακλύψεις λετπά ατόμου. Επιστρέφουν στα θέλεις γραμμής πακέτων απαρατήρητο προγραμματιστής.
Θα πάντα δεν πως παράγοντες προσθέσει.', 'Δύο επεξεργασία εξαρτάται διορθώσει στις μπορούσες φαινόμενο.');
INSERT INTO prescription (prescription_id, doctor_id, patient_id) VALUES ('219', '1008990170', '0112988267');
INSERT INTO prescribed_products (prescription_id, pharm_prod_id, start_date, end_date, dosage, frequency) VALUES ('219', '88174', '2021-08-01 00:00:00', '2021-09-02 00:00:00', 'Μα συγχρόνως στη διαφήμιση. Συγχωνευτεί ίδιο με ανεπιθύμητη.
Δύο γεγονός μέσης ανεπιθύμητη στο ήδη. Λίγο δεν κάτι δεν όχι.', 'Περίπου σχεδιαστής άπειρα φαινόμενο πάντως. Επιδιορθώσεις μαγικά που.');
INSERT INTO prescription (prescription_id, doctor_id, patient_id) VALUES ('220', '2311474214', '1101655806');
INSERT INTO prescribed_products (prescription_id, pharm_prod_id, start_date, end_date, dosage, frequency) VALUES ('220', '149845', '2023-03-18 00:00:00', '2023-05-10 00:00:00', 'Αποστηθίσει με που δύο. Αναγκάζονται συνεντεύξεις τις προγραμματιστές άρα κειμένων δωροδοκηθούν. Άλγεβρα ημέρα μεταφραστής πολύ ρωτάει των τον.', 'Σε τη τι έρθει γειτονιάς από σου.');
INSERT INTO prescription (prescription_id, doctor_id, patient_id) VALUES ('221', '1908663047', '1603797884');
INSERT INTO prescribed_products (prescription_id, pharm_prod_id, start_date, end_date, dosage, frequency) VALUES ('221', '161289', '2021-08-24 00:00:00', '2021-09-13 00:00:00', 'Εξακολουθεί εκείνου σε κάτι. Προσοχή ανταγωνιστής επιχείριση συνεντεύξεις τους.', 'Εταιρείες πάντα λίγο ναι. Άρθρων σκεφτείς αναφέρονται.');
INSERT INTO prescription (prescription_id, doctor_id, patient_id) VALUES ('222', '0706543302', '1606886766');
INSERT INTO prescribed_products (prescription_id, pharm_prod_id, start_date, end_date, dosage, frequency) VALUES ('222', '129117', '2025-06-21 00:00:00', '2025-07-25 00:00:00', 'Συνάδελφος στις διάσημα χρονοδιαγράμματος ότι παραδώσεις έτσι.
Διαφήμιση εργαλείων τέλειοι. Χειρότερα προγραμματιστής έρθει.', 'Έτσι κι πρόσληψη αποδείξεις του. Πάντως για από με βάζοντας αυτήν.');
INSERT INTO prescription (prescription_id, doctor_id, patient_id) VALUES ('223', '2111532740', '1004967910');
INSERT INTO prescribed_products (prescription_id, pharm_prod_id, start_date, end_date, dosage, frequency) VALUES ('223', '121493', '2025-08-08 00:00:00', '2025-09-02 00:00:00', 'Σχεδιαστής λιγότερο κι που κανένας στραβά φαινόμενο. Τέλειοι επί περισσότερες. Λίγο αναφέρονται λιγότερο εργασίας.', 'Διορθώσει χρόνου έχω αλγόριθμου πετάνε.');
INSERT INTO prescription (prescription_id, doctor_id, patient_id) VALUES ('224', '2809979050', '2206580644');
INSERT INTO prescribed_products (prescription_id, pharm_prod_id, start_date, end_date, dosage, frequency) VALUES ('224', '69494', '2020-05-15 00:00:00', '2020-05-20 00:00:00', 'Διαχειριστής δοκιμάσεις περισσότερες το διαδίκτυο απλό. Διοικητικό περιεχόμενα παίξουν πετούν. Διοικητικό πρόσληψη σας λίγο έξι ώρα εκείνου ένα. Θέμα διαχειριστής του μη.', 'Πολύ πρόσληψη διαδίκτυο έτοιμος ανά εργαζόμενοι.');
INSERT INTO prescription (prescription_id, doctor_id, patient_id) VALUES ('225', '1109428284', '2407167798');
INSERT INTO prescribed_products (prescription_id, pharm_prod_id, start_date, end_date, dosage, frequency) VALUES ('225', '83840', '2023-08-20 00:00:00', '2023-08-31 00:00:00', 'Αθόρυβες τρόπο μια τους μιας. Λετπά μου εφαρμογή αρέσει στη κειμένων. Παίρνουν εσωτερικών εργαζόμενοι μεταγλωτιστής εργοστασίου πρώτο ιδιαίτερα.', 'Διάσημα ρωτήσει διορθώσεις πόρτες μέρος κόλπα μηχανής. Αν όσο προσοχή όχι.');
INSERT INTO prescription (prescription_id, doctor_id, patient_id) VALUES ('226', '0402587115', '2904000839');
INSERT INTO prescribed_products (prescription_id, pharm_prod_id, start_date, end_date, dosage, frequency) VALUES ('226', '29302', '2026-04-30 00:00:00', '2026-05-09 00:00:00', 'Των προσοχή κοιτάζοντας χρησιμοποιώντας. Στήλες καταλάθος ανεπιθύμητη ανά οι χρησιμοποιούνταν σημαντικός σημεία.', 'Επί μιας πετούν κάτι. Μάτσο όχι εργαζόμενων κειμένων κειμένων δεν.');
INSERT INTO prescription (prescription_id, doctor_id, patient_id) VALUES ('227', '2502902231', '1603558833');
INSERT INTO prescribed_products (prescription_id, pharm_prod_id, start_date, end_date, dosage, frequency) VALUES ('227', '123880', '2021-01-14 00:00:00', '2021-01-30 00:00:00', 'Τον διακοπής εφαρμογής επιδιόρθωση λίγο συνεχώς εδώ ίδιο. Βασανίζουν κάτι γιαυτό έχω προϊόντα σκεφτείς έχω τις. Εκτός μην πάντως πάρεις λέει στη για λέει.', 'Βασανίζουν χαρακτηριστικό εκτός μεταγλωτιστής τα στη από.');
INSERT INTO prescription (prescription_id, doctor_id, patient_id) VALUES ('228', '1112753348', '2004552385');
INSERT INTO prescribed_products (prescription_id, pharm_prod_id, start_date, end_date, dosage, frequency) VALUES ('228', '97433', '2021-02-14 00:00:00', '2021-04-10 00:00:00', 'Κάνε μη για σημεία.
Ρουτίνα σε στα παραδοτέου τα. Πάντα μιας έχω πήρε της ποια όχι. Αποφάσισε σαν χώρου μας. Εδώ σωστά προβληματική αγοράζοντας επιχείριση.', 'Εργαλείων αρπάζεις συνέχεια εκείνου κάνεις πόρτες που.');
INSERT INTO prescription (prescription_id, doctor_id, patient_id) VALUES ('229', '2003609278', '1410207364');
INSERT INTO prescribed_products (prescription_id, pharm_prod_id, start_date, end_date, dosage, frequency) VALUES ('229', '110504', '2023-08-21 00:00:00', '2023-09-12 00:00:00', 'Σημαντικός σπίτι αθόρυβες ημέρα λοιπόν άρα κρατήσουν. Ναι εδώ ο χρόνου μας.
Περίπου ώρα το πετούν καλύτερο δε τους. Εξοργιστικά τέλειοι εργαζόμενοι τα σαν. Σας τον πρόσληψη καλύτερο άρα κλπ.', 'Τύπους για χρόνου διακοπή χρησιμοποιώντας θέματα.');
INSERT INTO prescription (prescription_id, doctor_id, patient_id) VALUES ('230', '0510600514', '1701840753');
INSERT INTO prescribed_products (prescription_id, pharm_prod_id, start_date, end_date, dosage, frequency) VALUES ('230', '160200', '2023-05-10 00:00:00', '2023-07-03 00:00:00', 'Δημιουργείς δύο άρθρων εντολές περισσότερη αποφάσισε.
Προσεκτικά πως κρατάει εικόνες το τι διασφαλίζεται. Ωραίο σωστά τον αναφορά προκύπτουν πες. Κάνεις κλπ νόμιζες βρίσκονται από μέχρι.', 'Ανά διακόψουμε πρώτης που πρόσληψη έχω.');
INSERT INTO prescription (prescription_id, doctor_id, patient_id) VALUES ('231', '2402877693', '1403725141');
INSERT INTO prescribed_products (prescription_id, pharm_prod_id, start_date, end_date, dosage, frequency) VALUES ('231', '100536', '2025-06-13 00:00:00', '2025-08-12 00:00:00', 'Επί προϊόντα άτομο ναι πρώτοι. Ανακλύψεις ειδικά φράση ελέγχου εκτελείται.', 'Γεγονός παράγοντες κλπ όχι επιδιόρθωση σημαντικός κόλπα.');
INSERT INTO prescription (prescription_id, doctor_id, patient_id) VALUES ('232', '2205469029', '0411706871');
INSERT INTO prescribed_products (prescription_id, pharm_prod_id, start_date, end_date, dosage, frequency) VALUES ('232', '142539', '2026-12-28 00:00:00', '2027-01-25 00:00:00', 'Οι γέλασαν φίλος πολύ βιβλίο μια διευθυντές. Που σωστά τεκμηριώνει κρατήσουν ρωτάει.
Ναι που αναφορά. Χαμηλός δυστυχής στο κειμένων αναφορά περιεχόμενα σε.', 'Από στραβά και ύψος περισσότερη σημαντικός. Μεταγλωτίσει εκτελέσει πιο.');
INSERT INTO prescription (prescription_id, doctor_id, patient_id) VALUES ('233', '1209483269', '2410806416');
INSERT INTO prescribed_products (prescription_id, pharm_prod_id, start_date, end_date, dosage, frequency) VALUES ('233', '79256', '2022-06-23 00:00:00', '2022-07-25 00:00:00', 'Πετάξαμε αγοράζοντας δεν κι διακοπή. Διάβασε προβληματική σαν πάντα νέου στη βασανίζουν ροή. Ναι εφαρμογής πόρτες στραβά τρέξει μετρήσεις.', 'Δυστυχής λίγο δημιουργήσεις εδώ κειμένων εντολές.');
INSERT INTO prescription (prescription_id, doctor_id, patient_id) VALUES ('234', '1402646365', '0303592574');
INSERT INTO prescribed_products (prescription_id, pharm_prod_id, start_date, end_date, dosage, frequency) VALUES ('234', '94286', '2021-11-01 00:00:00', '2021-11-14 00:00:00', 'Προσοχή απόλαυσε έστελνε άπειρα εικόνες στη αποστηθίσει. Συγγραφής αν εφαρμογή έχω ήδη και.
Όσο ώρα τα επεξεργασία ώρα όσο λίγο ως. Όταν μετράει ατόμου αρέσει.', 'Συνάδελφος πλέον έχω εδώ αναφέρονται άλγεβρα τις των.');
INSERT INTO prescription (prescription_id, doctor_id, patient_id) VALUES ('235', '1808559940', '2211498362');
INSERT INTO prescribed_products (prescription_id, pharm_prod_id, start_date, end_date, dosage, frequency) VALUES ('235', '150647', '2020-06-22 00:00:00', '2020-08-05 00:00:00', 'Κανείς που νέων κώδικάς. Ευκολότερο στέλνοντάς ξέχασε πρόσληψη δημιουργείς τρόπο ακούσει. Τι ποια περιβάλλοντος ως χρησιμοποιούνταν γιαυτό.', 'Συγχωνευτεί ανακλύψεις πετούν εκείνου έγραψες. Έξι τελειώσει δεν δούλευε.');
INSERT INTO prescription (prescription_id, doctor_id, patient_id) VALUES ('236', '1810910652', '0806014938');
INSERT INTO prescribed_products (prescription_id, pharm_prod_id, start_date, end_date, dosage, frequency) VALUES ('236', '120206', '2023-06-24 00:00:00', '2023-08-05 00:00:00', 'Για δοκιμάσεις επιδιορθώσεις εφαμοργής πως. Βαθμό του ξέχασε ως γραμμή από.
Ήδη γνωστή τύπους προσοχή προσεκτικά εκτός.
Είχαμε δεν ως μας εργοστασίου.', 'Λέει αφήσεις με ίδιο. Εγώ ότι των έξι εγώ βαθμό.');
INSERT INTO prescription (prescription_id, doctor_id, patient_id) VALUES ('237', '2809979050', '0301616013');
INSERT INTO prescribed_products (prescription_id, pharm_prod_id, start_date, end_date, dosage, frequency) VALUES ('237', '45873', '2026-04-28 00:00:00', '2026-05-28 00:00:00', 'Όχι ήδη πεδία εργάστηκε έξι εδώ. Τις πολύ συνεχώς εργαζόμενοι.
Απομόνωση με ένα ανεπιθύμητη κάνε. Διορθώσεις μας μέχρι υψηλότερη. Μπορούσες και εγώ χάος μέχρι κανένας.', 'Όταν από μέχρι στα ένα. Εκτελείται μη επιδιορθώσεις εργαζόμενοι.');
INSERT INTO prescription (prescription_id, doctor_id, patient_id) VALUES ('238', '3012870045', '0601771534');
INSERT INTO prescribed_products (prescription_id, pharm_prod_id, start_date, end_date, dosage, frequency) VALUES ('238', '116854', '2022-09-06 00:00:00', '2022-10-12 00:00:00', 'Αναγκάζονται δε πάντως πακέτων διάσημα πιο οι. Προσοχή εκδόσεις ανώδυνη ειδικά εργαλείων μεταγλωτίσει που δεν.', 'Μεταφραστής παίξουν τι κανείς μετράει.');
INSERT INTO prescription (prescription_id, doctor_id, patient_id) VALUES ('239', '2906540192', '0510087485');
INSERT INTO prescribed_products (prescription_id, pharm_prod_id, start_date, end_date, dosage, frequency) VALUES ('239', '111001', '2021-03-15 00:00:00', '2021-05-03 00:00:00', 'Μάθε τη διευθυντές μερικούς μέχρι σημαντικό περιβάλλοντος ερώτηση. Ανά συνεντεύξεις χρησιμοποιούσες εκδόσεις.', 'Υποψήφιο τύπου έχω προϊόντα. Έλεγχος τοπικές νέα μα παραδώσεις όταν.');
INSERT INTO prescription (prescription_id, doctor_id, patient_id) VALUES ('240', '2906540192', '1508692893');
INSERT INTO prescribed_products (prescription_id, pharm_prod_id, start_date, end_date, dosage, frequency) VALUES ('240', '130463', '2021-10-17 00:00:00', '2021-12-02 00:00:00', 'Δείξει σημαντικό χάος ροή. Άλγεβρα συνέχεια πρώτης δούλευε περιβάλλοντος συνηθίζουν τελειώσει. Γεγονός δεν όχι κανείς και νέων.', 'Ξέχασε από έτσι μεταγλωτίσει πάντα δυστυχώς εφαρμογή μέγιστη.');
INSERT INTO prescription (prescription_id, doctor_id, patient_id) VALUES ('241', '2106602456', '2307877811');
INSERT INTO prescribed_products (prescription_id, pharm_prod_id, start_date, end_date, dosage, frequency) VALUES ('241', '71477', '2026-09-26 00:00:00', '2026-11-12 00:00:00', 'Ελέγχου παραγωγικής φράση αυτός. Δωροδοκηθούν μέχρι δημιουργήσεις μάθε απλό.
Ποια απλό τρόπο έχω μα αθόρυβες για. Και εσωτερικών κάτι εταιρείες.', 'Αθόρυβες χρονοδιαγράμματα γειτονιάς προβληματική. Ως οι μας δυστυχής.');
INSERT INTO prescription (prescription_id, doctor_id, patient_id) VALUES ('242', '2111532740', '1602028026');
INSERT INTO prescribed_products (prescription_id, pharm_prod_id, start_date, end_date, dosage, frequency) VALUES ('242', '14824', '2024-02-29 00:00:00', '2024-03-23 00:00:00', 'Βουτήξουν χρησιμοποιούνταν τύπου νέων έξι βαθμό τρέξει. Εργαλείων νέο περισσότερες βρίσκονται σημαντικός γιαυτό.
Πόρτες ανακλύψεις εκτός μπουν. Πετάξαμε σας ανά.', 'Ποια ευκολότερο προκύπτουν τα όταν. Ένα τρόπο πρώτοι παραδοτέου πιο.');
INSERT INTO prescription (prescription_id, doctor_id, patient_id) VALUES ('243', '0405403482', '0407492098');
INSERT INTO prescribed_products (prescription_id, pharm_prod_id, start_date, end_date, dosage, frequency) VALUES ('243', '115054', '2025-03-22 00:00:00', '2025-04-27 00:00:00', 'Ότι επιχείριση το απόλαυσε αυτός συγκεντρωμένοι έστειλε. Μιας δημιουργήσεις τι αποδείξεις.
Αντιλήφθηκαν στήλες κανένας διάσημα υποψήφιο ορίστε. Στη δύο αποθηκευτικού πάντως ρωτήσει ορίστε.', 'Πεδία περισσότερη εκείνου δίνοντας κάτι.');
INSERT INTO prescription (prescription_id, doctor_id, patient_id) VALUES ('244', '1712008709', '1701840753');
INSERT INTO prescribed_products (prescription_id, pharm_prod_id, start_date, end_date, dosage, frequency) VALUES ('244', '121987', '2022-06-25 00:00:00', '2022-08-19 00:00:00', 'Ποια σπίτι γειτονιάς πλέον. Συνάδελφος γραμμή διάσημα ήδη εργοστασίου.', 'Ρωτήσει φράση εντολές εξαρτάται κοιτάζοντας.');
INSERT INTO prescription (prescription_id, doctor_id, patient_id) VALUES ('245', '1007513743', '0706448500');
INSERT INTO prescribed_products (prescription_id, pharm_prod_id, start_date, end_date, dosage, frequency) VALUES ('245', '53365', '2022-07-30 00:00:00', '2022-08-16 00:00:00', 'Ατόμου εξακολουθεί θα κάτι οι. Κάτι διαδίκτυο προσπαθήσεις συγγραφής. Τις προσπαθήσεις μέχρι ημέρα πετούν. Κώδικα διακόψουμε επεξεργασία δυστυχώς πρώτοι ροή εκτός.', 'Όταν τις ήδη μου προκύπτουν πρώτο θυμάμαι. Συγκεντρωμένοι φακέλους αρπάζεις.');
INSERT INTO prescription (prescription_id, doctor_id, patient_id) VALUES ('246', '2404738380', '2211498362');
INSERT INTO prescribed_products (prescription_id, pharm_prod_id, start_date, end_date, dosage, frequency) VALUES ('246', '102108', '2026-10-03 00:00:00', '2026-12-02 00:00:00', 'Απαραίτητο συγγραφής τις βάζοντας μου γιαυτό προσεκτικά δοκιμάσεις. Νέα σχεδιαστής διαφήμιση πολύ διοικητικό.', 'Θέλεις σταματάς χρονοδιαγράμματος.');
INSERT INTO prescription (prescription_id, doctor_id, patient_id) VALUES ('247', '0103962870', '0909990472');
INSERT INTO prescribed_products (prescription_id, pharm_prod_id, start_date, end_date, dosage, frequency) VALUES ('247', '159278', '2021-04-23 00:00:00', '2021-05-17 00:00:00', 'Πες διάβασε μη χρονοδιαγράμματα τοπικές υψηλότερη περιβάλλοντος τις. Ταξινομεί τύπου έχω πρόσληψη. Άρα σας έξι για.', 'Αναφέρονται ανά ανταγωνιστής.');
INSERT INTO prescription (prescription_id, doctor_id, patient_id) VALUES ('248', '2203591874', '0311233042');
INSERT INTO prescribed_products (prescription_id, pharm_prod_id, start_date, end_date, dosage, frequency) VALUES ('248', '157575', '2024-01-10 00:00:00', '2024-02-27 00:00:00', 'Αρέσει εγώ μερικούς. Κόλπα σου τους χαμηλός αποθηκευτικού. Διακόψουμε ένας δοκιμάσεις χρονοδιαγράμματος ήδη εκτός.', 'Εκτός ρωτάει εργάστηκε νέου λιγότερο σας δε.');
INSERT INTO prescription (prescription_id, doctor_id, patient_id) VALUES ('249', '2502902231', '1701894379');
INSERT INTO prescribed_products (prescription_id, pharm_prod_id, start_date, end_date, dosage, frequency) VALUES ('249', '120539', '2023-05-01 00:00:00', '2023-05-04 00:00:00', 'Συνέχεια ένα όταν αποθηκευτικού περίπου.
Κι σημεία μου μερικούς. Μετρήσεις πιο τη τον κάτι έτοιμος στις.', 'Εκτελέσεις μια συνέχεια άρα νέο. Τοπικές ήδη πλέον τις. Μαγικά πιο νέα.');
INSERT INTO prescription (prescription_id, doctor_id, patient_id) VALUES ('250', '1402646365', '1002683337');
INSERT INTO prescribed_products (prescription_id, pharm_prod_id, start_date, end_date, dosage, frequency) VALUES ('250', '132270', '2024-01-20 00:00:00', '2024-03-16 00:00:00', 'Καταλάθος την χαρτιού εκτελέσεις δεν. Παίρνουν μια ίδιο.
Αναγκάζονται βιαστικά αποστηθίσει ρωτάει ποια αρέσει. Μου ένα χρόνου φίλος.', 'Κανείς έξι εικόνες ποια. Κι όσο των βιβλίο μπορούσες αναφορά.');
INSERT INTO prescription (prescription_id, doctor_id, patient_id) VALUES ('251', '2203591874', '2901588087');
INSERT INTO prescribed_products (prescription_id, pharm_prod_id, start_date, end_date, dosage, frequency) VALUES ('251', '66075', '2020-07-12 00:00:00', '2020-08-01 00:00:00', 'Οι διορθώσει τις δεν διαδίκτυο. Προσεκτικά ναι εικόνες τους προβληματική στις.
Κλπ με πες συνάδελφος. Κόψεις ρωτάει θυμάμαι. Πηγαίου λετπά διολισθήσεις ειδικά παραδώσεις.', 'Διολισθήσεις ότι σημεία ευκολότερο δυστυχώς τοπικές.');
INSERT INTO prescription (prescription_id, doctor_id, patient_id) VALUES ('252', '1009974497', '0106175216');
INSERT INTO prescribed_products (prescription_id, pharm_prod_id, start_date, end_date, dosage, frequency) VALUES ('252', '160845', '2024-01-15 00:00:00', '2024-02-13 00:00:00', 'Χρονοδιαγράμματος δημιουργήσεις εκθέσεις κάνε τρέξει εξαρτάται σωστά πρώτης. Θα ίδιο έτσι μερικούς δούλευε.
Είχαμε σε και επιδιόρθωση φίλος άτομο έρθει. Εξαρτάται διαπιστώνεις νέα μου εφαμοργής.', 'Διακοπής μια άρθρων συνεντεύξεις πάντως ναι ημέρα. Πεδία ροή εδώ βγήκε.');
INSERT INTO prescription (prescription_id, doctor_id, patient_id) VALUES ('253', '1402646365', '0510481986');
INSERT INTO prescribed_products (prescription_id, pharm_prod_id, start_date, end_date, dosage, frequency) VALUES ('253', '136838', '2020-01-20 00:00:00', '2020-02-16 00:00:00', 'Σίγουρος δυστυχώς τεκμηριώνει χαρτιού διάβασε θέμα.
Πολύ πάντως πεδία λιγότερο συγγραφείς εδώ αναφορά. Περισσότερες τον πως τρόπο καλύτερο αγοράζοντας. Μην νιρβάνα τύπους δεν τη εδώ.', 'Γραφικά δίνοντας σταματάς τη ας. Γράψει πάντα γραμμή έξι δεν.');
INSERT INTO prescription (prescription_id, doctor_id, patient_id) VALUES ('254', '2411004971', '1612755043');
INSERT INTO prescribed_products (prescription_id, pharm_prod_id, start_date, end_date, dosage, frequency) VALUES ('254', '62454', '2024-08-14 00:00:00', '2024-08-16 00:00:00', 'Φράση χρησιμοποιούσες χώρου στο βρίσκονται εντολές γνωστή. Εκτός χρησιμοποιούσες βαθμό έτσι γέλασαν.', 'Μέχρι στη κοιτάζοντας έξι. Έτσι πεδία σε ίδιο συγχρόνως διακοπή ξέχασε κρατάει.');
INSERT INTO prescription (prescription_id, doctor_id, patient_id) VALUES ('255', '2411651898', '2112540086');
INSERT INTO prescribed_products (prescription_id, pharm_prod_id, start_date, end_date, dosage, frequency) VALUES ('255', '46190', '2023-02-24 00:00:00', '2023-04-06 00:00:00', 'Διακοπή της πλέον πήρε.
Διαπιστώνεις χαρτιού προσοχή νέο δοκιμάσεις κώδικάς σημεία. Μην από πεδία γεύματος ροή.', 'Τα προσπαθήσεις συνάδελφος δούλευε επιχείριση.');
INSERT INTO prescription (prescription_id, doctor_id, patient_id) VALUES ('256', '0807736496', '0204156229');
INSERT INTO prescribed_products (prescription_id, pharm_prod_id, start_date, end_date, dosage, frequency) VALUES ('256', '155922', '2020-05-22 00:00:00', '2020-06-18 00:00:00', 'Ορίστε διαπιστώνεις γιαυτό μέσης κανείς προσπαθούν. Ύψος ως ναι ιδιαίτερα καταλάθος αποθηκευτικού αποστηθίσει. Στραβά παράγοντες συνέχεια προγραμματιστές προγραμματιστές πες.', 'Κάτι εφαμοργής το ωραίο εξοργιστικά πιο φίλος για. Γεύματος δύο σε.');
INSERT INTO prescription (prescription_id, doctor_id, patient_id) VALUES ('257', '3108788705', '1207555071');
INSERT INTO prescribed_products (prescription_id, pharm_prod_id, start_date, end_date, dosage, frequency) VALUES ('257', '1099', '2020-01-07 00:00:00', '2020-01-18 00:00:00', 'Από σας εικόνες μέγιστη συνεντεύξεις κανένας. Χρησιμοποιώντας έχω στο εκθέσεις εφαμοργής βάζοντας.', 'Προσεκτικά διάσημα νέα σε συγκεντρωμένοι στη μα μα.');
INSERT INTO prescription (prescription_id, doctor_id, patient_id) VALUES ('258', '2910450715', '0310669006');
INSERT INTO prescribed_products (prescription_id, pharm_prod_id, start_date, end_date, dosage, frequency) VALUES ('258', '110480', '2020-05-12 00:00:00', '2020-06-11 00:00:00', 'Αποδείξεις τις του κάτι πιο άλγεβρα. Όχι γραμμής πιο.
Βαθμό σαν μη αρχεία διάβασε. Κάτι εργαζόμενοι πρώτοι τη από ποια. Στις εφαρμογή φίλος ροή δε. Στέλνοντάς μέρος πακέτων του περιβάλλον βγήκε μην.', 'Στο κειμένων εδώ επιστρέφουν. Κάτι εκτελέσεις προκαλείς μα όχι.');
INSERT INTO prescription (prescription_id, doctor_id, patient_id) VALUES ('259', '1502550745', '3105055034');
INSERT INTO prescribed_products (prescription_id, pharm_prod_id, start_date, end_date, dosage, frequency) VALUES ('259', '104367', '2026-05-06 00:00:00', '2026-05-28 00:00:00', 'Μερικούς περιμένουν ανακλύψεις. Στήλες συγκεντρωμένοι ναι θέματα συγχρόνως κάτι.', 'Πάρα λετπά ημέρα υποψήφιο μη χάος το.');
INSERT INTO prescription (prescription_id, doctor_id, patient_id) VALUES ('260', '1008990170', '0809149671');
INSERT INTO prescribed_products (prescription_id, pharm_prod_id, start_date, end_date, dosage, frequency) VALUES ('260', '102804', '2024-02-18 00:00:00', '2024-02-25 00:00:00', 'Χρησιμοποίησέ από ποια διακόψουμε ας. Γνωστή προκαλείς τα έξι τρόποι. Κρατήσουν χαρτιού θέλεις αποκλειστικούς.', 'Ένα πες ότι απαράδεκτη τι πάντα σου μέγιστη.');
INSERT INTO prescription (prescription_id, doctor_id, patient_id) VALUES ('261', '2411004971', '2206580644');
INSERT INTO prescribed_products (prescription_id, pharm_prod_id, start_date, end_date, dosage, frequency) VALUES ('261', '52436', '2023-10-03 00:00:00', '2023-11-23 00:00:00', 'Τεσσαρών εργοστασίου αναγκάζονται εδώ. Ακούσει σταματάς αυτήν ότι της. Ανά χρόνου του μιας.
Φράση δύο παίξουν χρονοδιαγράμματα γιαυτό παραδώσεις ποσοστό.', 'Εξοργιστικά κρατήσουν αναφέρονται δεν δυστυχώς δύο τα.');
INSERT INTO prescription (prescription_id, doctor_id, patient_id) VALUES ('262', '1502550745', '1701197374');
INSERT INTO prescribed_products (prescription_id, pharm_prod_id, start_date, end_date, dosage, frequency) VALUES ('262', '135666', '2021-07-29 00:00:00', '2021-08-01 00:00:00', 'Υποψήφιο κρατάει πάντα στραβά. Έχω κάτι πολύ εδώ.
Το αναγκάζονται χρόνου σπίτι. Πετούν τον μη νέο. Εδώ εκθέσεις όταν τον πάντα ένα τι.', 'Νέων διαδίκτυο κειμένων τοπικές πλέον τον. Θέματα τελειώσει εκδόσεις από.');
INSERT INTO prescription (prescription_id, doctor_id, patient_id) VALUES ('263', '2910450715', '2410806416');
INSERT INTO prescribed_products (prescription_id, pharm_prod_id, start_date, end_date, dosage, frequency) VALUES ('263', '107093', '2025-01-01 00:00:00', '2025-01-07 00:00:00', 'Θέλεις αναγκάζονται αφήσεις. Θυμάμαι πολύ σημεία άρα μα χαρακτηριστικό.
Άρα χαρακτηριστικών τον αγοράζοντας κλπ. Προγραμματιστής ότι σχεδιαστής χρησιμοποιούσες.', 'Και απαρατήρητο κανόνα ποια περιβάλλοντος αρχεία.');
INSERT INTO prescription (prescription_id, doctor_id, patient_id) VALUES ('264', '3012598800', '2306891683');
INSERT INTO prescribed_products (prescription_id, pharm_prod_id, start_date, end_date, dosage, frequency) VALUES ('264', '47540', '2023-11-26 00:00:00', '2023-12-01 00:00:00', 'Εγώ εργάστηκε παραδώσεις κώδικάς τρόποι ένας μηχανής εγώ. Από έστελνε απαράδεκτη.', 'Δυστυχώς από συνεντεύξεις θα. Του για πλέον ζητήσεις. Χώρου διαφήμιση της.');
INSERT INTO prescription (prescription_id, doctor_id, patient_id) VALUES ('265', '0807736496', '1005553989');
INSERT INTO prescribed_products (prescription_id, pharm_prod_id, start_date, end_date, dosage, frequency) VALUES ('265', '115993', '2024-08-10 00:00:00', '2024-09-15 00:00:00', 'Τελειώσει στις διαχειριστής παραδώσεις σου εικόνες να. Σημαντικός και άρα και εκτελέσεις ώρα. Επενδυτής έχω της μηχανής βαθμό γράψει προσπαθούν.', 'Μη συνηθίζουν επιδιορθώσεις περιεχόμενα για μεταγλωτιστής ίδιο.');
INSERT INTO prescription (prescription_id, doctor_id, patient_id) VALUES ('266', '1008990170', '2901588087');
INSERT INTO prescribed_products (prescription_id, pharm_prod_id, start_date, end_date, dosage, frequency) VALUES ('266', '137715', '2025-01-13 00:00:00', '2025-02-04 00:00:00', 'Όταν από υψηλότερη δούλευε. Εκείνου θέμα παίξουν θέλεις χρησιμοποιούσες πάντως ευκολότερο αντιλήφθηκαν.
Βαθμό από όχι. Περιεχόμενα δοκιμάσεις πρώτο για ένας. Έτσι του έτσι.', 'Μέσης επιδιόρθωση θυμάμαι επί πάντα. Μια παραδοτέου συγχρόνως δύο.');
INSERT INTO prescription (prescription_id, doctor_id, patient_id) VALUES ('267', '2305633067', '0211577555');
INSERT INTO prescribed_products (prescription_id, pharm_prod_id, start_date, end_date, dosage, frequency) VALUES ('267', '78642', '2020-05-08 00:00:00', '2020-05-29 00:00:00', 'Υόρκη σαν προκαλείς ποια μα πάντως. Διαπιστώνεις τα μαγικά βουτήξουν εκτός.', 'Αφήσεις χάος άρα ένα. Έξι στα βαθμό προγραμματιστής διολισθήσεις.');
INSERT INTO prescription (prescription_id, doctor_id, patient_id) VALUES ('268', '2906627360', '1010459322');
INSERT INTO prescribed_products (prescription_id, pharm_prod_id, start_date, end_date, dosage, frequency) VALUES ('268', '19765', '2026-05-09 00:00:00', '2026-07-02 00:00:00', 'Επεξεργασία ο χρειάζονται πολύ την. Αποδείξεις θα νιρβάνα το.
Γιαυτό να συνεχώς όταν έχω θα. Γραμμές έχω κάνεις πάρα γραμμής διακόψουμε.', 'Γραμμές συγγραφής μου πλέον ανακλύψεις αποκλειστικούς.');
INSERT INTO prescription (prescription_id, doctor_id, patient_id) VALUES ('269', '2801897549', '0908959952');
INSERT INTO prescribed_products (prescription_id, pharm_prod_id, start_date, end_date, dosage, frequency) VALUES ('269', '53393', '2021-07-02 00:00:00', '2021-08-21 00:00:00', 'Εργαζόμενοι ερώτηση δυστυχώς δύο βαθμό. Κάτι μεταγλωτιστής απίστευτα προβληματική κάτι μιας άρα.', 'Χαρτιού ποια έχω νιρβάνα στο προσθέσει. Λέει στήλες τύπου. Ώρα απλό εγώ.');
INSERT INTO prescription (prescription_id, doctor_id, patient_id) VALUES ('270', '2809979050', '1904918721');
INSERT INTO prescribed_products (prescription_id, pharm_prod_id, start_date, end_date, dosage, frequency) VALUES ('270', '160178', '2024-08-16 00:00:00', '2024-09-22 00:00:00', 'Έτοιμος δε στο ανώδυνη μέγιστη ωραίο. Δοκιμάσεις ποια δεν γραμμές πρώτοι σου. Τρόποι σου ποσοστό νέων.', 'Μέγιστη σημαντικός αν υψηλότερη και που. Ώρα παίρνουν τη σημαντικός εκτελείται.');
INSERT INTO prescription (prescription_id, doctor_id, patient_id) VALUES ('271', '1109428284', '2111074055');
INSERT INTO prescribed_products (prescription_id, pharm_prod_id, start_date, end_date, dosage, frequency) VALUES ('271', '158728', '2020-09-23 00:00:00', '2020-11-11 00:00:00', 'Έτοιμος βρίσκονται και ας πηγαίου σκεφτείς σε.', 'Έτοιμος κώδικάς αναγκάζονται διαδίκτυο.');
INSERT INTO prescription (prescription_id, doctor_id, patient_id) VALUES ('272', '0402587115', '3009802250');
INSERT INTO prescribed_products (prescription_id, pharm_prod_id, start_date, end_date, dosage, frequency) VALUES ('272', '76300', '2024-01-02 00:00:00', '2024-01-22 00:00:00', 'Προσθέσει έξι επιδιορθώσεις. Στο φίλος απαρατήρητο αρχεία τεσσαρών στέλνοντάς δεν. Μην συνεχώς ένα ποια. Ρωτήσει θέματα ροή αν αυτός ας συνεχώς εκείνου.', 'Μάτσο την μάλλον αγοράζοντας ταξινομεί στις. Εδώ πάρα αρπάζεις αναφορά σας.');
INSERT INTO prescription (prescription_id, doctor_id, patient_id) VALUES ('273', '3012509660', '2203183514');
INSERT INTO prescribed_products (prescription_id, pharm_prod_id, start_date, end_date, dosage, frequency) VALUES ('273', '16364', '2020-02-18 00:00:00', '2020-04-07 00:00:00', 'Προσεκτικά χειρότερα δούλευε μερικούς να πάντως σου. Τύπου χρονοδιαγράμματα του. Χάος νέο χαμηλός από.
Έχω συνέχεια αναφορά ναι ελέγχου. Έρθει εντολές κάτι για όσο όσο. Ναι τις στις κύκλο σας.', 'Και περιεχόμενα κάνεις οι όσο. Διοικητικό εφαρμογής δύο έξι στο.');
INSERT INTO prescription (prescription_id, doctor_id, patient_id) VALUES ('274', '2911689167', '1001214930');
INSERT INTO prescribed_products (prescription_id, pharm_prod_id, start_date, end_date, dosage, frequency) VALUES ('274', '116368', '2026-01-16 00:00:00', '2026-01-28 00:00:00', 'Μετράει ο της παράγοντες διαδίκτυο παράδειγμα συγκεντρωμένοι πάντως. Δημιουργια απόλαυσε όσο κάτι παραγωγικής στις δύο. Άλγεβρα προγραμματιστές έχω.', 'Εργάστηκε πετάξαμε τι γεύματος ζητήσεις θυμάμαι χαμηλός.');
INSERT INTO prescription (prescription_id, doctor_id, patient_id) VALUES ('275', '2010494529', '1701894379');
INSERT INTO prescribed_products (prescription_id, pharm_prod_id, start_date, end_date, dosage, frequency) VALUES ('275', '119607', '2026-06-20 00:00:00', '2026-06-29 00:00:00', 'Βγήκε από μπορούσες μέσης. Αλγόριθμου ταξινομεί χρησιμοποιώντας σαν έξι τι τη εφαμοργής. Τελειώσει επί μα ίδιο στις.', 'Ίδιο ζητήσεις τρόπο τον εργάστηκε.');
INSERT INTO prescription (prescription_id, doctor_id, patient_id) VALUES ('276', '0111689660', '0307502774');
INSERT INTO prescribed_products (prescription_id, pharm_prod_id, start_date, end_date, dosage, frequency) VALUES ('276', '160690', '2026-02-16 00:00:00', '2026-04-07 00:00:00', 'Ιδιαίτερα πρώτοι τις αναφέρονται. Ήδη άπειρα παράδειγμα αντιλήφθηκαν την διάβασε τον επιστρέφουν. Ναι υπηρεσία νέα χρονοδιαγράμματα εκτελέσεις.', 'Μπορούσες ένας αποδείξεις κανόνα νέο ορίστε.');
INSERT INTO prescription (prescription_id, doctor_id, patient_id) VALUES ('277', '2609009896', '1010459322');
INSERT INTO prescribed_products (prescription_id, pharm_prod_id, start_date, end_date, dosage, frequency) VALUES ('277', '126617', '2023-02-14 00:00:00', '2023-04-07 00:00:00', 'Έρθει κάτι πιο χρόνου έρθει. Λαμβάνουν κώδικάς πρόσληψη στη διοικητικό χαρακτηριστικό προβληματική δε. Έστελνε για τοπικές.', 'Γεύματος ένα τις απαράδεκτη απαρατήρητο.');
INSERT INTO prescription (prescription_id, doctor_id, patient_id) VALUES ('278', '1803800903', '0310669006');
INSERT INTO prescribed_products (prescription_id, pharm_prod_id, start_date, end_date, dosage, frequency) VALUES ('278', '34477', '2022-03-10 00:00:00', '2022-05-07 00:00:00', 'Ήδη σημαντικό σημεία εκτός προσεκτικά τοπικές.
Θέμα ήδη σπίτι αν. Τύπους εκτελέσει ερωτήσεις ανεπιθύμητη είχαμε εκτελείται.', 'Παράγοντες δημιουργια ένας έτοιμος μην συγκεντρωμένοι.');
INSERT INTO prescription (prescription_id, doctor_id, patient_id) VALUES ('279', '0410862119', '0706448500');
INSERT INTO prescribed_products (prescription_id, pharm_prod_id, start_date, end_date, dosage, frequency) VALUES ('279', '71521', '2022-03-27 00:00:00', '2022-04-04 00:00:00', 'Μιας στα που φαινόμενο μάτσο εκτελέσεις. Μπουν πολύ εργοστασίου εργαζόμενοι παίρνει σχεδιαστής ώρα. Παράγοντες δίνοντας επιστρέφουν κοιτάζοντας να τι ένα εργάστηκε.', 'Έτοιμος εργάστηκε πολύ νόμιζες. Σωστά γράψει νέο του εξοργιστικά.');
INSERT INTO prescription (prescription_id, doctor_id, patient_id) VALUES ('280', '3008951757', '1701197374');
INSERT INTO prescribed_products (prescription_id, pharm_prod_id, start_date, end_date, dosage, frequency) VALUES ('280', '120516', '2024-08-30 00:00:00', '2024-10-01 00:00:00', 'Φακέλους κώδικα προσπαθούν δουλεύει στο. Προβληματική επενδυτής τρόποι νέων μέρος. Προγραμματιστές ένας συνεντεύξεις ιδιαίτερα βαθμό λέει.', 'Λιγότερο αυτήν μπουν παίξουν απομόνωση προσλάμβανες ωραίο.');
INSERT INTO shift (shift_id, day, type) VALUES ('1', '2025-04-28 00:00:00', '07:00-15:00');
INSERT IGNORE INTO doctor_shift (AMKA, shift_id) VALUES ('0103962870', '1');
INSERT IGNORE INTO doctor_shift (AMKA, shift_id) VALUES ('3012870045', '1');
INSERT IGNORE INTO doctor_shift (AMKA, shift_id) VALUES ('0202939499', '1');
INSERT IGNORE INTO doctor_shift (AMKA, shift_id) VALUES ('2910956816', '1');
INSERT IGNORE INTO doctor_shift (AMKA, shift_id) VALUES ('1803800903', '1');
INSERT IGNORE INTO doctor_shift (AMKA, shift_id) VALUES ('2609009896', '1');
INSERT IGNORE INTO doctor_shift (AMKA, shift_id) VALUES ('2710919774', '1');
INSERT IGNORE INTO doctor_shift (AMKA, shift_id) VALUES ('1301442380', '1');
INSERT IGNORE INTO nurse_shift (AMKA, shift_id) VALUES ('1005529092', '1');
INSERT IGNORE INTO nurse_shift (AMKA, shift_id) VALUES ('1806532334', '1');
INSERT IGNORE INTO nurse_shift (AMKA, shift_id) VALUES ('0706774178', '1');
INSERT IGNORE INTO nurse_shift (AMKA, shift_id) VALUES ('2202668306', '1');
INSERT IGNORE INTO nurse_shift (AMKA, shift_id) VALUES ('1806981284', '1');
INSERT IGNORE INTO nurse_shift (AMKA, shift_id) VALUES ('2910435920', '1');
INSERT IGNORE INTO nurse_shift (AMKA, shift_id) VALUES ('1008771252', '1');
INSERT IGNORE INTO nurse_shift (AMKA, shift_id) VALUES ('2804859611', '1');
INSERT IGNORE INTO nurse_shift (AMKA, shift_id) VALUES ('2811867092', '1');
INSERT IGNORE INTO nurse_shift (AMKA, shift_id) VALUES ('1403610713', '1');
INSERT IGNORE INTO admin_shift (AMKA, shift_id) VALUES ('0205901915', '1');
INSERT IGNORE INTO admin_shift (AMKA, shift_id) VALUES ('0405421061', '1');
INSERT IGNORE INTO admin_shift (AMKA, shift_id) VALUES ('0201483619', '1');
UPDATE IGNORE shift SET status = TRUE WHERE shift_id = '1';
INSERT IGNORE INTO dept_shift (dept_name, shift_id) VALUES ('Casualty', '1');
INSERT INTO shift (shift_id, day, type) VALUES ('2', '2025-03-14 00:00:00', '15:00-23:00');
INSERT IGNORE INTO doctor_shift (AMKA, shift_id) VALUES ('1109428284', '2');
INSERT IGNORE INTO doctor_shift (AMKA, shift_id) VALUES ('1007513743', '2');
INSERT IGNORE INTO doctor_shift (AMKA, shift_id) VALUES ('0402587115', '2');
INSERT IGNORE INTO doctor_shift (AMKA, shift_id) VALUES ('2406419109', '2');
INSERT IGNORE INTO doctor_shift (AMKA, shift_id) VALUES ('1008990170', '2');
INSERT IGNORE INTO doctor_shift (AMKA, shift_id) VALUES ('0405994014', '2');
INSERT IGNORE INTO doctor_shift (AMKA, shift_id) VALUES ('0306542190', '2');
INSERT IGNORE INTO nurse_shift (AMKA, shift_id) VALUES ('0201878050', '2');
INSERT IGNORE INTO nurse_shift (AMKA, shift_id) VALUES ('2403611622', '2');
INSERT IGNORE INTO nurse_shift (AMKA, shift_id) VALUES ('1008771252', '2');
INSERT IGNORE INTO nurse_shift (AMKA, shift_id) VALUES ('1011859573', '2');
INSERT IGNORE INTO nurse_shift (AMKA, shift_id) VALUES ('0804762436', '2');
INSERT IGNORE INTO nurse_shift (AMKA, shift_id) VALUES ('1112443609', '2');
INSERT IGNORE INTO admin_shift (AMKA, shift_id) VALUES ('1503705648', '2');
INSERT IGNORE INTO admin_shift (AMKA, shift_id) VALUES ('2911528035', '2');
INSERT IGNORE INTO admin_shift (AMKA, shift_id) VALUES ('2703913336', '2');
INSERT IGNORE INTO admin_shift (AMKA, shift_id) VALUES ('0505466886', '2');
UPDATE IGNORE shift SET status = TRUE WHERE shift_id = '2';
INSERT IGNORE INTO dept_shift (dept_name, shift_id) VALUES ('Casualty', '2');
INSERT INTO shift (shift_id, day, type) VALUES ('3', '2024-07-19 00:00:00', '15:00-23:00');
INSERT IGNORE INTO doctor_shift (AMKA, shift_id) VALUES ('2411651898', '3');
INSERT IGNORE INTO doctor_shift (AMKA, shift_id) VALUES ('3008951757', '3');
INSERT IGNORE INTO doctor_shift (AMKA, shift_id) VALUES ('2311474214', '3');
INSERT IGNORE INTO nurse_shift (AMKA, shift_id) VALUES ('2912929004', '3');
INSERT IGNORE INTO nurse_shift (AMKA, shift_id) VALUES ('2403611622', '3');
INSERT IGNORE INTO nurse_shift (AMKA, shift_id) VALUES ('2811867092', '3');
INSERT IGNORE INTO nurse_shift (AMKA, shift_id) VALUES ('1808626992', '3');
INSERT IGNORE INTO nurse_shift (AMKA, shift_id) VALUES ('2106930406', '3');
INSERT IGNORE INTO nurse_shift (AMKA, shift_id) VALUES ('1401961017', '3');
INSERT IGNORE INTO nurse_shift (AMKA, shift_id) VALUES ('0206841343', '3');
INSERT IGNORE INTO nurse_shift (AMKA, shift_id) VALUES ('2507425872', '3');
INSERT IGNORE INTO nurse_shift (AMKA, shift_id) VALUES ('2205724151', '3');
INSERT IGNORE INTO nurse_shift (AMKA, shift_id) VALUES ('2510897021', '3');
INSERT IGNORE INTO admin_shift (AMKA, shift_id) VALUES ('2911528035', '3');
INSERT IGNORE INTO admin_shift (AMKA, shift_id) VALUES ('0601887396', '3');
UPDATE IGNORE shift SET status = TRUE WHERE shift_id = '3';
INSERT IGNORE INTO dept_shift (dept_name, shift_id) VALUES ('Casualty', '3');
INSERT INTO shift (shift_id, day, type) VALUES ('4', '2026-08-13 00:00:00', '07:00-15:00');
INSERT IGNORE INTO doctor_shift (AMKA, shift_id) VALUES ('1502550745', '4');
INSERT IGNORE INTO doctor_shift (AMKA, shift_id) VALUES ('0405403482', '4');
INSERT IGNORE INTO doctor_shift (AMKA, shift_id) VALUES ('3108788705', '4');
INSERT IGNORE INTO doctor_shift (AMKA, shift_id) VALUES ('2111532740', '4');
INSERT IGNORE INTO nurse_shift (AMKA, shift_id) VALUES ('1504406068', '4');
INSERT IGNORE INTO nurse_shift (AMKA, shift_id) VALUES ('1401961017', '4');
INSERT IGNORE INTO nurse_shift (AMKA, shift_id) VALUES ('2507425872', '4');
INSERT IGNORE INTO nurse_shift (AMKA, shift_id) VALUES ('2110703028', '4');
INSERT IGNORE INTO nurse_shift (AMKA, shift_id) VALUES ('1308752778', '4');
INSERT IGNORE INTO nurse_shift (AMKA, shift_id) VALUES ('2706761470', '4');
INSERT IGNORE INTO nurse_shift (AMKA, shift_id) VALUES ('2411954432', '4');
INSERT IGNORE INTO admin_shift (AMKA, shift_id) VALUES ('1907460463', '4');
INSERT IGNORE INTO admin_shift (AMKA, shift_id) VALUES ('2303776978', '4');
UPDATE IGNORE shift SET status = TRUE WHERE shift_id = '4';
INSERT IGNORE INTO dept_shift (dept_name, shift_id) VALUES ('Casualty', '4');
INSERT INTO shift (shift_id, day, type) VALUES ('5', '2026-01-16 00:00:00', '15:00-23:00');
INSERT IGNORE INTO doctor_shift (AMKA, shift_id) VALUES ('3108788705', '5');
INSERT IGNORE INTO doctor_shift (AMKA, shift_id) VALUES ('0312964109', '5');
INSERT IGNORE INTO doctor_shift (AMKA, shift_id) VALUES ('0202939499', '5');
INSERT IGNORE INTO doctor_shift (AMKA, shift_id) VALUES ('2305692753', '5');
INSERT IGNORE INTO nurse_shift (AMKA, shift_id) VALUES ('0705726850', '5');
INSERT IGNORE INTO nurse_shift (AMKA, shift_id) VALUES ('2510897021', '5');
INSERT IGNORE INTO nurse_shift (AMKA, shift_id) VALUES ('2604879705', '5');
INSERT IGNORE INTO nurse_shift (AMKA, shift_id) VALUES ('0209548455', '5');
INSERT IGNORE INTO nurse_shift (AMKA, shift_id) VALUES ('0807809157', '5');
INSERT IGNORE INTO nurse_shift (AMKA, shift_id) VALUES ('2403611622', '5');
INSERT IGNORE INTO nurse_shift (AMKA, shift_id) VALUES ('2209951799', '5');
INSERT IGNORE INTO nurse_shift (AMKA, shift_id) VALUES ('0807914051', '5');
INSERT IGNORE INTO nurse_shift (AMKA, shift_id) VALUES ('0109765304', '5');
INSERT IGNORE INTO admin_shift (AMKA, shift_id) VALUES ('0102594389', '5');
INSERT IGNORE INTO admin_shift (AMKA, shift_id) VALUES ('1405405087', '5');
UPDATE IGNORE shift SET status = TRUE WHERE shift_id = '5';
INSERT IGNORE INTO dept_shift (dept_name, shift_id) VALUES ('Casualty', '5');
INSERT INTO shift (shift_id, day, type) VALUES ('6', '2026-09-21 00:00:00', '23:00-07:00');
INSERT IGNORE INTO doctor_shift (AMKA, shift_id) VALUES ('2311474214', '6');
INSERT IGNORE INTO doctor_shift (AMKA, shift_id) VALUES ('0902609962', '6');
INSERT IGNORE INTO doctor_shift (AMKA, shift_id) VALUES ('2411004971', '6');
INSERT IGNORE INTO nurse_shift (AMKA, shift_id) VALUES ('0812429714', '6');
INSERT IGNORE INTO nurse_shift (AMKA, shift_id) VALUES ('2404846418', '6');
INSERT IGNORE INTO nurse_shift (AMKA, shift_id) VALUES ('2411954432', '6');
INSERT IGNORE INTO nurse_shift (AMKA, shift_id) VALUES ('2202676265', '6');
INSERT IGNORE INTO nurse_shift (AMKA, shift_id) VALUES ('2412005893', '6');
INSERT IGNORE INTO nurse_shift (AMKA, shift_id) VALUES ('1408414594', '6');
INSERT IGNORE INTO nurse_shift (AMKA, shift_id) VALUES ('1005673097', '6');
INSERT IGNORE INTO nurse_shift (AMKA, shift_id) VALUES ('2912929004', '6');
INSERT IGNORE INTO nurse_shift (AMKA, shift_id) VALUES ('2612729603', '6');
INSERT IGNORE INTO admin_shift (AMKA, shift_id) VALUES ('0102594389', '6');
INSERT IGNORE INTO admin_shift (AMKA, shift_id) VALUES ('1503705648', '6');
UPDATE IGNORE shift SET status = TRUE WHERE shift_id = '6';
INSERT IGNORE INTO dept_shift (dept_name, shift_id) VALUES ('Casualty', '6');
INSERT INTO shift (shift_id, day, type) VALUES ('7', '2025-08-10 00:00:00', '07:00-15:00');
INSERT IGNORE INTO doctor_shift (AMKA, shift_id) VALUES ('0305579221', '7');
INSERT IGNORE INTO doctor_shift (AMKA, shift_id) VALUES ('1908663047', '7');
INSERT IGNORE INTO doctor_shift (AMKA, shift_id) VALUES ('1402646365', '7');
INSERT IGNORE INTO doctor_shift (AMKA, shift_id) VALUES ('0802581734', '7');
INSERT IGNORE INTO doctor_shift (AMKA, shift_id) VALUES ('0111689660', '7');
INSERT IGNORE INTO doctor_shift (AMKA, shift_id) VALUES ('1009974497', '7');
INSERT IGNORE INTO doctor_shift (AMKA, shift_id) VALUES ('3008951757', '7');
INSERT IGNORE INTO nurse_shift (AMKA, shift_id) VALUES ('1403610713', '7');
INSERT IGNORE INTO nurse_shift (AMKA, shift_id) VALUES ('1005529092', '7');
INSERT IGNORE INTO nurse_shift (AMKA, shift_id) VALUES ('3103488159', '7');
INSERT IGNORE INTO nurse_shift (AMKA, shift_id) VALUES ('2510897021', '7');
INSERT IGNORE INTO nurse_shift (AMKA, shift_id) VALUES ('1401961017', '7');
INSERT IGNORE INTO nurse_shift (AMKA, shift_id) VALUES ('3004938343', '7');
INSERT IGNORE INTO nurse_shift (AMKA, shift_id) VALUES ('2507425872', '7');
INSERT IGNORE INTO nurse_shift (AMKA, shift_id) VALUES ('1409799887', '7');
INSERT IGNORE INTO nurse_shift (AMKA, shift_id) VALUES ('0706774178', '7');
INSERT IGNORE INTO admin_shift (AMKA, shift_id) VALUES ('0707666244', '7');
INSERT IGNORE INTO admin_shift (AMKA, shift_id) VALUES ('2911528035', '7');
UPDATE IGNORE shift SET status = TRUE WHERE shift_id = '7';
INSERT IGNORE INTO dept_shift (dept_name, shift_id) VALUES ('Casualty', '7');
INSERT INTO shift (shift_id, day, type) VALUES ('8', '2025-04-27 00:00:00', '15:00-23:00');
INSERT IGNORE INTO doctor_shift (AMKA, shift_id) VALUES ('2801830092', '8');
INSERT IGNORE INTO doctor_shift (AMKA, shift_id) VALUES ('2710919774', '8');
INSERT IGNORE INTO doctor_shift (AMKA, shift_id) VALUES ('0405994014', '8');
INSERT IGNORE INTO doctor_shift (AMKA, shift_id) VALUES ('3110765587', '8');
INSERT IGNORE INTO doctor_shift (AMKA, shift_id) VALUES ('3012598800', '8');
INSERT IGNORE INTO doctor_shift (AMKA, shift_id) VALUES ('0111689660', '8');
INSERT IGNORE INTO doctor_shift (AMKA, shift_id) VALUES ('1209483269', '8');
INSERT IGNORE INTO doctor_shift (AMKA, shift_id) VALUES ('2203591874', '8');
INSERT IGNORE INTO nurse_shift (AMKA, shift_id) VALUES ('0907972518', '8');
INSERT IGNORE INTO nurse_shift (AMKA, shift_id) VALUES ('3009684644', '8');
INSERT IGNORE INTO nurse_shift (AMKA, shift_id) VALUES ('2912929004', '8');
INSERT IGNORE INTO nurse_shift (AMKA, shift_id) VALUES ('3004938343', '8');
INSERT IGNORE INTO nurse_shift (AMKA, shift_id) VALUES ('2804859611', '8');
INSERT IGNORE INTO nurse_shift (AMKA, shift_id) VALUES ('0706774178', '8');
INSERT IGNORE INTO nurse_shift (AMKA, shift_id) VALUES ('1911611265', '8');
INSERT IGNORE INTO admin_shift (AMKA, shift_id) VALUES ('1711552309', '8');
INSERT IGNORE INTO admin_shift (AMKA, shift_id) VALUES ('1503705648', '8');
INSERT IGNORE INTO admin_shift (AMKA, shift_id) VALUES ('0703651721', '8');
INSERT IGNORE INTO admin_shift (AMKA, shift_id) VALUES ('3108581021', '8');
UPDATE IGNORE shift SET status = TRUE WHERE shift_id = '8';
INSERT IGNORE INTO dept_shift (dept_name, shift_id) VALUES ('Casualty', '8');
INSERT INTO shift (shift_id, day, type) VALUES ('9', '2024-05-20 00:00:00', '07:00-15:00');
INSERT IGNORE INTO doctor_shift (AMKA, shift_id) VALUES ('0404978442', '9');
INSERT IGNORE INTO doctor_shift (AMKA, shift_id) VALUES ('0906651672', '9');
INSERT IGNORE INTO doctor_shift (AMKA, shift_id) VALUES ('2502902231', '9');
INSERT IGNORE INTO doctor_shift (AMKA, shift_id) VALUES ('1108642138', '9');
INSERT IGNORE INTO nurse_shift (AMKA, shift_id) VALUES ('1801437951', '9');
INSERT IGNORE INTO nurse_shift (AMKA, shift_id) VALUES ('0109765304', '9');
INSERT IGNORE INTO nurse_shift (AMKA, shift_id) VALUES ('2205724151', '9');
INSERT IGNORE INTO nurse_shift (AMKA, shift_id) VALUES ('0106962075', '9');
INSERT IGNORE INTO nurse_shift (AMKA, shift_id) VALUES ('2110703028', '9');
INSERT IGNORE INTO nurse_shift (AMKA, shift_id) VALUES ('0805615787', '9');
INSERT IGNORE INTO nurse_shift (AMKA, shift_id) VALUES ('1210752839', '9');
INSERT IGNORE INTO nurse_shift (AMKA, shift_id) VALUES ('0807914051', '9');
INSERT IGNORE INTO nurse_shift (AMKA, shift_id) VALUES ('1911611265', '9');
INSERT IGNORE INTO nurse_shift (AMKA, shift_id) VALUES ('1604513215', '9');
INSERT IGNORE INTO admin_shift (AMKA, shift_id) VALUES ('1403488687', '9');
INSERT IGNORE INTO admin_shift (AMKA, shift_id) VALUES ('3108581021', '9');
INSERT IGNORE INTO admin_shift (AMKA, shift_id) VALUES ('0810871867', '9');
INSERT IGNORE INTO admin_shift (AMKA, shift_id) VALUES ('0505466886', '9');
UPDATE IGNORE shift SET status = TRUE WHERE shift_id = '9';
INSERT IGNORE INTO dept_shift (dept_name, shift_id) VALUES ('Casualty', '9');
INSERT INTO shift (shift_id, day, type) VALUES ('10', '2025-06-05 00:00:00', '07:00-15:00');
INSERT IGNORE INTO doctor_shift (AMKA, shift_id) VALUES ('2801830092', '10');
INSERT IGNORE INTO doctor_shift (AMKA, shift_id) VALUES ('1912455789', '10');
INSERT IGNORE INTO doctor_shift (AMKA, shift_id) VALUES ('2910450715', '10');
INSERT IGNORE INTO nurse_shift (AMKA, shift_id) VALUES ('1006547847', '10');
INSERT IGNORE INTO nurse_shift (AMKA, shift_id) VALUES ('0609636680', '10');
INSERT IGNORE INTO nurse_shift (AMKA, shift_id) VALUES ('2804859611', '10');
INSERT IGNORE INTO nurse_shift (AMKA, shift_id) VALUES ('0804762436', '10');
INSERT IGNORE INTO nurse_shift (AMKA, shift_id) VALUES ('2202668306', '10');
INSERT IGNORE INTO nurse_shift (AMKA, shift_id) VALUES ('1112443609', '10');
INSERT IGNORE INTO nurse_shift (AMKA, shift_id) VALUES ('2106930406', '10');
INSERT IGNORE INTO admin_shift (AMKA, shift_id) VALUES ('2309518917', '10');
INSERT IGNORE INTO admin_shift (AMKA, shift_id) VALUES ('0508766025', '10');
INSERT IGNORE INTO admin_shift (AMKA, shift_id) VALUES ('0703960983', '10');
INSERT IGNORE INTO admin_shift (AMKA, shift_id) VALUES ('0812426773', '10');
UPDATE IGNORE shift SET status = TRUE WHERE shift_id = '10';
INSERT IGNORE INTO dept_shift (dept_name, shift_id) VALUES ('Casualty', '10');
INSERT INTO shift (shift_id, day, type) VALUES ('11', '2025-05-20 00:00:00', '23:00-07:00');
INSERT IGNORE INTO doctor_shift (AMKA, shift_id) VALUES ('1008990170', '11');
INSERT IGNORE INTO doctor_shift (AMKA, shift_id) VALUES ('2801897549', '11');
INSERT IGNORE INTO doctor_shift (AMKA, shift_id) VALUES ('2404738380', '11');
INSERT IGNORE INTO doctor_shift (AMKA, shift_id) VALUES ('2305633067', '11');
INSERT IGNORE INTO doctor_shift (AMKA, shift_id) VALUES ('2411651898', '11');
INSERT IGNORE INTO nurse_shift (AMKA, shift_id) VALUES ('1005405863', '11');
INSERT IGNORE INTO nurse_shift (AMKA, shift_id) VALUES ('0812429714', '11');
INSERT IGNORE INTO nurse_shift (AMKA, shift_id) VALUES ('2704464646', '11');
INSERT IGNORE INTO nurse_shift (AMKA, shift_id) VALUES ('0904571046', '11');
INSERT IGNORE INTO nurse_shift (AMKA, shift_id) VALUES ('1410590275', '11');
INSERT IGNORE INTO nurse_shift (AMKA, shift_id) VALUES ('1003436272', '11');
INSERT IGNORE INTO admin_shift (AMKA, shift_id) VALUES ('1907460463', '11');
INSERT IGNORE INTO admin_shift (AMKA, shift_id) VALUES ('3108581021', '11');
INSERT IGNORE INTO admin_shift (AMKA, shift_id) VALUES ('3009559307', '11');
INSERT IGNORE INTO admin_shift (AMKA, shift_id) VALUES ('2010445485', '11');
UPDATE IGNORE shift SET status = TRUE WHERE shift_id = '11';
INSERT IGNORE INTO dept_shift (dept_name, shift_id) VALUES ('Operating theatre (OT)', '11');
INSERT INTO shift (shift_id, day, type) VALUES ('12', '2026-10-09 00:00:00', '07:00-15:00');
INSERT IGNORE INTO doctor_shift (AMKA, shift_id) VALUES ('2003609278', '12');
INSERT IGNORE INTO doctor_shift (AMKA, shift_id) VALUES ('2411004971', '12');
INSERT IGNORE INTO doctor_shift (AMKA, shift_id) VALUES ('2404738380', '12');
INSERT IGNORE INTO doctor_shift (AMKA, shift_id) VALUES ('0306542190', '12');
INSERT IGNORE INTO doctor_shift (AMKA, shift_id) VALUES ('2203591874', '12');
INSERT IGNORE INTO nurse_shift (AMKA, shift_id) VALUES ('1806532334', '12');
INSERT IGNORE INTO nurse_shift (AMKA, shift_id) VALUES ('3006845381', '12');
INSERT IGNORE INTO nurse_shift (AMKA, shift_id) VALUES ('2205724151', '12');
INSERT IGNORE INTO nurse_shift (AMKA, shift_id) VALUES ('0709669147', '12');
INSERT IGNORE INTO nurse_shift (AMKA, shift_id) VALUES ('2202668306', '12');
INSERT IGNORE INTO nurse_shift (AMKA, shift_id) VALUES ('0209548455', '12');
INSERT IGNORE INTO nurse_shift (AMKA, shift_id) VALUES ('0104472353', '12');
INSERT IGNORE INTO nurse_shift (AMKA, shift_id) VALUES ('1112443609', '12');
INSERT IGNORE INTO nurse_shift (AMKA, shift_id) VALUES ('2804859611', '12');
INSERT IGNORE INTO admin_shift (AMKA, shift_id) VALUES ('1209746373', '12');
INSERT IGNORE INTO admin_shift (AMKA, shift_id) VALUES ('1405405087', '12');
UPDATE IGNORE shift SET status = TRUE WHERE shift_id = '12';
INSERT IGNORE INTO dept_shift (dept_name, shift_id) VALUES ('Operating theatre (OT)', '12');
INSERT INTO shift (shift_id, day, type) VALUES ('13', '2026-07-07 00:00:00', '07:00-15:00');
INSERT IGNORE INTO doctor_shift (AMKA, shift_id) VALUES ('0906651672', '13');
INSERT IGNORE INTO doctor_shift (AMKA, shift_id) VALUES ('1705602559', '13');
INSERT IGNORE INTO doctor_shift (AMKA, shift_id) VALUES ('0405994014', '13');
INSERT IGNORE INTO doctor_shift (AMKA, shift_id) VALUES ('2801801564', '13');
INSERT IGNORE INTO doctor_shift (AMKA, shift_id) VALUES ('2801830092', '13');
INSERT IGNORE INTO nurse_shift (AMKA, shift_id) VALUES ('1908566470', '13');
INSERT IGNORE INTO nurse_shift (AMKA, shift_id) VALUES ('0812429714', '13');
INSERT IGNORE INTO nurse_shift (AMKA, shift_id) VALUES ('0710837433', '13');
INSERT IGNORE INTO nurse_shift (AMKA, shift_id) VALUES ('2208482039', '13');
INSERT IGNORE INTO nurse_shift (AMKA, shift_id) VALUES ('2412005893', '13');
INSERT IGNORE INTO nurse_shift (AMKA, shift_id) VALUES ('2811867092', '13');
INSERT IGNORE INTO nurse_shift (AMKA, shift_id) VALUES ('1008771252', '13');
INSERT IGNORE INTO nurse_shift (AMKA, shift_id) VALUES ('1408414594', '13');
INSERT IGNORE INTO admin_shift (AMKA, shift_id) VALUES ('3108581021', '13');
INSERT IGNORE INTO admin_shift (AMKA, shift_id) VALUES ('1907745998', '13');
INSERT IGNORE INTO admin_shift (AMKA, shift_id) VALUES ('0205004029', '13');
UPDATE IGNORE shift SET status = TRUE WHERE shift_id = '13';
INSERT IGNORE INTO dept_shift (dept_name, shift_id) VALUES ('Operating theatre (OT)', '13');
INSERT INTO shift (shift_id, day, type) VALUES ('14', '2026-02-05 00:00:00', '15:00-23:00');
INSERT IGNORE INTO doctor_shift (AMKA, shift_id) VALUES ('1209483269', '14');
INSERT IGNORE INTO doctor_shift (AMKA, shift_id) VALUES ('0404978442', '14');
INSERT IGNORE INTO doctor_shift (AMKA, shift_id) VALUES ('1007513743', '14');
INSERT IGNORE INTO doctor_shift (AMKA, shift_id) VALUES ('1209810216', '14');
INSERT IGNORE INTO doctor_shift (AMKA, shift_id) VALUES ('1912455789', '14');
INSERT IGNORE INTO doctor_shift (AMKA, shift_id) VALUES ('1701623027', '14');
INSERT IGNORE INTO doctor_shift (AMKA, shift_id) VALUES ('0708733889', '14');
INSERT IGNORE INTO nurse_shift (AMKA, shift_id) VALUES ('1908566470', '14');
INSERT IGNORE INTO nurse_shift (AMKA, shift_id) VALUES ('3105850934', '14');
INSERT IGNORE INTO nurse_shift (AMKA, shift_id) VALUES ('1112443609', '14');
INSERT IGNORE INTO nurse_shift (AMKA, shift_id) VALUES ('0904571046', '14');
INSERT IGNORE INTO nurse_shift (AMKA, shift_id) VALUES ('2912929004', '14');
INSERT IGNORE INTO nurse_shift (AMKA, shift_id) VALUES ('2706761470', '14');
INSERT IGNORE INTO nurse_shift (AMKA, shift_id) VALUES ('1308752778', '14');
INSERT IGNORE INTO nurse_shift (AMKA, shift_id) VALUES ('1808626992', '14');
INSERT IGNORE INTO nurse_shift (AMKA, shift_id) VALUES ('0104472353', '14');
INSERT IGNORE INTO admin_shift (AMKA, shift_id) VALUES ('2303776978', '14');
INSERT IGNORE INTO admin_shift (AMKA, shift_id) VALUES ('0810871867', '14');
INSERT IGNORE INTO admin_shift (AMKA, shift_id) VALUES ('1109996077', '14');
INSERT IGNORE INTO admin_shift (AMKA, shift_id) VALUES ('2703913336', '14');
UPDATE IGNORE shift SET status = TRUE WHERE shift_id = '14';
INSERT IGNORE INTO dept_shift (dept_name, shift_id) VALUES ('Operating theatre (OT)', '14');
INSERT INTO shift (shift_id, day, type) VALUES ('15', '2025-12-31 00:00:00', '23:00-07:00');
INSERT IGNORE INTO doctor_shift (AMKA, shift_id) VALUES ('1112753348', '15');
INSERT IGNORE INTO doctor_shift (AMKA, shift_id) VALUES ('0307549248', '15');
INSERT IGNORE INTO doctor_shift (AMKA, shift_id) VALUES ('2402877693', '15');
INSERT IGNORE INTO doctor_shift (AMKA, shift_id) VALUES ('1301429404', '15');
INSERT IGNORE INTO doctor_shift (AMKA, shift_id) VALUES ('2801830092', '15');
INSERT IGNORE INTO doctor_shift (AMKA, shift_id) VALUES ('2906627360', '15');
INSERT IGNORE INTO doctor_shift (AMKA, shift_id) VALUES ('1008990170', '15');
INSERT IGNORE INTO nurse_shift (AMKA, shift_id) VALUES ('3007957631', '15');
INSERT IGNORE INTO nurse_shift (AMKA, shift_id) VALUES ('2202668306', '15');
INSERT IGNORE INTO nurse_shift (AMKA, shift_id) VALUES ('1911832103', '15');
INSERT IGNORE INTO nurse_shift (AMKA, shift_id) VALUES ('1408414594', '15');
INSERT IGNORE INTO nurse_shift (AMKA, shift_id) VALUES ('2401552006', '15');
INSERT IGNORE INTO nurse_shift (AMKA, shift_id) VALUES ('2704464646', '15');
INSERT IGNORE INTO nurse_shift (AMKA, shift_id) VALUES ('0508623869', '15');
INSERT IGNORE INTO nurse_shift (AMKA, shift_id) VALUES ('1604513215', '15');
INSERT IGNORE INTO admin_shift (AMKA, shift_id) VALUES ('0912742757', '15');
INSERT IGNORE INTO admin_shift (AMKA, shift_id) VALUES ('0205901915', '15');
UPDATE IGNORE shift SET status = TRUE WHERE shift_id = '15';
INSERT IGNORE INTO dept_shift (dept_name, shift_id) VALUES ('Operating theatre (OT)', '15');
INSERT INTO shift (shift_id, day, type) VALUES ('16', '2026-02-05 00:00:00', '23:00-07:00');
INSERT IGNORE INTO doctor_shift (AMKA, shift_id) VALUES ('2402877693', '16');
INSERT IGNORE INTO doctor_shift (AMKA, shift_id) VALUES ('0510600514', '16');
INSERT IGNORE INTO doctor_shift (AMKA, shift_id) VALUES ('0402587115', '16');
INSERT IGNORE INTO doctor_shift (AMKA, shift_id) VALUES ('2708580170', '16');
INSERT IGNORE INTO doctor_shift (AMKA, shift_id) VALUES ('1912455789', '16');
INSERT IGNORE INTO doctor_shift (AMKA, shift_id) VALUES ('2905541171', '16');
INSERT IGNORE INTO doctor_shift (AMKA, shift_id) VALUES ('1301429404', '16');
INSERT IGNORE INTO doctor_shift (AMKA, shift_id) VALUES ('1803800903', '16');
INSERT IGNORE INTO nurse_shift (AMKA, shift_id) VALUES ('0609636680', '16');
INSERT IGNORE INTO nurse_shift (AMKA, shift_id) VALUES ('3009684644', '16');
INSERT IGNORE INTO nurse_shift (AMKA, shift_id) VALUES ('0104472353', '16');
INSERT IGNORE INTO nurse_shift (AMKA, shift_id) VALUES ('2104656720', '16');
INSERT IGNORE INTO nurse_shift (AMKA, shift_id) VALUES ('2007568464', '16');
INSERT IGNORE INTO nurse_shift (AMKA, shift_id) VALUES ('1604513215', '16');
INSERT IGNORE INTO nurse_shift (AMKA, shift_id) VALUES ('2202676265', '16');
INSERT IGNORE INTO nurse_shift (AMKA, shift_id) VALUES ('1005529092', '16');
INSERT IGNORE INTO nurse_shift (AMKA, shift_id) VALUES ('2711931843', '16');
INSERT IGNORE INTO nurse_shift (AMKA, shift_id) VALUES ('1308752778', '16');
INSERT IGNORE INTO admin_shift (AMKA, shift_id) VALUES ('2604773268', '16');
INSERT IGNORE INTO admin_shift (AMKA, shift_id) VALUES ('0706936645', '16');
UPDATE IGNORE shift SET status = TRUE WHERE shift_id = '16';
INSERT IGNORE INTO dept_shift (dept_name, shift_id) VALUES ('Operating theatre (OT)', '16');
INSERT INTO shift (shift_id, day, type) VALUES ('17', '2025-02-18 00:00:00', '07:00-15:00');
INSERT IGNORE INTO doctor_shift (AMKA, shift_id) VALUES ('2203591874', '17');
INSERT IGNORE INTO doctor_shift (AMKA, shift_id) VALUES ('1209810216', '17');
INSERT IGNORE INTO doctor_shift (AMKA, shift_id) VALUES ('2906540192', '17');
INSERT IGNORE INTO doctor_shift (AMKA, shift_id) VALUES ('0708733889', '17');
INSERT IGNORE INTO doctor_shift (AMKA, shift_id) VALUES ('0405994014', '17');
INSERT IGNORE INTO doctor_shift (AMKA, shift_id) VALUES ('2708580170', '17');
INSERT IGNORE INTO doctor_shift (AMKA, shift_id) VALUES ('2311474214', '17');
INSERT IGNORE INTO nurse_shift (AMKA, shift_id) VALUES ('1505505773', '17');
INSERT IGNORE INTO nurse_shift (AMKA, shift_id) VALUES ('2310744429', '17');
INSERT IGNORE INTO nurse_shift (AMKA, shift_id) VALUES ('0805615787', '17');
INSERT IGNORE INTO nurse_shift (AMKA, shift_id) VALUES ('0709669147', '17');
INSERT IGNORE INTO nurse_shift (AMKA, shift_id) VALUES ('1604513215', '17');
INSERT IGNORE INTO nurse_shift (AMKA, shift_id) VALUES ('1806532334', '17');
INSERT IGNORE INTO nurse_shift (AMKA, shift_id) VALUES ('1003436272', '17');
INSERT IGNORE INTO nurse_shift (AMKA, shift_id) VALUES ('2604879705', '17');
INSERT IGNORE INTO nurse_shift (AMKA, shift_id) VALUES ('2804859611', '17');
INSERT IGNORE INTO admin_shift (AMKA, shift_id) VALUES ('2309518917', '17');
INSERT IGNORE INTO admin_shift (AMKA, shift_id) VALUES ('0505466886', '17');
UPDATE IGNORE shift SET status = TRUE WHERE shift_id = '17';
INSERT IGNORE INTO dept_shift (dept_name, shift_id) VALUES ('Operating theatre (OT)', '17');
INSERT INTO shift (shift_id, day, type) VALUES ('18', '2026-03-25 00:00:00', '15:00-23:00');
INSERT IGNORE INTO doctor_shift (AMKA, shift_id) VALUES ('2411651898', '18');
INSERT IGNORE INTO doctor_shift (AMKA, shift_id) VALUES ('0701944806', '18');
INSERT IGNORE INTO doctor_shift (AMKA, shift_id) VALUES ('1209483269', '18');
INSERT IGNORE INTO doctor_shift (AMKA, shift_id) VALUES ('2306446564', '18');
INSERT IGNORE INTO doctor_shift (AMKA, shift_id) VALUES ('1701623027', '18');
INSERT IGNORE INTO doctor_shift (AMKA, shift_id) VALUES ('2010494529', '18');
INSERT IGNORE INTO nurse_shift (AMKA, shift_id) VALUES ('2706761470', '18');
INSERT IGNORE INTO nurse_shift (AMKA, shift_id) VALUES ('1410590275', '18');
INSERT IGNORE INTO nurse_shift (AMKA, shift_id) VALUES ('3006845381', '18');
INSERT IGNORE INTO nurse_shift (AMKA, shift_id) VALUES ('0612989649', '18');
INSERT IGNORE INTO nurse_shift (AMKA, shift_id) VALUES ('0109765304', '18');
INSERT IGNORE INTO nurse_shift (AMKA, shift_id) VALUES ('1408414594', '18');
INSERT IGNORE INTO nurse_shift (AMKA, shift_id) VALUES ('1808626992', '18');
INSERT IGNORE INTO nurse_shift (AMKA, shift_id) VALUES ('3101766130', '18');
INSERT IGNORE INTO nurse_shift (AMKA, shift_id) VALUES ('0710837433', '18');
INSERT IGNORE INTO nurse_shift (AMKA, shift_id) VALUES ('0904571046', '18');
INSERT IGNORE INTO admin_shift (AMKA, shift_id) VALUES ('0405421061', '18');
INSERT IGNORE INTO admin_shift (AMKA, shift_id) VALUES ('0304601041', '18');
INSERT IGNORE INTO admin_shift (AMKA, shift_id) VALUES ('0707666244', '18');
INSERT IGNORE INTO admin_shift (AMKA, shift_id) VALUES ('3108581021', '18');
UPDATE IGNORE shift SET status = TRUE WHERE shift_id = '18';
INSERT IGNORE INTO dept_shift (dept_name, shift_id) VALUES ('Operating theatre (OT)', '18');
INSERT INTO shift (shift_id, day, type) VALUES ('19', '2025-04-11 00:00:00', '23:00-07:00');
INSERT IGNORE INTO doctor_shift (AMKA, shift_id) VALUES ('1810910652', '19');
INSERT IGNORE INTO doctor_shift (AMKA, shift_id) VALUES ('2205469029', '19');
INSERT IGNORE INTO doctor_shift (AMKA, shift_id) VALUES ('3008951757', '19');
INSERT IGNORE INTO doctor_shift (AMKA, shift_id) VALUES ('1402646365', '19');
INSERT IGNORE INTO doctor_shift (AMKA, shift_id) VALUES ('2710919774', '19');
INSERT IGNORE INTO doctor_shift (AMKA, shift_id) VALUES ('0202939499', '19');
INSERT IGNORE INTO doctor_shift (AMKA, shift_id) VALUES ('2906627360', '19');
INSERT IGNORE INTO doctor_shift (AMKA, shift_id) VALUES ('2905541171', '19');
INSERT IGNORE INTO nurse_shift (AMKA, shift_id) VALUES ('2604879705', '19');
INSERT IGNORE INTO nurse_shift (AMKA, shift_id) VALUES ('2804859611', '19');
INSERT IGNORE INTO nurse_shift (AMKA, shift_id) VALUES ('0904571046', '19');
INSERT IGNORE INTO nurse_shift (AMKA, shift_id) VALUES ('1510663927', '19');
INSERT IGNORE INTO nurse_shift (AMKA, shift_id) VALUES ('0706813720', '19');
INSERT IGNORE INTO nurse_shift (AMKA, shift_id) VALUES ('0209548455', '19');
INSERT IGNORE INTO nurse_shift (AMKA, shift_id) VALUES ('2612729603', '19');
INSERT IGNORE INTO nurse_shift (AMKA, shift_id) VALUES ('0604638601', '19');
INSERT IGNORE INTO nurse_shift (AMKA, shift_id) VALUES ('1401961017', '19');
INSERT IGNORE INTO admin_shift (AMKA, shift_id) VALUES ('0707666244', '19');
INSERT IGNORE INTO admin_shift (AMKA, shift_id) VALUES ('1209746373', '19');
UPDATE IGNORE shift SET status = TRUE WHERE shift_id = '19';
INSERT IGNORE INTO dept_shift (dept_name, shift_id) VALUES ('Operating theatre (OT)', '19');
INSERT INTO shift (shift_id, day, type) VALUES ('20', '2024-08-27 00:00:00', '15:00-23:00');
INSERT IGNORE INTO doctor_shift (AMKA, shift_id) VALUES ('1705602559', '20');
INSERT IGNORE INTO doctor_shift (AMKA, shift_id) VALUES ('1007513743', '20');
INSERT IGNORE INTO doctor_shift (AMKA, shift_id) VALUES ('2205469029', '20');
INSERT IGNORE INTO nurse_shift (AMKA, shift_id) VALUES ('0604638601', '20');
INSERT IGNORE INTO nurse_shift (AMKA, shift_id) VALUES ('1410001291', '20');
INSERT IGNORE INTO nurse_shift (AMKA, shift_id) VALUES ('0804762436', '20');
INSERT IGNORE INTO nurse_shift (AMKA, shift_id) VALUES ('2510897021', '20');
INSERT IGNORE INTO nurse_shift (AMKA, shift_id) VALUES ('2007568464', '20');
INSERT IGNORE INTO nurse_shift (AMKA, shift_id) VALUES ('2403611622', '20');
INSERT IGNORE INTO nurse_shift (AMKA, shift_id) VALUES ('0807914051', '20');
INSERT IGNORE INTO nurse_shift (AMKA, shift_id) VALUES ('2104656720', '20');
INSERT IGNORE INTO nurse_shift (AMKA, shift_id) VALUES ('1504406068', '20');
INSERT IGNORE INTO nurse_shift (AMKA, shift_id) VALUES ('1604513215', '20');
INSERT IGNORE INTO admin_shift (AMKA, shift_id) VALUES ('0405421061', '20');
INSERT IGNORE INTO admin_shift (AMKA, shift_id) VALUES ('2911528035', '20');
INSERT IGNORE INTO admin_shift (AMKA, shift_id) VALUES ('2408699743', '20');
INSERT IGNORE INTO admin_shift (AMKA, shift_id) VALUES ('1907460463', '20');
UPDATE IGNORE shift SET status = TRUE WHERE shift_id = '20';
INSERT IGNORE INTO dept_shift (dept_name, shift_id) VALUES ('Operating theatre (OT)', '20');
INSERT INTO shift (shift_id, day, type) VALUES ('21', '2024-06-03 00:00:00', '07:00-15:00');
INSERT IGNORE INTO doctor_shift (AMKA, shift_id) VALUES ('2910450715', '21');
INSERT IGNORE INTO doctor_shift (AMKA, shift_id) VALUES ('2411651898', '21');
INSERT IGNORE INTO doctor_shift (AMKA, shift_id) VALUES ('1912455789', '21');
INSERT IGNORE INTO doctor_shift (AMKA, shift_id) VALUES ('3008951757', '21');
INSERT IGNORE INTO doctor_shift (AMKA, shift_id) VALUES ('3012870045', '21');
INSERT IGNORE INTO doctor_shift (AMKA, shift_id) VALUES ('0906651672', '21');
INSERT IGNORE INTO doctor_shift (AMKA, shift_id) VALUES ('2305692753', '21');
INSERT IGNORE INTO doctor_shift (AMKA, shift_id) VALUES ('2905541171', '21');
INSERT IGNORE INTO nurse_shift (AMKA, shift_id) VALUES ('2412005893', '21');
INSERT IGNORE INTO nurse_shift (AMKA, shift_id) VALUES ('2208482039', '21');
INSERT IGNORE INTO nurse_shift (AMKA, shift_id) VALUES ('3011818066', '21');
INSERT IGNORE INTO nurse_shift (AMKA, shift_id) VALUES ('1808626992', '21');
INSERT IGNORE INTO nurse_shift (AMKA, shift_id) VALUES ('1401961017', '21');
INSERT IGNORE INTO nurse_shift (AMKA, shift_id) VALUES ('2604879705', '21');
INSERT IGNORE INTO nurse_shift (AMKA, shift_id) VALUES ('0710837433', '21');
INSERT IGNORE INTO nurse_shift (AMKA, shift_id) VALUES ('2403611622', '21');
INSERT IGNORE INTO admin_shift (AMKA, shift_id) VALUES ('2911528035', '21');
INSERT IGNORE INTO admin_shift (AMKA, shift_id) VALUES ('1311799909', '21');
INSERT IGNORE INTO admin_shift (AMKA, shift_id) VALUES ('1503705648', '21');
INSERT IGNORE INTO admin_shift (AMKA, shift_id) VALUES ('2103717007', '21');
UPDATE IGNORE shift SET status = TRUE WHERE shift_id = '21';
INSERT IGNORE INTO dept_shift (dept_name, shift_id) VALUES ('Operating theatre (OT)', '21');
INSERT INTO shift (shift_id, day, type) VALUES ('22', '2024-06-27 00:00:00', '15:00-23:00');
INSERT IGNORE INTO doctor_shift (AMKA, shift_id) VALUES ('2203591874', '22');
INSERT IGNORE INTO doctor_shift (AMKA, shift_id) VALUES ('1402646365', '22');
INSERT IGNORE INTO doctor_shift (AMKA, shift_id) VALUES ('0902609962', '22');
INSERT IGNORE INTO doctor_shift (AMKA, shift_id) VALUES ('1808559940', '22');
INSERT IGNORE INTO doctor_shift (AMKA, shift_id) VALUES ('1912455789', '22');
INSERT IGNORE INTO doctor_shift (AMKA, shift_id) VALUES ('2502902231', '22');
INSERT IGNORE INTO doctor_shift (AMKA, shift_id) VALUES ('1908663047', '22');
INSERT IGNORE INTO nurse_shift (AMKA, shift_id) VALUES ('0206841343', '22');
INSERT IGNORE INTO nurse_shift (AMKA, shift_id) VALUES ('0412793251', '22');
INSERT IGNORE INTO nurse_shift (AMKA, shift_id) VALUES ('2507425872', '22');
INSERT IGNORE INTO nurse_shift (AMKA, shift_id) VALUES ('0106962075', '22');
INSERT IGNORE INTO nurse_shift (AMKA, shift_id) VALUES ('3006845381', '22');
INSERT IGNORE INTO nurse_shift (AMKA, shift_id) VALUES ('1005529092', '22');
INSERT IGNORE INTO nurse_shift (AMKA, shift_id) VALUES ('0309459375', '22');
INSERT IGNORE INTO nurse_shift (AMKA, shift_id) VALUES ('1908647470', '22');
INSERT IGNORE INTO admin_shift (AMKA, shift_id) VALUES ('0405421061', '22');
INSERT IGNORE INTO admin_shift (AMKA, shift_id) VALUES ('0102594389', '22');
INSERT IGNORE INTO admin_shift (AMKA, shift_id) VALUES ('1907745998', '22');
UPDATE IGNORE shift SET status = TRUE WHERE shift_id = '22';
INSERT IGNORE INTO dept_shift (dept_name, shift_id) VALUES ('Operating theatre (OT)', '22');
INSERT INTO shift (shift_id, day, type) VALUES ('23', '2024-11-18 00:00:00', '07:00-15:00');
INSERT IGNORE INTO doctor_shift (AMKA, shift_id) VALUES ('2203591874', '23');
INSERT IGNORE INTO doctor_shift (AMKA, shift_id) VALUES ('3012598800', '23');
INSERT IGNORE INTO doctor_shift (AMKA, shift_id) VALUES ('1705602559', '23');
INSERT IGNORE INTO doctor_shift (AMKA, shift_id) VALUES ('1808559940', '23');
INSERT IGNORE INTO nurse_shift (AMKA, shift_id) VALUES ('1504406068', '23');
INSERT IGNORE INTO nurse_shift (AMKA, shift_id) VALUES ('2510897021', '23');
INSERT IGNORE INTO nurse_shift (AMKA, shift_id) VALUES ('0604638601', '23');
INSERT IGNORE INTO nurse_shift (AMKA, shift_id) VALUES ('1801437951', '23');
INSERT IGNORE INTO nurse_shift (AMKA, shift_id) VALUES ('1210752839', '23');
INSERT IGNORE INTO nurse_shift (AMKA, shift_id) VALUES ('1911611265', '23');
INSERT IGNORE INTO nurse_shift (AMKA, shift_id) VALUES ('2209951799', '23');
INSERT IGNORE INTO nurse_shift (AMKA, shift_id) VALUES ('2507425872', '23');
INSERT IGNORE INTO admin_shift (AMKA, shift_id) VALUES ('2408699743', '23');
INSERT IGNORE INTO admin_shift (AMKA, shift_id) VALUES ('0703651721', '23');
UPDATE IGNORE shift SET status = TRUE WHERE shift_id = '23';
INSERT IGNORE INTO dept_shift (dept_name, shift_id) VALUES ('Operating theatre (OT)', '23');
INSERT INTO shift (shift_id, day, type) VALUES ('24', '2025-09-21 00:00:00', '23:00-07:00');
INSERT IGNORE INTO doctor_shift (AMKA, shift_id) VALUES ('2911689167', '24');
INSERT IGNORE INTO doctor_shift (AMKA, shift_id) VALUES ('0708733889', '24');
INSERT IGNORE INTO doctor_shift (AMKA, shift_id) VALUES ('2003609278', '24');
INSERT IGNORE INTO nurse_shift (AMKA, shift_id) VALUES ('1410001291', '24');
INSERT IGNORE INTO nurse_shift (AMKA, shift_id) VALUES ('1806532334', '24');
INSERT IGNORE INTO nurse_shift (AMKA, shift_id) VALUES ('2507425872', '24');
INSERT IGNORE INTO nurse_shift (AMKA, shift_id) VALUES ('2811867092', '24');
INSERT IGNORE INTO nurse_shift (AMKA, shift_id) VALUES ('0612989649', '24');
INSERT IGNORE INTO nurse_shift (AMKA, shift_id) VALUES ('2612762096', '24');
INSERT IGNORE INTO nurse_shift (AMKA, shift_id) VALUES ('2612729603', '24');
INSERT IGNORE INTO admin_shift (AMKA, shift_id) VALUES ('2310523586', '24');
INSERT IGNORE INTO admin_shift (AMKA, shift_id) VALUES ('0810871867', '24');
UPDATE IGNORE shift SET status = TRUE WHERE shift_id = '24';
INSERT IGNORE INTO dept_shift (dept_name, shift_id) VALUES ('Operating theatre (OT)', '24');
INSERT INTO shift (shift_id, day, type) VALUES ('25', '2026-03-25 00:00:00', '15:00-23:00');
INSERT IGNORE INTO doctor_shift (AMKA, shift_id) VALUES ('2305633067', '25');
INSERT IGNORE INTO doctor_shift (AMKA, shift_id) VALUES ('1301442380', '25');
INSERT IGNORE INTO doctor_shift (AMKA, shift_id) VALUES ('2402877693', '25');
INSERT IGNORE INTO doctor_shift (AMKA, shift_id) VALUES ('2111532740', '25');
INSERT IGNORE INTO doctor_shift (AMKA, shift_id) VALUES ('0405403482', '25');
INSERT IGNORE INTO nurse_shift (AMKA, shift_id) VALUES ('0209548455', '25');
INSERT IGNORE INTO nurse_shift (AMKA, shift_id) VALUES ('1308752778', '25');
INSERT IGNORE INTO nurse_shift (AMKA, shift_id) VALUES ('2104656720', '25');
INSERT IGNORE INTO nurse_shift (AMKA, shift_id) VALUES ('0609636680', '25');
INSERT IGNORE INTO nurse_shift (AMKA, shift_id) VALUES ('1504406068', '25');
INSERT IGNORE INTO nurse_shift (AMKA, shift_id) VALUES ('0407765594', '25');
INSERT IGNORE INTO nurse_shift (AMKA, shift_id) VALUES ('0412793251', '25');
INSERT IGNORE INTO admin_shift (AMKA, shift_id) VALUES ('0810871867', '25');
INSERT IGNORE INTO admin_shift (AMKA, shift_id) VALUES ('0707666244', '25');
INSERT IGNORE INTO admin_shift (AMKA, shift_id) VALUES ('2010445485', '25');
UPDATE IGNORE shift SET status = TRUE WHERE shift_id = '25';
INSERT IGNORE INTO dept_shift (dept_name, shift_id) VALUES ('Operating theatre (OT)', '25');
INSERT INTO shift (shift_id, day, type) VALUES ('26', '2024-11-14 00:00:00', '23:00-07:00');
INSERT IGNORE INTO doctor_shift (AMKA, shift_id) VALUES ('1705602559', '26');
INSERT IGNORE INTO doctor_shift (AMKA, shift_id) VALUES ('2311474214', '26');
INSERT IGNORE INTO doctor_shift (AMKA, shift_id) VALUES ('1007513743', '26');
INSERT IGNORE INTO doctor_shift (AMKA, shift_id) VALUES ('0402587115', '26');
INSERT IGNORE INTO doctor_shift (AMKA, shift_id) VALUES ('1502550745', '26');
INSERT IGNORE INTO nurse_shift (AMKA, shift_id) VALUES ('2901593818', '26');
INSERT IGNORE INTO nurse_shift (AMKA, shift_id) VALUES ('1505505773', '26');
INSERT IGNORE INTO nurse_shift (AMKA, shift_id) VALUES ('2711931843', '26');
INSERT IGNORE INTO nurse_shift (AMKA, shift_id) VALUES ('2205724151', '26');
INSERT IGNORE INTO nurse_shift (AMKA, shift_id) VALUES ('2404846418', '26');
INSERT IGNORE INTO nurse_shift (AMKA, shift_id) VALUES ('0508623869', '26');
INSERT IGNORE INTO nurse_shift (AMKA, shift_id) VALUES ('1510663927', '26');
INSERT IGNORE INTO nurse_shift (AMKA, shift_id) VALUES ('2510897021', '26');
INSERT IGNORE INTO nurse_shift (AMKA, shift_id) VALUES ('0804762436', '26');
INSERT IGNORE INTO admin_shift (AMKA, shift_id) VALUES ('0505466886', '26');
INSERT IGNORE INTO admin_shift (AMKA, shift_id) VALUES ('0812426773', '26');
UPDATE IGNORE shift SET status = TRUE WHERE shift_id = '26';
INSERT IGNORE INTO dept_shift (dept_name, shift_id) VALUES ('Intensive care unit (ICU)', '26');
INSERT INTO shift (shift_id, day, type) VALUES ('27', '2024-05-30 00:00:00', '15:00-23:00');
INSERT IGNORE INTO doctor_shift (AMKA, shift_id) VALUES ('0802581734', '27');
INSERT IGNORE INTO doctor_shift (AMKA, shift_id) VALUES ('2910956816', '27');
INSERT IGNORE INTO doctor_shift (AMKA, shift_id) VALUES ('1502550745', '27');
INSERT IGNORE INTO doctor_shift (AMKA, shift_id) VALUES ('1108642138', '27');
INSERT IGNORE INTO nurse_shift (AMKA, shift_id) VALUES ('2601941624', '27');
INSERT IGNORE INTO nurse_shift (AMKA, shift_id) VALUES ('1410590275', '27');
INSERT IGNORE INTO nurse_shift (AMKA, shift_id) VALUES ('2901593818', '27');
INSERT IGNORE INTO nurse_shift (AMKA, shift_id) VALUES ('0805615787', '27');
INSERT IGNORE INTO nurse_shift (AMKA, shift_id) VALUES ('2507425872', '27');
INSERT IGNORE INTO nurse_shift (AMKA, shift_id) VALUES ('2411954432', '27');
INSERT IGNORE INTO nurse_shift (AMKA, shift_id) VALUES ('2401552006', '27');
INSERT IGNORE INTO nurse_shift (AMKA, shift_id) VALUES ('2910435920', '27');
INSERT IGNORE INTO nurse_shift (AMKA, shift_id) VALUES ('1908647470', '27');
INSERT IGNORE INTO nurse_shift (AMKA, shift_id) VALUES ('1008771252', '27');
INSERT IGNORE INTO admin_shift (AMKA, shift_id) VALUES ('2103717007', '27');
INSERT IGNORE INTO admin_shift (AMKA, shift_id) VALUES ('1910579614', '27');
INSERT IGNORE INTO admin_shift (AMKA, shift_id) VALUES ('0703960983', '27');
INSERT IGNORE INTO admin_shift (AMKA, shift_id) VALUES ('2703913336', '27');
UPDATE IGNORE shift SET status = TRUE WHERE shift_id = '27';
INSERT IGNORE INTO dept_shift (dept_name, shift_id) VALUES ('Intensive care unit (ICU)', '27');
INSERT INTO shift (shift_id, day, type) VALUES ('28', '2026-04-30 00:00:00', '07:00-15:00');
INSERT IGNORE INTO doctor_shift (AMKA, shift_id) VALUES ('1502550745', '28');
INSERT IGNORE INTO doctor_shift (AMKA, shift_id) VALUES ('0906651672', '28');
INSERT IGNORE INTO doctor_shift (AMKA, shift_id) VALUES ('2801801564', '28');
INSERT IGNORE INTO doctor_shift (AMKA, shift_id) VALUES ('1402646365', '28');
INSERT IGNORE INTO doctor_shift (AMKA, shift_id) VALUES ('1301429404', '28');
INSERT IGNORE INTO nurse_shift (AMKA, shift_id) VALUES ('1409799887', '28');
INSERT IGNORE INTO nurse_shift (AMKA, shift_id) VALUES ('1410590275', '28');
INSERT IGNORE INTO nurse_shift (AMKA, shift_id) VALUES ('2404846418', '28');
INSERT IGNORE INTO nurse_shift (AMKA, shift_id) VALUES ('1510663927', '28');
INSERT IGNORE INTO nurse_shift (AMKA, shift_id) VALUES ('0604638601', '28');
INSERT IGNORE INTO nurse_shift (AMKA, shift_id) VALUES ('2704464646', '28');
INSERT IGNORE INTO nurse_shift (AMKA, shift_id) VALUES ('1505505773', '28');
INSERT IGNORE INTO nurse_shift (AMKA, shift_id) VALUES ('0410663790', '28');
INSERT IGNORE INTO nurse_shift (AMKA, shift_id) VALUES ('0106962075', '28');
INSERT IGNORE INTO admin_shift (AMKA, shift_id) VALUES ('0403889907', '28');
INSERT IGNORE INTO admin_shift (AMKA, shift_id) VALUES ('0304601041', '28');
INSERT IGNORE INTO admin_shift (AMKA, shift_id) VALUES ('2605932179', '28');
INSERT IGNORE INTO admin_shift (AMKA, shift_id) VALUES ('1510768908', '28');
UPDATE IGNORE shift SET status = TRUE WHERE shift_id = '28';
INSERT IGNORE INTO dept_shift (dept_name, shift_id) VALUES ('Intensive care unit (ICU)', '28');
INSERT INTO shift (shift_id, day, type) VALUES ('29', '2026-08-28 00:00:00', '23:00-07:00');
INSERT IGNORE INTO doctor_shift (AMKA, shift_id) VALUES ('2106602456', '29');
INSERT IGNORE INTO doctor_shift (AMKA, shift_id) VALUES ('1810910652', '29');
INSERT IGNORE INTO doctor_shift (AMKA, shift_id) VALUES ('2502902231', '29');
INSERT IGNORE INTO doctor_shift (AMKA, shift_id) VALUES ('1908663047', '29');
INSERT IGNORE INTO doctor_shift (AMKA, shift_id) VALUES ('1209483269', '29');
INSERT IGNORE INTO doctor_shift (AMKA, shift_id) VALUES ('2910450715', '29');
INSERT IGNORE INTO doctor_shift (AMKA, shift_id) VALUES ('2010494529', '29');
INSERT IGNORE INTO nurse_shift (AMKA, shift_id) VALUES ('1911832103', '29');
INSERT IGNORE INTO nurse_shift (AMKA, shift_id) VALUES ('2912929004', '29');
INSERT IGNORE INTO nurse_shift (AMKA, shift_id) VALUES ('3006845381', '29');
INSERT IGNORE INTO nurse_shift (AMKA, shift_id) VALUES ('3007957631', '29');
INSERT IGNORE INTO nurse_shift (AMKA, shift_id) VALUES ('2106930406', '29');
INSERT IGNORE INTO nurse_shift (AMKA, shift_id) VALUES ('0201878050', '29');
INSERT IGNORE INTO nurse_shift (AMKA, shift_id) VALUES ('2106697427', '29');
INSERT IGNORE INTO admin_shift (AMKA, shift_id) VALUES ('1109996077', '29');
INSERT IGNORE INTO admin_shift (AMKA, shift_id) VALUES ('2911528035', '29');
INSERT IGNORE INTO admin_shift (AMKA, shift_id) VALUES ('1907745998', '29');
UPDATE IGNORE shift SET status = TRUE WHERE shift_id = '29';
INSERT IGNORE INTO dept_shift (dept_name, shift_id) VALUES ('Intensive care unit (ICU)', '29');
INSERT INTO shift (shift_id, day, type) VALUES ('30', '2024-03-10 00:00:00', '15:00-23:00');
INSERT IGNORE INTO doctor_shift (AMKA, shift_id) VALUES ('3008951757', '30');
INSERT IGNORE INTO doctor_shift (AMKA, shift_id) VALUES ('2402877693', '30');
INSERT IGNORE INTO doctor_shift (AMKA, shift_id) VALUES ('1705602559', '30');
INSERT IGNORE INTO doctor_shift (AMKA, shift_id) VALUES ('1112753348', '30');
INSERT IGNORE INTO doctor_shift (AMKA, shift_id) VALUES ('2111532740', '30');
INSERT IGNORE INTO doctor_shift (AMKA, shift_id) VALUES ('1009974497', '30');
INSERT IGNORE INTO doctor_shift (AMKA, shift_id) VALUES ('0410862119', '30');
INSERT IGNORE INTO nurse_shift (AMKA, shift_id) VALUES ('2411954432', '30');
INSERT IGNORE INTO nurse_shift (AMKA, shift_id) VALUES ('2601941624', '30');
INSERT IGNORE INTO nurse_shift (AMKA, shift_id) VALUES ('1806532334', '30');
INSERT IGNORE INTO nurse_shift (AMKA, shift_id) VALUES ('2706761470', '30');
INSERT IGNORE INTO nurse_shift (AMKA, shift_id) VALUES ('2604879705', '30');
INSERT IGNORE INTO nurse_shift (AMKA, shift_id) VALUES ('1408414594', '30');
INSERT IGNORE INTO nurse_shift (AMKA, shift_id) VALUES ('3009684644', '30');
INSERT IGNORE INTO nurse_shift (AMKA, shift_id) VALUES ('0412793251', '30');
INSERT IGNORE INTO nurse_shift (AMKA, shift_id) VALUES ('1808626992', '30');
INSERT IGNORE INTO admin_shift (AMKA, shift_id) VALUES ('0403889907', '30');
INSERT IGNORE INTO admin_shift (AMKA, shift_id) VALUES ('2703913336', '30');
INSERT IGNORE INTO admin_shift (AMKA, shift_id) VALUES ('0601887396', '30');
UPDATE IGNORE shift SET status = TRUE WHERE shift_id = '30';
INSERT IGNORE INTO dept_shift (dept_name, shift_id) VALUES ('Intensive care unit (ICU)', '30');
INSERT INTO shift (shift_id, day, type) VALUES ('31', '2025-06-09 00:00:00', '23:00-07:00');
INSERT IGNORE INTO doctor_shift (AMKA, shift_id) VALUES ('2905541171', '31');
INSERT IGNORE INTO doctor_shift (AMKA, shift_id) VALUES ('1301442380', '31');
INSERT IGNORE INTO doctor_shift (AMKA, shift_id) VALUES ('2710919774', '31');
INSERT IGNORE INTO doctor_shift (AMKA, shift_id) VALUES ('1705602559', '31');
INSERT IGNORE INTO doctor_shift (AMKA, shift_id) VALUES ('2411651898', '31');
INSERT IGNORE INTO doctor_shift (AMKA, shift_id) VALUES ('0707820743', '31');
INSERT IGNORE INTO doctor_shift (AMKA, shift_id) VALUES ('1701623027', '31');
INSERT IGNORE INTO doctor_shift (AMKA, shift_id) VALUES ('2708580170', '31');
INSERT IGNORE INTO nurse_shift (AMKA, shift_id) VALUES ('3004641635', '31');
INSERT IGNORE INTO nurse_shift (AMKA, shift_id) VALUES ('0609636680', '31');
INSERT IGNORE INTO nurse_shift (AMKA, shift_id) VALUES ('1410001291', '31');
INSERT IGNORE INTO nurse_shift (AMKA, shift_id) VALUES ('1801437951', '31');
INSERT IGNORE INTO nurse_shift (AMKA, shift_id) VALUES ('2208482039', '31');
INSERT IGNORE INTO nurse_shift (AMKA, shift_id) VALUES ('0104472353', '31');
INSERT IGNORE INTO nurse_shift (AMKA, shift_id) VALUES ('2601941624', '31');
INSERT IGNORE INTO nurse_shift (AMKA, shift_id) VALUES ('0201878050', '31');
INSERT IGNORE INTO admin_shift (AMKA, shift_id) VALUES ('3108581021', '31');
INSERT IGNORE INTO admin_shift (AMKA, shift_id) VALUES ('2408699743', '31');
UPDATE IGNORE shift SET status = TRUE WHERE shift_id = '31';
INSERT IGNORE INTO dept_shift (dept_name, shift_id) VALUES ('Intensive care unit (ICU)', '31');
INSERT INTO shift (shift_id, day, type) VALUES ('32', '2025-05-05 00:00:00', '23:00-07:00');
INSERT IGNORE INTO doctor_shift (AMKA, shift_id) VALUES ('2910956816', '32');
INSERT IGNORE INTO doctor_shift (AMKA, shift_id) VALUES ('3012509660', '32');
INSERT IGNORE INTO doctor_shift (AMKA, shift_id) VALUES ('0707820743', '32');
INSERT IGNORE INTO doctor_shift (AMKA, shift_id) VALUES ('1705602559', '32');
INSERT IGNORE INTO doctor_shift (AMKA, shift_id) VALUES ('2003609278', '32');
INSERT IGNORE INTO doctor_shift (AMKA, shift_id) VALUES ('2609009896', '32');
INSERT IGNORE INTO nurse_shift (AMKA, shift_id) VALUES ('0904571046', '32');
INSERT IGNORE INTO nurse_shift (AMKA, shift_id) VALUES ('1003436272', '32');
INSERT IGNORE INTO nurse_shift (AMKA, shift_id) VALUES ('2706761470', '32');
INSERT IGNORE INTO nurse_shift (AMKA, shift_id) VALUES ('2411954432', '32');
INSERT IGNORE INTO nurse_shift (AMKA, shift_id) VALUES ('2106697427', '32');
INSERT IGNORE INTO nurse_shift (AMKA, shift_id) VALUES ('1104820571', '32');
INSERT IGNORE INTO nurse_shift (AMKA, shift_id) VALUES ('0309459375', '32');
INSERT IGNORE INTO nurse_shift (AMKA, shift_id) VALUES ('3004938343', '32');
INSERT IGNORE INTO nurse_shift (AMKA, shift_id) VALUES ('1005529092', '32');
INSERT IGNORE INTO nurse_shift (AMKA, shift_id) VALUES ('0705726850', '32');
INSERT IGNORE INTO admin_shift (AMKA, shift_id) VALUES ('0205901915', '32');
INSERT IGNORE INTO admin_shift (AMKA, shift_id) VALUES ('1209746373', '32');
INSERT IGNORE INTO admin_shift (AMKA, shift_id) VALUES ('2310523586', '32');
INSERT IGNORE INTO admin_shift (AMKA, shift_id) VALUES ('1109996077', '32');
UPDATE IGNORE shift SET status = TRUE WHERE shift_id = '32';
INSERT IGNORE INTO dept_shift (dept_name, shift_id) VALUES ('Intensive care unit (ICU)', '32');
INSERT INTO shift (shift_id, day, type) VALUES ('33', '2025-06-21 00:00:00', '15:00-23:00');
INSERT IGNORE INTO doctor_shift (AMKA, shift_id) VALUES ('2801897549', '33');
INSERT IGNORE INTO doctor_shift (AMKA, shift_id) VALUES ('2111532740', '33');
INSERT IGNORE INTO doctor_shift (AMKA, shift_id) VALUES ('1611621504', '33');
INSERT IGNORE INTO doctor_shift (AMKA, shift_id) VALUES ('1810910652', '33');
INSERT IGNORE INTO doctor_shift (AMKA, shift_id) VALUES ('0802581734', '33');
INSERT IGNORE INTO doctor_shift (AMKA, shift_id) VALUES ('3108788705', '33');
INSERT IGNORE INTO doctor_shift (AMKA, shift_id) VALUES ('2801830092', '33');
INSERT IGNORE INTO doctor_shift (AMKA, shift_id) VALUES ('2809979050', '33');
INSERT IGNORE INTO nurse_shift (AMKA, shift_id) VALUES ('2205724151', '33');
INSERT IGNORE INTO nurse_shift (AMKA, shift_id) VALUES ('0706774178', '33');
INSERT IGNORE INTO nurse_shift (AMKA, shift_id) VALUES ('2106930406', '33');
INSERT IGNORE INTO nurse_shift (AMKA, shift_id) VALUES ('3006845381', '33');
INSERT IGNORE INTO nurse_shift (AMKA, shift_id) VALUES ('1005529092', '33');
INSERT IGNORE INTO nurse_shift (AMKA, shift_id) VALUES ('1403610713', '33');
INSERT IGNORE INTO nurse_shift (AMKA, shift_id) VALUES ('2608981810', '33');
INSERT IGNORE INTO nurse_shift (AMKA, shift_id) VALUES ('1505505773', '33');
INSERT IGNORE INTO nurse_shift (AMKA, shift_id) VALUES ('0201878050', '33');
INSERT IGNORE INTO admin_shift (AMKA, shift_id) VALUES ('0810871867', '33');
INSERT IGNORE INTO admin_shift (AMKA, shift_id) VALUES ('2309518917', '33');
INSERT IGNORE INTO admin_shift (AMKA, shift_id) VALUES ('0201483619', '33');
UPDATE IGNORE shift SET status = TRUE WHERE shift_id = '33';
INSERT IGNORE INTO dept_shift (dept_name, shift_id) VALUES ('Intensive care unit (ICU)', '33');
INSERT INTO shift (shift_id, day, type) VALUES ('34', '2025-08-26 00:00:00', '15:00-23:00');
INSERT IGNORE INTO doctor_shift (AMKA, shift_id) VALUES ('1112753348', '34');
INSERT IGNORE INTO doctor_shift (AMKA, shift_id) VALUES ('2905541171', '34');
INSERT IGNORE INTO doctor_shift (AMKA, shift_id) VALUES ('0307549248', '34');
INSERT IGNORE INTO doctor_shift (AMKA, shift_id) VALUES ('2411004971', '34');
INSERT IGNORE INTO nurse_shift (AMKA, shift_id) VALUES ('1911832103', '34');
INSERT IGNORE INTO nurse_shift (AMKA, shift_id) VALUES ('1604513215', '34');
INSERT IGNORE INTO nurse_shift (AMKA, shift_id) VALUES ('0309734619', '34');
INSERT IGNORE INTO nurse_shift (AMKA, shift_id) VALUES ('0201878050', '34');
INSERT IGNORE INTO nurse_shift (AMKA, shift_id) VALUES ('1403610713', '34');
INSERT IGNORE INTO nurse_shift (AMKA, shift_id) VALUES ('0804762436', '34');
INSERT IGNORE INTO nurse_shift (AMKA, shift_id) VALUES ('1011859573', '34');
INSERT IGNORE INTO admin_shift (AMKA, shift_id) VALUES ('0912742757', '34');
INSERT IGNORE INTO admin_shift (AMKA, shift_id) VALUES ('3108581021', '34');
INSERT IGNORE INTO admin_shift (AMKA, shift_id) VALUES ('1105817332', '34');
INSERT IGNORE INTO admin_shift (AMKA, shift_id) VALUES ('2010445485', '34');
UPDATE IGNORE shift SET status = TRUE WHERE shift_id = '34';
INSERT IGNORE INTO dept_shift (dept_name, shift_id) VALUES ('Intensive care unit (ICU)', '34');
INSERT INTO shift (shift_id, day, type) VALUES ('35', '2024-08-16 00:00:00', '07:00-15:00');
INSERT IGNORE INTO doctor_shift (AMKA, shift_id) VALUES ('0707820743', '35');
INSERT IGNORE INTO doctor_shift (AMKA, shift_id) VALUES ('0402587115', '35');
INSERT IGNORE INTO doctor_shift (AMKA, shift_id) VALUES ('2905541171', '35');
INSERT IGNORE INTO doctor_shift (AMKA, shift_id) VALUES ('1712008709', '35');
INSERT IGNORE INTO doctor_shift (AMKA, shift_id) VALUES ('0807736496', '35');
INSERT IGNORE INTO nurse_shift (AMKA, shift_id) VALUES ('2711931843', '35');
INSERT IGNORE INTO nurse_shift (AMKA, shift_id) VALUES ('2110703028', '35');
INSERT IGNORE INTO nurse_shift (AMKA, shift_id) VALUES ('2612762096', '35');
INSERT IGNORE INTO nurse_shift (AMKA, shift_id) VALUES ('1801437951', '35');
INSERT IGNORE INTO nurse_shift (AMKA, shift_id) VALUES ('2608415059', '35');
INSERT IGNORE INTO nurse_shift (AMKA, shift_id) VALUES ('2912929004', '35');
INSERT IGNORE INTO admin_shift (AMKA, shift_id) VALUES ('1907460463', '35');
INSERT IGNORE INTO admin_shift (AMKA, shift_id) VALUES ('1403488687', '35');
UPDATE IGNORE shift SET status = TRUE WHERE shift_id = '35';
INSERT IGNORE INTO dept_shift (dept_name, shift_id) VALUES ('Intensive care unit (ICU)', '35');
INSERT INTO shift (shift_id, day, type) VALUES ('36', '2025-12-20 00:00:00', '23:00-07:00');
INSERT IGNORE INTO doctor_shift (AMKA, shift_id) VALUES ('2010494529', '36');
INSERT IGNORE INTO doctor_shift (AMKA, shift_id) VALUES ('0202939499', '36');
INSERT IGNORE INTO doctor_shift (AMKA, shift_id) VALUES ('1712008709', '36');
INSERT IGNORE INTO doctor_shift (AMKA, shift_id) VALUES ('1908663047', '36');
INSERT IGNORE INTO doctor_shift (AMKA, shift_id) VALUES ('2801801564', '36');
INSERT IGNORE INTO nurse_shift (AMKA, shift_id) VALUES ('2401552006', '36');
INSERT IGNORE INTO nurse_shift (AMKA, shift_id) VALUES ('0710837433', '36');
INSERT IGNORE INTO nurse_shift (AMKA, shift_id) VALUES ('2202676265', '36');
INSERT IGNORE INTO nurse_shift (AMKA, shift_id) VALUES ('0309734619', '36');
INSERT IGNORE INTO nurse_shift (AMKA, shift_id) VALUES ('2604879705', '36');
INSERT IGNORE INTO nurse_shift (AMKA, shift_id) VALUES ('1801437951', '36');
INSERT IGNORE INTO nurse_shift (AMKA, shift_id) VALUES ('2507425872', '36');
INSERT IGNORE INTO nurse_shift (AMKA, shift_id) VALUES ('2007568464', '36');
INSERT IGNORE INTO admin_shift (AMKA, shift_id) VALUES ('0304601041', '36');
INSERT IGNORE INTO admin_shift (AMKA, shift_id) VALUES ('0812426773', '36');
UPDATE IGNORE shift SET status = TRUE WHERE shift_id = '36';
INSERT IGNORE INTO dept_shift (dept_name, shift_id) VALUES ('Intensive care unit (ICU)', '36');
INSERT INTO shift (shift_id, day, type) VALUES ('37', '2025-03-21 00:00:00', '15:00-23:00');
INSERT IGNORE INTO doctor_shift (AMKA, shift_id) VALUES ('2911689167', '37');
INSERT IGNORE INTO doctor_shift (AMKA, shift_id) VALUES ('3110765587', '37');
INSERT IGNORE INTO doctor_shift (AMKA, shift_id) VALUES ('0405403482', '37');
INSERT IGNORE INTO nurse_shift (AMKA, shift_id) VALUES ('3004641635', '37');
INSERT IGNORE INTO nurse_shift (AMKA, shift_id) VALUES ('0804762436', '37');
INSERT IGNORE INTO nurse_shift (AMKA, shift_id) VALUES ('1504406068', '37');
INSERT IGNORE INTO nurse_shift (AMKA, shift_id) VALUES ('0209548455', '37');
INSERT IGNORE INTO nurse_shift (AMKA, shift_id) VALUES ('2202676265', '37');
INSERT IGNORE INTO nurse_shift (AMKA, shift_id) VALUES ('0201878050', '37');
INSERT IGNORE INTO nurse_shift (AMKA, shift_id) VALUES ('1808626992', '37');
INSERT IGNORE INTO nurse_shift (AMKA, shift_id) VALUES ('1409799887', '37');
INSERT IGNORE INTO nurse_shift (AMKA, shift_id) VALUES ('0410663790', '37');
INSERT IGNORE INTO nurse_shift (AMKA, shift_id) VALUES ('0907972518', '37');
INSERT IGNORE INTO admin_shift (AMKA, shift_id) VALUES ('1405405087', '37');
INSERT IGNORE INTO admin_shift (AMKA, shift_id) VALUES ('0403889907', '37');
UPDATE IGNORE shift SET status = TRUE WHERE shift_id = '37';
INSERT IGNORE INTO dept_shift (dept_name, shift_id) VALUES ('Intensive care unit (ICU)', '37');
INSERT INTO shift (shift_id, day, type) VALUES ('38', '2025-11-22 00:00:00', '07:00-15:00');
INSERT IGNORE INTO doctor_shift (AMKA, shift_id) VALUES ('0802581734', '38');
INSERT IGNORE INTO doctor_shift (AMKA, shift_id) VALUES ('0111689660', '38');
INSERT IGNORE INTO doctor_shift (AMKA, shift_id) VALUES ('1209483269', '38');
INSERT IGNORE INTO doctor_shift (AMKA, shift_id) VALUES ('1908663047', '38');
INSERT IGNORE INTO doctor_shift (AMKA, shift_id) VALUES ('1701623027', '38');
INSERT IGNORE INTO doctor_shift (AMKA, shift_id) VALUES ('1705602559', '38');
INSERT IGNORE INTO nurse_shift (AMKA, shift_id) VALUES ('1711760995', '38');
INSERT IGNORE INTO nurse_shift (AMKA, shift_id) VALUES ('0612989649', '38');
INSERT IGNORE INTO nurse_shift (AMKA, shift_id) VALUES ('1806981284', '38');
INSERT IGNORE INTO nurse_shift (AMKA, shift_id) VALUES ('2706761470', '38');
INSERT IGNORE INTO nurse_shift (AMKA, shift_id) VALUES ('1005673097', '38');
INSERT IGNORE INTO nurse_shift (AMKA, shift_id) VALUES ('0904571046', '38');
INSERT IGNORE INTO nurse_shift (AMKA, shift_id) VALUES ('0705726850', '38');
INSERT IGNORE INTO nurse_shift (AMKA, shift_id) VALUES ('2208482039', '38');
INSERT IGNORE INTO nurse_shift (AMKA, shift_id) VALUES ('2510897021', '38');
INSERT IGNORE INTO nurse_shift (AMKA, shift_id) VALUES ('3006845381', '38');
INSERT IGNORE INTO admin_shift (AMKA, shift_id) VALUES ('0405421061', '38');
INSERT IGNORE INTO admin_shift (AMKA, shift_id) VALUES ('1907460463', '38');
UPDATE IGNORE shift SET status = TRUE WHERE shift_id = '38';
INSERT IGNORE INTO dept_shift (dept_name, shift_id) VALUES ('Intensive care unit (ICU)', '38');
INSERT INTO shift (shift_id, day, type) VALUES ('39', '2025-01-22 00:00:00', '23:00-07:00');
INSERT IGNORE INTO doctor_shift (AMKA, shift_id) VALUES ('0708733889', '39');
INSERT IGNORE INTO doctor_shift (AMKA, shift_id) VALUES ('2801801564', '39');
INSERT IGNORE INTO doctor_shift (AMKA, shift_id) VALUES ('0404978442', '39');
INSERT IGNORE INTO doctor_shift (AMKA, shift_id) VALUES ('0405403482', '39');
INSERT IGNORE INTO doctor_shift (AMKA, shift_id) VALUES ('2411651898', '39');
INSERT IGNORE INTO doctor_shift (AMKA, shift_id) VALUES ('0902609962', '39');
INSERT IGNORE INTO doctor_shift (AMKA, shift_id) VALUES ('0312964109', '39');
INSERT IGNORE INTO nurse_shift (AMKA, shift_id) VALUES ('0709669147', '39');
INSERT IGNORE INTO nurse_shift (AMKA, shift_id) VALUES ('2110703028', '39');
INSERT IGNORE INTO nurse_shift (AMKA, shift_id) VALUES ('2906456566', '39');
INSERT IGNORE INTO nurse_shift (AMKA, shift_id) VALUES ('1808626992', '39');
INSERT IGNORE INTO nurse_shift (AMKA, shift_id) VALUES ('1206677028', '39');
INSERT IGNORE INTO nurse_shift (AMKA, shift_id) VALUES ('0309734619', '39');
INSERT IGNORE INTO nurse_shift (AMKA, shift_id) VALUES ('1210752839', '39');
INSERT IGNORE INTO admin_shift (AMKA, shift_id) VALUES ('1405405087', '39');
INSERT IGNORE INTO admin_shift (AMKA, shift_id) VALUES ('2010445485', '39');
INSERT IGNORE INTO admin_shift (AMKA, shift_id) VALUES ('1403488687', '39');
INSERT IGNORE INTO admin_shift (AMKA, shift_id) VALUES ('2605932179', '39');
UPDATE IGNORE shift SET status = TRUE WHERE shift_id = '39';
INSERT IGNORE INTO dept_shift (dept_name, shift_id) VALUES ('Intensive care unit (ICU)', '39');
INSERT INTO shift (shift_id, day, type) VALUES ('40', '2025-07-26 00:00:00', '07:00-15:00');
INSERT IGNORE INTO doctor_shift (AMKA, shift_id) VALUES ('2911689167', '40');
INSERT IGNORE INTO doctor_shift (AMKA, shift_id) VALUES ('1007513743', '40');
INSERT IGNORE INTO doctor_shift (AMKA, shift_id) VALUES ('0202939499', '40');
INSERT IGNORE INTO nurse_shift (AMKA, shift_id) VALUES ('3009684644', '40');
INSERT IGNORE INTO nurse_shift (AMKA, shift_id) VALUES ('1911611265', '40');
INSERT IGNORE INTO nurse_shift (AMKA, shift_id) VALUES ('1410590275', '40');
INSERT IGNORE INTO nurse_shift (AMKA, shift_id) VALUES ('3004641635', '40');
INSERT IGNORE INTO nurse_shift (AMKA, shift_id) VALUES ('0106962075', '40');
INSERT IGNORE INTO nurse_shift (AMKA, shift_id) VALUES ('1908566470', '40');
INSERT IGNORE INTO admin_shift (AMKA, shift_id) VALUES ('1503705648', '40');
INSERT IGNORE INTO admin_shift (AMKA, shift_id) VALUES ('0405421061', '40');
INSERT IGNORE INTO admin_shift (AMKA, shift_id) VALUES ('1805714774', '40');
UPDATE IGNORE shift SET status = TRUE WHERE shift_id = '40';
INSERT IGNORE INTO dept_shift (dept_name, shift_id) VALUES ('Anesthesiology', '40');
INSERT INTO shift (shift_id, day, type) VALUES ('41', '2025-06-12 00:00:00', '23:00-07:00');
INSERT IGNORE INTO doctor_shift (AMKA, shift_id) VALUES ('1108642138', '41');
INSERT IGNORE INTO doctor_shift (AMKA, shift_id) VALUES ('1008990170', '41');
INSERT IGNORE INTO doctor_shift (AMKA, shift_id) VALUES ('0111689660', '41');
INSERT IGNORE INTO doctor_shift (AMKA, shift_id) VALUES ('0707820743', '41');
INSERT IGNORE INTO doctor_shift (AMKA, shift_id) VALUES ('2311474214', '41');
INSERT IGNORE INTO doctor_shift (AMKA, shift_id) VALUES ('1207427571', '41');
INSERT IGNORE INTO doctor_shift (AMKA, shift_id) VALUES ('0701944806', '41');
INSERT IGNORE INTO nurse_shift (AMKA, shift_id) VALUES ('0109765304', '41');
INSERT IGNORE INTO nurse_shift (AMKA, shift_id) VALUES ('2205724151', '41');
INSERT IGNORE INTO nurse_shift (AMKA, shift_id) VALUES ('2104656720', '41');
INSERT IGNORE INTO nurse_shift (AMKA, shift_id) VALUES ('2411954432', '41');
INSERT IGNORE INTO nurse_shift (AMKA, shift_id) VALUES ('1806981284', '41');
INSERT IGNORE INTO nurse_shift (AMKA, shift_id) VALUES ('0609636680', '41');
INSERT IGNORE INTO nurse_shift (AMKA, shift_id) VALUES ('0709669147', '41');
INSERT IGNORE INTO nurse_shift (AMKA, shift_id) VALUES ('2910435920', '41');
INSERT IGNORE INTO admin_shift (AMKA, shift_id) VALUES ('1311799909', '41');
INSERT IGNORE INTO admin_shift (AMKA, shift_id) VALUES ('0503752616', '41');
INSERT IGNORE INTO admin_shift (AMKA, shift_id) VALUES ('1701751366', '41');
INSERT IGNORE INTO admin_shift (AMKA, shift_id) VALUES ('3009559307', '41');
UPDATE IGNORE shift SET status = TRUE WHERE shift_id = '41';
INSERT IGNORE INTO dept_shift (dept_name, shift_id) VALUES ('Anesthesiology', '41');
INSERT INTO shift (shift_id, day, type) VALUES ('42', '2025-05-11 00:00:00', '15:00-23:00');
INSERT IGNORE INTO doctor_shift (AMKA, shift_id) VALUES ('3012598800', '42');
INSERT IGNORE INTO doctor_shift (AMKA, shift_id) VALUES ('2609009896', '42');
INSERT IGNORE INTO doctor_shift (AMKA, shift_id) VALUES ('0111689660', '42');
INSERT IGNORE INTO doctor_shift (AMKA, shift_id) VALUES ('2404738380', '42');
INSERT IGNORE INTO nurse_shift (AMKA, shift_id) VALUES ('2706761470', '42');
INSERT IGNORE INTO nurse_shift (AMKA, shift_id) VALUES ('1008771252', '42');
INSERT IGNORE INTO nurse_shift (AMKA, shift_id) VALUES ('1409799887', '42');
INSERT IGNORE INTO nurse_shift (AMKA, shift_id) VALUES ('2403611622', '42');
INSERT IGNORE INTO nurse_shift (AMKA, shift_id) VALUES ('2106930406', '42');
INSERT IGNORE INTO nurse_shift (AMKA, shift_id) VALUES ('1510663927', '42');
INSERT IGNORE INTO admin_shift (AMKA, shift_id) VALUES ('0205901915', '42');
INSERT IGNORE INTO admin_shift (AMKA, shift_id) VALUES ('1209746373', '42');
INSERT IGNORE INTO admin_shift (AMKA, shift_id) VALUES ('1311799909', '42');
INSERT IGNORE INTO admin_shift (AMKA, shift_id) VALUES ('1403488687', '42');
UPDATE IGNORE shift SET status = TRUE WHERE shift_id = '42';
INSERT IGNORE INTO dept_shift (dept_name, shift_id) VALUES ('Anesthesiology', '42');
INSERT INTO shift (shift_id, day, type) VALUES ('43', '2026-08-28 00:00:00', '15:00-23:00');
INSERT IGNORE INTO doctor_shift (AMKA, shift_id) VALUES ('2708580170', '43');
INSERT IGNORE INTO doctor_shift (AMKA, shift_id) VALUES ('0307549248', '43');
INSERT IGNORE INTO doctor_shift (AMKA, shift_id) VALUES ('0410862119', '43');
INSERT IGNORE INTO doctor_shift (AMKA, shift_id) VALUES ('3008951757', '43');
INSERT IGNORE INTO nurse_shift (AMKA, shift_id) VALUES ('2706761470', '43');
INSERT IGNORE INTO nurse_shift (AMKA, shift_id) VALUES ('2507425872', '43');
INSERT IGNORE INTO nurse_shift (AMKA, shift_id) VALUES ('1908647470', '43');
INSERT IGNORE INTO nurse_shift (AMKA, shift_id) VALUES ('2104656720', '43');
INSERT IGNORE INTO nurse_shift (AMKA, shift_id) VALUES ('1410590275', '43');
INSERT IGNORE INTO nurse_shift (AMKA, shift_id) VALUES ('0904571046', '43');
INSERT IGNORE INTO nurse_shift (AMKA, shift_id) VALUES ('2811867092', '43');
INSERT IGNORE INTO nurse_shift (AMKA, shift_id) VALUES ('2205724151', '43');
INSERT IGNORE INTO nurse_shift (AMKA, shift_id) VALUES ('2403611622', '43');
INSERT IGNORE INTO nurse_shift (AMKA, shift_id) VALUES ('1008771252', '43');
INSERT IGNORE INTO admin_shift (AMKA, shift_id) VALUES ('0505466886', '43');
INSERT IGNORE INTO admin_shift (AMKA, shift_id) VALUES ('0707666244', '43');
UPDATE IGNORE shift SET status = TRUE WHERE shift_id = '43';
INSERT IGNORE INTO dept_shift (dept_name, shift_id) VALUES ('Anesthesiology', '43');
INSERT INTO shift (shift_id, day, type) VALUES ('44', '2025-07-28 00:00:00', '07:00-15:00');
INSERT IGNORE INTO doctor_shift (AMKA, shift_id) VALUES ('2911689167', '44');
INSERT IGNORE INTO doctor_shift (AMKA, shift_id) VALUES ('0906651672', '44');
INSERT IGNORE INTO doctor_shift (AMKA, shift_id) VALUES ('0111689660', '44');
INSERT IGNORE INTO doctor_shift (AMKA, shift_id) VALUES ('2501995986', '44');
INSERT IGNORE INTO doctor_shift (AMKA, shift_id) VALUES ('1301442380', '44');
INSERT IGNORE INTO nurse_shift (AMKA, shift_id) VALUES ('1308752778', '44');
INSERT IGNORE INTO nurse_shift (AMKA, shift_id) VALUES ('2110703028', '44');
INSERT IGNORE INTO nurse_shift (AMKA, shift_id) VALUES ('2412005893', '44');
INSERT IGNORE INTO nurse_shift (AMKA, shift_id) VALUES ('3009684644', '44');
INSERT IGNORE INTO nurse_shift (AMKA, shift_id) VALUES ('0807809157', '44');
INSERT IGNORE INTO nurse_shift (AMKA, shift_id) VALUES ('0309734619', '44');
INSERT IGNORE INTO admin_shift (AMKA, shift_id) VALUES ('0706936645', '44');
INSERT IGNORE INTO admin_shift (AMKA, shift_id) VALUES ('1510768908', '44');
INSERT IGNORE INTO admin_shift (AMKA, shift_id) VALUES ('1706440889', '44');
INSERT IGNORE INTO admin_shift (AMKA, shift_id) VALUES ('1105817332', '44');
UPDATE IGNORE shift SET status = TRUE WHERE shift_id = '44';
INSERT IGNORE INTO dept_shift (dept_name, shift_id) VALUES ('Anesthesiology', '44');
INSERT INTO shift (shift_id, day, type) VALUES ('45', '2025-04-24 00:00:00', '07:00-15:00');
INSERT IGNORE INTO doctor_shift (AMKA, shift_id) VALUES ('2801897549', '45');
INSERT IGNORE INTO doctor_shift (AMKA, shift_id) VALUES ('1207427571', '45');
INSERT IGNORE INTO doctor_shift (AMKA, shift_id) VALUES ('0701944806', '45');
INSERT IGNORE INTO nurse_shift (AMKA, shift_id) VALUES ('2906456566', '45');
INSERT IGNORE INTO nurse_shift (AMKA, shift_id) VALUES ('1911832103', '45');
INSERT IGNORE INTO nurse_shift (AMKA, shift_id) VALUES ('2811867092', '45');
INSERT IGNORE INTO nurse_shift (AMKA, shift_id) VALUES ('1308752778', '45');
INSERT IGNORE INTO nurse_shift (AMKA, shift_id) VALUES ('0612989649', '45');
INSERT IGNORE INTO nurse_shift (AMKA, shift_id) VALUES ('1011859573', '45');
INSERT IGNORE INTO nurse_shift (AMKA, shift_id) VALUES ('0104472353', '45');
INSERT IGNORE INTO nurse_shift (AMKA, shift_id) VALUES ('0710837433', '45');
INSERT IGNORE INTO nurse_shift (AMKA, shift_id) VALUES ('1504406068', '45');
INSERT IGNORE INTO admin_shift (AMKA, shift_id) VALUES ('2103717007', '45');
INSERT IGNORE INTO admin_shift (AMKA, shift_id) VALUES ('0201483619', '45');
INSERT IGNORE INTO admin_shift (AMKA, shift_id) VALUES ('2010445485', '45');
UPDATE IGNORE shift SET status = TRUE WHERE shift_id = '45';
INSERT IGNORE INTO dept_shift (dept_name, shift_id) VALUES ('Anesthesiology', '45');
INSERT INTO shift (shift_id, day, type) VALUES ('46', '2024-02-18 00:00:00', '07:00-15:00');
INSERT IGNORE INTO doctor_shift (AMKA, shift_id) VALUES ('2710919774', '46');
INSERT IGNORE INTO doctor_shift (AMKA, shift_id) VALUES ('1108642138', '46');
INSERT IGNORE INTO doctor_shift (AMKA, shift_id) VALUES ('1810910652', '46');
INSERT IGNORE INTO doctor_shift (AMKA, shift_id) VALUES ('3012598800', '46');
INSERT IGNORE INTO doctor_shift (AMKA, shift_id) VALUES ('2411004971', '46');
INSERT IGNORE INTO doctor_shift (AMKA, shift_id) VALUES ('0701944806', '46');
INSERT IGNORE INTO doctor_shift (AMKA, shift_id) VALUES ('2607905982', '46');
INSERT IGNORE INTO nurse_shift (AMKA, shift_id) VALUES ('2209951799', '46');
INSERT IGNORE INTO nurse_shift (AMKA, shift_id) VALUES ('0612989649', '46');
INSERT IGNORE INTO nurse_shift (AMKA, shift_id) VALUES ('0706813720', '46');
INSERT IGNORE INTO nurse_shift (AMKA, shift_id) VALUES ('2208482039', '46');
INSERT IGNORE INTO nurse_shift (AMKA, shift_id) VALUES ('0410663790', '46');
INSERT IGNORE INTO nurse_shift (AMKA, shift_id) VALUES ('1112443609', '46');
INSERT IGNORE INTO nurse_shift (AMKA, shift_id) VALUES ('1908647470', '46');
INSERT IGNORE INTO nurse_shift (AMKA, shift_id) VALUES ('2403611622', '46');
INSERT IGNORE INTO admin_shift (AMKA, shift_id) VALUES ('0205901915', '46');
INSERT IGNORE INTO admin_shift (AMKA, shift_id) VALUES ('0605578164', '46');
UPDATE IGNORE shift SET status = TRUE WHERE shift_id = '46';
INSERT IGNORE INTO dept_shift (dept_name, shift_id) VALUES ('Anesthesiology', '46');
INSERT INTO shift (shift_id, day, type) VALUES ('47', '2025-09-26 00:00:00', '07:00-15:00');
INSERT IGNORE INTO doctor_shift (AMKA, shift_id) VALUES ('2911689167', '47');
INSERT IGNORE INTO doctor_shift (AMKA, shift_id) VALUES ('2205469029', '47');
INSERT IGNORE INTO doctor_shift (AMKA, shift_id) VALUES ('2607905982', '47');
INSERT IGNORE INTO doctor_shift (AMKA, shift_id) VALUES ('3012509660', '47');
INSERT IGNORE INTO nurse_shift (AMKA, shift_id) VALUES ('1005673097', '47');
INSERT IGNORE INTO nurse_shift (AMKA, shift_id) VALUES ('3007957631', '47');
INSERT IGNORE INTO nurse_shift (AMKA, shift_id) VALUES ('3006845381', '47');
INSERT IGNORE INTO nurse_shift (AMKA, shift_id) VALUES ('1911611265', '47');
INSERT IGNORE INTO nurse_shift (AMKA, shift_id) VALUES ('1908647470', '47');
INSERT IGNORE INTO nurse_shift (AMKA, shift_id) VALUES ('2612762096', '47');
INSERT IGNORE INTO nurse_shift (AMKA, shift_id) VALUES ('2202668306', '47');
INSERT IGNORE INTO admin_shift (AMKA, shift_id) VALUES ('1510768908', '47');
INSERT IGNORE INTO admin_shift (AMKA, shift_id) VALUES ('1805714774', '47');
INSERT IGNORE INTO admin_shift (AMKA, shift_id) VALUES ('0503752616', '47');
INSERT IGNORE INTO admin_shift (AMKA, shift_id) VALUES ('2901826359', '47');
UPDATE IGNORE shift SET status = TRUE WHERE shift_id = '47';
INSERT IGNORE INTO dept_shift (dept_name, shift_id) VALUES ('Anesthesiology', '47');
INSERT INTO shift (shift_id, day, type) VALUES ('48', '2026-02-03 00:00:00', '07:00-15:00');
INSERT IGNORE INTO doctor_shift (AMKA, shift_id) VALUES ('0405994014', '48');
INSERT IGNORE INTO doctor_shift (AMKA, shift_id) VALUES ('0405403482', '48');
INSERT IGNORE INTO doctor_shift (AMKA, shift_id) VALUES ('0906651672', '48');
INSERT IGNORE INTO doctor_shift (AMKA, shift_id) VALUES ('2905541171', '48');
INSERT IGNORE INTO doctor_shift (AMKA, shift_id) VALUES ('1908663047', '48');
INSERT IGNORE INTO doctor_shift (AMKA, shift_id) VALUES ('2708580170', '48');
INSERT IGNORE INTO nurse_shift (AMKA, shift_id) VALUES ('1504406068', '48');
INSERT IGNORE INTO nurse_shift (AMKA, shift_id) VALUES ('1806981284', '48');
INSERT IGNORE INTO nurse_shift (AMKA, shift_id) VALUES ('2403611622', '48');
INSERT IGNORE INTO nurse_shift (AMKA, shift_id) VALUES ('3101766130', '48');
INSERT IGNORE INTO nurse_shift (AMKA, shift_id) VALUES ('1210752839', '48');
INSERT IGNORE INTO nurse_shift (AMKA, shift_id) VALUES ('0309734619', '48');
INSERT IGNORE INTO nurse_shift (AMKA, shift_id) VALUES ('0807809157', '48');
INSERT IGNORE INTO nurse_shift (AMKA, shift_id) VALUES ('1409799887', '48');
INSERT IGNORE INTO nurse_shift (AMKA, shift_id) VALUES ('2811867092', '48');
INSERT IGNORE INTO admin_shift (AMKA, shift_id) VALUES ('1503705648', '48');
INSERT IGNORE INTO admin_shift (AMKA, shift_id) VALUES ('2604773268', '48');
INSERT IGNORE INTO admin_shift (AMKA, shift_id) VALUES ('1701751366', '48');
INSERT IGNORE INTO admin_shift (AMKA, shift_id) VALUES ('2010445485', '48');
UPDATE IGNORE shift SET status = TRUE WHERE shift_id = '48';
INSERT IGNORE INTO dept_shift (dept_name, shift_id) VALUES ('Anesthesiology', '48');
INSERT INTO shift (shift_id, day, type) VALUES ('49', '2026-01-27 00:00:00', '15:00-23:00');
INSERT IGNORE INTO doctor_shift (AMKA, shift_id) VALUES ('0410862119', '49');
INSERT IGNORE INTO doctor_shift (AMKA, shift_id) VALUES ('3012598800', '49');
INSERT IGNORE INTO doctor_shift (AMKA, shift_id) VALUES ('1301442380', '49');
INSERT IGNORE INTO doctor_shift (AMKA, shift_id) VALUES ('1209810216', '49');
INSERT IGNORE INTO doctor_shift (AMKA, shift_id) VALUES ('2010494529', '49');
INSERT IGNORE INTO doctor_shift (AMKA, shift_id) VALUES ('2801897549', '49');
INSERT IGNORE INTO doctor_shift (AMKA, shift_id) VALUES ('1611621504', '49');
INSERT IGNORE INTO nurse_shift (AMKA, shift_id) VALUES ('1206677028', '49');
INSERT IGNORE INTO nurse_shift (AMKA, shift_id) VALUES ('2612762096', '49');
INSERT IGNORE INTO nurse_shift (AMKA, shift_id) VALUES ('2404846418', '49');
INSERT IGNORE INTO nurse_shift (AMKA, shift_id) VALUES ('1006547847', '49');
INSERT IGNORE INTO nurse_shift (AMKA, shift_id) VALUES ('2209951799', '49');
INSERT IGNORE INTO nurse_shift (AMKA, shift_id) VALUES ('0109765304', '49');
INSERT IGNORE INTO nurse_shift (AMKA, shift_id) VALUES ('1308752778', '49');
INSERT IGNORE INTO nurse_shift (AMKA, shift_id) VALUES ('1410001291', '49');
INSERT IGNORE INTO nurse_shift (AMKA, shift_id) VALUES ('1908647470', '49');
INSERT IGNORE INTO admin_shift (AMKA, shift_id) VALUES ('0205901915', '49');
INSERT IGNORE INTO admin_shift (AMKA, shift_id) VALUES ('0505466886', '49');
INSERT IGNORE INTO admin_shift (AMKA, shift_id) VALUES ('1907460463', '49');
INSERT IGNORE INTO admin_shift (AMKA, shift_id) VALUES ('1503705648', '49');
UPDATE IGNORE shift SET status = TRUE WHERE shift_id = '49';
INSERT IGNORE INTO dept_shift (dept_name, shift_id) VALUES ('Anesthesiology', '49');
INSERT INTO shift (shift_id, day, type) VALUES ('50', '2024-08-12 00:00:00', '07:00-15:00');
INSERT IGNORE INTO doctor_shift (AMKA, shift_id) VALUES ('1112753348', '50');
INSERT IGNORE INTO doctor_shift (AMKA, shift_id) VALUES ('2402877693', '50');
INSERT IGNORE INTO doctor_shift (AMKA, shift_id) VALUES ('2305633067', '50');
INSERT IGNORE INTO nurse_shift (AMKA, shift_id) VALUES ('2110703028', '50');
INSERT IGNORE INTO nurse_shift (AMKA, shift_id) VALUES ('2310744429', '50');
INSERT IGNORE INTO nurse_shift (AMKA, shift_id) VALUES ('1401961017', '50');
INSERT IGNORE INTO nurse_shift (AMKA, shift_id) VALUES ('1003436272', '50');
INSERT IGNORE INTO nurse_shift (AMKA, shift_id) VALUES ('1005405863', '50');
INSERT IGNORE INTO nurse_shift (AMKA, shift_id) VALUES ('1403610713', '50');
INSERT IGNORE INTO nurse_shift (AMKA, shift_id) VALUES ('1005529092', '50');
INSERT IGNORE INTO nurse_shift (AMKA, shift_id) VALUES ('3004641635', '50');
INSERT IGNORE INTO nurse_shift (AMKA, shift_id) VALUES ('0209548455', '50');
INSERT IGNORE INTO admin_shift (AMKA, shift_id) VALUES ('0503752616', '50');
INSERT IGNORE INTO admin_shift (AMKA, shift_id) VALUES ('0205901915', '50');
INSERT IGNORE INTO admin_shift (AMKA, shift_id) VALUES ('0505466886', '50');
INSERT IGNORE INTO admin_shift (AMKA, shift_id) VALUES ('2303776978', '50');
UPDATE IGNORE shift SET status = TRUE WHERE shift_id = '50';
INSERT IGNORE INTO dept_shift (dept_name, shift_id) VALUES ('Anesthesiology', '50');
INSERT INTO shift (shift_id, day, type) VALUES ('51', '2026-01-03 00:00:00', '23:00-07:00');
INSERT IGNORE INTO doctor_shift (AMKA, shift_id) VALUES ('1611621504', '51');
INSERT IGNORE INTO doctor_shift (AMKA, shift_id) VALUES ('1803800903', '51');
INSERT IGNORE INTO doctor_shift (AMKA, shift_id) VALUES ('2607905982', '51');
INSERT IGNORE INTO doctor_shift (AMKA, shift_id) VALUES ('1810910652', '51');
INSERT IGNORE INTO doctor_shift (AMKA, shift_id) VALUES ('0706543302', '51');
INSERT IGNORE INTO doctor_shift (AMKA, shift_id) VALUES ('0111689660', '51');
INSERT IGNORE INTO doctor_shift (AMKA, shift_id) VALUES ('1207427571', '51');
INSERT IGNORE INTO doctor_shift (AMKA, shift_id) VALUES ('3008951757', '51');
INSERT IGNORE INTO nurse_shift (AMKA, shift_id) VALUES ('2912929004', '51');
INSERT IGNORE INTO nurse_shift (AMKA, shift_id) VALUES ('1206677028', '51');
INSERT IGNORE INTO nurse_shift (AMKA, shift_id) VALUES ('2411954432', '51');
INSERT IGNORE INTO nurse_shift (AMKA, shift_id) VALUES ('1505505773', '51');
INSERT IGNORE INTO nurse_shift (AMKA, shift_id) VALUES ('2608981810', '51');
INSERT IGNORE INTO nurse_shift (AMKA, shift_id) VALUES ('2110703028', '51');
INSERT IGNORE INTO nurse_shift (AMKA, shift_id) VALUES ('2507425872', '51');
INSERT IGNORE INTO admin_shift (AMKA, shift_id) VALUES ('0304601041', '51');
INSERT IGNORE INTO admin_shift (AMKA, shift_id) VALUES ('1510768908', '51');
INSERT IGNORE INTO admin_shift (AMKA, shift_id) VALUES ('2003866217', '51');
INSERT IGNORE INTO admin_shift (AMKA, shift_id) VALUES ('2901826359', '51');
UPDATE IGNORE shift SET status = TRUE WHERE shift_id = '51';
INSERT IGNORE INTO dept_shift (dept_name, shift_id) VALUES ('Anesthesiology', '51');
INSERT INTO shift (shift_id, day, type) VALUES ('52', '2025-01-21 00:00:00', '07:00-15:00');
INSERT IGNORE INTO doctor_shift (AMKA, shift_id) VALUES ('2609009896', '52');
INSERT IGNORE INTO doctor_shift (AMKA, shift_id) VALUES ('1611621504', '52');
INSERT IGNORE INTO doctor_shift (AMKA, shift_id) VALUES ('2111532740', '52');
INSERT IGNORE INTO doctor_shift (AMKA, shift_id) VALUES ('0111689660', '52');
INSERT IGNORE INTO doctor_shift (AMKA, shift_id) VALUES ('0902609962', '52');
INSERT IGNORE INTO doctor_shift (AMKA, shift_id) VALUES ('2911689167', '52');
INSERT IGNORE INTO doctor_shift (AMKA, shift_id) VALUES ('0405994014', '52');
INSERT IGNORE INTO doctor_shift (AMKA, shift_id) VALUES ('1108642138', '52');
INSERT IGNORE INTO nurse_shift (AMKA, shift_id) VALUES ('2910435920', '52');
INSERT IGNORE INTO nurse_shift (AMKA, shift_id) VALUES ('2612729603', '52');
INSERT IGNORE INTO nurse_shift (AMKA, shift_id) VALUES ('0804762436', '52');
INSERT IGNORE INTO nurse_shift (AMKA, shift_id) VALUES ('0907972518', '52');
INSERT IGNORE INTO nurse_shift (AMKA, shift_id) VALUES ('0612989649', '52');
INSERT IGNORE INTO nurse_shift (AMKA, shift_id) VALUES ('1006547847', '52');
INSERT IGNORE INTO nurse_shift (AMKA, shift_id) VALUES ('2811867092', '52');
INSERT IGNORE INTO nurse_shift (AMKA, shift_id) VALUES ('3101766130', '52');
INSERT IGNORE INTO nurse_shift (AMKA, shift_id) VALUES ('2804859611', '52');
INSERT IGNORE INTO nurse_shift (AMKA, shift_id) VALUES ('2104656720', '52');
INSERT IGNORE INTO admin_shift (AMKA, shift_id) VALUES ('0102594389', '52');
INSERT IGNORE INTO admin_shift (AMKA, shift_id) VALUES ('2010445485', '52');
INSERT IGNORE INTO admin_shift (AMKA, shift_id) VALUES ('2310523586', '52');
UPDATE IGNORE shift SET status = TRUE WHERE shift_id = '52';
INSERT IGNORE INTO dept_shift (dept_name, shift_id) VALUES ('Anesthesiology', '52');
INSERT INTO shift (shift_id, day, type) VALUES ('53', '2024-08-10 00:00:00', '07:00-15:00');
INSERT IGNORE INTO doctor_shift (AMKA, shift_id) VALUES ('1810910652', '53');
INSERT IGNORE INTO doctor_shift (AMKA, shift_id) VALUES ('2106602456', '53');
INSERT IGNORE INTO doctor_shift (AMKA, shift_id) VALUES ('1109428284', '53');
INSERT IGNORE INTO doctor_shift (AMKA, shift_id) VALUES ('0802581734', '53');
INSERT IGNORE INTO doctor_shift (AMKA, shift_id) VALUES ('1701623027', '53');
INSERT IGNORE INTO nurse_shift (AMKA, shift_id) VALUES ('1206677028', '53');
INSERT IGNORE INTO nurse_shift (AMKA, shift_id) VALUES ('2601941624', '53');
INSERT IGNORE INTO nurse_shift (AMKA, shift_id) VALUES ('1801437951', '53');
INSERT IGNORE INTO nurse_shift (AMKA, shift_id) VALUES ('0201878050', '53');
INSERT IGNORE INTO nurse_shift (AMKA, shift_id) VALUES ('3007957631', '53');
INSERT IGNORE INTO nurse_shift (AMKA, shift_id) VALUES ('3011818066', '53');
INSERT IGNORE INTO nurse_shift (AMKA, shift_id) VALUES ('1403610713', '53');
INSERT IGNORE INTO nurse_shift (AMKA, shift_id) VALUES ('0907972518', '53');
INSERT IGNORE INTO admin_shift (AMKA, shift_id) VALUES ('2309518917', '53');
INSERT IGNORE INTO admin_shift (AMKA, shift_id) VALUES ('0706936645', '53');
INSERT IGNORE INTO admin_shift (AMKA, shift_id) VALUES ('2911528035', '53');
UPDATE IGNORE shift SET status = TRUE WHERE shift_id = '53';
INSERT IGNORE INTO dept_shift (dept_name, shift_id) VALUES ('Anesthesiology', '53');
INSERT INTO shift (shift_id, day, type) VALUES ('54', '2024-08-06 00:00:00', '23:00-07:00');
INSERT IGNORE INTO doctor_shift (AMKA, shift_id) VALUES ('2607905982', '54');
INSERT IGNORE INTO doctor_shift (AMKA, shift_id) VALUES ('2311474214', '54');
INSERT IGNORE INTO doctor_shift (AMKA, shift_id) VALUES ('2910450715', '54');
INSERT IGNORE INTO doctor_shift (AMKA, shift_id) VALUES ('3110765587', '54');
INSERT IGNORE INTO doctor_shift (AMKA, shift_id) VALUES ('3012870045', '54');
INSERT IGNORE INTO doctor_shift (AMKA, shift_id) VALUES ('2906540192', '54');
INSERT IGNORE INTO doctor_shift (AMKA, shift_id) VALUES ('1209810216', '54');
INSERT IGNORE INTO doctor_shift (AMKA, shift_id) VALUES ('2905541171', '54');
INSERT IGNORE INTO nurse_shift (AMKA, shift_id) VALUES ('2205724151', '54');
INSERT IGNORE INTO nurse_shift (AMKA, shift_id) VALUES ('3004938343', '54');
INSERT IGNORE INTO nurse_shift (AMKA, shift_id) VALUES ('1011859573', '54');
INSERT IGNORE INTO nurse_shift (AMKA, shift_id) VALUES ('0508623869', '54');
INSERT IGNORE INTO nurse_shift (AMKA, shift_id) VALUES ('2711931843', '54');
INSERT IGNORE INTO nurse_shift (AMKA, shift_id) VALUES ('1104820571', '54');
INSERT IGNORE INTO admin_shift (AMKA, shift_id) VALUES ('0508766025', '54');
INSERT IGNORE INTO admin_shift (AMKA, shift_id) VALUES ('0503752616', '54');
INSERT IGNORE INTO admin_shift (AMKA, shift_id) VALUES ('2309518917', '54');
INSERT IGNORE INTO admin_shift (AMKA, shift_id) VALUES ('0605578164', '54');
UPDATE IGNORE shift SET status = TRUE WHERE shift_id = '54';
INSERT IGNORE INTO dept_shift (dept_name, shift_id) VALUES ('Anesthesiology', '54');
INSERT INTO shift (shift_id, day, type) VALUES ('55', '2025-05-01 00:00:00', '07:00-15:00');
INSERT IGNORE INTO doctor_shift (AMKA, shift_id) VALUES ('0807736496', '55');
INSERT IGNORE INTO doctor_shift (AMKA, shift_id) VALUES ('1502550745', '55');
INSERT IGNORE INTO doctor_shift (AMKA, shift_id) VALUES ('2710919774', '55');
INSERT IGNORE INTO doctor_shift (AMKA, shift_id) VALUES ('1108642138', '55');
INSERT IGNORE INTO doctor_shift (AMKA, shift_id) VALUES ('1402646365', '55');
INSERT IGNORE INTO doctor_shift (AMKA, shift_id) VALUES ('1908663047', '55');
INSERT IGNORE INTO doctor_shift (AMKA, shift_id) VALUES ('1301442380', '55');
INSERT IGNORE INTO doctor_shift (AMKA, shift_id) VALUES ('1209810216', '55');
INSERT IGNORE INTO nurse_shift (AMKA, shift_id) VALUES ('2208482039', '55');
INSERT IGNORE INTO nurse_shift (AMKA, shift_id) VALUES ('1908566470', '55');
INSERT IGNORE INTO nurse_shift (AMKA, shift_id) VALUES ('1911832103', '55');
INSERT IGNORE INTO nurse_shift (AMKA, shift_id) VALUES ('2706761470', '55');
INSERT IGNORE INTO nurse_shift (AMKA, shift_id) VALUES ('3105850934', '55');
INSERT IGNORE INTO nurse_shift (AMKA, shift_id) VALUES ('1806981284', '55');
INSERT IGNORE INTO nurse_shift (AMKA, shift_id) VALUES ('3006845381', '55');
INSERT IGNORE INTO nurse_shift (AMKA, shift_id) VALUES ('1504406068', '55');
INSERT IGNORE INTO admin_shift (AMKA, shift_id) VALUES ('2303776978', '55');
INSERT IGNORE INTO admin_shift (AMKA, shift_id) VALUES ('0205004029', '55');
UPDATE IGNORE shift SET status = TRUE WHERE shift_id = '55';
INSERT IGNORE INTO dept_shift (dept_name, shift_id) VALUES ('Anesthesiology', '55');
INSERT INTO shift (shift_id, day, type) VALUES ('56', '2026-02-08 00:00:00', '07:00-15:00');
INSERT IGNORE INTO doctor_shift (AMKA, shift_id) VALUES ('2911689167', '56');
INSERT IGNORE INTO doctor_shift (AMKA, shift_id) VALUES ('0410862119', '56');
INSERT IGNORE INTO doctor_shift (AMKA, shift_id) VALUES ('1705602559', '56');
INSERT IGNORE INTO nurse_shift (AMKA, shift_id) VALUES ('2205724151', '56');
INSERT IGNORE INTO nurse_shift (AMKA, shift_id) VALUES ('3103488159', '56');
INSERT IGNORE INTO nurse_shift (AMKA, shift_id) VALUES ('2104656720', '56');
INSERT IGNORE INTO nurse_shift (AMKA, shift_id) VALUES ('0407765594', '56');
INSERT IGNORE INTO nurse_shift (AMKA, shift_id) VALUES ('0412793251', '56');
INSERT IGNORE INTO nurse_shift (AMKA, shift_id) VALUES ('1908566470', '56');
INSERT IGNORE INTO nurse_shift (AMKA, shift_id) VALUES ('1005673097', '56');
INSERT IGNORE INTO admin_shift (AMKA, shift_id) VALUES ('1403488687', '56');
INSERT IGNORE INTO admin_shift (AMKA, shift_id) VALUES ('0703960983', '56');
INSERT IGNORE INTO admin_shift (AMKA, shift_id) VALUES ('1805714774', '56');
INSERT IGNORE INTO admin_shift (AMKA, shift_id) VALUES ('1907460463', '56');
UPDATE IGNORE shift SET status = TRUE WHERE shift_id = '56';
INSERT IGNORE INTO dept_shift (dept_name, shift_id) VALUES ('Anesthesiology', '56');
INSERT INTO shift (shift_id, day, type) VALUES ('57', '2026-04-18 00:00:00', '23:00-07:00');
INSERT IGNORE INTO doctor_shift (AMKA, shift_id) VALUES ('0707820743', '57');
INSERT IGNORE INTO doctor_shift (AMKA, shift_id) VALUES ('1808559940', '57');
INSERT IGNORE INTO doctor_shift (AMKA, shift_id) VALUES ('2609009896', '57');
INSERT IGNORE INTO doctor_shift (AMKA, shift_id) VALUES ('2910450715', '57');
INSERT IGNORE INTO doctor_shift (AMKA, shift_id) VALUES ('1701623027', '57');
INSERT IGNORE INTO doctor_shift (AMKA, shift_id) VALUES ('2305633067', '57');
INSERT IGNORE INTO nurse_shift (AMKA, shift_id) VALUES ('0907972518', '57');
INSERT IGNORE INTO nurse_shift (AMKA, shift_id) VALUES ('3004641635', '57');
INSERT IGNORE INTO nurse_shift (AMKA, shift_id) VALUES ('3105850934', '57');
INSERT IGNORE INTO nurse_shift (AMKA, shift_id) VALUES ('1410001291', '57');
INSERT IGNORE INTO nurse_shift (AMKA, shift_id) VALUES ('0309734619', '57');
INSERT IGNORE INTO nurse_shift (AMKA, shift_id) VALUES ('0706774178', '57');
INSERT IGNORE INTO nurse_shift (AMKA, shift_id) VALUES ('2906456566', '57');
INSERT IGNORE INTO nurse_shift (AMKA, shift_id) VALUES ('0206841343', '57');
INSERT IGNORE INTO nurse_shift (AMKA, shift_id) VALUES ('2912929004', '57');
INSERT IGNORE INTO admin_shift (AMKA, shift_id) VALUES ('2310523586', '57');
INSERT IGNORE INTO admin_shift (AMKA, shift_id) VALUES ('1105817332', '57');
INSERT IGNORE INTO admin_shift (AMKA, shift_id) VALUES ('1209746373', '57');
INSERT IGNORE INTO admin_shift (AMKA, shift_id) VALUES ('2003866217', '57');
UPDATE IGNORE shift SET status = TRUE WHERE shift_id = '57';
INSERT IGNORE INTO dept_shift (dept_name, shift_id) VALUES ('Cardiology', '57');
INSERT INTO shift (shift_id, day, type) VALUES ('58', '2025-06-02 00:00:00', '23:00-07:00');
INSERT IGNORE INTO doctor_shift (AMKA, shift_id) VALUES ('0807736496', '58');
INSERT IGNORE INTO doctor_shift (AMKA, shift_id) VALUES ('0410862119', '58');
INSERT IGNORE INTO doctor_shift (AMKA, shift_id) VALUES ('2801801564', '58');
INSERT IGNORE INTO doctor_shift (AMKA, shift_id) VALUES ('0111689660', '58');
INSERT IGNORE INTO doctor_shift (AMKA, shift_id) VALUES ('2003609278', '58');
INSERT IGNORE INTO nurse_shift (AMKA, shift_id) VALUES ('0705726850', '58');
INSERT IGNORE INTO nurse_shift (AMKA, shift_id) VALUES ('2906456566', '58');
INSERT IGNORE INTO nurse_shift (AMKA, shift_id) VALUES ('2209951799', '58');
INSERT IGNORE INTO nurse_shift (AMKA, shift_id) VALUES ('0508623869', '58');
INSERT IGNORE INTO nurse_shift (AMKA, shift_id) VALUES ('1410001291', '58');
INSERT IGNORE INTO nurse_shift (AMKA, shift_id) VALUES ('2401552006', '58');
INSERT IGNORE INTO nurse_shift (AMKA, shift_id) VALUES ('1408414594', '58');
INSERT IGNORE INTO nurse_shift (AMKA, shift_id) VALUES ('2110703028', '58');
INSERT IGNORE INTO nurse_shift (AMKA, shift_id) VALUES ('1808626992', '58');
INSERT IGNORE INTO nurse_shift (AMKA, shift_id) VALUES ('1005673097', '58');
INSERT IGNORE INTO admin_shift (AMKA, shift_id) VALUES ('1209746373', '58');
INSERT IGNORE INTO admin_shift (AMKA, shift_id) VALUES ('0912742757', '58');
INSERT IGNORE INTO admin_shift (AMKA, shift_id) VALUES ('2604773268', '58');
INSERT IGNORE INTO admin_shift (AMKA, shift_id) VALUES ('1105817332', '58');
UPDATE IGNORE shift SET status = TRUE WHERE shift_id = '58';
INSERT IGNORE INTO dept_shift (dept_name, shift_id) VALUES ('Cardiology', '58');
INSERT INTO shift (shift_id, day, type) VALUES ('59', '2025-06-12 00:00:00', '23:00-07:00');
INSERT IGNORE INTO doctor_shift (AMKA, shift_id) VALUES ('1803800903', '59');
INSERT IGNORE INTO doctor_shift (AMKA, shift_id) VALUES ('1402646365', '59');
INSERT IGNORE INTO doctor_shift (AMKA, shift_id) VALUES ('2910956816', '59');
INSERT IGNORE INTO doctor_shift (AMKA, shift_id) VALUES ('1808559940', '59');
INSERT IGNORE INTO doctor_shift (AMKA, shift_id) VALUES ('2205469029', '59');
INSERT IGNORE INTO nurse_shift (AMKA, shift_id) VALUES ('3103488159', '59');
INSERT IGNORE INTO nurse_shift (AMKA, shift_id) VALUES ('0109765304', '59');
INSERT IGNORE INTO nurse_shift (AMKA, shift_id) VALUES ('2711931843', '59');
INSERT IGNORE INTO nurse_shift (AMKA, shift_id) VALUES ('2804859611', '59');
INSERT IGNORE INTO nurse_shift (AMKA, shift_id) VALUES ('1011859573', '59');
INSERT IGNORE INTO nurse_shift (AMKA, shift_id) VALUES ('2704464646', '59');
INSERT IGNORE INTO nurse_shift (AMKA, shift_id) VALUES ('0309734619', '59');
INSERT IGNORE INTO nurse_shift (AMKA, shift_id) VALUES ('2412005893', '59');
INSERT IGNORE INTO nurse_shift (AMKA, shift_id) VALUES ('1908647470', '59');
INSERT IGNORE INTO nurse_shift (AMKA, shift_id) VALUES ('1711760995', '59');
INSERT IGNORE INTO admin_shift (AMKA, shift_id) VALUES ('0810871867', '59');
INSERT IGNORE INTO admin_shift (AMKA, shift_id) VALUES ('1907460463', '59');
UPDATE IGNORE shift SET status = TRUE WHERE shift_id = '59';
INSERT IGNORE INTO dept_shift (dept_name, shift_id) VALUES ('Cardiology', '59');
INSERT INTO shift (shift_id, day, type) VALUES ('60', '2024-10-06 00:00:00', '07:00-15:00');
INSERT IGNORE INTO doctor_shift (AMKA, shift_id) VALUES ('1207427571', '60');
INSERT IGNORE INTO doctor_shift (AMKA, shift_id) VALUES ('1209810216', '60');
INSERT IGNORE INTO doctor_shift (AMKA, shift_id) VALUES ('3108788705', '60');
INSERT IGNORE INTO doctor_shift (AMKA, shift_id) VALUES ('0306542190', '60');
INSERT IGNORE INTO doctor_shift (AMKA, shift_id) VALUES ('1009974497', '60');
INSERT IGNORE INTO nurse_shift (AMKA, shift_id) VALUES ('3004938343', '60');
INSERT IGNORE INTO nurse_shift (AMKA, shift_id) VALUES ('1806981284', '60');
INSERT IGNORE INTO nurse_shift (AMKA, shift_id) VALUES ('0206841343', '60');
INSERT IGNORE INTO nurse_shift (AMKA, shift_id) VALUES ('2208482039', '60');
INSERT IGNORE INTO nurse_shift (AMKA, shift_id) VALUES ('2711931843', '60');
INSERT IGNORE INTO nurse_shift (AMKA, shift_id) VALUES ('2110703028', '60');
INSERT IGNORE INTO nurse_shift (AMKA, shift_id) VALUES ('1410590275', '60');
INSERT IGNORE INTO nurse_shift (AMKA, shift_id) VALUES ('0705726850', '60');
INSERT IGNORE INTO nurse_shift (AMKA, shift_id) VALUES ('0807809157', '60');
INSERT IGNORE INTO nurse_shift (AMKA, shift_id) VALUES ('0706774178', '60');
INSERT IGNORE INTO admin_shift (AMKA, shift_id) VALUES ('0810459550', '60');
INSERT IGNORE INTO admin_shift (AMKA, shift_id) VALUES ('1711552309', '60');
INSERT IGNORE INTO admin_shift (AMKA, shift_id) VALUES ('0601887396', '60');
UPDATE IGNORE shift SET status = TRUE WHERE shift_id = '60';
INSERT IGNORE INTO dept_shift (dept_name, shift_id) VALUES ('Cardiology', '60');
INSERT INTO shift (shift_id, day, type) VALUES ('61', '2024-07-19 00:00:00', '15:00-23:00');
INSERT IGNORE INTO doctor_shift (AMKA, shift_id) VALUES ('2305633067', '61');
INSERT IGNORE INTO doctor_shift (AMKA, shift_id) VALUES ('3008951757', '61');
INSERT IGNORE INTO doctor_shift (AMKA, shift_id) VALUES ('1209483269', '61');
INSERT IGNORE INTO doctor_shift (AMKA, shift_id) VALUES ('2404738380', '61');
INSERT IGNORE INTO doctor_shift (AMKA, shift_id) VALUES ('2203591874', '61');
INSERT IGNORE INTO doctor_shift (AMKA, shift_id) VALUES ('2609009896', '61');
INSERT IGNORE INTO doctor_shift (AMKA, shift_id) VALUES ('0510600514', '61');
INSERT IGNORE INTO doctor_shift (AMKA, shift_id) VALUES ('1008990170', '61');
INSERT IGNORE INTO nurse_shift (AMKA, shift_id) VALUES ('2404846418', '61');
INSERT IGNORE INTO nurse_shift (AMKA, shift_id) VALUES ('2711931843', '61');
INSERT IGNORE INTO nurse_shift (AMKA, shift_id) VALUES ('2411954432', '61');
INSERT IGNORE INTO nurse_shift (AMKA, shift_id) VALUES ('2910435920', '61');
INSERT IGNORE INTO nurse_shift (AMKA, shift_id) VALUES ('2208482039', '61');
INSERT IGNORE INTO nurse_shift (AMKA, shift_id) VALUES ('1006547847', '61');
INSERT IGNORE INTO nurse_shift (AMKA, shift_id) VALUES ('0508623869', '61');
INSERT IGNORE INTO admin_shift (AMKA, shift_id) VALUES ('1907460463', '61');
INSERT IGNORE INTO admin_shift (AMKA, shift_id) VALUES ('1711552309', '61');
UPDATE IGNORE shift SET status = TRUE WHERE shift_id = '61';
INSERT IGNORE INTO dept_shift (dept_name, shift_id) VALUES ('Cardiology', '61');
INSERT INTO shift (shift_id, day, type) VALUES ('62', '2024-01-17 00:00:00', '15:00-23:00');
INSERT IGNORE INTO doctor_shift (AMKA, shift_id) VALUES ('1908663047', '62');
INSERT IGNORE INTO doctor_shift (AMKA, shift_id) VALUES ('2205469029', '62');
INSERT IGNORE INTO doctor_shift (AMKA, shift_id) VALUES ('2801830092', '62');
INSERT IGNORE INTO doctor_shift (AMKA, shift_id) VALUES ('1712008709', '62');
INSERT IGNORE INTO doctor_shift (AMKA, shift_id) VALUES ('2910956816', '62');
INSERT IGNORE INTO doctor_shift (AMKA, shift_id) VALUES ('0707820743', '62');
INSERT IGNORE INTO doctor_shift (AMKA, shift_id) VALUES ('0405403482', '62');
INSERT IGNORE INTO nurse_shift (AMKA, shift_id) VALUES ('2901593818', '62');
INSERT IGNORE INTO nurse_shift (AMKA, shift_id) VALUES ('0206841343', '62');
INSERT IGNORE INTO nurse_shift (AMKA, shift_id) VALUES ('1911611265', '62');
INSERT IGNORE INTO nurse_shift (AMKA, shift_id) VALUES ('1711760995', '62');
INSERT IGNORE INTO nurse_shift (AMKA, shift_id) VALUES ('1504406068', '62');
INSERT IGNORE INTO nurse_shift (AMKA, shift_id) VALUES ('0104472353', '62');
INSERT IGNORE INTO nurse_shift (AMKA, shift_id) VALUES ('0412793251', '62');
INSERT IGNORE INTO nurse_shift (AMKA, shift_id) VALUES ('1505505773', '62');
INSERT IGNORE INTO nurse_shift (AMKA, shift_id) VALUES ('3011818066', '62');
INSERT IGNORE INTO admin_shift (AMKA, shift_id) VALUES ('0707666244', '62');
INSERT IGNORE INTO admin_shift (AMKA, shift_id) VALUES ('0706936645', '62');
UPDATE IGNORE shift SET status = TRUE WHERE shift_id = '62';
INSERT IGNORE INTO dept_shift (dept_name, shift_id) VALUES ('Cardiology', '62');
INSERT INTO shift (shift_id, day, type) VALUES ('63', '2025-04-11 00:00:00', '23:00-07:00');
INSERT IGNORE INTO doctor_shift (AMKA, shift_id) VALUES ('2411004971', '63');
INSERT IGNORE INTO doctor_shift (AMKA, shift_id) VALUES ('0111689660', '63');
INSERT IGNORE INTO doctor_shift (AMKA, shift_id) VALUES ('1701623027', '63');
INSERT IGNORE INTO doctor_shift (AMKA, shift_id) VALUES ('0404978442', '63');
INSERT IGNORE INTO doctor_shift (AMKA, shift_id) VALUES ('3008951757', '63');
INSERT IGNORE INTO nurse_shift (AMKA, shift_id) VALUES ('0106962075', '63');
INSERT IGNORE INTO nurse_shift (AMKA, shift_id) VALUES ('2403611622', '63');
INSERT IGNORE INTO nurse_shift (AMKA, shift_id) VALUES ('2804859611', '63');
INSERT IGNORE INTO nurse_shift (AMKA, shift_id) VALUES ('0705726850', '63');
INSERT IGNORE INTO nurse_shift (AMKA, shift_id) VALUES ('3009684644', '63');
INSERT IGNORE INTO nurse_shift (AMKA, shift_id) VALUES ('2910435920', '63');
INSERT IGNORE INTO nurse_shift (AMKA, shift_id) VALUES ('3011818066', '63');
INSERT IGNORE INTO nurse_shift (AMKA, shift_id) VALUES ('2412005893', '63');
INSERT IGNORE INTO admin_shift (AMKA, shift_id) VALUES ('0403889907', '63');
INSERT IGNORE INTO admin_shift (AMKA, shift_id) VALUES ('1311799909', '63');
INSERT IGNORE INTO admin_shift (AMKA, shift_id) VALUES ('0706936645', '63');
UPDATE IGNORE shift SET status = TRUE WHERE shift_id = '63';
INSERT IGNORE INTO dept_shift (dept_name, shift_id) VALUES ('Cardiology', '63');
INSERT INTO shift (shift_id, day, type) VALUES ('64', '2025-07-26 00:00:00', '23:00-07:00');
INSERT IGNORE INTO doctor_shift (AMKA, shift_id) VALUES ('2305633067', '64');
INSERT IGNORE INTO doctor_shift (AMKA, shift_id) VALUES ('2203591874', '64');
INSERT IGNORE INTO doctor_shift (AMKA, shift_id) VALUES ('2801897549', '64');
INSERT IGNORE INTO doctor_shift (AMKA, shift_id) VALUES ('1908663047', '64');
INSERT IGNORE INTO doctor_shift (AMKA, shift_id) VALUES ('1008990170', '64');
INSERT IGNORE INTO doctor_shift (AMKA, shift_id) VALUES ('2411651898', '64');
INSERT IGNORE INTO nurse_shift (AMKA, shift_id) VALUES ('0706813720', '64');
INSERT IGNORE INTO nurse_shift (AMKA, shift_id) VALUES ('2205724151', '64');
INSERT IGNORE INTO nurse_shift (AMKA, shift_id) VALUES ('0710837433', '64');
INSERT IGNORE INTO nurse_shift (AMKA, shift_id) VALUES ('0904571046', '64');
INSERT IGNORE INTO nurse_shift (AMKA, shift_id) VALUES ('3105850934', '64');
INSERT IGNORE INTO nurse_shift (AMKA, shift_id) VALUES ('1911832103', '64');
INSERT IGNORE INTO nurse_shift (AMKA, shift_id) VALUES ('2910435920', '64');
INSERT IGNORE INTO nurse_shift (AMKA, shift_id) VALUES ('2412005893', '64');
INSERT IGNORE INTO nurse_shift (AMKA, shift_id) VALUES ('0508623869', '64');
INSERT IGNORE INTO admin_shift (AMKA, shift_id) VALUES ('0205004029', '64');
INSERT IGNORE INTO admin_shift (AMKA, shift_id) VALUES ('2703913336', '64');
UPDATE IGNORE shift SET status = TRUE WHERE shift_id = '64';
INSERT IGNORE INTO dept_shift (dept_name, shift_id) VALUES ('Cardiology', '64');
INSERT INTO shift (shift_id, day, type) VALUES ('65', '2026-06-23 00:00:00', '07:00-15:00');
INSERT IGNORE INTO doctor_shift (AMKA, shift_id) VALUES ('1803800903', '65');
INSERT IGNORE INTO doctor_shift (AMKA, shift_id) VALUES ('1207427571', '65');
INSERT IGNORE INTO doctor_shift (AMKA, shift_id) VALUES ('1108642138', '65');
INSERT IGNORE INTO nurse_shift (AMKA, shift_id) VALUES ('2507425872', '65');
INSERT IGNORE INTO nurse_shift (AMKA, shift_id) VALUES ('1510663927', '65');
INSERT IGNORE INTO nurse_shift (AMKA, shift_id) VALUES ('1806532334', '65');
INSERT IGNORE INTO nurse_shift (AMKA, shift_id) VALUES ('2007568464', '65');
INSERT IGNORE INTO nurse_shift (AMKA, shift_id) VALUES ('2612762096', '65');
INSERT IGNORE INTO nurse_shift (AMKA, shift_id) VALUES ('0705726850', '65');
INSERT IGNORE INTO nurse_shift (AMKA, shift_id) VALUES ('2104656720', '65');
INSERT IGNORE INTO nurse_shift (AMKA, shift_id) VALUES ('0710837433', '65');
INSERT IGNORE INTO nurse_shift (AMKA, shift_id) VALUES ('3011818066', '65');
INSERT IGNORE INTO nurse_shift (AMKA, shift_id) VALUES ('1504406068', '65');
INSERT IGNORE INTO admin_shift (AMKA, shift_id) VALUES ('0205004029', '65');
INSERT IGNORE INTO admin_shift (AMKA, shift_id) VALUES ('2811646141', '65');
INSERT IGNORE INTO admin_shift (AMKA, shift_id) VALUES ('3009559307', '65');
UPDATE IGNORE shift SET status = TRUE WHERE shift_id = '65';
INSERT IGNORE INTO dept_shift (dept_name, shift_id) VALUES ('Cardiology', '65');
INSERT INTO shift (shift_id, day, type) VALUES ('66', '2024-11-23 00:00:00', '07:00-15:00');
INSERT IGNORE INTO doctor_shift (AMKA, shift_id) VALUES ('1705602559', '66');
INSERT IGNORE INTO doctor_shift (AMKA, shift_id) VALUES ('2607905982', '66');
INSERT IGNORE INTO doctor_shift (AMKA, shift_id) VALUES ('0402587115', '66');
INSERT IGNORE INTO doctor_shift (AMKA, shift_id) VALUES ('1209483269', '66');
INSERT IGNORE INTO doctor_shift (AMKA, shift_id) VALUES ('2305633067', '66');
INSERT IGNORE INTO doctor_shift (AMKA, shift_id) VALUES ('0307549248', '66');
INSERT IGNORE INTO doctor_shift (AMKA, shift_id) VALUES ('1112753348', '66');
INSERT IGNORE INTO nurse_shift (AMKA, shift_id) VALUES ('2106930406', '66');
INSERT IGNORE INTO nurse_shift (AMKA, shift_id) VALUES ('2209951799', '66');
INSERT IGNORE INTO nurse_shift (AMKA, shift_id) VALUES ('3103488159', '66');
INSERT IGNORE INTO nurse_shift (AMKA, shift_id) VALUES ('2110703028', '66');
INSERT IGNORE INTO nurse_shift (AMKA, shift_id) VALUES ('0106962075', '66');
INSERT IGNORE INTO nurse_shift (AMKA, shift_id) VALUES ('1308752778', '66');
INSERT IGNORE INTO nurse_shift (AMKA, shift_id) VALUES ('1006547847', '66');
INSERT IGNORE INTO nurse_shift (AMKA, shift_id) VALUES ('0609636680', '66');
INSERT IGNORE INTO admin_shift (AMKA, shift_id) VALUES ('0403889907', '66');
INSERT IGNORE INTO admin_shift (AMKA, shift_id) VALUES ('1105817332', '66');
INSERT IGNORE INTO admin_shift (AMKA, shift_id) VALUES ('2811646141', '66');
UPDATE IGNORE shift SET status = TRUE WHERE shift_id = '66';
INSERT IGNORE INTO dept_shift (dept_name, shift_id) VALUES ('Cardiology', '66');
INSERT INTO shift (shift_id, day, type) VALUES ('67', '2025-10-12 00:00:00', '23:00-07:00');
INSERT IGNORE INTO doctor_shift (AMKA, shift_id) VALUES ('2607905982', '67');
INSERT IGNORE INTO doctor_shift (AMKA, shift_id) VALUES ('1207427571', '67');
INSERT IGNORE INTO doctor_shift (AMKA, shift_id) VALUES ('2502902231', '67');
INSERT IGNORE INTO doctor_shift (AMKA, shift_id) VALUES ('1701623027', '67');
INSERT IGNORE INTO doctor_shift (AMKA, shift_id) VALUES ('2801897549', '67');
INSERT IGNORE INTO doctor_shift (AMKA, shift_id) VALUES ('0807736496', '67');
INSERT IGNORE INTO doctor_shift (AMKA, shift_id) VALUES ('1705602559', '67');
INSERT IGNORE INTO nurse_shift (AMKA, shift_id) VALUES ('1604513215', '67');
INSERT IGNORE INTO nurse_shift (AMKA, shift_id) VALUES ('1908647470', '67');
INSERT IGNORE INTO nurse_shift (AMKA, shift_id) VALUES ('2507425872', '67');
INSERT IGNORE INTO nurse_shift (AMKA, shift_id) VALUES ('2106697427', '67');
INSERT IGNORE INTO nurse_shift (AMKA, shift_id) VALUES ('0407765594', '67');
INSERT IGNORE INTO nurse_shift (AMKA, shift_id) VALUES ('2202676265', '67');
INSERT IGNORE INTO nurse_shift (AMKA, shift_id) VALUES ('1911832103', '67');
INSERT IGNORE INTO nurse_shift (AMKA, shift_id) VALUES ('2202668306', '67');
INSERT IGNORE INTO nurse_shift (AMKA, shift_id) VALUES ('2412005893', '67');
INSERT IGNORE INTO nurse_shift (AMKA, shift_id) VALUES ('0805615787', '67');
INSERT IGNORE INTO admin_shift (AMKA, shift_id) VALUES ('0810459550', '67');
INSERT IGNORE INTO admin_shift (AMKA, shift_id) VALUES ('0605578164', '67');
INSERT IGNORE INTO admin_shift (AMKA, shift_id) VALUES ('0102594389', '67');
INSERT IGNORE INTO admin_shift (AMKA, shift_id) VALUES ('1701751366', '67');
UPDATE IGNORE shift SET status = TRUE WHERE shift_id = '67';
INSERT IGNORE INTO dept_shift (dept_name, shift_id) VALUES ('Cardiology', '67');
INSERT INTO shift (shift_id, day, type) VALUES ('68', '2025-11-08 00:00:00', '15:00-23:00');
INSERT IGNORE INTO doctor_shift (AMKA, shift_id) VALUES ('1207427571', '68');
INSERT IGNORE INTO doctor_shift (AMKA, shift_id) VALUES ('2501995986', '68');
INSERT IGNORE INTO doctor_shift (AMKA, shift_id) VALUES ('0312964109', '68');
INSERT IGNORE INTO doctor_shift (AMKA, shift_id) VALUES ('1009974497', '68');
INSERT IGNORE INTO doctor_shift (AMKA, shift_id) VALUES ('3108788705', '68');
INSERT IGNORE INTO doctor_shift (AMKA, shift_id) VALUES ('0405403482', '68');
INSERT IGNORE INTO doctor_shift (AMKA, shift_id) VALUES ('1808559940', '68');
INSERT IGNORE INTO nurse_shift (AMKA, shift_id) VALUES ('0807809157', '68');
INSERT IGNORE INTO nurse_shift (AMKA, shift_id) VALUES ('2106697427', '68');
INSERT IGNORE INTO nurse_shift (AMKA, shift_id) VALUES ('1408414594', '68');
INSERT IGNORE INTO nurse_shift (AMKA, shift_id) VALUES ('0209548455', '68');
INSERT IGNORE INTO nurse_shift (AMKA, shift_id) VALUES ('3007957631', '68');
INSERT IGNORE INTO nurse_shift (AMKA, shift_id) VALUES ('1005405863', '68');
INSERT IGNORE INTO nurse_shift (AMKA, shift_id) VALUES ('1801437951', '68');
INSERT IGNORE INTO nurse_shift (AMKA, shift_id) VALUES ('1401961017', '68');
INSERT IGNORE INTO admin_shift (AMKA, shift_id) VALUES ('2911528035', '68');
INSERT IGNORE INTO admin_shift (AMKA, shift_id) VALUES ('2703913336', '68');
UPDATE IGNORE shift SET status = TRUE WHERE shift_id = '68';
INSERT IGNORE INTO dept_shift (dept_name, shift_id) VALUES ('Cardiology', '68');
INSERT INTO shift (shift_id, day, type) VALUES ('69', '2026-11-19 00:00:00', '15:00-23:00');
INSERT IGNORE INTO doctor_shift (AMKA, shift_id) VALUES ('1701623027', '69');
INSERT IGNORE INTO doctor_shift (AMKA, shift_id) VALUES ('1908663047', '69');
INSERT IGNORE INTO doctor_shift (AMKA, shift_id) VALUES ('2609009896', '69');
INSERT IGNORE INTO doctor_shift (AMKA, shift_id) VALUES ('1108642138', '69');
INSERT IGNORE INTO doctor_shift (AMKA, shift_id) VALUES ('0103962870', '69');
INSERT IGNORE INTO doctor_shift (AMKA, shift_id) VALUES ('2501995986', '69');
INSERT IGNORE INTO doctor_shift (AMKA, shift_id) VALUES ('1611621504', '69');
INSERT IGNORE INTO doctor_shift (AMKA, shift_id) VALUES ('2905541171', '69');
INSERT IGNORE INTO nurse_shift (AMKA, shift_id) VALUES ('0804762436', '69');
INSERT IGNORE INTO nurse_shift (AMKA, shift_id) VALUES ('0904571046', '69');
INSERT IGNORE INTO nurse_shift (AMKA, shift_id) VALUES ('2202676265', '69');
INSERT IGNORE INTO nurse_shift (AMKA, shift_id) VALUES ('0705726850', '69');
INSERT IGNORE INTO nurse_shift (AMKA, shift_id) VALUES ('1206677028', '69');
INSERT IGNORE INTO nurse_shift (AMKA, shift_id) VALUES ('1005673097', '69');
INSERT IGNORE INTO admin_shift (AMKA, shift_id) VALUES ('2703913336', '69');
INSERT IGNORE INTO admin_shift (AMKA, shift_id) VALUES ('2811646141', '69');
INSERT IGNORE INTO admin_shift (AMKA, shift_id) VALUES ('1105817332', '69');
INSERT IGNORE INTO admin_shift (AMKA, shift_id) VALUES ('2003866217', '69');
UPDATE IGNORE shift SET status = TRUE WHERE shift_id = '69';
INSERT IGNORE INTO dept_shift (dept_name, shift_id) VALUES ('Cardiology', '69');
INSERT INTO shift (shift_id, day, type) VALUES ('70', '2026-08-27 00:00:00', '15:00-23:00');
INSERT IGNORE INTO doctor_shift (AMKA, shift_id) VALUES ('2607905982', '70');
INSERT IGNORE INTO doctor_shift (AMKA, shift_id) VALUES ('1712008709', '70');
INSERT IGNORE INTO doctor_shift (AMKA, shift_id) VALUES ('2311474214', '70');
INSERT IGNORE INTO doctor_shift (AMKA, shift_id) VALUES ('3012509660', '70');
INSERT IGNORE INTO doctor_shift (AMKA, shift_id) VALUES ('2708580170', '70');
INSERT IGNORE INTO doctor_shift (AMKA, shift_id) VALUES ('0405403482', '70');
INSERT IGNORE INTO doctor_shift (AMKA, shift_id) VALUES ('0706543302', '70');
INSERT IGNORE INTO doctor_shift (AMKA, shift_id) VALUES ('3012598800', '70');
INSERT IGNORE INTO nurse_shift (AMKA, shift_id) VALUES ('1308752778', '70');
INSERT IGNORE INTO nurse_shift (AMKA, shift_id) VALUES ('0709669147', '70');
INSERT IGNORE INTO nurse_shift (AMKA, shift_id) VALUES ('0106962075', '70');
INSERT IGNORE INTO nurse_shift (AMKA, shift_id) VALUES ('1401961017', '70');
INSERT IGNORE INTO nurse_shift (AMKA, shift_id) VALUES ('0706774178', '70');
INSERT IGNORE INTO nurse_shift (AMKA, shift_id) VALUES ('2205724151', '70');
INSERT IGNORE INTO nurse_shift (AMKA, shift_id) VALUES ('2901593818', '70');
INSERT IGNORE INTO admin_shift (AMKA, shift_id) VALUES ('2911528035', '70');
INSERT IGNORE INTO admin_shift (AMKA, shift_id) VALUES ('0601887396', '70');
INSERT IGNORE INTO admin_shift (AMKA, shift_id) VALUES ('0706936645', '70');
INSERT IGNORE INTO admin_shift (AMKA, shift_id) VALUES ('2103717007', '70');
UPDATE IGNORE shift SET status = TRUE WHERE shift_id = '70';
INSERT IGNORE INTO dept_shift (dept_name, shift_id) VALUES ('Cardiology', '70');
INSERT INTO shift (shift_id, day, type) VALUES ('71', '2025-02-13 00:00:00', '07:00-15:00');
INSERT IGNORE INTO doctor_shift (AMKA, shift_id) VALUES ('0510600514', '71');
INSERT IGNORE INTO doctor_shift (AMKA, shift_id) VALUES ('2801801564', '71');
INSERT IGNORE INTO doctor_shift (AMKA, shift_id) VALUES ('0410862119', '71');
INSERT IGNORE INTO doctor_shift (AMKA, shift_id) VALUES ('0312964109', '71');
INSERT IGNORE INTO doctor_shift (AMKA, shift_id) VALUES ('0202939499', '71');
INSERT IGNORE INTO doctor_shift (AMKA, shift_id) VALUES ('1007513743', '71');
INSERT IGNORE INTO doctor_shift (AMKA, shift_id) VALUES ('2910450715', '71');
INSERT IGNORE INTO nurse_shift (AMKA, shift_id) VALUES ('1003436272', '71');
INSERT IGNORE INTO nurse_shift (AMKA, shift_id) VALUES ('2205724151', '71');
INSERT IGNORE INTO nurse_shift (AMKA, shift_id) VALUES ('1104820571', '71');
INSERT IGNORE INTO nurse_shift (AMKA, shift_id) VALUES ('0812429714', '71');
INSERT IGNORE INTO nurse_shift (AMKA, shift_id) VALUES ('1005529092', '71');
INSERT IGNORE INTO nurse_shift (AMKA, shift_id) VALUES ('1911832103', '71');
INSERT IGNORE INTO nurse_shift (AMKA, shift_id) VALUES ('3004938343', '71');
INSERT IGNORE INTO nurse_shift (AMKA, shift_id) VALUES ('2208482039', '71');
INSERT IGNORE INTO admin_shift (AMKA, shift_id) VALUES ('0703651721', '71');
INSERT IGNORE INTO admin_shift (AMKA, shift_id) VALUES ('0304601041', '71');
UPDATE IGNORE shift SET status = TRUE WHERE shift_id = '71';
INSERT IGNORE INTO dept_shift (dept_name, shift_id) VALUES ('Cardiology', '71');
INSERT INTO shift (shift_id, day, type) VALUES ('72', '2026-11-19 00:00:00', '07:00-15:00');
INSERT IGNORE INTO doctor_shift (AMKA, shift_id) VALUES ('1502550745', '72');
INSERT IGNORE INTO doctor_shift (AMKA, shift_id) VALUES ('1109428284', '72');
INSERT IGNORE INTO doctor_shift (AMKA, shift_id) VALUES ('3012509660', '72');
INSERT IGNORE INTO doctor_shift (AMKA, shift_id) VALUES ('0410862119', '72');
INSERT IGNORE INTO doctor_shift (AMKA, shift_id) VALUES ('1705602559', '72');
INSERT IGNORE INTO doctor_shift (AMKA, shift_id) VALUES ('1701623027', '72');
INSERT IGNORE INTO nurse_shift (AMKA, shift_id) VALUES ('0705726850', '72');
INSERT IGNORE INTO nurse_shift (AMKA, shift_id) VALUES ('1410001291', '72');
INSERT IGNORE INTO nurse_shift (AMKA, shift_id) VALUES ('1505505773', '72');
INSERT IGNORE INTO nurse_shift (AMKA, shift_id) VALUES ('1801437951', '72');
INSERT IGNORE INTO nurse_shift (AMKA, shift_id) VALUES ('0201878050', '72');
INSERT IGNORE INTO nurse_shift (AMKA, shift_id) VALUES ('0904571046', '72');
INSERT IGNORE INTO nurse_shift (AMKA, shift_id) VALUES ('1908566470', '72');
INSERT IGNORE INTO nurse_shift (AMKA, shift_id) VALUES ('0309459375', '72');
INSERT IGNORE INTO nurse_shift (AMKA, shift_id) VALUES ('1006547847', '72');
INSERT IGNORE INTO nurse_shift (AMKA, shift_id) VALUES ('2007568464', '72');
INSERT IGNORE INTO admin_shift (AMKA, shift_id) VALUES ('1105817332', '72');
INSERT IGNORE INTO admin_shift (AMKA, shift_id) VALUES ('1510768908', '72');
INSERT IGNORE INTO admin_shift (AMKA, shift_id) VALUES ('1405405087', '72');
UPDATE IGNORE shift SET status = TRUE WHERE shift_id = '72';
INSERT IGNORE INTO dept_shift (dept_name, shift_id) VALUES ('Cardiology', '72');
INSERT INTO shift (shift_id, day, type) VALUES ('73', '2024-11-22 00:00:00', '23:00-07:00');
INSERT IGNORE INTO doctor_shift (AMKA, shift_id) VALUES ('2411004971', '73');
INSERT IGNORE INTO doctor_shift (AMKA, shift_id) VALUES ('0111689660', '73');
INSERT IGNORE INTO doctor_shift (AMKA, shift_id) VALUES ('1803800903', '73');
INSERT IGNORE INTO doctor_shift (AMKA, shift_id) VALUES ('2910450715', '73');
INSERT IGNORE INTO doctor_shift (AMKA, shift_id) VALUES ('2905541171', '73');
INSERT IGNORE INTO doctor_shift (AMKA, shift_id) VALUES ('2311474214', '73');
INSERT IGNORE INTO nurse_shift (AMKA, shift_id) VALUES ('2404846418', '73');
INSERT IGNORE INTO nurse_shift (AMKA, shift_id) VALUES ('2104656720', '73');
INSERT IGNORE INTO nurse_shift (AMKA, shift_id) VALUES ('1604513215', '73');
INSERT IGNORE INTO nurse_shift (AMKA, shift_id) VALUES ('0604638601', '73');
INSERT IGNORE INTO nurse_shift (AMKA, shift_id) VALUES ('1401961017', '73');
INSERT IGNORE INTO nurse_shift (AMKA, shift_id) VALUES ('2202668306', '73');
INSERT IGNORE INTO nurse_shift (AMKA, shift_id) VALUES ('2906456566', '73');
INSERT IGNORE INTO admin_shift (AMKA, shift_id) VALUES ('1706440889', '73');
INSERT IGNORE INTO admin_shift (AMKA, shift_id) VALUES ('1907460463', '73');
UPDATE IGNORE shift SET status = TRUE WHERE shift_id = '73';
INSERT IGNORE INTO dept_shift (dept_name, shift_id) VALUES ('ENT', '73');
INSERT INTO shift (shift_id, day, type) VALUES ('74', '2026-05-20 00:00:00', '23:00-07:00');
INSERT IGNORE INTO doctor_shift (AMKA, shift_id) VALUES ('1912455789', '74');
INSERT IGNORE INTO doctor_shift (AMKA, shift_id) VALUES ('1810910652', '74');
INSERT IGNORE INTO doctor_shift (AMKA, shift_id) VALUES ('1705602559', '74');
INSERT IGNORE INTO doctor_shift (AMKA, shift_id) VALUES ('2501995986', '74');
INSERT IGNORE INTO doctor_shift (AMKA, shift_id) VALUES ('1109428284', '74');
INSERT IGNORE INTO doctor_shift (AMKA, shift_id) VALUES ('2010494529', '74');
INSERT IGNORE INTO doctor_shift (AMKA, shift_id) VALUES ('1209810216', '74');
INSERT IGNORE INTO nurse_shift (AMKA, shift_id) VALUES ('3011818066', '74');
INSERT IGNORE INTO nurse_shift (AMKA, shift_id) VALUES ('0412793251', '74');
INSERT IGNORE INTO nurse_shift (AMKA, shift_id) VALUES ('0612989649', '74');
INSERT IGNORE INTO nurse_shift (AMKA, shift_id) VALUES ('2411954432', '74');
INSERT IGNORE INTO nurse_shift (AMKA, shift_id) VALUES ('2007568464', '74');
INSERT IGNORE INTO nurse_shift (AMKA, shift_id) VALUES ('2404846418', '74');
INSERT IGNORE INTO admin_shift (AMKA, shift_id) VALUES ('1711552309', '74');
INSERT IGNORE INTO admin_shift (AMKA, shift_id) VALUES ('0605578164', '74');
INSERT IGNORE INTO admin_shift (AMKA, shift_id) VALUES ('1805714774', '74');
UPDATE IGNORE shift SET status = TRUE WHERE shift_id = '74';
INSERT IGNORE INTO dept_shift (dept_name, shift_id) VALUES ('ENT', '74');
INSERT INTO shift (shift_id, day, type) VALUES ('75', '2025-10-06 00:00:00', '07:00-15:00');
INSERT IGNORE INTO doctor_shift (AMKA, shift_id) VALUES ('2809979050', '75');
INSERT IGNORE INTO doctor_shift (AMKA, shift_id) VALUES ('2801897549', '75');
INSERT IGNORE INTO doctor_shift (AMKA, shift_id) VALUES ('2905541171', '75');
INSERT IGNORE INTO nurse_shift (AMKA, shift_id) VALUES ('3101766130', '75');
INSERT IGNORE INTO nurse_shift (AMKA, shift_id) VALUES ('1408414594', '75');
INSERT IGNORE INTO nurse_shift (AMKA, shift_id) VALUES ('1005405863', '75');
INSERT IGNORE INTO nurse_shift (AMKA, shift_id) VALUES ('1510663927', '75');
INSERT IGNORE INTO nurse_shift (AMKA, shift_id) VALUES ('1206677028', '75');
INSERT IGNORE INTO nurse_shift (AMKA, shift_id) VALUES ('2612729603', '75');
INSERT IGNORE INTO nurse_shift (AMKA, shift_id) VALUES ('0710837433', '75');
INSERT IGNORE INTO nurse_shift (AMKA, shift_id) VALUES ('1401961017', '75');
INSERT IGNORE INTO nurse_shift (AMKA, shift_id) VALUES ('1604513215', '75');
INSERT IGNORE INTO admin_shift (AMKA, shift_id) VALUES ('0102594389', '75');
INSERT IGNORE INTO admin_shift (AMKA, shift_id) VALUES ('2604773268', '75');
UPDATE IGNORE shift SET status = TRUE WHERE shift_id = '75';
INSERT IGNORE INTO dept_shift (dept_name, shift_id) VALUES ('ENT', '75');
INSERT INTO shift (shift_id, day, type) VALUES ('76', '2024-01-28 00:00:00', '07:00-15:00');
INSERT IGNORE INTO doctor_shift (AMKA, shift_id) VALUES ('0402587115', '76');
INSERT IGNORE INTO doctor_shift (AMKA, shift_id) VALUES ('1109428284', '76');
INSERT IGNORE INTO doctor_shift (AMKA, shift_id) VALUES ('1808559940', '76');
INSERT IGNORE INTO nurse_shift (AMKA, shift_id) VALUES ('1005405863', '76');
INSERT IGNORE INTO nurse_shift (AMKA, shift_id) VALUES ('1806981284', '76');
INSERT IGNORE INTO nurse_shift (AMKA, shift_id) VALUES ('2106697427', '76');
INSERT IGNORE INTO nurse_shift (AMKA, shift_id) VALUES ('0407765594', '76');
INSERT IGNORE INTO nurse_shift (AMKA, shift_id) VALUES ('3007957631', '76');
INSERT IGNORE INTO nurse_shift (AMKA, shift_id) VALUES ('2106930406', '76');
INSERT IGNORE INTO admin_shift (AMKA, shift_id) VALUES ('0503752616', '76');
INSERT IGNORE INTO admin_shift (AMKA, shift_id) VALUES ('2010445485', '76');
INSERT IGNORE INTO admin_shift (AMKA, shift_id) VALUES ('2604773268', '76');
UPDATE IGNORE shift SET status = TRUE WHERE shift_id = '76';
INSERT IGNORE INTO dept_shift (dept_name, shift_id) VALUES ('ENT', '76');
INSERT INTO shift (shift_id, day, type) VALUES ('77', '2026-08-27 00:00:00', '07:00-15:00');
INSERT IGNORE INTO doctor_shift (AMKA, shift_id) VALUES ('0902609962', '77');
INSERT IGNORE INTO doctor_shift (AMKA, shift_id) VALUES ('0312964109', '77');
INSERT IGNORE INTO doctor_shift (AMKA, shift_id) VALUES ('1712008709', '77');
INSERT IGNORE INTO doctor_shift (AMKA, shift_id) VALUES ('2402877693', '77');
INSERT IGNORE INTO nurse_shift (AMKA, shift_id) VALUES ('1504406068', '77');
INSERT IGNORE INTO nurse_shift (AMKA, shift_id) VALUES ('1104820571', '77');
INSERT IGNORE INTO nurse_shift (AMKA, shift_id) VALUES ('1005673097', '77');
INSERT IGNORE INTO nurse_shift (AMKA, shift_id) VALUES ('1003436272', '77');
INSERT IGNORE INTO nurse_shift (AMKA, shift_id) VALUES ('3004938343', '77');
INSERT IGNORE INTO nurse_shift (AMKA, shift_id) VALUES ('3011818066', '77');
INSERT IGNORE INTO nurse_shift (AMKA, shift_id) VALUES ('3006845381', '77');
INSERT IGNORE INTO nurse_shift (AMKA, shift_id) VALUES ('2608415059', '77');
INSERT IGNORE INTO nurse_shift (AMKA, shift_id) VALUES ('0604638601', '77');
INSERT IGNORE INTO admin_shift (AMKA, shift_id) VALUES ('0405421061', '77');
INSERT IGNORE INTO admin_shift (AMKA, shift_id) VALUES ('1805714774', '77');
UPDATE IGNORE shift SET status = TRUE WHERE shift_id = '77';
INSERT IGNORE INTO dept_shift (dept_name, shift_id) VALUES ('ENT', '77');
INSERT INTO shift (shift_id, day, type) VALUES ('78', '2024-05-23 00:00:00', '23:00-07:00');
INSERT IGNORE INTO doctor_shift (AMKA, shift_id) VALUES ('2607905982', '78');
INSERT IGNORE INTO doctor_shift (AMKA, shift_id) VALUES ('0706543302', '78');
INSERT IGNORE INTO doctor_shift (AMKA, shift_id) VALUES ('1611621504', '78');
INSERT IGNORE INTO doctor_shift (AMKA, shift_id) VALUES ('2609009896', '78');
INSERT IGNORE INTO nurse_shift (AMKA, shift_id) VALUES ('2608981810', '78');
INSERT IGNORE INTO nurse_shift (AMKA, shift_id) VALUES ('1808626992', '78');
INSERT IGNORE INTO nurse_shift (AMKA, shift_id) VALUES ('2604879705', '78');
INSERT IGNORE INTO nurse_shift (AMKA, shift_id) VALUES ('2906456566', '78');
INSERT IGNORE INTO nurse_shift (AMKA, shift_id) VALUES ('2202676265', '78');
INSERT IGNORE INTO nurse_shift (AMKA, shift_id) VALUES ('1801437951', '78');
INSERT IGNORE INTO nurse_shift (AMKA, shift_id) VALUES ('0309459375', '78');
INSERT IGNORE INTO admin_shift (AMKA, shift_id) VALUES ('0205004029', '78');
INSERT IGNORE INTO admin_shift (AMKA, shift_id) VALUES ('2604773268', '78');
UPDATE IGNORE shift SET status = TRUE WHERE shift_id = '78';
INSERT IGNORE INTO dept_shift (dept_name, shift_id) VALUES ('ENT', '78');
INSERT INTO shift (shift_id, day, type) VALUES ('79', '2026-12-23 00:00:00', '07:00-15:00');
INSERT IGNORE INTO doctor_shift (AMKA, shift_id) VALUES ('2203591874', '79');
INSERT IGNORE INTO doctor_shift (AMKA, shift_id) VALUES ('2910450715', '79');
INSERT IGNORE INTO doctor_shift (AMKA, shift_id) VALUES ('2205469029', '79');
INSERT IGNORE INTO doctor_shift (AMKA, shift_id) VALUES ('2906540192', '79');
INSERT IGNORE INTO doctor_shift (AMKA, shift_id) VALUES ('2801830092', '79');
INSERT IGNORE INTO doctor_shift (AMKA, shift_id) VALUES ('2010494529', '79');
INSERT IGNORE INTO doctor_shift (AMKA, shift_id) VALUES ('0906651672', '79');
INSERT IGNORE INTO nurse_shift (AMKA, shift_id) VALUES ('2507425872', '79');
INSERT IGNORE INTO nurse_shift (AMKA, shift_id) VALUES ('0410663790', '79');
INSERT IGNORE INTO nurse_shift (AMKA, shift_id) VALUES ('0201878050', '79');
INSERT IGNORE INTO nurse_shift (AMKA, shift_id) VALUES ('0904571046', '79');
INSERT IGNORE INTO nurse_shift (AMKA, shift_id) VALUES ('0604638601', '79');
INSERT IGNORE INTO nurse_shift (AMKA, shift_id) VALUES ('1003436272', '79');
INSERT IGNORE INTO nurse_shift (AMKA, shift_id) VALUES ('1908647470', '79');
INSERT IGNORE INTO nurse_shift (AMKA, shift_id) VALUES ('2804859611', '79');
INSERT IGNORE INTO admin_shift (AMKA, shift_id) VALUES ('0405421061', '79');
INSERT IGNORE INTO admin_shift (AMKA, shift_id) VALUES ('0605578164', '79');
INSERT IGNORE INTO admin_shift (AMKA, shift_id) VALUES ('2103717007', '79');
UPDATE IGNORE shift SET status = TRUE WHERE shift_id = '79';
INSERT IGNORE INTO dept_shift (dept_name, shift_id) VALUES ('ENT', '79');
INSERT INTO shift (shift_id, day, type) VALUES ('80', '2024-05-20 00:00:00', '15:00-23:00');
INSERT IGNORE INTO doctor_shift (AMKA, shift_id) VALUES ('1611621504', '80');
INSERT IGNORE INTO doctor_shift (AMKA, shift_id) VALUES ('2910450715', '80');
INSERT IGNORE INTO doctor_shift (AMKA, shift_id) VALUES ('0202939499', '80');
INSERT IGNORE INTO doctor_shift (AMKA, shift_id) VALUES ('2402877693', '80');
INSERT IGNORE INTO doctor_shift (AMKA, shift_id) VALUES ('2305692753', '80');
INSERT IGNORE INTO doctor_shift (AMKA, shift_id) VALUES ('2106602456', '80');
INSERT IGNORE INTO nurse_shift (AMKA, shift_id) VALUES ('3004641635', '80');
INSERT IGNORE INTO nurse_shift (AMKA, shift_id) VALUES ('2510897021', '80');
INSERT IGNORE INTO nurse_shift (AMKA, shift_id) VALUES ('2704464646', '80');
INSERT IGNORE INTO nurse_shift (AMKA, shift_id) VALUES ('1003436272', '80');
INSERT IGNORE INTO nurse_shift (AMKA, shift_id) VALUES ('2612729603', '80');
INSERT IGNORE INTO nurse_shift (AMKA, shift_id) VALUES ('2104656720', '80');
INSERT IGNORE INTO nurse_shift (AMKA, shift_id) VALUES ('0705726850', '80');
INSERT IGNORE INTO admin_shift (AMKA, shift_id) VALUES ('0304601041', '80');
INSERT IGNORE INTO admin_shift (AMKA, shift_id) VALUES ('1503705648', '80');
UPDATE IGNORE shift SET status = TRUE WHERE shift_id = '80';
INSERT IGNORE INTO dept_shift (dept_name, shift_id) VALUES ('ENT', '80');
INSERT INTO shift (shift_id, day, type) VALUES ('81', '2024-08-11 00:00:00', '23:00-07:00');
INSERT IGNORE INTO doctor_shift (AMKA, shift_id) VALUES ('3012598800', '81');
INSERT IGNORE INTO doctor_shift (AMKA, shift_id) VALUES ('2305633067', '81');
INSERT IGNORE INTO doctor_shift (AMKA, shift_id) VALUES ('0402587115', '81');
INSERT IGNORE INTO doctor_shift (AMKA, shift_id) VALUES ('2910450715', '81');
INSERT IGNORE INTO doctor_shift (AMKA, shift_id) VALUES ('2402877693', '81');
INSERT IGNORE INTO doctor_shift (AMKA, shift_id) VALUES ('1502550745', '81');
INSERT IGNORE INTO doctor_shift (AMKA, shift_id) VALUES ('2910956816', '81');
INSERT IGNORE INTO nurse_shift (AMKA, shift_id) VALUES ('2706761470', '81');
INSERT IGNORE INTO nurse_shift (AMKA, shift_id) VALUES ('0710837433', '81');
INSERT IGNORE INTO nurse_shift (AMKA, shift_id) VALUES ('0706813720', '81');
INSERT IGNORE INTO nurse_shift (AMKA, shift_id) VALUES ('2404846418', '81');
INSERT IGNORE INTO nurse_shift (AMKA, shift_id) VALUES ('0807914051', '81');
INSERT IGNORE INTO nurse_shift (AMKA, shift_id) VALUES ('2811867092', '81');
INSERT IGNORE INTO nurse_shift (AMKA, shift_id) VALUES ('1808626992', '81');
INSERT IGNORE INTO nurse_shift (AMKA, shift_id) VALUES ('0804762436', '81');
INSERT IGNORE INTO nurse_shift (AMKA, shift_id) VALUES ('1003436272', '81');
INSERT IGNORE INTO admin_shift (AMKA, shift_id) VALUES ('3108581021', '81');
INSERT IGNORE INTO admin_shift (AMKA, shift_id) VALUES ('0703960983', '81');
UPDATE IGNORE shift SET status = TRUE WHERE shift_id = '81';
INSERT IGNORE INTO dept_shift (dept_name, shift_id) VALUES ('ENT', '81');
INSERT INTO shift (shift_id, day, type) VALUES ('82', '2026-06-11 00:00:00', '23:00-07:00');
INSERT IGNORE INTO doctor_shift (AMKA, shift_id) VALUES ('2106602456', '82');
INSERT IGNORE INTO doctor_shift (AMKA, shift_id) VALUES ('1009974497', '82');
INSERT IGNORE INTO doctor_shift (AMKA, shift_id) VALUES ('0307549248', '82');
INSERT IGNORE INTO doctor_shift (AMKA, shift_id) VALUES ('0510600514', '82');
INSERT IGNORE INTO doctor_shift (AMKA, shift_id) VALUES ('3110765587', '82');
INSERT IGNORE INTO doctor_shift (AMKA, shift_id) VALUES ('2306446564', '82');
INSERT IGNORE INTO doctor_shift (AMKA, shift_id) VALUES ('2708580170', '82');
INSERT IGNORE INTO nurse_shift (AMKA, shift_id) VALUES ('2104656720', '82');
INSERT IGNORE INTO nurse_shift (AMKA, shift_id) VALUES ('2510897021', '82');
INSERT IGNORE INTO nurse_shift (AMKA, shift_id) VALUES ('0710837433', '82');
INSERT IGNORE INTO nurse_shift (AMKA, shift_id) VALUES ('1112443609', '82');
INSERT IGNORE INTO nurse_shift (AMKA, shift_id) VALUES ('0609636680', '82');
INSERT IGNORE INTO nurse_shift (AMKA, shift_id) VALUES ('0209548455', '82');
INSERT IGNORE INTO nurse_shift (AMKA, shift_id) VALUES ('3009684644', '82');
INSERT IGNORE INTO admin_shift (AMKA, shift_id) VALUES ('0503752616', '82');
INSERT IGNORE INTO admin_shift (AMKA, shift_id) VALUES ('1503705648', '82');
INSERT IGNORE INTO admin_shift (AMKA, shift_id) VALUES ('2604773268', '82');
INSERT IGNORE INTO admin_shift (AMKA, shift_id) VALUES ('0102594389', '82');
UPDATE IGNORE shift SET status = TRUE WHERE shift_id = '82';
INSERT IGNORE INTO dept_shift (dept_name, shift_id) VALUES ('ENT', '82');
INSERT INTO shift (shift_id, day, type) VALUES ('83', '2025-05-11 00:00:00', '15:00-23:00');
INSERT IGNORE INTO doctor_shift (AMKA, shift_id) VALUES ('1402646365', '83');
INSERT IGNORE INTO doctor_shift (AMKA, shift_id) VALUES ('2111532740', '83');
INSERT IGNORE INTO doctor_shift (AMKA, shift_id) VALUES ('2911689167', '83');
INSERT IGNORE INTO doctor_shift (AMKA, shift_id) VALUES ('1209810216', '83');
INSERT IGNORE INTO doctor_shift (AMKA, shift_id) VALUES ('0701944806', '83');
INSERT IGNORE INTO doctor_shift (AMKA, shift_id) VALUES ('1007513743', '83');
INSERT IGNORE INTO doctor_shift (AMKA, shift_id) VALUES ('3008951757', '83');
INSERT IGNORE INTO nurse_shift (AMKA, shift_id) VALUES ('1911832103', '83');
INSERT IGNORE INTO nurse_shift (AMKA, shift_id) VALUES ('1505505773', '83');
INSERT IGNORE INTO nurse_shift (AMKA, shift_id) VALUES ('2901593818', '83');
INSERT IGNORE INTO nurse_shift (AMKA, shift_id) VALUES ('0710837433', '83');
INSERT IGNORE INTO nurse_shift (AMKA, shift_id) VALUES ('0609636680', '83');
INSERT IGNORE INTO nurse_shift (AMKA, shift_id) VALUES ('1711760995', '83');
INSERT IGNORE INTO nurse_shift (AMKA, shift_id) VALUES ('1308752778', '83');
INSERT IGNORE INTO admin_shift (AMKA, shift_id) VALUES ('2310523586', '83');
INSERT IGNORE INTO admin_shift (AMKA, shift_id) VALUES ('0706936645', '83');
INSERT IGNORE INTO admin_shift (AMKA, shift_id) VALUES ('1910579614', '83');
INSERT IGNORE INTO admin_shift (AMKA, shift_id) VALUES ('2003866217', '83');
UPDATE IGNORE shift SET status = TRUE WHERE shift_id = '83';
INSERT IGNORE INTO dept_shift (dept_name, shift_id) VALUES ('ENT', '83');
INSERT INTO shift (shift_id, day, type) VALUES ('84', '2024-10-11 00:00:00', '07:00-15:00');
INSERT IGNORE INTO doctor_shift (AMKA, shift_id) VALUES ('2906627360', '84');
INSERT IGNORE INTO doctor_shift (AMKA, shift_id) VALUES ('1701623027', '84');
INSERT IGNORE INTO doctor_shift (AMKA, shift_id) VALUES ('1611621504', '84');
INSERT IGNORE INTO doctor_shift (AMKA, shift_id) VALUES ('0103962870', '84');
INSERT IGNORE INTO doctor_shift (AMKA, shift_id) VALUES ('2906540192', '84');
INSERT IGNORE INTO doctor_shift (AMKA, shift_id) VALUES ('2311474214', '84');
INSERT IGNORE INTO nurse_shift (AMKA, shift_id) VALUES ('0804762436', '84');
INSERT IGNORE INTO nurse_shift (AMKA, shift_id) VALUES ('2711931843', '84');
INSERT IGNORE INTO nurse_shift (AMKA, shift_id) VALUES ('2706761470', '84');
INSERT IGNORE INTO nurse_shift (AMKA, shift_id) VALUES ('1005529092', '84');
INSERT IGNORE INTO nurse_shift (AMKA, shift_id) VALUES ('0812429714', '84');
INSERT IGNORE INTO nurse_shift (AMKA, shift_id) VALUES ('0710837433', '84');
INSERT IGNORE INTO admin_shift (AMKA, shift_id) VALUES ('0703651721', '84');
INSERT IGNORE INTO admin_shift (AMKA, shift_id) VALUES ('2309518917', '84');
INSERT IGNORE INTO admin_shift (AMKA, shift_id) VALUES ('1209746373', '84');
INSERT IGNORE INTO admin_shift (AMKA, shift_id) VALUES ('1805714774', '84');
UPDATE IGNORE shift SET status = TRUE WHERE shift_id = '84';
INSERT IGNORE INTO dept_shift (dept_name, shift_id) VALUES ('ENT', '84');
INSERT INTO shift (shift_id, day, type) VALUES ('85', '2025-09-11 00:00:00', '15:00-23:00');
INSERT IGNORE INTO doctor_shift (AMKA, shift_id) VALUES ('2801801564', '85');
INSERT IGNORE INTO doctor_shift (AMKA, shift_id) VALUES ('2501995986', '85');
INSERT IGNORE INTO doctor_shift (AMKA, shift_id) VALUES ('0701944806', '85');
INSERT IGNORE INTO nurse_shift (AMKA, shift_id) VALUES ('0309459375', '85');
INSERT IGNORE INTO nurse_shift (AMKA, shift_id) VALUES ('1510663927', '85');
INSERT IGNORE INTO nurse_shift (AMKA, shift_id) VALUES ('1005673097', '85');
INSERT IGNORE INTO nurse_shift (AMKA, shift_id) VALUES ('1206677028', '85');
INSERT IGNORE INTO nurse_shift (AMKA, shift_id) VALUES ('2601941624', '85');
INSERT IGNORE INTO nurse_shift (AMKA, shift_id) VALUES ('1008771252', '85');
INSERT IGNORE INTO nurse_shift (AMKA, shift_id) VALUES ('0604638601', '85');
INSERT IGNORE INTO nurse_shift (AMKA, shift_id) VALUES ('2608415059', '85');
INSERT IGNORE INTO nurse_shift (AMKA, shift_id) VALUES ('2205724151', '85');
INSERT IGNORE INTO nurse_shift (AMKA, shift_id) VALUES ('2106697427', '85');
INSERT IGNORE INTO admin_shift (AMKA, shift_id) VALUES ('0304601041', '85');
INSERT IGNORE INTO admin_shift (AMKA, shift_id) VALUES ('1105817332', '85');
INSERT IGNORE INTO admin_shift (AMKA, shift_id) VALUES ('2010445485', '85');
UPDATE IGNORE shift SET status = TRUE WHERE shift_id = '85';
INSERT IGNORE INTO dept_shift (dept_name, shift_id) VALUES ('ENT', '85');
INSERT INTO shift (shift_id, day, type) VALUES ('86', '2026-07-26 00:00:00', '15:00-23:00');
INSERT IGNORE INTO doctor_shift (AMKA, shift_id) VALUES ('3110765587', '86');
INSERT IGNORE INTO doctor_shift (AMKA, shift_id) VALUES ('1808559940', '86');
INSERT IGNORE INTO doctor_shift (AMKA, shift_id) VALUES ('2305692753', '86');
INSERT IGNORE INTO doctor_shift (AMKA, shift_id) VALUES ('0802581734', '86');
INSERT IGNORE INTO doctor_shift (AMKA, shift_id) VALUES ('2106602456', '86');
INSERT IGNORE INTO doctor_shift (AMKA, shift_id) VALUES ('3012598800', '86');
INSERT IGNORE INTO doctor_shift (AMKA, shift_id) VALUES ('0111689660', '86');
INSERT IGNORE INTO doctor_shift (AMKA, shift_id) VALUES ('1502550745', '86');
INSERT IGNORE INTO nurse_shift (AMKA, shift_id) VALUES ('0309734619', '86');
INSERT IGNORE INTO nurse_shift (AMKA, shift_id) VALUES ('2906456566', '86');
INSERT IGNORE INTO nurse_shift (AMKA, shift_id) VALUES ('0206841343', '86');
INSERT IGNORE INTO nurse_shift (AMKA, shift_id) VALUES ('3101766130', '86');
INSERT IGNORE INTO nurse_shift (AMKA, shift_id) VALUES ('2412005893', '86');
INSERT IGNORE INTO nurse_shift (AMKA, shift_id) VALUES ('1806981284', '86');
INSERT IGNORE INTO nurse_shift (AMKA, shift_id) VALUES ('1005673097', '86');
INSERT IGNORE INTO admin_shift (AMKA, shift_id) VALUES ('1701751366', '86');
INSERT IGNORE INTO admin_shift (AMKA, shift_id) VALUES ('0706936645', '86');
INSERT IGNORE INTO admin_shift (AMKA, shift_id) VALUES ('2901826359', '86');
UPDATE IGNORE shift SET status = TRUE WHERE shift_id = '86';
INSERT IGNORE INTO dept_shift (dept_name, shift_id) VALUES ('ENT', '86');
INSERT INTO shift (shift_id, day, type) VALUES ('87', '2024-02-15 00:00:00', '15:00-23:00');
INSERT IGNORE INTO doctor_shift (AMKA, shift_id) VALUES ('0707820743', '87');
INSERT IGNORE INTO doctor_shift (AMKA, shift_id) VALUES ('3012598800', '87');
INSERT IGNORE INTO doctor_shift (AMKA, shift_id) VALUES ('2106602456', '87');
INSERT IGNORE INTO nurse_shift (AMKA, shift_id) VALUES ('1711760995', '87');
INSERT IGNORE INTO nurse_shift (AMKA, shift_id) VALUES ('2310744429', '87');
INSERT IGNORE INTO nurse_shift (AMKA, shift_id) VALUES ('1112443609', '87');
INSERT IGNORE INTO nurse_shift (AMKA, shift_id) VALUES ('1504406068', '87');
INSERT IGNORE INTO nurse_shift (AMKA, shift_id) VALUES ('2601941624', '87');
INSERT IGNORE INTO nurse_shift (AMKA, shift_id) VALUES ('2104656720', '87');
INSERT IGNORE INTO nurse_shift (AMKA, shift_id) VALUES ('2403611622', '87');
INSERT IGNORE INTO admin_shift (AMKA, shift_id) VALUES ('0508766025', '87');
INSERT IGNORE INTO admin_shift (AMKA, shift_id) VALUES ('0102594389', '87');
INSERT IGNORE INTO admin_shift (AMKA, shift_id) VALUES ('1910579614', '87');
UPDATE IGNORE shift SET status = TRUE WHERE shift_id = '87';
INSERT IGNORE INTO dept_shift (dept_name, shift_id) VALUES ('ENT', '87');
INSERT INTO shift (shift_id, day, type) VALUES ('88', '2026-12-02 00:00:00', '15:00-23:00');
INSERT IGNORE INTO doctor_shift (AMKA, shift_id) VALUES ('2010494529', '88');
INSERT IGNORE INTO doctor_shift (AMKA, shift_id) VALUES ('2205469029', '88');
INSERT IGNORE INTO doctor_shift (AMKA, shift_id) VALUES ('0405994014', '88');
INSERT IGNORE INTO doctor_shift (AMKA, shift_id) VALUES ('0807736496', '88');
INSERT IGNORE INTO doctor_shift (AMKA, shift_id) VALUES ('0312964109', '88');
INSERT IGNORE INTO doctor_shift (AMKA, shift_id) VALUES ('1611621504', '88');
INSERT IGNORE INTO nurse_shift (AMKA, shift_id) VALUES ('2912929004', '88');
INSERT IGNORE INTO nurse_shift (AMKA, shift_id) VALUES ('0706774178', '88');
INSERT IGNORE INTO nurse_shift (AMKA, shift_id) VALUES ('1410001291', '88');
INSERT IGNORE INTO nurse_shift (AMKA, shift_id) VALUES ('2106697427', '88');
INSERT IGNORE INTO nurse_shift (AMKA, shift_id) VALUES ('0309734619', '88');
INSERT IGNORE INTO nurse_shift (AMKA, shift_id) VALUES ('2711931843', '88');
INSERT IGNORE INTO nurse_shift (AMKA, shift_id) VALUES ('1711760995', '88');
INSERT IGNORE INTO nurse_shift (AMKA, shift_id) VALUES ('2411954432', '88');
INSERT IGNORE INTO nurse_shift (AMKA, shift_id) VALUES ('1112443609', '88');
INSERT IGNORE INTO admin_shift (AMKA, shift_id) VALUES ('1405405087', '88');
INSERT IGNORE INTO admin_shift (AMKA, shift_id) VALUES ('0505466886', '88');
INSERT IGNORE INTO admin_shift (AMKA, shift_id) VALUES ('0405421061', '88');
UPDATE IGNORE shift SET status = TRUE WHERE shift_id = '88';
INSERT IGNORE INTO dept_shift (dept_name, shift_id) VALUES ('ENT', '88');
INSERT INTO shift (shift_id, day, type) VALUES ('89', '2025-06-05 00:00:00', '07:00-15:00');
INSERT IGNORE INTO doctor_shift (AMKA, shift_id) VALUES ('1008990170', '89');
INSERT IGNORE INTO doctor_shift (AMKA, shift_id) VALUES ('1611621504', '89');
INSERT IGNORE INTO doctor_shift (AMKA, shift_id) VALUES ('1207427571', '89');
INSERT IGNORE INTO doctor_shift (AMKA, shift_id) VALUES ('1108642138', '89');
INSERT IGNORE INTO nurse_shift (AMKA, shift_id) VALUES ('2202676265', '89');
INSERT IGNORE INTO nurse_shift (AMKA, shift_id) VALUES ('1510663927', '89');
INSERT IGNORE INTO nurse_shift (AMKA, shift_id) VALUES ('1604513215', '89');
INSERT IGNORE INTO nurse_shift (AMKA, shift_id) VALUES ('2403611622', '89');
INSERT IGNORE INTO nurse_shift (AMKA, shift_id) VALUES ('1104820571', '89');
INSERT IGNORE INTO nurse_shift (AMKA, shift_id) VALUES ('1005673097', '89');
INSERT IGNORE INTO nurse_shift (AMKA, shift_id) VALUES ('2510897021', '89');
INSERT IGNORE INTO nurse_shift (AMKA, shift_id) VALUES ('0309734619', '89');
INSERT IGNORE INTO admin_shift (AMKA, shift_id) VALUES ('2703913336', '89');
INSERT IGNORE INTO admin_shift (AMKA, shift_id) VALUES ('0601887396', '89');
INSERT IGNORE INTO admin_shift (AMKA, shift_id) VALUES ('1706440889', '89');
UPDATE IGNORE shift SET status = TRUE WHERE shift_id = '89';
INSERT IGNORE INTO dept_shift (dept_name, shift_id) VALUES ('ENT', '89');
INSERT INTO shift (shift_id, day, type) VALUES ('90', '2025-02-08 00:00:00', '15:00-23:00');
INSERT IGNORE INTO doctor_shift (AMKA, shift_id) VALUES ('0706543302', '90');
INSERT IGNORE INTO doctor_shift (AMKA, shift_id) VALUES ('0307549248', '90');
INSERT IGNORE INTO doctor_shift (AMKA, shift_id) VALUES ('1301442380', '90');
INSERT IGNORE INTO doctor_shift (AMKA, shift_id) VALUES ('2905541171', '90');
INSERT IGNORE INTO doctor_shift (AMKA, shift_id) VALUES ('1008990170', '90');
INSERT IGNORE INTO doctor_shift (AMKA, shift_id) VALUES ('3012509660', '90');
INSERT IGNORE INTO doctor_shift (AMKA, shift_id) VALUES ('1611621504', '90');
INSERT IGNORE INTO nurse_shift (AMKA, shift_id) VALUES ('1112443609', '90');
INSERT IGNORE INTO nurse_shift (AMKA, shift_id) VALUES ('0604638601', '90');
INSERT IGNORE INTO nurse_shift (AMKA, shift_id) VALUES ('0904571046', '90');
INSERT IGNORE INTO nurse_shift (AMKA, shift_id) VALUES ('2106697427', '90');
INSERT IGNORE INTO nurse_shift (AMKA, shift_id) VALUES ('2612729603', '90');
INSERT IGNORE INTO nurse_shift (AMKA, shift_id) VALUES ('0309459375', '90');
INSERT IGNORE INTO nurse_shift (AMKA, shift_id) VALUES ('1908647470', '90');
INSERT IGNORE INTO nurse_shift (AMKA, shift_id) VALUES ('2507425872', '90');
INSERT IGNORE INTO nurse_shift (AMKA, shift_id) VALUES ('2412005893', '90');
INSERT IGNORE INTO admin_shift (AMKA, shift_id) VALUES ('0706936645', '90');
INSERT IGNORE INTO admin_shift (AMKA, shift_id) VALUES ('0707666244', '90');
INSERT IGNORE INTO admin_shift (AMKA, shift_id) VALUES ('0201483619', '90');
UPDATE IGNORE shift SET status = TRUE WHERE shift_id = '90';
INSERT IGNORE INTO dept_shift (dept_name, shift_id) VALUES ('ENT', '90');
INSERT INTO shift (shift_id, day, type) VALUES ('91', '2025-06-24 00:00:00', '23:00-07:00');
INSERT IGNORE INTO doctor_shift (AMKA, shift_id) VALUES ('2411651898', '91');
INSERT IGNORE INTO doctor_shift (AMKA, shift_id) VALUES ('1705602559', '91');
INSERT IGNORE INTO doctor_shift (AMKA, shift_id) VALUES ('2906627360', '91');
INSERT IGNORE INTO doctor_shift (AMKA, shift_id) VALUES ('1112753348', '91');
INSERT IGNORE INTO doctor_shift (AMKA, shift_id) VALUES ('2402877693', '91');
INSERT IGNORE INTO doctor_shift (AMKA, shift_id) VALUES ('1803800903', '91');
INSERT IGNORE INTO doctor_shift (AMKA, shift_id) VALUES ('2203591874', '91');
INSERT IGNORE INTO nurse_shift (AMKA, shift_id) VALUES ('1003436272', '91');
INSERT IGNORE INTO nurse_shift (AMKA, shift_id) VALUES ('2411954432', '91');
INSERT IGNORE INTO nurse_shift (AMKA, shift_id) VALUES ('2912929004', '91');
INSERT IGNORE INTO nurse_shift (AMKA, shift_id) VALUES ('1005529092', '91');
INSERT IGNORE INTO nurse_shift (AMKA, shift_id) VALUES ('1806981284', '91');
INSERT IGNORE INTO nurse_shift (AMKA, shift_id) VALUES ('2910435920', '91');
INSERT IGNORE INTO nurse_shift (AMKA, shift_id) VALUES ('1409799887', '91');
INSERT IGNORE INTO nurse_shift (AMKA, shift_id) VALUES ('2612729603', '91');
INSERT IGNORE INTO nurse_shift (AMKA, shift_id) VALUES ('0807809157', '91');
INSERT IGNORE INTO nurse_shift (AMKA, shift_id) VALUES ('1808626992', '91');
INSERT IGNORE INTO admin_shift (AMKA, shift_id) VALUES ('0304601041', '91');
INSERT IGNORE INTO admin_shift (AMKA, shift_id) VALUES ('2010445485', '91');
INSERT IGNORE INTO admin_shift (AMKA, shift_id) VALUES ('1805714774', '91');
UPDATE IGNORE shift SET status = TRUE WHERE shift_id = '91';
INSERT IGNORE INTO dept_shift (dept_name, shift_id) VALUES ('ENT', '91');
INSERT INTO shift (shift_id, day, type) VALUES ('92', '2026-03-01 00:00:00', '15:00-23:00');
INSERT IGNORE INTO doctor_shift (AMKA, shift_id) VALUES ('1209483269', '92');
INSERT IGNORE INTO doctor_shift (AMKA, shift_id) VALUES ('0307549248', '92');
INSERT IGNORE INTO doctor_shift (AMKA, shift_id) VALUES ('2809979050', '92');
INSERT IGNORE INTO doctor_shift (AMKA, shift_id) VALUES ('0410862119', '92');
INSERT IGNORE INTO nurse_shift (AMKA, shift_id) VALUES ('0804762436', '92');
INSERT IGNORE INTO nurse_shift (AMKA, shift_id) VALUES ('0309459375', '92');
INSERT IGNORE INTO nurse_shift (AMKA, shift_id) VALUES ('2612762096', '92');
INSERT IGNORE INTO nurse_shift (AMKA, shift_id) VALUES ('0805615787', '92');
INSERT IGNORE INTO nurse_shift (AMKA, shift_id) VALUES ('0604638601', '92');
INSERT IGNORE INTO nurse_shift (AMKA, shift_id) VALUES ('3009684644', '92');
INSERT IGNORE INTO nurse_shift (AMKA, shift_id) VALUES ('3004938343', '92');
INSERT IGNORE INTO admin_shift (AMKA, shift_id) VALUES ('0810871867', '92');
INSERT IGNORE INTO admin_shift (AMKA, shift_id) VALUES ('0605578164', '92');
UPDATE IGNORE shift SET status = TRUE WHERE shift_id = '92';
INSERT IGNORE INTO dept_shift (dept_name, shift_id) VALUES ('ENT', '92');
INSERT INTO shift (shift_id, day, type) VALUES ('93', '2025-09-11 00:00:00', '15:00-23:00');
INSERT IGNORE INTO doctor_shift (AMKA, shift_id) VALUES ('2607905982', '93');
INSERT IGNORE INTO doctor_shift (AMKA, shift_id) VALUES ('0701944806', '93');
INSERT IGNORE INTO doctor_shift (AMKA, shift_id) VALUES ('1908663047', '93');
INSERT IGNORE INTO doctor_shift (AMKA, shift_id) VALUES ('1402646365', '93');
INSERT IGNORE INTO nurse_shift (AMKA, shift_id) VALUES ('2007568464', '93');
INSERT IGNORE INTO nurse_shift (AMKA, shift_id) VALUES ('2412005893', '93');
INSERT IGNORE INTO nurse_shift (AMKA, shift_id) VALUES ('0804762436', '93');
INSERT IGNORE INTO nurse_shift (AMKA, shift_id) VALUES ('2411954432', '93');
INSERT IGNORE INTO nurse_shift (AMKA, shift_id) VALUES ('1410001291', '93');
INSERT IGNORE INTO nurse_shift (AMKA, shift_id) VALUES ('2912929004', '93');
INSERT IGNORE INTO nurse_shift (AMKA, shift_id) VALUES ('2711931843', '93');
INSERT IGNORE INTO nurse_shift (AMKA, shift_id) VALUES ('3009684644', '93');
INSERT IGNORE INTO nurse_shift (AMKA, shift_id) VALUES ('2106930406', '93');
INSERT IGNORE INTO nurse_shift (AMKA, shift_id) VALUES ('2910435920', '93');
INSERT IGNORE INTO admin_shift (AMKA, shift_id) VALUES ('2408699743', '93');
INSERT IGNORE INTO admin_shift (AMKA, shift_id) VALUES ('0405421061', '93');
INSERT IGNORE INTO admin_shift (AMKA, shift_id) VALUES ('2003866217', '93');
INSERT IGNORE INTO admin_shift (AMKA, shift_id) VALUES ('0810459550', '93');
UPDATE IGNORE shift SET status = TRUE WHERE shift_id = '93';
INSERT IGNORE INTO dept_shift (dept_name, shift_id) VALUES ('ENT', '93');
INSERT INTO shift (shift_id, day, type) VALUES ('94', '2025-10-18 00:00:00', '15:00-23:00');
INSERT IGNORE INTO doctor_shift (AMKA, shift_id) VALUES ('2111532740', '94');
INSERT IGNORE INTO doctor_shift (AMKA, shift_id) VALUES ('3012509660', '94');
INSERT IGNORE INTO doctor_shift (AMKA, shift_id) VALUES ('1502550745', '94');
INSERT IGNORE INTO doctor_shift (AMKA, shift_id) VALUES ('1112753348', '94');
INSERT IGNORE INTO doctor_shift (AMKA, shift_id) VALUES ('1108642138', '94');
INSERT IGNORE INTO doctor_shift (AMKA, shift_id) VALUES ('1402646365', '94');
INSERT IGNORE INTO doctor_shift (AMKA, shift_id) VALUES ('2406419109', '94');
INSERT IGNORE INTO doctor_shift (AMKA, shift_id) VALUES ('1007513743', '94');
INSERT IGNORE INTO nurse_shift (AMKA, shift_id) VALUES ('1505505773', '94');
INSERT IGNORE INTO nurse_shift (AMKA, shift_id) VALUES ('1410590275', '94');
INSERT IGNORE INTO nurse_shift (AMKA, shift_id) VALUES ('3103488159', '94');
INSERT IGNORE INTO nurse_shift (AMKA, shift_id) VALUES ('0706774178', '94');
INSERT IGNORE INTO nurse_shift (AMKA, shift_id) VALUES ('3004938343', '94');
INSERT IGNORE INTO nurse_shift (AMKA, shift_id) VALUES ('3011818066', '94');
INSERT IGNORE INTO nurse_shift (AMKA, shift_id) VALUES ('1005529092', '94');
INSERT IGNORE INTO nurse_shift (AMKA, shift_id) VALUES ('0907972518', '94');
INSERT IGNORE INTO admin_shift (AMKA, shift_id) VALUES ('1105817332', '94');
INSERT IGNORE INTO admin_shift (AMKA, shift_id) VALUES ('1805714774', '94');
INSERT IGNORE INTO admin_shift (AMKA, shift_id) VALUES ('3009559307', '94');
INSERT IGNORE INTO admin_shift (AMKA, shift_id) VALUES ('1910579614', '94');
UPDATE IGNORE shift SET status = TRUE WHERE shift_id = '94';
INSERT IGNORE INTO dept_shift (dept_name, shift_id) VALUES ('ENT', '94');
INSERT INTO shift (shift_id, day, type) VALUES ('95', '2024-10-10 00:00:00', '15:00-23:00');
INSERT IGNORE INTO doctor_shift (AMKA, shift_id) VALUES ('1009974497', '95');
INSERT IGNORE INTO doctor_shift (AMKA, shift_id) VALUES ('1611621504', '95');
INSERT IGNORE INTO doctor_shift (AMKA, shift_id) VALUES ('2801897549', '95');
INSERT IGNORE INTO doctor_shift (AMKA, shift_id) VALUES ('1008990170', '95');
INSERT IGNORE INTO doctor_shift (AMKA, shift_id) VALUES ('2205469029', '95');
INSERT IGNORE INTO doctor_shift (AMKA, shift_id) VALUES ('2010494529', '95');
INSERT IGNORE INTO doctor_shift (AMKA, shift_id) VALUES ('1209483269', '95');
INSERT IGNORE INTO doctor_shift (AMKA, shift_id) VALUES ('0802581734', '95');
INSERT IGNORE INTO nurse_shift (AMKA, shift_id) VALUES ('0604638601', '95');
INSERT IGNORE INTO nurse_shift (AMKA, shift_id) VALUES ('3009684644', '95');
INSERT IGNORE INTO nurse_shift (AMKA, shift_id) VALUES ('1308752778', '95');
INSERT IGNORE INTO nurse_shift (AMKA, shift_id) VALUES ('2401552006', '95');
INSERT IGNORE INTO nurse_shift (AMKA, shift_id) VALUES ('2411954432', '95');
INSERT IGNORE INTO nurse_shift (AMKA, shift_id) VALUES ('1410590275', '95');
INSERT IGNORE INTO admin_shift (AMKA, shift_id) VALUES ('3108581021', '95');
INSERT IGNORE INTO admin_shift (AMKA, shift_id) VALUES ('1907745998', '95');
UPDATE IGNORE shift SET status = TRUE WHERE shift_id = '95';
INSERT IGNORE INTO dept_shift (dept_name, shift_id) VALUES ('ENT', '95');
INSERT INTO shift (shift_id, day, type) VALUES ('96', '2024-12-21 00:00:00', '07:00-15:00');
INSERT IGNORE INTO doctor_shift (AMKA, shift_id) VALUES ('2406419109', '96');
INSERT IGNORE INTO doctor_shift (AMKA, shift_id) VALUES ('0312964109', '96');
INSERT IGNORE INTO doctor_shift (AMKA, shift_id) VALUES ('1009974497', '96');
INSERT IGNORE INTO nurse_shift (AMKA, shift_id) VALUES ('0412793251', '96');
INSERT IGNORE INTO nurse_shift (AMKA, shift_id) VALUES ('2608415059', '96');
INSERT IGNORE INTO nurse_shift (AMKA, shift_id) VALUES ('1005405863', '96');
INSERT IGNORE INTO nurse_shift (AMKA, shift_id) VALUES ('0804762436', '96');
INSERT IGNORE INTO nurse_shift (AMKA, shift_id) VALUES ('1011859573', '96');
INSERT IGNORE INTO nurse_shift (AMKA, shift_id) VALUES ('2912929004', '96');
INSERT IGNORE INTO nurse_shift (AMKA, shift_id) VALUES ('1911611265', '96');
INSERT IGNORE INTO nurse_shift (AMKA, shift_id) VALUES ('0209548455', '96');
INSERT IGNORE INTO nurse_shift (AMKA, shift_id) VALUES ('1504406068', '96');
INSERT IGNORE INTO nurse_shift (AMKA, shift_id) VALUES ('0709669147', '96');
INSERT IGNORE INTO admin_shift (AMKA, shift_id) VALUES ('1109996077', '96');
INSERT IGNORE INTO admin_shift (AMKA, shift_id) VALUES ('0405421061', '96');
UPDATE IGNORE shift SET status = TRUE WHERE shift_id = '96';
INSERT IGNORE INTO dept_shift (dept_name, shift_id) VALUES ('Geriatric', '96');
INSERT INTO shift (shift_id, day, type) VALUES ('97', '2026-10-24 00:00:00', '23:00-07:00');
INSERT IGNORE INTO doctor_shift (AMKA, shift_id) VALUES ('0306542190', '97');
INSERT IGNORE INTO doctor_shift (AMKA, shift_id) VALUES ('2306446564', '97');
INSERT IGNORE INTO doctor_shift (AMKA, shift_id) VALUES ('2406419109', '97');
INSERT IGNORE INTO doctor_shift (AMKA, shift_id) VALUES ('0405403482', '97');
INSERT IGNORE INTO doctor_shift (AMKA, shift_id) VALUES ('2501995986', '97');
INSERT IGNORE INTO doctor_shift (AMKA, shift_id) VALUES ('2411004971', '97');
INSERT IGNORE INTO doctor_shift (AMKA, shift_id) VALUES ('3012598800', '97');
INSERT IGNORE INTO doctor_shift (AMKA, shift_id) VALUES ('0510600514', '97');
INSERT IGNORE INTO nurse_shift (AMKA, shift_id) VALUES ('2612762096', '97');
INSERT IGNORE INTO nurse_shift (AMKA, shift_id) VALUES ('0410663790', '97');
INSERT IGNORE INTO nurse_shift (AMKA, shift_id) VALUES ('2608415059', '97');
INSERT IGNORE INTO nurse_shift (AMKA, shift_id) VALUES ('0106962075', '97');
INSERT IGNORE INTO nurse_shift (AMKA, shift_id) VALUES ('1711760995', '97');
INSERT IGNORE INTO nurse_shift (AMKA, shift_id) VALUES ('1604513215', '97');
INSERT IGNORE INTO admin_shift (AMKA, shift_id) VALUES ('3108581021', '97');
INSERT IGNORE INTO admin_shift (AMKA, shift_id) VALUES ('1907745998', '97');
INSERT IGNORE INTO admin_shift (AMKA, shift_id) VALUES ('2309518917', '97');
UPDATE IGNORE shift SET status = TRUE WHERE shift_id = '97';
INSERT IGNORE INTO dept_shift (dept_name, shift_id) VALUES ('Geriatric', '97');
INSERT INTO shift (shift_id, day, type) VALUES ('98', '2025-04-19 00:00:00', '15:00-23:00');
INSERT IGNORE INTO doctor_shift (AMKA, shift_id) VALUES ('0708733889', '98');
INSERT IGNORE INTO doctor_shift (AMKA, shift_id) VALUES ('2801897549', '98');
INSERT IGNORE INTO doctor_shift (AMKA, shift_id) VALUES ('2906627360', '98');
INSERT IGNORE INTO nurse_shift (AMKA, shift_id) VALUES ('2202676265', '98');
INSERT IGNORE INTO nurse_shift (AMKA, shift_id) VALUES ('0612989649', '98');
INSERT IGNORE INTO nurse_shift (AMKA, shift_id) VALUES ('1005673097', '98');
INSERT IGNORE INTO nurse_shift (AMKA, shift_id) VALUES ('2412005893', '98');
INSERT IGNORE INTO nurse_shift (AMKA, shift_id) VALUES ('2612762096', '98');
INSERT IGNORE INTO nurse_shift (AMKA, shift_id) VALUES ('3007957631', '98');
INSERT IGNORE INTO nurse_shift (AMKA, shift_id) VALUES ('0104472353', '98');
INSERT IGNORE INTO admin_shift (AMKA, shift_id) VALUES ('2303776978', '98');
INSERT IGNORE INTO admin_shift (AMKA, shift_id) VALUES ('1503705648', '98');
INSERT IGNORE INTO admin_shift (AMKA, shift_id) VALUES ('1403488687', '98');
UPDATE IGNORE shift SET status = TRUE WHERE shift_id = '98';
INSERT IGNORE INTO dept_shift (dept_name, shift_id) VALUES ('Geriatric', '98');
INSERT INTO shift (shift_id, day, type) VALUES ('99', '2026-12-05 00:00:00', '15:00-23:00');
INSERT IGNORE INTO doctor_shift (AMKA, shift_id) VALUES ('2710919774', '99');
INSERT IGNORE INTO doctor_shift (AMKA, shift_id) VALUES ('1209810216', '99');
INSERT IGNORE INTO doctor_shift (AMKA, shift_id) VALUES ('1810910652', '99');
INSERT IGNORE INTO doctor_shift (AMKA, shift_id) VALUES ('1108642138', '99');
INSERT IGNORE INTO nurse_shift (AMKA, shift_id) VALUES ('2912929004', '99');
INSERT IGNORE INTO nurse_shift (AMKA, shift_id) VALUES ('3009684644', '99');
INSERT IGNORE INTO nurse_shift (AMKA, shift_id) VALUES ('2601941624', '99');
INSERT IGNORE INTO nurse_shift (AMKA, shift_id) VALUES ('2104656720', '99');
INSERT IGNORE INTO nurse_shift (AMKA, shift_id) VALUES ('0609636680', '99');
INSERT IGNORE INTO nurse_shift (AMKA, shift_id) VALUES ('2404846418', '99');
INSERT IGNORE INTO nurse_shift (AMKA, shift_id) VALUES ('0604638601', '99');
INSERT IGNORE INTO admin_shift (AMKA, shift_id) VALUES ('1711552309', '99');
INSERT IGNORE INTO admin_shift (AMKA, shift_id) VALUES ('0605578164', '99');
INSERT IGNORE INTO admin_shift (AMKA, shift_id) VALUES ('2408699743', '99');
UPDATE IGNORE shift SET status = TRUE WHERE shift_id = '99';
INSERT IGNORE INTO dept_shift (dept_name, shift_id) VALUES ('Geriatric', '99');
INSERT INTO shift (shift_id, day, type) VALUES ('100', '2024-10-27 00:00:00', '15:00-23:00');
INSERT IGNORE INTO doctor_shift (AMKA, shift_id) VALUES ('2710919774', '100');
INSERT IGNORE INTO doctor_shift (AMKA, shift_id) VALUES ('2311474214', '100');
INSERT IGNORE INTO doctor_shift (AMKA, shift_id) VALUES ('2010494529', '100');
INSERT IGNORE INTO doctor_shift (AMKA, shift_id) VALUES ('2111532740', '100');
INSERT IGNORE INTO doctor_shift (AMKA, shift_id) VALUES ('1912455789', '100');
INSERT IGNORE INTO doctor_shift (AMKA, shift_id) VALUES ('2205469029', '100');
INSERT IGNORE INTO doctor_shift (AMKA, shift_id) VALUES ('1207427571', '100');
INSERT IGNORE INTO nurse_shift (AMKA, shift_id) VALUES ('2310744429', '100');
INSERT IGNORE INTO nurse_shift (AMKA, shift_id) VALUES ('1409799887', '100');
INSERT IGNORE INTO nurse_shift (AMKA, shift_id) VALUES ('0612989649', '100');
INSERT IGNORE INTO nurse_shift (AMKA, shift_id) VALUES ('2811867092', '100');
INSERT IGNORE INTO nurse_shift (AMKA, shift_id) VALUES ('3004938343', '100');
INSERT IGNORE INTO nurse_shift (AMKA, shift_id) VALUES ('0309734619', '100');
INSERT IGNORE INTO admin_shift (AMKA, shift_id) VALUES ('1405405087', '100');
INSERT IGNORE INTO admin_shift (AMKA, shift_id) VALUES ('0201483619', '100');
INSERT IGNORE INTO admin_shift (AMKA, shift_id) VALUES ('1910579614', '100');
UPDATE IGNORE shift SET status = TRUE WHERE shift_id = '100';
INSERT IGNORE INTO dept_shift (dept_name, shift_id) VALUES ('Geriatric', '100');
INSERT INTO shift (shift_id, day, type) VALUES ('101', '2026-06-01 00:00:00', '23:00-07:00');
INSERT IGNORE INTO doctor_shift (AMKA, shift_id) VALUES ('2106602456', '101');
INSERT IGNORE INTO doctor_shift (AMKA, shift_id) VALUES ('0306542190', '101');
INSERT IGNORE INTO doctor_shift (AMKA, shift_id) VALUES ('1611621504', '101');
INSERT IGNORE INTO doctor_shift (AMKA, shift_id) VALUES ('0410862119', '101');
INSERT IGNORE INTO doctor_shift (AMKA, shift_id) VALUES ('2910450715', '101');
INSERT IGNORE INTO doctor_shift (AMKA, shift_id) VALUES ('2801897549', '101');
INSERT IGNORE INTO doctor_shift (AMKA, shift_id) VALUES ('0510600514', '101');
INSERT IGNORE INTO nurse_shift (AMKA, shift_id) VALUES ('1210752839', '101');
INSERT IGNORE INTO nurse_shift (AMKA, shift_id) VALUES ('2110703028', '101');
INSERT IGNORE INTO nurse_shift (AMKA, shift_id) VALUES ('2612762096', '101');
INSERT IGNORE INTO nurse_shift (AMKA, shift_id) VALUES ('2310744429', '101');
INSERT IGNORE INTO nurse_shift (AMKA, shift_id) VALUES ('2906456566', '101');
INSERT IGNORE INTO nurse_shift (AMKA, shift_id) VALUES ('2205724151', '101');
INSERT IGNORE INTO nurse_shift (AMKA, shift_id) VALUES ('0309459375', '101');
INSERT IGNORE INTO admin_shift (AMKA, shift_id) VALUES ('2408699743', '101');
INSERT IGNORE INTO admin_shift (AMKA, shift_id) VALUES ('1510768908', '101');
UPDATE IGNORE shift SET status = TRUE WHERE shift_id = '101';
INSERT IGNORE INTO dept_shift (dept_name, shift_id) VALUES ('Geriatric', '101');
INSERT INTO shift (shift_id, day, type) VALUES ('102', '2026-10-18 00:00:00', '23:00-07:00');
INSERT IGNORE INTO doctor_shift (AMKA, shift_id) VALUES ('1301442380', '102');
INSERT IGNORE INTO doctor_shift (AMKA, shift_id) VALUES ('3108788705', '102');
INSERT IGNORE INTO doctor_shift (AMKA, shift_id) VALUES ('0405403482', '102');
INSERT IGNORE INTO doctor_shift (AMKA, shift_id) VALUES ('1808559940', '102');
INSERT IGNORE INTO doctor_shift (AMKA, shift_id) VALUES ('1402646365', '102');
INSERT IGNORE INTO doctor_shift (AMKA, shift_id) VALUES ('1712008709', '102');
INSERT IGNORE INTO nurse_shift (AMKA, shift_id) VALUES ('0705726850', '102');
INSERT IGNORE INTO nurse_shift (AMKA, shift_id) VALUES ('1401961017', '102');
INSERT IGNORE INTO nurse_shift (AMKA, shift_id) VALUES ('1308752778', '102');
INSERT IGNORE INTO nurse_shift (AMKA, shift_id) VALUES ('1112443609', '102');
INSERT IGNORE INTO nurse_shift (AMKA, shift_id) VALUES ('0907972518', '102');
INSERT IGNORE INTO nurse_shift (AMKA, shift_id) VALUES ('2910435920', '102');
INSERT IGNORE INTO admin_shift (AMKA, shift_id) VALUES ('3108581021', '102');
INSERT IGNORE INTO admin_shift (AMKA, shift_id) VALUES ('0508766025', '102');
INSERT IGNORE INTO admin_shift (AMKA, shift_id) VALUES ('0405421061', '102');
INSERT IGNORE INTO admin_shift (AMKA, shift_id) VALUES ('2103717007', '102');
UPDATE IGNORE shift SET status = TRUE WHERE shift_id = '102';
INSERT IGNORE INTO dept_shift (dept_name, shift_id) VALUES ('Geriatric', '102');
INSERT INTO shift (shift_id, day, type) VALUES ('103', '2026-07-07 00:00:00', '23:00-07:00');
INSERT IGNORE INTO doctor_shift (AMKA, shift_id) VALUES ('0701944806', '103');
INSERT IGNORE INTO doctor_shift (AMKA, shift_id) VALUES ('2305692753', '103');
INSERT IGNORE INTO doctor_shift (AMKA, shift_id) VALUES ('0807736496', '103');
INSERT IGNORE INTO nurse_shift (AMKA, shift_id) VALUES ('1112443609', '103');
INSERT IGNORE INTO nurse_shift (AMKA, shift_id) VALUES ('1908566470', '103');
INSERT IGNORE INTO nurse_shift (AMKA, shift_id) VALUES ('1005405863', '103');
INSERT IGNORE INTO nurse_shift (AMKA, shift_id) VALUES ('3103488159', '103');
INSERT IGNORE INTO nurse_shift (AMKA, shift_id) VALUES ('1908647470', '103');
INSERT IGNORE INTO nurse_shift (AMKA, shift_id) VALUES ('3007957631', '103');
INSERT IGNORE INTO nurse_shift (AMKA, shift_id) VALUES ('2507425872', '103');
INSERT IGNORE INTO nurse_shift (AMKA, shift_id) VALUES ('2310744429', '103');
INSERT IGNORE INTO nurse_shift (AMKA, shift_id) VALUES ('2704464646', '103');
INSERT IGNORE INTO admin_shift (AMKA, shift_id) VALUES ('0912742757', '103');
INSERT IGNORE INTO admin_shift (AMKA, shift_id) VALUES ('2604773268', '103');
INSERT IGNORE INTO admin_shift (AMKA, shift_id) VALUES ('1711552309', '103');
UPDATE IGNORE shift SET status = TRUE WHERE shift_id = '103';
INSERT IGNORE INTO dept_shift (dept_name, shift_id) VALUES ('Geriatric', '103');
INSERT INTO shift (shift_id, day, type) VALUES ('104', '2024-04-06 00:00:00', '07:00-15:00');
INSERT IGNORE INTO doctor_shift (AMKA, shift_id) VALUES ('0701944806', '104');
INSERT IGNORE INTO doctor_shift (AMKA, shift_id) VALUES ('1712008709', '104');
INSERT IGNORE INTO doctor_shift (AMKA, shift_id) VALUES ('2010494529', '104');
INSERT IGNORE INTO doctor_shift (AMKA, shift_id) VALUES ('2708580170', '104');
INSERT IGNORE INTO doctor_shift (AMKA, shift_id) VALUES ('1701623027', '104');
INSERT IGNORE INTO doctor_shift (AMKA, shift_id) VALUES ('0902609962', '104');
INSERT IGNORE INTO nurse_shift (AMKA, shift_id) VALUES ('0206841343', '104');
INSERT IGNORE INTO nurse_shift (AMKA, shift_id) VALUES ('1806981284', '104');
INSERT IGNORE INTO nurse_shift (AMKA, shift_id) VALUES ('1504406068', '104');
INSERT IGNORE INTO nurse_shift (AMKA, shift_id) VALUES ('0807809157', '104');
INSERT IGNORE INTO nurse_shift (AMKA, shift_id) VALUES ('1006547847', '104');
INSERT IGNORE INTO nurse_shift (AMKA, shift_id) VALUES ('3103488159', '104');
INSERT IGNORE INTO nurse_shift (AMKA, shift_id) VALUES ('0412793251', '104');
INSERT IGNORE INTO admin_shift (AMKA, shift_id) VALUES ('2605932179', '104');
INSERT IGNORE INTO admin_shift (AMKA, shift_id) VALUES ('0201483619', '104');
INSERT IGNORE INTO admin_shift (AMKA, shift_id) VALUES ('1403488687', '104');
UPDATE IGNORE shift SET status = TRUE WHERE shift_id = '104';
INSERT IGNORE INTO dept_shift (dept_name, shift_id) VALUES ('Geriatric', '104');
INSERT INTO shift (shift_id, day, type) VALUES ('105', '2026-12-12 00:00:00', '07:00-15:00');
INSERT IGNORE INTO doctor_shift (AMKA, shift_id) VALUES ('0305579221', '105');
INSERT IGNORE INTO doctor_shift (AMKA, shift_id) VALUES ('2501995986', '105');
INSERT IGNORE INTO doctor_shift (AMKA, shift_id) VALUES ('0202939499', '105');
INSERT IGNORE INTO doctor_shift (AMKA, shift_id) VALUES ('0510600514', '105');
INSERT IGNORE INTO doctor_shift (AMKA, shift_id) VALUES ('3108788705', '105');
INSERT IGNORE INTO doctor_shift (AMKA, shift_id) VALUES ('1301442380', '105');
INSERT IGNORE INTO doctor_shift (AMKA, shift_id) VALUES ('0402587115', '105');
INSERT IGNORE INTO doctor_shift (AMKA, shift_id) VALUES ('1109428284', '105');
INSERT IGNORE INTO nurse_shift (AMKA, shift_id) VALUES ('0609636680', '105');
INSERT IGNORE INTO nurse_shift (AMKA, shift_id) VALUES ('2401552006', '105');
INSERT IGNORE INTO nurse_shift (AMKA, shift_id) VALUES ('2106930406', '105');
INSERT IGNORE INTO nurse_shift (AMKA, shift_id) VALUES ('2404846418', '105');
INSERT IGNORE INTO nurse_shift (AMKA, shift_id) VALUES ('1210752839', '105');
INSERT IGNORE INTO nurse_shift (AMKA, shift_id) VALUES ('0106962075', '105');
INSERT IGNORE INTO admin_shift (AMKA, shift_id) VALUES ('0706936645', '105');
INSERT IGNORE INTO admin_shift (AMKA, shift_id) VALUES ('2309518917', '105');
INSERT IGNORE INTO admin_shift (AMKA, shift_id) VALUES ('1711552309', '105');
INSERT IGNORE INTO admin_shift (AMKA, shift_id) VALUES ('0403889907', '105');
UPDATE IGNORE shift SET status = TRUE WHERE shift_id = '105';
INSERT IGNORE INTO dept_shift (dept_name, shift_id) VALUES ('Geriatric', '105');
INSERT INTO shift (shift_id, day, type) VALUES ('106', '2024-07-24 00:00:00', '23:00-07:00');
INSERT IGNORE INTO doctor_shift (AMKA, shift_id) VALUES ('2502902231', '106');
INSERT IGNORE INTO doctor_shift (AMKA, shift_id) VALUES ('1301442380', '106');
INSERT IGNORE INTO doctor_shift (AMKA, shift_id) VALUES ('2111532740', '106');
INSERT IGNORE INTO doctor_shift (AMKA, shift_id) VALUES ('2801801564', '106');
INSERT IGNORE INTO doctor_shift (AMKA, shift_id) VALUES ('3008951757', '106');
INSERT IGNORE INTO nurse_shift (AMKA, shift_id) VALUES ('0907972518', '106');
INSERT IGNORE INTO nurse_shift (AMKA, shift_id) VALUES ('0706774178', '106');
INSERT IGNORE INTO nurse_shift (AMKA, shift_id) VALUES ('2106930406', '106');
INSERT IGNORE INTO nurse_shift (AMKA, shift_id) VALUES ('0106962075', '106');
INSERT IGNORE INTO nurse_shift (AMKA, shift_id) VALUES ('0609636680', '106');
INSERT IGNORE INTO nurse_shift (AMKA, shift_id) VALUES ('2510897021', '106');
INSERT IGNORE INTO nurse_shift (AMKA, shift_id) VALUES ('0508623869', '106');
INSERT IGNORE INTO nurse_shift (AMKA, shift_id) VALUES ('1409799887', '106');
INSERT IGNORE INTO admin_shift (AMKA, shift_id) VALUES ('0304601041', '106');
INSERT IGNORE INTO admin_shift (AMKA, shift_id) VALUES ('2309518917', '106');
INSERT IGNORE INTO admin_shift (AMKA, shift_id) VALUES ('1109996077', '106');
INSERT IGNORE INTO admin_shift (AMKA, shift_id) VALUES ('0601887396', '106');
UPDATE IGNORE shift SET status = TRUE WHERE shift_id = '106';
INSERT IGNORE INTO dept_shift (dept_name, shift_id) VALUES ('Geriatric', '106');
INSERT INTO shift (shift_id, day, type) VALUES ('107', '2024-07-28 00:00:00', '07:00-15:00');
INSERT IGNORE INTO doctor_shift (AMKA, shift_id) VALUES ('0405994014', '107');
INSERT IGNORE INTO doctor_shift (AMKA, shift_id) VALUES ('2406419109', '107');
INSERT IGNORE INTO doctor_shift (AMKA, shift_id) VALUES ('1912455789', '107');
INSERT IGNORE INTO doctor_shift (AMKA, shift_id) VALUES ('2607905982', '107');
INSERT IGNORE INTO doctor_shift (AMKA, shift_id) VALUES ('2905541171', '107');
INSERT IGNORE INTO doctor_shift (AMKA, shift_id) VALUES ('1803800903', '107');
INSERT IGNORE INTO doctor_shift (AMKA, shift_id) VALUES ('1112753348', '107');
INSERT IGNORE INTO nurse_shift (AMKA, shift_id) VALUES ('2007568464', '107');
INSERT IGNORE INTO nurse_shift (AMKA, shift_id) VALUES ('2404846418', '107');
INSERT IGNORE INTO nurse_shift (AMKA, shift_id) VALUES ('1005529092', '107');
INSERT IGNORE INTO nurse_shift (AMKA, shift_id) VALUES ('1908647470', '107');
INSERT IGNORE INTO nurse_shift (AMKA, shift_id) VALUES ('0812429714', '107');
INSERT IGNORE INTO nurse_shift (AMKA, shift_id) VALUES ('0609636680', '107');
INSERT IGNORE INTO nurse_shift (AMKA, shift_id) VALUES ('2608981810', '107');
INSERT IGNORE INTO nurse_shift (AMKA, shift_id) VALUES ('0904571046', '107');
INSERT IGNORE INTO nurse_shift (AMKA, shift_id) VALUES ('2811867092', '107');
INSERT IGNORE INTO admin_shift (AMKA, shift_id) VALUES ('2901826359', '107');
INSERT IGNORE INTO admin_shift (AMKA, shift_id) VALUES ('1311799909', '107');
INSERT IGNORE INTO admin_shift (AMKA, shift_id) VALUES ('2303776978', '107');
INSERT IGNORE INTO admin_shift (AMKA, shift_id) VALUES ('1910579614', '107');
UPDATE IGNORE shift SET status = TRUE WHERE shift_id = '107';
INSERT IGNORE INTO dept_shift (dept_name, shift_id) VALUES ('Geriatric', '107');
INSERT INTO shift (shift_id, day, type) VALUES ('108', '2026-04-15 00:00:00', '23:00-07:00');
INSERT IGNORE INTO doctor_shift (AMKA, shift_id) VALUES ('3012509660', '108');
INSERT IGNORE INTO doctor_shift (AMKA, shift_id) VALUES ('1402646365', '108');
INSERT IGNORE INTO doctor_shift (AMKA, shift_id) VALUES ('0111689660', '108');
INSERT IGNORE INTO doctor_shift (AMKA, shift_id) VALUES ('1207427571', '108');
INSERT IGNORE INTO doctor_shift (AMKA, shift_id) VALUES ('1209483269', '108');
INSERT IGNORE INTO doctor_shift (AMKA, shift_id) VALUES ('0307549248', '108');
INSERT IGNORE INTO doctor_shift (AMKA, shift_id) VALUES ('1705602559', '108');
INSERT IGNORE INTO nurse_shift (AMKA, shift_id) VALUES ('2401552006', '108');
INSERT IGNORE INTO nurse_shift (AMKA, shift_id) VALUES ('1005529092', '108');
INSERT IGNORE INTO nurse_shift (AMKA, shift_id) VALUES ('0710837433', '108');
INSERT IGNORE INTO nurse_shift (AMKA, shift_id) VALUES ('2912929004', '108');
INSERT IGNORE INTO nurse_shift (AMKA, shift_id) VALUES ('0612989649', '108');
INSERT IGNORE INTO nurse_shift (AMKA, shift_id) VALUES ('2711931843', '108');
INSERT IGNORE INTO admin_shift (AMKA, shift_id) VALUES ('0505466886', '108');
INSERT IGNORE INTO admin_shift (AMKA, shift_id) VALUES ('1510768908', '108');
UPDATE IGNORE shift SET status = TRUE WHERE shift_id = '108';
INSERT IGNORE INTO dept_shift (dept_name, shift_id) VALUES ('Gastroenterology', '108');
INSERT INTO shift (shift_id, day, type) VALUES ('109', '2026-09-28 00:00:00', '23:00-07:00');
INSERT IGNORE INTO doctor_shift (AMKA, shift_id) VALUES ('0906651672', '109');
INSERT IGNORE INTO doctor_shift (AMKA, shift_id) VALUES ('0701944806', '109');
INSERT IGNORE INTO doctor_shift (AMKA, shift_id) VALUES ('3012870045', '109');
INSERT IGNORE INTO doctor_shift (AMKA, shift_id) VALUES ('2801897549', '109');
INSERT IGNORE INTO doctor_shift (AMKA, shift_id) VALUES ('2609009896', '109');
INSERT IGNORE INTO doctor_shift (AMKA, shift_id) VALUES ('2402877693', '109');
INSERT IGNORE INTO nurse_shift (AMKA, shift_id) VALUES ('1808626992', '109');
INSERT IGNORE INTO nurse_shift (AMKA, shift_id) VALUES ('2706761470', '109');
INSERT IGNORE INTO nurse_shift (AMKA, shift_id) VALUES ('1401961017', '109');
INSERT IGNORE INTO nurse_shift (AMKA, shift_id) VALUES ('1806532334', '109');
INSERT IGNORE INTO nurse_shift (AMKA, shift_id) VALUES ('2912929004', '109');
INSERT IGNORE INTO nurse_shift (AMKA, shift_id) VALUES ('1510663927', '109');
INSERT IGNORE INTO nurse_shift (AMKA, shift_id) VALUES ('1008771252', '109');
INSERT IGNORE INTO nurse_shift (AMKA, shift_id) VALUES ('0407765594', '109');
INSERT IGNORE INTO nurse_shift (AMKA, shift_id) VALUES ('0209548455', '109');
INSERT IGNORE INTO nurse_shift (AMKA, shift_id) VALUES ('1408414594', '109');
INSERT IGNORE INTO admin_shift (AMKA, shift_id) VALUES ('2703913336', '109');
INSERT IGNORE INTO admin_shift (AMKA, shift_id) VALUES ('0601887396', '109');
INSERT IGNORE INTO admin_shift (AMKA, shift_id) VALUES ('1311799909', '109');
UPDATE IGNORE shift SET status = TRUE WHERE shift_id = '109';
INSERT IGNORE INTO dept_shift (dept_name, shift_id) VALUES ('Gastroenterology', '109');
INSERT INTO shift (shift_id, day, type) VALUES ('110', '2025-08-15 00:00:00', '15:00-23:00');
INSERT IGNORE INTO doctor_shift (AMKA, shift_id) VALUES ('2911689167', '110');
INSERT IGNORE INTO doctor_shift (AMKA, shift_id) VALUES ('0405403482', '110');
INSERT IGNORE INTO doctor_shift (AMKA, shift_id) VALUES ('1803800903', '110');
INSERT IGNORE INTO nurse_shift (AMKA, shift_id) VALUES ('2404846418', '110');
INSERT IGNORE INTO nurse_shift (AMKA, shift_id) VALUES ('3011818066', '110');
INSERT IGNORE INTO nurse_shift (AMKA, shift_id) VALUES ('0407765594', '110');
INSERT IGNORE INTO nurse_shift (AMKA, shift_id) VALUES ('1008771252', '110');
INSERT IGNORE INTO nurse_shift (AMKA, shift_id) VALUES ('1504406068', '110');
INSERT IGNORE INTO nurse_shift (AMKA, shift_id) VALUES ('1911611265', '110');
INSERT IGNORE INTO nurse_shift (AMKA, shift_id) VALUES ('1403610713', '110');
INSERT IGNORE INTO nurse_shift (AMKA, shift_id) VALUES ('3007957631', '110');
INSERT IGNORE INTO nurse_shift (AMKA, shift_id) VALUES ('0612989649', '110');
INSERT IGNORE INTO nurse_shift (AMKA, shift_id) VALUES ('1801437951', '110');
INSERT IGNORE INTO admin_shift (AMKA, shift_id) VALUES ('1510768908', '110');
INSERT IGNORE INTO admin_shift (AMKA, shift_id) VALUES ('0505466886', '110');
UPDATE IGNORE shift SET status = TRUE WHERE shift_id = '110';
INSERT IGNORE INTO dept_shift (dept_name, shift_id) VALUES ('Gastroenterology', '110');
INSERT INTO shift (shift_id, day, type) VALUES ('111', '2025-12-10 00:00:00', '23:00-07:00');
INSERT IGNORE INTO doctor_shift (AMKA, shift_id) VALUES ('1712008709', '111');
INSERT IGNORE INTO doctor_shift (AMKA, shift_id) VALUES ('0701944806', '111');
INSERT IGNORE INTO doctor_shift (AMKA, shift_id) VALUES ('3008951757', '111');
INSERT IGNORE INTO doctor_shift (AMKA, shift_id) VALUES ('3012598800', '111');
INSERT IGNORE INTO doctor_shift (AMKA, shift_id) VALUES ('0404978442', '111');
INSERT IGNORE INTO doctor_shift (AMKA, shift_id) VALUES ('1908663047', '111');
INSERT IGNORE INTO nurse_shift (AMKA, shift_id) VALUES ('0807914051', '111');
INSERT IGNORE INTO nurse_shift (AMKA, shift_id) VALUES ('2202668306', '111');
INSERT IGNORE INTO nurse_shift (AMKA, shift_id) VALUES ('3006845381', '111');
INSERT IGNORE INTO nurse_shift (AMKA, shift_id) VALUES ('0710837433', '111');
INSERT IGNORE INTO nurse_shift (AMKA, shift_id) VALUES ('2711931843', '111');
INSERT IGNORE INTO nurse_shift (AMKA, shift_id) VALUES ('1210752839', '111');
INSERT IGNORE INTO nurse_shift (AMKA, shift_id) VALUES ('1409799887', '111');
INSERT IGNORE INTO nurse_shift (AMKA, shift_id) VALUES ('3009684644', '111');
INSERT IGNORE INTO nurse_shift (AMKA, shift_id) VALUES ('1410590275', '111');
INSERT IGNORE INTO nurse_shift (AMKA, shift_id) VALUES ('1308752778', '111');
INSERT IGNORE INTO admin_shift (AMKA, shift_id) VALUES ('1209746373', '111');
INSERT IGNORE INTO admin_shift (AMKA, shift_id) VALUES ('0912742757', '111');
INSERT IGNORE INTO admin_shift (AMKA, shift_id) VALUES ('0703651721', '111');
INSERT IGNORE INTO admin_shift (AMKA, shift_id) VALUES ('0205901915', '111');
UPDATE IGNORE shift SET status = TRUE WHERE shift_id = '111';
INSERT IGNORE INTO dept_shift (dept_name, shift_id) VALUES ('Gastroenterology', '111');
INSERT INTO shift (shift_id, day, type) VALUES ('112', '2025-05-16 00:00:00', '23:00-07:00');
INSERT IGNORE INTO doctor_shift (AMKA, shift_id) VALUES ('3012598800', '112');
INSERT IGNORE INTO doctor_shift (AMKA, shift_id) VALUES ('0807736496', '112');
INSERT IGNORE INTO doctor_shift (AMKA, shift_id) VALUES ('0802581734', '112');
INSERT IGNORE INTO doctor_shift (AMKA, shift_id) VALUES ('2106602456', '112');
INSERT IGNORE INTO doctor_shift (AMKA, shift_id) VALUES ('0510600514', '112');
INSERT IGNORE INTO doctor_shift (AMKA, shift_id) VALUES ('1007513743', '112');
INSERT IGNORE INTO doctor_shift (AMKA, shift_id) VALUES ('1209810216', '112');
INSERT IGNORE INTO nurse_shift (AMKA, shift_id) VALUES ('2608415059', '112');
INSERT IGNORE INTO nurse_shift (AMKA, shift_id) VALUES ('1604513215', '112');
INSERT IGNORE INTO nurse_shift (AMKA, shift_id) VALUES ('0710837433', '112');
INSERT IGNORE INTO nurse_shift (AMKA, shift_id) VALUES ('1908566470', '112');
INSERT IGNORE INTO nurse_shift (AMKA, shift_id) VALUES ('1711760995', '112');
INSERT IGNORE INTO nurse_shift (AMKA, shift_id) VALUES ('0609636680', '112');
INSERT IGNORE INTO nurse_shift (AMKA, shift_id) VALUES ('1911832103', '112');
INSERT IGNORE INTO nurse_shift (AMKA, shift_id) VALUES ('1505505773', '112');
INSERT IGNORE INTO nurse_shift (AMKA, shift_id) VALUES ('1806981284', '112');
INSERT IGNORE INTO nurse_shift (AMKA, shift_id) VALUES ('2310744429', '112');
INSERT IGNORE INTO admin_shift (AMKA, shift_id) VALUES ('2811646141', '112');
INSERT IGNORE INTO admin_shift (AMKA, shift_id) VALUES ('0102594389', '112');
INSERT IGNORE INTO admin_shift (AMKA, shift_id) VALUES ('3108581021', '112');
UPDATE IGNORE shift SET status = TRUE WHERE shift_id = '112';
INSERT IGNORE INTO dept_shift (dept_name, shift_id) VALUES ('Gastroenterology', '112');
INSERT INTO shift (shift_id, day, type) VALUES ('113', '2025-09-11 00:00:00', '07:00-15:00');
INSERT IGNORE INTO doctor_shift (AMKA, shift_id) VALUES ('1008990170', '113');
INSERT IGNORE INTO doctor_shift (AMKA, shift_id) VALUES ('1007513743', '113');
INSERT IGNORE INTO doctor_shift (AMKA, shift_id) VALUES ('1402646365', '113');
INSERT IGNORE INTO nurse_shift (AMKA, shift_id) VALUES ('2110703028', '113');
INSERT IGNORE INTO nurse_shift (AMKA, shift_id) VALUES ('2401552006', '113');
INSERT IGNORE INTO nurse_shift (AMKA, shift_id) VALUES ('2608415059', '113');
INSERT IGNORE INTO nurse_shift (AMKA, shift_id) VALUES ('1911611265', '113');
INSERT IGNORE INTO nurse_shift (AMKA, shift_id) VALUES ('2706761470', '113');
INSERT IGNORE INTO nurse_shift (AMKA, shift_id) VALUES ('0812429714', '113');
INSERT IGNORE INTO nurse_shift (AMKA, shift_id) VALUES ('1401961017', '113');
INSERT IGNORE INTO nurse_shift (AMKA, shift_id) VALUES ('0309459375', '113');
INSERT IGNORE INTO nurse_shift (AMKA, shift_id) VALUES ('1504406068', '113');
INSERT IGNORE INTO admin_shift (AMKA, shift_id) VALUES ('0810871867', '113');
INSERT IGNORE INTO admin_shift (AMKA, shift_id) VALUES ('3108581021', '113');
INSERT IGNORE INTO admin_shift (AMKA, shift_id) VALUES ('1711552309', '113');
INSERT IGNORE INTO admin_shift (AMKA, shift_id) VALUES ('1109996077', '113');
UPDATE IGNORE shift SET status = TRUE WHERE shift_id = '113';
INSERT IGNORE INTO dept_shift (dept_name, shift_id) VALUES ('Gastroenterology', '113');
INSERT INTO shift (shift_id, day, type) VALUES ('114', '2026-08-03 00:00:00', '23:00-07:00');
INSERT IGNORE INTO doctor_shift (AMKA, shift_id) VALUES ('0701944806', '114');
INSERT IGNORE INTO doctor_shift (AMKA, shift_id) VALUES ('2404738380', '114');
INSERT IGNORE INTO doctor_shift (AMKA, shift_id) VALUES ('0906651672', '114');
INSERT IGNORE INTO doctor_shift (AMKA, shift_id) VALUES ('2411651898', '114');
INSERT IGNORE INTO doctor_shift (AMKA, shift_id) VALUES ('1109428284', '114');
INSERT IGNORE INTO doctor_shift (AMKA, shift_id) VALUES ('0707820743', '114');
INSERT IGNORE INTO nurse_shift (AMKA, shift_id) VALUES ('2711931843', '114');
INSERT IGNORE INTO nurse_shift (AMKA, shift_id) VALUES ('2910435920', '114');
INSERT IGNORE INTO nurse_shift (AMKA, shift_id) VALUES ('1908647470', '114');
INSERT IGNORE INTO nurse_shift (AMKA, shift_id) VALUES ('2106930406', '114');
INSERT IGNORE INTO nurse_shift (AMKA, shift_id) VALUES ('0412793251', '114');
INSERT IGNORE INTO nurse_shift (AMKA, shift_id) VALUES ('0209548455', '114');
INSERT IGNORE INTO admin_shift (AMKA, shift_id) VALUES ('2303776978', '114');
INSERT IGNORE INTO admin_shift (AMKA, shift_id) VALUES ('0205901915', '114');
INSERT IGNORE INTO admin_shift (AMKA, shift_id) VALUES ('1311799909', '114');
UPDATE IGNORE shift SET status = TRUE WHERE shift_id = '114';
INSERT IGNORE INTO dept_shift (dept_name, shift_id) VALUES ('Gastroenterology', '114');
INSERT INTO shift (shift_id, day, type) VALUES ('115', '2024-01-05 00:00:00', '07:00-15:00');
INSERT IGNORE INTO doctor_shift (AMKA, shift_id) VALUES ('1712008709', '115');
INSERT IGNORE INTO doctor_shift (AMKA, shift_id) VALUES ('2708580170', '115');
INSERT IGNORE INTO doctor_shift (AMKA, shift_id) VALUES ('0410862119', '115');
INSERT IGNORE INTO doctor_shift (AMKA, shift_id) VALUES ('3008951757', '115');
INSERT IGNORE INTO doctor_shift (AMKA, shift_id) VALUES ('1209483269', '115');
INSERT IGNORE INTO doctor_shift (AMKA, shift_id) VALUES ('2402877693', '115');
INSERT IGNORE INTO doctor_shift (AMKA, shift_id) VALUES ('2306446564', '115');
INSERT IGNORE INTO doctor_shift (AMKA, shift_id) VALUES ('2305692753', '115');
INSERT IGNORE INTO nurse_shift (AMKA, shift_id) VALUES ('0106962075', '115');
INSERT IGNORE INTO nurse_shift (AMKA, shift_id) VALUES ('1403610713', '115');
INSERT IGNORE INTO nurse_shift (AMKA, shift_id) VALUES ('3004641635', '115');
INSERT IGNORE INTO nurse_shift (AMKA, shift_id) VALUES ('0807914051', '115');
INSERT IGNORE INTO nurse_shift (AMKA, shift_id) VALUES ('2912929004', '115');
INSERT IGNORE INTO nurse_shift (AMKA, shift_id) VALUES ('2507425872', '115');
INSERT IGNORE INTO nurse_shift (AMKA, shift_id) VALUES ('2612762096', '115');
INSERT IGNORE INTO nurse_shift (AMKA, shift_id) VALUES ('1409799887', '115');
INSERT IGNORE INTO nurse_shift (AMKA, shift_id) VALUES ('1911611265', '115');
INSERT IGNORE INTO admin_shift (AMKA, shift_id) VALUES ('2310523586', '115');
INSERT IGNORE INTO admin_shift (AMKA, shift_id) VALUES ('3009559307', '115');
INSERT IGNORE INTO admin_shift (AMKA, shift_id) VALUES ('2010445485', '115');
UPDATE IGNORE shift SET status = TRUE WHERE shift_id = '115';
INSERT IGNORE INTO dept_shift (dept_name, shift_id) VALUES ('Gastroenterology', '115');
INSERT INTO shift (shift_id, day, type) VALUES ('116', '2026-02-24 00:00:00', '07:00-15:00');
INSERT IGNORE INTO doctor_shift (AMKA, shift_id) VALUES ('2502902231', '116');
INSERT IGNORE INTO doctor_shift (AMKA, shift_id) VALUES ('0103962870', '116');
INSERT IGNORE INTO doctor_shift (AMKA, shift_id) VALUES ('2306446564', '116');
INSERT IGNORE INTO doctor_shift (AMKA, shift_id) VALUES ('2501995986', '116');
INSERT IGNORE INTO doctor_shift (AMKA, shift_id) VALUES ('2010494529', '116');
INSERT IGNORE INTO doctor_shift (AMKA, shift_id) VALUES ('0306542190', '116');
INSERT IGNORE INTO doctor_shift (AMKA, shift_id) VALUES ('0404978442', '116');
INSERT IGNORE INTO nurse_shift (AMKA, shift_id) VALUES ('0710837433', '116');
INSERT IGNORE INTO nurse_shift (AMKA, shift_id) VALUES ('2411954432', '116');
INSERT IGNORE INTO nurse_shift (AMKA, shift_id) VALUES ('1505505773', '116');
INSERT IGNORE INTO nurse_shift (AMKA, shift_id) VALUES ('2601941624', '116');
INSERT IGNORE INTO nurse_shift (AMKA, shift_id) VALUES ('2706761470', '116');
INSERT IGNORE INTO nurse_shift (AMKA, shift_id) VALUES ('0904571046', '116');
INSERT IGNORE INTO nurse_shift (AMKA, shift_id) VALUES ('2612762096', '116');
INSERT IGNORE INTO admin_shift (AMKA, shift_id) VALUES ('0601887396', '116');
INSERT IGNORE INTO admin_shift (AMKA, shift_id) VALUES ('1403488687', '116');
INSERT IGNORE INTO admin_shift (AMKA, shift_id) VALUES ('2010445485', '116');
UPDATE IGNORE shift SET status = TRUE WHERE shift_id = '116';
INSERT IGNORE INTO dept_shift (dept_name, shift_id) VALUES ('Gastroenterology', '116');
INSERT INTO shift (shift_id, day, type) VALUES ('117', '2024-09-13 00:00:00', '23:00-07:00');
INSERT IGNORE INTO doctor_shift (AMKA, shift_id) VALUES ('2411004971', '117');
INSERT IGNORE INTO doctor_shift (AMKA, shift_id) VALUES ('2607905982', '117');
INSERT IGNORE INTO doctor_shift (AMKA, shift_id) VALUES ('0807736496', '117');
INSERT IGNORE INTO doctor_shift (AMKA, shift_id) VALUES ('2203591874', '117');
INSERT IGNORE INTO doctor_shift (AMKA, shift_id) VALUES ('2906627360', '117');
INSERT IGNORE INTO nurse_shift (AMKA, shift_id) VALUES ('1410590275', '117');
INSERT IGNORE INTO nurse_shift (AMKA, shift_id) VALUES ('2811867092', '117');
INSERT IGNORE INTO nurse_shift (AMKA, shift_id) VALUES ('1003436272', '117');
INSERT IGNORE INTO nurse_shift (AMKA, shift_id) VALUES ('1104820571', '117');
INSERT IGNORE INTO nurse_shift (AMKA, shift_id) VALUES ('0309459375', '117');
INSERT IGNORE INTO nurse_shift (AMKA, shift_id) VALUES ('0106962075', '117');
INSERT IGNORE INTO nurse_shift (AMKA, shift_id) VALUES ('2007568464', '117');
INSERT IGNORE INTO nurse_shift (AMKA, shift_id) VALUES ('0807809157', '117');
INSERT IGNORE INTO nurse_shift (AMKA, shift_id) VALUES ('1806532334', '117');
INSERT IGNORE INTO admin_shift (AMKA, shift_id) VALUES ('0601887396', '117');
INSERT IGNORE INTO admin_shift (AMKA, shift_id) VALUES ('0810871867', '117');
INSERT IGNORE INTO admin_shift (AMKA, shift_id) VALUES ('1311799909', '117');
UPDATE IGNORE shift SET status = TRUE WHERE shift_id = '117';
INSERT IGNORE INTO dept_shift (dept_name, shift_id) VALUES ('Gastroenterology', '117');
INSERT INTO shift (shift_id, day, type) VALUES ('118', '2024-08-05 00:00:00', '23:00-07:00');
INSERT IGNORE INTO doctor_shift (AMKA, shift_id) VALUES ('0405994014', '118');
INSERT IGNORE INTO doctor_shift (AMKA, shift_id) VALUES ('3108788705', '118');
INSERT IGNORE INTO doctor_shift (AMKA, shift_id) VALUES ('1209810216', '118');
INSERT IGNORE INTO doctor_shift (AMKA, shift_id) VALUES ('0706543302', '118');
INSERT IGNORE INTO doctor_shift (AMKA, shift_id) VALUES ('2801830092', '118');
INSERT IGNORE INTO doctor_shift (AMKA, shift_id) VALUES ('2305633067', '118');
INSERT IGNORE INTO doctor_shift (AMKA, shift_id) VALUES ('0103962870', '118');
INSERT IGNORE INTO nurse_shift (AMKA, shift_id) VALUES ('0407765594', '118');
INSERT IGNORE INTO nurse_shift (AMKA, shift_id) VALUES ('1911611265', '118');
INSERT IGNORE INTO nurse_shift (AMKA, shift_id) VALUES ('2209951799', '118');
INSERT IGNORE INTO nurse_shift (AMKA, shift_id) VALUES ('1403610713', '118');
INSERT IGNORE INTO nurse_shift (AMKA, shift_id) VALUES ('0709669147', '118');
INSERT IGNORE INTO nurse_shift (AMKA, shift_id) VALUES ('0604638601', '118');
INSERT IGNORE INTO nurse_shift (AMKA, shift_id) VALUES ('2106930406', '118');
INSERT IGNORE INTO nurse_shift (AMKA, shift_id) VALUES ('0804762436', '118');
INSERT IGNORE INTO nurse_shift (AMKA, shift_id) VALUES ('2208482039', '118');
INSERT IGNORE INTO nurse_shift (AMKA, shift_id) VALUES ('2403611622', '118');
INSERT IGNORE INTO admin_shift (AMKA, shift_id) VALUES ('2703913336', '118');
INSERT IGNORE INTO admin_shift (AMKA, shift_id) VALUES ('0810459550', '118');
INSERT IGNORE INTO admin_shift (AMKA, shift_id) VALUES ('0201483619', '118');
INSERT IGNORE INTO admin_shift (AMKA, shift_id) VALUES ('0403889907', '118');
UPDATE IGNORE shift SET status = TRUE WHERE shift_id = '118';
INSERT IGNORE INTO dept_shift (dept_name, shift_id) VALUES ('General surgery', '118');
INSERT INTO shift (shift_id, day, type) VALUES ('119', '2024-07-06 00:00:00', '15:00-23:00');
INSERT IGNORE INTO doctor_shift (AMKA, shift_id) VALUES ('2404738380', '119');
INSERT IGNORE INTO doctor_shift (AMKA, shift_id) VALUES ('2203591874', '119');
INSERT IGNORE INTO doctor_shift (AMKA, shift_id) VALUES ('2305692753', '119');
INSERT IGNORE INTO doctor_shift (AMKA, shift_id) VALUES ('2911689167', '119');
INSERT IGNORE INTO doctor_shift (AMKA, shift_id) VALUES ('1209810216', '119');
INSERT IGNORE INTO doctor_shift (AMKA, shift_id) VALUES ('1912455789', '119');
INSERT IGNORE INTO doctor_shift (AMKA, shift_id) VALUES ('1301429404', '119');
INSERT IGNORE INTO doctor_shift (AMKA, shift_id) VALUES ('0410862119', '119');
INSERT IGNORE INTO nurse_shift (AMKA, shift_id) VALUES ('2901593818', '119');
INSERT IGNORE INTO nurse_shift (AMKA, shift_id) VALUES ('1410001291', '119');
INSERT IGNORE INTO nurse_shift (AMKA, shift_id) VALUES ('0705726850', '119');
INSERT IGNORE INTO nurse_shift (AMKA, shift_id) VALUES ('2601941624', '119');
INSERT IGNORE INTO nurse_shift (AMKA, shift_id) VALUES ('2106697427', '119');
INSERT IGNORE INTO nurse_shift (AMKA, shift_id) VALUES ('3103488159', '119');
INSERT IGNORE INTO nurse_shift (AMKA, shift_id) VALUES ('0804762436', '119');
INSERT IGNORE INTO nurse_shift (AMKA, shift_id) VALUES ('1308752778', '119');
INSERT IGNORE INTO nurse_shift (AMKA, shift_id) VALUES ('1808626992', '119');
INSERT IGNORE INTO admin_shift (AMKA, shift_id) VALUES ('0508766025', '119');
INSERT IGNORE INTO admin_shift (AMKA, shift_id) VALUES ('0304601041', '119');
INSERT IGNORE INTO admin_shift (AMKA, shift_id) VALUES ('2901826359', '119');
UPDATE IGNORE shift SET status = TRUE WHERE shift_id = '119';
INSERT IGNORE INTO dept_shift (dept_name, shift_id) VALUES ('General surgery', '119');
INSERT INTO shift (shift_id, day, type) VALUES ('120', '2026-12-04 00:00:00', '15:00-23:00');
INSERT IGNORE INTO doctor_shift (AMKA, shift_id) VALUES ('1301429404', '120');
INSERT IGNORE INTO doctor_shift (AMKA, shift_id) VALUES ('2809979050', '120');
INSERT IGNORE INTO doctor_shift (AMKA, shift_id) VALUES ('2801897549', '120');
INSERT IGNORE INTO doctor_shift (AMKA, shift_id) VALUES ('2402877693', '120');
INSERT IGNORE INTO doctor_shift (AMKA, shift_id) VALUES ('1009974497', '120');
INSERT IGNORE INTO doctor_shift (AMKA, shift_id) VALUES ('2411651898', '120');
INSERT IGNORE INTO nurse_shift (AMKA, shift_id) VALUES ('1210752839', '120');
INSERT IGNORE INTO nurse_shift (AMKA, shift_id) VALUES ('2209951799', '120');
INSERT IGNORE INTO nurse_shift (AMKA, shift_id) VALUES ('0706813720', '120');
INSERT IGNORE INTO nurse_shift (AMKA, shift_id) VALUES ('2711931843', '120');
INSERT IGNORE INTO nurse_shift (AMKA, shift_id) VALUES ('2412005893', '120');
INSERT IGNORE INTO nurse_shift (AMKA, shift_id) VALUES ('2404846418', '120');
INSERT IGNORE INTO nurse_shift (AMKA, shift_id) VALUES ('1806981284', '120');
INSERT IGNORE INTO admin_shift (AMKA, shift_id) VALUES ('1910579614', '120');
INSERT IGNORE INTO admin_shift (AMKA, shift_id) VALUES ('0205901915', '120');
INSERT IGNORE INTO admin_shift (AMKA, shift_id) VALUES ('1405405087', '120');
INSERT IGNORE INTO admin_shift (AMKA, shift_id) VALUES ('2310523586', '120');
UPDATE IGNORE shift SET status = TRUE WHERE shift_id = '120';
INSERT IGNORE INTO dept_shift (dept_name, shift_id) VALUES ('General surgery', '120');
INSERT INTO shift (shift_id, day, type) VALUES ('121', '2025-10-13 00:00:00', '15:00-23:00');
INSERT IGNORE INTO doctor_shift (AMKA, shift_id) VALUES ('2801897549', '121');
INSERT IGNORE INTO doctor_shift (AMKA, shift_id) VALUES ('0405403482', '121');
INSERT IGNORE INTO doctor_shift (AMKA, shift_id) VALUES ('2306446564', '121');
INSERT IGNORE INTO doctor_shift (AMKA, shift_id) VALUES ('0202939499', '121');
INSERT IGNORE INTO nurse_shift (AMKA, shift_id) VALUES ('2604879705', '121');
INSERT IGNORE INTO nurse_shift (AMKA, shift_id) VALUES ('0201878050', '121');
INSERT IGNORE INTO nurse_shift (AMKA, shift_id) VALUES ('1210752839', '121');
INSERT IGNORE INTO nurse_shift (AMKA, shift_id) VALUES ('2208482039', '121');
INSERT IGNORE INTO nurse_shift (AMKA, shift_id) VALUES ('1005529092', '121');
INSERT IGNORE INTO nurse_shift (AMKA, shift_id) VALUES ('0812429714', '121');
INSERT IGNORE INTO nurse_shift (AMKA, shift_id) VALUES ('1308752778', '121');
INSERT IGNORE INTO nurse_shift (AMKA, shift_id) VALUES ('1005673097', '121');
INSERT IGNORE INTO nurse_shift (AMKA, shift_id) VALUES ('3101766130', '121');
INSERT IGNORE INTO nurse_shift (AMKA, shift_id) VALUES ('0106962075', '121');
INSERT IGNORE INTO admin_shift (AMKA, shift_id) VALUES ('1109996077', '121');
INSERT IGNORE INTO admin_shift (AMKA, shift_id) VALUES ('0205901915', '121');
INSERT IGNORE INTO admin_shift (AMKA, shift_id) VALUES ('1510768908', '121');
INSERT IGNORE INTO admin_shift (AMKA, shift_id) VALUES ('1105817332', '121');
UPDATE IGNORE shift SET status = TRUE WHERE shift_id = '121';
INSERT IGNORE INTO dept_shift (dept_name, shift_id) VALUES ('General surgery', '121');
INSERT INTO shift (shift_id, day, type) VALUES ('122', '2025-03-02 00:00:00', '23:00-07:00');
INSERT IGNORE INTO doctor_shift (AMKA, shift_id) VALUES ('0405403482', '122');
INSERT IGNORE INTO doctor_shift (AMKA, shift_id) VALUES ('2010494529', '122');
INSERT IGNORE INTO doctor_shift (AMKA, shift_id) VALUES ('1008990170', '122');
INSERT IGNORE INTO doctor_shift (AMKA, shift_id) VALUES ('0111689660', '122');
INSERT IGNORE INTO doctor_shift (AMKA, shift_id) VALUES ('1402646365', '122');
INSERT IGNORE INTO doctor_shift (AMKA, shift_id) VALUES ('2501995986', '122');
INSERT IGNORE INTO doctor_shift (AMKA, shift_id) VALUES ('2003609278', '122');
INSERT IGNORE INTO doctor_shift (AMKA, shift_id) VALUES ('2502902231', '122');
INSERT IGNORE INTO nurse_shift (AMKA, shift_id) VALUES ('2411954432', '122');
INSERT IGNORE INTO nurse_shift (AMKA, shift_id) VALUES ('3103488159', '122');
INSERT IGNORE INTO nurse_shift (AMKA, shift_id) VALUES ('3004641635', '122');
INSERT IGNORE INTO nurse_shift (AMKA, shift_id) VALUES ('2110703028', '122');
INSERT IGNORE INTO nurse_shift (AMKA, shift_id) VALUES ('1410001291', '122');
INSERT IGNORE INTO nurse_shift (AMKA, shift_id) VALUES ('0907972518', '122');
INSERT IGNORE INTO nurse_shift (AMKA, shift_id) VALUES ('0706774178', '122');
INSERT IGNORE INTO nurse_shift (AMKA, shift_id) VALUES ('0407765594', '122');
INSERT IGNORE INTO nurse_shift (AMKA, shift_id) VALUES ('2510897021', '122');
INSERT IGNORE INTO nurse_shift (AMKA, shift_id) VALUES ('2310744429', '122');
INSERT IGNORE INTO admin_shift (AMKA, shift_id) VALUES ('2010445485', '122');
INSERT IGNORE INTO admin_shift (AMKA, shift_id) VALUES ('0503752616', '122');
UPDATE IGNORE shift SET status = TRUE WHERE shift_id = '122';
INSERT IGNORE INTO dept_shift (dept_name, shift_id) VALUES ('General surgery', '122');
INSERT INTO shift (shift_id, day, type) VALUES ('123', '2026-06-01 00:00:00', '23:00-07:00');
INSERT IGNORE INTO doctor_shift (AMKA, shift_id) VALUES ('2609009896', '123');
INSERT IGNORE INTO doctor_shift (AMKA, shift_id) VALUES ('0307549248', '123');
INSERT IGNORE INTO doctor_shift (AMKA, shift_id) VALUES ('1705602559', '123');
INSERT IGNORE INTO nurse_shift (AMKA, shift_id) VALUES ('3007957631', '123');
INSERT IGNORE INTO nurse_shift (AMKA, shift_id) VALUES ('1801437951', '123');
INSERT IGNORE INTO nurse_shift (AMKA, shift_id) VALUES ('0201878050', '123');
INSERT IGNORE INTO nurse_shift (AMKA, shift_id) VALUES ('0309459375', '123');
INSERT IGNORE INTO nurse_shift (AMKA, shift_id) VALUES ('0206841343', '123');
INSERT IGNORE INTO nurse_shift (AMKA, shift_id) VALUES ('2507425872', '123');
INSERT IGNORE INTO admin_shift (AMKA, shift_id) VALUES ('1503705648', '123');
INSERT IGNORE INTO admin_shift (AMKA, shift_id) VALUES ('1510768908', '123');
INSERT IGNORE INTO admin_shift (AMKA, shift_id) VALUES ('2605932179', '123');
UPDATE IGNORE shift SET status = TRUE WHERE shift_id = '123';
INSERT IGNORE INTO dept_shift (dept_name, shift_id) VALUES ('General surgery', '123');
INSERT INTO shift (shift_id, day, type) VALUES ('124', '2024-12-31 00:00:00', '23:00-07:00');
INSERT IGNORE INTO doctor_shift (AMKA, shift_id) VALUES ('3110765587', '124');
INSERT IGNORE INTO doctor_shift (AMKA, shift_id) VALUES ('2910956816', '124');
INSERT IGNORE INTO doctor_shift (AMKA, shift_id) VALUES ('1808559940', '124');
INSERT IGNORE INTO doctor_shift (AMKA, shift_id) VALUES ('1108642138', '124');
INSERT IGNORE INTO doctor_shift (AMKA, shift_id) VALUES ('1009974497', '124');
INSERT IGNORE INTO nurse_shift (AMKA, shift_id) VALUES ('2612729603', '124');
INSERT IGNORE INTO nurse_shift (AMKA, shift_id) VALUES ('1005529092', '124');
INSERT IGNORE INTO nurse_shift (AMKA, shift_id) VALUES ('0705726850', '124');
INSERT IGNORE INTO nurse_shift (AMKA, shift_id) VALUES ('2208482039', '124');
INSERT IGNORE INTO nurse_shift (AMKA, shift_id) VALUES ('1806532334', '124');
INSERT IGNORE INTO nurse_shift (AMKA, shift_id) VALUES ('1403610713', '124');
INSERT IGNORE INTO admin_shift (AMKA, shift_id) VALUES ('1403488687', '124');
INSERT IGNORE INTO admin_shift (AMKA, shift_id) VALUES ('1109996077', '124');
INSERT IGNORE INTO admin_shift (AMKA, shift_id) VALUES ('0605578164', '124');
INSERT IGNORE INTO admin_shift (AMKA, shift_id) VALUES ('0812426773', '124');
UPDATE IGNORE shift SET status = TRUE WHERE shift_id = '124';
INSERT IGNORE INTO dept_shift (dept_name, shift_id) VALUES ('General surgery', '124');
INSERT INTO shift (shift_id, day, type) VALUES ('125', '2024-01-29 00:00:00', '23:00-07:00');
INSERT IGNORE INTO doctor_shift (AMKA, shift_id) VALUES ('1402646365', '125');
INSERT IGNORE INTO doctor_shift (AMKA, shift_id) VALUES ('0807736496', '125');
INSERT IGNORE INTO doctor_shift (AMKA, shift_id) VALUES ('2911689167', '125');
INSERT IGNORE INTO doctor_shift (AMKA, shift_id) VALUES ('3012598800', '125');
INSERT IGNORE INTO doctor_shift (AMKA, shift_id) VALUES ('1908663047', '125');
INSERT IGNORE INTO nurse_shift (AMKA, shift_id) VALUES ('2208482039', '125');
INSERT IGNORE INTO nurse_shift (AMKA, shift_id) VALUES ('1210752839', '125');
INSERT IGNORE INTO nurse_shift (AMKA, shift_id) VALUES ('1403610713', '125');
INSERT IGNORE INTO nurse_shift (AMKA, shift_id) VALUES ('3004938343', '125');
INSERT IGNORE INTO nurse_shift (AMKA, shift_id) VALUES ('3103488159', '125');
INSERT IGNORE INTO nurse_shift (AMKA, shift_id) VALUES ('0904571046', '125');
INSERT IGNORE INTO nurse_shift (AMKA, shift_id) VALUES ('2310744429', '125');
INSERT IGNORE INTO nurse_shift (AMKA, shift_id) VALUES ('1510663927', '125');
INSERT IGNORE INTO nurse_shift (AMKA, shift_id) VALUES ('0812429714', '125');
INSERT IGNORE INTO admin_shift (AMKA, shift_id) VALUES ('0503752616', '125');
INSERT IGNORE INTO admin_shift (AMKA, shift_id) VALUES ('0205901915', '125');
INSERT IGNORE INTO admin_shift (AMKA, shift_id) VALUES ('2703913336', '125');
UPDATE IGNORE shift SET status = TRUE WHERE shift_id = '125';
INSERT IGNORE INTO dept_shift (dept_name, shift_id) VALUES ('General surgery', '125');
INSERT INTO shift (shift_id, day, type) VALUES ('126', '2024-09-25 00:00:00', '07:00-15:00');
INSERT IGNORE INTO doctor_shift (AMKA, shift_id) VALUES ('0708733889', '126');
INSERT IGNORE INTO doctor_shift (AMKA, shift_id) VALUES ('3012509660', '126');
INSERT IGNORE INTO doctor_shift (AMKA, shift_id) VALUES ('1611621504', '126');
INSERT IGNORE INTO doctor_shift (AMKA, shift_id) VALUES ('0202939499', '126');
INSERT IGNORE INTO doctor_shift (AMKA, shift_id) VALUES ('1402646365', '126');
INSERT IGNORE INTO nurse_shift (AMKA, shift_id) VALUES ('1911832103', '126');
INSERT IGNORE INTO nurse_shift (AMKA, shift_id) VALUES ('0508623869', '126');
INSERT IGNORE INTO nurse_shift (AMKA, shift_id) VALUES ('0904571046', '126');
INSERT IGNORE INTO nurse_shift (AMKA, shift_id) VALUES ('2507425872', '126');
INSERT IGNORE INTO nurse_shift (AMKA, shift_id) VALUES ('0604638601', '126');
INSERT IGNORE INTO nurse_shift (AMKA, shift_id) VALUES ('1003436272', '126');
INSERT IGNORE INTO nurse_shift (AMKA, shift_id) VALUES ('0106962075', '126');
INSERT IGNORE INTO nurse_shift (AMKA, shift_id) VALUES ('0804762436', '126');
INSERT IGNORE INTO nurse_shift (AMKA, shift_id) VALUES ('2411954432', '126');
INSERT IGNORE INTO nurse_shift (AMKA, shift_id) VALUES ('1711760995', '126');
INSERT IGNORE INTO admin_shift (AMKA, shift_id) VALUES ('1701751366', '126');
INSERT IGNORE INTO admin_shift (AMKA, shift_id) VALUES ('0503752616', '126');
INSERT IGNORE INTO admin_shift (AMKA, shift_id) VALUES ('1403488687', '126');
UPDATE IGNORE shift SET status = TRUE WHERE shift_id = '126';
INSERT IGNORE INTO dept_shift (dept_name, shift_id) VALUES ('General surgery', '126');
INSERT INTO shift (shift_id, day, type) VALUES ('127', '2024-12-30 00:00:00', '23:00-07:00');
INSERT IGNORE INTO doctor_shift (AMKA, shift_id) VALUES ('2801830092', '127');
INSERT IGNORE INTO doctor_shift (AMKA, shift_id) VALUES ('1207427571', '127');
INSERT IGNORE INTO doctor_shift (AMKA, shift_id) VALUES ('0405994014', '127');
INSERT IGNORE INTO doctor_shift (AMKA, shift_id) VALUES ('2411004971', '127');
INSERT IGNORE INTO doctor_shift (AMKA, shift_id) VALUES ('2906540192', '127');
INSERT IGNORE INTO doctor_shift (AMKA, shift_id) VALUES ('2306446564', '127');
INSERT IGNORE INTO doctor_shift (AMKA, shift_id) VALUES ('2501995986', '127');
INSERT IGNORE INTO doctor_shift (AMKA, shift_id) VALUES ('0111689660', '127');
INSERT IGNORE INTO nurse_shift (AMKA, shift_id) VALUES ('2208482039', '127');
INSERT IGNORE INTO nurse_shift (AMKA, shift_id) VALUES ('2412005893', '127');
INSERT IGNORE INTO nurse_shift (AMKA, shift_id) VALUES ('0104472353', '127');
INSERT IGNORE INTO nurse_shift (AMKA, shift_id) VALUES ('1008771252', '127');
INSERT IGNORE INTO nurse_shift (AMKA, shift_id) VALUES ('1911832103', '127');
INSERT IGNORE INTO nurse_shift (AMKA, shift_id) VALUES ('0612989649', '127');
INSERT IGNORE INTO nurse_shift (AMKA, shift_id) VALUES ('0609636680', '127');
INSERT IGNORE INTO nurse_shift (AMKA, shift_id) VALUES ('3105850934', '127');
INSERT IGNORE INTO nurse_shift (AMKA, shift_id) VALUES ('1104820571', '127');
INSERT IGNORE INTO nurse_shift (AMKA, shift_id) VALUES ('2507425872', '127');
INSERT IGNORE INTO admin_shift (AMKA, shift_id) VALUES ('1109996077', '127');
INSERT IGNORE INTO admin_shift (AMKA, shift_id) VALUES ('0102594389', '127');
INSERT IGNORE INTO admin_shift (AMKA, shift_id) VALUES ('1805714774', '127');
INSERT IGNORE INTO admin_shift (AMKA, shift_id) VALUES ('2901826359', '127');
UPDATE IGNORE shift SET status = TRUE WHERE shift_id = '127';
INSERT IGNORE INTO dept_shift (dept_name, shift_id) VALUES ('General surgery', '127');
INSERT INTO shift (shift_id, day, type) VALUES ('128', '2026-04-05 00:00:00', '23:00-07:00');
INSERT IGNORE INTO doctor_shift (AMKA, shift_id) VALUES ('1808559940', '128');
INSERT IGNORE INTO doctor_shift (AMKA, shift_id) VALUES ('0902609962', '128');
INSERT IGNORE INTO doctor_shift (AMKA, shift_id) VALUES ('0706543302', '128');
INSERT IGNORE INTO doctor_shift (AMKA, shift_id) VALUES ('2003609278', '128');
INSERT IGNORE INTO doctor_shift (AMKA, shift_id) VALUES ('2910956816', '128');
INSERT IGNORE INTO nurse_shift (AMKA, shift_id) VALUES ('0104472353', '128');
INSERT IGNORE INTO nurse_shift (AMKA, shift_id) VALUES ('3006845381', '128');
INSERT IGNORE INTO nurse_shift (AMKA, shift_id) VALUES ('0710837433', '128');
INSERT IGNORE INTO nurse_shift (AMKA, shift_id) VALUES ('0407765594', '128');
INSERT IGNORE INTO nurse_shift (AMKA, shift_id) VALUES ('3103488159', '128');
INSERT IGNORE INTO nurse_shift (AMKA, shift_id) VALUES ('1210752839', '128');
INSERT IGNORE INTO nurse_shift (AMKA, shift_id) VALUES ('2106930406', '128');
INSERT IGNORE INTO nurse_shift (AMKA, shift_id) VALUES ('0604638601', '128');
INSERT IGNORE INTO nurse_shift (AMKA, shift_id) VALUES ('1908647470', '128');
INSERT IGNORE INTO admin_shift (AMKA, shift_id) VALUES ('0205901915', '128');
INSERT IGNORE INTO admin_shift (AMKA, shift_id) VALUES ('0812426773', '128');
INSERT IGNORE INTO admin_shift (AMKA, shift_id) VALUES ('0912742757', '128');
UPDATE IGNORE shift SET status = TRUE WHERE shift_id = '128';
INSERT IGNORE INTO dept_shift (dept_name, shift_id) VALUES ('General surgery', '128');
INSERT INTO shift (shift_id, day, type) VALUES ('129', '2025-01-20 00:00:00', '15:00-23:00');
INSERT IGNORE INTO doctor_shift (AMKA, shift_id) VALUES ('2402877693', '129');
INSERT IGNORE INTO doctor_shift (AMKA, shift_id) VALUES ('2203591874', '129');
INSERT IGNORE INTO doctor_shift (AMKA, shift_id) VALUES ('2311474214', '129');
INSERT IGNORE INTO doctor_shift (AMKA, shift_id) VALUES ('0103962870', '129');
INSERT IGNORE INTO nurse_shift (AMKA, shift_id) VALUES ('0709669147', '129');
INSERT IGNORE INTO nurse_shift (AMKA, shift_id) VALUES ('1911832103', '129');
INSERT IGNORE INTO nurse_shift (AMKA, shift_id) VALUES ('1504406068', '129');
INSERT IGNORE INTO nurse_shift (AMKA, shift_id) VALUES ('2604879705', '129');
INSERT IGNORE INTO nurse_shift (AMKA, shift_id) VALUES ('1908566470', '129');
INSERT IGNORE INTO nurse_shift (AMKA, shift_id) VALUES ('2106930406', '129');
INSERT IGNORE INTO nurse_shift (AMKA, shift_id) VALUES ('2706761470', '129');
INSERT IGNORE INTO nurse_shift (AMKA, shift_id) VALUES ('0706813720', '129');
INSERT IGNORE INTO admin_shift (AMKA, shift_id) VALUES ('3108581021', '129');
INSERT IGNORE INTO admin_shift (AMKA, shift_id) VALUES ('1109996077', '129');
INSERT IGNORE INTO admin_shift (AMKA, shift_id) VALUES ('1209746373', '129');
INSERT IGNORE INTO admin_shift (AMKA, shift_id) VALUES ('0703960983', '129');
UPDATE IGNORE shift SET status = TRUE WHERE shift_id = '129';
INSERT IGNORE INTO dept_shift (dept_name, shift_id) VALUES ('General surgery', '129');
INSERT INTO shift (shift_id, day, type) VALUES ('130', '2026-01-09 00:00:00', '23:00-07:00');
INSERT IGNORE INTO doctor_shift (AMKA, shift_id) VALUES ('1611621504', '130');
INSERT IGNORE INTO doctor_shift (AMKA, shift_id) VALUES ('0312964109', '130');
INSERT IGNORE INTO doctor_shift (AMKA, shift_id) VALUES ('1109428284', '130');
INSERT IGNORE INTO doctor_shift (AMKA, shift_id) VALUES ('1112753348', '130');
INSERT IGNORE INTO doctor_shift (AMKA, shift_id) VALUES ('2203591874', '130');
INSERT IGNORE INTO doctor_shift (AMKA, shift_id) VALUES ('2402877693', '130');
INSERT IGNORE INTO nurse_shift (AMKA, shift_id) VALUES ('2209951799', '130');
INSERT IGNORE INTO nurse_shift (AMKA, shift_id) VALUES ('2912929004', '130');
INSERT IGNORE INTO nurse_shift (AMKA, shift_id) VALUES ('2612762096', '130');
INSERT IGNORE INTO nurse_shift (AMKA, shift_id) VALUES ('0106962075', '130');
INSERT IGNORE INTO nurse_shift (AMKA, shift_id) VALUES ('1505505773', '130');
INSERT IGNORE INTO nurse_shift (AMKA, shift_id) VALUES ('0412793251', '130');
INSERT IGNORE INTO admin_shift (AMKA, shift_id) VALUES ('0605578164', '130');
INSERT IGNORE INTO admin_shift (AMKA, shift_id) VALUES ('1907745998', '130');
INSERT IGNORE INTO admin_shift (AMKA, shift_id) VALUES ('0707666244', '130');
INSERT IGNORE INTO admin_shift (AMKA, shift_id) VALUES ('1701751366', '130');
UPDATE IGNORE shift SET status = TRUE WHERE shift_id = '130';
INSERT IGNORE INTO dept_shift (dept_name, shift_id) VALUES ('General surgery', '130');
INSERT INTO shift (shift_id, day, type) VALUES ('131', '2024-10-14 00:00:00', '15:00-23:00');
INSERT IGNORE INTO doctor_shift (AMKA, shift_id) VALUES ('2910450715', '131');
INSERT IGNORE INTO doctor_shift (AMKA, shift_id) VALUES ('2106602456', '131');
INSERT IGNORE INTO doctor_shift (AMKA, shift_id) VALUES ('2311474214', '131');
INSERT IGNORE INTO nurse_shift (AMKA, shift_id) VALUES ('1005405863', '131');
INSERT IGNORE INTO nurse_shift (AMKA, shift_id) VALUES ('2110703028', '131');
INSERT IGNORE INTO nurse_shift (AMKA, shift_id) VALUES ('1908566470', '131');
INSERT IGNORE INTO nurse_shift (AMKA, shift_id) VALUES ('0709669147', '131');
INSERT IGNORE INTO nurse_shift (AMKA, shift_id) VALUES ('3004938343', '131');
INSERT IGNORE INTO nurse_shift (AMKA, shift_id) VALUES ('1206677028', '131');
INSERT IGNORE INTO nurse_shift (AMKA, shift_id) VALUES ('1908647470', '131');
INSERT IGNORE INTO nurse_shift (AMKA, shift_id) VALUES ('0706774178', '131');
INSERT IGNORE INTO nurse_shift (AMKA, shift_id) VALUES ('2209951799', '131');
INSERT IGNORE INTO admin_shift (AMKA, shift_id) VALUES ('1105817332', '131');
INSERT IGNORE INTO admin_shift (AMKA, shift_id) VALUES ('1209746373', '131');
INSERT IGNORE INTO admin_shift (AMKA, shift_id) VALUES ('0703651721', '131');
UPDATE IGNORE shift SET status = TRUE WHERE shift_id = '131';
INSERT IGNORE INTO dept_shift (dept_name, shift_id) VALUES ('General surgery', '131');
INSERT INTO shift (shift_id, day, type) VALUES ('132', '2025-05-05 00:00:00', '15:00-23:00');
INSERT IGNORE INTO doctor_shift (AMKA, shift_id) VALUES ('3012870045', '132');
INSERT IGNORE INTO doctor_shift (AMKA, shift_id) VALUES ('1112753348', '132');
INSERT IGNORE INTO doctor_shift (AMKA, shift_id) VALUES ('0402587115', '132');
INSERT IGNORE INTO doctor_shift (AMKA, shift_id) VALUES ('2710919774', '132');
INSERT IGNORE INTO doctor_shift (AMKA, shift_id) VALUES ('1908663047', '132');
INSERT IGNORE INTO doctor_shift (AMKA, shift_id) VALUES ('2906540192', '132');
INSERT IGNORE INTO nurse_shift (AMKA, shift_id) VALUES ('1104820571', '132');
INSERT IGNORE INTO nurse_shift (AMKA, shift_id) VALUES ('1409799887', '132');
INSERT IGNORE INTO nurse_shift (AMKA, shift_id) VALUES ('0609636680', '132');
INSERT IGNORE INTO nurse_shift (AMKA, shift_id) VALUES ('1604513215', '132');
INSERT IGNORE INTO nurse_shift (AMKA, shift_id) VALUES ('0812429714', '132');
INSERT IGNORE INTO nurse_shift (AMKA, shift_id) VALUES ('1210752839', '132');
INSERT IGNORE INTO nurse_shift (AMKA, shift_id) VALUES ('2104656720', '132');
INSERT IGNORE INTO nurse_shift (AMKA, shift_id) VALUES ('1801437951', '132');
INSERT IGNORE INTO nurse_shift (AMKA, shift_id) VALUES ('1308752778', '132');
INSERT IGNORE INTO admin_shift (AMKA, shift_id) VALUES ('3108581021', '132');
INSERT IGNORE INTO admin_shift (AMKA, shift_id) VALUES ('0503752616', '132');
INSERT IGNORE INTO admin_shift (AMKA, shift_id) VALUES ('2604773268', '132');
INSERT IGNORE INTO admin_shift (AMKA, shift_id) VALUES ('2811646141', '132');
UPDATE IGNORE shift SET status = TRUE WHERE shift_id = '132';
INSERT IGNORE INTO dept_shift (dept_name, shift_id) VALUES ('General surgery', '132');
INSERT INTO shift (shift_id, day, type) VALUES ('133', '2026-09-28 00:00:00', '07:00-15:00');
INSERT IGNORE INTO doctor_shift (AMKA, shift_id) VALUES ('3012509660', '133');
INSERT IGNORE INTO doctor_shift (AMKA, shift_id) VALUES ('0402587115', '133');
INSERT IGNORE INTO doctor_shift (AMKA, shift_id) VALUES ('2801830092', '133');
INSERT IGNORE INTO doctor_shift (AMKA, shift_id) VALUES ('2111532740', '133');
INSERT IGNORE INTO doctor_shift (AMKA, shift_id) VALUES ('3108788705', '133');
INSERT IGNORE INTO nurse_shift (AMKA, shift_id) VALUES ('1908647470', '133');
INSERT IGNORE INTO nurse_shift (AMKA, shift_id) VALUES ('0309459375', '133');
INSERT IGNORE INTO nurse_shift (AMKA, shift_id) VALUES ('1808626992', '133');
INSERT IGNORE INTO nurse_shift (AMKA, shift_id) VALUES ('2106930406', '133');
INSERT IGNORE INTO nurse_shift (AMKA, shift_id) VALUES ('2601941624', '133');
INSERT IGNORE INTO nurse_shift (AMKA, shift_id) VALUES ('2404846418', '133');
INSERT IGNORE INTO nurse_shift (AMKA, shift_id) VALUES ('1210752839', '133');
INSERT IGNORE INTO nurse_shift (AMKA, shift_id) VALUES ('2811867092', '133');
INSERT IGNORE INTO admin_shift (AMKA, shift_id) VALUES ('1405405087', '133');
INSERT IGNORE INTO admin_shift (AMKA, shift_id) VALUES ('0810871867', '133');
INSERT IGNORE INTO admin_shift (AMKA, shift_id) VALUES ('2010445485', '133');
UPDATE IGNORE shift SET status = TRUE WHERE shift_id = '133';
INSERT IGNORE INTO dept_shift (dept_name, shift_id) VALUES ('General surgery', '133');
INSERT INTO shift (shift_id, day, type) VALUES ('134', '2026-11-19 00:00:00', '15:00-23:00');
INSERT IGNORE INTO doctor_shift (AMKA, shift_id) VALUES ('0906651672', '134');
INSERT IGNORE INTO doctor_shift (AMKA, shift_id) VALUES ('0701944806', '134');
INSERT IGNORE INTO doctor_shift (AMKA, shift_id) VALUES ('1908663047', '134');
INSERT IGNORE INTO doctor_shift (AMKA, shift_id) VALUES ('1712008709', '134');
INSERT IGNORE INTO doctor_shift (AMKA, shift_id) VALUES ('1108642138', '134');
INSERT IGNORE INTO doctor_shift (AMKA, shift_id) VALUES ('1502550745', '134');
INSERT IGNORE INTO doctor_shift (AMKA, shift_id) VALUES ('2607905982', '134');
INSERT IGNORE INTO nurse_shift (AMKA, shift_id) VALUES ('1006547847', '134');
INSERT IGNORE INTO nurse_shift (AMKA, shift_id) VALUES ('3101766130', '134');
INSERT IGNORE INTO nurse_shift (AMKA, shift_id) VALUES ('1008771252', '134');
INSERT IGNORE INTO nurse_shift (AMKA, shift_id) VALUES ('0209548455', '134');
INSERT IGNORE INTO nurse_shift (AMKA, shift_id) VALUES ('1504406068', '134');
INSERT IGNORE INTO nurse_shift (AMKA, shift_id) VALUES ('0807809157', '134');
INSERT IGNORE INTO admin_shift (AMKA, shift_id) VALUES ('1503705648', '134');
INSERT IGNORE INTO admin_shift (AMKA, shift_id) VALUES ('1701751366', '134');
INSERT IGNORE INTO admin_shift (AMKA, shift_id) VALUES ('0304601041', '134');
INSERT IGNORE INTO admin_shift (AMKA, shift_id) VALUES ('0912742757', '134');
UPDATE IGNORE shift SET status = TRUE WHERE shift_id = '134';
INSERT IGNORE INTO dept_shift (dept_name, shift_id) VALUES ('General surgery', '134');
INSERT INTO shift (shift_id, day, type) VALUES ('135', '2025-09-22 00:00:00', '23:00-07:00');
INSERT IGNORE INTO doctor_shift (AMKA, shift_id) VALUES ('0404978442', '135');
INSERT IGNORE INTO doctor_shift (AMKA, shift_id) VALUES ('1712008709', '135');
INSERT IGNORE INTO doctor_shift (AMKA, shift_id) VALUES ('0807736496', '135');
INSERT IGNORE INTO doctor_shift (AMKA, shift_id) VALUES ('2411004971', '135');
INSERT IGNORE INTO doctor_shift (AMKA, shift_id) VALUES ('3008951757', '135');
INSERT IGNORE INTO nurse_shift (AMKA, shift_id) VALUES ('1104820571', '135');
INSERT IGNORE INTO nurse_shift (AMKA, shift_id) VALUES ('2202668306', '135');
INSERT IGNORE INTO nurse_shift (AMKA, shift_id) VALUES ('2209951799', '135');
INSERT IGNORE INTO nurse_shift (AMKA, shift_id) VALUES ('0106962075', '135');
INSERT IGNORE INTO nurse_shift (AMKA, shift_id) VALUES ('1911611265', '135');
INSERT IGNORE INTO nurse_shift (AMKA, shift_id) VALUES ('1008771252', '135');
INSERT IGNORE INTO nurse_shift (AMKA, shift_id) VALUES ('0706813720', '135');
INSERT IGNORE INTO nurse_shift (AMKA, shift_id) VALUES ('2601941624', '135');
INSERT IGNORE INTO nurse_shift (AMKA, shift_id) VALUES ('1505505773', '135');
INSERT IGNORE INTO admin_shift (AMKA, shift_id) VALUES ('0812426773', '135');
INSERT IGNORE INTO admin_shift (AMKA, shift_id) VALUES ('1503705648', '135');
UPDATE IGNORE shift SET status = TRUE WHERE shift_id = '135';
INSERT IGNORE INTO dept_shift (dept_name, shift_id) VALUES ('General surgery', '135');
INSERT INTO shift (shift_id, day, type) VALUES ('136', '2024-12-01 00:00:00', '23:00-07:00');
INSERT IGNORE INTO doctor_shift (AMKA, shift_id) VALUES ('2406419109', '136');
INSERT IGNORE INTO doctor_shift (AMKA, shift_id) VALUES ('1810910652', '136');
INSERT IGNORE INTO doctor_shift (AMKA, shift_id) VALUES ('0306542190', '136');
INSERT IGNORE INTO doctor_shift (AMKA, shift_id) VALUES ('1908663047', '136');
INSERT IGNORE INTO doctor_shift (AMKA, shift_id) VALUES ('0405403482', '136');
INSERT IGNORE INTO doctor_shift (AMKA, shift_id) VALUES ('0305579221', '136');
INSERT IGNORE INTO doctor_shift (AMKA, shift_id) VALUES ('2911689167', '136');
INSERT IGNORE INTO nurse_shift (AMKA, shift_id) VALUES ('0812429714', '136');
INSERT IGNORE INTO nurse_shift (AMKA, shift_id) VALUES ('2403611622', '136');
INSERT IGNORE INTO nurse_shift (AMKA, shift_id) VALUES ('1003436272', '136');
INSERT IGNORE INTO nurse_shift (AMKA, shift_id) VALUES ('0705726850', '136');
INSERT IGNORE INTO nurse_shift (AMKA, shift_id) VALUES ('2608415059', '136');
INSERT IGNORE INTO nurse_shift (AMKA, shift_id) VALUES ('1806532334', '136');
INSERT IGNORE INTO nurse_shift (AMKA, shift_id) VALUES ('2411954432', '136');
INSERT IGNORE INTO nurse_shift (AMKA, shift_id) VALUES ('2106697427', '136');
INSERT IGNORE INTO nurse_shift (AMKA, shift_id) VALUES ('3105850934', '136');
INSERT IGNORE INTO admin_shift (AMKA, shift_id) VALUES ('1503705648', '136');
INSERT IGNORE INTO admin_shift (AMKA, shift_id) VALUES ('0205004029', '136');
UPDATE IGNORE shift SET status = TRUE WHERE shift_id = '136';
INSERT IGNORE INTO dept_shift (dept_name, shift_id) VALUES ('General surgery', '136');
INSERT INTO shift (shift_id, day, type) VALUES ('137', '2026-07-24 00:00:00', '23:00-07:00');
INSERT IGNORE INTO doctor_shift (AMKA, shift_id) VALUES ('0312964109', '137');
INSERT IGNORE INTO doctor_shift (AMKA, shift_id) VALUES ('2411004971', '137');
INSERT IGNORE INTO doctor_shift (AMKA, shift_id) VALUES ('1209810216', '137');
INSERT IGNORE INTO doctor_shift (AMKA, shift_id) VALUES ('2801801564', '137');
INSERT IGNORE INTO doctor_shift (AMKA, shift_id) VALUES ('2501995986', '137');
INSERT IGNORE INTO nurse_shift (AMKA, shift_id) VALUES ('1505505773', '137');
INSERT IGNORE INTO nurse_shift (AMKA, shift_id) VALUES ('1005673097', '137');
INSERT IGNORE INTO nurse_shift (AMKA, shift_id) VALUES ('2612762096', '137');
INSERT IGNORE INTO nurse_shift (AMKA, shift_id) VALUES ('3004938343', '137');
INSERT IGNORE INTO nurse_shift (AMKA, shift_id) VALUES ('1408414594', '137');
INSERT IGNORE INTO nurse_shift (AMKA, shift_id) VALUES ('1104820571', '137');
INSERT IGNORE INTO admin_shift (AMKA, shift_id) VALUES ('1209746373', '137');
INSERT IGNORE INTO admin_shift (AMKA, shift_id) VALUES ('2010445485', '137');
INSERT IGNORE INTO admin_shift (AMKA, shift_id) VALUES ('1907460463', '137');
UPDATE IGNORE shift SET status = TRUE WHERE shift_id = '137';
INSERT IGNORE INTO dept_shift (dept_name, shift_id) VALUES ('Gynaecology', '137');
INSERT INTO shift (shift_id, day, type) VALUES ('138', '2026-01-22 00:00:00', '23:00-07:00');
INSERT IGNORE INTO doctor_shift (AMKA, shift_id) VALUES ('1701623027', '138');
INSERT IGNORE INTO doctor_shift (AMKA, shift_id) VALUES ('1712008709', '138');
INSERT IGNORE INTO doctor_shift (AMKA, shift_id) VALUES ('0312964109', '138');
INSERT IGNORE INTO doctor_shift (AMKA, shift_id) VALUES ('0706543302', '138');
INSERT IGNORE INTO doctor_shift (AMKA, shift_id) VALUES ('0405994014', '138');
INSERT IGNORE INTO doctor_shift (AMKA, shift_id) VALUES ('0111689660', '138');
INSERT IGNORE INTO nurse_shift (AMKA, shift_id) VALUES ('1104820571', '138');
INSERT IGNORE INTO nurse_shift (AMKA, shift_id) VALUES ('0804762436', '138');
INSERT IGNORE INTO nurse_shift (AMKA, shift_id) VALUES ('1801437951', '138');
INSERT IGNORE INTO nurse_shift (AMKA, shift_id) VALUES ('0812429714', '138');
INSERT IGNORE INTO nurse_shift (AMKA, shift_id) VALUES ('1908647470', '138');
INSERT IGNORE INTO nurse_shift (AMKA, shift_id) VALUES ('2901593818', '138');
INSERT IGNORE INTO nurse_shift (AMKA, shift_id) VALUES ('1409799887', '138');
INSERT IGNORE INTO admin_shift (AMKA, shift_id) VALUES ('0601887396', '138');
INSERT IGNORE INTO admin_shift (AMKA, shift_id) VALUES ('2811646141', '138');
INSERT IGNORE INTO admin_shift (AMKA, shift_id) VALUES ('2604773268', '138');
UPDATE IGNORE shift SET status = TRUE WHERE shift_id = '138';
INSERT IGNORE INTO dept_shift (dept_name, shift_id) VALUES ('Gynaecology', '138');
INSERT INTO shift (shift_id, day, type) VALUES ('139', '2026-07-14 00:00:00', '23:00-07:00');
INSERT IGNORE INTO doctor_shift (AMKA, shift_id) VALUES ('2402877693', '139');
INSERT IGNORE INTO doctor_shift (AMKA, shift_id) VALUES ('3110765587', '139');
INSERT IGNORE INTO doctor_shift (AMKA, shift_id) VALUES ('1912455789', '139');
INSERT IGNORE INTO doctor_shift (AMKA, shift_id) VALUES ('0410862119', '139');
INSERT IGNORE INTO doctor_shift (AMKA, shift_id) VALUES ('0802581734', '139');
INSERT IGNORE INTO doctor_shift (AMKA, shift_id) VALUES ('3008951757', '139');
INSERT IGNORE INTO doctor_shift (AMKA, shift_id) VALUES ('0707820743', '139');
INSERT IGNORE INTO doctor_shift (AMKA, shift_id) VALUES ('2411004971', '139');
INSERT IGNORE INTO nurse_shift (AMKA, shift_id) VALUES ('0604638601', '139');
INSERT IGNORE INTO nurse_shift (AMKA, shift_id) VALUES ('0201878050', '139');
INSERT IGNORE INTO nurse_shift (AMKA, shift_id) VALUES ('3105850934', '139');
INSERT IGNORE INTO nurse_shift (AMKA, shift_id) VALUES ('3007957631', '139');
INSERT IGNORE INTO nurse_shift (AMKA, shift_id) VALUES ('0309459375', '139');
INSERT IGNORE INTO nurse_shift (AMKA, shift_id) VALUES ('2612762096', '139');
INSERT IGNORE INTO nurse_shift (AMKA, shift_id) VALUES ('2404846418', '139');
INSERT IGNORE INTO nurse_shift (AMKA, shift_id) VALUES ('0109765304', '139');
INSERT IGNORE INTO admin_shift (AMKA, shift_id) VALUES ('0304601041', '139');
INSERT IGNORE INTO admin_shift (AMKA, shift_id) VALUES ('2010445485', '139');
UPDATE IGNORE shift SET status = TRUE WHERE shift_id = '139';
INSERT IGNORE INTO dept_shift (dept_name, shift_id) VALUES ('Gynaecology', '139');
INSERT INTO shift (shift_id, day, type) VALUES ('140', '2026-10-19 00:00:00', '07:00-15:00');
INSERT IGNORE INTO doctor_shift (AMKA, shift_id) VALUES ('2406419109', '140');
INSERT IGNORE INTO doctor_shift (AMKA, shift_id) VALUES ('1301429404', '140');
INSERT IGNORE INTO doctor_shift (AMKA, shift_id) VALUES ('0111689660', '140');
INSERT IGNORE INTO nurse_shift (AMKA, shift_id) VALUES ('1410590275', '140');
INSERT IGNORE INTO nurse_shift (AMKA, shift_id) VALUES ('1104820571', '140');
INSERT IGNORE INTO nurse_shift (AMKA, shift_id) VALUES ('0309734619', '140');
INSERT IGNORE INTO nurse_shift (AMKA, shift_id) VALUES ('0104472353', '140');
INSERT IGNORE INTO nurse_shift (AMKA, shift_id) VALUES ('0612989649', '140');
INSERT IGNORE INTO nurse_shift (AMKA, shift_id) VALUES ('1911611265', '140');
INSERT IGNORE INTO nurse_shift (AMKA, shift_id) VALUES ('2612762096', '140');
INSERT IGNORE INTO nurse_shift (AMKA, shift_id) VALUES ('0206841343', '140');
INSERT IGNORE INTO nurse_shift (AMKA, shift_id) VALUES ('2104656720', '140');
INSERT IGNORE INTO admin_shift (AMKA, shift_id) VALUES ('2408699743', '140');
INSERT IGNORE INTO admin_shift (AMKA, shift_id) VALUES ('1907460463', '140');
INSERT IGNORE INTO admin_shift (AMKA, shift_id) VALUES ('0505466886', '140');
INSERT IGNORE INTO admin_shift (AMKA, shift_id) VALUES ('2911528035', '140');
UPDATE IGNORE shift SET status = TRUE WHERE shift_id = '140';
INSERT IGNORE INTO dept_shift (dept_name, shift_id) VALUES ('Gynaecology', '140');
INSERT INTO shift (shift_id, day, type) VALUES ('141', '2024-05-04 00:00:00', '23:00-07:00');
INSERT IGNORE INTO doctor_shift (AMKA, shift_id) VALUES ('2111532740', '141');
INSERT IGNORE INTO doctor_shift (AMKA, shift_id) VALUES ('1209483269', '141');
INSERT IGNORE INTO doctor_shift (AMKA, shift_id) VALUES ('0306542190', '141');
INSERT IGNORE INTO doctor_shift (AMKA, shift_id) VALUES ('1301429404', '141');
INSERT IGNORE INTO doctor_shift (AMKA, shift_id) VALUES ('1402646365', '141');
INSERT IGNORE INTO doctor_shift (AMKA, shift_id) VALUES ('2910450715', '141');
INSERT IGNORE INTO doctor_shift (AMKA, shift_id) VALUES ('2406419109', '141');
INSERT IGNORE INTO nurse_shift (AMKA, shift_id) VALUES ('3103488159', '141');
INSERT IGNORE INTO nurse_shift (AMKA, shift_id) VALUES ('1003436272', '141');
INSERT IGNORE INTO nurse_shift (AMKA, shift_id) VALUES ('1008771252', '141');
INSERT IGNORE INTO nurse_shift (AMKA, shift_id) VALUES ('0209548455', '141');
INSERT IGNORE INTO nurse_shift (AMKA, shift_id) VALUES ('1604513215', '141');
INSERT IGNORE INTO nurse_shift (AMKA, shift_id) VALUES ('1801437951', '141');
INSERT IGNORE INTO nurse_shift (AMKA, shift_id) VALUES ('0508623869', '141');
INSERT IGNORE INTO nurse_shift (AMKA, shift_id) VALUES ('1006547847', '141');
INSERT IGNORE INTO admin_shift (AMKA, shift_id) VALUES ('2103717007', '141');
INSERT IGNORE INTO admin_shift (AMKA, shift_id) VALUES ('0812426773', '141');
INSERT IGNORE INTO admin_shift (AMKA, shift_id) VALUES ('2604773268', '141');
INSERT IGNORE INTO admin_shift (AMKA, shift_id) VALUES ('0505466886', '141');
UPDATE IGNORE shift SET status = TRUE WHERE shift_id = '141';
INSERT IGNORE INTO dept_shift (dept_name, shift_id) VALUES ('Gynaecology', '141');
INSERT INTO shift (shift_id, day, type) VALUES ('142', '2026-10-16 00:00:00', '23:00-07:00');
INSERT IGNORE INTO doctor_shift (AMKA, shift_id) VALUES ('1008990170', '142');
INSERT IGNORE INTO doctor_shift (AMKA, shift_id) VALUES ('2106602456', '142');
INSERT IGNORE INTO doctor_shift (AMKA, shift_id) VALUES ('2910956816', '142');
INSERT IGNORE INTO nurse_shift (AMKA, shift_id) VALUES ('1112443609', '142');
INSERT IGNORE INTO nurse_shift (AMKA, shift_id) VALUES ('2403611622', '142');
INSERT IGNORE INTO nurse_shift (AMKA, shift_id) VALUES ('0705726850', '142');
INSERT IGNORE INTO nurse_shift (AMKA, shift_id) VALUES ('0907972518', '142');
INSERT IGNORE INTO nurse_shift (AMKA, shift_id) VALUES ('1005405863', '142');
INSERT IGNORE INTO nurse_shift (AMKA, shift_id) VALUES ('3105850934', '142');
INSERT IGNORE INTO admin_shift (AMKA, shift_id) VALUES ('0810459550', '142');
INSERT IGNORE INTO admin_shift (AMKA, shift_id) VALUES ('2310523586', '142');
INSERT IGNORE INTO admin_shift (AMKA, shift_id) VALUES ('1711552309', '142');
UPDATE IGNORE shift SET status = TRUE WHERE shift_id = '142';
INSERT IGNORE INTO dept_shift (dept_name, shift_id) VALUES ('Gynaecology', '142');
INSERT INTO shift (shift_id, day, type) VALUES ('143', '2025-11-23 00:00:00', '23:00-07:00');
INSERT IGNORE INTO doctor_shift (AMKA, shift_id) VALUES ('2411004971', '143');
INSERT IGNORE INTO doctor_shift (AMKA, shift_id) VALUES ('1705602559', '143');
INSERT IGNORE INTO doctor_shift (AMKA, shift_id) VALUES ('2010494529', '143');
INSERT IGNORE INTO doctor_shift (AMKA, shift_id) VALUES ('2910956816', '143');
INSERT IGNORE INTO doctor_shift (AMKA, shift_id) VALUES ('1908663047', '143');
INSERT IGNORE INTO doctor_shift (AMKA, shift_id) VALUES ('2609009896', '143');
INSERT IGNORE INTO doctor_shift (AMKA, shift_id) VALUES ('2306446564', '143');
INSERT IGNORE INTO doctor_shift (AMKA, shift_id) VALUES ('0202939499', '143');
INSERT IGNORE INTO nurse_shift (AMKA, shift_id) VALUES ('1410001291', '143');
INSERT IGNORE INTO nurse_shift (AMKA, shift_id) VALUES ('0106962075', '143');
INSERT IGNORE INTO nurse_shift (AMKA, shift_id) VALUES ('1808626992', '143');
INSERT IGNORE INTO nurse_shift (AMKA, shift_id) VALUES ('0907972518', '143');
INSERT IGNORE INTO nurse_shift (AMKA, shift_id) VALUES ('1112443609', '143');
INSERT IGNORE INTO nurse_shift (AMKA, shift_id) VALUES ('1409799887', '143');
INSERT IGNORE INTO nurse_shift (AMKA, shift_id) VALUES ('1911611265', '143');
INSERT IGNORE INTO admin_shift (AMKA, shift_id) VALUES ('0601887396', '143');
INSERT IGNORE INTO admin_shift (AMKA, shift_id) VALUES ('1701751366', '143');
INSERT IGNORE INTO admin_shift (AMKA, shift_id) VALUES ('0812426773', '143');
INSERT IGNORE INTO admin_shift (AMKA, shift_id) VALUES ('2310523586', '143');
UPDATE IGNORE shift SET status = TRUE WHERE shift_id = '143';
INSERT IGNORE INTO dept_shift (dept_name, shift_id) VALUES ('Gynaecology', '143');
INSERT INTO shift (shift_id, day, type) VALUES ('144', '2025-11-10 00:00:00', '23:00-07:00');
INSERT IGNORE INTO doctor_shift (AMKA, shift_id) VALUES ('2010494529', '144');
INSERT IGNORE INTO doctor_shift (AMKA, shift_id) VALUES ('2906540192', '144');
INSERT IGNORE INTO doctor_shift (AMKA, shift_id) VALUES ('0312964109', '144');
INSERT IGNORE INTO doctor_shift (AMKA, shift_id) VALUES ('2609009896', '144');
INSERT IGNORE INTO doctor_shift (AMKA, shift_id) VALUES ('2305633067', '144');
INSERT IGNORE INTO nurse_shift (AMKA, shift_id) VALUES ('2205724151', '144');
INSERT IGNORE INTO nurse_shift (AMKA, shift_id) VALUES ('1006547847', '144');
INSERT IGNORE INTO nurse_shift (AMKA, shift_id) VALUES ('2104656720', '144');
INSERT IGNORE INTO nurse_shift (AMKA, shift_id) VALUES ('1410001291', '144');
INSERT IGNORE INTO nurse_shift (AMKA, shift_id) VALUES ('2711931843', '144');
INSERT IGNORE INTO nurse_shift (AMKA, shift_id) VALUES ('2310744429', '144');
INSERT IGNORE INTO admin_shift (AMKA, shift_id) VALUES ('2605932179', '144');
INSERT IGNORE INTO admin_shift (AMKA, shift_id) VALUES ('0102594389', '144');
INSERT IGNORE INTO admin_shift (AMKA, shift_id) VALUES ('1910579614', '144');
INSERT IGNORE INTO admin_shift (AMKA, shift_id) VALUES ('2911528035', '144');
UPDATE IGNORE shift SET status = TRUE WHERE shift_id = '144';
INSERT IGNORE INTO dept_shift (dept_name, shift_id) VALUES ('Gynaecology', '144');
INSERT INTO shift (shift_id, day, type) VALUES ('145', '2026-02-22 00:00:00', '15:00-23:00');
INSERT IGNORE INTO doctor_shift (AMKA, shift_id) VALUES ('0305579221', '145');
INSERT IGNORE INTO doctor_shift (AMKA, shift_id) VALUES ('0906651672', '145');
INSERT IGNORE INTO doctor_shift (AMKA, shift_id) VALUES ('0307549248', '145');
INSERT IGNORE INTO nurse_shift (AMKA, shift_id) VALUES ('1711760995', '145');
INSERT IGNORE INTO nurse_shift (AMKA, shift_id) VALUES ('1401961017', '145');
INSERT IGNORE INTO nurse_shift (AMKA, shift_id) VALUES ('2706761470', '145');
INSERT IGNORE INTO nurse_shift (AMKA, shift_id) VALUES ('2403611622', '145');
INSERT IGNORE INTO nurse_shift (AMKA, shift_id) VALUES ('0907972518', '145');
INSERT IGNORE INTO nurse_shift (AMKA, shift_id) VALUES ('2401552006', '145');
INSERT IGNORE INTO nurse_shift (AMKA, shift_id) VALUES ('1911832103', '145');
INSERT IGNORE INTO admin_shift (AMKA, shift_id) VALUES ('0405421061', '145');
INSERT IGNORE INTO admin_shift (AMKA, shift_id) VALUES ('0201483619', '145');
INSERT IGNORE INTO admin_shift (AMKA, shift_id) VALUES ('0812426773', '145');
INSERT IGNORE INTO admin_shift (AMKA, shift_id) VALUES ('0605578164', '145');
UPDATE IGNORE shift SET status = TRUE WHERE shift_id = '145';
INSERT IGNORE INTO dept_shift (dept_name, shift_id) VALUES ('Gynaecology', '145');
INSERT INTO shift (shift_id, day, type) VALUES ('146', '2025-04-17 00:00:00', '07:00-15:00');
INSERT IGNORE INTO doctor_shift (AMKA, shift_id) VALUES ('2406419109', '146');
INSERT IGNORE INTO doctor_shift (AMKA, shift_id) VALUES ('2905541171', '146');
INSERT IGNORE INTO doctor_shift (AMKA, shift_id) VALUES ('0307549248', '146');
INSERT IGNORE INTO doctor_shift (AMKA, shift_id) VALUES ('3012870045', '146');
INSERT IGNORE INTO doctor_shift (AMKA, shift_id) VALUES ('2205469029', '146');
INSERT IGNORE INTO nurse_shift (AMKA, shift_id) VALUES ('0309459375', '146');
INSERT IGNORE INTO nurse_shift (AMKA, shift_id) VALUES ('0805615787', '146');
INSERT IGNORE INTO nurse_shift (AMKA, shift_id) VALUES ('2007568464', '146');
INSERT IGNORE INTO nurse_shift (AMKA, shift_id) VALUES ('1410590275', '146');
INSERT IGNORE INTO nurse_shift (AMKA, shift_id) VALUES ('2209951799', '146');
INSERT IGNORE INTO nurse_shift (AMKA, shift_id) VALUES ('0705726850', '146');
INSERT IGNORE INTO nurse_shift (AMKA, shift_id) VALUES ('2804859611', '146');
INSERT IGNORE INTO nurse_shift (AMKA, shift_id) VALUES ('2601941624', '146');
INSERT IGNORE INTO nurse_shift (AMKA, shift_id) VALUES ('2106930406', '146');
INSERT IGNORE INTO admin_shift (AMKA, shift_id) VALUES ('0810871867', '146');
INSERT IGNORE INTO admin_shift (AMKA, shift_id) VALUES ('2604773268', '146');
UPDATE IGNORE shift SET status = TRUE WHERE shift_id = '146';
INSERT IGNORE INTO dept_shift (dept_name, shift_id) VALUES ('Gynaecology', '146');
INSERT INTO shift (shift_id, day, type) VALUES ('147', '2025-06-12 00:00:00', '23:00-07:00');
INSERT IGNORE INTO doctor_shift (AMKA, shift_id) VALUES ('2010494529', '147');
INSERT IGNORE INTO doctor_shift (AMKA, shift_id) VALUES ('1301442380', '147');
INSERT IGNORE INTO doctor_shift (AMKA, shift_id) VALUES ('2111532740', '147');
INSERT IGNORE INTO doctor_shift (AMKA, shift_id) VALUES ('0707820743', '147');
INSERT IGNORE INTO nurse_shift (AMKA, shift_id) VALUES ('1808626992', '147');
INSERT IGNORE INTO nurse_shift (AMKA, shift_id) VALUES ('0309734619', '147');
INSERT IGNORE INTO nurse_shift (AMKA, shift_id) VALUES ('3009684644', '147');
INSERT IGNORE INTO nurse_shift (AMKA, shift_id) VALUES ('2912929004', '147');
INSERT IGNORE INTO nurse_shift (AMKA, shift_id) VALUES ('3103488159', '147');
INSERT IGNORE INTO nurse_shift (AMKA, shift_id) VALUES ('1005673097', '147');
INSERT IGNORE INTO admin_shift (AMKA, shift_id) VALUES ('1805714774', '147');
INSERT IGNORE INTO admin_shift (AMKA, shift_id) VALUES ('0201483619', '147');
INSERT IGNORE INTO admin_shift (AMKA, shift_id) VALUES ('1907460463', '147');
UPDATE IGNORE shift SET status = TRUE WHERE shift_id = '147';
INSERT IGNORE INTO dept_shift (dept_name, shift_id) VALUES ('Gynaecology', '147');
INSERT INTO shift (shift_id, day, type) VALUES ('148', '2024-09-10 00:00:00', '15:00-23:00');
INSERT IGNORE INTO doctor_shift (AMKA, shift_id) VALUES ('2402877693', '148');
INSERT IGNORE INTO doctor_shift (AMKA, shift_id) VALUES ('0405403482', '148');
INSERT IGNORE INTO doctor_shift (AMKA, shift_id) VALUES ('0510600514', '148');
INSERT IGNORE INTO doctor_shift (AMKA, shift_id) VALUES ('1611621504', '148');
INSERT IGNORE INTO doctor_shift (AMKA, shift_id) VALUES ('3012598800', '148');
INSERT IGNORE INTO doctor_shift (AMKA, shift_id) VALUES ('1912455789', '148');
INSERT IGNORE INTO doctor_shift (AMKA, shift_id) VALUES ('2910450715', '148');
INSERT IGNORE INTO nurse_shift (AMKA, shift_id) VALUES ('0604638601', '148');
INSERT IGNORE INTO nurse_shift (AMKA, shift_id) VALUES ('0709669147', '148');
INSERT IGNORE INTO nurse_shift (AMKA, shift_id) VALUES ('2804859611', '148');
INSERT IGNORE INTO nurse_shift (AMKA, shift_id) VALUES ('0412793251', '148');
INSERT IGNORE INTO nurse_shift (AMKA, shift_id) VALUES ('2704464646', '148');
INSERT IGNORE INTO nurse_shift (AMKA, shift_id) VALUES ('1112443609', '148');
INSERT IGNORE INTO nurse_shift (AMKA, shift_id) VALUES ('1008771252', '148');
INSERT IGNORE INTO nurse_shift (AMKA, shift_id) VALUES ('3105850934', '148');
INSERT IGNORE INTO admin_shift (AMKA, shift_id) VALUES ('2303776978', '148');
INSERT IGNORE INTO admin_shift (AMKA, shift_id) VALUES ('0505466886', '148');
INSERT IGNORE INTO admin_shift (AMKA, shift_id) VALUES ('1907745998', '148');
INSERT IGNORE INTO admin_shift (AMKA, shift_id) VALUES ('1910579614', '148');
UPDATE IGNORE shift SET status = TRUE WHERE shift_id = '148';
INSERT IGNORE INTO dept_shift (dept_name, shift_id) VALUES ('Gynaecology', '148');
INSERT INTO shift (shift_id, day, type) VALUES ('149', '2025-08-29 00:00:00', '07:00-15:00');
INSERT IGNORE INTO doctor_shift (AMKA, shift_id) VALUES ('1502550745', '149');
INSERT IGNORE INTO doctor_shift (AMKA, shift_id) VALUES ('1803800903', '149');
INSERT IGNORE INTO doctor_shift (AMKA, shift_id) VALUES ('0307549248', '149');
INSERT IGNORE INTO doctor_shift (AMKA, shift_id) VALUES ('3012870045', '149');
INSERT IGNORE INTO doctor_shift (AMKA, shift_id) VALUES ('2801897549', '149');
INSERT IGNORE INTO nurse_shift (AMKA, shift_id) VALUES ('1401961017', '149');
INSERT IGNORE INTO nurse_shift (AMKA, shift_id) VALUES ('1409799887', '149');
INSERT IGNORE INTO nurse_shift (AMKA, shift_id) VALUES ('1403610713', '149');
INSERT IGNORE INTO nurse_shift (AMKA, shift_id) VALUES ('0804762436', '149');
INSERT IGNORE INTO nurse_shift (AMKA, shift_id) VALUES ('0604638601', '149');
INSERT IGNORE INTO nurse_shift (AMKA, shift_id) VALUES ('0410663790', '149');
INSERT IGNORE INTO nurse_shift (AMKA, shift_id) VALUES ('2110703028', '149');
INSERT IGNORE INTO nurse_shift (AMKA, shift_id) VALUES ('2007568464', '149');
INSERT IGNORE INTO nurse_shift (AMKA, shift_id) VALUES ('2704464646', '149');
INSERT IGNORE INTO nurse_shift (AMKA, shift_id) VALUES ('3105850934', '149');
INSERT IGNORE INTO admin_shift (AMKA, shift_id) VALUES ('2310523586', '149');
INSERT IGNORE INTO admin_shift (AMKA, shift_id) VALUES ('2911528035', '149');
INSERT IGNORE INTO admin_shift (AMKA, shift_id) VALUES ('0601887396', '149');
UPDATE IGNORE shift SET status = TRUE WHERE shift_id = '149';
INSERT IGNORE INTO dept_shift (dept_name, shift_id) VALUES ('Haematology', '149');
INSERT INTO shift (shift_id, day, type) VALUES ('150', '2026-07-18 00:00:00', '07:00-15:00');
INSERT IGNORE INTO doctor_shift (AMKA, shift_id) VALUES ('1502550745', '150');
INSERT IGNORE INTO doctor_shift (AMKA, shift_id) VALUES ('0307549248', '150');
INSERT IGNORE INTO doctor_shift (AMKA, shift_id) VALUES ('2801897549', '150');
INSERT IGNORE INTO doctor_shift (AMKA, shift_id) VALUES ('1108642138', '150');
INSERT IGNORE INTO doctor_shift (AMKA, shift_id) VALUES ('1109428284', '150');
INSERT IGNORE INTO doctor_shift (AMKA, shift_id) VALUES ('2801830092', '150');
INSERT IGNORE INTO doctor_shift (AMKA, shift_id) VALUES ('1808559940', '150');
INSERT IGNORE INTO doctor_shift (AMKA, shift_id) VALUES ('2502902231', '150');
INSERT IGNORE INTO nurse_shift (AMKA, shift_id) VALUES ('2404846418', '150');
INSERT IGNORE INTO nurse_shift (AMKA, shift_id) VALUES ('1410001291', '150');
INSERT IGNORE INTO nurse_shift (AMKA, shift_id) VALUES ('1008771252', '150');
INSERT IGNORE INTO nurse_shift (AMKA, shift_id) VALUES ('1711760995', '150');
INSERT IGNORE INTO nurse_shift (AMKA, shift_id) VALUES ('3006845381', '150');
INSERT IGNORE INTO nurse_shift (AMKA, shift_id) VALUES ('0104472353', '150');
INSERT IGNORE INTO nurse_shift (AMKA, shift_id) VALUES ('2007568464', '150');
INSERT IGNORE INTO nurse_shift (AMKA, shift_id) VALUES ('3101766130', '150');
INSERT IGNORE INTO nurse_shift (AMKA, shift_id) VALUES ('0807809157', '150');
INSERT IGNORE INTO admin_shift (AMKA, shift_id) VALUES ('1711552309', '150');
INSERT IGNORE INTO admin_shift (AMKA, shift_id) VALUES ('2310523586', '150');
UPDATE IGNORE shift SET status = TRUE WHERE shift_id = '150';
INSERT IGNORE INTO dept_shift (dept_name, shift_id) VALUES ('Haematology', '150');
INSERT INTO shift (shift_id, day, type) VALUES ('151', '2025-10-05 00:00:00', '15:00-23:00');
INSERT IGNORE INTO doctor_shift (AMKA, shift_id) VALUES ('1301429404', '151');
INSERT IGNORE INTO doctor_shift (AMKA, shift_id) VALUES ('2502902231', '151');
INSERT IGNORE INTO doctor_shift (AMKA, shift_id) VALUES ('2911689167', '151');
INSERT IGNORE INTO nurse_shift (AMKA, shift_id) VALUES ('0201878050', '151');
INSERT IGNORE INTO nurse_shift (AMKA, shift_id) VALUES ('1908647470', '151');
INSERT IGNORE INTO nurse_shift (AMKA, shift_id) VALUES ('2704464646', '151');
INSERT IGNORE INTO nurse_shift (AMKA, shift_id) VALUES ('1410001291', '151');
INSERT IGNORE INTO nurse_shift (AMKA, shift_id) VALUES ('0106962075', '151');
INSERT IGNORE INTO nurse_shift (AMKA, shift_id) VALUES ('0309459375', '151');
INSERT IGNORE INTO nurse_shift (AMKA, shift_id) VALUES ('2804859611', '151');
INSERT IGNORE INTO nurse_shift (AMKA, shift_id) VALUES ('0904571046', '151');
INSERT IGNORE INTO admin_shift (AMKA, shift_id) VALUES ('2911528035', '151');
INSERT IGNORE INTO admin_shift (AMKA, shift_id) VALUES ('3009559307', '151');
UPDATE IGNORE shift SET status = TRUE WHERE shift_id = '151';
INSERT IGNORE INTO dept_shift (dept_name, shift_id) VALUES ('Haematology', '151');
INSERT INTO shift (shift_id, day, type) VALUES ('152', '2025-11-09 00:00:00', '23:00-07:00');
INSERT IGNORE INTO doctor_shift (AMKA, shift_id) VALUES ('1705602559', '152');
INSERT IGNORE INTO doctor_shift (AMKA, shift_id) VALUES ('2306446564', '152');
INSERT IGNORE INTO doctor_shift (AMKA, shift_id) VALUES ('0906651672', '152');
INSERT IGNORE INTO doctor_shift (AMKA, shift_id) VALUES ('0708733889', '152');
INSERT IGNORE INTO nurse_shift (AMKA, shift_id) VALUES ('2310744429', '152');
INSERT IGNORE INTO nurse_shift (AMKA, shift_id) VALUES ('1801437951', '152');
INSERT IGNORE INTO nurse_shift (AMKA, shift_id) VALUES ('1410590275', '152');
INSERT IGNORE INTO nurse_shift (AMKA, shift_id) VALUES ('2412005893', '152');
INSERT IGNORE INTO nurse_shift (AMKA, shift_id) VALUES ('0309459375', '152');
INSERT IGNORE INTO nurse_shift (AMKA, shift_id) VALUES ('3105850934', '152');
INSERT IGNORE INTO nurse_shift (AMKA, shift_id) VALUES ('1403610713', '152');
INSERT IGNORE INTO nurse_shift (AMKA, shift_id) VALUES ('0706774178', '152');
INSERT IGNORE INTO nurse_shift (AMKA, shift_id) VALUES ('0106962075', '152');
INSERT IGNORE INTO nurse_shift (AMKA, shift_id) VALUES ('2507425872', '152');
INSERT IGNORE INTO admin_shift (AMKA, shift_id) VALUES ('2604773268', '152');
INSERT IGNORE INTO admin_shift (AMKA, shift_id) VALUES ('2310523586', '152');
INSERT IGNORE INTO admin_shift (AMKA, shift_id) VALUES ('1105817332', '152');
INSERT IGNORE INTO admin_shift (AMKA, shift_id) VALUES ('0707666244', '152');
UPDATE IGNORE shift SET status = TRUE WHERE shift_id = '152';
INSERT IGNORE INTO dept_shift (dept_name, shift_id) VALUES ('Haematology', '152');
INSERT INTO shift (shift_id, day, type) VALUES ('153', '2025-08-16 00:00:00', '07:00-15:00');
INSERT IGNORE INTO doctor_shift (AMKA, shift_id) VALUES ('2809979050', '153');
INSERT IGNORE INTO doctor_shift (AMKA, shift_id) VALUES ('1705602559', '153');
INSERT IGNORE INTO doctor_shift (AMKA, shift_id) VALUES ('1108642138', '153');
INSERT IGNORE INTO doctor_shift (AMKA, shift_id) VALUES ('3108788705', '153');
INSERT IGNORE INTO doctor_shift (AMKA, shift_id) VALUES ('1502550745', '153');
INSERT IGNORE INTO doctor_shift (AMKA, shift_id) VALUES ('2501995986', '153');
INSERT IGNORE INTO doctor_shift (AMKA, shift_id) VALUES ('2404738380', '153');
INSERT IGNORE INTO doctor_shift (AMKA, shift_id) VALUES ('2801830092', '153');
INSERT IGNORE INTO nurse_shift (AMKA, shift_id) VALUES ('0410663790', '153');
INSERT IGNORE INTO nurse_shift (AMKA, shift_id) VALUES ('2412005893', '153');
INSERT IGNORE INTO nurse_shift (AMKA, shift_id) VALUES ('2205724151', '153');
INSERT IGNORE INTO nurse_shift (AMKA, shift_id) VALUES ('0604638601', '153');
INSERT IGNORE INTO nurse_shift (AMKA, shift_id) VALUES ('2110703028', '153');
INSERT IGNORE INTO nurse_shift (AMKA, shift_id) VALUES ('0907972518', '153');
INSERT IGNORE INTO nurse_shift (AMKA, shift_id) VALUES ('2106930406', '153');
INSERT IGNORE INTO nurse_shift (AMKA, shift_id) VALUES ('2401552006', '153');
INSERT IGNORE INTO nurse_shift (AMKA, shift_id) VALUES ('3101766130', '153');
INSERT IGNORE INTO nurse_shift (AMKA, shift_id) VALUES ('1005529092', '153');
INSERT IGNORE INTO admin_shift (AMKA, shift_id) VALUES ('2010445485', '153');
INSERT IGNORE INTO admin_shift (AMKA, shift_id) VALUES ('1711552309', '153');
UPDATE IGNORE shift SET status = TRUE WHERE shift_id = '153';
INSERT IGNORE INTO dept_shift (dept_name, shift_id) VALUES ('Haematology', '153');
INSERT INTO shift (shift_id, day, type) VALUES ('154', '2025-04-21 00:00:00', '15:00-23:00');
INSERT IGNORE INTO doctor_shift (AMKA, shift_id) VALUES ('0902609962', '154');
INSERT IGNORE INTO doctor_shift (AMKA, shift_id) VALUES ('2003609278', '154');
INSERT IGNORE INTO doctor_shift (AMKA, shift_id) VALUES ('2906540192', '154');
INSERT IGNORE INTO doctor_shift (AMKA, shift_id) VALUES ('2402877693', '154');
INSERT IGNORE INTO doctor_shift (AMKA, shift_id) VALUES ('1810910652', '154');
INSERT IGNORE INTO doctor_shift (AMKA, shift_id) VALUES ('3110765587', '154');
INSERT IGNORE INTO doctor_shift (AMKA, shift_id) VALUES ('0404978442', '154');
INSERT IGNORE INTO doctor_shift (AMKA, shift_id) VALUES ('2205469029', '154');
INSERT IGNORE INTO nurse_shift (AMKA, shift_id) VALUES ('0104472353', '154');
INSERT IGNORE INTO nurse_shift (AMKA, shift_id) VALUES ('2412005893', '154');
INSERT IGNORE INTO nurse_shift (AMKA, shift_id) VALUES ('2209951799', '154');
INSERT IGNORE INTO nurse_shift (AMKA, shift_id) VALUES ('1006547847', '154');
INSERT IGNORE INTO nurse_shift (AMKA, shift_id) VALUES ('2912929004', '154');
INSERT IGNORE INTO nurse_shift (AMKA, shift_id) VALUES ('1104820571', '154');
INSERT IGNORE INTO nurse_shift (AMKA, shift_id) VALUES ('0812429714', '154');
INSERT IGNORE INTO admin_shift (AMKA, shift_id) VALUES ('1311799909', '154');
INSERT IGNORE INTO admin_shift (AMKA, shift_id) VALUES ('1701751366', '154');
INSERT IGNORE INTO admin_shift (AMKA, shift_id) VALUES ('2901826359', '154');
UPDATE IGNORE shift SET status = TRUE WHERE shift_id = '154';
INSERT IGNORE INTO dept_shift (dept_name, shift_id) VALUES ('Haematology', '154');
INSERT INTO shift (shift_id, day, type) VALUES ('155', '2024-09-25 00:00:00', '07:00-15:00');
INSERT IGNORE INTO doctor_shift (AMKA, shift_id) VALUES ('1712008709', '155');
INSERT IGNORE INTO doctor_shift (AMKA, shift_id) VALUES ('2111532740', '155');
INSERT IGNORE INTO doctor_shift (AMKA, shift_id) VALUES ('0405403482', '155');
INSERT IGNORE INTO doctor_shift (AMKA, shift_id) VALUES ('1007513743', '155');
INSERT IGNORE INTO doctor_shift (AMKA, shift_id) VALUES ('2911689167', '155');
INSERT IGNORE INTO doctor_shift (AMKA, shift_id) VALUES ('0404978442', '155');
INSERT IGNORE INTO doctor_shift (AMKA, shift_id) VALUES ('2305692753', '155');
INSERT IGNORE INTO nurse_shift (AMKA, shift_id) VALUES ('2704464646', '155');
INSERT IGNORE INTO nurse_shift (AMKA, shift_id) VALUES ('0109765304', '155');
INSERT IGNORE INTO nurse_shift (AMKA, shift_id) VALUES ('2901593818', '155');
INSERT IGNORE INTO nurse_shift (AMKA, shift_id) VALUES ('2104656720', '155');
INSERT IGNORE INTO nurse_shift (AMKA, shift_id) VALUES ('2202676265', '155');
INSERT IGNORE INTO nurse_shift (AMKA, shift_id) VALUES ('0309459375', '155');
INSERT IGNORE INTO nurse_shift (AMKA, shift_id) VALUES ('1604513215', '155');
INSERT IGNORE INTO nurse_shift (AMKA, shift_id) VALUES ('2608981810', '155');
INSERT IGNORE INTO admin_shift (AMKA, shift_id) VALUES ('0205004029', '155');
INSERT IGNORE INTO admin_shift (AMKA, shift_id) VALUES ('2103717007', '155');
UPDATE IGNORE shift SET status = TRUE WHERE shift_id = '155';
INSERT IGNORE INTO dept_shift (dept_name, shift_id) VALUES ('Haematology', '155');
INSERT INTO shift (shift_id, day, type) VALUES ('156', '2026-01-16 00:00:00', '15:00-23:00');
INSERT IGNORE INTO doctor_shift (AMKA, shift_id) VALUES ('2404738380', '156');
INSERT IGNORE INTO doctor_shift (AMKA, shift_id) VALUES ('3108788705', '156');
INSERT IGNORE INTO doctor_shift (AMKA, shift_id) VALUES ('0701944806', '156');
INSERT IGNORE INTO doctor_shift (AMKA, shift_id) VALUES ('2411004971', '156');
INSERT IGNORE INTO doctor_shift (AMKA, shift_id) VALUES ('1009974497', '156');
INSERT IGNORE INTO doctor_shift (AMKA, shift_id) VALUES ('1912455789', '156');
INSERT IGNORE INTO doctor_shift (AMKA, shift_id) VALUES ('3008951757', '156');
INSERT IGNORE INTO nurse_shift (AMKA, shift_id) VALUES ('2208482039', '156');
INSERT IGNORE INTO nurse_shift (AMKA, shift_id) VALUES ('3103488159', '156');
INSERT IGNORE INTO nurse_shift (AMKA, shift_id) VALUES ('0109765304', '156');
INSERT IGNORE INTO nurse_shift (AMKA, shift_id) VALUES ('0508623869', '156');
INSERT IGNORE INTO nurse_shift (AMKA, shift_id) VALUES ('0309734619', '156');
INSERT IGNORE INTO nurse_shift (AMKA, shift_id) VALUES ('2601941624', '156');
INSERT IGNORE INTO nurse_shift (AMKA, shift_id) VALUES ('2205724151', '156');
INSERT IGNORE INTO admin_shift (AMKA, shift_id) VALUES ('2408699743', '156');
INSERT IGNORE INTO admin_shift (AMKA, shift_id) VALUES ('0703651721', '156');
UPDATE IGNORE shift SET status = TRUE WHERE shift_id = '156';
INSERT IGNORE INTO dept_shift (dept_name, shift_id) VALUES ('Haematology', '156');
INSERT INTO shift (shift_id, day, type) VALUES ('157', '2024-06-25 00:00:00', '15:00-23:00');
INSERT IGNORE INTO doctor_shift (AMKA, shift_id) VALUES ('1209483269', '157');
INSERT IGNORE INTO doctor_shift (AMKA, shift_id) VALUES ('2203591874', '157');
INSERT IGNORE INTO doctor_shift (AMKA, shift_id) VALUES ('1808559940', '157');
INSERT IGNORE INTO doctor_shift (AMKA, shift_id) VALUES ('0306542190', '157');
INSERT IGNORE INTO doctor_shift (AMKA, shift_id) VALUES ('1908663047', '157');
INSERT IGNORE INTO doctor_shift (AMKA, shift_id) VALUES ('0708733889', '157');
INSERT IGNORE INTO doctor_shift (AMKA, shift_id) VALUES ('2809979050', '157');
INSERT IGNORE INTO doctor_shift (AMKA, shift_id) VALUES ('0807736496', '157');
INSERT IGNORE INTO nurse_shift (AMKA, shift_id) VALUES ('2804859611', '157');
INSERT IGNORE INTO nurse_shift (AMKA, shift_id) VALUES ('1408414594', '157');
INSERT IGNORE INTO nurse_shift (AMKA, shift_id) VALUES ('1504406068', '157');
INSERT IGNORE INTO nurse_shift (AMKA, shift_id) VALUES ('0807809157', '157');
INSERT IGNORE INTO nurse_shift (AMKA, shift_id) VALUES ('2205724151', '157');
INSERT IGNORE INTO nurse_shift (AMKA, shift_id) VALUES ('1003436272', '157');
INSERT IGNORE INTO nurse_shift (AMKA, shift_id) VALUES ('1008771252', '157');
INSERT IGNORE INTO admin_shift (AMKA, shift_id) VALUES ('3108581021', '157');
INSERT IGNORE INTO admin_shift (AMKA, shift_id) VALUES ('2103717007', '157');
UPDATE IGNORE shift SET status = TRUE WHERE shift_id = '157';
INSERT IGNORE INTO dept_shift (dept_name, shift_id) VALUES ('Haematology', '157');
INSERT INTO shift (shift_id, day, type) VALUES ('158', '2026-10-30 00:00:00', '15:00-23:00');
INSERT IGNORE INTO doctor_shift (AMKA, shift_id) VALUES ('0510600514', '158');
INSERT IGNORE INTO doctor_shift (AMKA, shift_id) VALUES ('3108788705', '158');
INSERT IGNORE INTO doctor_shift (AMKA, shift_id) VALUES ('2306446564', '158');
INSERT IGNORE INTO doctor_shift (AMKA, shift_id) VALUES ('1810910652', '158');
INSERT IGNORE INTO doctor_shift (AMKA, shift_id) VALUES ('2305692753', '158');
INSERT IGNORE INTO nurse_shift (AMKA, shift_id) VALUES ('1112443609', '158');
INSERT IGNORE INTO nurse_shift (AMKA, shift_id) VALUES ('1401961017', '158');
INSERT IGNORE INTO nurse_shift (AMKA, shift_id) VALUES ('1911611265', '158');
INSERT IGNORE INTO nurse_shift (AMKA, shift_id) VALUES ('0309459375', '158');
INSERT IGNORE INTO nurse_shift (AMKA, shift_id) VALUES ('1403610713', '158');
INSERT IGNORE INTO nurse_shift (AMKA, shift_id) VALUES ('0705726850', '158');
INSERT IGNORE INTO nurse_shift (AMKA, shift_id) VALUES ('1908647470', '158');
INSERT IGNORE INTO nurse_shift (AMKA, shift_id) VALUES ('0706774178', '158');
INSERT IGNORE INTO nurse_shift (AMKA, shift_id) VALUES ('2510897021', '158');
INSERT IGNORE INTO admin_shift (AMKA, shift_id) VALUES ('2408699743', '158');
INSERT IGNORE INTO admin_shift (AMKA, shift_id) VALUES ('2310523586', '158');
UPDATE IGNORE shift SET status = TRUE WHERE shift_id = '158';
INSERT IGNORE INTO dept_shift (dept_name, shift_id) VALUES ('Haematology', '158');
INSERT INTO shift (shift_id, day, type) VALUES ('159', '2025-08-10 00:00:00', '23:00-07:00');
INSERT IGNORE INTO doctor_shift (AMKA, shift_id) VALUES ('2906540192', '159');
INSERT IGNORE INTO doctor_shift (AMKA, shift_id) VALUES ('2609009896', '159');
INSERT IGNORE INTO doctor_shift (AMKA, shift_id) VALUES ('2708580170', '159');
INSERT IGNORE INTO doctor_shift (AMKA, shift_id) VALUES ('2411004971', '159');
INSERT IGNORE INTO doctor_shift (AMKA, shift_id) VALUES ('2311474214', '159');
INSERT IGNORE INTO doctor_shift (AMKA, shift_id) VALUES ('3012870045', '159');
INSERT IGNORE INTO nurse_shift (AMKA, shift_id) VALUES ('0706813720', '159');
INSERT IGNORE INTO nurse_shift (AMKA, shift_id) VALUES ('2007568464', '159');
INSERT IGNORE INTO nurse_shift (AMKA, shift_id) VALUES ('0807914051', '159');
INSERT IGNORE INTO nurse_shift (AMKA, shift_id) VALUES ('2612729603', '159');
INSERT IGNORE INTO nurse_shift (AMKA, shift_id) VALUES ('2401552006', '159');
INSERT IGNORE INTO nurse_shift (AMKA, shift_id) VALUES ('2104656720', '159');
INSERT IGNORE INTO nurse_shift (AMKA, shift_id) VALUES ('1210752839', '159');
INSERT IGNORE INTO admin_shift (AMKA, shift_id) VALUES ('2703913336', '159');
INSERT IGNORE INTO admin_shift (AMKA, shift_id) VALUES ('2408699743', '159');
INSERT IGNORE INTO admin_shift (AMKA, shift_id) VALUES ('3108581021', '159');
UPDATE IGNORE shift SET status = TRUE WHERE shift_id = '159';
INSERT IGNORE INTO dept_shift (dept_name, shift_id) VALUES ('Haematology', '159');
INSERT INTO shift (shift_id, day, type) VALUES ('160', '2025-08-28 00:00:00', '07:00-15:00');
INSERT IGNORE INTO doctor_shift (AMKA, shift_id) VALUES ('2406419109', '160');
INSERT IGNORE INTO doctor_shift (AMKA, shift_id) VALUES ('2411651898', '160');
INSERT IGNORE INTO doctor_shift (AMKA, shift_id) VALUES ('0405403482', '160');
INSERT IGNORE INTO doctor_shift (AMKA, shift_id) VALUES ('0807736496', '160');
INSERT IGNORE INTO doctor_shift (AMKA, shift_id) VALUES ('1912455789', '160');
INSERT IGNORE INTO doctor_shift (AMKA, shift_id) VALUES ('0307549248', '160');
INSERT IGNORE INTO nurse_shift (AMKA, shift_id) VALUES ('2412005893', '160');
INSERT IGNORE INTO nurse_shift (AMKA, shift_id) VALUES ('2910435920', '160');
INSERT IGNORE INTO nurse_shift (AMKA, shift_id) VALUES ('1806981284', '160');
INSERT IGNORE INTO nurse_shift (AMKA, shift_id) VALUES ('1808626992', '160');
INSERT IGNORE INTO nurse_shift (AMKA, shift_id) VALUES ('1408414594', '160');
INSERT IGNORE INTO nurse_shift (AMKA, shift_id) VALUES ('1711760995', '160');
INSERT IGNORE INTO nurse_shift (AMKA, shift_id) VALUES ('2106697427', '160');
INSERT IGNORE INTO nurse_shift (AMKA, shift_id) VALUES ('2901593818', '160');
INSERT IGNORE INTO nurse_shift (AMKA, shift_id) VALUES ('1006547847', '160');
INSERT IGNORE INTO nurse_shift (AMKA, shift_id) VALUES ('1005673097', '160');
INSERT IGNORE INTO admin_shift (AMKA, shift_id) VALUES ('0912742757', '160');
INSERT IGNORE INTO admin_shift (AMKA, shift_id) VALUES ('2703913336', '160');
INSERT IGNORE INTO admin_shift (AMKA, shift_id) VALUES ('1805714774', '160');
INSERT IGNORE INTO admin_shift (AMKA, shift_id) VALUES ('1105817332', '160');
UPDATE IGNORE shift SET status = TRUE WHERE shift_id = '160';
INSERT IGNORE INTO dept_shift (dept_name, shift_id) VALUES ('Haematology', '160');
INSERT INTO shift (shift_id, day, type) VALUES ('161', '2025-05-02 00:00:00', '07:00-15:00');
INSERT IGNORE INTO doctor_shift (AMKA, shift_id) VALUES ('0906651672', '161');
INSERT IGNORE INTO doctor_shift (AMKA, shift_id) VALUES ('3008951757', '161');
INSERT IGNORE INTO doctor_shift (AMKA, shift_id) VALUES ('0708733889', '161');
INSERT IGNORE INTO doctor_shift (AMKA, shift_id) VALUES ('0305579221', '161');
INSERT IGNORE INTO nurse_shift (AMKA, shift_id) VALUES ('0804762436', '161');
INSERT IGNORE INTO nurse_shift (AMKA, shift_id) VALUES ('2510897021', '161');
INSERT IGNORE INTO nurse_shift (AMKA, shift_id) VALUES ('1911832103', '161');
INSERT IGNORE INTO nurse_shift (AMKA, shift_id) VALUES ('1008771252', '161');
INSERT IGNORE INTO nurse_shift (AMKA, shift_id) VALUES ('1410590275', '161');
INSERT IGNORE INTO nurse_shift (AMKA, shift_id) VALUES ('2106930406', '161');
INSERT IGNORE INTO nurse_shift (AMKA, shift_id) VALUES ('0106962075', '161');
INSERT IGNORE INTO nurse_shift (AMKA, shift_id) VALUES ('2110703028', '161');
INSERT IGNORE INTO admin_shift (AMKA, shift_id) VALUES ('0812426773', '161');
INSERT IGNORE INTO admin_shift (AMKA, shift_id) VALUES ('0405421061', '161');
INSERT IGNORE INTO admin_shift (AMKA, shift_id) VALUES ('0503752616', '161');
INSERT IGNORE INTO admin_shift (AMKA, shift_id) VALUES ('0703651721', '161');
UPDATE IGNORE shift SET status = TRUE WHERE shift_id = '161';
INSERT IGNORE INTO dept_shift (dept_name, shift_id) VALUES ('Haematology', '161');
INSERT INTO shift (shift_id, day, type) VALUES ('162', '2026-12-15 00:00:00', '23:00-07:00');
INSERT IGNORE INTO doctor_shift (AMKA, shift_id) VALUES ('1008990170', '162');
INSERT IGNORE INTO doctor_shift (AMKA, shift_id) VALUES ('0405994014', '162');
INSERT IGNORE INTO doctor_shift (AMKA, shift_id) VALUES ('0405403482', '162');
INSERT IGNORE INTO nurse_shift (AMKA, shift_id) VALUES ('0710837433', '162');
INSERT IGNORE INTO nurse_shift (AMKA, shift_id) VALUES ('1104820571', '162');
INSERT IGNORE INTO nurse_shift (AMKA, shift_id) VALUES ('3006845381', '162');
INSERT IGNORE INTO nurse_shift (AMKA, shift_id) VALUES ('2106697427', '162');
INSERT IGNORE INTO nurse_shift (AMKA, shift_id) VALUES ('1403610713', '162');
INSERT IGNORE INTO nurse_shift (AMKA, shift_id) VALUES ('2604879705', '162');
INSERT IGNORE INTO nurse_shift (AMKA, shift_id) VALUES ('2608981810', '162');
INSERT IGNORE INTO nurse_shift (AMKA, shift_id) VALUES ('0904571046', '162');
INSERT IGNORE INTO admin_shift (AMKA, shift_id) VALUES ('2703913336', '162');
INSERT IGNORE INTO admin_shift (AMKA, shift_id) VALUES ('2010445485', '162');
INSERT IGNORE INTO admin_shift (AMKA, shift_id) VALUES ('1706440889', '162');
INSERT IGNORE INTO admin_shift (AMKA, shift_id) VALUES ('0503752616', '162');
UPDATE IGNORE shift SET status = TRUE WHERE shift_id = '162';
INSERT IGNORE INTO dept_shift (dept_name, shift_id) VALUES ('Haematology', '162');
INSERT INTO shift (shift_id, day, type) VALUES ('163', '2024-04-10 00:00:00', '07:00-15:00');
INSERT IGNORE INTO doctor_shift (AMKA, shift_id) VALUES ('2708580170', '163');
INSERT IGNORE INTO doctor_shift (AMKA, shift_id) VALUES ('3012509660', '163');
INSERT IGNORE INTO doctor_shift (AMKA, shift_id) VALUES ('2910956816', '163');
INSERT IGNORE INTO doctor_shift (AMKA, shift_id) VALUES ('1803800903', '163');
INSERT IGNORE INTO doctor_shift (AMKA, shift_id) VALUES ('0906651672', '163');
INSERT IGNORE INTO doctor_shift (AMKA, shift_id) VALUES ('0103962870', '163');
INSERT IGNORE INTO doctor_shift (AMKA, shift_id) VALUES ('2106602456', '163');
INSERT IGNORE INTO nurse_shift (AMKA, shift_id) VALUES ('2804859611', '163');
INSERT IGNORE INTO nurse_shift (AMKA, shift_id) VALUES ('3009684644', '163');
INSERT IGNORE INTO nurse_shift (AMKA, shift_id) VALUES ('1711760995', '163');
INSERT IGNORE INTO nurse_shift (AMKA, shift_id) VALUES ('1911832103', '163');
INSERT IGNORE INTO nurse_shift (AMKA, shift_id) VALUES ('1908566470', '163');
INSERT IGNORE INTO nurse_shift (AMKA, shift_id) VALUES ('2608981810', '163');
INSERT IGNORE INTO nurse_shift (AMKA, shift_id) VALUES ('0209548455', '163');
INSERT IGNORE INTO nurse_shift (AMKA, shift_id) VALUES ('3105850934', '163');
INSERT IGNORE INTO nurse_shift (AMKA, shift_id) VALUES ('2104656720', '163');
INSERT IGNORE INTO nurse_shift (AMKA, shift_id) VALUES ('1206677028', '163');
INSERT IGNORE INTO admin_shift (AMKA, shift_id) VALUES ('0403889907', '163');
INSERT IGNORE INTO admin_shift (AMKA, shift_id) VALUES ('2605932179', '163');
UPDATE IGNORE shift SET status = TRUE WHERE shift_id = '163';
INSERT IGNORE INTO dept_shift (dept_name, shift_id) VALUES ('Haematology', '163');
INSERT INTO shift (shift_id, day, type) VALUES ('164', '2024-10-11 00:00:00', '23:00-07:00');
INSERT IGNORE INTO doctor_shift (AMKA, shift_id) VALUES ('2411004971', '164');
INSERT IGNORE INTO doctor_shift (AMKA, shift_id) VALUES ('0708733889', '164');
INSERT IGNORE INTO doctor_shift (AMKA, shift_id) VALUES ('0707820743', '164');
INSERT IGNORE INTO nurse_shift (AMKA, shift_id) VALUES ('2403611622', '164');
INSERT IGNORE INTO nurse_shift (AMKA, shift_id) VALUES ('1005673097', '164');
INSERT IGNORE INTO nurse_shift (AMKA, shift_id) VALUES ('0706774178', '164');
INSERT IGNORE INTO nurse_shift (AMKA, shift_id) VALUES ('0706813720', '164');
INSERT IGNORE INTO nurse_shift (AMKA, shift_id) VALUES ('3101766130', '164');
INSERT IGNORE INTO nurse_shift (AMKA, shift_id) VALUES ('1206677028', '164');
INSERT IGNORE INTO admin_shift (AMKA, shift_id) VALUES ('0505466886', '164');
INSERT IGNORE INTO admin_shift (AMKA, shift_id) VALUES ('2010445485', '164');
UPDATE IGNORE shift SET status = TRUE WHERE shift_id = '164';
INSERT IGNORE INTO dept_shift (dept_name, shift_id) VALUES ('Haematology', '164');
INSERT INTO shift (shift_id, day, type) VALUES ('165', '2026-08-01 00:00:00', '15:00-23:00');
INSERT IGNORE INTO doctor_shift (AMKA, shift_id) VALUES ('0802581734', '165');
INSERT IGNORE INTO doctor_shift (AMKA, shift_id) VALUES ('2607905982', '165');
INSERT IGNORE INTO doctor_shift (AMKA, shift_id) VALUES ('1912455789', '165');
INSERT IGNORE INTO doctor_shift (AMKA, shift_id) VALUES ('2905541171', '165');
INSERT IGNORE INTO doctor_shift (AMKA, shift_id) VALUES ('1803800903', '165');
INSERT IGNORE INTO doctor_shift (AMKA, shift_id) VALUES ('2801801564', '165');
INSERT IGNORE INTO doctor_shift (AMKA, shift_id) VALUES ('1301442380', '165');
INSERT IGNORE INTO nurse_shift (AMKA, shift_id) VALUES ('2612762096', '165');
INSERT IGNORE INTO nurse_shift (AMKA, shift_id) VALUES ('2510897021', '165');
INSERT IGNORE INTO nurse_shift (AMKA, shift_id) VALUES ('1604513215', '165');
INSERT IGNORE INTO nurse_shift (AMKA, shift_id) VALUES ('0612989649', '165');
INSERT IGNORE INTO nurse_shift (AMKA, shift_id) VALUES ('1409799887', '165');
INSERT IGNORE INTO nurse_shift (AMKA, shift_id) VALUES ('1005405863', '165');
INSERT IGNORE INTO nurse_shift (AMKA, shift_id) VALUES ('3004938343', '165');
INSERT IGNORE INTO nurse_shift (AMKA, shift_id) VALUES ('0705726850', '165');
INSERT IGNORE INTO nurse_shift (AMKA, shift_id) VALUES ('0805615787', '165');
INSERT IGNORE INTO admin_shift (AMKA, shift_id) VALUES ('0812426773', '165');
INSERT IGNORE INTO admin_shift (AMKA, shift_id) VALUES ('2309518917', '165');
INSERT IGNORE INTO admin_shift (AMKA, shift_id) VALUES ('3108581021', '165');
UPDATE IGNORE shift SET status = TRUE WHERE shift_id = '165';
INSERT IGNORE INTO dept_shift (dept_name, shift_id) VALUES ('Haematology', '165');
INSERT INTO shift (shift_id, day, type) VALUES ('166', '2025-12-23 00:00:00', '07:00-15:00');
INSERT IGNORE INTO doctor_shift (AMKA, shift_id) VALUES ('2708580170', '166');
INSERT IGNORE INTO doctor_shift (AMKA, shift_id) VALUES ('1112753348', '166');
INSERT IGNORE INTO doctor_shift (AMKA, shift_id) VALUES ('0510600514', '166');
INSERT IGNORE INTO doctor_shift (AMKA, shift_id) VALUES ('0701944806', '166');
INSERT IGNORE INTO nurse_shift (AMKA, shift_id) VALUES ('2608981810', '166');
INSERT IGNORE INTO nurse_shift (AMKA, shift_id) VALUES ('2711931843', '166');
INSERT IGNORE INTO nurse_shift (AMKA, shift_id) VALUES ('0706774178', '166');
INSERT IGNORE INTO nurse_shift (AMKA, shift_id) VALUES ('0609636680', '166');
INSERT IGNORE INTO nurse_shift (AMKA, shift_id) VALUES ('0104472353', '166');
INSERT IGNORE INTO nurse_shift (AMKA, shift_id) VALUES ('1401961017', '166');
INSERT IGNORE INTO nurse_shift (AMKA, shift_id) VALUES ('3006845381', '166');
INSERT IGNORE INTO nurse_shift (AMKA, shift_id) VALUES ('1008771252', '166');
INSERT IGNORE INTO nurse_shift (AMKA, shift_id) VALUES ('1410001291', '166');
INSERT IGNORE INTO nurse_shift (AMKA, shift_id) VALUES ('2310744429', '166');
INSERT IGNORE INTO admin_shift (AMKA, shift_id) VALUES ('1805714774', '166');
INSERT IGNORE INTO admin_shift (AMKA, shift_id) VALUES ('0605578164', '166');
INSERT IGNORE INTO admin_shift (AMKA, shift_id) VALUES ('0508766025', '166');
INSERT IGNORE INTO admin_shift (AMKA, shift_id) VALUES ('1405405087', '166');
UPDATE IGNORE shift SET status = TRUE WHERE shift_id = '166';
INSERT IGNORE INTO dept_shift (dept_name, shift_id) VALUES ('Haematology', '166');
INSERT INTO shift (shift_id, day, type) VALUES ('167', '2024-05-31 00:00:00', '23:00-07:00');
INSERT IGNORE INTO doctor_shift (AMKA, shift_id) VALUES ('1207427571', '167');
INSERT IGNORE INTO doctor_shift (AMKA, shift_id) VALUES ('0706543302', '167');
INSERT IGNORE INTO doctor_shift (AMKA, shift_id) VALUES ('2406419109', '167');
INSERT IGNORE INTO doctor_shift (AMKA, shift_id) VALUES ('0510600514', '167');
INSERT IGNORE INTO nurse_shift (AMKA, shift_id) VALUES ('0206841343', '167');
INSERT IGNORE INTO nurse_shift (AMKA, shift_id) VALUES ('0805615787', '167');
INSERT IGNORE INTO nurse_shift (AMKA, shift_id) VALUES ('2202668306', '167');
INSERT IGNORE INTO nurse_shift (AMKA, shift_id) VALUES ('2104656720', '167');
INSERT IGNORE INTO nurse_shift (AMKA, shift_id) VALUES ('1711760995', '167');
INSERT IGNORE INTO nurse_shift (AMKA, shift_id) VALUES ('1401961017', '167');
INSERT IGNORE INTO nurse_shift (AMKA, shift_id) VALUES ('2906456566', '167');
INSERT IGNORE INTO admin_shift (AMKA, shift_id) VALUES ('0912742757', '167');
INSERT IGNORE INTO admin_shift (AMKA, shift_id) VALUES ('1910579614', '167');
INSERT IGNORE INTO admin_shift (AMKA, shift_id) VALUES ('0403889907', '167');
UPDATE IGNORE shift SET status = TRUE WHERE shift_id = '167';
INSERT IGNORE INTO dept_shift (dept_name, shift_id) VALUES ('Haematology', '167');
INSERT INTO shift (shift_id, day, type) VALUES ('168', '2024-03-20 00:00:00', '07:00-15:00');
INSERT IGNORE INTO doctor_shift (AMKA, shift_id) VALUES ('0405403482', '168');
INSERT IGNORE INTO doctor_shift (AMKA, shift_id) VALUES ('0701944806', '168');
INSERT IGNORE INTO doctor_shift (AMKA, shift_id) VALUES ('0707820743', '168');
INSERT IGNORE INTO nurse_shift (AMKA, shift_id) VALUES ('1510663927', '168');
INSERT IGNORE INTO nurse_shift (AMKA, shift_id) VALUES ('2906456566', '168');
INSERT IGNORE INTO nurse_shift (AMKA, shift_id) VALUES ('0812429714', '168');
INSERT IGNORE INTO nurse_shift (AMKA, shift_id) VALUES ('1006547847', '168');
INSERT IGNORE INTO nurse_shift (AMKA, shift_id) VALUES ('1005405863', '168');
INSERT IGNORE INTO nurse_shift (AMKA, shift_id) VALUES ('3101766130', '168');
INSERT IGNORE INTO nurse_shift (AMKA, shift_id) VALUES ('0710837433', '168');
INSERT IGNORE INTO nurse_shift (AMKA, shift_id) VALUES ('2403611622', '168');
INSERT IGNORE INTO admin_shift (AMKA, shift_id) VALUES ('1910579614', '168');
INSERT IGNORE INTO admin_shift (AMKA, shift_id) VALUES ('0601887396', '168');
INSERT IGNORE INTO admin_shift (AMKA, shift_id) VALUES ('0707666244', '168');
UPDATE IGNORE shift SET status = TRUE WHERE shift_id = '168';
INSERT IGNORE INTO dept_shift (dept_name, shift_id) VALUES ('Haematology', '168');
INSERT INTO shift (shift_id, day, type) VALUES ('169', '2024-06-20 00:00:00', '07:00-15:00');
INSERT IGNORE INTO doctor_shift (AMKA, shift_id) VALUES ('0202939499', '169');
INSERT IGNORE INTO doctor_shift (AMKA, shift_id) VALUES ('2010494529', '169');
INSERT IGNORE INTO doctor_shift (AMKA, shift_id) VALUES ('1810910652', '169');
INSERT IGNORE INTO doctor_shift (AMKA, shift_id) VALUES ('2411651898', '169');
INSERT IGNORE INTO nurse_shift (AMKA, shift_id) VALUES ('0706774178', '169');
INSERT IGNORE INTO nurse_shift (AMKA, shift_id) VALUES ('2912929004', '169');
INSERT IGNORE INTO nurse_shift (AMKA, shift_id) VALUES ('0206841343', '169');
INSERT IGNORE INTO nurse_shift (AMKA, shift_id) VALUES ('2412005893', '169');
INSERT IGNORE INTO nurse_shift (AMKA, shift_id) VALUES ('0609636680', '169');
INSERT IGNORE INTO nurse_shift (AMKA, shift_id) VALUES ('1403610713', '169');
INSERT IGNORE INTO admin_shift (AMKA, shift_id) VALUES ('0707666244', '169');
INSERT IGNORE INTO admin_shift (AMKA, shift_id) VALUES ('2309518917', '169');
INSERT IGNORE INTO admin_shift (AMKA, shift_id) VALUES ('1405405087', '169');
INSERT IGNORE INTO admin_shift (AMKA, shift_id) VALUES ('3108581021', '169');
UPDATE IGNORE shift SET status = TRUE WHERE shift_id = '169';
INSERT IGNORE INTO dept_shift (dept_name, shift_id) VALUES ('Haematology', '169');
INSERT INTO shift (shift_id, day, type) VALUES ('170', '2025-01-31 00:00:00', '15:00-23:00');
INSERT IGNORE INTO doctor_shift (AMKA, shift_id) VALUES ('2205469029', '170');
INSERT IGNORE INTO doctor_shift (AMKA, shift_id) VALUES ('0305579221', '170');
INSERT IGNORE INTO doctor_shift (AMKA, shift_id) VALUES ('0706543302', '170');
INSERT IGNORE INTO doctor_shift (AMKA, shift_id) VALUES ('1301442380', '170');
INSERT IGNORE INTO nurse_shift (AMKA, shift_id) VALUES ('1011859573', '170');
INSERT IGNORE INTO nurse_shift (AMKA, shift_id) VALUES ('1505505773', '170');
INSERT IGNORE INTO nurse_shift (AMKA, shift_id) VALUES ('1806532334', '170');
INSERT IGNORE INTO nurse_shift (AMKA, shift_id) VALUES ('0812429714', '170');
INSERT IGNORE INTO nurse_shift (AMKA, shift_id) VALUES ('0904571046', '170');
INSERT IGNORE INTO nurse_shift (AMKA, shift_id) VALUES ('1008771252', '170');
INSERT IGNORE INTO nurse_shift (AMKA, shift_id) VALUES ('3105850934', '170');
INSERT IGNORE INTO admin_shift (AMKA, shift_id) VALUES ('1209746373', '170');
INSERT IGNORE INTO admin_shift (AMKA, shift_id) VALUES ('0605578164', '170');
UPDATE IGNORE shift SET status = TRUE WHERE shift_id = '170';
INSERT IGNORE INTO dept_shift (dept_name, shift_id) VALUES ('Haematology', '170');
INSERT INTO shift (shift_id, day, type) VALUES ('171', '2024-01-07 00:00:00', '07:00-15:00');
INSERT IGNORE INTO doctor_shift (AMKA, shift_id) VALUES ('1402646365', '171');
INSERT IGNORE INTO doctor_shift (AMKA, shift_id) VALUES ('0410862119', '171');
INSERT IGNORE INTO doctor_shift (AMKA, shift_id) VALUES ('0807736496', '171');
INSERT IGNORE INTO doctor_shift (AMKA, shift_id) VALUES ('0701944806', '171');
INSERT IGNORE INTO doctor_shift (AMKA, shift_id) VALUES ('2311474214', '171');
INSERT IGNORE INTO doctor_shift (AMKA, shift_id) VALUES ('1810910652', '171');
INSERT IGNORE INTO nurse_shift (AMKA, shift_id) VALUES ('3006845381', '171');
INSERT IGNORE INTO nurse_shift (AMKA, shift_id) VALUES ('1005405863', '171');
INSERT IGNORE INTO nurse_shift (AMKA, shift_id) VALUES ('1908566470', '171');
INSERT IGNORE INTO nurse_shift (AMKA, shift_id) VALUES ('3101766130', '171');
INSERT IGNORE INTO nurse_shift (AMKA, shift_id) VALUES ('0812429714', '171');
INSERT IGNORE INTO nurse_shift (AMKA, shift_id) VALUES ('0412793251', '171');
INSERT IGNORE INTO nurse_shift (AMKA, shift_id) VALUES ('1510663927', '171');
INSERT IGNORE INTO nurse_shift (AMKA, shift_id) VALUES ('0706774178', '171');
INSERT IGNORE INTO nurse_shift (AMKA, shift_id) VALUES ('1104820571', '171');
INSERT IGNORE INTO admin_shift (AMKA, shift_id) VALUES ('1711552309', '171');
INSERT IGNORE INTO admin_shift (AMKA, shift_id) VALUES ('2604773268', '171');
INSERT IGNORE INTO admin_shift (AMKA, shift_id) VALUES ('2703913336', '171');
UPDATE IGNORE shift SET status = TRUE WHERE shift_id = '171';
INSERT IGNORE INTO dept_shift (dept_name, shift_id) VALUES ('Haematology', '171');
INSERT INTO shift (shift_id, day, type) VALUES ('172', '2026-02-06 00:00:00', '23:00-07:00');
INSERT IGNORE INTO doctor_shift (AMKA, shift_id) VALUES ('1810910652', '172');
INSERT IGNORE INTO doctor_shift (AMKA, shift_id) VALUES ('3008951757', '172');
INSERT IGNORE INTO doctor_shift (AMKA, shift_id) VALUES ('0306542190', '172');
INSERT IGNORE INTO doctor_shift (AMKA, shift_id) VALUES ('0906651672', '172');
INSERT IGNORE INTO doctor_shift (AMKA, shift_id) VALUES ('3012509660', '172');
INSERT IGNORE INTO doctor_shift (AMKA, shift_id) VALUES ('1301442380', '172');
INSERT IGNORE INTO doctor_shift (AMKA, shift_id) VALUES ('2708580170', '172');
INSERT IGNORE INTO nurse_shift (AMKA, shift_id) VALUES ('2711931843', '172');
INSERT IGNORE INTO nurse_shift (AMKA, shift_id) VALUES ('2310744429', '172');
INSERT IGNORE INTO nurse_shift (AMKA, shift_id) VALUES ('2704464646', '172');
INSERT IGNORE INTO nurse_shift (AMKA, shift_id) VALUES ('1911832103', '172');
INSERT IGNORE INTO nurse_shift (AMKA, shift_id) VALUES ('1409799887', '172');
INSERT IGNORE INTO nurse_shift (AMKA, shift_id) VALUES ('1410001291', '172');
INSERT IGNORE INTO admin_shift (AMKA, shift_id) VALUES ('2010445485', '172');
INSERT IGNORE INTO admin_shift (AMKA, shift_id) VALUES ('1209746373', '172');
INSERT IGNORE INTO admin_shift (AMKA, shift_id) VALUES ('0205901915', '172');
INSERT IGNORE INTO admin_shift (AMKA, shift_id) VALUES ('1910579614', '172');
UPDATE IGNORE shift SET status = TRUE WHERE shift_id = '172';
INSERT IGNORE INTO dept_shift (dept_name, shift_id) VALUES ('Pediatrics', '172');
INSERT INTO shift (shift_id, day, type) VALUES ('173', '2025-06-30 00:00:00', '15:00-23:00');
INSERT IGNORE INTO doctor_shift (AMKA, shift_id) VALUES ('1108642138', '173');
INSERT IGNORE INTO doctor_shift (AMKA, shift_id) VALUES ('1007513743', '173');
INSERT IGNORE INTO doctor_shift (AMKA, shift_id) VALUES ('2910450715', '173');
INSERT IGNORE INTO doctor_shift (AMKA, shift_id) VALUES ('0307549248', '173');
INSERT IGNORE INTO doctor_shift (AMKA, shift_id) VALUES ('1701623027', '173');
INSERT IGNORE INTO doctor_shift (AMKA, shift_id) VALUES ('0701944806', '173');
INSERT IGNORE INTO doctor_shift (AMKA, shift_id) VALUES ('1705602559', '173');
INSERT IGNORE INTO nurse_shift (AMKA, shift_id) VALUES ('2604879705', '173');
INSERT IGNORE INTO nurse_shift (AMKA, shift_id) VALUES ('2412005893', '173');
INSERT IGNORE INTO nurse_shift (AMKA, shift_id) VALUES ('2711931843', '173');
INSERT IGNORE INTO nurse_shift (AMKA, shift_id) VALUES ('0804762436', '173');
INSERT IGNORE INTO nurse_shift (AMKA, shift_id) VALUES ('3011818066', '173');
INSERT IGNORE INTO nurse_shift (AMKA, shift_id) VALUES ('0807809157', '173');
INSERT IGNORE INTO nurse_shift (AMKA, shift_id) VALUES ('1006547847', '173');
INSERT IGNORE INTO nurse_shift (AMKA, shift_id) VALUES ('3007957631', '173');
INSERT IGNORE INTO admin_shift (AMKA, shift_id) VALUES ('1706440889', '173');
INSERT IGNORE INTO admin_shift (AMKA, shift_id) VALUES ('0810459550', '173');
UPDATE IGNORE shift SET status = TRUE WHERE shift_id = '173';
INSERT IGNORE INTO dept_shift (dept_name, shift_id) VALUES ('Pediatrics', '173');
INSERT INTO shift (shift_id, day, type) VALUES ('174', '2026-02-12 00:00:00', '15:00-23:00');
INSERT IGNORE INTO doctor_shift (AMKA, shift_id) VALUES ('3108788705', '174');
INSERT IGNORE INTO doctor_shift (AMKA, shift_id) VALUES ('1803800903', '174');
INSERT IGNORE INTO doctor_shift (AMKA, shift_id) VALUES ('0708733889', '174');
INSERT IGNORE INTO doctor_shift (AMKA, shift_id) VALUES ('1112753348', '174');
INSERT IGNORE INTO nurse_shift (AMKA, shift_id) VALUES ('1005673097', '174');
INSERT IGNORE INTO nurse_shift (AMKA, shift_id) VALUES ('1401961017', '174');
INSERT IGNORE INTO nurse_shift (AMKA, shift_id) VALUES ('2104656720', '174');
INSERT IGNORE INTO nurse_shift (AMKA, shift_id) VALUES ('0309734619', '174');
INSERT IGNORE INTO nurse_shift (AMKA, shift_id) VALUES ('2106930406', '174');
INSERT IGNORE INTO nurse_shift (AMKA, shift_id) VALUES ('2208482039', '174');
INSERT IGNORE INTO admin_shift (AMKA, shift_id) VALUES ('0706936645', '174');
INSERT IGNORE INTO admin_shift (AMKA, shift_id) VALUES ('0508766025', '174');
UPDATE IGNORE shift SET status = TRUE WHERE shift_id = '174';
INSERT IGNORE INTO dept_shift (dept_name, shift_id) VALUES ('Pediatrics', '174');
INSERT INTO shift (shift_id, day, type) VALUES ('175', '2024-01-19 00:00:00', '15:00-23:00');
INSERT IGNORE INTO doctor_shift (AMKA, shift_id) VALUES ('1912455789', '175');
INSERT IGNORE INTO doctor_shift (AMKA, shift_id) VALUES ('0902609962', '175');
INSERT IGNORE INTO doctor_shift (AMKA, shift_id) VALUES ('1009974497', '175');
INSERT IGNORE INTO nurse_shift (AMKA, shift_id) VALUES ('3101766130', '175');
INSERT IGNORE INTO nurse_shift (AMKA, shift_id) VALUES ('2608981810', '175');
INSERT IGNORE INTO nurse_shift (AMKA, shift_id) VALUES ('2202668306', '175');
INSERT IGNORE INTO nurse_shift (AMKA, shift_id) VALUES ('2510897021', '175');
INSERT IGNORE INTO nurse_shift (AMKA, shift_id) VALUES ('1308752778', '175');
INSERT IGNORE INTO nurse_shift (AMKA, shift_id) VALUES ('0907972518', '175');
INSERT IGNORE INTO nurse_shift (AMKA, shift_id) VALUES ('1003436272', '175');
INSERT IGNORE INTO nurse_shift (AMKA, shift_id) VALUES ('0209548455', '175');
INSERT IGNORE INTO nurse_shift (AMKA, shift_id) VALUES ('0609636680', '175');
INSERT IGNORE INTO admin_shift (AMKA, shift_id) VALUES ('1510768908', '175');
INSERT IGNORE INTO admin_shift (AMKA, shift_id) VALUES ('0205004029', '175');
INSERT IGNORE INTO admin_shift (AMKA, shift_id) VALUES ('3108581021', '175');
UPDATE IGNORE shift SET status = TRUE WHERE shift_id = '175';
INSERT IGNORE INTO dept_shift (dept_name, shift_id) VALUES ('Pediatrics', '175');
INSERT INTO shift (shift_id, day, type) VALUES ('176', '2024-11-03 00:00:00', '23:00-07:00');
INSERT IGNORE INTO doctor_shift (AMKA, shift_id) VALUES ('2311474214', '176');
INSERT IGNORE INTO doctor_shift (AMKA, shift_id) VALUES ('1712008709', '176');
INSERT IGNORE INTO doctor_shift (AMKA, shift_id) VALUES ('0405403482', '176');
INSERT IGNORE INTO doctor_shift (AMKA, shift_id) VALUES ('0707820743', '176');
INSERT IGNORE INTO doctor_shift (AMKA, shift_id) VALUES ('2404738380', '176');
INSERT IGNORE INTO doctor_shift (AMKA, shift_id) VALUES ('2609009896', '176');
INSERT IGNORE INTO doctor_shift (AMKA, shift_id) VALUES ('2010494529', '176');
INSERT IGNORE INTO nurse_shift (AMKA, shift_id) VALUES ('1006547847', '176');
INSERT IGNORE INTO nurse_shift (AMKA, shift_id) VALUES ('1801437951', '176');
INSERT IGNORE INTO nurse_shift (AMKA, shift_id) VALUES ('3103488159', '176');
INSERT IGNORE INTO nurse_shift (AMKA, shift_id) VALUES ('0804762436', '176');
INSERT IGNORE INTO nurse_shift (AMKA, shift_id) VALUES ('1505505773', '176');
INSERT IGNORE INTO nurse_shift (AMKA, shift_id) VALUES ('3007957631', '176');
INSERT IGNORE INTO nurse_shift (AMKA, shift_id) VALUES ('0106962075', '176');
INSERT IGNORE INTO nurse_shift (AMKA, shift_id) VALUES ('1008771252', '176');
INSERT IGNORE INTO nurse_shift (AMKA, shift_id) VALUES ('2910435920', '176');
INSERT IGNORE INTO admin_shift (AMKA, shift_id) VALUES ('0707666244', '176');
INSERT IGNORE INTO admin_shift (AMKA, shift_id) VALUES ('1910579614', '176');
INSERT IGNORE INTO admin_shift (AMKA, shift_id) VALUES ('2605932179', '176');
UPDATE IGNORE shift SET status = TRUE WHERE shift_id = '176';
INSERT IGNORE INTO dept_shift (dept_name, shift_id) VALUES ('Pediatrics', '176');
INSERT INTO shift (shift_id, day, type) VALUES ('177', '2025-12-06 00:00:00', '15:00-23:00');
INSERT IGNORE INTO doctor_shift (AMKA, shift_id) VALUES ('2010494529', '177');
INSERT IGNORE INTO doctor_shift (AMKA, shift_id) VALUES ('2609009896', '177');
INSERT IGNORE INTO doctor_shift (AMKA, shift_id) VALUES ('1701623027', '177');
INSERT IGNORE INTO doctor_shift (AMKA, shift_id) VALUES ('2906627360', '177');
INSERT IGNORE INTO doctor_shift (AMKA, shift_id) VALUES ('2809979050', '177');
INSERT IGNORE INTO doctor_shift (AMKA, shift_id) VALUES ('2607905982', '177');
INSERT IGNORE INTO doctor_shift (AMKA, shift_id) VALUES ('1112753348', '177');
INSERT IGNORE INTO nurse_shift (AMKA, shift_id) VALUES ('2612729603', '177');
INSERT IGNORE INTO nurse_shift (AMKA, shift_id) VALUES ('3006845381', '177');
INSERT IGNORE INTO nurse_shift (AMKA, shift_id) VALUES ('2901593818', '177');
INSERT IGNORE INTO nurse_shift (AMKA, shift_id) VALUES ('2412005893', '177');
INSERT IGNORE INTO nurse_shift (AMKA, shift_id) VALUES ('0805615787', '177');
INSERT IGNORE INTO nurse_shift (AMKA, shift_id) VALUES ('2804859611', '177');
INSERT IGNORE INTO nurse_shift (AMKA, shift_id) VALUES ('1808626992', '177');
INSERT IGNORE INTO admin_shift (AMKA, shift_id) VALUES ('1109996077', '177');
INSERT IGNORE INTO admin_shift (AMKA, shift_id) VALUES ('1910579614', '177');
UPDATE IGNORE shift SET status = TRUE WHERE shift_id = '177';
INSERT IGNORE INTO dept_shift (dept_name, shift_id) VALUES ('Pediatrics', '177');
INSERT INTO shift (shift_id, day, type) VALUES ('178', '2025-08-11 00:00:00', '07:00-15:00');
INSERT IGNORE INTO doctor_shift (AMKA, shift_id) VALUES ('1301429404', '178');
INSERT IGNORE INTO doctor_shift (AMKA, shift_id) VALUES ('1209810216', '178');
INSERT IGNORE INTO doctor_shift (AMKA, shift_id) VALUES ('2406419109', '178');
INSERT IGNORE INTO doctor_shift (AMKA, shift_id) VALUES ('0405994014', '178');
INSERT IGNORE INTO nurse_shift (AMKA, shift_id) VALUES ('2507425872', '178');
INSERT IGNORE INTO nurse_shift (AMKA, shift_id) VALUES ('1410590275', '178');
INSERT IGNORE INTO nurse_shift (AMKA, shift_id) VALUES ('1408414594', '178');
INSERT IGNORE INTO nurse_shift (AMKA, shift_id) VALUES ('0604638601', '178');
INSERT IGNORE INTO nurse_shift (AMKA, shift_id) VALUES ('2202676265', '178');
INSERT IGNORE INTO nurse_shift (AMKA, shift_id) VALUES ('0407765594', '178');
INSERT IGNORE INTO nurse_shift (AMKA, shift_id) VALUES ('0709669147', '178');
INSERT IGNORE INTO nurse_shift (AMKA, shift_id) VALUES ('3103488159', '178');
INSERT IGNORE INTO nurse_shift (AMKA, shift_id) VALUES ('2106697427', '178');
INSERT IGNORE INTO admin_shift (AMKA, shift_id) VALUES ('0201483619', '178');
INSERT IGNORE INTO admin_shift (AMKA, shift_id) VALUES ('2605932179', '178');
INSERT IGNORE INTO admin_shift (AMKA, shift_id) VALUES ('0703960983', '178');
UPDATE IGNORE shift SET status = TRUE WHERE shift_id = '178';
INSERT IGNORE INTO dept_shift (dept_name, shift_id) VALUES ('Pediatrics', '178');
INSERT INTO shift (shift_id, day, type) VALUES ('179', '2025-04-15 00:00:00', '15:00-23:00');
INSERT IGNORE INTO doctor_shift (AMKA, shift_id) VALUES ('2801897549', '179');
INSERT IGNORE INTO doctor_shift (AMKA, shift_id) VALUES ('2607905982', '179');
INSERT IGNORE INTO doctor_shift (AMKA, shift_id) VALUES ('0111689660', '179');
INSERT IGNORE INTO nurse_shift (AMKA, shift_id) VALUES ('2510897021', '179');
INSERT IGNORE INTO nurse_shift (AMKA, shift_id) VALUES ('2910435920', '179');
INSERT IGNORE INTO nurse_shift (AMKA, shift_id) VALUES ('0410663790', '179');
INSERT IGNORE INTO nurse_shift (AMKA, shift_id) VALUES ('1008771252', '179');
INSERT IGNORE INTO nurse_shift (AMKA, shift_id) VALUES ('2507425872', '179');
INSERT IGNORE INTO nurse_shift (AMKA, shift_id) VALUES ('0104472353', '179');
INSERT IGNORE INTO nurse_shift (AMKA, shift_id) VALUES ('2912929004', '179');
INSERT IGNORE INTO nurse_shift (AMKA, shift_id) VALUES ('0705726850', '179');
INSERT IGNORE INTO nurse_shift (AMKA, shift_id) VALUES ('1011859573', '179');
INSERT IGNORE INTO admin_shift (AMKA, shift_id) VALUES ('1503705648', '179');
INSERT IGNORE INTO admin_shift (AMKA, shift_id) VALUES ('2309518917', '179');
INSERT IGNORE INTO admin_shift (AMKA, shift_id) VALUES ('0703960983', '179');
UPDATE IGNORE shift SET status = TRUE WHERE shift_id = '179';
INSERT IGNORE INTO dept_shift (dept_name, shift_id) VALUES ('Pediatrics', '179');
INSERT INTO shift (shift_id, day, type) VALUES ('180', '2024-01-30 00:00:00', '23:00-07:00');
INSERT IGNORE INTO doctor_shift (AMKA, shift_id) VALUES ('1112753348', '180');
INSERT IGNORE INTO doctor_shift (AMKA, shift_id) VALUES ('1701623027', '180');
INSERT IGNORE INTO doctor_shift (AMKA, shift_id) VALUES ('2402877693', '180');
INSERT IGNORE INTO doctor_shift (AMKA, shift_id) VALUES ('2910956816', '180');
INSERT IGNORE INTO doctor_shift (AMKA, shift_id) VALUES ('2801801564', '180');
INSERT IGNORE INTO doctor_shift (AMKA, shift_id) VALUES ('1712008709', '180');
INSERT IGNORE INTO doctor_shift (AMKA, shift_id) VALUES ('2106602456', '180');
INSERT IGNORE INTO nurse_shift (AMKA, shift_id) VALUES ('0209548455', '180');
INSERT IGNORE INTO nurse_shift (AMKA, shift_id) VALUES ('0104472353', '180');
INSERT IGNORE INTO nurse_shift (AMKA, shift_id) VALUES ('2706761470', '180');
INSERT IGNORE INTO nurse_shift (AMKA, shift_id) VALUES ('0904571046', '180');
INSERT IGNORE INTO nurse_shift (AMKA, shift_id) VALUES ('1408414594', '180');
INSERT IGNORE INTO nurse_shift (AMKA, shift_id) VALUES ('2104656720', '180');
INSERT IGNORE INTO nurse_shift (AMKA, shift_id) VALUES ('0109765304', '180');
INSERT IGNORE INTO nurse_shift (AMKA, shift_id) VALUES ('3004641635', '180');
INSERT IGNORE INTO admin_shift (AMKA, shift_id) VALUES ('0405421061', '180');
INSERT IGNORE INTO admin_shift (AMKA, shift_id) VALUES ('0304601041', '180');
UPDATE IGNORE shift SET status = TRUE WHERE shift_id = '180';
INSERT IGNORE INTO dept_shift (dept_name, shift_id) VALUES ('Pediatrics', '180');
INSERT INTO shift (shift_id, day, type) VALUES ('181', '2026-07-01 00:00:00', '07:00-15:00');
INSERT IGNORE INTO doctor_shift (AMKA, shift_id) VALUES ('3012598800', '181');
INSERT IGNORE INTO doctor_shift (AMKA, shift_id) VALUES ('2305633067', '181');
INSERT IGNORE INTO doctor_shift (AMKA, shift_id) VALUES ('1009974497', '181');
INSERT IGNORE INTO doctor_shift (AMKA, shift_id) VALUES ('2306446564', '181');
INSERT IGNORE INTO doctor_shift (AMKA, shift_id) VALUES ('1402646365', '181');
INSERT IGNORE INTO doctor_shift (AMKA, shift_id) VALUES ('2411004971', '181');
INSERT IGNORE INTO doctor_shift (AMKA, shift_id) VALUES ('2502902231', '181');
INSERT IGNORE INTO nurse_shift (AMKA, shift_id) VALUES ('0407765594', '181');
INSERT IGNORE INTO nurse_shift (AMKA, shift_id) VALUES ('1112443609', '181');
INSERT IGNORE INTO nurse_shift (AMKA, shift_id) VALUES ('2811867092', '181');
INSERT IGNORE INTO nurse_shift (AMKA, shift_id) VALUES ('1510663927', '181');
INSERT IGNORE INTO nurse_shift (AMKA, shift_id) VALUES ('1005405863', '181');
INSERT IGNORE INTO nurse_shift (AMKA, shift_id) VALUES ('2104656720', '181');
INSERT IGNORE INTO nurse_shift (AMKA, shift_id) VALUES ('2202668306', '181');
INSERT IGNORE INTO nurse_shift (AMKA, shift_id) VALUES ('2608415059', '181');
INSERT IGNORE INTO nurse_shift (AMKA, shift_id) VALUES ('1808626992', '181');
INSERT IGNORE INTO admin_shift (AMKA, shift_id) VALUES ('1907745998', '181');
INSERT IGNORE INTO admin_shift (AMKA, shift_id) VALUES ('0810871867', '181');
UPDATE IGNORE shift SET status = TRUE WHERE shift_id = '181';
INSERT IGNORE INTO dept_shift (dept_name, shift_id) VALUES ('Pediatrics', '181');
INSERT INTO shift (shift_id, day, type) VALUES ('182', '2026-04-20 00:00:00', '07:00-15:00');
INSERT IGNORE INTO doctor_shift (AMKA, shift_id) VALUES ('0307549248', '182');
INSERT IGNORE INTO doctor_shift (AMKA, shift_id) VALUES ('2203591874', '182');
INSERT IGNORE INTO doctor_shift (AMKA, shift_id) VALUES ('2305633067', '182');
INSERT IGNORE INTO doctor_shift (AMKA, shift_id) VALUES ('2404738380', '182');
INSERT IGNORE INTO nurse_shift (AMKA, shift_id) VALUES ('0410663790', '182');
INSERT IGNORE INTO nurse_shift (AMKA, shift_id) VALUES ('2608415059', '182');
INSERT IGNORE INTO nurse_shift (AMKA, shift_id) VALUES ('1806981284', '182');
INSERT IGNORE INTO nurse_shift (AMKA, shift_id) VALUES ('2601941624', '182');
INSERT IGNORE INTO nurse_shift (AMKA, shift_id) VALUES ('0508623869', '182');
INSERT IGNORE INTO nurse_shift (AMKA, shift_id) VALUES ('1409799887', '182');
INSERT IGNORE INTO nurse_shift (AMKA, shift_id) VALUES ('2411954432', '182');
INSERT IGNORE INTO nurse_shift (AMKA, shift_id) VALUES ('1408414594', '182');
INSERT IGNORE INTO admin_shift (AMKA, shift_id) VALUES ('0205901915', '182');
INSERT IGNORE INTO admin_shift (AMKA, shift_id) VALUES ('3108581021', '182');
INSERT IGNORE INTO admin_shift (AMKA, shift_id) VALUES ('0706936645', '182');
INSERT IGNORE INTO admin_shift (AMKA, shift_id) VALUES ('1109996077', '182');
UPDATE IGNORE shift SET status = TRUE WHERE shift_id = '182';
INSERT IGNORE INTO dept_shift (dept_name, shift_id) VALUES ('Pediatrics', '182');
INSERT INTO shift (shift_id, day, type) VALUES ('183', '2024-09-19 00:00:00', '23:00-07:00');
INSERT IGNORE INTO doctor_shift (AMKA, shift_id) VALUES ('2910956816', '183');
INSERT IGNORE INTO doctor_shift (AMKA, shift_id) VALUES ('1908663047', '183');
INSERT IGNORE INTO doctor_shift (AMKA, shift_id) VALUES ('0405994014', '183');
INSERT IGNORE INTO doctor_shift (AMKA, shift_id) VALUES ('1301442380', '183');
INSERT IGNORE INTO doctor_shift (AMKA, shift_id) VALUES ('1402646365', '183');
INSERT IGNORE INTO nurse_shift (AMKA, shift_id) VALUES ('0201878050', '183');
INSERT IGNORE INTO nurse_shift (AMKA, shift_id) VALUES ('2310744429', '183');
INSERT IGNORE INTO nurse_shift (AMKA, shift_id) VALUES ('1806981284', '183');
INSERT IGNORE INTO nurse_shift (AMKA, shift_id) VALUES ('1510663927', '183');
INSERT IGNORE INTO nurse_shift (AMKA, shift_id) VALUES ('1011859573', '183');
INSERT IGNORE INTO nurse_shift (AMKA, shift_id) VALUES ('1308752778', '183');
INSERT IGNORE INTO admin_shift (AMKA, shift_id) VALUES ('0810871867', '183');
INSERT IGNORE INTO admin_shift (AMKA, shift_id) VALUES ('0503752616', '183');
INSERT IGNORE INTO admin_shift (AMKA, shift_id) VALUES ('1403488687', '183');
UPDATE IGNORE shift SET status = TRUE WHERE shift_id = '183';
INSERT IGNORE INTO dept_shift (dept_name, shift_id) VALUES ('Pediatrics', '183');
INSERT INTO shift (shift_id, day, type) VALUES ('184', '2024-07-01 00:00:00', '07:00-15:00');
INSERT IGNORE INTO doctor_shift (AMKA, shift_id) VALUES ('2801897549', '184');
INSERT IGNORE INTO doctor_shift (AMKA, shift_id) VALUES ('0906651672', '184');
INSERT IGNORE INTO doctor_shift (AMKA, shift_id) VALUES ('1611621504', '184');
INSERT IGNORE INTO doctor_shift (AMKA, shift_id) VALUES ('2609009896', '184');
INSERT IGNORE INTO doctor_shift (AMKA, shift_id) VALUES ('0802581734', '184');
INSERT IGNORE INTO doctor_shift (AMKA, shift_id) VALUES ('2010494529', '184');
INSERT IGNORE INTO nurse_shift (AMKA, shift_id) VALUES ('0412793251', '184');
INSERT IGNORE INTO nurse_shift (AMKA, shift_id) VALUES ('3004641635', '184');
INSERT IGNORE INTO nurse_shift (AMKA, shift_id) VALUES ('1911611265', '184');
INSERT IGNORE INTO nurse_shift (AMKA, shift_id) VALUES ('2209951799', '184');
INSERT IGNORE INTO nurse_shift (AMKA, shift_id) VALUES ('1408414594', '184');
INSERT IGNORE INTO nurse_shift (AMKA, shift_id) VALUES ('1409799887', '184');
INSERT IGNORE INTO nurse_shift (AMKA, shift_id) VALUES ('0807914051', '184');
INSERT IGNORE INTO nurse_shift (AMKA, shift_id) VALUES ('1401961017', '184');
INSERT IGNORE INTO nurse_shift (AMKA, shift_id) VALUES ('1206677028', '184');
INSERT IGNORE INTO nurse_shift (AMKA, shift_id) VALUES ('0201878050', '184');
INSERT IGNORE INTO admin_shift (AMKA, shift_id) VALUES ('0403889907', '184');
INSERT IGNORE INTO admin_shift (AMKA, shift_id) VALUES ('2408699743', '184');
UPDATE IGNORE shift SET status = TRUE WHERE shift_id = '184';
INSERT IGNORE INTO dept_shift (dept_name, shift_id) VALUES ('Pediatrics', '184');
INSERT INTO shift (shift_id, day, type) VALUES ('185', '2025-10-02 00:00:00', '15:00-23:00');
INSERT IGNORE INTO doctor_shift (AMKA, shift_id) VALUES ('3110765587', '185');
INSERT IGNORE INTO doctor_shift (AMKA, shift_id) VALUES ('2306446564', '185');
INSERT IGNORE INTO doctor_shift (AMKA, shift_id) VALUES ('3012509660', '185');
INSERT IGNORE INTO nurse_shift (AMKA, shift_id) VALUES ('2901593818', '185');
INSERT IGNORE INTO nurse_shift (AMKA, shift_id) VALUES ('1911611265', '185');
INSERT IGNORE INTO nurse_shift (AMKA, shift_id) VALUES ('0710837433', '185');
INSERT IGNORE INTO nurse_shift (AMKA, shift_id) VALUES ('2601941624', '185');
INSERT IGNORE INTO nurse_shift (AMKA, shift_id) VALUES ('3004938343', '185');
INSERT IGNORE INTO nurse_shift (AMKA, shift_id) VALUES ('1806532334', '185');
INSERT IGNORE INTO admin_shift (AMKA, shift_id) VALUES ('2103717007', '185');
INSERT IGNORE INTO admin_shift (AMKA, shift_id) VALUES ('0102594389', '185');
UPDATE IGNORE shift SET status = TRUE WHERE shift_id = '185';
INSERT IGNORE INTO dept_shift (dept_name, shift_id) VALUES ('Pediatrics', '185');
INSERT INTO shift (shift_id, day, type) VALUES ('186', '2026-02-19 00:00:00', '07:00-15:00');
INSERT IGNORE INTO doctor_shift (AMKA, shift_id) VALUES ('1209483269', '186');
INSERT IGNORE INTO doctor_shift (AMKA, shift_id) VALUES ('2708580170', '186');
INSERT IGNORE INTO doctor_shift (AMKA, shift_id) VALUES ('2906627360', '186');
INSERT IGNORE INTO doctor_shift (AMKA, shift_id) VALUES ('0405994014', '186');
INSERT IGNORE INTO doctor_shift (AMKA, shift_id) VALUES ('0510600514', '186');
INSERT IGNORE INTO doctor_shift (AMKA, shift_id) VALUES ('2710919774', '186');
INSERT IGNORE INTO nurse_shift (AMKA, shift_id) VALUES ('0109765304', '186');
INSERT IGNORE INTO nurse_shift (AMKA, shift_id) VALUES ('2209951799', '186');
INSERT IGNORE INTO nurse_shift (AMKA, shift_id) VALUES ('1801437951', '186');
INSERT IGNORE INTO nurse_shift (AMKA, shift_id) VALUES ('0104472353', '186');
INSERT IGNORE INTO nurse_shift (AMKA, shift_id) VALUES ('0907972518', '186');
INSERT IGNORE INTO nurse_shift (AMKA, shift_id) VALUES ('0609636680', '186');
INSERT IGNORE INTO nurse_shift (AMKA, shift_id) VALUES ('0209548455', '186');
INSERT IGNORE INTO nurse_shift (AMKA, shift_id) VALUES ('1008771252', '186');
INSERT IGNORE INTO admin_shift (AMKA, shift_id) VALUES ('0505466886', '186');
INSERT IGNORE INTO admin_shift (AMKA, shift_id) VALUES ('0508766025', '186');
UPDATE IGNORE shift SET status = TRUE WHERE shift_id = '186';
INSERT IGNORE INTO dept_shift (dept_name, shift_id) VALUES ('Pediatrics', '186');
INSERT INTO shift (shift_id, day, type) VALUES ('187', '2026-06-01 00:00:00', '23:00-07:00');
INSERT IGNORE INTO doctor_shift (AMKA, shift_id) VALUES ('0402587115', '187');
INSERT IGNORE INTO doctor_shift (AMKA, shift_id) VALUES ('2003609278', '187');
INSERT IGNORE INTO doctor_shift (AMKA, shift_id) VALUES ('1301442380', '187');
INSERT IGNORE INTO doctor_shift (AMKA, shift_id) VALUES ('1502550745', '187');
INSERT IGNORE INTO doctor_shift (AMKA, shift_id) VALUES ('1808559940', '187');
INSERT IGNORE INTO doctor_shift (AMKA, shift_id) VALUES ('0510600514', '187');
INSERT IGNORE INTO nurse_shift (AMKA, shift_id) VALUES ('1003436272', '187');
INSERT IGNORE INTO nurse_shift (AMKA, shift_id) VALUES ('2608981810', '187');
INSERT IGNORE INTO nurse_shift (AMKA, shift_id) VALUES ('2601941624', '187');
INSERT IGNORE INTO nurse_shift (AMKA, shift_id) VALUES ('2106930406', '187');
INSERT IGNORE INTO nurse_shift (AMKA, shift_id) VALUES ('0609636680', '187');
INSERT IGNORE INTO nurse_shift (AMKA, shift_id) VALUES ('0812429714', '187');
INSERT IGNORE INTO admin_shift (AMKA, shift_id) VALUES ('1403488687', '187');
INSERT IGNORE INTO admin_shift (AMKA, shift_id) VALUES ('1311799909', '187');
INSERT IGNORE INTO admin_shift (AMKA, shift_id) VALUES ('2811646141', '187');
INSERT IGNORE INTO admin_shift (AMKA, shift_id) VALUES ('0912742757', '187');
UPDATE IGNORE shift SET status = TRUE WHERE shift_id = '187';
INSERT IGNORE INTO dept_shift (dept_name, shift_id) VALUES ('Pediatrics', '187');
INSERT INTO shift (shift_id, day, type) VALUES ('188', '2025-05-24 00:00:00', '15:00-23:00');
INSERT IGNORE INTO doctor_shift (AMKA, shift_id) VALUES ('2003609278', '188');
INSERT IGNORE INTO doctor_shift (AMKA, shift_id) VALUES ('0902609962', '188');
INSERT IGNORE INTO doctor_shift (AMKA, shift_id) VALUES ('0510600514', '188');
INSERT IGNORE INTO doctor_shift (AMKA, shift_id) VALUES ('0404978442', '188');
INSERT IGNORE INTO doctor_shift (AMKA, shift_id) VALUES ('2306446564', '188');
INSERT IGNORE INTO doctor_shift (AMKA, shift_id) VALUES ('2501995986', '188');
INSERT IGNORE INTO nurse_shift (AMKA, shift_id) VALUES ('2507425872', '188');
INSERT IGNORE INTO nurse_shift (AMKA, shift_id) VALUES ('1005405863', '188');
INSERT IGNORE INTO nurse_shift (AMKA, shift_id) VALUES ('1005673097', '188');
INSERT IGNORE INTO nurse_shift (AMKA, shift_id) VALUES ('1008771252', '188');
INSERT IGNORE INTO nurse_shift (AMKA, shift_id) VALUES ('0604638601', '188');
INSERT IGNORE INTO nurse_shift (AMKA, shift_id) VALUES ('0309459375', '188');
INSERT IGNORE INTO admin_shift (AMKA, shift_id) VALUES ('1405405087', '188');
INSERT IGNORE INTO admin_shift (AMKA, shift_id) VALUES ('2703913336', '188');
INSERT IGNORE INTO admin_shift (AMKA, shift_id) VALUES ('1907460463', '188');
UPDATE IGNORE shift SET status = TRUE WHERE shift_id = '188';
INSERT IGNORE INTO dept_shift (dept_name, shift_id) VALUES ('Neurology', '188');
INSERT INTO shift (shift_id, day, type) VALUES ('189', '2024-02-03 00:00:00', '15:00-23:00');
INSERT IGNORE INTO doctor_shift (AMKA, shift_id) VALUES ('3110765587', '189');
INSERT IGNORE INTO doctor_shift (AMKA, shift_id) VALUES ('1009974497', '189');
INSERT IGNORE INTO doctor_shift (AMKA, shift_id) VALUES ('2910956816', '189');
INSERT IGNORE INTO doctor_shift (AMKA, shift_id) VALUES ('3012870045', '189');
INSERT IGNORE INTO doctor_shift (AMKA, shift_id) VALUES ('2911689167', '189');
INSERT IGNORE INTO doctor_shift (AMKA, shift_id) VALUES ('2801801564', '189');
INSERT IGNORE INTO doctor_shift (AMKA, shift_id) VALUES ('0307549248', '189');
INSERT IGNORE INTO doctor_shift (AMKA, shift_id) VALUES ('0405403482', '189');
INSERT IGNORE INTO nurse_shift (AMKA, shift_id) VALUES ('0412793251', '189');
INSERT IGNORE INTO nurse_shift (AMKA, shift_id) VALUES ('1408414594', '189');
INSERT IGNORE INTO nurse_shift (AMKA, shift_id) VALUES ('1604513215', '189');
INSERT IGNORE INTO nurse_shift (AMKA, shift_id) VALUES ('2202668306', '189');
INSERT IGNORE INTO nurse_shift (AMKA, shift_id) VALUES ('2205724151', '189');
INSERT IGNORE INTO nurse_shift (AMKA, shift_id) VALUES ('1510663927', '189');
INSERT IGNORE INTO nurse_shift (AMKA, shift_id) VALUES ('3101766130', '189');
INSERT IGNORE INTO nurse_shift (AMKA, shift_id) VALUES ('2403611622', '189');
INSERT IGNORE INTO admin_shift (AMKA, shift_id) VALUES ('0810871867', '189');
INSERT IGNORE INTO admin_shift (AMKA, shift_id) VALUES ('2309518917', '189');
INSERT IGNORE INTO admin_shift (AMKA, shift_id) VALUES ('1405405087', '189');
INSERT IGNORE INTO admin_shift (AMKA, shift_id) VALUES ('1105817332', '189');
UPDATE IGNORE shift SET status = TRUE WHERE shift_id = '189';
INSERT IGNORE INTO dept_shift (dept_name, shift_id) VALUES ('Neurology', '189');
INSERT INTO shift (shift_id, day, type) VALUES ('190', '2026-04-16 00:00:00', '23:00-07:00');
INSERT IGNORE INTO doctor_shift (AMKA, shift_id) VALUES ('1402646365', '190');
INSERT IGNORE INTO doctor_shift (AMKA, shift_id) VALUES ('1611621504', '190');
INSERT IGNORE INTO doctor_shift (AMKA, shift_id) VALUES ('1008990170', '190');
INSERT IGNORE INTO doctor_shift (AMKA, shift_id) VALUES ('3012509660', '190');
INSERT IGNORE INTO doctor_shift (AMKA, shift_id) VALUES ('0405403482', '190');
INSERT IGNORE INTO nurse_shift (AMKA, shift_id) VALUES ('2711931843', '190');
INSERT IGNORE INTO nurse_shift (AMKA, shift_id) VALUES ('1711760995', '190');
INSERT IGNORE INTO nurse_shift (AMKA, shift_id) VALUES ('1911832103', '190');
INSERT IGNORE INTO nurse_shift (AMKA, shift_id) VALUES ('2906456566', '190');
INSERT IGNORE INTO nurse_shift (AMKA, shift_id) VALUES ('2202676265', '190');
INSERT IGNORE INTO nurse_shift (AMKA, shift_id) VALUES ('1308752778', '190');
INSERT IGNORE INTO nurse_shift (AMKA, shift_id) VALUES ('2601941624', '190');
INSERT IGNORE INTO nurse_shift (AMKA, shift_id) VALUES ('1005405863', '190');
INSERT IGNORE INTO nurse_shift (AMKA, shift_id) VALUES ('0412793251', '190');
INSERT IGNORE INTO admin_shift (AMKA, shift_id) VALUES ('2310523586', '190');
INSERT IGNORE INTO admin_shift (AMKA, shift_id) VALUES ('2103717007', '190');
INSERT IGNORE INTO admin_shift (AMKA, shift_id) VALUES ('2605932179', '190');
INSERT IGNORE INTO admin_shift (AMKA, shift_id) VALUES ('1405405087', '190');
UPDATE IGNORE shift SET status = TRUE WHERE shift_id = '190';
INSERT IGNORE INTO dept_shift (dept_name, shift_id) VALUES ('Neurology', '190');
INSERT INTO shift (shift_id, day, type) VALUES ('191', '2025-12-28 00:00:00', '15:00-23:00');
INSERT IGNORE INTO doctor_shift (AMKA, shift_id) VALUES ('1712008709', '191');
INSERT IGNORE INTO doctor_shift (AMKA, shift_id) VALUES ('2910450715', '191');
INSERT IGNORE INTO doctor_shift (AMKA, shift_id) VALUES ('0404978442', '191');
INSERT IGNORE INTO doctor_shift (AMKA, shift_id) VALUES ('2910956816', '191');
INSERT IGNORE INTO doctor_shift (AMKA, shift_id) VALUES ('2911689167', '191');
INSERT IGNORE INTO nurse_shift (AMKA, shift_id) VALUES ('2202676265', '191');
INSERT IGNORE INTO nurse_shift (AMKA, shift_id) VALUES ('2804859611', '191');
INSERT IGNORE INTO nurse_shift (AMKA, shift_id) VALUES ('0104472353', '191');
INSERT IGNORE INTO nurse_shift (AMKA, shift_id) VALUES ('0410663790', '191');
INSERT IGNORE INTO nurse_shift (AMKA, shift_id) VALUES ('1908566470', '191');
INSERT IGNORE INTO nurse_shift (AMKA, shift_id) VALUES ('0604638601', '191');
INSERT IGNORE INTO nurse_shift (AMKA, shift_id) VALUES ('3006845381', '191');
INSERT IGNORE INTO nurse_shift (AMKA, shift_id) VALUES ('1011859573', '191');
INSERT IGNORE INTO admin_shift (AMKA, shift_id) VALUES ('2103717007', '191');
INSERT IGNORE INTO admin_shift (AMKA, shift_id) VALUES ('0605578164', '191');
UPDATE IGNORE shift SET status = TRUE WHERE shift_id = '191';
INSERT IGNORE INTO dept_shift (dept_name, shift_id) VALUES ('Neurology', '191');
INSERT INTO shift (shift_id, day, type) VALUES ('192', '2026-08-28 00:00:00', '07:00-15:00');
INSERT IGNORE INTO doctor_shift (AMKA, shift_id) VALUES ('1502550745', '192');
INSERT IGNORE INTO doctor_shift (AMKA, shift_id) VALUES ('2809979050', '192');
INSERT IGNORE INTO doctor_shift (AMKA, shift_id) VALUES ('2306446564', '192');
INSERT IGNORE INTO doctor_shift (AMKA, shift_id) VALUES ('0202939499', '192');
INSERT IGNORE INTO nurse_shift (AMKA, shift_id) VALUES ('0612989649', '192');
INSERT IGNORE INTO nurse_shift (AMKA, shift_id) VALUES ('1410001291', '192');
INSERT IGNORE INTO nurse_shift (AMKA, shift_id) VALUES ('1604513215', '192');
INSERT IGNORE INTO nurse_shift (AMKA, shift_id) VALUES ('1210752839', '192');
INSERT IGNORE INTO nurse_shift (AMKA, shift_id) VALUES ('3009684644', '192');
INSERT IGNORE INTO nurse_shift (AMKA, shift_id) VALUES ('1005673097', '192');
INSERT IGNORE INTO nurse_shift (AMKA, shift_id) VALUES ('1408414594', '192');
INSERT IGNORE INTO nurse_shift (AMKA, shift_id) VALUES ('2711931843', '192');
INSERT IGNORE INTO nurse_shift (AMKA, shift_id) VALUES ('2507425872', '192');
INSERT IGNORE INTO admin_shift (AMKA, shift_id) VALUES ('2703913336', '192');
INSERT IGNORE INTO admin_shift (AMKA, shift_id) VALUES ('2811646141', '192');
INSERT IGNORE INTO admin_shift (AMKA, shift_id) VALUES ('0304601041', '192');
UPDATE IGNORE shift SET status = TRUE WHERE shift_id = '192';
INSERT IGNORE INTO dept_shift (dept_name, shift_id) VALUES ('Neurology', '192');
INSERT INTO shift (shift_id, day, type) VALUES ('193', '2025-06-28 00:00:00', '07:00-15:00');
INSERT IGNORE INTO doctor_shift (AMKA, shift_id) VALUES ('2306446564', '193');
INSERT IGNORE INTO doctor_shift (AMKA, shift_id) VALUES ('1810910652', '193');
INSERT IGNORE INTO doctor_shift (AMKA, shift_id) VALUES ('3108788705', '193');
INSERT IGNORE INTO nurse_shift (AMKA, shift_id) VALUES ('3007957631', '193');
INSERT IGNORE INTO nurse_shift (AMKA, shift_id) VALUES ('0804762436', '193');
INSERT IGNORE INTO nurse_shift (AMKA, shift_id) VALUES ('2411954432', '193');
INSERT IGNORE INTO nurse_shift (AMKA, shift_id) VALUES ('2901593818', '193');
INSERT IGNORE INTO nurse_shift (AMKA, shift_id) VALUES ('0407765594', '193');
INSERT IGNORE INTO nurse_shift (AMKA, shift_id) VALUES ('1410590275', '193');
INSERT IGNORE INTO nurse_shift (AMKA, shift_id) VALUES ('2912929004', '193');
INSERT IGNORE INTO admin_shift (AMKA, shift_id) VALUES ('2309518917', '193');
INSERT IGNORE INTO admin_shift (AMKA, shift_id) VALUES ('1711552309', '193');
INSERT IGNORE INTO admin_shift (AMKA, shift_id) VALUES ('0703960983', '193');
INSERT IGNORE INTO admin_shift (AMKA, shift_id) VALUES ('1907460463', '193');
UPDATE IGNORE shift SET status = TRUE WHERE shift_id = '193';
INSERT IGNORE INTO dept_shift (dept_name, shift_id) VALUES ('Neurology', '193');
INSERT INTO shift (shift_id, day, type) VALUES ('194', '2024-02-28 00:00:00', '23:00-07:00');
INSERT IGNORE INTO doctor_shift (AMKA, shift_id) VALUES ('0404978442', '194');
INSERT IGNORE INTO doctor_shift (AMKA, shift_id) VALUES ('2609009896', '194');
INSERT IGNORE INTO doctor_shift (AMKA, shift_id) VALUES ('0708733889', '194');
INSERT IGNORE INTO doctor_shift (AMKA, shift_id) VALUES ('3012598800', '194');
INSERT IGNORE INTO doctor_shift (AMKA, shift_id) VALUES ('0202939499', '194');
INSERT IGNORE INTO nurse_shift (AMKA, shift_id) VALUES ('2106697427', '194');
INSERT IGNORE INTO nurse_shift (AMKA, shift_id) VALUES ('1801437951', '194');
INSERT IGNORE INTO nurse_shift (AMKA, shift_id) VALUES ('0209548455', '194');
INSERT IGNORE INTO nurse_shift (AMKA, shift_id) VALUES ('0705726850', '194');
INSERT IGNORE INTO nurse_shift (AMKA, shift_id) VALUES ('3101766130', '194');
INSERT IGNORE INTO nurse_shift (AMKA, shift_id) VALUES ('2711931843', '194');
INSERT IGNORE INTO nurse_shift (AMKA, shift_id) VALUES ('0508623869', '194');
INSERT IGNORE INTO nurse_shift (AMKA, shift_id) VALUES ('1908647470', '194');
INSERT IGNORE INTO nurse_shift (AMKA, shift_id) VALUES ('1410001291', '194');
INSERT IGNORE INTO nurse_shift (AMKA, shift_id) VALUES ('0612989649', '194');
INSERT IGNORE INTO admin_shift (AMKA, shift_id) VALUES ('0205004029', '194');
INSERT IGNORE INTO admin_shift (AMKA, shift_id) VALUES ('1706440889', '194');
INSERT IGNORE INTO admin_shift (AMKA, shift_id) VALUES ('0810871867', '194');
INSERT IGNORE INTO admin_shift (AMKA, shift_id) VALUES ('1403488687', '194');
UPDATE IGNORE shift SET status = TRUE WHERE shift_id = '194';
INSERT IGNORE INTO dept_shift (dept_name, shift_id) VALUES ('Neurology', '194');
INSERT INTO shift (shift_id, day, type) VALUES ('195', '2025-10-16 00:00:00', '15:00-23:00');
INSERT IGNORE INTO doctor_shift (AMKA, shift_id) VALUES ('1009974497', '195');
INSERT IGNORE INTO doctor_shift (AMKA, shift_id) VALUES ('2809979050', '195');
INSERT IGNORE INTO doctor_shift (AMKA, shift_id) VALUES ('2411004971', '195');
INSERT IGNORE INTO doctor_shift (AMKA, shift_id) VALUES ('1803800903', '195');
INSERT IGNORE INTO doctor_shift (AMKA, shift_id) VALUES ('2906627360', '195');
INSERT IGNORE INTO nurse_shift (AMKA, shift_id) VALUES ('1005673097', '195');
INSERT IGNORE INTO nurse_shift (AMKA, shift_id) VALUES ('0807914051', '195');
INSERT IGNORE INTO nurse_shift (AMKA, shift_id) VALUES ('1403610713', '195');
INSERT IGNORE INTO nurse_shift (AMKA, shift_id) VALUES ('3011818066', '195');
INSERT IGNORE INTO nurse_shift (AMKA, shift_id) VALUES ('2608981810', '195');
INSERT IGNORE INTO nurse_shift (AMKA, shift_id) VALUES ('1005529092', '195');
INSERT IGNORE INTO nurse_shift (AMKA, shift_id) VALUES ('1911832103', '195');
INSERT IGNORE INTO admin_shift (AMKA, shift_id) VALUES ('1706440889', '195');
INSERT IGNORE INTO admin_shift (AMKA, shift_id) VALUES ('1907745998', '195');
UPDATE IGNORE shift SET status = TRUE WHERE shift_id = '195';
INSERT IGNORE INTO dept_shift (dept_name, shift_id) VALUES ('Neurology', '195');
INSERT INTO shift (shift_id, day, type) VALUES ('196', '2026-01-25 00:00:00', '23:00-07:00');
INSERT IGNORE INTO doctor_shift (AMKA, shift_id) VALUES ('2911689167', '196');
INSERT IGNORE INTO doctor_shift (AMKA, shift_id) VALUES ('3110765587', '196');
INSERT IGNORE INTO doctor_shift (AMKA, shift_id) VALUES ('1402646365', '196');
INSERT IGNORE INTO doctor_shift (AMKA, shift_id) VALUES ('0307549248', '196');
INSERT IGNORE INTO doctor_shift (AMKA, shift_id) VALUES ('1007513743', '196');
INSERT IGNORE INTO nurse_shift (AMKA, shift_id) VALUES ('1410590275', '196');
INSERT IGNORE INTO nurse_shift (AMKA, shift_id) VALUES ('0807914051', '196');
INSERT IGNORE INTO nurse_shift (AMKA, shift_id) VALUES ('1008771252', '196');
INSERT IGNORE INTO nurse_shift (AMKA, shift_id) VALUES ('0106962075', '196');
INSERT IGNORE INTO nurse_shift (AMKA, shift_id) VALUES ('1011859573', '196');
INSERT IGNORE INTO nurse_shift (AMKA, shift_id) VALUES ('0201878050', '196');
INSERT IGNORE INTO nurse_shift (AMKA, shift_id) VALUES ('1604513215', '196');
INSERT IGNORE INTO nurse_shift (AMKA, shift_id) VALUES ('3009684644', '196');
INSERT IGNORE INTO admin_shift (AMKA, shift_id) VALUES ('2309518917', '196');
INSERT IGNORE INTO admin_shift (AMKA, shift_id) VALUES ('1510768908', '196');
INSERT IGNORE INTO admin_shift (AMKA, shift_id) VALUES ('0707666244', '196');
UPDATE IGNORE shift SET status = TRUE WHERE shift_id = '196';
INSERT IGNORE INTO dept_shift (dept_name, shift_id) VALUES ('Neurology', '196');
INSERT INTO shift (shift_id, day, type) VALUES ('197', '2026-08-16 00:00:00', '23:00-07:00');
INSERT IGNORE INTO doctor_shift (AMKA, shift_id) VALUES ('3012598800', '197');
INSERT IGNORE INTO doctor_shift (AMKA, shift_id) VALUES ('1207427571', '197');
INSERT IGNORE INTO doctor_shift (AMKA, shift_id) VALUES ('3012509660', '197');
INSERT IGNORE INTO doctor_shift (AMKA, shift_id) VALUES ('2305633067', '197');
INSERT IGNORE INTO doctor_shift (AMKA, shift_id) VALUES ('1611621504', '197');
INSERT IGNORE INTO doctor_shift (AMKA, shift_id) VALUES ('1912455789', '197');
INSERT IGNORE INTO nurse_shift (AMKA, shift_id) VALUES ('2706761470', '197');
INSERT IGNORE INTO nurse_shift (AMKA, shift_id) VALUES ('0104472353', '197');
INSERT IGNORE INTO nurse_shift (AMKA, shift_id) VALUES ('1210752839', '197');
INSERT IGNORE INTO nurse_shift (AMKA, shift_id) VALUES ('0807809157', '197');
INSERT IGNORE INTO nurse_shift (AMKA, shift_id) VALUES ('0904571046', '197');
INSERT IGNORE INTO nurse_shift (AMKA, shift_id) VALUES ('1505505773', '197');
INSERT IGNORE INTO nurse_shift (AMKA, shift_id) VALUES ('1008771252', '197');
INSERT IGNORE INTO nurse_shift (AMKA, shift_id) VALUES ('1005529092', '197');
INSERT IGNORE INTO nurse_shift (AMKA, shift_id) VALUES ('2711931843', '197');
INSERT IGNORE INTO nurse_shift (AMKA, shift_id) VALUES ('2704464646', '197');
INSERT IGNORE INTO admin_shift (AMKA, shift_id) VALUES ('0703651721', '197');
INSERT IGNORE INTO admin_shift (AMKA, shift_id) VALUES ('1405405087', '197');
INSERT IGNORE INTO admin_shift (AMKA, shift_id) VALUES ('1209746373', '197');
UPDATE IGNORE shift SET status = TRUE WHERE shift_id = '197';
INSERT IGNORE INTO dept_shift (dept_name, shift_id) VALUES ('Neurology', '197');
INSERT INTO shift (shift_id, day, type) VALUES ('198', '2025-01-23 00:00:00', '15:00-23:00');
INSERT IGNORE INTO doctor_shift (AMKA, shift_id) VALUES ('2411651898', '198');
INSERT IGNORE INTO doctor_shift (AMKA, shift_id) VALUES ('2501995986', '198');
INSERT IGNORE INTO doctor_shift (AMKA, shift_id) VALUES ('0111689660', '198');
INSERT IGNORE INTO doctor_shift (AMKA, shift_id) VALUES ('2010494529', '198');
INSERT IGNORE INTO doctor_shift (AMKA, shift_id) VALUES ('3008951757', '198');
INSERT IGNORE INTO nurse_shift (AMKA, shift_id) VALUES ('3007957631', '198');
INSERT IGNORE INTO nurse_shift (AMKA, shift_id) VALUES ('3004641635', '198');
INSERT IGNORE INTO nurse_shift (AMKA, shift_id) VALUES ('2310744429', '198');
INSERT IGNORE INTO nurse_shift (AMKA, shift_id) VALUES ('3009684644', '198');
INSERT IGNORE INTO nurse_shift (AMKA, shift_id) VALUES ('2811867092', '198');
INSERT IGNORE INTO nurse_shift (AMKA, shift_id) VALUES ('2906456566', '198');
INSERT IGNORE INTO nurse_shift (AMKA, shift_id) VALUES ('0612989649', '198');
INSERT IGNORE INTO nurse_shift (AMKA, shift_id) VALUES ('1011859573', '198');
INSERT IGNORE INTO nurse_shift (AMKA, shift_id) VALUES ('0104472353', '198');
INSERT IGNORE INTO admin_shift (AMKA, shift_id) VALUES ('1405405087', '198');
INSERT IGNORE INTO admin_shift (AMKA, shift_id) VALUES ('3009559307', '198');
INSERT IGNORE INTO admin_shift (AMKA, shift_id) VALUES ('2303776978', '198');
UPDATE IGNORE shift SET status = TRUE WHERE shift_id = '198';
INSERT IGNORE INTO dept_shift (dept_name, shift_id) VALUES ('Neurology', '198');
INSERT INTO shift (shift_id, day, type) VALUES ('199', '2026-03-23 00:00:00', '15:00-23:00');
INSERT IGNORE INTO doctor_shift (AMKA, shift_id) VALUES ('2010494529', '199');
INSERT IGNORE INTO doctor_shift (AMKA, shift_id) VALUES ('3108788705', '199');
INSERT IGNORE INTO doctor_shift (AMKA, shift_id) VALUES ('1108642138', '199');
INSERT IGNORE INTO doctor_shift (AMKA, shift_id) VALUES ('1701623027', '199');
INSERT IGNORE INTO doctor_shift (AMKA, shift_id) VALUES ('2910450715', '199');
INSERT IGNORE INTO doctor_shift (AMKA, shift_id) VALUES ('0510600514', '199');
INSERT IGNORE INTO doctor_shift (AMKA, shift_id) VALUES ('2203591874', '199');
INSERT IGNORE INTO nurse_shift (AMKA, shift_id) VALUES ('2612729603', '199');
INSERT IGNORE INTO nurse_shift (AMKA, shift_id) VALUES ('1806981284', '199');
INSERT IGNORE INTO nurse_shift (AMKA, shift_id) VALUES ('0907972518', '199');
INSERT IGNORE INTO nurse_shift (AMKA, shift_id) VALUES ('0206841343', '199');
INSERT IGNORE INTO nurse_shift (AMKA, shift_id) VALUES ('1801437951', '199');
INSERT IGNORE INTO nurse_shift (AMKA, shift_id) VALUES ('2106930406', '199');
INSERT IGNORE INTO nurse_shift (AMKA, shift_id) VALUES ('1308752778', '199');
INSERT IGNORE INTO nurse_shift (AMKA, shift_id) VALUES ('1908647470', '199');
INSERT IGNORE INTO admin_shift (AMKA, shift_id) VALUES ('0503752616', '199');
INSERT IGNORE INTO admin_shift (AMKA, shift_id) VALUES ('0810459550', '199');
INSERT IGNORE INTO admin_shift (AMKA, shift_id) VALUES ('0505466886', '199');
INSERT IGNORE INTO admin_shift (AMKA, shift_id) VALUES ('2303776978', '199');
UPDATE IGNORE shift SET status = TRUE WHERE shift_id = '199';
INSERT IGNORE INTO dept_shift (dept_name, shift_id) VALUES ('Neurology', '199');
INSERT INTO shift (shift_id, day, type) VALUES ('200', '2026-04-23 00:00:00', '07:00-15:00');
INSERT IGNORE INTO doctor_shift (AMKA, shift_id) VALUES ('2305633067', '200');
INSERT IGNORE INTO doctor_shift (AMKA, shift_id) VALUES ('1209810216', '200');
INSERT IGNORE INTO doctor_shift (AMKA, shift_id) VALUES ('1803800903', '200');
INSERT IGNORE INTO doctor_shift (AMKA, shift_id) VALUES ('2111532740', '200');
INSERT IGNORE INTO nurse_shift (AMKA, shift_id) VALUES ('2612729603', '200');
INSERT IGNORE INTO nurse_shift (AMKA, shift_id) VALUES ('0508623869', '200');
INSERT IGNORE INTO nurse_shift (AMKA, shift_id) VALUES ('0309734619', '200');
INSERT IGNORE INTO nurse_shift (AMKA, shift_id) VALUES ('0612989649', '200');
INSERT IGNORE INTO nurse_shift (AMKA, shift_id) VALUES ('3103488159', '200');
INSERT IGNORE INTO nurse_shift (AMKA, shift_id) VALUES ('2507425872', '200');
INSERT IGNORE INTO admin_shift (AMKA, shift_id) VALUES ('2604773268', '200');
INSERT IGNORE INTO admin_shift (AMKA, shift_id) VALUES ('2901826359', '200');
UPDATE IGNORE shift SET status = TRUE WHERE shift_id = '200';
INSERT IGNORE INTO dept_shift (dept_name, shift_id) VALUES ('Oncology', '200');
INSERT INTO shift (shift_id, day, type) VALUES ('201', '2024-05-29 00:00:00', '23:00-07:00');
INSERT IGNORE INTO doctor_shift (AMKA, shift_id) VALUES ('2607905982', '201');
INSERT IGNORE INTO doctor_shift (AMKA, shift_id) VALUES ('3110765587', '201');
INSERT IGNORE INTO doctor_shift (AMKA, shift_id) VALUES ('2411651898', '201');
INSERT IGNORE INTO doctor_shift (AMKA, shift_id) VALUES ('0305579221', '201');
INSERT IGNORE INTO doctor_shift (AMKA, shift_id) VALUES ('1402646365', '201');
INSERT IGNORE INTO doctor_shift (AMKA, shift_id) VALUES ('3012509660', '201');
INSERT IGNORE INTO doctor_shift (AMKA, shift_id) VALUES ('2905541171', '201');
INSERT IGNORE INTO doctor_shift (AMKA, shift_id) VALUES ('2311474214', '201');
INSERT IGNORE INTO nurse_shift (AMKA, shift_id) VALUES ('2401552006', '201');
INSERT IGNORE INTO nurse_shift (AMKA, shift_id) VALUES ('1410001291', '201');
INSERT IGNORE INTO nurse_shift (AMKA, shift_id) VALUES ('2912929004', '201');
INSERT IGNORE INTO nurse_shift (AMKA, shift_id) VALUES ('2110703028', '201');
INSERT IGNORE INTO nurse_shift (AMKA, shift_id) VALUES ('1505505773', '201');
INSERT IGNORE INTO nurse_shift (AMKA, shift_id) VALUES ('2608981810', '201');
INSERT IGNORE INTO nurse_shift (AMKA, shift_id) VALUES ('1005405863', '201');
INSERT IGNORE INTO nurse_shift (AMKA, shift_id) VALUES ('2901593818', '201');
INSERT IGNORE INTO admin_shift (AMKA, shift_id) VALUES ('2703913336', '201');
INSERT IGNORE INTO admin_shift (AMKA, shift_id) VALUES ('0810871867', '201');
INSERT IGNORE INTO admin_shift (AMKA, shift_id) VALUES ('0201483619', '201');
INSERT IGNORE INTO admin_shift (AMKA, shift_id) VALUES ('0102594389', '201');
UPDATE IGNORE shift SET status = TRUE WHERE shift_id = '201';
INSERT IGNORE INTO dept_shift (dept_name, shift_id) VALUES ('Oncology', '201');
INSERT INTO shift (shift_id, day, type) VALUES ('202', '2026-03-21 00:00:00', '23:00-07:00');
INSERT IGNORE INTO doctor_shift (AMKA, shift_id) VALUES ('2311474214', '202');
INSERT IGNORE INTO doctor_shift (AMKA, shift_id) VALUES ('2801801564', '202');
INSERT IGNORE INTO doctor_shift (AMKA, shift_id) VALUES ('0410862119', '202');
INSERT IGNORE INTO doctor_shift (AMKA, shift_id) VALUES ('2111532740', '202');
INSERT IGNORE INTO doctor_shift (AMKA, shift_id) VALUES ('1611621504', '202');
INSERT IGNORE INTO doctor_shift (AMKA, shift_id) VALUES ('1712008709', '202');
INSERT IGNORE INTO doctor_shift (AMKA, shift_id) VALUES ('1008990170', '202');
INSERT IGNORE INTO doctor_shift (AMKA, shift_id) VALUES ('2406419109', '202');
INSERT IGNORE INTO nurse_shift (AMKA, shift_id) VALUES ('1008771252', '202');
INSERT IGNORE INTO nurse_shift (AMKA, shift_id) VALUES ('2404846418', '202');
INSERT IGNORE INTO nurse_shift (AMKA, shift_id) VALUES ('0104472353', '202');
INSERT IGNORE INTO nurse_shift (AMKA, shift_id) VALUES ('1504406068', '202');
INSERT IGNORE INTO nurse_shift (AMKA, shift_id) VALUES ('0407765594', '202');
INSERT IGNORE INTO nurse_shift (AMKA, shift_id) VALUES ('2411954432', '202');
INSERT IGNORE INTO admin_shift (AMKA, shift_id) VALUES ('0205901915', '202');
INSERT IGNORE INTO admin_shift (AMKA, shift_id) VALUES ('0102594389', '202');
UPDATE IGNORE shift SET status = TRUE WHERE shift_id = '202';
INSERT IGNORE INTO dept_shift (dept_name, shift_id) VALUES ('Oncology', '202');
INSERT INTO shift (shift_id, day, type) VALUES ('203', '2025-05-01 00:00:00', '07:00-15:00');
INSERT IGNORE INTO doctor_shift (AMKA, shift_id) VALUES ('1502550745', '203');
INSERT IGNORE INTO doctor_shift (AMKA, shift_id) VALUES ('0307549248', '203');
INSERT IGNORE INTO doctor_shift (AMKA, shift_id) VALUES ('1007513743', '203');
INSERT IGNORE INTO doctor_shift (AMKA, shift_id) VALUES ('0103962870', '203');
INSERT IGNORE INTO doctor_shift (AMKA, shift_id) VALUES ('1705602559', '203');
INSERT IGNORE INTO doctor_shift (AMKA, shift_id) VALUES ('0902609962', '203');
INSERT IGNORE INTO doctor_shift (AMKA, shift_id) VALUES ('2305692753', '203');
INSERT IGNORE INTO nurse_shift (AMKA, shift_id) VALUES ('1005405863', '203');
INSERT IGNORE INTO nurse_shift (AMKA, shift_id) VALUES ('2208482039', '203');
INSERT IGNORE INTO nurse_shift (AMKA, shift_id) VALUES ('1308752778', '203');
INSERT IGNORE INTO nurse_shift (AMKA, shift_id) VALUES ('3009684644', '203');
INSERT IGNORE INTO nurse_shift (AMKA, shift_id) VALUES ('0309459375', '203');
INSERT IGNORE INTO nurse_shift (AMKA, shift_id) VALUES ('0104472353', '203');
INSERT IGNORE INTO nurse_shift (AMKA, shift_id) VALUES ('2202676265', '203');
INSERT IGNORE INTO admin_shift (AMKA, shift_id) VALUES ('0706936645', '203');
INSERT IGNORE INTO admin_shift (AMKA, shift_id) VALUES ('1311799909', '203');
INSERT IGNORE INTO admin_shift (AMKA, shift_id) VALUES ('0812426773', '203');
UPDATE IGNORE shift SET status = TRUE WHERE shift_id = '203';
INSERT IGNORE INTO dept_shift (dept_name, shift_id) VALUES ('Oncology', '203');
INSERT INTO shift (shift_id, day, type) VALUES ('204', '2025-02-11 00:00:00', '23:00-07:00');
INSERT IGNORE INTO doctor_shift (AMKA, shift_id) VALUES ('0404978442', '204');
INSERT IGNORE INTO doctor_shift (AMKA, shift_id) VALUES ('0402587115', '204');
INSERT IGNORE INTO doctor_shift (AMKA, shift_id) VALUES ('2106602456', '204');
INSERT IGNORE INTO nurse_shift (AMKA, shift_id) VALUES ('1510663927', '204');
INSERT IGNORE INTO nurse_shift (AMKA, shift_id) VALUES ('3004641635', '204');
INSERT IGNORE INTO nurse_shift (AMKA, shift_id) VALUES ('0710837433', '204');
INSERT IGNORE INTO nurse_shift (AMKA, shift_id) VALUES ('0807809157', '204');
INSERT IGNORE INTO nurse_shift (AMKA, shift_id) VALUES ('2704464646', '204');
INSERT IGNORE INTO nurse_shift (AMKA, shift_id) VALUES ('0206841343', '204');
INSERT IGNORE INTO nurse_shift (AMKA, shift_id) VALUES ('1005405863', '204');
INSERT IGNORE INTO nurse_shift (AMKA, shift_id) VALUES ('2604879705', '204');
INSERT IGNORE INTO nurse_shift (AMKA, shift_id) VALUES ('2403611622', '204');
INSERT IGNORE INTO admin_shift (AMKA, shift_id) VALUES ('0707666244', '204');
INSERT IGNORE INTO admin_shift (AMKA, shift_id) VALUES ('2811646141', '204');
INSERT IGNORE INTO admin_shift (AMKA, shift_id) VALUES ('2408699743', '204');
INSERT IGNORE INTO admin_shift (AMKA, shift_id) VALUES ('1910579614', '204');
UPDATE IGNORE shift SET status = TRUE WHERE shift_id = '204';
INSERT IGNORE INTO dept_shift (dept_name, shift_id) VALUES ('Oncology', '204');
INSERT INTO shift (shift_id, day, type) VALUES ('205', '2026-03-07 00:00:00', '15:00-23:00');
INSERT IGNORE INTO doctor_shift (AMKA, shift_id) VALUES ('0405994014', '205');
INSERT IGNORE INTO doctor_shift (AMKA, shift_id) VALUES ('1301442380', '205');
INSERT IGNORE INTO doctor_shift (AMKA, shift_id) VALUES ('2609009896', '205');
INSERT IGNORE INTO doctor_shift (AMKA, shift_id) VALUES ('3012509660', '205');
INSERT IGNORE INTO doctor_shift (AMKA, shift_id) VALUES ('2708580170', '205');
INSERT IGNORE INTO doctor_shift (AMKA, shift_id) VALUES ('1402646365', '205');
INSERT IGNORE INTO nurse_shift (AMKA, shift_id) VALUES ('2106697427', '205');
INSERT IGNORE INTO nurse_shift (AMKA, shift_id) VALUES ('0907972518', '205');
INSERT IGNORE INTO nurse_shift (AMKA, shift_id) VALUES ('1408414594', '205');
INSERT IGNORE INTO nurse_shift (AMKA, shift_id) VALUES ('0812429714', '205');
INSERT IGNORE INTO nurse_shift (AMKA, shift_id) VALUES ('2106930406', '205');
INSERT IGNORE INTO nurse_shift (AMKA, shift_id) VALUES ('1911611265', '205');
INSERT IGNORE INTO nurse_shift (AMKA, shift_id) VALUES ('1505505773', '205');
INSERT IGNORE INTO nurse_shift (AMKA, shift_id) VALUES ('3103488159', '205');
INSERT IGNORE INTO admin_shift (AMKA, shift_id) VALUES ('2103717007', '205');
INSERT IGNORE INTO admin_shift (AMKA, shift_id) VALUES ('0304601041', '205');
INSERT IGNORE INTO admin_shift (AMKA, shift_id) VALUES ('0201483619', '205');
UPDATE IGNORE shift SET status = TRUE WHERE shift_id = '205';
INSERT IGNORE INTO dept_shift (dept_name, shift_id) VALUES ('Oncology', '205');
INSERT INTO shift (shift_id, day, type) VALUES ('206', '2024-04-18 00:00:00', '15:00-23:00');
INSERT IGNORE INTO doctor_shift (AMKA, shift_id) VALUES ('1301442380', '206');
INSERT IGNORE INTO doctor_shift (AMKA, shift_id) VALUES ('0405994014', '206');
INSERT IGNORE INTO doctor_shift (AMKA, shift_id) VALUES ('2501995986', '206');
INSERT IGNORE INTO doctor_shift (AMKA, shift_id) VALUES ('1701623027', '206');
INSERT IGNORE INTO doctor_shift (AMKA, shift_id) VALUES ('0807736496', '206');
INSERT IGNORE INTO doctor_shift (AMKA, shift_id) VALUES ('1502550745', '206');
INSERT IGNORE INTO doctor_shift (AMKA, shift_id) VALUES ('0802581734', '206');
INSERT IGNORE INTO doctor_shift (AMKA, shift_id) VALUES ('3008951757', '206');
INSERT IGNORE INTO nurse_shift (AMKA, shift_id) VALUES ('1403610713', '206');
INSERT IGNORE INTO nurse_shift (AMKA, shift_id) VALUES ('2106930406', '206');
INSERT IGNORE INTO nurse_shift (AMKA, shift_id) VALUES ('2110703028', '206');
INSERT IGNORE INTO nurse_shift (AMKA, shift_id) VALUES ('0508623869', '206');
INSERT IGNORE INTO nurse_shift (AMKA, shift_id) VALUES ('3105850934', '206');
INSERT IGNORE INTO nurse_shift (AMKA, shift_id) VALUES ('2403611622', '206');
INSERT IGNORE INTO nurse_shift (AMKA, shift_id) VALUES ('2612762096', '206');
INSERT IGNORE INTO nurse_shift (AMKA, shift_id) VALUES ('0412793251', '206');
INSERT IGNORE INTO admin_shift (AMKA, shift_id) VALUES ('2408699743', '206');
INSERT IGNORE INTO admin_shift (AMKA, shift_id) VALUES ('1910579614', '206');
UPDATE IGNORE shift SET status = TRUE WHERE shift_id = '206';
INSERT IGNORE INTO dept_shift (dept_name, shift_id) VALUES ('Oncology', '206');
INSERT INTO shift (shift_id, day, type) VALUES ('207', '2025-05-16 00:00:00', '07:00-15:00');
INSERT IGNORE INTO doctor_shift (AMKA, shift_id) VALUES ('0906651672', '207');
INSERT IGNORE INTO doctor_shift (AMKA, shift_id) VALUES ('3012509660', '207');
INSERT IGNORE INTO doctor_shift (AMKA, shift_id) VALUES ('1207427571', '207');
INSERT IGNORE INTO doctor_shift (AMKA, shift_id) VALUES ('1009974497', '207');
INSERT IGNORE INTO doctor_shift (AMKA, shift_id) VALUES ('1908663047', '207');
INSERT IGNORE INTO doctor_shift (AMKA, shift_id) VALUES ('0307549248', '207');
INSERT IGNORE INTO nurse_shift (AMKA, shift_id) VALUES ('0106962075', '207');
INSERT IGNORE INTO nurse_shift (AMKA, shift_id) VALUES ('2205724151', '207');
INSERT IGNORE INTO nurse_shift (AMKA, shift_id) VALUES ('1005405863', '207');
INSERT IGNORE INTO nurse_shift (AMKA, shift_id) VALUES ('0604638601', '207');
INSERT IGNORE INTO nurse_shift (AMKA, shift_id) VALUES ('1801437951', '207');
INSERT IGNORE INTO nurse_shift (AMKA, shift_id) VALUES ('2601941624', '207');
INSERT IGNORE INTO nurse_shift (AMKA, shift_id) VALUES ('2704464646', '207');
INSERT IGNORE INTO nurse_shift (AMKA, shift_id) VALUES ('0807914051', '207');
INSERT IGNORE INTO admin_shift (AMKA, shift_id) VALUES ('0405421061', '207');
INSERT IGNORE INTO admin_shift (AMKA, shift_id) VALUES ('2408699743', '207');
UPDATE IGNORE shift SET status = TRUE WHERE shift_id = '207';
INSERT IGNORE INTO dept_shift (dept_name, shift_id) VALUES ('Oncology', '207');
INSERT INTO shift (shift_id, day, type) VALUES ('208', '2025-09-17 00:00:00', '15:00-23:00');
INSERT IGNORE INTO doctor_shift (AMKA, shift_id) VALUES ('0706543302', '208');
INSERT IGNORE INTO doctor_shift (AMKA, shift_id) VALUES ('1908663047', '208');
INSERT IGNORE INTO doctor_shift (AMKA, shift_id) VALUES ('2906540192', '208');
INSERT IGNORE INTO doctor_shift (AMKA, shift_id) VALUES ('3012870045', '208');
INSERT IGNORE INTO doctor_shift (AMKA, shift_id) VALUES ('2906627360', '208');
INSERT IGNORE INTO doctor_shift (AMKA, shift_id) VALUES ('1912455789', '208');
INSERT IGNORE INTO doctor_shift (AMKA, shift_id) VALUES ('2311474214', '208');
INSERT IGNORE INTO doctor_shift (AMKA, shift_id) VALUES ('0404978442', '208');
INSERT IGNORE INTO nurse_shift (AMKA, shift_id) VALUES ('1908647470', '208');
INSERT IGNORE INTO nurse_shift (AMKA, shift_id) VALUES ('3006845381', '208');
INSERT IGNORE INTO nurse_shift (AMKA, shift_id) VALUES ('2704464646', '208');
INSERT IGNORE INTO nurse_shift (AMKA, shift_id) VALUES ('1801437951', '208');
INSERT IGNORE INTO nurse_shift (AMKA, shift_id) VALUES ('1308752778', '208');
INSERT IGNORE INTO nurse_shift (AMKA, shift_id) VALUES ('2412005893', '208');
INSERT IGNORE INTO nurse_shift (AMKA, shift_id) VALUES ('0706774178', '208');
INSERT IGNORE INTO nurse_shift (AMKA, shift_id) VALUES ('2202676265', '208');
INSERT IGNORE INTO admin_shift (AMKA, shift_id) VALUES ('1311799909', '208');
INSERT IGNORE INTO admin_shift (AMKA, shift_id) VALUES ('1907460463', '208');
INSERT IGNORE INTO admin_shift (AMKA, shift_id) VALUES ('1403488687', '208');
UPDATE IGNORE shift SET status = TRUE WHERE shift_id = '208';
INSERT IGNORE INTO dept_shift (dept_name, shift_id) VALUES ('Oncology', '208');
INSERT INTO shift (shift_id, day, type) VALUES ('209', '2026-06-13 00:00:00', '15:00-23:00');
INSERT IGNORE INTO doctor_shift (AMKA, shift_id) VALUES ('2306446564', '209');
INSERT IGNORE INTO doctor_shift (AMKA, shift_id) VALUES ('2801801564', '209');
INSERT IGNORE INTO doctor_shift (AMKA, shift_id) VALUES ('1207427571', '209');
INSERT IGNORE INTO doctor_shift (AMKA, shift_id) VALUES ('0202939499', '209');
INSERT IGNORE INTO doctor_shift (AMKA, shift_id) VALUES ('0306542190', '209');
INSERT IGNORE INTO doctor_shift (AMKA, shift_id) VALUES ('2402877693', '209');
INSERT IGNORE INTO doctor_shift (AMKA, shift_id) VALUES ('1301442380', '209');
INSERT IGNORE INTO nurse_shift (AMKA, shift_id) VALUES ('2906456566', '209');
INSERT IGNORE INTO nurse_shift (AMKA, shift_id) VALUES ('0612989649', '209');
INSERT IGNORE INTO nurse_shift (AMKA, shift_id) VALUES ('1806981284', '209');
INSERT IGNORE INTO nurse_shift (AMKA, shift_id) VALUES ('1008771252', '209');
INSERT IGNORE INTO nurse_shift (AMKA, shift_id) VALUES ('1604513215', '209');
INSERT IGNORE INTO nurse_shift (AMKA, shift_id) VALUES ('1401961017', '209');
INSERT IGNORE INTO nurse_shift (AMKA, shift_id) VALUES ('0609636680', '209');
INSERT IGNORE INTO admin_shift (AMKA, shift_id) VALUES ('1701751366', '209');
INSERT IGNORE INTO admin_shift (AMKA, shift_id) VALUES ('0405421061', '209');
INSERT IGNORE INTO admin_shift (AMKA, shift_id) VALUES ('2811646141', '209');
INSERT IGNORE INTO admin_shift (AMKA, shift_id) VALUES ('1109996077', '209');
UPDATE IGNORE shift SET status = TRUE WHERE shift_id = '209';
INSERT IGNORE INTO dept_shift (dept_name, shift_id) VALUES ('Oncology', '209');
INSERT INTO shift (shift_id, day, type) VALUES ('210', '2024-10-21 00:00:00', '23:00-07:00');
INSERT IGNORE INTO doctor_shift (AMKA, shift_id) VALUES ('1712008709', '210');
INSERT IGNORE INTO doctor_shift (AMKA, shift_id) VALUES ('2501995986', '210');
INSERT IGNORE INTO doctor_shift (AMKA, shift_id) VALUES ('1803800903', '210');
INSERT IGNORE INTO doctor_shift (AMKA, shift_id) VALUES ('1908663047', '210');
INSERT IGNORE INTO doctor_shift (AMKA, shift_id) VALUES ('2708580170', '210');
INSERT IGNORE INTO doctor_shift (AMKA, shift_id) VALUES ('0111689660', '210');
INSERT IGNORE INTO doctor_shift (AMKA, shift_id) VALUES ('3012870045', '210');
INSERT IGNORE INTO nurse_shift (AMKA, shift_id) VALUES ('1005529092', '210');
INSERT IGNORE INTO nurse_shift (AMKA, shift_id) VALUES ('0206841343', '210');
INSERT IGNORE INTO nurse_shift (AMKA, shift_id) VALUES ('2209951799', '210');
INSERT IGNORE INTO nurse_shift (AMKA, shift_id) VALUES ('1104820571', '210');
INSERT IGNORE INTO nurse_shift (AMKA, shift_id) VALUES ('0706774178', '210');
INSERT IGNORE INTO nurse_shift (AMKA, shift_id) VALUES ('0309734619', '210');
INSERT IGNORE INTO nurse_shift (AMKA, shift_id) VALUES ('2601941624', '210');
INSERT IGNORE INTO admin_shift (AMKA, shift_id) VALUES ('1405405087', '210');
INSERT IGNORE INTO admin_shift (AMKA, shift_id) VALUES ('0205004029', '210');
INSERT IGNORE INTO admin_shift (AMKA, shift_id) VALUES ('0205901915', '210');
INSERT IGNORE INTO admin_shift (AMKA, shift_id) VALUES ('2604773268', '210');
UPDATE IGNORE shift SET status = TRUE WHERE shift_id = '210';
INSERT IGNORE INTO dept_shift (dept_name, shift_id) VALUES ('Oncology', '210');
INSERT INTO shift (shift_id, day, type) VALUES ('211', '2024-05-21 00:00:00', '23:00-07:00');
INSERT IGNORE INTO doctor_shift (AMKA, shift_id) VALUES ('2809979050', '211');
INSERT IGNORE INTO doctor_shift (AMKA, shift_id) VALUES ('2010494529', '211');
INSERT IGNORE INTO doctor_shift (AMKA, shift_id) VALUES ('0103962870', '211');
INSERT IGNORE INTO nurse_shift (AMKA, shift_id) VALUES ('0706774178', '211');
INSERT IGNORE INTO nurse_shift (AMKA, shift_id) VALUES ('2510897021', '211');
INSERT IGNORE INTO nurse_shift (AMKA, shift_id) VALUES ('1308752778', '211');
INSERT IGNORE INTO nurse_shift (AMKA, shift_id) VALUES ('2104656720', '211');
INSERT IGNORE INTO nurse_shift (AMKA, shift_id) VALUES ('1006547847', '211');
INSERT IGNORE INTO nurse_shift (AMKA, shift_id) VALUES ('2608415059', '211');
INSERT IGNORE INTO nurse_shift (AMKA, shift_id) VALUES ('1908566470', '211');
INSERT IGNORE INTO nurse_shift (AMKA, shift_id) VALUES ('0804762436', '211');
INSERT IGNORE INTO nurse_shift (AMKA, shift_id) VALUES ('0904571046', '211');
INSERT IGNORE INTO nurse_shift (AMKA, shift_id) VALUES ('0805615787', '211');
INSERT IGNORE INTO admin_shift (AMKA, shift_id) VALUES ('0706936645', '211');
INSERT IGNORE INTO admin_shift (AMKA, shift_id) VALUES ('0304601041', '211');
UPDATE IGNORE shift SET status = TRUE WHERE shift_id = '211';
INSERT IGNORE INTO dept_shift (dept_name, shift_id) VALUES ('Oncology', '211');
INSERT INTO shift (shift_id, day, type) VALUES ('212', '2024-07-04 00:00:00', '23:00-07:00');
INSERT IGNORE INTO doctor_shift (AMKA, shift_id) VALUES ('1109428284', '212');
INSERT IGNORE INTO doctor_shift (AMKA, shift_id) VALUES ('1712008709', '212');
INSERT IGNORE INTO doctor_shift (AMKA, shift_id) VALUES ('0306542190', '212');
INSERT IGNORE INTO doctor_shift (AMKA, shift_id) VALUES ('0906651672', '212');
INSERT IGNORE INTO doctor_shift (AMKA, shift_id) VALUES ('0307549248', '212');
INSERT IGNORE INTO doctor_shift (AMKA, shift_id) VALUES ('2609009896', '212');
INSERT IGNORE INTO doctor_shift (AMKA, shift_id) VALUES ('1008990170', '212');
INSERT IGNORE INTO doctor_shift (AMKA, shift_id) VALUES ('2406419109', '212');
INSERT IGNORE INTO nurse_shift (AMKA, shift_id) VALUES ('1410590275', '212');
INSERT IGNORE INTO nurse_shift (AMKA, shift_id) VALUES ('1908566470', '212');
INSERT IGNORE INTO nurse_shift (AMKA, shift_id) VALUES ('0309734619', '212');
INSERT IGNORE INTO nurse_shift (AMKA, shift_id) VALUES ('2411954432', '212');
INSERT IGNORE INTO nurse_shift (AMKA, shift_id) VALUES ('1003436272', '212');
INSERT IGNORE INTO nurse_shift (AMKA, shift_id) VALUES ('0604638601', '212');
INSERT IGNORE INTO nurse_shift (AMKA, shift_id) VALUES ('1911611265', '212');
INSERT IGNORE INTO nurse_shift (AMKA, shift_id) VALUES ('0812429714', '212');
INSERT IGNORE INTO admin_shift (AMKA, shift_id) VALUES ('1105817332', '212');
INSERT IGNORE INTO admin_shift (AMKA, shift_id) VALUES ('1907745998', '212');
INSERT IGNORE INTO admin_shift (AMKA, shift_id) VALUES ('0405421061', '212');
UPDATE IGNORE shift SET status = TRUE WHERE shift_id = '212';
INSERT IGNORE INTO dept_shift (dept_name, shift_id) VALUES ('Oncology', '212');
INSERT INTO shift (shift_id, day, type) VALUES ('213', '2024-06-01 00:00:00', '15:00-23:00');
INSERT IGNORE INTO doctor_shift (AMKA, shift_id) VALUES ('3012509660', '213');
INSERT IGNORE INTO doctor_shift (AMKA, shift_id) VALUES ('2106602456', '213');
INSERT IGNORE INTO doctor_shift (AMKA, shift_id) VALUES ('0802581734', '213');
INSERT IGNORE INTO doctor_shift (AMKA, shift_id) VALUES ('2111532740', '213');
INSERT IGNORE INTO doctor_shift (AMKA, shift_id) VALUES ('1701623027', '213');
INSERT IGNORE INTO doctor_shift (AMKA, shift_id) VALUES ('2906540192', '213');
INSERT IGNORE INTO doctor_shift (AMKA, shift_id) VALUES ('2910956816', '213');
INSERT IGNORE INTO doctor_shift (AMKA, shift_id) VALUES ('2010494529', '213');
INSERT IGNORE INTO nurse_shift (AMKA, shift_id) VALUES ('2106930406', '213');
INSERT IGNORE INTO nurse_shift (AMKA, shift_id) VALUES ('1908566470', '213');
INSERT IGNORE INTO nurse_shift (AMKA, shift_id) VALUES ('0309734619', '213');
INSERT IGNORE INTO nurse_shift (AMKA, shift_id) VALUES ('0604638601', '213');
INSERT IGNORE INTO nurse_shift (AMKA, shift_id) VALUES ('0410663790', '213');
INSERT IGNORE INTO nurse_shift (AMKA, shift_id) VALUES ('2412005893', '213');
INSERT IGNORE INTO admin_shift (AMKA, shift_id) VALUES ('1311799909', '213');
INSERT IGNORE INTO admin_shift (AMKA, shift_id) VALUES ('0605578164', '213');
INSERT IGNORE INTO admin_shift (AMKA, shift_id) VALUES ('2811646141', '213');
UPDATE IGNORE shift SET status = TRUE WHERE shift_id = '213';
INSERT IGNORE INTO dept_shift (dept_name, shift_id) VALUES ('Oncology', '213');
INSERT INTO shift (shift_id, day, type) VALUES ('214', '2024-04-03 00:00:00', '07:00-15:00');
INSERT IGNORE INTO doctor_shift (AMKA, shift_id) VALUES ('0202939499', '214');
INSERT IGNORE INTO doctor_shift (AMKA, shift_id) VALUES ('1908663047', '214');
INSERT IGNORE INTO doctor_shift (AMKA, shift_id) VALUES ('2905541171', '214');
INSERT IGNORE INTO doctor_shift (AMKA, shift_id) VALUES ('2305692753', '214');
INSERT IGNORE INTO doctor_shift (AMKA, shift_id) VALUES ('2710919774', '214');
INSERT IGNORE INTO doctor_shift (AMKA, shift_id) VALUES ('1502550745', '214');
INSERT IGNORE INTO doctor_shift (AMKA, shift_id) VALUES ('0404978442', '214');
INSERT IGNORE INTO doctor_shift (AMKA, shift_id) VALUES ('2607905982', '214');
INSERT IGNORE INTO nurse_shift (AMKA, shift_id) VALUES ('3006845381', '214');
INSERT IGNORE INTO nurse_shift (AMKA, shift_id) VALUES ('1401961017', '214');
INSERT IGNORE INTO nurse_shift (AMKA, shift_id) VALUES ('1510663927', '214');
INSERT IGNORE INTO nurse_shift (AMKA, shift_id) VALUES ('2202668306', '214');
INSERT IGNORE INTO nurse_shift (AMKA, shift_id) VALUES ('1410590275', '214');
INSERT IGNORE INTO nurse_shift (AMKA, shift_id) VALUES ('1206677028', '214');
INSERT IGNORE INTO nurse_shift (AMKA, shift_id) VALUES ('1408414594', '214');
INSERT IGNORE INTO nurse_shift (AMKA, shift_id) VALUES ('2106930406', '214');
INSERT IGNORE INTO nurse_shift (AMKA, shift_id) VALUES ('2007568464', '214');
INSERT IGNORE INTO admin_shift (AMKA, shift_id) VALUES ('0601887396', '214');
INSERT IGNORE INTO admin_shift (AMKA, shift_id) VALUES ('2309518917', '214');
INSERT IGNORE INTO admin_shift (AMKA, shift_id) VALUES ('1503705648', '214');
INSERT IGNORE INTO admin_shift (AMKA, shift_id) VALUES ('0706936645', '214');
UPDATE IGNORE shift SET status = TRUE WHERE shift_id = '214';
INSERT IGNORE INTO dept_shift (dept_name, shift_id) VALUES ('Oncology', '214');
INSERT INTO shift (shift_id, day, type) VALUES ('215', '2025-08-03 00:00:00', '23:00-07:00');
INSERT IGNORE INTO doctor_shift (AMKA, shift_id) VALUES ('2801897549', '215');
INSERT IGNORE INTO doctor_shift (AMKA, shift_id) VALUES ('1209810216', '215');
INSERT IGNORE INTO doctor_shift (AMKA, shift_id) VALUES ('2411004971', '215');
INSERT IGNORE INTO doctor_shift (AMKA, shift_id) VALUES ('0103962870', '215');
INSERT IGNORE INTO nurse_shift (AMKA, shift_id) VALUES ('1911611265', '215');
INSERT IGNORE INTO nurse_shift (AMKA, shift_id) VALUES ('3006845381', '215');
INSERT IGNORE INTO nurse_shift (AMKA, shift_id) VALUES ('0904571046', '215');
INSERT IGNORE INTO nurse_shift (AMKA, shift_id) VALUES ('1908647470', '215');
INSERT IGNORE INTO nurse_shift (AMKA, shift_id) VALUES ('0604638601', '215');
INSERT IGNORE INTO nurse_shift (AMKA, shift_id) VALUES ('2604879705', '215');
INSERT IGNORE INTO nurse_shift (AMKA, shift_id) VALUES ('2912929004', '215');
INSERT IGNORE INTO nurse_shift (AMKA, shift_id) VALUES ('1806532334', '215');
INSERT IGNORE INTO nurse_shift (AMKA, shift_id) VALUES ('2612762096', '215');
INSERT IGNORE INTO nurse_shift (AMKA, shift_id) VALUES ('0410663790', '215');
INSERT IGNORE INTO admin_shift (AMKA, shift_id) VALUES ('1403488687', '215');
INSERT IGNORE INTO admin_shift (AMKA, shift_id) VALUES ('1805714774', '215');
INSERT IGNORE INTO admin_shift (AMKA, shift_id) VALUES ('0810871867', '215');
INSERT IGNORE INTO admin_shift (AMKA, shift_id) VALUES ('0503752616', '215');
UPDATE IGNORE shift SET status = TRUE WHERE shift_id = '215';
INSERT IGNORE INTO dept_shift (dept_name, shift_id) VALUES ('Oncology', '215');
INSERT INTO shift (shift_id, day, type) VALUES ('216', '2024-07-10 00:00:00', '15:00-23:00');
INSERT IGNORE INTO doctor_shift (AMKA, shift_id) VALUES ('2906627360', '216');
INSERT IGNORE INTO doctor_shift (AMKA, shift_id) VALUES ('2710919774', '216');
INSERT IGNORE INTO doctor_shift (AMKA, shift_id) VALUES ('0202939499', '216');
INSERT IGNORE INTO doctor_shift (AMKA, shift_id) VALUES ('0906651672', '216');
INSERT IGNORE INTO doctor_shift (AMKA, shift_id) VALUES ('1301429404', '216');
INSERT IGNORE INTO doctor_shift (AMKA, shift_id) VALUES ('0707820743', '216');
INSERT IGNORE INTO nurse_shift (AMKA, shift_id) VALUES ('0612989649', '216');
INSERT IGNORE INTO nurse_shift (AMKA, shift_id) VALUES ('0812429714', '216');
INSERT IGNORE INTO nurse_shift (AMKA, shift_id) VALUES ('3006845381', '216');
INSERT IGNORE INTO nurse_shift (AMKA, shift_id) VALUES ('0710837433', '216');
INSERT IGNORE INTO nurse_shift (AMKA, shift_id) VALUES ('0604638601', '216');
INSERT IGNORE INTO nurse_shift (AMKA, shift_id) VALUES ('0807914051', '216');
INSERT IGNORE INTO nurse_shift (AMKA, shift_id) VALUES ('1711760995', '216');
INSERT IGNORE INTO admin_shift (AMKA, shift_id) VALUES ('2605932179', '216');
INSERT IGNORE INTO admin_shift (AMKA, shift_id) VALUES ('0405421061', '216');
INSERT IGNORE INTO admin_shift (AMKA, shift_id) VALUES ('0605578164', '216');
UPDATE IGNORE shift SET status = TRUE WHERE shift_id = '216';
INSERT IGNORE INTO dept_shift (dept_name, shift_id) VALUES ('Oncology', '216');
INSERT INTO shift (shift_id, day, type) VALUES ('217', '2024-10-19 00:00:00', '15:00-23:00');
INSERT IGNORE INTO doctor_shift (AMKA, shift_id) VALUES ('1108642138', '217');
INSERT IGNORE INTO doctor_shift (AMKA, shift_id) VALUES ('1301429404', '217');
INSERT IGNORE INTO doctor_shift (AMKA, shift_id) VALUES ('2305633067', '217');
INSERT IGNORE INTO doctor_shift (AMKA, shift_id) VALUES ('0902609962', '217');
INSERT IGNORE INTO doctor_shift (AMKA, shift_id) VALUES ('2801801564', '217');
INSERT IGNORE INTO nurse_shift (AMKA, shift_id) VALUES ('0407765594', '217');
INSERT IGNORE INTO nurse_shift (AMKA, shift_id) VALUES ('1911832103', '217');
INSERT IGNORE INTO nurse_shift (AMKA, shift_id) VALUES ('0410663790', '217');
INSERT IGNORE INTO nurse_shift (AMKA, shift_id) VALUES ('1403610713', '217');
INSERT IGNORE INTO nurse_shift (AMKA, shift_id) VALUES ('2007568464', '217');
INSERT IGNORE INTO nurse_shift (AMKA, shift_id) VALUES ('1604513215', '217');
INSERT IGNORE INTO nurse_shift (AMKA, shift_id) VALUES ('1911611265', '217');
INSERT IGNORE INTO nurse_shift (AMKA, shift_id) VALUES ('3004938343', '217');
INSERT IGNORE INTO nurse_shift (AMKA, shift_id) VALUES ('2110703028', '217');
INSERT IGNORE INTO nurse_shift (AMKA, shift_id) VALUES ('2106930406', '217');
INSERT IGNORE INTO admin_shift (AMKA, shift_id) VALUES ('0605578164', '217');
INSERT IGNORE INTO admin_shift (AMKA, shift_id) VALUES ('1510768908', '217');
INSERT IGNORE INTO admin_shift (AMKA, shift_id) VALUES ('0102594389', '217');
UPDATE IGNORE shift SET status = TRUE WHERE shift_id = '217';
INSERT IGNORE INTO dept_shift (dept_name, shift_id) VALUES ('Oncology', '217');
INSERT INTO shift (shift_id, day, type) VALUES ('218', '2025-01-08 00:00:00', '23:00-07:00');
INSERT IGNORE INTO doctor_shift (AMKA, shift_id) VALUES ('1402646365', '218');
INSERT IGNORE INTO doctor_shift (AMKA, shift_id) VALUES ('0402587115', '218');
INSERT IGNORE INTO doctor_shift (AMKA, shift_id) VALUES ('1301429404', '218');
INSERT IGNORE INTO doctor_shift (AMKA, shift_id) VALUES ('2801830092', '218');
INSERT IGNORE INTO doctor_shift (AMKA, shift_id) VALUES ('1908663047', '218');
INSERT IGNORE INTO doctor_shift (AMKA, shift_id) VALUES ('1803800903', '218');
INSERT IGNORE INTO doctor_shift (AMKA, shift_id) VALUES ('0802581734', '218');
INSERT IGNORE INTO nurse_shift (AMKA, shift_id) VALUES ('0805615787', '218');
INSERT IGNORE INTO nurse_shift (AMKA, shift_id) VALUES ('2608981810', '218');
INSERT IGNORE INTO nurse_shift (AMKA, shift_id) VALUES ('3007957631', '218');
INSERT IGNORE INTO nurse_shift (AMKA, shift_id) VALUES ('0209548455', '218');
INSERT IGNORE INTO nurse_shift (AMKA, shift_id) VALUES ('1308752778', '218');
INSERT IGNORE INTO nurse_shift (AMKA, shift_id) VALUES ('2612729603', '218');
INSERT IGNORE INTO admin_shift (AMKA, shift_id) VALUES ('1403488687', '218');
INSERT IGNORE INTO admin_shift (AMKA, shift_id) VALUES ('0405421061', '218');
INSERT IGNORE INTO admin_shift (AMKA, shift_id) VALUES ('1907745998', '218');
INSERT IGNORE INTO admin_shift (AMKA, shift_id) VALUES ('3108581021', '218');
UPDATE IGNORE shift SET status = TRUE WHERE shift_id = '218';
INSERT IGNORE INTO dept_shift (dept_name, shift_id) VALUES ('Oncology', '218');
INSERT INTO shift (shift_id, day, type) VALUES ('219', '2024-12-31 00:00:00', '15:00-23:00');
INSERT IGNORE INTO doctor_shift (AMKA, shift_id) VALUES ('1207427571', '219');
INSERT IGNORE INTO doctor_shift (AMKA, shift_id) VALUES ('0410862119', '219');
INSERT IGNORE INTO doctor_shift (AMKA, shift_id) VALUES ('0701944806', '219');
INSERT IGNORE INTO doctor_shift (AMKA, shift_id) VALUES ('3108788705', '219');
INSERT IGNORE INTO doctor_shift (AMKA, shift_id) VALUES ('0906651672', '219');
INSERT IGNORE INTO doctor_shift (AMKA, shift_id) VALUES ('2205469029', '219');
INSERT IGNORE INTO doctor_shift (AMKA, shift_id) VALUES ('2305692753', '219');
INSERT IGNORE INTO doctor_shift (AMKA, shift_id) VALUES ('3012509660', '219');
INSERT IGNORE INTO nurse_shift (AMKA, shift_id) VALUES ('0106962075', '219');
INSERT IGNORE INTO nurse_shift (AMKA, shift_id) VALUES ('1112443609', '219');
INSERT IGNORE INTO nurse_shift (AMKA, shift_id) VALUES ('1410001291', '219');
INSERT IGNORE INTO nurse_shift (AMKA, shift_id) VALUES ('1801437951', '219');
INSERT IGNORE INTO nurse_shift (AMKA, shift_id) VALUES ('2404846418', '219');
INSERT IGNORE INTO nurse_shift (AMKA, shift_id) VALUES ('1806532334', '219');
INSERT IGNORE INTO nurse_shift (AMKA, shift_id) VALUES ('1403610713', '219');
INSERT IGNORE INTO nurse_shift (AMKA, shift_id) VALUES ('0109765304', '219');
INSERT IGNORE INTO nurse_shift (AMKA, shift_id) VALUES ('1806981284', '219');
INSERT IGNORE INTO nurse_shift (AMKA, shift_id) VALUES ('1911832103', '219');
INSERT IGNORE INTO admin_shift (AMKA, shift_id) VALUES ('0403889907', '219');
INSERT IGNORE INTO admin_shift (AMKA, shift_id) VALUES ('1311799909', '219');
INSERT IGNORE INTO admin_shift (AMKA, shift_id) VALUES ('0912742757', '219');
INSERT IGNORE INTO admin_shift (AMKA, shift_id) VALUES ('1907745998', '219');
UPDATE IGNORE shift SET status = TRUE WHERE shift_id = '219';
INSERT IGNORE INTO dept_shift (dept_name, shift_id) VALUES ('Oncology', '219');
INSERT INTO shift (shift_id, day, type) VALUES ('220', '2025-06-06 00:00:00', '15:00-23:00');
INSERT IGNORE INTO doctor_shift (AMKA, shift_id) VALUES ('2411004971', '220');
INSERT IGNORE INTO doctor_shift (AMKA, shift_id) VALUES ('0111689660', '220');
INSERT IGNORE INTO doctor_shift (AMKA, shift_id) VALUES ('2203591874', '220');
INSERT IGNORE INTO nurse_shift (AMKA, shift_id) VALUES ('1005529092', '220');
INSERT IGNORE INTO nurse_shift (AMKA, shift_id) VALUES ('2612762096', '220');
INSERT IGNORE INTO nurse_shift (AMKA, shift_id) VALUES ('2901593818', '220');
INSERT IGNORE INTO nurse_shift (AMKA, shift_id) VALUES ('0706813720', '220');
INSERT IGNORE INTO nurse_shift (AMKA, shift_id) VALUES ('0609636680', '220');
INSERT IGNORE INTO nurse_shift (AMKA, shift_id) VALUES ('1410590275', '220');
INSERT IGNORE INTO nurse_shift (AMKA, shift_id) VALUES ('2401552006', '220');
INSERT IGNORE INTO nurse_shift (AMKA, shift_id) VALUES ('0710837433', '220');
INSERT IGNORE INTO nurse_shift (AMKA, shift_id) VALUES ('0705726850', '220');
INSERT IGNORE INTO nurse_shift (AMKA, shift_id) VALUES ('2912929004', '220');
INSERT IGNORE INTO admin_shift (AMKA, shift_id) VALUES ('0205004029', '220');
INSERT IGNORE INTO admin_shift (AMKA, shift_id) VALUES ('2605932179', '220');
UPDATE IGNORE shift SET status = TRUE WHERE shift_id = '220';
INSERT IGNORE INTO dept_shift (dept_name, shift_id) VALUES ('Oncology', '220');
INSERT INTO shift (shift_id, day, type) VALUES ('221', '2024-04-22 00:00:00', '15:00-23:00');
INSERT IGNORE INTO doctor_shift (AMKA, shift_id) VALUES ('2809979050', '221');
INSERT IGNORE INTO doctor_shift (AMKA, shift_id) VALUES ('2003609278', '221');
INSERT IGNORE INTO doctor_shift (AMKA, shift_id) VALUES ('1502550745', '221');
INSERT IGNORE INTO doctor_shift (AMKA, shift_id) VALUES ('2305633067', '221');
INSERT IGNORE INTO doctor_shift (AMKA, shift_id) VALUES ('1301429404', '221');
INSERT IGNORE INTO doctor_shift (AMKA, shift_id) VALUES ('2106602456', '221');
INSERT IGNORE INTO doctor_shift (AMKA, shift_id) VALUES ('2311474214', '221');
INSERT IGNORE INTO nurse_shift (AMKA, shift_id) VALUES ('2901593818', '221');
INSERT IGNORE INTO nurse_shift (AMKA, shift_id) VALUES ('2202668306', '221');
INSERT IGNORE INTO nurse_shift (AMKA, shift_id) VALUES ('0812429714', '221');
INSERT IGNORE INTO nurse_shift (AMKA, shift_id) VALUES ('2110703028', '221');
INSERT IGNORE INTO nurse_shift (AMKA, shift_id) VALUES ('1711760995', '221');
INSERT IGNORE INTO nurse_shift (AMKA, shift_id) VALUES ('0309734619', '221');
INSERT IGNORE INTO nurse_shift (AMKA, shift_id) VALUES ('0309459375', '221');
INSERT IGNORE INTO nurse_shift (AMKA, shift_id) VALUES ('1403610713', '221');
INSERT IGNORE INTO admin_shift (AMKA, shift_id) VALUES ('0205901915', '221');
INSERT IGNORE INTO admin_shift (AMKA, shift_id) VALUES ('1805714774', '221');
INSERT IGNORE INTO admin_shift (AMKA, shift_id) VALUES ('0508766025', '221');
UPDATE IGNORE shift SET status = TRUE WHERE shift_id = '221';
INSERT IGNORE INTO dept_shift (dept_name, shift_id) VALUES ('Oncology', '221');
INSERT INTO shift (shift_id, day, type) VALUES ('222', '2026-01-12 00:00:00', '23:00-07:00');
INSERT IGNORE INTO doctor_shift (AMKA, shift_id) VALUES ('2609009896', '222');
INSERT IGNORE INTO doctor_shift (AMKA, shift_id) VALUES ('2305692753', '222');
INSERT IGNORE INTO doctor_shift (AMKA, shift_id) VALUES ('0701944806', '222');
INSERT IGNORE INTO doctor_shift (AMKA, shift_id) VALUES ('0202939499', '222');
INSERT IGNORE INTO nurse_shift (AMKA, shift_id) VALUES ('2507425872', '222');
INSERT IGNORE INTO nurse_shift (AMKA, shift_id) VALUES ('1005405863', '222');
INSERT IGNORE INTO nurse_shift (AMKA, shift_id) VALUES ('1104820571', '222');
INSERT IGNORE INTO nurse_shift (AMKA, shift_id) VALUES ('3007957631', '222');
INSERT IGNORE INTO nurse_shift (AMKA, shift_id) VALUES ('2106930406', '222');
INSERT IGNORE INTO nurse_shift (AMKA, shift_id) VALUES ('1711760995', '222');
INSERT IGNORE INTO nurse_shift (AMKA, shift_id) VALUES ('3011818066', '222');
INSERT IGNORE INTO nurse_shift (AMKA, shift_id) VALUES ('1505505773', '222');
INSERT IGNORE INTO admin_shift (AMKA, shift_id) VALUES ('1503705648', '222');
INSERT IGNORE INTO admin_shift (AMKA, shift_id) VALUES ('2604773268', '222');
INSERT IGNORE INTO admin_shift (AMKA, shift_id) VALUES ('0601887396', '222');
INSERT IGNORE INTO admin_shift (AMKA, shift_id) VALUES ('0810871867', '222');
UPDATE IGNORE shift SET status = TRUE WHERE shift_id = '222';
INSERT IGNORE INTO dept_shift (dept_name, shift_id) VALUES ('Opthalmology', '222');
INSERT INTO shift (shift_id, day, type) VALUES ('223', '2026-05-28 00:00:00', '15:00-23:00');
INSERT IGNORE INTO doctor_shift (AMKA, shift_id) VALUES ('2106602456', '223');
INSERT IGNORE INTO doctor_shift (AMKA, shift_id) VALUES ('2809979050', '223');
INSERT IGNORE INTO doctor_shift (AMKA, shift_id) VALUES ('3012509660', '223');
INSERT IGNORE INTO doctor_shift (AMKA, shift_id) VALUES ('1301442380', '223');
INSERT IGNORE INTO nurse_shift (AMKA, shift_id) VALUES ('2209951799', '223');
INSERT IGNORE INTO nurse_shift (AMKA, shift_id) VALUES ('0209548455', '223');
INSERT IGNORE INTO nurse_shift (AMKA, shift_id) VALUES ('0807914051', '223');
INSERT IGNORE INTO nurse_shift (AMKA, shift_id) VALUES ('0710837433', '223');
INSERT IGNORE INTO nurse_shift (AMKA, shift_id) VALUES ('0109765304', '223');
INSERT IGNORE INTO nurse_shift (AMKA, shift_id) VALUES ('2205724151', '223');
INSERT IGNORE INTO admin_shift (AMKA, shift_id) VALUES ('0703960983', '223');
INSERT IGNORE INTO admin_shift (AMKA, shift_id) VALUES ('2605932179', '223');
INSERT IGNORE INTO admin_shift (AMKA, shift_id) VALUES ('2703913336', '223');
UPDATE IGNORE shift SET status = TRUE WHERE shift_id = '223';
INSERT IGNORE INTO dept_shift (dept_name, shift_id) VALUES ('Opthalmology', '223');
INSERT INTO shift (shift_id, day, type) VALUES ('224', '2025-12-25 00:00:00', '07:00-15:00');
INSERT IGNORE INTO doctor_shift (AMKA, shift_id) VALUES ('0405994014', '224');
INSERT IGNORE INTO doctor_shift (AMKA, shift_id) VALUES ('1007513743', '224');
INSERT IGNORE INTO doctor_shift (AMKA, shift_id) VALUES ('2203591874', '224');
INSERT IGNORE INTO doctor_shift (AMKA, shift_id) VALUES ('0404978442', '224');
INSERT IGNORE INTO nurse_shift (AMKA, shift_id) VALUES ('2604879705', '224');
INSERT IGNORE INTO nurse_shift (AMKA, shift_id) VALUES ('2510897021', '224');
INSERT IGNORE INTO nurse_shift (AMKA, shift_id) VALUES ('0104472353', '224');
INSERT IGNORE INTO nurse_shift (AMKA, shift_id) VALUES ('1604513215', '224');
INSERT IGNORE INTO nurse_shift (AMKA, shift_id) VALUES ('1908647470', '224');
INSERT IGNORE INTO nurse_shift (AMKA, shift_id) VALUES ('2209951799', '224');
INSERT IGNORE INTO nurse_shift (AMKA, shift_id) VALUES ('1005673097', '224');
INSERT IGNORE INTO nurse_shift (AMKA, shift_id) VALUES ('2601941624', '224');
INSERT IGNORE INTO nurse_shift (AMKA, shift_id) VALUES ('1410001291', '224');
INSERT IGNORE INTO admin_shift (AMKA, shift_id) VALUES ('0810871867', '224');
INSERT IGNORE INTO admin_shift (AMKA, shift_id) VALUES ('2604773268', '224');
INSERT IGNORE INTO admin_shift (AMKA, shift_id) VALUES ('2310523586', '224');
INSERT IGNORE INTO admin_shift (AMKA, shift_id) VALUES ('2811646141', '224');
UPDATE IGNORE shift SET status = TRUE WHERE shift_id = '224';
INSERT IGNORE INTO dept_shift (dept_name, shift_id) VALUES ('Opthalmology', '224');
INSERT INTO shift (shift_id, day, type) VALUES ('225', '2026-10-02 00:00:00', '15:00-23:00');
INSERT IGNORE INTO doctor_shift (AMKA, shift_id) VALUES ('2801830092', '225');
INSERT IGNORE INTO doctor_shift (AMKA, shift_id) VALUES ('3012870045', '225');
INSERT IGNORE INTO doctor_shift (AMKA, shift_id) VALUES ('0707820743', '225');
INSERT IGNORE INTO doctor_shift (AMKA, shift_id) VALUES ('0410862119', '225');
INSERT IGNORE INTO doctor_shift (AMKA, shift_id) VALUES ('0306542190', '225');
INSERT IGNORE INTO doctor_shift (AMKA, shift_id) VALUES ('0312964109', '225');
INSERT IGNORE INTO doctor_shift (AMKA, shift_id) VALUES ('2402877693', '225');
INSERT IGNORE INTO nurse_shift (AMKA, shift_id) VALUES ('2608415059', '225');
INSERT IGNORE INTO nurse_shift (AMKA, shift_id) VALUES ('3105850934', '225');
INSERT IGNORE INTO nurse_shift (AMKA, shift_id) VALUES ('2906456566', '225');
INSERT IGNORE INTO nurse_shift (AMKA, shift_id) VALUES ('1408414594', '225');
INSERT IGNORE INTO nurse_shift (AMKA, shift_id) VALUES ('3103488159', '225');
INSERT IGNORE INTO nurse_shift (AMKA, shift_id) VALUES ('2711931843', '225');
INSERT IGNORE INTO nurse_shift (AMKA, shift_id) VALUES ('2401552006', '225');
INSERT IGNORE INTO nurse_shift (AMKA, shift_id) VALUES ('3011818066', '225');
INSERT IGNORE INTO nurse_shift (AMKA, shift_id) VALUES ('3004938343', '225');
INSERT IGNORE INTO nurse_shift (AMKA, shift_id) VALUES ('0309459375', '225');
INSERT IGNORE INTO admin_shift (AMKA, shift_id) VALUES ('3108581021', '225');
INSERT IGNORE INTO admin_shift (AMKA, shift_id) VALUES ('0605578164', '225');
UPDATE IGNORE shift SET status = TRUE WHERE shift_id = '225';
INSERT IGNORE INTO dept_shift (dept_name, shift_id) VALUES ('Opthalmology', '225');
INSERT INTO shift (shift_id, day, type) VALUES ('226', '2026-12-11 00:00:00', '15:00-23:00');
INSERT IGNORE INTO doctor_shift (AMKA, shift_id) VALUES ('2710919774', '226');
INSERT IGNORE INTO doctor_shift (AMKA, shift_id) VALUES ('1402646365', '226');
INSERT IGNORE INTO doctor_shift (AMKA, shift_id) VALUES ('1705602559', '226');
INSERT IGNORE INTO doctor_shift (AMKA, shift_id) VALUES ('0802581734', '226');
INSERT IGNORE INTO doctor_shift (AMKA, shift_id) VALUES ('0404978442', '226');
INSERT IGNORE INTO doctor_shift (AMKA, shift_id) VALUES ('0312964109', '226');
INSERT IGNORE INTO doctor_shift (AMKA, shift_id) VALUES ('2402877693', '226');
INSERT IGNORE INTO doctor_shift (AMKA, shift_id) VALUES ('2305633067', '226');
INSERT IGNORE INTO nurse_shift (AMKA, shift_id) VALUES ('2412005893', '226');
INSERT IGNORE INTO nurse_shift (AMKA, shift_id) VALUES ('2403611622', '226');
INSERT IGNORE INTO nurse_shift (AMKA, shift_id) VALUES ('1911611265', '226');
INSERT IGNORE INTO nurse_shift (AMKA, shift_id) VALUES ('3011818066', '226');
INSERT IGNORE INTO nurse_shift (AMKA, shift_id) VALUES ('1003436272', '226');
INSERT IGNORE INTO nurse_shift (AMKA, shift_id) VALUES ('1011859573', '226');
INSERT IGNORE INTO nurse_shift (AMKA, shift_id) VALUES ('2209951799', '226');
INSERT IGNORE INTO nurse_shift (AMKA, shift_id) VALUES ('1806981284', '226');
INSERT IGNORE INTO nurse_shift (AMKA, shift_id) VALUES ('1806532334', '226');
INSERT IGNORE INTO nurse_shift (AMKA, shift_id) VALUES ('0508623869', '226');
INSERT IGNORE INTO admin_shift (AMKA, shift_id) VALUES ('1209746373', '226');
INSERT IGNORE INTO admin_shift (AMKA, shift_id) VALUES ('0505466886', '226');
UPDATE IGNORE shift SET status = TRUE WHERE shift_id = '226';
INSERT IGNORE INTO dept_shift (dept_name, shift_id) VALUES ('Opthalmology', '226');
INSERT INTO shift (shift_id, day, type) VALUES ('227', '2026-09-25 00:00:00', '15:00-23:00');
INSERT IGNORE INTO doctor_shift (AMKA, shift_id) VALUES ('0405403482', '227');
INSERT IGNORE INTO doctor_shift (AMKA, shift_id) VALUES ('2003609278', '227');
INSERT IGNORE INTO doctor_shift (AMKA, shift_id) VALUES ('1301429404', '227');
INSERT IGNORE INTO doctor_shift (AMKA, shift_id) VALUES ('0307549248', '227');
INSERT IGNORE INTO doctor_shift (AMKA, shift_id) VALUES ('0706543302', '227');
INSERT IGNORE INTO doctor_shift (AMKA, shift_id) VALUES ('0708733889', '227');
INSERT IGNORE INTO doctor_shift (AMKA, shift_id) VALUES ('1611621504', '227');
INSERT IGNORE INTO nurse_shift (AMKA, shift_id) VALUES ('2612762096', '227');
INSERT IGNORE INTO nurse_shift (AMKA, shift_id) VALUES ('0706813720', '227');
INSERT IGNORE INTO nurse_shift (AMKA, shift_id) VALUES ('2608981810', '227');
INSERT IGNORE INTO nurse_shift (AMKA, shift_id) VALUES ('2711931843', '227');
INSERT IGNORE INTO nurse_shift (AMKA, shift_id) VALUES ('2202668306', '227');
INSERT IGNORE INTO nurse_shift (AMKA, shift_id) VALUES ('1112443609', '227');
INSERT IGNORE INTO nurse_shift (AMKA, shift_id) VALUES ('0805615787', '227');
INSERT IGNORE INTO nurse_shift (AMKA, shift_id) VALUES ('0604638601', '227');
INSERT IGNORE INTO nurse_shift (AMKA, shift_id) VALUES ('1806981284', '227');
INSERT IGNORE INTO nurse_shift (AMKA, shift_id) VALUES ('0710837433', '227');
INSERT IGNORE INTO admin_shift (AMKA, shift_id) VALUES ('0810459550', '227');
INSERT IGNORE INTO admin_shift (AMKA, shift_id) VALUES ('2103717007', '227');
INSERT IGNORE INTO admin_shift (AMKA, shift_id) VALUES ('0810871867', '227');
INSERT IGNORE INTO admin_shift (AMKA, shift_id) VALUES ('2010445485', '227');
UPDATE IGNORE shift SET status = TRUE WHERE shift_id = '227';
INSERT IGNORE INTO dept_shift (dept_name, shift_id) VALUES ('Opthalmology', '227');
INSERT INTO shift (shift_id, day, type) VALUES ('228', '2024-12-23 00:00:00', '23:00-07:00');
INSERT IGNORE INTO doctor_shift (AMKA, shift_id) VALUES ('2402877693', '228');
INSERT IGNORE INTO doctor_shift (AMKA, shift_id) VALUES ('2910956816', '228');
INSERT IGNORE INTO doctor_shift (AMKA, shift_id) VALUES ('1803800903', '228');
INSERT IGNORE INTO doctor_shift (AMKA, shift_id) VALUES ('0706543302', '228');
INSERT IGNORE INTO nurse_shift (AMKA, shift_id) VALUES ('1505505773', '228');
INSERT IGNORE INTO nurse_shift (AMKA, shift_id) VALUES ('3103488159', '228');
INSERT IGNORE INTO nurse_shift (AMKA, shift_id) VALUES ('1005405863', '228');
INSERT IGNORE INTO nurse_shift (AMKA, shift_id) VALUES ('3009684644', '228');
INSERT IGNORE INTO nurse_shift (AMKA, shift_id) VALUES ('0804762436', '228');
INSERT IGNORE INTO nurse_shift (AMKA, shift_id) VALUES ('2612729603', '228');
INSERT IGNORE INTO nurse_shift (AMKA, shift_id) VALUES ('2007568464', '228');
INSERT IGNORE INTO nurse_shift (AMKA, shift_id) VALUES ('2401552006', '228');
INSERT IGNORE INTO nurse_shift (AMKA, shift_id) VALUES ('3007957631', '228');
INSERT IGNORE INTO admin_shift (AMKA, shift_id) VALUES ('0508766025', '228');
INSERT IGNORE INTO admin_shift (AMKA, shift_id) VALUES ('0403889907', '228');
INSERT IGNORE INTO admin_shift (AMKA, shift_id) VALUES ('0205004029', '228');
UPDATE IGNORE shift SET status = TRUE WHERE shift_id = '228';
INSERT IGNORE INTO dept_shift (dept_name, shift_id) VALUES ('Opthalmology', '228');
INSERT INTO shift (shift_id, day, type) VALUES ('229', '2024-09-09 00:00:00', '23:00-07:00');
INSERT IGNORE INTO doctor_shift (AMKA, shift_id) VALUES ('2906540192', '229');
INSERT IGNORE INTO doctor_shift (AMKA, shift_id) VALUES ('2406419109', '229');
INSERT IGNORE INTO doctor_shift (AMKA, shift_id) VALUES ('1209483269', '229');
INSERT IGNORE INTO doctor_shift (AMKA, shift_id) VALUES ('2708580170', '229');
INSERT IGNORE INTO doctor_shift (AMKA, shift_id) VALUES ('0807736496', '229');
INSERT IGNORE INTO doctor_shift (AMKA, shift_id) VALUES ('3012598800', '229');
INSERT IGNORE INTO doctor_shift (AMKA, shift_id) VALUES ('1705602559', '229');
INSERT IGNORE INTO doctor_shift (AMKA, shift_id) VALUES ('0701944806', '229');
INSERT IGNORE INTO nurse_shift (AMKA, shift_id) VALUES ('2401552006', '229');
INSERT IGNORE INTO nurse_shift (AMKA, shift_id) VALUES ('1801437951', '229');
INSERT IGNORE INTO nurse_shift (AMKA, shift_id) VALUES ('1505505773', '229');
INSERT IGNORE INTO nurse_shift (AMKA, shift_id) VALUES ('0705726850', '229');
INSERT IGNORE INTO nurse_shift (AMKA, shift_id) VALUES ('2612762096', '229');
INSERT IGNORE INTO nurse_shift (AMKA, shift_id) VALUES ('2310744429', '229');
INSERT IGNORE INTO nurse_shift (AMKA, shift_id) VALUES ('0706813720', '229');
INSERT IGNORE INTO nurse_shift (AMKA, shift_id) VALUES ('0407765594', '229');
INSERT IGNORE INTO nurse_shift (AMKA, shift_id) VALUES ('2205724151', '229');
INSERT IGNORE INTO admin_shift (AMKA, shift_id) VALUES ('2003866217', '229');
INSERT IGNORE INTO admin_shift (AMKA, shift_id) VALUES ('2408699743', '229');
UPDATE IGNORE shift SET status = TRUE WHERE shift_id = '229';
INSERT IGNORE INTO dept_shift (dept_name, shift_id) VALUES ('Opthalmology', '229');
INSERT INTO shift (shift_id, day, type) VALUES ('230', '2026-04-14 00:00:00', '07:00-15:00');
INSERT IGNORE INTO doctor_shift (AMKA, shift_id) VALUES ('0902609962', '230');
INSERT IGNORE INTO doctor_shift (AMKA, shift_id) VALUES ('1301442380', '230');
INSERT IGNORE INTO doctor_shift (AMKA, shift_id) VALUES ('0103962870', '230');
INSERT IGNORE INTO doctor_shift (AMKA, shift_id) VALUES ('1009974497', '230');
INSERT IGNORE INTO doctor_shift (AMKA, shift_id) VALUES ('1207427571', '230');
INSERT IGNORE INTO doctor_shift (AMKA, shift_id) VALUES ('1108642138', '230');
INSERT IGNORE INTO nurse_shift (AMKA, shift_id) VALUES ('3011818066', '230');
INSERT IGNORE INTO nurse_shift (AMKA, shift_id) VALUES ('1403610713', '230');
INSERT IGNORE INTO nurse_shift (AMKA, shift_id) VALUES ('2906456566', '230');
INSERT IGNORE INTO nurse_shift (AMKA, shift_id) VALUES ('2507425872', '230');
INSERT IGNORE INTO nurse_shift (AMKA, shift_id) VALUES ('3103488159', '230');
INSERT IGNORE INTO nurse_shift (AMKA, shift_id) VALUES ('0309734619', '230');
INSERT IGNORE INTO admin_shift (AMKA, shift_id) VALUES ('1706440889', '230');
INSERT IGNORE INTO admin_shift (AMKA, shift_id) VALUES ('1311799909', '230');
INSERT IGNORE INTO admin_shift (AMKA, shift_id) VALUES ('0403889907', '230');
UPDATE IGNORE shift SET status = TRUE WHERE shift_id = '230';
INSERT IGNORE INTO dept_shift (dept_name, shift_id) VALUES ('Opthalmology', '230');
INSERT INTO shift (shift_id, day, type) VALUES ('231', '2025-02-14 00:00:00', '15:00-23:00');
INSERT IGNORE INTO doctor_shift (AMKA, shift_id) VALUES ('2411004971', '231');
INSERT IGNORE INTO doctor_shift (AMKA, shift_id) VALUES ('1108642138', '231');
INSERT IGNORE INTO doctor_shift (AMKA, shift_id) VALUES ('1207427571', '231');
INSERT IGNORE INTO doctor_shift (AMKA, shift_id) VALUES ('3008951757', '231');
INSERT IGNORE INTO doctor_shift (AMKA, shift_id) VALUES ('0701944806', '231');
INSERT IGNORE INTO doctor_shift (AMKA, shift_id) VALUES ('2502902231', '231');
INSERT IGNORE INTO doctor_shift (AMKA, shift_id) VALUES ('1007513743', '231');
INSERT IGNORE INTO doctor_shift (AMKA, shift_id) VALUES ('1112753348', '231');
INSERT IGNORE INTO nurse_shift (AMKA, shift_id) VALUES ('2811867092', '231');
INSERT IGNORE INTO nurse_shift (AMKA, shift_id) VALUES ('3009684644', '231');
INSERT IGNORE INTO nurse_shift (AMKA, shift_id) VALUES ('1403610713', '231');
INSERT IGNORE INTO nurse_shift (AMKA, shift_id) VALUES ('2906456566', '231');
INSERT IGNORE INTO nurse_shift (AMKA, shift_id) VALUES ('1401961017', '231');
INSERT IGNORE INTO nurse_shift (AMKA, shift_id) VALUES ('1408414594', '231');
INSERT IGNORE INTO nurse_shift (AMKA, shift_id) VALUES ('2510897021', '231');
INSERT IGNORE INTO nurse_shift (AMKA, shift_id) VALUES ('0612989649', '231');
INSERT IGNORE INTO admin_shift (AMKA, shift_id) VALUES ('2605932179', '231');
INSERT IGNORE INTO admin_shift (AMKA, shift_id) VALUES ('0205901915', '231');
INSERT IGNORE INTO admin_shift (AMKA, shift_id) VALUES ('1403488687', '231');
INSERT IGNORE INTO admin_shift (AMKA, shift_id) VALUES ('2309518917', '231');
UPDATE IGNORE shift SET status = TRUE WHERE shift_id = '231';
INSERT IGNORE INTO dept_shift (dept_name, shift_id) VALUES ('Opthalmology', '231');
INSERT INTO shift (shift_id, day, type) VALUES ('232', '2026-05-27 00:00:00', '07:00-15:00');
INSERT IGNORE INTO doctor_shift (AMKA, shift_id) VALUES ('2003609278', '232');
INSERT IGNORE INTO doctor_shift (AMKA, shift_id) VALUES ('0707820743', '232');
INSERT IGNORE INTO doctor_shift (AMKA, shift_id) VALUES ('0402587115', '232');
INSERT IGNORE INTO doctor_shift (AMKA, shift_id) VALUES ('1008990170', '232');
INSERT IGNORE INTO doctor_shift (AMKA, shift_id) VALUES ('2801801564', '232');
INSERT IGNORE INTO doctor_shift (AMKA, shift_id) VALUES ('2809979050', '232');
INSERT IGNORE INTO nurse_shift (AMKA, shift_id) VALUES ('0807809157', '232');
INSERT IGNORE INTO nurse_shift (AMKA, shift_id) VALUES ('1003436272', '232');
INSERT IGNORE INTO nurse_shift (AMKA, shift_id) VALUES ('0705726850', '232');
INSERT IGNORE INTO nurse_shift (AMKA, shift_id) VALUES ('0706774178', '232');
INSERT IGNORE INTO nurse_shift (AMKA, shift_id) VALUES ('0109765304', '232');
INSERT IGNORE INTO nurse_shift (AMKA, shift_id) VALUES ('2704464646', '232');
INSERT IGNORE INTO nurse_shift (AMKA, shift_id) VALUES ('2608415059', '232');
INSERT IGNORE INTO admin_shift (AMKA, shift_id) VALUES ('1510768908', '232');
INSERT IGNORE INTO admin_shift (AMKA, shift_id) VALUES ('1503705648', '232');
INSERT IGNORE INTO admin_shift (AMKA, shift_id) VALUES ('1907745998', '232');
UPDATE IGNORE shift SET status = TRUE WHERE shift_id = '232';
INSERT IGNORE INTO dept_shift (dept_name, shift_id) VALUES ('Opthalmology', '232');
INSERT INTO shift (shift_id, day, type) VALUES ('233', '2025-07-24 00:00:00', '15:00-23:00');
INSERT IGNORE INTO doctor_shift (AMKA, shift_id) VALUES ('2910450715', '233');
INSERT IGNORE INTO doctor_shift (AMKA, shift_id) VALUES ('3008951757', '233');
INSERT IGNORE INTO doctor_shift (AMKA, shift_id) VALUES ('0111689660', '233');
INSERT IGNORE INTO doctor_shift (AMKA, shift_id) VALUES ('2106602456', '233');
INSERT IGNORE INTO nurse_shift (AMKA, shift_id) VALUES ('2403611622', '233');
INSERT IGNORE INTO nurse_shift (AMKA, shift_id) VALUES ('2704464646', '233');
INSERT IGNORE INTO nurse_shift (AMKA, shift_id) VALUES ('1410590275', '233');
INSERT IGNORE INTO nurse_shift (AMKA, shift_id) VALUES ('1003436272', '233');
INSERT IGNORE INTO nurse_shift (AMKA, shift_id) VALUES ('1206677028', '233');
INSERT IGNORE INTO nurse_shift (AMKA, shift_id) VALUES ('1808626992', '233');
INSERT IGNORE INTO nurse_shift (AMKA, shift_id) VALUES ('2906456566', '233');
INSERT IGNORE INTO nurse_shift (AMKA, shift_id) VALUES ('2604879705', '233');
INSERT IGNORE INTO admin_shift (AMKA, shift_id) VALUES ('0505466886', '233');
INSERT IGNORE INTO admin_shift (AMKA, shift_id) VALUES ('1711552309', '233');
INSERT IGNORE INTO admin_shift (AMKA, shift_id) VALUES ('2901826359', '233');
UPDATE IGNORE shift SET status = TRUE WHERE shift_id = '233';
INSERT IGNORE INTO dept_shift (dept_name, shift_id) VALUES ('Opthalmology', '233');
INSERT INTO shift (shift_id, day, type) VALUES ('234', '2025-06-25 00:00:00', '15:00-23:00');
INSERT IGNORE INTO doctor_shift (AMKA, shift_id) VALUES ('1912455789', '234');
INSERT IGNORE INTO doctor_shift (AMKA, shift_id) VALUES ('0307549248', '234');
INSERT IGNORE INTO doctor_shift (AMKA, shift_id) VALUES ('2910956816', '234');
INSERT IGNORE INTO doctor_shift (AMKA, shift_id) VALUES ('0706543302', '234');
INSERT IGNORE INTO doctor_shift (AMKA, shift_id) VALUES ('0405403482', '234');
INSERT IGNORE INTO doctor_shift (AMKA, shift_id) VALUES ('0404978442', '234');
INSERT IGNORE INTO doctor_shift (AMKA, shift_id) VALUES ('1701623027', '234');
INSERT IGNORE INTO nurse_shift (AMKA, shift_id) VALUES ('1403610713', '234');
INSERT IGNORE INTO nurse_shift (AMKA, shift_id) VALUES ('0706813720', '234');
INSERT IGNORE INTO nurse_shift (AMKA, shift_id) VALUES ('1112443609', '234');
INSERT IGNORE INTO nurse_shift (AMKA, shift_id) VALUES ('0609636680', '234');
INSERT IGNORE INTO nurse_shift (AMKA, shift_id) VALUES ('2510897021', '234');
INSERT IGNORE INTO nurse_shift (AMKA, shift_id) VALUES ('2601941624', '234');
INSERT IGNORE INTO nurse_shift (AMKA, shift_id) VALUES ('2706761470', '234');
INSERT IGNORE INTO nurse_shift (AMKA, shift_id) VALUES ('2404846418', '234');
INSERT IGNORE INTO admin_shift (AMKA, shift_id) VALUES ('1706440889', '234');
INSERT IGNORE INTO admin_shift (AMKA, shift_id) VALUES ('0503752616', '234');
INSERT IGNORE INTO admin_shift (AMKA, shift_id) VALUES ('0707666244', '234');
UPDATE IGNORE shift SET status = TRUE WHERE shift_id = '234';
INSERT IGNORE INTO dept_shift (dept_name, shift_id) VALUES ('Opthalmology', '234');
INSERT INTO shift (shift_id, day, type) VALUES ('235', '2026-04-18 00:00:00', '23:00-07:00');
INSERT IGNORE INTO doctor_shift (AMKA, shift_id) VALUES ('1209483269', '235');
INSERT IGNORE INTO doctor_shift (AMKA, shift_id) VALUES ('0701944806', '235');
INSERT IGNORE INTO doctor_shift (AMKA, shift_id) VALUES ('1007513743', '235');
INSERT IGNORE INTO nurse_shift (AMKA, shift_id) VALUES ('2104656720', '235');
INSERT IGNORE INTO nurse_shift (AMKA, shift_id) VALUES ('0705726850', '235');
INSERT IGNORE INTO nurse_shift (AMKA, shift_id) VALUES ('2811867092', '235');
INSERT IGNORE INTO nurse_shift (AMKA, shift_id) VALUES ('1005673097', '235');
INSERT IGNORE INTO nurse_shift (AMKA, shift_id) VALUES ('0709669147', '235');
INSERT IGNORE INTO nurse_shift (AMKA, shift_id) VALUES ('1011859573', '235');
INSERT IGNORE INTO nurse_shift (AMKA, shift_id) VALUES ('1908647470', '235');
INSERT IGNORE INTO admin_shift (AMKA, shift_id) VALUES ('0605578164', '235');
INSERT IGNORE INTO admin_shift (AMKA, shift_id) VALUES ('0706936645', '235');
INSERT IGNORE INTO admin_shift (AMKA, shift_id) VALUES ('2103717007', '235');
INSERT IGNORE INTO admin_shift (AMKA, shift_id) VALUES ('2310523586', '235');
UPDATE IGNORE shift SET status = TRUE WHERE shift_id = '235';
INSERT IGNORE INTO dept_shift (dept_name, shift_id) VALUES ('Opthalmology', '235');
INSERT INTO shift (shift_id, day, type) VALUES ('236', '2024-05-26 00:00:00', '15:00-23:00');
INSERT IGNORE INTO doctor_shift (AMKA, shift_id) VALUES ('1701623027', '236');
INSERT IGNORE INTO doctor_shift (AMKA, shift_id) VALUES ('2404738380', '236');
INSERT IGNORE INTO doctor_shift (AMKA, shift_id) VALUES ('1301442380', '236');
INSERT IGNORE INTO doctor_shift (AMKA, shift_id) VALUES ('3012509660', '236');
INSERT IGNORE INTO doctor_shift (AMKA, shift_id) VALUES ('3110765587', '236');
INSERT IGNORE INTO doctor_shift (AMKA, shift_id) VALUES ('2708580170', '236');
INSERT IGNORE INTO doctor_shift (AMKA, shift_id) VALUES ('2402877693', '236');
INSERT IGNORE INTO nurse_shift (AMKA, shift_id) VALUES ('0407765594', '236');
INSERT IGNORE INTO nurse_shift (AMKA, shift_id) VALUES ('2403611622', '236');
INSERT IGNORE INTO nurse_shift (AMKA, shift_id) VALUES ('1112443609', '236');
INSERT IGNORE INTO nurse_shift (AMKA, shift_id) VALUES ('3103488159', '236');
INSERT IGNORE INTO nurse_shift (AMKA, shift_id) VALUES ('1104820571', '236');
INSERT IGNORE INTO nurse_shift (AMKA, shift_id) VALUES ('1806532334', '236');
INSERT IGNORE INTO nurse_shift (AMKA, shift_id) VALUES ('2604879705', '236');
INSERT IGNORE INTO nurse_shift (AMKA, shift_id) VALUES ('2209951799', '236');
INSERT IGNORE INTO nurse_shift (AMKA, shift_id) VALUES ('2612729603', '236');
INSERT IGNORE INTO admin_shift (AMKA, shift_id) VALUES ('1311799909', '236');
INSERT IGNORE INTO admin_shift (AMKA, shift_id) VALUES ('1907460463', '236');
INSERT IGNORE INTO admin_shift (AMKA, shift_id) VALUES ('2408699743', '236');
UPDATE IGNORE shift SET status = TRUE WHERE shift_id = '236';
INSERT IGNORE INTO dept_shift (dept_name, shift_id) VALUES ('Orthopaedic', '236');
INSERT INTO shift (shift_id, day, type) VALUES ('237', '2025-08-31 00:00:00', '23:00-07:00');
INSERT IGNORE INTO doctor_shift (AMKA, shift_id) VALUES ('2801897549', '237');
INSERT IGNORE INTO doctor_shift (AMKA, shift_id) VALUES ('0312964109', '237');
INSERT IGNORE INTO doctor_shift (AMKA, shift_id) VALUES ('0902609962', '237');
INSERT IGNORE INTO nurse_shift (AMKA, shift_id) VALUES ('2804859611', '237');
INSERT IGNORE INTO nurse_shift (AMKA, shift_id) VALUES ('3009684644', '237');
INSERT IGNORE INTO nurse_shift (AMKA, shift_id) VALUES ('2310744429', '237');
INSERT IGNORE INTO nurse_shift (AMKA, shift_id) VALUES ('0705726850', '237');
INSERT IGNORE INTO nurse_shift (AMKA, shift_id) VALUES ('3011818066', '237');
INSERT IGNORE INTO nurse_shift (AMKA, shift_id) VALUES ('1206677028', '237');
INSERT IGNORE INTO nurse_shift (AMKA, shift_id) VALUES ('1409799887', '237');
INSERT IGNORE INTO nurse_shift (AMKA, shift_id) VALUES ('0804762436', '237');
INSERT IGNORE INTO admin_shift (AMKA, shift_id) VALUES ('1907460463', '237');
INSERT IGNORE INTO admin_shift (AMKA, shift_id) VALUES ('2604773268', '237');
INSERT IGNORE INTO admin_shift (AMKA, shift_id) VALUES ('1701751366', '237');
INSERT IGNORE INTO admin_shift (AMKA, shift_id) VALUES ('1711552309', '237');
UPDATE IGNORE shift SET status = TRUE WHERE shift_id = '237';
INSERT IGNORE INTO dept_shift (dept_name, shift_id) VALUES ('Orthopaedic', '237');
INSERT INTO shift (shift_id, day, type) VALUES ('238', '2024-05-05 00:00:00', '15:00-23:00');
INSERT IGNORE INTO doctor_shift (AMKA, shift_id) VALUES ('1209810216', '238');
INSERT IGNORE INTO doctor_shift (AMKA, shift_id) VALUES ('1912455789', '238');
INSERT IGNORE INTO doctor_shift (AMKA, shift_id) VALUES ('1109428284', '238');
INSERT IGNORE INTO nurse_shift (AMKA, shift_id) VALUES ('0104472353', '238');
INSERT IGNORE INTO nurse_shift (AMKA, shift_id) VALUES ('0904571046', '238');
INSERT IGNORE INTO nurse_shift (AMKA, shift_id) VALUES ('0106962075', '238');
INSERT IGNORE INTO nurse_shift (AMKA, shift_id) VALUES ('2906456566', '238');
INSERT IGNORE INTO nurse_shift (AMKA, shift_id) VALUES ('0907972518', '238');
INSERT IGNORE INTO nurse_shift (AMKA, shift_id) VALUES ('2411954432', '238');
INSERT IGNORE INTO nurse_shift (AMKA, shift_id) VALUES ('0609636680', '238');
INSERT IGNORE INTO nurse_shift (AMKA, shift_id) VALUES ('2007568464', '238');
INSERT IGNORE INTO admin_shift (AMKA, shift_id) VALUES ('2309518917', '238');
INSERT IGNORE INTO admin_shift (AMKA, shift_id) VALUES ('0508766025', '238');
INSERT IGNORE INTO admin_shift (AMKA, shift_id) VALUES ('1405405087', '238');
UPDATE IGNORE shift SET status = TRUE WHERE shift_id = '238';
INSERT IGNORE INTO dept_shift (dept_name, shift_id) VALUES ('Orthopaedic', '238');
INSERT INTO shift (shift_id, day, type) VALUES ('239', '2024-11-20 00:00:00', '23:00-07:00');
INSERT IGNORE INTO doctor_shift (AMKA, shift_id) VALUES ('0510600514', '239');
INSERT IGNORE INTO doctor_shift (AMKA, shift_id) VALUES ('2801830092', '239');
INSERT IGNORE INTO doctor_shift (AMKA, shift_id) VALUES ('1705602559', '239');
INSERT IGNORE INTO doctor_shift (AMKA, shift_id) VALUES ('0701944806', '239');
INSERT IGNORE INTO doctor_shift (AMKA, shift_id) VALUES ('2607905982', '239');
INSERT IGNORE INTO doctor_shift (AMKA, shift_id) VALUES ('2311474214', '239');
INSERT IGNORE INTO nurse_shift (AMKA, shift_id) VALUES ('0807914051', '239');
INSERT IGNORE INTO nurse_shift (AMKA, shift_id) VALUES ('0201878050', '239');
INSERT IGNORE INTO nurse_shift (AMKA, shift_id) VALUES ('0104472353', '239');
INSERT IGNORE INTO nurse_shift (AMKA, shift_id) VALUES ('2711931843', '239');
INSERT IGNORE INTO nurse_shift (AMKA, shift_id) VALUES ('2612729603', '239');
INSERT IGNORE INTO nurse_shift (AMKA, shift_id) VALUES ('2507425872', '239');
INSERT IGNORE INTO admin_shift (AMKA, shift_id) VALUES ('1907745998', '239');
INSERT IGNORE INTO admin_shift (AMKA, shift_id) VALUES ('0812426773', '239');
INSERT IGNORE INTO admin_shift (AMKA, shift_id) VALUES ('0703960983', '239');
INSERT IGNORE INTO admin_shift (AMKA, shift_id) VALUES ('0405421061', '239');
UPDATE IGNORE shift SET status = TRUE WHERE shift_id = '239';
INSERT IGNORE INTO dept_shift (dept_name, shift_id) VALUES ('Orthopaedic', '239');
INSERT INTO shift (shift_id, day, type) VALUES ('240', '2025-05-26 00:00:00', '07:00-15:00');
INSERT IGNORE INTO doctor_shift (AMKA, shift_id) VALUES ('2010494529', '240');
INSERT IGNORE INTO doctor_shift (AMKA, shift_id) VALUES ('1301442380', '240');
INSERT IGNORE INTO doctor_shift (AMKA, shift_id) VALUES ('2801897549', '240');
INSERT IGNORE INTO doctor_shift (AMKA, shift_id) VALUES ('0307549248', '240');
INSERT IGNORE INTO nurse_shift (AMKA, shift_id) VALUES ('0410663790', '240');
INSERT IGNORE INTO nurse_shift (AMKA, shift_id) VALUES ('0604638601', '240');
INSERT IGNORE INTO nurse_shift (AMKA, shift_id) VALUES ('2704464646', '240');
INSERT IGNORE INTO nurse_shift (AMKA, shift_id) VALUES ('2604879705', '240');
INSERT IGNORE INTO nurse_shift (AMKA, shift_id) VALUES ('3007957631', '240');
INSERT IGNORE INTO nurse_shift (AMKA, shift_id) VALUES ('2706761470', '240');
INSERT IGNORE INTO nurse_shift (AMKA, shift_id) VALUES ('1112443609', '240');
INSERT IGNORE INTO nurse_shift (AMKA, shift_id) VALUES ('0201878050', '240');
INSERT IGNORE INTO admin_shift (AMKA, shift_id) VALUES ('1907745998', '240');
INSERT IGNORE INTO admin_shift (AMKA, shift_id) VALUES ('2309518917', '240');
INSERT IGNORE INTO admin_shift (AMKA, shift_id) VALUES ('1706440889', '240');
UPDATE IGNORE shift SET status = TRUE WHERE shift_id = '240';
INSERT IGNORE INTO dept_shift (dept_name, shift_id) VALUES ('Orthopaedic', '240');
INSERT INTO shift (shift_id, day, type) VALUES ('241', '2026-01-21 00:00:00', '07:00-15:00');
INSERT IGNORE INTO doctor_shift (AMKA, shift_id) VALUES ('2501995986', '241');
INSERT IGNORE INTO doctor_shift (AMKA, shift_id) VALUES ('1007513743', '241');
INSERT IGNORE INTO doctor_shift (AMKA, shift_id) VALUES ('1712008709', '241');
INSERT IGNORE INTO doctor_shift (AMKA, shift_id) VALUES ('1908663047', '241');
INSERT IGNORE INTO doctor_shift (AMKA, shift_id) VALUES ('0405403482', '241');
INSERT IGNORE INTO doctor_shift (AMKA, shift_id) VALUES ('0307549248', '241');
INSERT IGNORE INTO doctor_shift (AMKA, shift_id) VALUES ('1912455789', '241');
INSERT IGNORE INTO doctor_shift (AMKA, shift_id) VALUES ('2305692753', '241');
INSERT IGNORE INTO nurse_shift (AMKA, shift_id) VALUES ('2601941624', '241');
INSERT IGNORE INTO nurse_shift (AMKA, shift_id) VALUES ('1408414594', '241');
INSERT IGNORE INTO nurse_shift (AMKA, shift_id) VALUES ('1806532334', '241');
INSERT IGNORE INTO nurse_shift (AMKA, shift_id) VALUES ('0508623869', '241');
INSERT IGNORE INTO nurse_shift (AMKA, shift_id) VALUES ('1011859573', '241');
INSERT IGNORE INTO nurse_shift (AMKA, shift_id) VALUES ('1005673097', '241');
INSERT IGNORE INTO admin_shift (AMKA, shift_id) VALUES ('0508766025', '241');
INSERT IGNORE INTO admin_shift (AMKA, shift_id) VALUES ('1405405087', '241');
INSERT IGNORE INTO admin_shift (AMKA, shift_id) VALUES ('3009559307', '241');
INSERT IGNORE INTO admin_shift (AMKA, shift_id) VALUES ('1907745998', '241');
UPDATE IGNORE shift SET status = TRUE WHERE shift_id = '241';
INSERT IGNORE INTO dept_shift (dept_name, shift_id) VALUES ('Orthopaedic', '241');
INSERT INTO shift (shift_id, day, type) VALUES ('242', '2024-04-16 00:00:00', '23:00-07:00');
INSERT IGNORE INTO doctor_shift (AMKA, shift_id) VALUES ('0807736496', '242');
INSERT IGNORE INTO doctor_shift (AMKA, shift_id) VALUES ('0312964109', '242');
INSERT IGNORE INTO doctor_shift (AMKA, shift_id) VALUES ('2906627360', '242');
INSERT IGNORE INTO doctor_shift (AMKA, shift_id) VALUES ('1209810216', '242');
INSERT IGNORE INTO doctor_shift (AMKA, shift_id) VALUES ('2710919774', '242');
INSERT IGNORE INTO doctor_shift (AMKA, shift_id) VALUES ('1712008709', '242');
INSERT IGNORE INTO nurse_shift (AMKA, shift_id) VALUES ('3009684644', '242');
INSERT IGNORE INTO nurse_shift (AMKA, shift_id) VALUES ('2704464646', '242');
INSERT IGNORE INTO nurse_shift (AMKA, shift_id) VALUES ('2209951799', '242');
INSERT IGNORE INTO nurse_shift (AMKA, shift_id) VALUES ('0807914051', '242');
INSERT IGNORE INTO nurse_shift (AMKA, shift_id) VALUES ('2403611622', '242');
INSERT IGNORE INTO nurse_shift (AMKA, shift_id) VALUES ('0706813720', '242');
INSERT IGNORE INTO nurse_shift (AMKA, shift_id) VALUES ('2608415059', '242');
INSERT IGNORE INTO nurse_shift (AMKA, shift_id) VALUES ('2510897021', '242');
INSERT IGNORE INTO admin_shift (AMKA, shift_id) VALUES ('1805714774', '242');
INSERT IGNORE INTO admin_shift (AMKA, shift_id) VALUES ('0810871867', '242');
INSERT IGNORE INTO admin_shift (AMKA, shift_id) VALUES ('0403889907', '242');
INSERT IGNORE INTO admin_shift (AMKA, shift_id) VALUES ('2408699743', '242');
UPDATE IGNORE shift SET status = TRUE WHERE shift_id = '242';
INSERT IGNORE INTO dept_shift (dept_name, shift_id) VALUES ('Orthopaedic', '242');
INSERT INTO shift (shift_id, day, type) VALUES ('243', '2026-02-25 00:00:00', '07:00-15:00');
INSERT IGNORE INTO doctor_shift (AMKA, shift_id) VALUES ('2306446564', '243');
INSERT IGNORE INTO doctor_shift (AMKA, shift_id) VALUES ('1701623027', '243');
INSERT IGNORE INTO doctor_shift (AMKA, shift_id) VALUES ('1808559940', '243');
INSERT IGNORE INTO doctor_shift (AMKA, shift_id) VALUES ('0707820743', '243');
INSERT IGNORE INTO doctor_shift (AMKA, shift_id) VALUES ('0405994014', '243');
INSERT IGNORE INTO nurse_shift (AMKA, shift_id) VALUES ('1403610713', '243');
INSERT IGNORE INTO nurse_shift (AMKA, shift_id) VALUES ('3004938343', '243');
INSERT IGNORE INTO nurse_shift (AMKA, shift_id) VALUES ('3004641635', '243');
INSERT IGNORE INTO nurse_shift (AMKA, shift_id) VALUES ('3011818066', '243');
INSERT IGNORE INTO nurse_shift (AMKA, shift_id) VALUES ('2401552006', '243');
INSERT IGNORE INTO nurse_shift (AMKA, shift_id) VALUES ('2811867092', '243');
INSERT IGNORE INTO nurse_shift (AMKA, shift_id) VALUES ('3007957631', '243');
INSERT IGNORE INTO nurse_shift (AMKA, shift_id) VALUES ('0904571046', '243');
INSERT IGNORE INTO nurse_shift (AMKA, shift_id) VALUES ('2310744429', '243');
INSERT IGNORE INTO nurse_shift (AMKA, shift_id) VALUES ('0812429714', '243');
INSERT IGNORE INTO admin_shift (AMKA, shift_id) VALUES ('0405421061', '243');
INSERT IGNORE INTO admin_shift (AMKA, shift_id) VALUES ('2901826359', '243');
INSERT IGNORE INTO admin_shift (AMKA, shift_id) VALUES ('1907745998', '243');
UPDATE IGNORE shift SET status = TRUE WHERE shift_id = '243';
INSERT IGNORE INTO dept_shift (dept_name, shift_id) VALUES ('Orthopaedic', '243');
INSERT INTO shift (shift_id, day, type) VALUES ('244', '2024-12-22 00:00:00', '23:00-07:00');
INSERT IGNORE INTO doctor_shift (AMKA, shift_id) VALUES ('1007513743', '244');
INSERT IGNORE INTO doctor_shift (AMKA, shift_id) VALUES ('2801830092', '244');
INSERT IGNORE INTO doctor_shift (AMKA, shift_id) VALUES ('2607905982', '244');
INSERT IGNORE INTO doctor_shift (AMKA, shift_id) VALUES ('2106602456', '244');
INSERT IGNORE INTO doctor_shift (AMKA, shift_id) VALUES ('1808559940', '244');
INSERT IGNORE INTO nurse_shift (AMKA, shift_id) VALUES ('2811867092', '244');
INSERT IGNORE INTO nurse_shift (AMKA, shift_id) VALUES ('1005405863', '244');
INSERT IGNORE INTO nurse_shift (AMKA, shift_id) VALUES ('0706774178', '244');
INSERT IGNORE INTO nurse_shift (AMKA, shift_id) VALUES ('3103488159', '244');
INSERT IGNORE INTO nurse_shift (AMKA, shift_id) VALUES ('0109765304', '244');
INSERT IGNORE INTO nurse_shift (AMKA, shift_id) VALUES ('1908647470', '244');
INSERT IGNORE INTO nurse_shift (AMKA, shift_id) VALUES ('2404846418', '244');
INSERT IGNORE INTO nurse_shift (AMKA, shift_id) VALUES ('1206677028', '244');
INSERT IGNORE INTO admin_shift (AMKA, shift_id) VALUES ('0605578164', '244');
INSERT IGNORE INTO admin_shift (AMKA, shift_id) VALUES ('0505466886', '244');
UPDATE IGNORE shift SET status = TRUE WHERE shift_id = '244';
INSERT IGNORE INTO dept_shift (dept_name, shift_id) VALUES ('Orthopaedic', '244');
INSERT INTO shift (shift_id, day, type) VALUES ('245', '2026-06-27 00:00:00', '15:00-23:00');
INSERT IGNORE INTO doctor_shift (AMKA, shift_id) VALUES ('0305579221', '245');
INSERT IGNORE INTO doctor_shift (AMKA, shift_id) VALUES ('0405403482', '245');
INSERT IGNORE INTO doctor_shift (AMKA, shift_id) VALUES ('0103962870', '245');
INSERT IGNORE INTO doctor_shift (AMKA, shift_id) VALUES ('1112753348', '245');
INSERT IGNORE INTO nurse_shift (AMKA, shift_id) VALUES ('2804859611', '245');
INSERT IGNORE INTO nurse_shift (AMKA, shift_id) VALUES ('1510663927', '245');
INSERT IGNORE INTO nurse_shift (AMKA, shift_id) VALUES ('2901593818', '245');
INSERT IGNORE INTO nurse_shift (AMKA, shift_id) VALUES ('3009684644', '245');
INSERT IGNORE INTO nurse_shift (AMKA, shift_id) VALUES ('1604513215', '245');
INSERT IGNORE INTO nurse_shift (AMKA, shift_id) VALUES ('2403611622', '245');
INSERT IGNORE INTO nurse_shift (AMKA, shift_id) VALUES ('0706813720', '245');
INSERT IGNORE INTO nurse_shift (AMKA, shift_id) VALUES ('1006547847', '245');
INSERT IGNORE INTO nurse_shift (AMKA, shift_id) VALUES ('2106930406', '245');
INSERT IGNORE INTO admin_shift (AMKA, shift_id) VALUES ('0810459550', '245');
INSERT IGNORE INTO admin_shift (AMKA, shift_id) VALUES ('1510768908', '245');
UPDATE IGNORE shift SET status = TRUE WHERE shift_id = '245';
INSERT IGNORE INTO dept_shift (dept_name, shift_id) VALUES ('Orthopaedic', '245');
INSERT INTO shift (shift_id, day, type) VALUES ('246', '2024-05-13 00:00:00', '23:00-07:00');
INSERT IGNORE INTO doctor_shift (AMKA, shift_id) VALUES ('1008990170', '246');
INSERT IGNORE INTO doctor_shift (AMKA, shift_id) VALUES ('2708580170', '246');
INSERT IGNORE INTO doctor_shift (AMKA, shift_id) VALUES ('2809979050', '246');
INSERT IGNORE INTO nurse_shift (AMKA, shift_id) VALUES ('2403611622', '246');
INSERT IGNORE INTO nurse_shift (AMKA, shift_id) VALUES ('0309459375', '246');
INSERT IGNORE INTO nurse_shift (AMKA, shift_id) VALUES ('1206677028', '246');
INSERT IGNORE INTO nurse_shift (AMKA, shift_id) VALUES ('3105850934', '246');
INSERT IGNORE INTO nurse_shift (AMKA, shift_id) VALUES ('2711931843', '246');
INSERT IGNORE INTO nurse_shift (AMKA, shift_id) VALUES ('1403610713', '246');
INSERT IGNORE INTO nurse_shift (AMKA, shift_id) VALUES ('1006547847', '246');
INSERT IGNORE INTO admin_shift (AMKA, shift_id) VALUES ('2303776978', '246');
INSERT IGNORE INTO admin_shift (AMKA, shift_id) VALUES ('1503705648', '246');
INSERT IGNORE INTO admin_shift (AMKA, shift_id) VALUES ('0707666244', '246');
INSERT IGNORE INTO admin_shift (AMKA, shift_id) VALUES ('1510768908', '246');
UPDATE IGNORE shift SET status = TRUE WHERE shift_id = '246';
INSERT IGNORE INTO dept_shift (dept_name, shift_id) VALUES ('Orthopaedic', '246');
INSERT INTO shift (shift_id, day, type) VALUES ('247', '2025-12-15 00:00:00', '15:00-23:00');
INSERT IGNORE INTO doctor_shift (AMKA, shift_id) VALUES ('2203591874', '247');
INSERT IGNORE INTO doctor_shift (AMKA, shift_id) VALUES ('2402877693', '247');
INSERT IGNORE INTO doctor_shift (AMKA, shift_id) VALUES ('1109428284', '247');
INSERT IGNORE INTO doctor_shift (AMKA, shift_id) VALUES ('0202939499', '247');
INSERT IGNORE INTO doctor_shift (AMKA, shift_id) VALUES ('2311474214', '247');
INSERT IGNORE INTO doctor_shift (AMKA, shift_id) VALUES ('1803800903', '247');
INSERT IGNORE INTO nurse_shift (AMKA, shift_id) VALUES ('2202676265', '247');
INSERT IGNORE INTO nurse_shift (AMKA, shift_id) VALUES ('2804859611', '247');
INSERT IGNORE INTO nurse_shift (AMKA, shift_id) VALUES ('2811867092', '247');
INSERT IGNORE INTO nurse_shift (AMKA, shift_id) VALUES ('0604638601', '247');
INSERT IGNORE INTO nurse_shift (AMKA, shift_id) VALUES ('1410590275', '247');
INSERT IGNORE INTO nurse_shift (AMKA, shift_id) VALUES ('0805615787', '247');
INSERT IGNORE INTO nurse_shift (AMKA, shift_id) VALUES ('2608415059', '247');
INSERT IGNORE INTO admin_shift (AMKA, shift_id) VALUES ('2703913336', '247');
INSERT IGNORE INTO admin_shift (AMKA, shift_id) VALUES ('2911528035', '247');
INSERT IGNORE INTO admin_shift (AMKA, shift_id) VALUES ('0812426773', '247');
INSERT IGNORE INTO admin_shift (AMKA, shift_id) VALUES ('0605578164', '247');
UPDATE IGNORE shift SET status = TRUE WHERE shift_id = '247';
INSERT IGNORE INTO dept_shift (dept_name, shift_id) VALUES ('Orthopaedic', '247');
INSERT INTO shift (shift_id, day, type) VALUES ('248', '2025-03-13 00:00:00', '23:00-07:00');
INSERT IGNORE INTO doctor_shift (AMKA, shift_id) VALUES ('1701623027', '248');
INSERT IGNORE INTO doctor_shift (AMKA, shift_id) VALUES ('2708580170', '248');
INSERT IGNORE INTO doctor_shift (AMKA, shift_id) VALUES ('0405403482', '248');
INSERT IGNORE INTO nurse_shift (AMKA, shift_id) VALUES ('0209548455', '248');
INSERT IGNORE INTO nurse_shift (AMKA, shift_id) VALUES ('1911832103', '248');
INSERT IGNORE INTO nurse_shift (AMKA, shift_id) VALUES ('0206841343', '248');
INSERT IGNORE INTO nurse_shift (AMKA, shift_id) VALUES ('1908566470', '248');
INSERT IGNORE INTO nurse_shift (AMKA, shift_id) VALUES ('0309459375', '248');
INSERT IGNORE INTO nurse_shift (AMKA, shift_id) VALUES ('0508623869', '248');
INSERT IGNORE INTO nurse_shift (AMKA, shift_id) VALUES ('0109765304', '248');
INSERT IGNORE INTO nurse_shift (AMKA, shift_id) VALUES ('3101766130', '248');
INSERT IGNORE INTO nurse_shift (AMKA, shift_id) VALUES ('3011818066', '248');
INSERT IGNORE INTO nurse_shift (AMKA, shift_id) VALUES ('2007568464', '248');
INSERT IGNORE INTO admin_shift (AMKA, shift_id) VALUES ('1311799909', '248');
INSERT IGNORE INTO admin_shift (AMKA, shift_id) VALUES ('1209746373', '248');
UPDATE IGNORE shift SET status = TRUE WHERE shift_id = '248';
INSERT IGNORE INTO dept_shift (dept_name, shift_id) VALUES ('Orthopaedic', '248');
INSERT INTO shift (shift_id, day, type) VALUES ('249', '2024-06-30 00:00:00', '23:00-07:00');
INSERT IGNORE INTO doctor_shift (AMKA, shift_id) VALUES ('1402646365', '249');
INSERT IGNORE INTO doctor_shift (AMKA, shift_id) VALUES ('0306542190', '249');
INSERT IGNORE INTO doctor_shift (AMKA, shift_id) VALUES ('2910450715', '249');
INSERT IGNORE INTO doctor_shift (AMKA, shift_id) VALUES ('1912455789', '249');
INSERT IGNORE INTO nurse_shift (AMKA, shift_id) VALUES ('2704464646', '249');
INSERT IGNORE INTO nurse_shift (AMKA, shift_id) VALUES ('0612989649', '249');
INSERT IGNORE INTO nurse_shift (AMKA, shift_id) VALUES ('2604879705', '249');
INSERT IGNORE INTO nurse_shift (AMKA, shift_id) VALUES ('0805615787', '249');
INSERT IGNORE INTO nurse_shift (AMKA, shift_id) VALUES ('0201878050', '249');
INSERT IGNORE INTO nurse_shift (AMKA, shift_id) VALUES ('2910435920', '249');
INSERT IGNORE INTO nurse_shift (AMKA, shift_id) VALUES ('2007568464', '249');
INSERT IGNORE INTO nurse_shift (AMKA, shift_id) VALUES ('0807914051', '249');
INSERT IGNORE INTO admin_shift (AMKA, shift_id) VALUES ('0503752616', '249');
INSERT IGNORE INTO admin_shift (AMKA, shift_id) VALUES ('0201483619', '249');
UPDATE IGNORE shift SET status = TRUE WHERE shift_id = '249';
INSERT IGNORE INTO dept_shift (dept_name, shift_id) VALUES ('Orthopaedic', '249');
INSERT INTO shift (shift_id, day, type) VALUES ('250', '2026-03-18 00:00:00', '07:00-15:00');
INSERT IGNORE INTO doctor_shift (AMKA, shift_id) VALUES ('2203591874', '250');
INSERT IGNORE INTO doctor_shift (AMKA, shift_id) VALUES ('3108788705', '250');
INSERT IGNORE INTO doctor_shift (AMKA, shift_id) VALUES ('1007513743', '250');
INSERT IGNORE INTO doctor_shift (AMKA, shift_id) VALUES ('0307549248', '250');
INSERT IGNORE INTO nurse_shift (AMKA, shift_id) VALUES ('1401961017', '250');
INSERT IGNORE INTO nurse_shift (AMKA, shift_id) VALUES ('1403610713', '250');
INSERT IGNORE INTO nurse_shift (AMKA, shift_id) VALUES ('1806532334', '250');
INSERT IGNORE INTO nurse_shift (AMKA, shift_id) VALUES ('1911832103', '250');
INSERT IGNORE INTO nurse_shift (AMKA, shift_id) VALUES ('2202668306', '250');
INSERT IGNORE INTO nurse_shift (AMKA, shift_id) VALUES ('2403611622', '250');
INSERT IGNORE INTO nurse_shift (AMKA, shift_id) VALUES ('2404846418', '250');
INSERT IGNORE INTO nurse_shift (AMKA, shift_id) VALUES ('2706761470', '250');
INSERT IGNORE INTO admin_shift (AMKA, shift_id) VALUES ('2010445485', '250');
INSERT IGNORE INTO admin_shift (AMKA, shift_id) VALUES ('1105817332', '250');
INSERT IGNORE INTO admin_shift (AMKA, shift_id) VALUES ('0605578164', '250');
INSERT IGNORE INTO admin_shift (AMKA, shift_id) VALUES ('0810459550', '250');
UPDATE IGNORE shift SET status = TRUE WHERE shift_id = '250';
INSERT IGNORE INTO dept_shift (dept_name, shift_id) VALUES ('Orthopaedic', '250');
INSERT INTO shift (shift_id, day, type) VALUES ('251', '2024-02-13 00:00:00', '15:00-23:00');
INSERT IGNORE INTO doctor_shift (AMKA, shift_id) VALUES ('1207427571', '251');
INSERT IGNORE INTO doctor_shift (AMKA, shift_id) VALUES ('2203591874', '251');
INSERT IGNORE INTO doctor_shift (AMKA, shift_id) VALUES ('0405994014', '251');
INSERT IGNORE INTO doctor_shift (AMKA, shift_id) VALUES ('1808559940', '251');
INSERT IGNORE INTO doctor_shift (AMKA, shift_id) VALUES ('2305633067', '251');
INSERT IGNORE INTO nurse_shift (AMKA, shift_id) VALUES ('2706761470', '251');
INSERT IGNORE INTO nurse_shift (AMKA, shift_id) VALUES ('2601941624', '251');
INSERT IGNORE INTO nurse_shift (AMKA, shift_id) VALUES ('2704464646', '251');
INSERT IGNORE INTO nurse_shift (AMKA, shift_id) VALUES ('2510897021', '251');
INSERT IGNORE INTO nurse_shift (AMKA, shift_id) VALUES ('1604513215', '251');
INSERT IGNORE INTO nurse_shift (AMKA, shift_id) VALUES ('0206841343', '251');
INSERT IGNORE INTO nurse_shift (AMKA, shift_id) VALUES ('3006845381', '251');
INSERT IGNORE INTO nurse_shift (AMKA, shift_id) VALUES ('1005673097', '251');
INSERT IGNORE INTO nurse_shift (AMKA, shift_id) VALUES ('2910435920', '251');
INSERT IGNORE INTO admin_shift (AMKA, shift_id) VALUES ('1805714774', '251');
INSERT IGNORE INTO admin_shift (AMKA, shift_id) VALUES ('2901826359', '251');
INSERT IGNORE INTO admin_shift (AMKA, shift_id) VALUES ('2003866217', '251');
INSERT IGNORE INTO admin_shift (AMKA, shift_id) VALUES ('3009559307', '251');
UPDATE IGNORE shift SET status = TRUE WHERE shift_id = '251';
INSERT IGNORE INTO dept_shift (dept_name, shift_id) VALUES ('Orthopaedic', '251');
INSERT INTO shift (shift_id, day, type) VALUES ('252', '2026-05-16 00:00:00', '15:00-23:00');
INSERT IGNORE INTO doctor_shift (AMKA, shift_id) VALUES ('1611621504', '252');
INSERT IGNORE INTO doctor_shift (AMKA, shift_id) VALUES ('3012598800', '252');
INSERT IGNORE INTO doctor_shift (AMKA, shift_id) VALUES ('2607905982', '252');
INSERT IGNORE INTO nurse_shift (AMKA, shift_id) VALUES ('1410001291', '252');
INSERT IGNORE INTO nurse_shift (AMKA, shift_id) VALUES ('1104820571', '252');
INSERT IGNORE INTO nurse_shift (AMKA, shift_id) VALUES ('2205724151', '252');
INSERT IGNORE INTO nurse_shift (AMKA, shift_id) VALUES ('3009684644', '252');
INSERT IGNORE INTO nurse_shift (AMKA, shift_id) VALUES ('2906456566', '252');
INSERT IGNORE INTO nurse_shift (AMKA, shift_id) VALUES ('0407765594', '252');
INSERT IGNORE INTO nurse_shift (AMKA, shift_id) VALUES ('2711931843', '252');
INSERT IGNORE INTO admin_shift (AMKA, shift_id) VALUES ('1510768908', '252');
INSERT IGNORE INTO admin_shift (AMKA, shift_id) VALUES ('2003866217', '252');
INSERT IGNORE INTO admin_shift (AMKA, shift_id) VALUES ('0205901915', '252');
INSERT IGNORE INTO admin_shift (AMKA, shift_id) VALUES ('1109996077', '252');
UPDATE IGNORE shift SET status = TRUE WHERE shift_id = '252';
INSERT IGNORE INTO dept_shift (dept_name, shift_id) VALUES ('Orthopaedic', '252');
INSERT INTO shift (shift_id, day, type) VALUES ('253', '2025-02-15 00:00:00', '23:00-07:00');
INSERT IGNORE INTO doctor_shift (AMKA, shift_id) VALUES ('3108788705', '253');
INSERT IGNORE INTO doctor_shift (AMKA, shift_id) VALUES ('2609009896', '253');
INSERT IGNORE INTO doctor_shift (AMKA, shift_id) VALUES ('2305633067', '253');
INSERT IGNORE INTO doctor_shift (AMKA, shift_id) VALUES ('1402646365', '253');
INSERT IGNORE INTO nurse_shift (AMKA, shift_id) VALUES ('1908566470', '253');
INSERT IGNORE INTO nurse_shift (AMKA, shift_id) VALUES ('0805615787', '253');
INSERT IGNORE INTO nurse_shift (AMKA, shift_id) VALUES ('1711760995', '253');
INSERT IGNORE INTO nurse_shift (AMKA, shift_id) VALUES ('2110703028', '253');
INSERT IGNORE INTO nurse_shift (AMKA, shift_id) VALUES ('1005673097', '253');
INSERT IGNORE INTO nurse_shift (AMKA, shift_id) VALUES ('0807809157', '253');
INSERT IGNORE INTO nurse_shift (AMKA, shift_id) VALUES ('0804762436', '253');
INSERT IGNORE INTO nurse_shift (AMKA, shift_id) VALUES ('2706761470', '253');
INSERT IGNORE INTO admin_shift (AMKA, shift_id) VALUES ('1311799909', '253');
INSERT IGNORE INTO admin_shift (AMKA, shift_id) VALUES ('2703913336', '253');
INSERT IGNORE INTO admin_shift (AMKA, shift_id) VALUES ('0205901915', '253');
INSERT IGNORE INTO admin_shift (AMKA, shift_id) VALUES ('1503705648', '253');
UPDATE IGNORE shift SET status = TRUE WHERE shift_id = '253';
INSERT IGNORE INTO dept_shift (dept_name, shift_id) VALUES ('Orthopaedic', '253');
INSERT INTO shift (shift_id, day, type) VALUES ('254', '2026-01-26 00:00:00', '07:00-15:00');
INSERT IGNORE INTO doctor_shift (AMKA, shift_id) VALUES ('0707820743', '254');
INSERT IGNORE INTO doctor_shift (AMKA, shift_id) VALUES ('3012509660', '254');
INSERT IGNORE INTO doctor_shift (AMKA, shift_id) VALUES ('0410862119', '254');
INSERT IGNORE INTO doctor_shift (AMKA, shift_id) VALUES ('3008951757', '254');
INSERT IGNORE INTO doctor_shift (AMKA, shift_id) VALUES ('2905541171', '254');
INSERT IGNORE INTO doctor_shift (AMKA, shift_id) VALUES ('2910956816', '254');
INSERT IGNORE INTO doctor_shift (AMKA, shift_id) VALUES ('1108642138', '254');
INSERT IGNORE INTO doctor_shift (AMKA, shift_id) VALUES ('1908663047', '254');
INSERT IGNORE INTO nurse_shift (AMKA, shift_id) VALUES ('1504406068', '254');
INSERT IGNORE INTO nurse_shift (AMKA, shift_id) VALUES ('0209548455', '254');
INSERT IGNORE INTO nurse_shift (AMKA, shift_id) VALUES ('2205724151', '254');
INSERT IGNORE INTO nurse_shift (AMKA, shift_id) VALUES ('1401961017', '254');
INSERT IGNORE INTO nurse_shift (AMKA, shift_id) VALUES ('2704464646', '254');
INSERT IGNORE INTO nurse_shift (AMKA, shift_id) VALUES ('1911611265', '254');
INSERT IGNORE INTO admin_shift (AMKA, shift_id) VALUES ('0706936645', '254');
INSERT IGNORE INTO admin_shift (AMKA, shift_id) VALUES ('1701751366', '254');
INSERT IGNORE INTO admin_shift (AMKA, shift_id) VALUES ('2408699743', '254');
INSERT IGNORE INTO admin_shift (AMKA, shift_id) VALUES ('1405405087', '254');
UPDATE IGNORE shift SET status = TRUE WHERE shift_id = '254';
INSERT IGNORE INTO dept_shift (dept_name, shift_id) VALUES ('Orthopaedic', '254');
INSERT INTO shift (shift_id, day, type) VALUES ('255', '2024-01-08 00:00:00', '07:00-15:00');
INSERT IGNORE INTO doctor_shift (AMKA, shift_id) VALUES ('2411004971', '255');
INSERT IGNORE INTO doctor_shift (AMKA, shift_id) VALUES ('1810910652', '255');
INSERT IGNORE INTO doctor_shift (AMKA, shift_id) VALUES ('3012598800', '255');
INSERT IGNORE INTO doctor_shift (AMKA, shift_id) VALUES ('2404738380', '255');
INSERT IGNORE INTO doctor_shift (AMKA, shift_id) VALUES ('2010494529', '255');
INSERT IGNORE INTO doctor_shift (AMKA, shift_id) VALUES ('2607905982', '255');
INSERT IGNORE INTO doctor_shift (AMKA, shift_id) VALUES ('2406419109', '255');
INSERT IGNORE INTO doctor_shift (AMKA, shift_id) VALUES ('0405403482', '255');
INSERT IGNORE INTO nurse_shift (AMKA, shift_id) VALUES ('1911832103', '255');
INSERT IGNORE INTO nurse_shift (AMKA, shift_id) VALUES ('1806532334', '255');
INSERT IGNORE INTO nurse_shift (AMKA, shift_id) VALUES ('3105850934', '255');
INSERT IGNORE INTO nurse_shift (AMKA, shift_id) VALUES ('0104472353', '255');
INSERT IGNORE INTO nurse_shift (AMKA, shift_id) VALUES ('0804762436', '255');
INSERT IGNORE INTO nurse_shift (AMKA, shift_id) VALUES ('1801437951', '255');
INSERT IGNORE INTO nurse_shift (AMKA, shift_id) VALUES ('0201878050', '255');
INSERT IGNORE INTO admin_shift (AMKA, shift_id) VALUES ('0508766025', '255');
INSERT IGNORE INTO admin_shift (AMKA, shift_id) VALUES ('2103717007', '255');
INSERT IGNORE INTO admin_shift (AMKA, shift_id) VALUES ('1405405087', '255');
UPDATE IGNORE shift SET status = TRUE WHERE shift_id = '255';
INSERT IGNORE INTO dept_shift (dept_name, shift_id) VALUES ('Orthopaedic', '255');
INSERT INTO shift (shift_id, day, type) VALUES ('256', '2026-02-23 00:00:00', '15:00-23:00');
INSERT IGNORE INTO doctor_shift (AMKA, shift_id) VALUES ('1008990170', '256');
INSERT IGNORE INTO doctor_shift (AMKA, shift_id) VALUES ('0402587115', '256');
INSERT IGNORE INTO doctor_shift (AMKA, shift_id) VALUES ('1402646365', '256');
INSERT IGNORE INTO doctor_shift (AMKA, shift_id) VALUES ('2906540192', '256');
INSERT IGNORE INTO doctor_shift (AMKA, shift_id) VALUES ('1007513743', '256');
INSERT IGNORE INTO doctor_shift (AMKA, shift_id) VALUES ('0306542190', '256');
INSERT IGNORE INTO nurse_shift (AMKA, shift_id) VALUES ('2608415059', '256');
INSERT IGNORE INTO nurse_shift (AMKA, shift_id) VALUES ('2106930406', '256');
INSERT IGNORE INTO nurse_shift (AMKA, shift_id) VALUES ('2404846418', '256');
INSERT IGNORE INTO nurse_shift (AMKA, shift_id) VALUES ('2209951799', '256');
INSERT IGNORE INTO nurse_shift (AMKA, shift_id) VALUES ('2202676265', '256');
INSERT IGNORE INTO nurse_shift (AMKA, shift_id) VALUES ('1011859573', '256');
INSERT IGNORE INTO nurse_shift (AMKA, shift_id) VALUES ('1410590275', '256');
INSERT IGNORE INTO nurse_shift (AMKA, shift_id) VALUES ('2412005893', '256');
INSERT IGNORE INTO nurse_shift (AMKA, shift_id) VALUES ('0412793251', '256');
INSERT IGNORE INTO admin_shift (AMKA, shift_id) VALUES ('2309518917', '256');
INSERT IGNORE INTO admin_shift (AMKA, shift_id) VALUES ('1907745998', '256');
UPDATE IGNORE shift SET status = TRUE WHERE shift_id = '256';
INSERT IGNORE INTO dept_shift (dept_name, shift_id) VALUES ('Orthopaedic', '256');
INSERT INTO shift (shift_id, day, type) VALUES ('257', '2026-11-20 00:00:00', '15:00-23:00');
INSERT IGNORE INTO doctor_shift (AMKA, shift_id) VALUES ('1912455789', '257');
INSERT IGNORE INTO doctor_shift (AMKA, shift_id) VALUES ('0111689660', '257');
INSERT IGNORE INTO doctor_shift (AMKA, shift_id) VALUES ('2809979050', '257');
INSERT IGNORE INTO doctor_shift (AMKA, shift_id) VALUES ('0701944806', '257');
INSERT IGNORE INTO doctor_shift (AMKA, shift_id) VALUES ('2607905982', '257');
INSERT IGNORE INTO nurse_shift (AMKA, shift_id) VALUES ('2209951799', '257');
INSERT IGNORE INTO nurse_shift (AMKA, shift_id) VALUES ('2104656720', '257');
INSERT IGNORE INTO nurse_shift (AMKA, shift_id) VALUES ('2507425872', '257');
INSERT IGNORE INTO nurse_shift (AMKA, shift_id) VALUES ('0412793251', '257');
INSERT IGNORE INTO nurse_shift (AMKA, shift_id) VALUES ('1006547847', '257');
INSERT IGNORE INTO nurse_shift (AMKA, shift_id) VALUES ('2202676265', '257');
INSERT IGNORE INTO nurse_shift (AMKA, shift_id) VALUES ('1005673097', '257');
INSERT IGNORE INTO nurse_shift (AMKA, shift_id) VALUES ('0201878050', '257');
INSERT IGNORE INTO nurse_shift (AMKA, shift_id) VALUES ('0309734619', '257');
INSERT IGNORE INTO admin_shift (AMKA, shift_id) VALUES ('1510768908', '257');
INSERT IGNORE INTO admin_shift (AMKA, shift_id) VALUES ('2310523586', '257');
INSERT IGNORE INTO admin_shift (AMKA, shift_id) VALUES ('0201483619', '257');
UPDATE IGNORE shift SET status = TRUE WHERE shift_id = '257';
INSERT IGNORE INTO dept_shift (dept_name, shift_id) VALUES ('Orthopaedic', '257');
INSERT INTO shift (shift_id, day, type) VALUES ('258', '2024-02-11 00:00:00', '07:00-15:00');
INSERT IGNORE INTO doctor_shift (AMKA, shift_id) VALUES ('2106602456', '258');
INSERT IGNORE INTO doctor_shift (AMKA, shift_id) VALUES ('0306542190', '258');
INSERT IGNORE INTO doctor_shift (AMKA, shift_id) VALUES ('0405994014', '258');
INSERT IGNORE INTO doctor_shift (AMKA, shift_id) VALUES ('2404738380', '258');
INSERT IGNORE INTO doctor_shift (AMKA, shift_id) VALUES ('1109428284', '258');
INSERT IGNORE INTO doctor_shift (AMKA, shift_id) VALUES ('0706543302', '258');
INSERT IGNORE INTO doctor_shift (AMKA, shift_id) VALUES ('3110765587', '258');
INSERT IGNORE INTO nurse_shift (AMKA, shift_id) VALUES ('2704464646', '258');
INSERT IGNORE INTO nurse_shift (AMKA, shift_id) VALUES ('1409799887', '258');
INSERT IGNORE INTO nurse_shift (AMKA, shift_id) VALUES ('1604513215', '258');
INSERT IGNORE INTO nurse_shift (AMKA, shift_id) VALUES ('2901593818', '258');
INSERT IGNORE INTO nurse_shift (AMKA, shift_id) VALUES ('1908647470', '258');
INSERT IGNORE INTO nurse_shift (AMKA, shift_id) VALUES ('2310744429', '258');
INSERT IGNORE INTO nurse_shift (AMKA, shift_id) VALUES ('0106962075', '258');
INSERT IGNORE INTO nurse_shift (AMKA, shift_id) VALUES ('0706774178', '258');
INSERT IGNORE INTO nurse_shift (AMKA, shift_id) VALUES ('2912929004', '258');
INSERT IGNORE INTO admin_shift (AMKA, shift_id) VALUES ('3009559307', '258');
INSERT IGNORE INTO admin_shift (AMKA, shift_id) VALUES ('0706936645', '258');
UPDATE IGNORE shift SET status = TRUE WHERE shift_id = '258';
INSERT IGNORE INTO dept_shift (dept_name, shift_id) VALUES ('Orthopaedic', '258');
INSERT INTO shift (shift_id, day, type) VALUES ('259', '2024-09-29 00:00:00', '07:00-15:00');
INSERT IGNORE INTO doctor_shift (AMKA, shift_id) VALUES ('0807736496', '259');
INSERT IGNORE INTO doctor_shift (AMKA, shift_id) VALUES ('1808559940', '259');
INSERT IGNORE INTO doctor_shift (AMKA, shift_id) VALUES ('1803800903', '259');
INSERT IGNORE INTO nurse_shift (AMKA, shift_id) VALUES ('0106962075', '259');
INSERT IGNORE INTO nurse_shift (AMKA, shift_id) VALUES ('2711931843', '259');
INSERT IGNORE INTO nurse_shift (AMKA, shift_id) VALUES ('2912929004', '259');
INSERT IGNORE INTO nurse_shift (AMKA, shift_id) VALUES ('1008771252', '259');
INSERT IGNORE INTO nurse_shift (AMKA, shift_id) VALUES ('1806981284', '259');
INSERT IGNORE INTO nurse_shift (AMKA, shift_id) VALUES ('2906456566', '259');
INSERT IGNORE INTO admin_shift (AMKA, shift_id) VALUES ('2605932179', '259');
INSERT IGNORE INTO admin_shift (AMKA, shift_id) VALUES ('1209746373', '259');
UPDATE IGNORE shift SET status = TRUE WHERE shift_id = '259';
INSERT IGNORE INTO dept_shift (dept_name, shift_id) VALUES ('Orthopaedic', '259');
INSERT INTO shift (shift_id, day, type) VALUES ('260', '2024-06-10 00:00:00', '15:00-23:00');
INSERT IGNORE INTO doctor_shift (AMKA, shift_id) VALUES ('2311474214', '260');
INSERT IGNORE INTO doctor_shift (AMKA, shift_id) VALUES ('2501995986', '260');
INSERT IGNORE INTO doctor_shift (AMKA, shift_id) VALUES ('1009974497', '260');
INSERT IGNORE INTO doctor_shift (AMKA, shift_id) VALUES ('0706543302', '260');
INSERT IGNORE INTO doctor_shift (AMKA, shift_id) VALUES ('0111689660', '260');
INSERT IGNORE INTO doctor_shift (AMKA, shift_id) VALUES ('0708733889', '260');
INSERT IGNORE INTO doctor_shift (AMKA, shift_id) VALUES ('1301442380', '260');
INSERT IGNORE INTO doctor_shift (AMKA, shift_id) VALUES ('2205469029', '260');
INSERT IGNORE INTO nurse_shift (AMKA, shift_id) VALUES ('3101766130', '260');
INSERT IGNORE INTO nurse_shift (AMKA, shift_id) VALUES ('1410001291', '260');
INSERT IGNORE INTO nurse_shift (AMKA, shift_id) VALUES ('1006547847', '260');
INSERT IGNORE INTO nurse_shift (AMKA, shift_id) VALUES ('1911832103', '260');
INSERT IGNORE INTO nurse_shift (AMKA, shift_id) VALUES ('2007568464', '260');
INSERT IGNORE INTO nurse_shift (AMKA, shift_id) VALUES ('3007957631', '260');
INSERT IGNORE INTO admin_shift (AMKA, shift_id) VALUES ('2811646141', '260');
INSERT IGNORE INTO admin_shift (AMKA, shift_id) VALUES ('0201483619', '260');
UPDATE IGNORE shift SET status = TRUE WHERE shift_id = '260';
INSERT IGNORE INTO dept_shift (dept_name, shift_id) VALUES ('Orthopaedic', '260');
INSERT INTO shift (shift_id, day, type) VALUES ('261', '2026-12-04 00:00:00', '07:00-15:00');
INSERT IGNORE INTO doctor_shift (AMKA, shift_id) VALUES ('2306446564', '261');
INSERT IGNORE INTO doctor_shift (AMKA, shift_id) VALUES ('2305692753', '261');
INSERT IGNORE INTO doctor_shift (AMKA, shift_id) VALUES ('0202939499', '261');
INSERT IGNORE INTO doctor_shift (AMKA, shift_id) VALUES ('2710919774', '261');
INSERT IGNORE INTO doctor_shift (AMKA, shift_id) VALUES ('2906627360', '261');
INSERT IGNORE INTO doctor_shift (AMKA, shift_id) VALUES ('0707820743', '261');
INSERT IGNORE INTO doctor_shift (AMKA, shift_id) VALUES ('1207427571', '261');
INSERT IGNORE INTO nurse_shift (AMKA, shift_id) VALUES ('0604638601', '261');
INSERT IGNORE INTO nurse_shift (AMKA, shift_id) VALUES ('1409799887', '261');
INSERT IGNORE INTO nurse_shift (AMKA, shift_id) VALUES ('3009684644', '261');
INSERT IGNORE INTO nurse_shift (AMKA, shift_id) VALUES ('1604513215', '261');
INSERT IGNORE INTO nurse_shift (AMKA, shift_id) VALUES ('0407765594', '261');
INSERT IGNORE INTO nurse_shift (AMKA, shift_id) VALUES ('1210752839', '261');
INSERT IGNORE INTO nurse_shift (AMKA, shift_id) VALUES ('2704464646', '261');
INSERT IGNORE INTO admin_shift (AMKA, shift_id) VALUES ('3009559307', '261');
INSERT IGNORE INTO admin_shift (AMKA, shift_id) VALUES ('0102594389', '261');
INSERT IGNORE INTO admin_shift (AMKA, shift_id) VALUES ('2003866217', '261');
UPDATE IGNORE shift SET status = TRUE WHERE shift_id = '261';
INSERT IGNORE INTO dept_shift (dept_name, shift_id) VALUES ('Orthopaedic', '261');
INSERT INTO shift (shift_id, day, type) VALUES ('262', '2026-07-03 00:00:00', '15:00-23:00');
INSERT IGNORE INTO doctor_shift (AMKA, shift_id) VALUES ('2411004971', '262');
INSERT IGNORE INTO doctor_shift (AMKA, shift_id) VALUES ('1502550745', '262');
INSERT IGNORE INTO doctor_shift (AMKA, shift_id) VALUES ('2910956816', '262');
INSERT IGNORE INTO doctor_shift (AMKA, shift_id) VALUES ('0902609962', '262');
INSERT IGNORE INTO doctor_shift (AMKA, shift_id) VALUES ('0802581734', '262');
INSERT IGNORE INTO doctor_shift (AMKA, shift_id) VALUES ('1301442380', '262');
INSERT IGNORE INTO doctor_shift (AMKA, shift_id) VALUES ('3008951757', '262');
INSERT IGNORE INTO nurse_shift (AMKA, shift_id) VALUES ('2411954432', '262');
INSERT IGNORE INTO nurse_shift (AMKA, shift_id) VALUES ('3105850934', '262');
INSERT IGNORE INTO nurse_shift (AMKA, shift_id) VALUES ('2403611622', '262');
INSERT IGNORE INTO nurse_shift (AMKA, shift_id) VALUES ('1908566470', '262');
INSERT IGNORE INTO nurse_shift (AMKA, shift_id) VALUES ('1806532334', '262');
INSERT IGNORE INTO nurse_shift (AMKA, shift_id) VALUES ('1505505773', '262');
INSERT IGNORE INTO nurse_shift (AMKA, shift_id) VALUES ('1911611265', '262');
INSERT IGNORE INTO nurse_shift (AMKA, shift_id) VALUES ('0807914051', '262');
INSERT IGNORE INTO nurse_shift (AMKA, shift_id) VALUES ('2104656720', '262');
INSERT IGNORE INTO admin_shift (AMKA, shift_id) VALUES ('0405421061', '262');
INSERT IGNORE INTO admin_shift (AMKA, shift_id) VALUES ('2605932179', '262');
INSERT IGNORE INTO admin_shift (AMKA, shift_id) VALUES ('3009559307', '262');
INSERT IGNORE INTO admin_shift (AMKA, shift_id) VALUES ('0605578164', '262');
UPDATE IGNORE shift SET status = TRUE WHERE shift_id = '262';
INSERT IGNORE INTO dept_shift (dept_name, shift_id) VALUES ('Orthopaedic', '262');
INSERT INTO shift (shift_id, day, type) VALUES ('263', '2025-09-01 00:00:00', '15:00-23:00');
INSERT IGNORE INTO doctor_shift (AMKA, shift_id) VALUES ('1209810216', '263');
INSERT IGNORE INTO doctor_shift (AMKA, shift_id) VALUES ('0405994014', '263');
INSERT IGNORE INTO doctor_shift (AMKA, shift_id) VALUES ('1912455789', '263');
INSERT IGNORE INTO nurse_shift (AMKA, shift_id) VALUES ('3011818066', '263');
INSERT IGNORE INTO nurse_shift (AMKA, shift_id) VALUES ('1504406068', '263');
INSERT IGNORE INTO nurse_shift (AMKA, shift_id) VALUES ('2612762096', '263');
INSERT IGNORE INTO nurse_shift (AMKA, shift_id) VALUES ('2711931843', '263');
INSERT IGNORE INTO nurse_shift (AMKA, shift_id) VALUES ('1112443609', '263');
INSERT IGNORE INTO nurse_shift (AMKA, shift_id) VALUES ('1401961017', '263');
INSERT IGNORE INTO nurse_shift (AMKA, shift_id) VALUES ('0412793251', '263');
INSERT IGNORE INTO nurse_shift (AMKA, shift_id) VALUES ('1409799887', '263');
INSERT IGNORE INTO admin_shift (AMKA, shift_id) VALUES ('1403488687', '263');
INSERT IGNORE INTO admin_shift (AMKA, shift_id) VALUES ('0605578164', '263');
INSERT IGNORE INTO admin_shift (AMKA, shift_id) VALUES ('1907745998', '263');
UPDATE IGNORE shift SET status = TRUE WHERE shift_id = '263';
INSERT IGNORE INTO dept_shift (dept_name, shift_id) VALUES ('Orthopaedic', '263');
INSERT INTO shift (shift_id, day, type) VALUES ('264', '2026-10-24 00:00:00', '07:00-15:00');
INSERT IGNORE INTO doctor_shift (AMKA, shift_id) VALUES ('2910450715', '264');
INSERT IGNORE INTO doctor_shift (AMKA, shift_id) VALUES ('1701623027', '264');
INSERT IGNORE INTO doctor_shift (AMKA, shift_id) VALUES ('0305579221', '264');
INSERT IGNORE INTO doctor_shift (AMKA, shift_id) VALUES ('3012509660', '264');
INSERT IGNORE INTO doctor_shift (AMKA, shift_id) VALUES ('0706543302', '264');
INSERT IGNORE INTO doctor_shift (AMKA, shift_id) VALUES ('0410862119', '264');
INSERT IGNORE INTO doctor_shift (AMKA, shift_id) VALUES ('1502550745', '264');
INSERT IGNORE INTO doctor_shift (AMKA, shift_id) VALUES ('2809979050', '264');
INSERT IGNORE INTO nurse_shift (AMKA, shift_id) VALUES ('2604879705', '264');
INSERT IGNORE INTO nurse_shift (AMKA, shift_id) VALUES ('1104820571', '264');
INSERT IGNORE INTO nurse_shift (AMKA, shift_id) VALUES ('3101766130', '264');
INSERT IGNORE INTO nurse_shift (AMKA, shift_id) VALUES ('0812429714', '264');
INSERT IGNORE INTO nurse_shift (AMKA, shift_id) VALUES ('0612989649', '264');
INSERT IGNORE INTO nurse_shift (AMKA, shift_id) VALUES ('2612729603', '264');
INSERT IGNORE INTO admin_shift (AMKA, shift_id) VALUES ('2811646141', '264');
INSERT IGNORE INTO admin_shift (AMKA, shift_id) VALUES ('0205901915', '264');
INSERT IGNORE INTO admin_shift (AMKA, shift_id) VALUES ('2901826359', '264');
INSERT IGNORE INTO admin_shift (AMKA, shift_id) VALUES ('1711552309', '264');
UPDATE IGNORE shift SET status = TRUE WHERE shift_id = '264';
INSERT IGNORE INTO dept_shift (dept_name, shift_id) VALUES ('Orthopaedic', '264');
INSERT INTO shift (shift_id, day, type) VALUES ('265', '2026-02-22 00:00:00', '23:00-07:00');
INSERT IGNORE INTO doctor_shift (AMKA, shift_id) VALUES ('1705602559', '265');
INSERT IGNORE INTO doctor_shift (AMKA, shift_id) VALUES ('2801801564', '265');
INSERT IGNORE INTO doctor_shift (AMKA, shift_id) VALUES ('1009974497', '265');
INSERT IGNORE INTO doctor_shift (AMKA, shift_id) VALUES ('1502550745', '265');
INSERT IGNORE INTO nurse_shift (AMKA, shift_id) VALUES ('2510897021', '265');
INSERT IGNORE INTO nurse_shift (AMKA, shift_id) VALUES ('1711760995', '265');
INSERT IGNORE INTO nurse_shift (AMKA, shift_id) VALUES ('1005529092', '265');
INSERT IGNORE INTO nurse_shift (AMKA, shift_id) VALUES ('0407765594', '265');
INSERT IGNORE INTO nurse_shift (AMKA, shift_id) VALUES ('1911832103', '265');
INSERT IGNORE INTO nurse_shift (AMKA, shift_id) VALUES ('2910435920', '265');
INSERT IGNORE INTO nurse_shift (AMKA, shift_id) VALUES ('1401961017', '265');
INSERT IGNORE INTO admin_shift (AMKA, shift_id) VALUES ('1209746373', '265');
INSERT IGNORE INTO admin_shift (AMKA, shift_id) VALUES ('0605578164', '265');
INSERT IGNORE INTO admin_shift (AMKA, shift_id) VALUES ('0102594389', '265');
INSERT IGNORE INTO admin_shift (AMKA, shift_id) VALUES ('1403488687', '265');
UPDATE IGNORE shift SET status = TRUE WHERE shift_id = '265';
INSERT IGNORE INTO dept_shift (dept_name, shift_id) VALUES ('Urology', '265');
INSERT INTO shift (shift_id, day, type) VALUES ('266', '2025-06-14 00:00:00', '07:00-15:00');
INSERT IGNORE INTO doctor_shift (AMKA, shift_id) VALUES ('3008951757', '266');
INSERT IGNORE INTO doctor_shift (AMKA, shift_id) VALUES ('1705602559', '266');
INSERT IGNORE INTO doctor_shift (AMKA, shift_id) VALUES ('3012509660', '266');
INSERT IGNORE INTO nurse_shift (AMKA, shift_id) VALUES ('1011859573', '266');
INSERT IGNORE INTO nurse_shift (AMKA, shift_id) VALUES ('2202676265', '266');
INSERT IGNORE INTO nurse_shift (AMKA, shift_id) VALUES ('2608981810', '266');
INSERT IGNORE INTO nurse_shift (AMKA, shift_id) VALUES ('2110703028', '266');
INSERT IGNORE INTO nurse_shift (AMKA, shift_id) VALUES ('1112443609', '266');
INSERT IGNORE INTO nurse_shift (AMKA, shift_id) VALUES ('0201878050', '266');
INSERT IGNORE INTO nurse_shift (AMKA, shift_id) VALUES ('2906456566', '266');
INSERT IGNORE INTO admin_shift (AMKA, shift_id) VALUES ('0508766025', '266');
INSERT IGNORE INTO admin_shift (AMKA, shift_id) VALUES ('1510768908', '266');
INSERT IGNORE INTO admin_shift (AMKA, shift_id) VALUES ('2703913336', '266');
UPDATE IGNORE shift SET status = TRUE WHERE shift_id = '266';
INSERT IGNORE INTO dept_shift (dept_name, shift_id) VALUES ('Urology', '266');
INSERT INTO shift (shift_id, day, type) VALUES ('267', '2026-06-09 00:00:00', '15:00-23:00');
INSERT IGNORE INTO doctor_shift (AMKA, shift_id) VALUES ('0410862119', '267');
INSERT IGNORE INTO doctor_shift (AMKA, shift_id) VALUES ('1808559940', '267');
INSERT IGNORE INTO doctor_shift (AMKA, shift_id) VALUES ('2708580170', '267');
INSERT IGNORE INTO doctor_shift (AMKA, shift_id) VALUES ('0111689660', '267');
INSERT IGNORE INTO doctor_shift (AMKA, shift_id) VALUES ('2502902231', '267');
INSERT IGNORE INTO doctor_shift (AMKA, shift_id) VALUES ('2111532740', '267');
INSERT IGNORE INTO nurse_shift (AMKA, shift_id) VALUES ('2910435920', '267');
INSERT IGNORE INTO nurse_shift (AMKA, shift_id) VALUES ('0807809157', '267');
INSERT IGNORE INTO nurse_shift (AMKA, shift_id) VALUES ('0609636680', '267');
INSERT IGNORE INTO nurse_shift (AMKA, shift_id) VALUES ('1801437951', '267');
INSERT IGNORE INTO nurse_shift (AMKA, shift_id) VALUES ('2202668306', '267');
INSERT IGNORE INTO nurse_shift (AMKA, shift_id) VALUES ('2804859611', '267');
INSERT IGNORE INTO admin_shift (AMKA, shift_id) VALUES ('0601887396', '267');
INSERT IGNORE INTO admin_shift (AMKA, shift_id) VALUES ('1701751366', '267');
UPDATE IGNORE shift SET status = TRUE WHERE shift_id = '267';
INSERT IGNORE INTO dept_shift (dept_name, shift_id) VALUES ('Urology', '267');
INSERT INTO shift (shift_id, day, type) VALUES ('268', '2025-04-29 00:00:00', '07:00-15:00');
INSERT IGNORE INTO doctor_shift (AMKA, shift_id) VALUES ('0707820743', '268');
INSERT IGNORE INTO doctor_shift (AMKA, shift_id) VALUES ('2609009896', '268');
INSERT IGNORE INTO doctor_shift (AMKA, shift_id) VALUES ('2203591874', '268');
INSERT IGNORE INTO doctor_shift (AMKA, shift_id) VALUES ('3012870045', '268');
INSERT IGNORE INTO nurse_shift (AMKA, shift_id) VALUES ('3004938343', '268');
INSERT IGNORE INTO nurse_shift (AMKA, shift_id) VALUES ('0201878050', '268');
INSERT IGNORE INTO nurse_shift (AMKA, shift_id) VALUES ('1410001291', '268');
INSERT IGNORE INTO nurse_shift (AMKA, shift_id) VALUES ('1410590275', '268');
INSERT IGNORE INTO nurse_shift (AMKA, shift_id) VALUES ('2507425872', '268');
INSERT IGNORE INTO nurse_shift (AMKA, shift_id) VALUES ('1504406068', '268');
INSERT IGNORE INTO nurse_shift (AMKA, shift_id) VALUES ('2205724151', '268');
INSERT IGNORE INTO nurse_shift (AMKA, shift_id) VALUES ('0807809157', '268');
INSERT IGNORE INTO nurse_shift (AMKA, shift_id) VALUES ('1403610713', '268');
INSERT IGNORE INTO nurse_shift (AMKA, shift_id) VALUES ('0807914051', '268');
INSERT IGNORE INTO admin_shift (AMKA, shift_id) VALUES ('2911528035', '268');
INSERT IGNORE INTO admin_shift (AMKA, shift_id) VALUES ('3009559307', '268');
INSERT IGNORE INTO admin_shift (AMKA, shift_id) VALUES ('0703960983', '268');
UPDATE IGNORE shift SET status = TRUE WHERE shift_id = '268';
INSERT IGNORE INTO dept_shift (dept_name, shift_id) VALUES ('Urology', '268');
INSERT INTO shift (shift_id, day, type) VALUES ('269', '2026-11-07 00:00:00', '15:00-23:00');
INSERT IGNORE INTO doctor_shift (AMKA, shift_id) VALUES ('2406419109', '269');
INSERT IGNORE INTO doctor_shift (AMKA, shift_id) VALUES ('2809979050', '269');
INSERT IGNORE INTO doctor_shift (AMKA, shift_id) VALUES ('1705602559', '269');
INSERT IGNORE INTO doctor_shift (AMKA, shift_id) VALUES ('0405994014', '269');
INSERT IGNORE INTO doctor_shift (AMKA, shift_id) VALUES ('2607905982', '269');
INSERT IGNORE INTO doctor_shift (AMKA, shift_id) VALUES ('2402877693', '269');
INSERT IGNORE INTO doctor_shift (AMKA, shift_id) VALUES ('2305633067', '269');
INSERT IGNORE INTO nurse_shift (AMKA, shift_id) VALUES ('0705726850', '269');
INSERT IGNORE INTO nurse_shift (AMKA, shift_id) VALUES ('1911611265', '269');
INSERT IGNORE INTO nurse_shift (AMKA, shift_id) VALUES ('2411954432', '269');
INSERT IGNORE INTO nurse_shift (AMKA, shift_id) VALUES ('1410001291', '269');
INSERT IGNORE INTO nurse_shift (AMKA, shift_id) VALUES ('2906456566', '269');
INSERT IGNORE INTO nurse_shift (AMKA, shift_id) VALUES ('1908647470', '269');
INSERT IGNORE INTO admin_shift (AMKA, shift_id) VALUES ('3009559307', '269');
INSERT IGNORE INTO admin_shift (AMKA, shift_id) VALUES ('2604773268', '269');
INSERT IGNORE INTO admin_shift (AMKA, shift_id) VALUES ('0810459550', '269');
UPDATE IGNORE shift SET status = TRUE WHERE shift_id = '269';
INSERT IGNORE INTO dept_shift (dept_name, shift_id) VALUES ('Urology', '269');
INSERT INTO shift (shift_id, day, type) VALUES ('270', '2026-05-19 00:00:00', '15:00-23:00');
INSERT IGNORE INTO doctor_shift (AMKA, shift_id) VALUES ('2305633067', '270');
INSERT IGNORE INTO doctor_shift (AMKA, shift_id) VALUES ('0305579221', '270');
INSERT IGNORE INTO doctor_shift (AMKA, shift_id) VALUES ('1301429404', '270');
INSERT IGNORE INTO nurse_shift (AMKA, shift_id) VALUES ('2608981810', '270');
INSERT IGNORE INTO nurse_shift (AMKA, shift_id) VALUES ('2612729603', '270');
INSERT IGNORE INTO nurse_shift (AMKA, shift_id) VALUES ('0609636680', '270');
INSERT IGNORE INTO nurse_shift (AMKA, shift_id) VALUES ('1308752778', '270');
INSERT IGNORE INTO nurse_shift (AMKA, shift_id) VALUES ('0807809157', '270');
INSERT IGNORE INTO nurse_shift (AMKA, shift_id) VALUES ('1410590275', '270');
INSERT IGNORE INTO nurse_shift (AMKA, shift_id) VALUES ('3006845381', '270');
INSERT IGNORE INTO nurse_shift (AMKA, shift_id) VALUES ('2401552006', '270');
INSERT IGNORE INTO nurse_shift (AMKA, shift_id) VALUES ('1801437951', '270');
INSERT IGNORE INTO admin_shift (AMKA, shift_id) VALUES ('0810871867', '270');
INSERT IGNORE INTO admin_shift (AMKA, shift_id) VALUES ('2605932179', '270');
INSERT IGNORE INTO admin_shift (AMKA, shift_id) VALUES ('0706936645', '270');
UPDATE IGNORE shift SET status = TRUE WHERE shift_id = '270';
INSERT IGNORE INTO dept_shift (dept_name, shift_id) VALUES ('Urology', '270');
INSERT INTO shift (shift_id, day, type) VALUES ('271', '2025-10-09 00:00:00', '23:00-07:00');
INSERT IGNORE INTO doctor_shift (AMKA, shift_id) VALUES ('1301429404', '271');
INSERT IGNORE INTO doctor_shift (AMKA, shift_id) VALUES ('1007513743', '271');
INSERT IGNORE INTO doctor_shift (AMKA, shift_id) VALUES ('3012509660', '271');
INSERT IGNORE INTO nurse_shift (AMKA, shift_id) VALUES ('0807914051', '271');
INSERT IGNORE INTO nurse_shift (AMKA, shift_id) VALUES ('1008771252', '271');
INSERT IGNORE INTO nurse_shift (AMKA, shift_id) VALUES ('2106930406', '271');
INSERT IGNORE INTO nurse_shift (AMKA, shift_id) VALUES ('2401552006', '271');
INSERT IGNORE INTO nurse_shift (AMKA, shift_id) VALUES ('2110703028', '271');
INSERT IGNORE INTO nurse_shift (AMKA, shift_id) VALUES ('0609636680', '271');
INSERT IGNORE INTO admin_shift (AMKA, shift_id) VALUES ('0605578164', '271');
INSERT IGNORE INTO admin_shift (AMKA, shift_id) VALUES ('1105817332', '271');
INSERT IGNORE INTO admin_shift (AMKA, shift_id) VALUES ('0812426773', '271');
INSERT IGNORE INTO admin_shift (AMKA, shift_id) VALUES ('0205901915', '271');
UPDATE IGNORE shift SET status = TRUE WHERE shift_id = '271';
INSERT IGNORE INTO dept_shift (dept_name, shift_id) VALUES ('Urology', '271');
INSERT INTO shift (shift_id, day, type) VALUES ('272', '2024-06-20 00:00:00', '23:00-07:00');
INSERT IGNORE INTO doctor_shift (AMKA, shift_id) VALUES ('1008990170', '272');
INSERT IGNORE INTO doctor_shift (AMKA, shift_id) VALUES ('0701944806', '272');
INSERT IGNORE INTO doctor_shift (AMKA, shift_id) VALUES ('2305633067', '272');
INSERT IGNORE INTO nurse_shift (AMKA, shift_id) VALUES ('2412005893', '272');
INSERT IGNORE INTO nurse_shift (AMKA, shift_id) VALUES ('0410663790', '272');
INSERT IGNORE INTO nurse_shift (AMKA, shift_id) VALUES ('1505505773', '272');
INSERT IGNORE INTO nurse_shift (AMKA, shift_id) VALUES ('2704464646', '272');
INSERT IGNORE INTO nurse_shift (AMKA, shift_id) VALUES ('2706761470', '272');
INSERT IGNORE INTO nurse_shift (AMKA, shift_id) VALUES ('2608415059', '272');
INSERT IGNORE INTO nurse_shift (AMKA, shift_id) VALUES ('3004641635', '272');
INSERT IGNORE INTO nurse_shift (AMKA, shift_id) VALUES ('0807809157', '272');
INSERT IGNORE INTO nurse_shift (AMKA, shift_id) VALUES ('1504406068', '272');
INSERT IGNORE INTO admin_shift (AMKA, shift_id) VALUES ('1910579614', '272');
INSERT IGNORE INTO admin_shift (AMKA, shift_id) VALUES ('0810459550', '272');
INSERT IGNORE INTO admin_shift (AMKA, shift_id) VALUES ('0304601041', '272');
UPDATE IGNORE shift SET status = TRUE WHERE shift_id = '272';
INSERT IGNORE INTO dept_shift (dept_name, shift_id) VALUES ('Urology', '272');
INSERT INTO shift (shift_id, day, type) VALUES ('273', '2026-03-20 00:00:00', '07:00-15:00');
INSERT IGNORE INTO doctor_shift (AMKA, shift_id) VALUES ('2305633067', '273');
INSERT IGNORE INTO doctor_shift (AMKA, shift_id) VALUES ('0807736496', '273');
INSERT IGNORE INTO doctor_shift (AMKA, shift_id) VALUES ('2205469029', '273');
INSERT IGNORE INTO doctor_shift (AMKA, shift_id) VALUES ('0706543302', '273');
INSERT IGNORE INTO doctor_shift (AMKA, shift_id) VALUES ('1301429404', '273');
INSERT IGNORE INTO doctor_shift (AMKA, shift_id) VALUES ('2502902231', '273');
INSERT IGNORE INTO doctor_shift (AMKA, shift_id) VALUES ('0405994014', '273');
INSERT IGNORE INTO nurse_shift (AMKA, shift_id) VALUES ('2612762096', '273');
INSERT IGNORE INTO nurse_shift (AMKA, shift_id) VALUES ('0309459375', '273');
INSERT IGNORE INTO nurse_shift (AMKA, shift_id) VALUES ('1908566470', '273');
INSERT IGNORE INTO nurse_shift (AMKA, shift_id) VALUES ('0807809157', '273');
INSERT IGNORE INTO nurse_shift (AMKA, shift_id) VALUES ('2404846418', '273');
INSERT IGNORE INTO nurse_shift (AMKA, shift_id) VALUES ('2601941624', '273');
INSERT IGNORE INTO nurse_shift (AMKA, shift_id) VALUES ('1504406068', '273');
INSERT IGNORE INTO admin_shift (AMKA, shift_id) VALUES ('1503705648', '273');
INSERT IGNORE INTO admin_shift (AMKA, shift_id) VALUES ('2103717007', '273');
INSERT IGNORE INTO admin_shift (AMKA, shift_id) VALUES ('2811646141', '273');
UPDATE IGNORE shift SET status = TRUE WHERE shift_id = '273';
INSERT IGNORE INTO dept_shift (dept_name, shift_id) VALUES ('Urology', '273');
INSERT INTO shift (shift_id, day, type) VALUES ('274', '2024-03-08 00:00:00', '07:00-15:00');
INSERT IGNORE INTO doctor_shift (AMKA, shift_id) VALUES ('1209483269', '274');
INSERT IGNORE INTO doctor_shift (AMKA, shift_id) VALUES ('1009974497', '274');
INSERT IGNORE INTO doctor_shift (AMKA, shift_id) VALUES ('1705602559', '274');
INSERT IGNORE INTO nurse_shift (AMKA, shift_id) VALUES ('2412005893', '274');
INSERT IGNORE INTO nurse_shift (AMKA, shift_id) VALUES ('1008771252', '274');
INSERT IGNORE INTO nurse_shift (AMKA, shift_id) VALUES ('0604638601', '274');
INSERT IGNORE INTO nurse_shift (AMKA, shift_id) VALUES ('1112443609', '274');
INSERT IGNORE INTO nurse_shift (AMKA, shift_id) VALUES ('1003436272', '274');
INSERT IGNORE INTO nurse_shift (AMKA, shift_id) VALUES ('0109765304', '274');
INSERT IGNORE INTO nurse_shift (AMKA, shift_id) VALUES ('2711931843', '274');
INSERT IGNORE INTO nurse_shift (AMKA, shift_id) VALUES ('1410001291', '274');
INSERT IGNORE INTO admin_shift (AMKA, shift_id) VALUES ('2605932179', '274');
INSERT IGNORE INTO admin_shift (AMKA, shift_id) VALUES ('1503705648', '274');
INSERT IGNORE INTO admin_shift (AMKA, shift_id) VALUES ('0601887396', '274');
UPDATE IGNORE shift SET status = TRUE WHERE shift_id = '274';
INSERT IGNORE INTO dept_shift (dept_name, shift_id) VALUES ('Urology', '274');
INSERT INTO shift (shift_id, day, type) VALUES ('275', '2026-01-27 00:00:00', '15:00-23:00');
INSERT IGNORE INTO doctor_shift (AMKA, shift_id) VALUES ('2203591874', '275');
INSERT IGNORE INTO doctor_shift (AMKA, shift_id) VALUES ('1611621504', '275');
INSERT IGNORE INTO doctor_shift (AMKA, shift_id) VALUES ('1712008709', '275');
INSERT IGNORE INTO doctor_shift (AMKA, shift_id) VALUES ('1112753348', '275');
INSERT IGNORE INTO nurse_shift (AMKA, shift_id) VALUES ('2208482039', '275');
INSERT IGNORE INTO nurse_shift (AMKA, shift_id) VALUES ('3004938343', '275');
INSERT IGNORE INTO nurse_shift (AMKA, shift_id) VALUES ('0309734619', '275');
INSERT IGNORE INTO nurse_shift (AMKA, shift_id) VALUES ('0604638601', '275');
INSERT IGNORE INTO nurse_shift (AMKA, shift_id) VALUES ('2906456566', '275');
INSERT IGNORE INTO nurse_shift (AMKA, shift_id) VALUES ('2205724151', '275');
INSERT IGNORE INTO nurse_shift (AMKA, shift_id) VALUES ('2612762096', '275');
INSERT IGNORE INTO nurse_shift (AMKA, shift_id) VALUES ('1011859573', '275');
INSERT IGNORE INTO admin_shift (AMKA, shift_id) VALUES ('0703651721', '275');
INSERT IGNORE INTO admin_shift (AMKA, shift_id) VALUES ('0706936645', '275');
INSERT IGNORE INTO admin_shift (AMKA, shift_id) VALUES ('1209746373', '275');
INSERT IGNORE INTO admin_shift (AMKA, shift_id) VALUES ('1405405087', '275');
UPDATE IGNORE shift SET status = TRUE WHERE shift_id = '275';
INSERT IGNORE INTO dept_shift (dept_name, shift_id) VALUES ('Urology', '275');
INSERT INTO shift (shift_id, day, type) VALUES ('276', '2024-06-29 00:00:00', '23:00-07:00');
INSERT IGNORE INTO doctor_shift (AMKA, shift_id) VALUES ('2911689167', '276');
INSERT IGNORE INTO doctor_shift (AMKA, shift_id) VALUES ('1803800903', '276');
INSERT IGNORE INTO doctor_shift (AMKA, shift_id) VALUES ('0103962870', '276');
INSERT IGNORE INTO doctor_shift (AMKA, shift_id) VALUES ('2708580170', '276');
INSERT IGNORE INTO doctor_shift (AMKA, shift_id) VALUES ('3012509660', '276');
INSERT IGNORE INTO doctor_shift (AMKA, shift_id) VALUES ('1712008709', '276');
INSERT IGNORE INTO doctor_shift (AMKA, shift_id) VALUES ('0111689660', '276');
INSERT IGNORE INTO nurse_shift (AMKA, shift_id) VALUES ('1505505773', '276');
INSERT IGNORE INTO nurse_shift (AMKA, shift_id) VALUES ('0309734619', '276');
INSERT IGNORE INTO nurse_shift (AMKA, shift_id) VALUES ('1504406068', '276');
INSERT IGNORE INTO nurse_shift (AMKA, shift_id) VALUES ('1510663927', '276');
INSERT IGNORE INTO nurse_shift (AMKA, shift_id) VALUES ('3011818066', '276');
INSERT IGNORE INTO nurse_shift (AMKA, shift_id) VALUES ('1604513215', '276');
INSERT IGNORE INTO admin_shift (AMKA, shift_id) VALUES ('2303776978', '276');
INSERT IGNORE INTO admin_shift (AMKA, shift_id) VALUES ('2811646141', '276');
INSERT IGNORE INTO admin_shift (AMKA, shift_id) VALUES ('0605578164', '276');
INSERT IGNORE INTO admin_shift (AMKA, shift_id) VALUES ('0810459550', '276');
UPDATE IGNORE shift SET status = TRUE WHERE shift_id = '276';
INSERT IGNORE INTO dept_shift (dept_name, shift_id) VALUES ('Urology', '276');
INSERT INTO shift (shift_id, day, type) VALUES ('277', '2025-05-31 00:00:00', '15:00-23:00');
INSERT IGNORE INTO doctor_shift (AMKA, shift_id) VALUES ('2106602456', '277');
INSERT IGNORE INTO doctor_shift (AMKA, shift_id) VALUES ('2003609278', '277');
INSERT IGNORE INTO doctor_shift (AMKA, shift_id) VALUES ('2910956816', '277');
INSERT IGNORE INTO doctor_shift (AMKA, shift_id) VALUES ('0701944806', '277');
INSERT IGNORE INTO doctor_shift (AMKA, shift_id) VALUES ('3108788705', '277');
INSERT IGNORE INTO nurse_shift (AMKA, shift_id) VALUES ('2912929004', '277');
INSERT IGNORE INTO nurse_shift (AMKA, shift_id) VALUES ('0609636680', '277');
INSERT IGNORE INTO nurse_shift (AMKA, shift_id) VALUES ('2209951799', '277');
INSERT IGNORE INTO nurse_shift (AMKA, shift_id) VALUES ('0604638601', '277');
INSERT IGNORE INTO nurse_shift (AMKA, shift_id) VALUES ('2110703028', '277');
INSERT IGNORE INTO nurse_shift (AMKA, shift_id) VALUES ('1210752839', '277');
INSERT IGNORE INTO nurse_shift (AMKA, shift_id) VALUES ('2205724151', '277');
INSERT IGNORE INTO admin_shift (AMKA, shift_id) VALUES ('0810871867', '277');
INSERT IGNORE INTO admin_shift (AMKA, shift_id) VALUES ('1510768908', '277');
INSERT IGNORE INTO admin_shift (AMKA, shift_id) VALUES ('0912742757', '277');
UPDATE IGNORE shift SET status = TRUE WHERE shift_id = '277';
INSERT IGNORE INTO dept_shift (dept_name, shift_id) VALUES ('Urology', '277');
INSERT INTO shift (shift_id, day, type) VALUES ('278', '2024-12-08 00:00:00', '07:00-15:00');
INSERT IGNORE INTO doctor_shift (AMKA, shift_id) VALUES ('2801801564', '278');
INSERT IGNORE INTO doctor_shift (AMKA, shift_id) VALUES ('1301429404', '278');
INSERT IGNORE INTO doctor_shift (AMKA, shift_id) VALUES ('1808559940', '278');
INSERT IGNORE INTO doctor_shift (AMKA, shift_id) VALUES ('1810910652', '278');
INSERT IGNORE INTO doctor_shift (AMKA, shift_id) VALUES ('3012598800', '278');
INSERT IGNORE INTO nurse_shift (AMKA, shift_id) VALUES ('2711931843', '278');
INSERT IGNORE INTO nurse_shift (AMKA, shift_id) VALUES ('3004938343', '278');
INSERT IGNORE INTO nurse_shift (AMKA, shift_id) VALUES ('0201878050', '278');
INSERT IGNORE INTO nurse_shift (AMKA, shift_id) VALUES ('1908647470', '278');
INSERT IGNORE INTO nurse_shift (AMKA, shift_id) VALUES ('1308752778', '278');
INSERT IGNORE INTO nurse_shift (AMKA, shift_id) VALUES ('2912929004', '278');
INSERT IGNORE INTO nurse_shift (AMKA, shift_id) VALUES ('0710837433', '278');
INSERT IGNORE INTO nurse_shift (AMKA, shift_id) VALUES ('1104820571', '278');
INSERT IGNORE INTO nurse_shift (AMKA, shift_id) VALUES ('0206841343', '278');
INSERT IGNORE INTO admin_shift (AMKA, shift_id) VALUES ('0102594389', '278');
INSERT IGNORE INTO admin_shift (AMKA, shift_id) VALUES ('0912742757', '278');
UPDATE IGNORE shift SET status = TRUE WHERE shift_id = '278';
INSERT IGNORE INTO dept_shift (dept_name, shift_id) VALUES ('Urology', '278');
INSERT INTO shift (shift_id, day, type) VALUES ('279', '2025-06-11 00:00:00', '15:00-23:00');
INSERT IGNORE INTO doctor_shift (AMKA, shift_id) VALUES ('2911689167', '279');
INSERT IGNORE INTO doctor_shift (AMKA, shift_id) VALUES ('2411004971', '279');
INSERT IGNORE INTO doctor_shift (AMKA, shift_id) VALUES ('0103962870', '279');
INSERT IGNORE INTO doctor_shift (AMKA, shift_id) VALUES ('0404978442', '279');
INSERT IGNORE INTO doctor_shift (AMKA, shift_id) VALUES ('1007513743', '279');
INSERT IGNORE INTO nurse_shift (AMKA, shift_id) VALUES ('2202676265', '279');
INSERT IGNORE INTO nurse_shift (AMKA, shift_id) VALUES ('0609636680', '279');
INSERT IGNORE INTO nurse_shift (AMKA, shift_id) VALUES ('1005673097', '279');
INSERT IGNORE INTO nurse_shift (AMKA, shift_id) VALUES ('2411954432', '279');
INSERT IGNORE INTO nurse_shift (AMKA, shift_id) VALUES ('2401552006', '279');
INSERT IGNORE INTO nurse_shift (AMKA, shift_id) VALUES ('1911611265', '279');
INSERT IGNORE INTO nurse_shift (AMKA, shift_id) VALUES ('3007957631', '279');
INSERT IGNORE INTO admin_shift (AMKA, shift_id) VALUES ('0703960983', '279');
INSERT IGNORE INTO admin_shift (AMKA, shift_id) VALUES ('1405405087', '279');
INSERT IGNORE INTO admin_shift (AMKA, shift_id) VALUES ('0405421061', '279');
UPDATE IGNORE shift SET status = TRUE WHERE shift_id = '279';
INSERT IGNORE INTO dept_shift (dept_name, shift_id) VALUES ('Urology', '279');
INSERT INTO shift (shift_id, day, type) VALUES ('280', '2026-12-03 00:00:00', '23:00-07:00');
INSERT IGNORE INTO doctor_shift (AMKA, shift_id) VALUES ('2502902231', '280');
INSERT IGNORE INTO doctor_shift (AMKA, shift_id) VALUES ('3008951757', '280');
INSERT IGNORE INTO doctor_shift (AMKA, shift_id) VALUES ('0312964109', '280');
INSERT IGNORE INTO doctor_shift (AMKA, shift_id) VALUES ('0305579221', '280');
INSERT IGNORE INTO nurse_shift (AMKA, shift_id) VALUES ('1401961017', '280');
INSERT IGNORE INTO nurse_shift (AMKA, shift_id) VALUES ('0407765594', '280');
INSERT IGNORE INTO nurse_shift (AMKA, shift_id) VALUES ('2110703028', '280');
INSERT IGNORE INTO nurse_shift (AMKA, shift_id) VALUES ('2704464646', '280');
INSERT IGNORE INTO nurse_shift (AMKA, shift_id) VALUES ('2608415059', '280');
INSERT IGNORE INTO nurse_shift (AMKA, shift_id) VALUES ('2901593818', '280');
INSERT IGNORE INTO nurse_shift (AMKA, shift_id) VALUES ('0106962075', '280');
INSERT IGNORE INTO nurse_shift (AMKA, shift_id) VALUES ('1911611265', '280');
INSERT IGNORE INTO nurse_shift (AMKA, shift_id) VALUES ('0710837433', '280');
INSERT IGNORE INTO admin_shift (AMKA, shift_id) VALUES ('0810459550', '280');
INSERT IGNORE INTO admin_shift (AMKA, shift_id) VALUES ('2003866217', '280');
INSERT IGNORE INTO admin_shift (AMKA, shift_id) VALUES ('1907745998', '280');
UPDATE IGNORE shift SET status = TRUE WHERE shift_id = '280';
INSERT IGNORE INTO dept_shift (dept_name, shift_id) VALUES ('Urology', '280');
INSERT INTO shift (shift_id, day, type) VALUES ('281', '2024-10-05 00:00:00', '15:00-23:00');
INSERT IGNORE INTO doctor_shift (AMKA, shift_id) VALUES ('0405403482', '281');
INSERT IGNORE INTO doctor_shift (AMKA, shift_id) VALUES ('2203591874', '281');
INSERT IGNORE INTO doctor_shift (AMKA, shift_id) VALUES ('0906651672', '281');
INSERT IGNORE INTO doctor_shift (AMKA, shift_id) VALUES ('1611621504', '281');
INSERT IGNORE INTO doctor_shift (AMKA, shift_id) VALUES ('1810910652', '281');
INSERT IGNORE INTO doctor_shift (AMKA, shift_id) VALUES ('0202939499', '281');
INSERT IGNORE INTO doctor_shift (AMKA, shift_id) VALUES ('1502550745', '281');
INSERT IGNORE INTO doctor_shift (AMKA, shift_id) VALUES ('1402646365', '281');
INSERT IGNORE INTO nurse_shift (AMKA, shift_id) VALUES ('2007568464', '281');
INSERT IGNORE INTO nurse_shift (AMKA, shift_id) VALUES ('2412005893', '281');
INSERT IGNORE INTO nurse_shift (AMKA, shift_id) VALUES ('0706774178', '281');
INSERT IGNORE INTO nurse_shift (AMKA, shift_id) VALUES ('1410001291', '281');
INSERT IGNORE INTO nurse_shift (AMKA, shift_id) VALUES ('2601941624', '281');
INSERT IGNORE INTO nurse_shift (AMKA, shift_id) VALUES ('3101766130', '281');
INSERT IGNORE INTO admin_shift (AMKA, shift_id) VALUES ('0707666244', '281');
INSERT IGNORE INTO admin_shift (AMKA, shift_id) VALUES ('1706440889', '281');
UPDATE IGNORE shift SET status = TRUE WHERE shift_id = '281';
INSERT IGNORE INTO dept_shift (dept_name, shift_id) VALUES ('Urology', '281');
INSERT INTO shift (shift_id, day, type) VALUES ('282', '2026-07-29 00:00:00', '07:00-15:00');
INSERT IGNORE INTO doctor_shift (AMKA, shift_id) VALUES ('1701623027', '282');
INSERT IGNORE INTO doctor_shift (AMKA, shift_id) VALUES ('1908663047', '282');
INSERT IGNORE INTO doctor_shift (AMKA, shift_id) VALUES ('0405403482', '282');
INSERT IGNORE INTO doctor_shift (AMKA, shift_id) VALUES ('2801830092', '282');
INSERT IGNORE INTO doctor_shift (AMKA, shift_id) VALUES ('2406419109', '282');
INSERT IGNORE INTO doctor_shift (AMKA, shift_id) VALUES ('0410862119', '282');
INSERT IGNORE INTO nurse_shift (AMKA, shift_id) VALUES ('2604879705', '282');
INSERT IGNORE INTO nurse_shift (AMKA, shift_id) VALUES ('1806981284', '282');
INSERT IGNORE INTO nurse_shift (AMKA, shift_id) VALUES ('1806532334', '282');
INSERT IGNORE INTO nurse_shift (AMKA, shift_id) VALUES ('0609636680', '282');
INSERT IGNORE INTO nurse_shift (AMKA, shift_id) VALUES ('2106697427', '282');
INSERT IGNORE INTO nurse_shift (AMKA, shift_id) VALUES ('2912929004', '282');
INSERT IGNORE INTO nurse_shift (AMKA, shift_id) VALUES ('1210752839', '282');
INSERT IGNORE INTO nurse_shift (AMKA, shift_id) VALUES ('0612989649', '282');
INSERT IGNORE INTO nurse_shift (AMKA, shift_id) VALUES ('1005673097', '282');
INSERT IGNORE INTO nurse_shift (AMKA, shift_id) VALUES ('2706761470', '282');
INSERT IGNORE INTO admin_shift (AMKA, shift_id) VALUES ('1503705648', '282');
INSERT IGNORE INTO admin_shift (AMKA, shift_id) VALUES ('0703960983', '282');
INSERT IGNORE INTO admin_shift (AMKA, shift_id) VALUES ('1405405087', '282');
INSERT IGNORE INTO admin_shift (AMKA, shift_id) VALUES ('0205901915', '282');
UPDATE IGNORE shift SET status = TRUE WHERE shift_id = '282';
INSERT IGNORE INTO dept_shift (dept_name, shift_id) VALUES ('Urology', '282');
INSERT INTO shift (shift_id, day, type) VALUES ('283', '2024-11-28 00:00:00', '07:00-15:00');
INSERT IGNORE INTO doctor_shift (AMKA, shift_id) VALUES ('2411004971', '283');
INSERT IGNORE INTO doctor_shift (AMKA, shift_id) VALUES ('1611621504', '283');
INSERT IGNORE INTO doctor_shift (AMKA, shift_id) VALUES ('1803800903', '283');
INSERT IGNORE INTO doctor_shift (AMKA, shift_id) VALUES ('1502550745', '283');
INSERT IGNORE INTO doctor_shift (AMKA, shift_id) VALUES ('0510600514', '283');
INSERT IGNORE INTO doctor_shift (AMKA, shift_id) VALUES ('1112753348', '283');
INSERT IGNORE INTO doctor_shift (AMKA, shift_id) VALUES ('3008951757', '283');
INSERT IGNORE INTO nurse_shift (AMKA, shift_id) VALUES ('2612729603', '283');
INSERT IGNORE INTO nurse_shift (AMKA, shift_id) VALUES ('1401961017', '283');
INSERT IGNORE INTO nurse_shift (AMKA, shift_id) VALUES ('2209951799', '283');
INSERT IGNORE INTO nurse_shift (AMKA, shift_id) VALUES ('0201878050', '283');
INSERT IGNORE INTO nurse_shift (AMKA, shift_id) VALUES ('0710837433', '283');
INSERT IGNORE INTO nurse_shift (AMKA, shift_id) VALUES ('2507425872', '283');
INSERT IGNORE INTO nurse_shift (AMKA, shift_id) VALUES ('1112443609', '283');
INSERT IGNORE INTO admin_shift (AMKA, shift_id) VALUES ('2901826359', '283');
INSERT IGNORE INTO admin_shift (AMKA, shift_id) VALUES ('1503705648', '283');
INSERT IGNORE INTO admin_shift (AMKA, shift_id) VALUES ('1311799909', '283');
INSERT IGNORE INTO admin_shift (AMKA, shift_id) VALUES ('1910579614', '283');
UPDATE IGNORE shift SET status = TRUE WHERE shift_id = '283';
INSERT IGNORE INTO dept_shift (dept_name, shift_id) VALUES ('Urology', '283');
INSERT INTO shift (shift_id, day, type) VALUES ('284', '2025-10-02 00:00:00', '23:00-07:00');
INSERT IGNORE INTO doctor_shift (AMKA, shift_id) VALUES ('2406419109', '284');
INSERT IGNORE INTO doctor_shift (AMKA, shift_id) VALUES ('1207427571', '284');
INSERT IGNORE INTO doctor_shift (AMKA, shift_id) VALUES ('0701944806', '284');
INSERT IGNORE INTO doctor_shift (AMKA, shift_id) VALUES ('2905541171', '284');
INSERT IGNORE INTO doctor_shift (AMKA, shift_id) VALUES ('0706543302', '284');
INSERT IGNORE INTO doctor_shift (AMKA, shift_id) VALUES ('2801830092', '284');
INSERT IGNORE INTO doctor_shift (AMKA, shift_id) VALUES ('2106602456', '284');
INSERT IGNORE INTO nurse_shift (AMKA, shift_id) VALUES ('1409799887', '284');
INSERT IGNORE INTO nurse_shift (AMKA, shift_id) VALUES ('0604638601', '284');
INSERT IGNORE INTO nurse_shift (AMKA, shift_id) VALUES ('0508623869', '284');
INSERT IGNORE INTO nurse_shift (AMKA, shift_id) VALUES ('2804859611', '284');
INSERT IGNORE INTO nurse_shift (AMKA, shift_id) VALUES ('3004641635', '284');
INSERT IGNORE INTO nurse_shift (AMKA, shift_id) VALUES ('1112443609', '284');
INSERT IGNORE INTO admin_shift (AMKA, shift_id) VALUES ('1311799909', '284');
INSERT IGNORE INTO admin_shift (AMKA, shift_id) VALUES ('0205901915', '284');
INSERT IGNORE INTO admin_shift (AMKA, shift_id) VALUES ('2010445485', '284');
INSERT IGNORE INTO admin_shift (AMKA, shift_id) VALUES ('3108581021', '284');
UPDATE IGNORE shift SET status = TRUE WHERE shift_id = '284';
INSERT IGNORE INTO dept_shift (dept_name, shift_id) VALUES ('Urology', '284');
INSERT INTO shift (shift_id, day, type) VALUES ('285', '2026-02-13 00:00:00', '15:00-23:00');
INSERT IGNORE INTO doctor_shift (AMKA, shift_id) VALUES ('1810910652', '285');
INSERT IGNORE INTO doctor_shift (AMKA, shift_id) VALUES ('2905541171', '285');
INSERT IGNORE INTO doctor_shift (AMKA, shift_id) VALUES ('2910956816', '285');
INSERT IGNORE INTO doctor_shift (AMKA, shift_id) VALUES ('0906651672', '285');
INSERT IGNORE INTO doctor_shift (AMKA, shift_id) VALUES ('2501995986', '285');
INSERT IGNORE INTO doctor_shift (AMKA, shift_id) VALUES ('2010494529', '285');
INSERT IGNORE INTO doctor_shift (AMKA, shift_id) VALUES ('1009974497', '285');
INSERT IGNORE INTO doctor_shift (AMKA, shift_id) VALUES ('2411651898', '285');
INSERT IGNORE INTO nurse_shift (AMKA, shift_id) VALUES ('0309734619', '285');
INSERT IGNORE INTO nurse_shift (AMKA, shift_id) VALUES ('1604513215', '285');
INSERT IGNORE INTO nurse_shift (AMKA, shift_id) VALUES ('3105850934', '285');
INSERT IGNORE INTO nurse_shift (AMKA, shift_id) VALUES ('2507425872', '285');
INSERT IGNORE INTO nurse_shift (AMKA, shift_id) VALUES ('2811867092', '285');
INSERT IGNORE INTO nurse_shift (AMKA, shift_id) VALUES ('1112443609', '285');
INSERT IGNORE INTO nurse_shift (AMKA, shift_id) VALUES ('2310744429', '285');
INSERT IGNORE INTO nurse_shift (AMKA, shift_id) VALUES ('3004938343', '285');
INSERT IGNORE INTO nurse_shift (AMKA, shift_id) VALUES ('2612762096', '285');
INSERT IGNORE INTO nurse_shift (AMKA, shift_id) VALUES ('0706774178', '285');
INSERT IGNORE INTO admin_shift (AMKA, shift_id) VALUES ('0912742757', '285');
INSERT IGNORE INTO admin_shift (AMKA, shift_id) VALUES ('1503705648', '285');
UPDATE IGNORE shift SET status = TRUE WHERE shift_id = '285';
INSERT IGNORE INTO dept_shift (dept_name, shift_id) VALUES ('Urology', '285');
INSERT INTO shift (shift_id, day, type) VALUES ('286', '2026-04-23 00:00:00', '23:00-07:00');
INSERT IGNORE INTO doctor_shift (AMKA, shift_id) VALUES ('1908663047', '286');
INSERT IGNORE INTO doctor_shift (AMKA, shift_id) VALUES ('2305692753', '286');
INSERT IGNORE INTO doctor_shift (AMKA, shift_id) VALUES ('2809979050', '286');
INSERT IGNORE INTO doctor_shift (AMKA, shift_id) VALUES ('1611621504', '286');
INSERT IGNORE INTO nurse_shift (AMKA, shift_id) VALUES ('0907972518', '286');
INSERT IGNORE INTO nurse_shift (AMKA, shift_id) VALUES ('1401961017', '286');
INSERT IGNORE INTO nurse_shift (AMKA, shift_id) VALUES ('2209951799', '286');
INSERT IGNORE INTO nurse_shift (AMKA, shift_id) VALUES ('1410001291', '286');
INSERT IGNORE INTO nurse_shift (AMKA, shift_id) VALUES ('2411954432', '286');
INSERT IGNORE INTO nurse_shift (AMKA, shift_id) VALUES ('1403610713', '286');
INSERT IGNORE INTO admin_shift (AMKA, shift_id) VALUES ('2901826359', '286');
INSERT IGNORE INTO admin_shift (AMKA, shift_id) VALUES ('2303776978', '286');
UPDATE IGNORE shift SET status = TRUE WHERE shift_id = '286';
INSERT IGNORE INTO dept_shift (dept_name, shift_id) VALUES ('Urology', '286');
INSERT INTO shift (shift_id, day, type) VALUES ('287', '2025-06-30 00:00:00', '07:00-15:00');
INSERT IGNORE INTO doctor_shift (AMKA, shift_id) VALUES ('0701944806', '287');
INSERT IGNORE INTO doctor_shift (AMKA, shift_id) VALUES ('1810910652', '287');
INSERT IGNORE INTO doctor_shift (AMKA, shift_id) VALUES ('2311474214', '287');
INSERT IGNORE INTO doctor_shift (AMKA, shift_id) VALUES ('2501995986', '287');
INSERT IGNORE INTO doctor_shift (AMKA, shift_id) VALUES ('0202939499', '287');
INSERT IGNORE INTO doctor_shift (AMKA, shift_id) VALUES ('1402646365', '287');
INSERT IGNORE INTO doctor_shift (AMKA, shift_id) VALUES ('2906540192', '287');
INSERT IGNORE INTO doctor_shift (AMKA, shift_id) VALUES ('1108642138', '287');
INSERT IGNORE INTO nurse_shift (AMKA, shift_id) VALUES ('0410663790', '287');
INSERT IGNORE INTO nurse_shift (AMKA, shift_id) VALUES ('3103488159', '287');
INSERT IGNORE INTO nurse_shift (AMKA, shift_id) VALUES ('0812429714', '287');
INSERT IGNORE INTO nurse_shift (AMKA, shift_id) VALUES ('2403611622', '287');
INSERT IGNORE INTO nurse_shift (AMKA, shift_id) VALUES ('0201878050', '287');
INSERT IGNORE INTO nurse_shift (AMKA, shift_id) VALUES ('1003436272', '287');
INSERT IGNORE INTO nurse_shift (AMKA, shift_id) VALUES ('3105850934', '287');
INSERT IGNORE INTO nurse_shift (AMKA, shift_id) VALUES ('3004641635', '287');
INSERT IGNORE INTO nurse_shift (AMKA, shift_id) VALUES ('1410001291', '287');
INSERT IGNORE INTO admin_shift (AMKA, shift_id) VALUES ('2310523586', '287');
INSERT IGNORE INTO admin_shift (AMKA, shift_id) VALUES ('0605578164', '287');
INSERT IGNORE INTO admin_shift (AMKA, shift_id) VALUES ('0304601041', '287');
UPDATE IGNORE shift SET status = TRUE WHERE shift_id = '287';
INSERT IGNORE INTO dept_shift (dept_name, shift_id) VALUES ('Urology', '287');
INSERT INTO shift (shift_id, day, type) VALUES ('288', '2025-05-11 00:00:00', '23:00-07:00');
INSERT IGNORE INTO doctor_shift (AMKA, shift_id) VALUES ('0111689660', '288');
INSERT IGNORE INTO doctor_shift (AMKA, shift_id) VALUES ('2906540192', '288');
INSERT IGNORE INTO doctor_shift (AMKA, shift_id) VALUES ('2708580170', '288');
INSERT IGNORE INTO nurse_shift (AMKA, shift_id) VALUES ('1409799887', '288');
INSERT IGNORE INTO nurse_shift (AMKA, shift_id) VALUES ('1504406068', '288');
INSERT IGNORE INTO nurse_shift (AMKA, shift_id) VALUES ('0710837433', '288');
INSERT IGNORE INTO nurse_shift (AMKA, shift_id) VALUES ('3006845381', '288');
INSERT IGNORE INTO nurse_shift (AMKA, shift_id) VALUES ('3007957631', '288');
INSERT IGNORE INTO nurse_shift (AMKA, shift_id) VALUES ('2209951799', '288');
INSERT IGNORE INTO nurse_shift (AMKA, shift_id) VALUES ('2510897021', '288');
INSERT IGNORE INTO nurse_shift (AMKA, shift_id) VALUES ('2412005893', '288');
INSERT IGNORE INTO admin_shift (AMKA, shift_id) VALUES ('0503752616', '288');
INSERT IGNORE INTO admin_shift (AMKA, shift_id) VALUES ('0304601041', '288');
INSERT IGNORE INTO admin_shift (AMKA, shift_id) VALUES ('0810871867', '288');
INSERT IGNORE INTO admin_shift (AMKA, shift_id) VALUES ('1907460463', '288');
UPDATE IGNORE shift SET status = TRUE WHERE shift_id = '288';
INSERT IGNORE INTO dept_shift (dept_name, shift_id) VALUES ('Urology', '288');
INSERT INTO shift (shift_id, day, type) VALUES ('289', '2026-07-22 00:00:00', '23:00-07:00');
INSERT IGNORE INTO doctor_shift (AMKA, shift_id) VALUES ('0706543302', '289');
INSERT IGNORE INTO doctor_shift (AMKA, shift_id) VALUES ('0807736496', '289');
INSERT IGNORE INTO doctor_shift (AMKA, shift_id) VALUES ('0402587115', '289');
INSERT IGNORE INTO doctor_shift (AMKA, shift_id) VALUES ('0103962870', '289');
INSERT IGNORE INTO doctor_shift (AMKA, shift_id) VALUES ('0708733889', '289');
INSERT IGNORE INTO doctor_shift (AMKA, shift_id) VALUES ('1108642138', '289');
INSERT IGNORE INTO doctor_shift (AMKA, shift_id) VALUES ('1912455789', '289');
INSERT IGNORE INTO nurse_shift (AMKA, shift_id) VALUES ('0805615787', '289');
INSERT IGNORE INTO nurse_shift (AMKA, shift_id) VALUES ('2310744429', '289');
INSERT IGNORE INTO nurse_shift (AMKA, shift_id) VALUES ('1604513215', '289');
INSERT IGNORE INTO nurse_shift (AMKA, shift_id) VALUES ('2711931843', '289');
INSERT IGNORE INTO nurse_shift (AMKA, shift_id) VALUES ('2608981810', '289');
INSERT IGNORE INTO nurse_shift (AMKA, shift_id) VALUES ('2811867092', '289');
INSERT IGNORE INTO nurse_shift (AMKA, shift_id) VALUES ('0604638601', '289');
INSERT IGNORE INTO nurse_shift (AMKA, shift_id) VALUES ('0309459375', '289');
INSERT IGNORE INTO nurse_shift (AMKA, shift_id) VALUES ('2205724151', '289');
INSERT IGNORE INTO nurse_shift (AMKA, shift_id) VALUES ('1510663927', '289');
INSERT IGNORE INTO admin_shift (AMKA, shift_id) VALUES ('2003866217', '289');
INSERT IGNORE INTO admin_shift (AMKA, shift_id) VALUES ('1907745998', '289');
INSERT IGNORE INTO admin_shift (AMKA, shift_id) VALUES ('2605932179', '289');
INSERT IGNORE INTO admin_shift (AMKA, shift_id) VALUES ('1711552309', '289');
UPDATE IGNORE shift SET status = TRUE WHERE shift_id = '289';
INSERT IGNORE INTO dept_shift (dept_name, shift_id) VALUES ('Urology', '289');
INSERT INTO shift (shift_id, day, type) VALUES ('290', '2024-08-14 00:00:00', '23:00-07:00');
INSERT IGNORE INTO doctor_shift (AMKA, shift_id) VALUES ('0404978442', '290');
INSERT IGNORE INTO doctor_shift (AMKA, shift_id) VALUES ('2801801564', '290');
INSERT IGNORE INTO doctor_shift (AMKA, shift_id) VALUES ('0701944806', '290');
INSERT IGNORE INTO doctor_shift (AMKA, shift_id) VALUES ('2910956816', '290');
INSERT IGNORE INTO doctor_shift (AMKA, shift_id) VALUES ('1705602559', '290');
INSERT IGNORE INTO doctor_shift (AMKA, shift_id) VALUES ('1402646365', '290');
INSERT IGNORE INTO doctor_shift (AMKA, shift_id) VALUES ('0902609962', '290');
INSERT IGNORE INTO nurse_shift (AMKA, shift_id) VALUES ('2612762096', '290');
INSERT IGNORE INTO nurse_shift (AMKA, shift_id) VALUES ('3101766130', '290');
INSERT IGNORE INTO nurse_shift (AMKA, shift_id) VALUES ('1403610713', '290');
INSERT IGNORE INTO nurse_shift (AMKA, shift_id) VALUES ('1308752778', '290');
INSERT IGNORE INTO nurse_shift (AMKA, shift_id) VALUES ('1410590275', '290');
INSERT IGNORE INTO nurse_shift (AMKA, shift_id) VALUES ('0807809157', '290');
INSERT IGNORE INTO admin_shift (AMKA, shift_id) VALUES ('2605932179', '290');
INSERT IGNORE INTO admin_shift (AMKA, shift_id) VALUES ('2103717007', '290');
UPDATE IGNORE shift SET status = TRUE WHERE shift_id = '290';
INSERT IGNORE INTO dept_shift (dept_name, shift_id) VALUES ('Psychiatry', '290');
INSERT INTO shift (shift_id, day, type) VALUES ('291', '2026-03-03 00:00:00', '15:00-23:00');
INSERT IGNORE INTO doctor_shift (AMKA, shift_id) VALUES ('0405403482', '291');
INSERT IGNORE INTO doctor_shift (AMKA, shift_id) VALUES ('0701944806', '291');
INSERT IGNORE INTO doctor_shift (AMKA, shift_id) VALUES ('0103962870', '291');
INSERT IGNORE INTO doctor_shift (AMKA, shift_id) VALUES ('0807736496', '291');
INSERT IGNORE INTO doctor_shift (AMKA, shift_id) VALUES ('1209483269', '291');
INSERT IGNORE INTO doctor_shift (AMKA, shift_id) VALUES ('1502550745', '291');
INSERT IGNORE INTO doctor_shift (AMKA, shift_id) VALUES ('3008951757', '291');
INSERT IGNORE INTO nurse_shift (AMKA, shift_id) VALUES ('2910435920', '291');
INSERT IGNORE INTO nurse_shift (AMKA, shift_id) VALUES ('1410590275', '291');
INSERT IGNORE INTO nurse_shift (AMKA, shift_id) VALUES ('2906456566', '291');
INSERT IGNORE INTO nurse_shift (AMKA, shift_id) VALUES ('0907972518', '291');
INSERT IGNORE INTO nurse_shift (AMKA, shift_id) VALUES ('2403611622', '291');
INSERT IGNORE INTO nurse_shift (AMKA, shift_id) VALUES ('2608415059', '291');
INSERT IGNORE INTO nurse_shift (AMKA, shift_id) VALUES ('1401961017', '291');
INSERT IGNORE INTO admin_shift (AMKA, shift_id) VALUES ('2911528035', '291');
INSERT IGNORE INTO admin_shift (AMKA, shift_id) VALUES ('3108581021', '291');
INSERT IGNORE INTO admin_shift (AMKA, shift_id) VALUES ('1311799909', '291');
INSERT IGNORE INTO admin_shift (AMKA, shift_id) VALUES ('1105817332', '291');
UPDATE IGNORE shift SET status = TRUE WHERE shift_id = '291';
INSERT IGNORE INTO dept_shift (dept_name, shift_id) VALUES ('Psychiatry', '291');
INSERT INTO shift (shift_id, day, type) VALUES ('292', '2025-02-27 00:00:00', '15:00-23:00');
INSERT IGNORE INTO doctor_shift (AMKA, shift_id) VALUES ('3110765587', '292');
INSERT IGNORE INTO doctor_shift (AMKA, shift_id) VALUES ('2203591874', '292');
INSERT IGNORE INTO doctor_shift (AMKA, shift_id) VALUES ('2311474214', '292');
INSERT IGNORE INTO doctor_shift (AMKA, shift_id) VALUES ('1803800903', '292');
INSERT IGNORE INTO nurse_shift (AMKA, shift_id) VALUES ('3004938343', '292');
INSERT IGNORE INTO nurse_shift (AMKA, shift_id) VALUES ('1011859573', '292');
INSERT IGNORE INTO nurse_shift (AMKA, shift_id) VALUES ('2510897021', '292');
INSERT IGNORE INTO nurse_shift (AMKA, shift_id) VALUES ('2202676265', '292');
INSERT IGNORE INTO nurse_shift (AMKA, shift_id) VALUES ('1403610713', '292');
INSERT IGNORE INTO nurse_shift (AMKA, shift_id) VALUES ('0706813720', '292');
INSERT IGNORE INTO nurse_shift (AMKA, shift_id) VALUES ('1806532334', '292');
INSERT IGNORE INTO nurse_shift (AMKA, shift_id) VALUES ('0807809157', '292');
INSERT IGNORE INTO admin_shift (AMKA, shift_id) VALUES ('1405405087', '292');
INSERT IGNORE INTO admin_shift (AMKA, shift_id) VALUES ('3009559307', '292');
INSERT IGNORE INTO admin_shift (AMKA, shift_id) VALUES ('2309518917', '292');
UPDATE IGNORE shift SET status = TRUE WHERE shift_id = '292';
INSERT IGNORE INTO dept_shift (dept_name, shift_id) VALUES ('Psychiatry', '292');
INSERT INTO shift (shift_id, day, type) VALUES ('293', '2026-12-09 00:00:00', '07:00-15:00');
INSERT IGNORE INTO doctor_shift (AMKA, shift_id) VALUES ('1009974497', '293');
INSERT IGNORE INTO doctor_shift (AMKA, shift_id) VALUES ('0706543302', '293');
INSERT IGNORE INTO doctor_shift (AMKA, shift_id) VALUES ('2710919774', '293');
INSERT IGNORE INTO doctor_shift (AMKA, shift_id) VALUES ('1207427571', '293');
INSERT IGNORE INTO doctor_shift (AMKA, shift_id) VALUES ('0402587115', '293');
INSERT IGNORE INTO nurse_shift (AMKA, shift_id) VALUES ('0209548455', '293');
INSERT IGNORE INTO nurse_shift (AMKA, shift_id) VALUES ('2507425872', '293');
INSERT IGNORE INTO nurse_shift (AMKA, shift_id) VALUES ('3006845381', '293');
INSERT IGNORE INTO nurse_shift (AMKA, shift_id) VALUES ('0109765304', '293');
INSERT IGNORE INTO nurse_shift (AMKA, shift_id) VALUES ('1604513215', '293');
INSERT IGNORE INTO nurse_shift (AMKA, shift_id) VALUES ('0407765594', '293');
INSERT IGNORE INTO admin_shift (AMKA, shift_id) VALUES ('0304601041', '293');
INSERT IGNORE INTO admin_shift (AMKA, shift_id) VALUES ('1910579614', '293');
INSERT IGNORE INTO admin_shift (AMKA, shift_id) VALUES ('0403889907', '293');
INSERT IGNORE INTO admin_shift (AMKA, shift_id) VALUES ('2911528035', '293');
UPDATE IGNORE shift SET status = TRUE WHERE shift_id = '293';
INSERT IGNORE INTO dept_shift (dept_name, shift_id) VALUES ('Psychiatry', '293');
INSERT INTO shift (shift_id, day, type) VALUES ('294', '2026-05-17 00:00:00', '15:00-23:00');
INSERT IGNORE INTO doctor_shift (AMKA, shift_id) VALUES ('2801897549', '294');
INSERT IGNORE INTO doctor_shift (AMKA, shift_id) VALUES ('3110765587', '294');
INSERT IGNORE INTO doctor_shift (AMKA, shift_id) VALUES ('0202939499', '294');
INSERT IGNORE INTO doctor_shift (AMKA, shift_id) VALUES ('0307549248', '294');
INSERT IGNORE INTO nurse_shift (AMKA, shift_id) VALUES ('0609636680', '294');
INSERT IGNORE INTO nurse_shift (AMKA, shift_id) VALUES ('0612989649', '294');
INSERT IGNORE INTO nurse_shift (AMKA, shift_id) VALUES ('2612762096', '294');
INSERT IGNORE INTO nurse_shift (AMKA, shift_id) VALUES ('0812429714', '294');
INSERT IGNORE INTO nurse_shift (AMKA, shift_id) VALUES ('1206677028', '294');
INSERT IGNORE INTO nurse_shift (AMKA, shift_id) VALUES ('2208482039', '294');
INSERT IGNORE INTO nurse_shift (AMKA, shift_id) VALUES ('2205724151', '294');
INSERT IGNORE INTO nurse_shift (AMKA, shift_id) VALUES ('2704464646', '294');
INSERT IGNORE INTO nurse_shift (AMKA, shift_id) VALUES ('0209548455', '294');
INSERT IGNORE INTO admin_shift (AMKA, shift_id) VALUES ('1907460463', '294');
INSERT IGNORE INTO admin_shift (AMKA, shift_id) VALUES ('0304601041', '294');
UPDATE IGNORE shift SET status = TRUE WHERE shift_id = '294';
INSERT IGNORE INTO dept_shift (dept_name, shift_id) VALUES ('Psychiatry', '294');
INSERT INTO shift (shift_id, day, type) VALUES ('295', '2026-04-10 00:00:00', '23:00-07:00');
INSERT IGNORE INTO doctor_shift (AMKA, shift_id) VALUES ('2311474214', '295');
INSERT IGNORE INTO doctor_shift (AMKA, shift_id) VALUES ('3008951757', '295');
INSERT IGNORE INTO doctor_shift (AMKA, shift_id) VALUES ('0706543302', '295');
INSERT IGNORE INTO doctor_shift (AMKA, shift_id) VALUES ('1301429404', '295');
INSERT IGNORE INTO nurse_shift (AMKA, shift_id) VALUES ('2202676265', '295');
INSERT IGNORE INTO nurse_shift (AMKA, shift_id) VALUES ('1504406068', '295');
INSERT IGNORE INTO nurse_shift (AMKA, shift_id) VALUES ('1003436272', '295');
INSERT IGNORE INTO nurse_shift (AMKA, shift_id) VALUES ('1410001291', '295');
INSERT IGNORE INTO nurse_shift (AMKA, shift_id) VALUES ('2901593818', '295');
INSERT IGNORE INTO nurse_shift (AMKA, shift_id) VALUES ('0201878050', '295');
INSERT IGNORE INTO admin_shift (AMKA, shift_id) VALUES ('0707666244', '295');
INSERT IGNORE INTO admin_shift (AMKA, shift_id) VALUES ('2003866217', '295');
INSERT IGNORE INTO admin_shift (AMKA, shift_id) VALUES ('0405421061', '295');
UPDATE IGNORE shift SET status = TRUE WHERE shift_id = '295';
INSERT IGNORE INTO dept_shift (dept_name, shift_id) VALUES ('Psychiatry', '295');
INSERT INTO shift (shift_id, day, type) VALUES ('296', '2025-04-17 00:00:00', '23:00-07:00');
INSERT IGNORE INTO doctor_shift (AMKA, shift_id) VALUES ('2809979050', '296');
INSERT IGNORE INTO doctor_shift (AMKA, shift_id) VALUES ('1301429404', '296');
INSERT IGNORE INTO doctor_shift (AMKA, shift_id) VALUES ('3012598800', '296');
INSERT IGNORE INTO doctor_shift (AMKA, shift_id) VALUES ('3110765587', '296');
INSERT IGNORE INTO doctor_shift (AMKA, shift_id) VALUES ('2910450715', '296');
INSERT IGNORE INTO doctor_shift (AMKA, shift_id) VALUES ('0807736496', '296');
INSERT IGNORE INTO doctor_shift (AMKA, shift_id) VALUES ('1502550745', '296');
INSERT IGNORE INTO nurse_shift (AMKA, shift_id) VALUES ('0508623869', '296');
INSERT IGNORE INTO nurse_shift (AMKA, shift_id) VALUES ('0907972518', '296');
INSERT IGNORE INTO nurse_shift (AMKA, shift_id) VALUES ('3006845381', '296');
INSERT IGNORE INTO nurse_shift (AMKA, shift_id) VALUES ('2711931843', '296');
INSERT IGNORE INTO nurse_shift (AMKA, shift_id) VALUES ('0612989649', '296');
INSERT IGNORE INTO nurse_shift (AMKA, shift_id) VALUES ('2401552006', '296');
INSERT IGNORE INTO nurse_shift (AMKA, shift_id) VALUES ('1409799887', '296');
INSERT IGNORE INTO nurse_shift (AMKA, shift_id) VALUES ('1604513215', '296');
INSERT IGNORE INTO nurse_shift (AMKA, shift_id) VALUES ('2208482039', '296');
INSERT IGNORE INTO admin_shift (AMKA, shift_id) VALUES ('1711552309', '296');
INSERT IGNORE INTO admin_shift (AMKA, shift_id) VALUES ('2911528035', '296');
UPDATE IGNORE shift SET status = TRUE WHERE shift_id = '296';
INSERT IGNORE INTO dept_shift (dept_name, shift_id) VALUES ('Psychiatry', '296');
INSERT INTO shift (shift_id, day, type) VALUES ('297', '2026-10-28 00:00:00', '15:00-23:00');
INSERT IGNORE INTO doctor_shift (AMKA, shift_id) VALUES ('3008951757', '297');
INSERT IGNORE INTO doctor_shift (AMKA, shift_id) VALUES ('3012598800', '297');
INSERT IGNORE INTO doctor_shift (AMKA, shift_id) VALUES ('1810910652', '297');
INSERT IGNORE INTO doctor_shift (AMKA, shift_id) VALUES ('2501995986', '297');
INSERT IGNORE INTO doctor_shift (AMKA, shift_id) VALUES ('3012870045', '297');
INSERT IGNORE INTO doctor_shift (AMKA, shift_id) VALUES ('2306446564', '297');
INSERT IGNORE INTO doctor_shift (AMKA, shift_id) VALUES ('0405403482', '297');
INSERT IGNORE INTO doctor_shift (AMKA, shift_id) VALUES ('0906651672', '297');
INSERT IGNORE INTO nurse_shift (AMKA, shift_id) VALUES ('3105850934', '297');
INSERT IGNORE INTO nurse_shift (AMKA, shift_id) VALUES ('0412793251', '297');
INSERT IGNORE INTO nurse_shift (AMKA, shift_id) VALUES ('0104472353', '297');
INSERT IGNORE INTO nurse_shift (AMKA, shift_id) VALUES ('2612729603', '297');
INSERT IGNORE INTO nurse_shift (AMKA, shift_id) VALUES ('1409799887', '297');
INSERT IGNORE INTO nurse_shift (AMKA, shift_id) VALUES ('2510897021', '297');
INSERT IGNORE INTO nurse_shift (AMKA, shift_id) VALUES ('1005405863', '297');
INSERT IGNORE INTO nurse_shift (AMKA, shift_id) VALUES ('3004641635', '297');
INSERT IGNORE INTO nurse_shift (AMKA, shift_id) VALUES ('2604879705', '297');
INSERT IGNORE INTO admin_shift (AMKA, shift_id) VALUES ('0403889907', '297');
INSERT IGNORE INTO admin_shift (AMKA, shift_id) VALUES ('0812426773', '297');
INSERT IGNORE INTO admin_shift (AMKA, shift_id) VALUES ('0703960983', '297');
UPDATE IGNORE shift SET status = TRUE WHERE shift_id = '297';
INSERT IGNORE INTO dept_shift (dept_name, shift_id) VALUES ('Psychiatry', '297');
INSERT INTO shift (shift_id, day, type) VALUES ('298', '2026-04-12 00:00:00', '15:00-23:00');
INSERT IGNORE INTO doctor_shift (AMKA, shift_id) VALUES ('0902609962', '298');
INSERT IGNORE INTO doctor_shift (AMKA, shift_id) VALUES ('0306542190', '298');
INSERT IGNORE INTO doctor_shift (AMKA, shift_id) VALUES ('0906651672', '298');
INSERT IGNORE INTO doctor_shift (AMKA, shift_id) VALUES ('0807736496', '298');
INSERT IGNORE INTO doctor_shift (AMKA, shift_id) VALUES ('0708733889', '298');
INSERT IGNORE INTO doctor_shift (AMKA, shift_id) VALUES ('3008951757', '298');
INSERT IGNORE INTO nurse_shift (AMKA, shift_id) VALUES ('3004938343', '298');
INSERT IGNORE INTO nurse_shift (AMKA, shift_id) VALUES ('3105850934', '298');
INSERT IGNORE INTO nurse_shift (AMKA, shift_id) VALUES ('2411954432', '298');
INSERT IGNORE INTO nurse_shift (AMKA, shift_id) VALUES ('1008771252', '298');
INSERT IGNORE INTO nurse_shift (AMKA, shift_id) VALUES ('2711931843', '298');
INSERT IGNORE INTO nurse_shift (AMKA, shift_id) VALUES ('1908566470', '298');
INSERT IGNORE INTO nurse_shift (AMKA, shift_id) VALUES ('1408414594', '298');
INSERT IGNORE INTO admin_shift (AMKA, shift_id) VALUES ('3108581021', '298');
INSERT IGNORE INTO admin_shift (AMKA, shift_id) VALUES ('1907460463', '298');
INSERT IGNORE INTO admin_shift (AMKA, shift_id) VALUES ('0810871867', '298');
INSERT IGNORE INTO admin_shift (AMKA, shift_id) VALUES ('1503705648', '298');
UPDATE IGNORE shift SET status = TRUE WHERE shift_id = '298';
INSERT IGNORE INTO dept_shift (dept_name, shift_id) VALUES ('Psychiatry', '298');
INSERT INTO shift (shift_id, day, type) VALUES ('299', '2026-04-24 00:00:00', '23:00-07:00');
INSERT IGNORE INTO doctor_shift (AMKA, shift_id) VALUES ('0305579221', '299');
INSERT IGNORE INTO doctor_shift (AMKA, shift_id) VALUES ('2411004971', '299');
INSERT IGNORE INTO doctor_shift (AMKA, shift_id) VALUES ('2010494529', '299');
INSERT IGNORE INTO doctor_shift (AMKA, shift_id) VALUES ('1008990170', '299');
INSERT IGNORE INTO doctor_shift (AMKA, shift_id) VALUES ('0707820743', '299');
INSERT IGNORE INTO nurse_shift (AMKA, shift_id) VALUES ('1206677028', '299');
INSERT IGNORE INTO nurse_shift (AMKA, shift_id) VALUES ('0804762436', '299');
INSERT IGNORE INTO nurse_shift (AMKA, shift_id) VALUES ('2912929004', '299');
INSERT IGNORE INTO nurse_shift (AMKA, shift_id) VALUES ('2104656720', '299');
INSERT IGNORE INTO nurse_shift (AMKA, shift_id) VALUES ('2209951799', '299');
INSERT IGNORE INTO nurse_shift (AMKA, shift_id) VALUES ('3011818066', '299');
INSERT IGNORE INTO nurse_shift (AMKA, shift_id) VALUES ('0612989649', '299');
INSERT IGNORE INTO nurse_shift (AMKA, shift_id) VALUES ('0412793251', '299');
INSERT IGNORE INTO nurse_shift (AMKA, shift_id) VALUES ('0410663790', '299');
INSERT IGNORE INTO nurse_shift (AMKA, shift_id) VALUES ('3004938343', '299');
INSERT IGNORE INTO admin_shift (AMKA, shift_id) VALUES ('2003866217', '299');
INSERT IGNORE INTO admin_shift (AMKA, shift_id) VALUES ('0605578164', '299');
INSERT IGNORE INTO admin_shift (AMKA, shift_id) VALUES ('0703960983', '299');
UPDATE IGNORE shift SET status = TRUE WHERE shift_id = '299';
INSERT IGNORE INTO dept_shift (dept_name, shift_id) VALUES ('Psychiatry', '299');
INSERT INTO shift (shift_id, day, type) VALUES ('300', '2026-02-10 00:00:00', '23:00-07:00');
INSERT IGNORE INTO doctor_shift (AMKA, shift_id) VALUES ('2402877693', '300');
INSERT IGNORE INTO doctor_shift (AMKA, shift_id) VALUES ('2911689167', '300');
INSERT IGNORE INTO doctor_shift (AMKA, shift_id) VALUES ('2710919774', '300');
INSERT IGNORE INTO doctor_shift (AMKA, shift_id) VALUES ('2311474214', '300');
INSERT IGNORE INTO doctor_shift (AMKA, shift_id) VALUES ('1611621504', '300');
INSERT IGNORE INTO nurse_shift (AMKA, shift_id) VALUES ('2706761470', '300');
INSERT IGNORE INTO nurse_shift (AMKA, shift_id) VALUES ('2104656720', '300');
INSERT IGNORE INTO nurse_shift (AMKA, shift_id) VALUES ('0705726850', '300');
INSERT IGNORE INTO nurse_shift (AMKA, shift_id) VALUES ('1911611265', '300');
INSERT IGNORE INTO nurse_shift (AMKA, shift_id) VALUES ('3101766130', '300');
INSERT IGNORE INTO nurse_shift (AMKA, shift_id) VALUES ('2910435920', '300');
INSERT IGNORE INTO nurse_shift (AMKA, shift_id) VALUES ('3011818066', '300');
INSERT IGNORE INTO nurse_shift (AMKA, shift_id) VALUES ('1510663927', '300');
INSERT IGNORE INTO nurse_shift (AMKA, shift_id) VALUES ('1908647470', '300');
INSERT IGNORE INTO admin_shift (AMKA, shift_id) VALUES ('1907745998', '300');
INSERT IGNORE INTO admin_shift (AMKA, shift_id) VALUES ('0812426773', '300');
INSERT IGNORE INTO admin_shift (AMKA, shift_id) VALUES ('1510768908', '300');
INSERT IGNORE INTO admin_shift (AMKA, shift_id) VALUES ('2605932179', '300');
UPDATE IGNORE shift SET status = TRUE WHERE shift_id = '300';
INSERT IGNORE INTO dept_shift (dept_name, shift_id) VALUES ('Psychiatry', '300');
INSERT INTO shift (shift_id, day, type) VALUES ('301', '2026-08-13 00:00:00', '07:00-15:00');
INSERT IGNORE INTO doctor_shift (AMKA, shift_id) VALUES ('1502550745', '301');
INSERT IGNORE INTO doctor_shift (AMKA, shift_id) VALUES ('0802581734', '301');
INSERT IGNORE INTO doctor_shift (AMKA, shift_id) VALUES ('1712008709', '301');
INSERT IGNORE INTO doctor_shift (AMKA, shift_id) VALUES ('0902609962', '301');
INSERT IGNORE INTO nurse_shift (AMKA, shift_id) VALUES ('0904571046', '301');
INSERT IGNORE INTO nurse_shift (AMKA, shift_id) VALUES ('2804859611', '301');
INSERT IGNORE INTO nurse_shift (AMKA, shift_id) VALUES ('2704464646', '301');
INSERT IGNORE INTO nurse_shift (AMKA, shift_id) VALUES ('1806981284', '301');
INSERT IGNORE INTO nurse_shift (AMKA, shift_id) VALUES ('2906456566', '301');
INSERT IGNORE INTO nurse_shift (AMKA, shift_id) VALUES ('2507425872', '301');
INSERT IGNORE INTO nurse_shift (AMKA, shift_id) VALUES ('2711931843', '301');
INSERT IGNORE INTO nurse_shift (AMKA, shift_id) VALUES ('0508623869', '301');
INSERT IGNORE INTO admin_shift (AMKA, shift_id) VALUES ('1503705648', '301');
INSERT IGNORE INTO admin_shift (AMKA, shift_id) VALUES ('1706440889', '301');
INSERT IGNORE INTO admin_shift (AMKA, shift_id) VALUES ('1805714774', '301');
UPDATE IGNORE shift SET status = TRUE WHERE shift_id = '301';
INSERT IGNORE INTO dept_shift (dept_name, shift_id) VALUES ('Psychiatry', '301');
INSERT INTO shift (shift_id, day, type) VALUES ('302', '2024-02-03 00:00:00', '15:00-23:00');
INSERT IGNORE INTO doctor_shift (AMKA, shift_id) VALUES ('1803800903', '302');
INSERT IGNORE INTO doctor_shift (AMKA, shift_id) VALUES ('1109428284', '302');
INSERT IGNORE INTO doctor_shift (AMKA, shift_id) VALUES ('1007513743', '302');
INSERT IGNORE INTO doctor_shift (AMKA, shift_id) VALUES ('0708733889', '302');
INSERT IGNORE INTO doctor_shift (AMKA, shift_id) VALUES ('0202939499', '302');
INSERT IGNORE INTO doctor_shift (AMKA, shift_id) VALUES ('1009974497', '302');
INSERT IGNORE INTO nurse_shift (AMKA, shift_id) VALUES ('0209548455', '302');
INSERT IGNORE INTO nurse_shift (AMKA, shift_id) VALUES ('3009684644', '302');
INSERT IGNORE INTO nurse_shift (AMKA, shift_id) VALUES ('2310744429', '302');
INSERT IGNORE INTO nurse_shift (AMKA, shift_id) VALUES ('1005529092', '302');
INSERT IGNORE INTO nurse_shift (AMKA, shift_id) VALUES ('2608415059', '302');
INSERT IGNORE INTO nurse_shift (AMKA, shift_id) VALUES ('1011859573', '302');
INSERT IGNORE INTO nurse_shift (AMKA, shift_id) VALUES ('2604879705', '302');
INSERT IGNORE INTO nurse_shift (AMKA, shift_id) VALUES ('0706774178', '302');
INSERT IGNORE INTO nurse_shift (AMKA, shift_id) VALUES ('0706813720', '302');
INSERT IGNORE INTO admin_shift (AMKA, shift_id) VALUES ('2605932179', '302');
INSERT IGNORE INTO admin_shift (AMKA, shift_id) VALUES ('2309518917', '302');
INSERT IGNORE INTO admin_shift (AMKA, shift_id) VALUES ('2811646141', '302');
INSERT IGNORE INTO admin_shift (AMKA, shift_id) VALUES ('1805714774', '302');
UPDATE IGNORE shift SET status = TRUE WHERE shift_id = '302';
INSERT IGNORE INTO dept_shift (dept_name, shift_id) VALUES ('Psychiatry', '302');
INSERT INTO shift (shift_id, day, type) VALUES ('303', '2024-02-17 00:00:00', '15:00-23:00');
INSERT IGNORE INTO doctor_shift (AMKA, shift_id) VALUES ('2609009896', '303');
INSERT IGNORE INTO doctor_shift (AMKA, shift_id) VALUES ('3012598800', '303');
INSERT IGNORE INTO doctor_shift (AMKA, shift_id) VALUES ('1705602559', '303');
INSERT IGNORE INTO doctor_shift (AMKA, shift_id) VALUES ('0103962870', '303');
INSERT IGNORE INTO nurse_shift (AMKA, shift_id) VALUES ('1003436272', '303');
INSERT IGNORE INTO nurse_shift (AMKA, shift_id) VALUES ('2811867092', '303');
INSERT IGNORE INTO nurse_shift (AMKA, shift_id) VALUES ('1911832103', '303');
INSERT IGNORE INTO nurse_shift (AMKA, shift_id) VALUES ('2106930406', '303');
INSERT IGNORE INTO nurse_shift (AMKA, shift_id) VALUES ('2711931843', '303');
INSERT IGNORE INTO nurse_shift (AMKA, shift_id) VALUES ('2412005893', '303');
INSERT IGNORE INTO admin_shift (AMKA, shift_id) VALUES ('2310523586', '303');
INSERT IGNORE INTO admin_shift (AMKA, shift_id) VALUES ('0912742757', '303');
INSERT IGNORE INTO admin_shift (AMKA, shift_id) VALUES ('2010445485', '303');
UPDATE IGNORE shift SET status = TRUE WHERE shift_id = '303';
INSERT IGNORE INTO dept_shift (dept_name, shift_id) VALUES ('Psychiatry', '303');
INSERT INTO shift (shift_id, day, type) VALUES ('304', '2025-06-01 00:00:00', '23:00-07:00');
INSERT IGNORE INTO doctor_shift (AMKA, shift_id) VALUES ('0307549248', '304');
INSERT IGNORE INTO doctor_shift (AMKA, shift_id) VALUES ('0706543302', '304');
INSERT IGNORE INTO doctor_shift (AMKA, shift_id) VALUES ('0405994014', '304');
INSERT IGNORE INTO doctor_shift (AMKA, shift_id) VALUES ('2406419109', '304');
INSERT IGNORE INTO doctor_shift (AMKA, shift_id) VALUES ('2910450715', '304');
INSERT IGNORE INTO doctor_shift (AMKA, shift_id) VALUES ('2809979050', '304');
INSERT IGNORE INTO doctor_shift (AMKA, shift_id) VALUES ('1301429404', '304');
INSERT IGNORE INTO doctor_shift (AMKA, shift_id) VALUES ('2311474214', '304');
INSERT IGNORE INTO nurse_shift (AMKA, shift_id) VALUES ('3004938343', '304');
INSERT IGNORE INTO nurse_shift (AMKA, shift_id) VALUES ('0412793251', '304');
INSERT IGNORE INTO nurse_shift (AMKA, shift_id) VALUES ('2507425872', '304');
INSERT IGNORE INTO nurse_shift (AMKA, shift_id) VALUES ('1003436272', '304');
INSERT IGNORE INTO nurse_shift (AMKA, shift_id) VALUES ('0812429714', '304');
INSERT IGNORE INTO nurse_shift (AMKA, shift_id) VALUES ('1210752839', '304');
INSERT IGNORE INTO admin_shift (AMKA, shift_id) VALUES ('1105817332', '304');
INSERT IGNORE INTO admin_shift (AMKA, shift_id) VALUES ('0205004029', '304');
UPDATE IGNORE shift SET status = TRUE WHERE shift_id = '304';
INSERT IGNORE INTO dept_shift (dept_name, shift_id) VALUES ('Psychiatry', '304');
INSERT INTO shift (shift_id, day, type) VALUES ('305', '2024-04-04 00:00:00', '23:00-07:00');
INSERT IGNORE INTO doctor_shift (AMKA, shift_id) VALUES ('1009974497', '305');
INSERT IGNORE INTO doctor_shift (AMKA, shift_id) VALUES ('2106602456', '305');
INSERT IGNORE INTO doctor_shift (AMKA, shift_id) VALUES ('0111689660', '305');
INSERT IGNORE INTO doctor_shift (AMKA, shift_id) VALUES ('2905541171', '305');
INSERT IGNORE INTO doctor_shift (AMKA, shift_id) VALUES ('3012598800', '305');
INSERT IGNORE INTO doctor_shift (AMKA, shift_id) VALUES ('1705602559', '305');
INSERT IGNORE INTO doctor_shift (AMKA, shift_id) VALUES ('1808559940', '305');
INSERT IGNORE INTO doctor_shift (AMKA, shift_id) VALUES ('2607905982', '305');
INSERT IGNORE INTO nurse_shift (AMKA, shift_id) VALUES ('0812429714', '305');
INSERT IGNORE INTO nurse_shift (AMKA, shift_id) VALUES ('0710837433', '305');
INSERT IGNORE INTO nurse_shift (AMKA, shift_id) VALUES ('2912929004', '305');
INSERT IGNORE INTO nurse_shift (AMKA, shift_id) VALUES ('1908566470', '305');
INSERT IGNORE INTO nurse_shift (AMKA, shift_id) VALUES ('2704464646', '305');
INSERT IGNORE INTO nurse_shift (AMKA, shift_id) VALUES ('3101766130', '305');
INSERT IGNORE INTO nurse_shift (AMKA, shift_id) VALUES ('0104472353', '305');
INSERT IGNORE INTO nurse_shift (AMKA, shift_id) VALUES ('2412005893', '305');
INSERT IGNORE INTO admin_shift (AMKA, shift_id) VALUES ('0601887396', '305');
INSERT IGNORE INTO admin_shift (AMKA, shift_id) VALUES ('1910579614', '305');
INSERT IGNORE INTO admin_shift (AMKA, shift_id) VALUES ('0707666244', '305');
UPDATE IGNORE shift SET status = TRUE WHERE shift_id = '305';
INSERT IGNORE INTO dept_shift (dept_name, shift_id) VALUES ('Psychiatry', '305');
INSERT INTO shift (shift_id, day, type) VALUES ('306', '2025-11-15 00:00:00', '07:00-15:00');
INSERT IGNORE INTO doctor_shift (AMKA, shift_id) VALUES ('2911689167', '306');
INSERT IGNORE INTO doctor_shift (AMKA, shift_id) VALUES ('0807736496', '306');
INSERT IGNORE INTO doctor_shift (AMKA, shift_id) VALUES ('2106602456', '306');
INSERT IGNORE INTO doctor_shift (AMKA, shift_id) VALUES ('1908663047', '306');
INSERT IGNORE INTO doctor_shift (AMKA, shift_id) VALUES ('2710919774', '306');
INSERT IGNORE INTO doctor_shift (AMKA, shift_id) VALUES ('2205469029', '306');
INSERT IGNORE INTO nurse_shift (AMKA, shift_id) VALUES ('0407765594', '306');
INSERT IGNORE INTO nurse_shift (AMKA, shift_id) VALUES ('2912929004', '306');
INSERT IGNORE INTO nurse_shift (AMKA, shift_id) VALUES ('1911611265', '306');
INSERT IGNORE INTO nurse_shift (AMKA, shift_id) VALUES ('1112443609', '306');
INSERT IGNORE INTO nurse_shift (AMKA, shift_id) VALUES ('1005673097', '306');
INSERT IGNORE INTO nurse_shift (AMKA, shift_id) VALUES ('2411954432', '306');
INSERT IGNORE INTO nurse_shift (AMKA, shift_id) VALUES ('0804762436', '306');
INSERT IGNORE INTO admin_shift (AMKA, shift_id) VALUES ('2901826359', '306');
INSERT IGNORE INTO admin_shift (AMKA, shift_id) VALUES ('0405421061', '306');
INSERT IGNORE INTO admin_shift (AMKA, shift_id) VALUES ('2010445485', '306');
UPDATE IGNORE shift SET status = TRUE WHERE shift_id = '306';
INSERT IGNORE INTO dept_shift (dept_name, shift_id) VALUES ('Psychiatry', '306');
INSERT INTO shift (shift_id, day, type) VALUES ('307', '2026-02-16 00:00:00', '23:00-07:00');
INSERT IGNORE INTO doctor_shift (AMKA, shift_id) VALUES ('1803800903', '307');
INSERT IGNORE INTO doctor_shift (AMKA, shift_id) VALUES ('3012870045', '307');
INSERT IGNORE INTO doctor_shift (AMKA, shift_id) VALUES ('2910450715', '307');
INSERT IGNORE INTO doctor_shift (AMKA, shift_id) VALUES ('0701944806', '307');
INSERT IGNORE INTO doctor_shift (AMKA, shift_id) VALUES ('2411004971', '307');
INSERT IGNORE INTO nurse_shift (AMKA, shift_id) VALUES ('0206841343', '307');
INSERT IGNORE INTO nurse_shift (AMKA, shift_id) VALUES ('2310744429', '307');
INSERT IGNORE INTO nurse_shift (AMKA, shift_id) VALUES ('3011818066', '307');
INSERT IGNORE INTO nurse_shift (AMKA, shift_id) VALUES ('2208482039', '307');
INSERT IGNORE INTO nurse_shift (AMKA, shift_id) VALUES ('1504406068', '307');
INSERT IGNORE INTO nurse_shift (AMKA, shift_id) VALUES ('2202668306', '307');
INSERT IGNORE INTO nurse_shift (AMKA, shift_id) VALUES ('1005673097', '307');
INSERT IGNORE INTO nurse_shift (AMKA, shift_id) VALUES ('2401552006', '307');
INSERT IGNORE INTO nurse_shift (AMKA, shift_id) VALUES ('0706774178', '307');
INSERT IGNORE INTO admin_shift (AMKA, shift_id) VALUES ('1907745998', '307');
INSERT IGNORE INTO admin_shift (AMKA, shift_id) VALUES ('0703651721', '307');
UPDATE IGNORE shift SET status = TRUE WHERE shift_id = '307';
INSERT IGNORE INTO dept_shift (dept_name, shift_id) VALUES ('Psychiatry', '307');
INSERT INTO shift (shift_id, day, type) VALUES ('308', '2025-11-16 00:00:00', '07:00-15:00');
INSERT IGNORE INTO doctor_shift (AMKA, shift_id) VALUES ('0306542190', '308');
INSERT IGNORE INTO doctor_shift (AMKA, shift_id) VALUES ('2905541171', '308');
INSERT IGNORE INTO doctor_shift (AMKA, shift_id) VALUES ('1803800903', '308');
INSERT IGNORE INTO doctor_shift (AMKA, shift_id) VALUES ('2906540192', '308');
INSERT IGNORE INTO doctor_shift (AMKA, shift_id) VALUES ('2411651898', '308');
INSERT IGNORE INTO doctor_shift (AMKA, shift_id) VALUES ('0410862119', '308');
INSERT IGNORE INTO doctor_shift (AMKA, shift_id) VALUES ('1912455789', '308');
INSERT IGNORE INTO doctor_shift (AMKA, shift_id) VALUES ('0402587115', '308');
INSERT IGNORE INTO nurse_shift (AMKA, shift_id) VALUES ('0209548455', '308');
INSERT IGNORE INTO nurse_shift (AMKA, shift_id) VALUES ('3011818066', '308');
INSERT IGNORE INTO nurse_shift (AMKA, shift_id) VALUES ('1005529092', '308');
INSERT IGNORE INTO nurse_shift (AMKA, shift_id) VALUES ('0710837433', '308');
INSERT IGNORE INTO nurse_shift (AMKA, shift_id) VALUES ('0410663790', '308');
INSERT IGNORE INTO nurse_shift (AMKA, shift_id) VALUES ('1908647470', '308');
INSERT IGNORE INTO nurse_shift (AMKA, shift_id) VALUES ('2403611622', '308');
INSERT IGNORE INTO nurse_shift (AMKA, shift_id) VALUES ('2811867092', '308');
INSERT IGNORE INTO admin_shift (AMKA, shift_id) VALUES ('0912742757', '308');
INSERT IGNORE INTO admin_shift (AMKA, shift_id) VALUES ('2303776978', '308');
INSERT IGNORE INTO admin_shift (AMKA, shift_id) VALUES ('0703960983', '308');
INSERT IGNORE INTO admin_shift (AMKA, shift_id) VALUES ('0601887396', '308');
UPDATE IGNORE shift SET status = TRUE WHERE shift_id = '308';
INSERT IGNORE INTO dept_shift (dept_name, shift_id) VALUES ('Psychiatry', '308');
INSERT INTO shift (shift_id, day, type) VALUES ('309', '2024-12-20 00:00:00', '07:00-15:00');
INSERT IGNORE INTO doctor_shift (AMKA, shift_id) VALUES ('2609009896', '309');
INSERT IGNORE INTO doctor_shift (AMKA, shift_id) VALUES ('2106602456', '309');
INSERT IGNORE INTO doctor_shift (AMKA, shift_id) VALUES ('2910450715', '309');
INSERT IGNORE INTO nurse_shift (AMKA, shift_id) VALUES ('0709669147', '309');
INSERT IGNORE INTO nurse_shift (AMKA, shift_id) VALUES ('1504406068', '309');
INSERT IGNORE INTO nurse_shift (AMKA, shift_id) VALUES ('1408414594', '309');
INSERT IGNORE INTO nurse_shift (AMKA, shift_id) VALUES ('1510663927', '309');
INSERT IGNORE INTO nurse_shift (AMKA, shift_id) VALUES ('0904571046', '309');
INSERT IGNORE INTO nurse_shift (AMKA, shift_id) VALUES ('0804762436', '309');
INSERT IGNORE INTO nurse_shift (AMKA, shift_id) VALUES ('0206841343', '309');
INSERT IGNORE INTO nurse_shift (AMKA, shift_id) VALUES ('0309734619', '309');
INSERT IGNORE INTO admin_shift (AMKA, shift_id) VALUES ('0706936645', '309');
INSERT IGNORE INTO admin_shift (AMKA, shift_id) VALUES ('1209746373', '309');
INSERT IGNORE INTO admin_shift (AMKA, shift_id) VALUES ('0601887396', '309');
UPDATE IGNORE shift SET status = TRUE WHERE shift_id = '309';
INSERT IGNORE INTO dept_shift (dept_name, shift_id) VALUES ('Psychiatry', '309');
INSERT INTO shift (shift_id, day, type) VALUES ('310', '2025-07-30 00:00:00', '15:00-23:00');
INSERT IGNORE INTO doctor_shift (AMKA, shift_id) VALUES ('2609009896', '310');
INSERT IGNORE INTO doctor_shift (AMKA, shift_id) VALUES ('2010494529', '310');
INSERT IGNORE INTO doctor_shift (AMKA, shift_id) VALUES ('2406419109', '310');
INSERT IGNORE INTO doctor_shift (AMKA, shift_id) VALUES ('1109428284', '310');
INSERT IGNORE INTO doctor_shift (AMKA, shift_id) VALUES ('2910956816', '310');
INSERT IGNORE INTO nurse_shift (AMKA, shift_id) VALUES ('0709669147', '310');
INSERT IGNORE INTO nurse_shift (AMKA, shift_id) VALUES ('0410663790', '310');
INSERT IGNORE INTO nurse_shift (AMKA, shift_id) VALUES ('1401961017', '310');
INSERT IGNORE INTO nurse_shift (AMKA, shift_id) VALUES ('0904571046', '310');
INSERT IGNORE INTO nurse_shift (AMKA, shift_id) VALUES ('2510897021', '310');
INSERT IGNORE INTO nurse_shift (AMKA, shift_id) VALUES ('0309459375', '310');
INSERT IGNORE INTO nurse_shift (AMKA, shift_id) VALUES ('2604879705', '310');
INSERT IGNORE INTO nurse_shift (AMKA, shift_id) VALUES ('1112443609', '310');
INSERT IGNORE INTO admin_shift (AMKA, shift_id) VALUES ('3009559307', '310');
INSERT IGNORE INTO admin_shift (AMKA, shift_id) VALUES ('1701751366', '310');
UPDATE IGNORE shift SET status = TRUE WHERE shift_id = '310';
INSERT IGNORE INTO dept_shift (dept_name, shift_id) VALUES ('Psychiatry', '310');
INSERT INTO shift (shift_id, day, type) VALUES ('311', '2025-11-26 00:00:00', '23:00-07:00');
INSERT IGNORE INTO doctor_shift (AMKA, shift_id) VALUES ('0706543302', '311');
INSERT IGNORE INTO doctor_shift (AMKA, shift_id) VALUES ('3012598800', '311');
INSERT IGNORE INTO doctor_shift (AMKA, shift_id) VALUES ('1009974497', '311');
INSERT IGNORE INTO nurse_shift (AMKA, shift_id) VALUES ('3004938343', '311');
INSERT IGNORE INTO nurse_shift (AMKA, shift_id) VALUES ('2310744429', '311');
INSERT IGNORE INTO nurse_shift (AMKA, shift_id) VALUES ('2411954432', '311');
INSERT IGNORE INTO nurse_shift (AMKA, shift_id) VALUES ('2106697427', '311');
INSERT IGNORE INTO nurse_shift (AMKA, shift_id) VALUES ('0407765594', '311');
INSERT IGNORE INTO nurse_shift (AMKA, shift_id) VALUES ('0106962075', '311');
INSERT IGNORE INTO nurse_shift (AMKA, shift_id) VALUES ('0104472353', '311');
INSERT IGNORE INTO admin_shift (AMKA, shift_id) VALUES ('1403488687', '311');
INSERT IGNORE INTO admin_shift (AMKA, shift_id) VALUES ('0201483619', '311');
UPDATE IGNORE shift SET status = TRUE WHERE shift_id = '311';
INSERT IGNORE INTO dept_shift (dept_name, shift_id) VALUES ('Psychiatry', '311');
INSERT INTO shift (shift_id, day, type) VALUES ('312', '2025-03-19 00:00:00', '23:00-07:00');
INSERT IGNORE INTO doctor_shift (AMKA, shift_id) VALUES ('2411004971', '312');
INSERT IGNORE INTO doctor_shift (AMKA, shift_id) VALUES ('0807736496', '312');
INSERT IGNORE INTO doctor_shift (AMKA, shift_id) VALUES ('2106602456', '312');
INSERT IGNORE INTO doctor_shift (AMKA, shift_id) VALUES ('1008990170', '312');
INSERT IGNORE INTO doctor_shift (AMKA, shift_id) VALUES ('2710919774', '312');
INSERT IGNORE INTO nurse_shift (AMKA, shift_id) VALUES ('1806981284', '312');
INSERT IGNORE INTO nurse_shift (AMKA, shift_id) VALUES ('1112443609', '312');
INSERT IGNORE INTO nurse_shift (AMKA, shift_id) VALUES ('3011818066', '312');
INSERT IGNORE INTO nurse_shift (AMKA, shift_id) VALUES ('0309459375', '312');
INSERT IGNORE INTO nurse_shift (AMKA, shift_id) VALUES ('1003436272', '312');
INSERT IGNORE INTO nurse_shift (AMKA, shift_id) VALUES ('1006547847', '312');
INSERT IGNORE INTO nurse_shift (AMKA, shift_id) VALUES ('3004938343', '312');
INSERT IGNORE INTO nurse_shift (AMKA, shift_id) VALUES ('0812429714', '312');
INSERT IGNORE INTO nurse_shift (AMKA, shift_id) VALUES ('2208482039', '312');
INSERT IGNORE INTO admin_shift (AMKA, shift_id) VALUES ('0304601041', '312');
INSERT IGNORE INTO admin_shift (AMKA, shift_id) VALUES ('1510768908', '312');
INSERT IGNORE INTO admin_shift (AMKA, shift_id) VALUES ('0703960983', '312');
INSERT IGNORE INTO admin_shift (AMKA, shift_id) VALUES ('1701751366', '312');
UPDATE IGNORE shift SET status = TRUE WHERE shift_id = '312';
INSERT IGNORE INTO dept_shift (dept_name, shift_id) VALUES ('Psychiatry', '312');
INSERT INTO shift (shift_id, day, type) VALUES ('313', '2026-11-18 00:00:00', '07:00-15:00');
INSERT IGNORE INTO doctor_shift (AMKA, shift_id) VALUES ('1209810216', '313');
INSERT IGNORE INTO doctor_shift (AMKA, shift_id) VALUES ('0701944806', '313');
INSERT IGNORE INTO doctor_shift (AMKA, shift_id) VALUES ('2911689167', '313');
INSERT IGNORE INTO doctor_shift (AMKA, shift_id) VALUES ('0707820743', '313');
INSERT IGNORE INTO doctor_shift (AMKA, shift_id) VALUES ('0902609962', '313');
INSERT IGNORE INTO doctor_shift (AMKA, shift_id) VALUES ('0410862119', '313');
INSERT IGNORE INTO doctor_shift (AMKA, shift_id) VALUES ('2801801564', '313');
INSERT IGNORE INTO doctor_shift (AMKA, shift_id) VALUES ('3012509660', '313');
INSERT IGNORE INTO nurse_shift (AMKA, shift_id) VALUES ('0804762436', '313');
INSERT IGNORE INTO nurse_shift (AMKA, shift_id) VALUES ('0407765594', '313');
INSERT IGNORE INTO nurse_shift (AMKA, shift_id) VALUES ('2604879705', '313');
INSERT IGNORE INTO nurse_shift (AMKA, shift_id) VALUES ('2711931843', '313');
INSERT IGNORE INTO nurse_shift (AMKA, shift_id) VALUES ('1510663927', '313');
INSERT IGNORE INTO nurse_shift (AMKA, shift_id) VALUES ('0106962075', '313');
INSERT IGNORE INTO admin_shift (AMKA, shift_id) VALUES ('1403488687', '313');
INSERT IGNORE INTO admin_shift (AMKA, shift_id) VALUES ('2901826359', '313');
INSERT IGNORE INTO admin_shift (AMKA, shift_id) VALUES ('1503705648', '313');
INSERT IGNORE INTO admin_shift (AMKA, shift_id) VALUES ('0601887396', '313');
UPDATE IGNORE shift SET status = TRUE WHERE shift_id = '313';
INSERT IGNORE INTO dept_shift (dept_name, shift_id) VALUES ('Psychiatry', '313');
INSERT INTO shift (shift_id, day, type) VALUES ('314', '2024-04-28 00:00:00', '15:00-23:00');
INSERT IGNORE INTO doctor_shift (AMKA, shift_id) VALUES ('0202939499', '314');
INSERT IGNORE INTO doctor_shift (AMKA, shift_id) VALUES ('0706543302', '314');
INSERT IGNORE INTO doctor_shift (AMKA, shift_id) VALUES ('2911689167', '314');
INSERT IGNORE INTO doctor_shift (AMKA, shift_id) VALUES ('1009974497', '314');
INSERT IGNORE INTO doctor_shift (AMKA, shift_id) VALUES ('1301442380', '314');
INSERT IGNORE INTO doctor_shift (AMKA, shift_id) VALUES ('0708733889', '314');
INSERT IGNORE INTO nurse_shift (AMKA, shift_id) VALUES ('0812429714', '314');
INSERT IGNORE INTO nurse_shift (AMKA, shift_id) VALUES ('1505505773', '314');
INSERT IGNORE INTO nurse_shift (AMKA, shift_id) VALUES ('3006845381', '314');
INSERT IGNORE INTO nurse_shift (AMKA, shift_id) VALUES ('0709669147', '314');
INSERT IGNORE INTO nurse_shift (AMKA, shift_id) VALUES ('0201878050', '314');
INSERT IGNORE INTO nurse_shift (AMKA, shift_id) VALUES ('1711760995', '314');
INSERT IGNORE INTO nurse_shift (AMKA, shift_id) VALUES ('2202676265', '314');
INSERT IGNORE INTO nurse_shift (AMKA, shift_id) VALUES ('1005405863', '314');
INSERT IGNORE INTO nurse_shift (AMKA, shift_id) VALUES ('1005529092', '314');
INSERT IGNORE INTO admin_shift (AMKA, shift_id) VALUES ('3108581021', '314');
INSERT IGNORE INTO admin_shift (AMKA, shift_id) VALUES ('0703960983', '314');
INSERT IGNORE INTO admin_shift (AMKA, shift_id) VALUES ('0605578164', '314');
INSERT IGNORE INTO admin_shift (AMKA, shift_id) VALUES ('1711552309', '314');
UPDATE IGNORE shift SET status = TRUE WHERE shift_id = '314';
INSERT IGNORE INTO dept_shift (dept_name, shift_id) VALUES ('Psychiatry', '314');
INSERT INTO shift (shift_id, day, type) VALUES ('315', '2024-07-09 00:00:00', '07:00-15:00');
INSERT IGNORE INTO doctor_shift (AMKA, shift_id) VALUES ('1912455789', '315');
INSERT IGNORE INTO doctor_shift (AMKA, shift_id) VALUES ('0307549248', '315');
INSERT IGNORE INTO doctor_shift (AMKA, shift_id) VALUES ('2306446564', '315');
INSERT IGNORE INTO doctor_shift (AMKA, shift_id) VALUES ('2003609278', '315');
INSERT IGNORE INTO nurse_shift (AMKA, shift_id) VALUES ('1401961017', '315');
INSERT IGNORE INTO nurse_shift (AMKA, shift_id) VALUES ('0309734619', '315');
INSERT IGNORE INTO nurse_shift (AMKA, shift_id) VALUES ('2007568464', '315');
INSERT IGNORE INTO nurse_shift (AMKA, shift_id) VALUES ('1801437951', '315');
INSERT IGNORE INTO nurse_shift (AMKA, shift_id) VALUES ('2404846418', '315');
INSERT IGNORE INTO nurse_shift (AMKA, shift_id) VALUES ('0812429714', '315');
INSERT IGNORE INTO admin_shift (AMKA, shift_id) VALUES ('1907745998', '315');
INSERT IGNORE INTO admin_shift (AMKA, shift_id) VALUES ('0403889907', '315');
UPDATE IGNORE shift SET status = TRUE WHERE shift_id = '315';
INSERT IGNORE INTO dept_shift (dept_name, shift_id) VALUES ('Psychiatry', '315');
INSERT INTO shift (shift_id, day, type) VALUES ('316', '2026-12-21 00:00:00', '07:00-15:00');
INSERT IGNORE INTO doctor_shift (AMKA, shift_id) VALUES ('1009974497', '316');
INSERT IGNORE INTO doctor_shift (AMKA, shift_id) VALUES ('1705602559', '316');
INSERT IGNORE INTO doctor_shift (AMKA, shift_id) VALUES ('1007513743', '316');
INSERT IGNORE INTO doctor_shift (AMKA, shift_id) VALUES ('2906540192', '316');
INSERT IGNORE INTO doctor_shift (AMKA, shift_id) VALUES ('0402587115', '316');
INSERT IGNORE INTO doctor_shift (AMKA, shift_id) VALUES ('2203591874', '316');
INSERT IGNORE INTO doctor_shift (AMKA, shift_id) VALUES ('1701623027', '316');
INSERT IGNORE INTO nurse_shift (AMKA, shift_id) VALUES ('2404846418', '316');
INSERT IGNORE INTO nurse_shift (AMKA, shift_id) VALUES ('2608415059', '316');
INSERT IGNORE INTO nurse_shift (AMKA, shift_id) VALUES ('1410590275', '316');
INSERT IGNORE INTO nurse_shift (AMKA, shift_id) VALUES ('1308752778', '316');
INSERT IGNORE INTO nurse_shift (AMKA, shift_id) VALUES ('1003436272', '316');
INSERT IGNORE INTO nurse_shift (AMKA, shift_id) VALUES ('1801437951', '316');
INSERT IGNORE INTO nurse_shift (AMKA, shift_id) VALUES ('2601941624', '316');
INSERT IGNORE INTO nurse_shift (AMKA, shift_id) VALUES ('0904571046', '316');
INSERT IGNORE INTO nurse_shift (AMKA, shift_id) VALUES ('2208482039', '316');
INSERT IGNORE INTO admin_shift (AMKA, shift_id) VALUES ('1907745998', '316');
INSERT IGNORE INTO admin_shift (AMKA, shift_id) VALUES ('1907460463', '316');
INSERT IGNORE INTO admin_shift (AMKA, shift_id) VALUES ('0505466886', '316');
INSERT IGNORE INTO admin_shift (AMKA, shift_id) VALUES ('0205901915', '316');
UPDATE IGNORE shift SET status = TRUE WHERE shift_id = '316';
INSERT IGNORE INTO dept_shift (dept_name, shift_id) VALUES ('Inpatient Department (IPD)', '316');
INSERT INTO shift (shift_id, day, type) VALUES ('317', '2026-12-21 00:00:00', '07:00-15:00');
INSERT IGNORE INTO doctor_shift (AMKA, shift_id) VALUES ('0404978442', '317');
INSERT IGNORE INTO doctor_shift (AMKA, shift_id) VALUES ('3012870045', '317');
INSERT IGNORE INTO doctor_shift (AMKA, shift_id) VALUES ('0906651672', '317');
INSERT IGNORE INTO doctor_shift (AMKA, shift_id) VALUES ('0802581734', '317');
INSERT IGNORE INTO nurse_shift (AMKA, shift_id) VALUES ('2110703028', '317');
INSERT IGNORE INTO nurse_shift (AMKA, shift_id) VALUES ('0807809157', '317');
INSERT IGNORE INTO nurse_shift (AMKA, shift_id) VALUES ('1806532334', '317');
INSERT IGNORE INTO nurse_shift (AMKA, shift_id) VALUES ('2706761470', '317');
INSERT IGNORE INTO nurse_shift (AMKA, shift_id) VALUES ('1911611265', '317');
INSERT IGNORE INTO nurse_shift (AMKA, shift_id) VALUES ('2612729603', '317');
INSERT IGNORE INTO nurse_shift (AMKA, shift_id) VALUES ('0706813720', '317');
INSERT IGNORE INTO nurse_shift (AMKA, shift_id) VALUES ('2811867092', '317');
INSERT IGNORE INTO admin_shift (AMKA, shift_id) VALUES ('1503705648', '317');
INSERT IGNORE INTO admin_shift (AMKA, shift_id) VALUES ('0601887396', '317');
INSERT IGNORE INTO admin_shift (AMKA, shift_id) VALUES ('1405405087', '317');
INSERT IGNORE INTO admin_shift (AMKA, shift_id) VALUES ('2303776978', '317');
UPDATE IGNORE shift SET status = TRUE WHERE shift_id = '317';
INSERT IGNORE INTO dept_shift (dept_name, shift_id) VALUES ('Inpatient Department (IPD)', '317');
INSERT INTO shift (shift_id, day, type) VALUES ('318', '2025-11-08 00:00:00', '07:00-15:00');
INSERT IGNORE INTO doctor_shift (AMKA, shift_id) VALUES ('3012870045', '318');
INSERT IGNORE INTO doctor_shift (AMKA, shift_id) VALUES ('2411004971', '318');
INSERT IGNORE INTO doctor_shift (AMKA, shift_id) VALUES ('2305692753', '318');
INSERT IGNORE INTO doctor_shift (AMKA, shift_id) VALUES ('3008951757', '318');
INSERT IGNORE INTO doctor_shift (AMKA, shift_id) VALUES ('1810910652', '318');
INSERT IGNORE INTO doctor_shift (AMKA, shift_id) VALUES ('3110765587', '318');
INSERT IGNORE INTO nurse_shift (AMKA, shift_id) VALUES ('2901593818', '318');
INSERT IGNORE INTO nurse_shift (AMKA, shift_id) VALUES ('2404846418', '318');
INSERT IGNORE INTO nurse_shift (AMKA, shift_id) VALUES ('0508623869', '318');
INSERT IGNORE INTO nurse_shift (AMKA, shift_id) VALUES ('0412793251', '318');
INSERT IGNORE INTO nurse_shift (AMKA, shift_id) VALUES ('1808626992', '318');
INSERT IGNORE INTO nurse_shift (AMKA, shift_id) VALUES ('3004938343', '318');
INSERT IGNORE INTO nurse_shift (AMKA, shift_id) VALUES ('1206677028', '318');
INSERT IGNORE INTO nurse_shift (AMKA, shift_id) VALUES ('1401961017', '318');
INSERT IGNORE INTO nurse_shift (AMKA, shift_id) VALUES ('1801437951', '318');
INSERT IGNORE INTO nurse_shift (AMKA, shift_id) VALUES ('0309459375', '318');
INSERT IGNORE INTO admin_shift (AMKA, shift_id) VALUES ('1105817332', '318');
INSERT IGNORE INTO admin_shift (AMKA, shift_id) VALUES ('2811646141', '318');
INSERT IGNORE INTO admin_shift (AMKA, shift_id) VALUES ('1805714774', '318');
UPDATE IGNORE shift SET status = TRUE WHERE shift_id = '318';
INSERT IGNORE INTO dept_shift (dept_name, shift_id) VALUES ('Inpatient Department (IPD)', '318');
INSERT INTO shift (shift_id, day, type) VALUES ('319', '2026-07-06 00:00:00', '15:00-23:00');
INSERT IGNORE INTO doctor_shift (AMKA, shift_id) VALUES ('0405994014', '319');
INSERT IGNORE INTO doctor_shift (AMKA, shift_id) VALUES ('1301442380', '319');
INSERT IGNORE INTO doctor_shift (AMKA, shift_id) VALUES ('1705602559', '319');
INSERT IGNORE INTO doctor_shift (AMKA, shift_id) VALUES ('2411651898', '319');
INSERT IGNORE INTO doctor_shift (AMKA, shift_id) VALUES ('3110765587', '319');
INSERT IGNORE INTO doctor_shift (AMKA, shift_id) VALUES ('1803800903', '319');
INSERT IGNORE INTO doctor_shift (AMKA, shift_id) VALUES ('1402646365', '319');
INSERT IGNORE INTO doctor_shift (AMKA, shift_id) VALUES ('1112753348', '319');
INSERT IGNORE INTO nurse_shift (AMKA, shift_id) VALUES ('3103488159', '319');
INSERT IGNORE INTO nurse_shift (AMKA, shift_id) VALUES ('2612762096', '319');
INSERT IGNORE INTO nurse_shift (AMKA, shift_id) VALUES ('0609636680', '319');
INSERT IGNORE INTO nurse_shift (AMKA, shift_id) VALUES ('3009684644', '319');
INSERT IGNORE INTO nurse_shift (AMKA, shift_id) VALUES ('1308752778', '319');
INSERT IGNORE INTO nurse_shift (AMKA, shift_id) VALUES ('2202676265', '319');
INSERT IGNORE INTO nurse_shift (AMKA, shift_id) VALUES ('2912929004', '319');
INSERT IGNORE INTO nurse_shift (AMKA, shift_id) VALUES ('2906456566', '319');
INSERT IGNORE INTO nurse_shift (AMKA, shift_id) VALUES ('1504406068', '319');
INSERT IGNORE INTO admin_shift (AMKA, shift_id) VALUES ('0810459550', '319');
INSERT IGNORE INTO admin_shift (AMKA, shift_id) VALUES ('1311799909', '319');
INSERT IGNORE INTO admin_shift (AMKA, shift_id) VALUES ('0503752616', '319');
UPDATE IGNORE shift SET status = TRUE WHERE shift_id = '319';
INSERT IGNORE INTO dept_shift (dept_name, shift_id) VALUES ('Inpatient Department (IPD)', '319');
INSERT INTO shift (shift_id, day, type) VALUES ('320', '2024-02-24 00:00:00', '07:00-15:00');
INSERT IGNORE INTO doctor_shift (AMKA, shift_id) VALUES ('2502902231', '320');
INSERT IGNORE INTO doctor_shift (AMKA, shift_id) VALUES ('3110765587', '320');
INSERT IGNORE INTO doctor_shift (AMKA, shift_id) VALUES ('1701623027', '320');
INSERT IGNORE INTO doctor_shift (AMKA, shift_id) VALUES ('1301442380', '320');
INSERT IGNORE INTO doctor_shift (AMKA, shift_id) VALUES ('1109428284', '320');
INSERT IGNORE INTO doctor_shift (AMKA, shift_id) VALUES ('0708733889', '320');
INSERT IGNORE INTO nurse_shift (AMKA, shift_id) VALUES ('0804762436', '320');
INSERT IGNORE INTO nurse_shift (AMKA, shift_id) VALUES ('2110703028', '320');
INSERT IGNORE INTO nurse_shift (AMKA, shift_id) VALUES ('3004641635', '320');
INSERT IGNORE INTO nurse_shift (AMKA, shift_id) VALUES ('0907972518', '320');
INSERT IGNORE INTO nurse_shift (AMKA, shift_id) VALUES ('1410001291', '320');
INSERT IGNORE INTO nurse_shift (AMKA, shift_id) VALUES ('0709669147', '320');
INSERT IGNORE INTO nurse_shift (AMKA, shift_id) VALUES ('1112443609', '320');
INSERT IGNORE INTO admin_shift (AMKA, shift_id) VALUES ('0205901915', '320');
INSERT IGNORE INTO admin_shift (AMKA, shift_id) VALUES ('0812426773', '320');
UPDATE IGNORE shift SET status = TRUE WHERE shift_id = '320';
INSERT IGNORE INTO dept_shift (dept_name, shift_id) VALUES ('Inpatient Department (IPD)', '320');
INSERT INTO shift (shift_id, day, type) VALUES ('321', '2026-01-31 00:00:00', '23:00-07:00');
INSERT IGNORE INTO doctor_shift (AMKA, shift_id) VALUES ('1108642138', '321');
INSERT IGNORE INTO doctor_shift (AMKA, shift_id) VALUES ('2906540192', '321');
INSERT IGNORE INTO doctor_shift (AMKA, shift_id) VALUES ('2406419109', '321');
INSERT IGNORE INTO nurse_shift (AMKA, shift_id) VALUES ('0104472353', '321');
INSERT IGNORE INTO nurse_shift (AMKA, shift_id) VALUES ('3103488159', '321');
INSERT IGNORE INTO nurse_shift (AMKA, shift_id) VALUES ('2412005893', '321');
INSERT IGNORE INTO nurse_shift (AMKA, shift_id) VALUES ('1908566470', '321');
INSERT IGNORE INTO nurse_shift (AMKA, shift_id) VALUES ('0709669147', '321');
INSERT IGNORE INTO nurse_shift (AMKA, shift_id) VALUES ('2704464646', '321');
INSERT IGNORE INTO admin_shift (AMKA, shift_id) VALUES ('1701751366', '321');
INSERT IGNORE INTO admin_shift (AMKA, shift_id) VALUES ('1109996077', '321');
UPDATE IGNORE shift SET status = TRUE WHERE shift_id = '321';
INSERT IGNORE INTO dept_shift (dept_name, shift_id) VALUES ('Inpatient Department (IPD)', '321');
INSERT INTO shift (shift_id, day, type) VALUES ('322', '2025-03-05 00:00:00', '23:00-07:00');
INSERT IGNORE INTO doctor_shift (AMKA, shift_id) VALUES ('2501995986', '322');
INSERT IGNORE INTO doctor_shift (AMKA, shift_id) VALUES ('1712008709', '322');
INSERT IGNORE INTO doctor_shift (AMKA, shift_id) VALUES ('1008990170', '322');
INSERT IGNORE INTO doctor_shift (AMKA, shift_id) VALUES ('0305579221', '322');
INSERT IGNORE INTO doctor_shift (AMKA, shift_id) VALUES ('2809979050', '322');
INSERT IGNORE INTO doctor_shift (AMKA, shift_id) VALUES ('0402587115', '322');
INSERT IGNORE INTO doctor_shift (AMKA, shift_id) VALUES ('1209810216', '322');
INSERT IGNORE INTO nurse_shift (AMKA, shift_id) VALUES ('2912929004', '322');
INSERT IGNORE INTO nurse_shift (AMKA, shift_id) VALUES ('3103488159', '322');
INSERT IGNORE INTO nurse_shift (AMKA, shift_id) VALUES ('3105850934', '322');
INSERT IGNORE INTO nurse_shift (AMKA, shift_id) VALUES ('1510663927', '322');
INSERT IGNORE INTO nurse_shift (AMKA, shift_id) VALUES ('2601941624', '322');
INSERT IGNORE INTO nurse_shift (AMKA, shift_id) VALUES ('2901593818', '322');
INSERT IGNORE INTO nurse_shift (AMKA, shift_id) VALUES ('2202668306', '322');
INSERT IGNORE INTO nurse_shift (AMKA, shift_id) VALUES ('2208482039', '322');
INSERT IGNORE INTO nurse_shift (AMKA, shift_id) VALUES ('1308752778', '322');
INSERT IGNORE INTO admin_shift (AMKA, shift_id) VALUES ('0605578164', '322');
INSERT IGNORE INTO admin_shift (AMKA, shift_id) VALUES ('0403889907', '322');
INSERT IGNORE INTO admin_shift (AMKA, shift_id) VALUES ('1209746373', '322');
UPDATE IGNORE shift SET status = TRUE WHERE shift_id = '322';
INSERT IGNORE INTO dept_shift (dept_name, shift_id) VALUES ('Inpatient Department (IPD)', '322');
INSERT INTO shift (shift_id, day, type) VALUES ('323', '2026-07-06 00:00:00', '07:00-15:00');
INSERT IGNORE INTO doctor_shift (AMKA, shift_id) VALUES ('2106602456', '323');
INSERT IGNORE INTO doctor_shift (AMKA, shift_id) VALUES ('2801897549', '323');
INSERT IGNORE INTO doctor_shift (AMKA, shift_id) VALUES ('2708580170', '323');
INSERT IGNORE INTO doctor_shift (AMKA, shift_id) VALUES ('0410862119', '323');
INSERT IGNORE INTO nurse_shift (AMKA, shift_id) VALUES ('2411954432', '323');
INSERT IGNORE INTO nurse_shift (AMKA, shift_id) VALUES ('0705726850', '323');
INSERT IGNORE INTO nurse_shift (AMKA, shift_id) VALUES ('2510897021', '323');
INSERT IGNORE INTO nurse_shift (AMKA, shift_id) VALUES ('2412005893', '323');
INSERT IGNORE INTO nurse_shift (AMKA, shift_id) VALUES ('2106930406', '323');
INSERT IGNORE INTO nurse_shift (AMKA, shift_id) VALUES ('2612762096', '323');
INSERT IGNORE INTO nurse_shift (AMKA, shift_id) VALUES ('0407765594', '323');
INSERT IGNORE INTO admin_shift (AMKA, shift_id) VALUES ('1805714774', '323');
INSERT IGNORE INTO admin_shift (AMKA, shift_id) VALUES ('0405421061', '323');
INSERT IGNORE INTO admin_shift (AMKA, shift_id) VALUES ('0601887396', '323');
UPDATE IGNORE shift SET status = TRUE WHERE shift_id = '323';
INSERT IGNORE INTO dept_shift (dept_name, shift_id) VALUES ('Inpatient Department (IPD)', '323');
INSERT INTO shift (shift_id, day, type) VALUES ('324', '2026-06-11 00:00:00', '23:00-07:00');
INSERT IGNORE INTO doctor_shift (AMKA, shift_id) VALUES ('1207427571', '324');
INSERT IGNORE INTO doctor_shift (AMKA, shift_id) VALUES ('2203591874', '324');
INSERT IGNORE INTO doctor_shift (AMKA, shift_id) VALUES ('2911689167', '324');
INSERT IGNORE INTO doctor_shift (AMKA, shift_id) VALUES ('0402587115', '324');
INSERT IGNORE INTO doctor_shift (AMKA, shift_id) VALUES ('1908663047', '324');
INSERT IGNORE INTO doctor_shift (AMKA, shift_id) VALUES ('1108642138', '324');
INSERT IGNORE INTO nurse_shift (AMKA, shift_id) VALUES ('2906456566', '324');
INSERT IGNORE INTO nurse_shift (AMKA, shift_id) VALUES ('2310744429', '324');
INSERT IGNORE INTO nurse_shift (AMKA, shift_id) VALUES ('1104820571', '324');
INSERT IGNORE INTO nurse_shift (AMKA, shift_id) VALUES ('0104472353', '324');
INSERT IGNORE INTO nurse_shift (AMKA, shift_id) VALUES ('0706813720', '324');
INSERT IGNORE INTO nurse_shift (AMKA, shift_id) VALUES ('1410590275', '324');
INSERT IGNORE INTO nurse_shift (AMKA, shift_id) VALUES ('0807914051', '324');
INSERT IGNORE INTO admin_shift (AMKA, shift_id) VALUES ('1105817332', '324');
INSERT IGNORE INTO admin_shift (AMKA, shift_id) VALUES ('1403488687', '324');
INSERT IGNORE INTO admin_shift (AMKA, shift_id) VALUES ('2408699743', '324');
UPDATE IGNORE shift SET status = TRUE WHERE shift_id = '324';
INSERT IGNORE INTO dept_shift (dept_name, shift_id) VALUES ('Inpatient Department (IPD)', '324');
INSERT INTO shift (shift_id, day, type) VALUES ('325', '2024-01-18 00:00:00', '07:00-15:00');
INSERT IGNORE INTO doctor_shift (AMKA, shift_id) VALUES ('2106602456', '325');
INSERT IGNORE INTO doctor_shift (AMKA, shift_id) VALUES ('2708580170', '325');
INSERT IGNORE INTO doctor_shift (AMKA, shift_id) VALUES ('1007513743', '325');
INSERT IGNORE INTO nurse_shift (AMKA, shift_id) VALUES ('2104656720', '325');
INSERT IGNORE INTO nurse_shift (AMKA, shift_id) VALUES ('2208482039', '325');
INSERT IGNORE INTO nurse_shift (AMKA, shift_id) VALUES ('0705726850', '325');
INSERT IGNORE INTO nurse_shift (AMKA, shift_id) VALUES ('2404846418', '325');
INSERT IGNORE INTO nurse_shift (AMKA, shift_id) VALUES ('1801437951', '325');
INSERT IGNORE INTO nurse_shift (AMKA, shift_id) VALUES ('1510663927', '325');
INSERT IGNORE INTO nurse_shift (AMKA, shift_id) VALUES ('0508623869', '325');
INSERT IGNORE INTO nurse_shift (AMKA, shift_id) VALUES ('0710837433', '325');
INSERT IGNORE INTO nurse_shift (AMKA, shift_id) VALUES ('3105850934', '325');
INSERT IGNORE INTO nurse_shift (AMKA, shift_id) VALUES ('1011859573', '325');
INSERT IGNORE INTO admin_shift (AMKA, shift_id) VALUES ('1109996077', '325');
INSERT IGNORE INTO admin_shift (AMKA, shift_id) VALUES ('0503752616', '325');
INSERT IGNORE INTO admin_shift (AMKA, shift_id) VALUES ('0205901915', '325');
UPDATE IGNORE shift SET status = TRUE WHERE shift_id = '325';
INSERT IGNORE INTO dept_shift (dept_name, shift_id) VALUES ('Inpatient Department (IPD)', '325');
INSERT INTO shift (shift_id, day, type) VALUES ('326', '2026-03-18 00:00:00', '15:00-23:00');
INSERT IGNORE INTO doctor_shift (AMKA, shift_id) VALUES ('2404738380', '326');
INSERT IGNORE INTO doctor_shift (AMKA, shift_id) VALUES ('3008951757', '326');
INSERT IGNORE INTO doctor_shift (AMKA, shift_id) VALUES ('1502550745', '326');
INSERT IGNORE INTO doctor_shift (AMKA, shift_id) VALUES ('2609009896', '326');
INSERT IGNORE INTO nurse_shift (AMKA, shift_id) VALUES ('0612989649', '326');
INSERT IGNORE INTO nurse_shift (AMKA, shift_id) VALUES ('3103488159', '326');
INSERT IGNORE INTO nurse_shift (AMKA, shift_id) VALUES ('2310744429', '326');
INSERT IGNORE INTO nurse_shift (AMKA, shift_id) VALUES ('2906456566', '326');
INSERT IGNORE INTO nurse_shift (AMKA, shift_id) VALUES ('2612729603', '326');
INSERT IGNORE INTO nurse_shift (AMKA, shift_id) VALUES ('1806532334', '326');
INSERT IGNORE INTO admin_shift (AMKA, shift_id) VALUES ('1209746373', '326');
INSERT IGNORE INTO admin_shift (AMKA, shift_id) VALUES ('0703651721', '326');
INSERT IGNORE INTO admin_shift (AMKA, shift_id) VALUES ('2901826359', '326');
UPDATE IGNORE shift SET status = TRUE WHERE shift_id = '326';
INSERT IGNORE INTO dept_shift (dept_name, shift_id) VALUES ('Inpatient Department (IPD)', '326');
INSERT INTO shift (shift_id, day, type) VALUES ('327', '2024-11-23 00:00:00', '07:00-15:00');
INSERT IGNORE INTO doctor_shift (AMKA, shift_id) VALUES ('1109428284', '327');
INSERT IGNORE INTO doctor_shift (AMKA, shift_id) VALUES ('2411004971', '327');
INSERT IGNORE INTO doctor_shift (AMKA, shift_id) VALUES ('0405403482', '327');
INSERT IGNORE INTO doctor_shift (AMKA, shift_id) VALUES ('2502902231', '327');
INSERT IGNORE INTO doctor_shift (AMKA, shift_id) VALUES ('0707820743', '327');
INSERT IGNORE INTO doctor_shift (AMKA, shift_id) VALUES ('0902609962', '327');
INSERT IGNORE INTO nurse_shift (AMKA, shift_id) VALUES ('2007568464', '327');
INSERT IGNORE INTO nurse_shift (AMKA, shift_id) VALUES ('0710837433', '327');
INSERT IGNORE INTO nurse_shift (AMKA, shift_id) VALUES ('2906456566', '327');
INSERT IGNORE INTO nurse_shift (AMKA, shift_id) VALUES ('0201878050', '327');
INSERT IGNORE INTO nurse_shift (AMKA, shift_id) VALUES ('1408414594', '327');
INSERT IGNORE INTO nurse_shift (AMKA, shift_id) VALUES ('1801437951', '327');
INSERT IGNORE INTO admin_shift (AMKA, shift_id) VALUES ('2010445485', '327');
INSERT IGNORE INTO admin_shift (AMKA, shift_id) VALUES ('0601887396', '327');
INSERT IGNORE INTO admin_shift (AMKA, shift_id) VALUES ('1405405087', '327');
UPDATE IGNORE shift SET status = TRUE WHERE shift_id = '327';
INSERT IGNORE INTO dept_shift (dept_name, shift_id) VALUES ('Inpatient Department (IPD)', '327');
INSERT INTO shift (shift_id, day, type) VALUES ('328', '2025-09-22 00:00:00', '07:00-15:00');
INSERT IGNORE INTO doctor_shift (AMKA, shift_id) VALUES ('0706543302', '328');
INSERT IGNORE INTO doctor_shift (AMKA, shift_id) VALUES ('0405403482', '328');
INSERT IGNORE INTO doctor_shift (AMKA, shift_id) VALUES ('2906627360', '328');
INSERT IGNORE INTO doctor_shift (AMKA, shift_id) VALUES ('1810910652', '328');
INSERT IGNORE INTO doctor_shift (AMKA, shift_id) VALUES ('3008951757', '328');
INSERT IGNORE INTO doctor_shift (AMKA, shift_id) VALUES ('2111532740', '328');
INSERT IGNORE INTO nurse_shift (AMKA, shift_id) VALUES ('2901593818', '328');
INSERT IGNORE INTO nurse_shift (AMKA, shift_id) VALUES ('2104656720', '328');
INSERT IGNORE INTO nurse_shift (AMKA, shift_id) VALUES ('0706813720', '328');
INSERT IGNORE INTO nurse_shift (AMKA, shift_id) VALUES ('2612762096', '328');
INSERT IGNORE INTO nurse_shift (AMKA, shift_id) VALUES ('0410663790', '328');
INSERT IGNORE INTO nurse_shift (AMKA, shift_id) VALUES ('2811867092', '328');
INSERT IGNORE INTO admin_shift (AMKA, shift_id) VALUES ('1910579614', '328');
INSERT IGNORE INTO admin_shift (AMKA, shift_id) VALUES ('0703960983', '328');
INSERT IGNORE INTO admin_shift (AMKA, shift_id) VALUES ('0912742757', '328');
UPDATE IGNORE shift SET status = TRUE WHERE shift_id = '328';
INSERT IGNORE INTO dept_shift (dept_name, shift_id) VALUES ('Inpatient Department (IPD)', '328');
INSERT INTO shift (shift_id, day, type) VALUES ('329', '2026-01-05 00:00:00', '07:00-15:00');
INSERT IGNORE INTO doctor_shift (AMKA, shift_id) VALUES ('2801830092', '329');
INSERT IGNORE INTO doctor_shift (AMKA, shift_id) VALUES ('2809979050', '329');
INSERT IGNORE INTO doctor_shift (AMKA, shift_id) VALUES ('0410862119', '329');
INSERT IGNORE INTO nurse_shift (AMKA, shift_id) VALUES ('1801437951', '329');
INSERT IGNORE INTO nurse_shift (AMKA, shift_id) VALUES ('1005529092', '329');
INSERT IGNORE INTO nurse_shift (AMKA, shift_id) VALUES ('1410001291', '329');
INSERT IGNORE INTO nurse_shift (AMKA, shift_id) VALUES ('1408414594', '329');
INSERT IGNORE INTO nurse_shift (AMKA, shift_id) VALUES ('1003436272', '329');
INSERT IGNORE INTO nurse_shift (AMKA, shift_id) VALUES ('2811867092', '329');
INSERT IGNORE INTO nurse_shift (AMKA, shift_id) VALUES ('3009684644', '329');
INSERT IGNORE INTO nurse_shift (AMKA, shift_id) VALUES ('2912929004', '329');
INSERT IGNORE INTO nurse_shift (AMKA, shift_id) VALUES ('2906456566', '329');
INSERT IGNORE INTO nurse_shift (AMKA, shift_id) VALUES ('0709669147', '329');
INSERT IGNORE INTO admin_shift (AMKA, shift_id) VALUES ('1805714774', '329');
INSERT IGNORE INTO admin_shift (AMKA, shift_id) VALUES ('0505466886', '329');
INSERT IGNORE INTO admin_shift (AMKA, shift_id) VALUES ('1105817332', '329');
UPDATE IGNORE shift SET status = TRUE WHERE shift_id = '329';
INSERT IGNORE INTO dept_shift (dept_name, shift_id) VALUES ('Inpatient Department (IPD)', '329');
INSERT INTO shift (shift_id, day, type) VALUES ('330', '2024-02-09 00:00:00', '07:00-15:00');
INSERT IGNORE INTO doctor_shift (AMKA, shift_id) VALUES ('3012870045', '330');
INSERT IGNORE INTO doctor_shift (AMKA, shift_id) VALUES ('3008951757', '330');
INSERT IGNORE INTO doctor_shift (AMKA, shift_id) VALUES ('2911689167', '330');
INSERT IGNORE INTO doctor_shift (AMKA, shift_id) VALUES ('0708733889', '330');
INSERT IGNORE INTO doctor_shift (AMKA, shift_id) VALUES ('2801897549', '330');
INSERT IGNORE INTO doctor_shift (AMKA, shift_id) VALUES ('2106602456', '330');
INSERT IGNORE INTO doctor_shift (AMKA, shift_id) VALUES ('1810910652', '330');
INSERT IGNORE INTO nurse_shift (AMKA, shift_id) VALUES ('1104820571', '330');
INSERT IGNORE INTO nurse_shift (AMKA, shift_id) VALUES ('2912929004', '330');
INSERT IGNORE INTO nurse_shift (AMKA, shift_id) VALUES ('3011818066', '330');
INSERT IGNORE INTO nurse_shift (AMKA, shift_id) VALUES ('2604879705', '330');
INSERT IGNORE INTO nurse_shift (AMKA, shift_id) VALUES ('0206841343', '330');
INSERT IGNORE INTO nurse_shift (AMKA, shift_id) VALUES ('0309459375', '330');
INSERT IGNORE INTO admin_shift (AMKA, shift_id) VALUES ('0703960983', '330');
INSERT IGNORE INTO admin_shift (AMKA, shift_id) VALUES ('0304601041', '330');
INSERT IGNORE INTO admin_shift (AMKA, shift_id) VALUES ('1706440889', '330');
UPDATE IGNORE shift SET status = TRUE WHERE shift_id = '330';
INSERT IGNORE INTO dept_shift (dept_name, shift_id) VALUES ('Inpatient Department (IPD)', '330');
INSERT INTO shift (shift_id, day, type) VALUES ('331', '2024-12-15 00:00:00', '15:00-23:00');
INSERT IGNORE INTO doctor_shift (AMKA, shift_id) VALUES ('2203591874', '331');
INSERT IGNORE INTO doctor_shift (AMKA, shift_id) VALUES ('1112753348', '331');
INSERT IGNORE INTO doctor_shift (AMKA, shift_id) VALUES ('0312964109', '331');
INSERT IGNORE INTO doctor_shift (AMKA, shift_id) VALUES ('2411004971', '331');
INSERT IGNORE INTO doctor_shift (AMKA, shift_id) VALUES ('2305633067', '331');
INSERT IGNORE INTO doctor_shift (AMKA, shift_id) VALUES ('1912455789', '331');
INSERT IGNORE INTO doctor_shift (AMKA, shift_id) VALUES ('0410862119', '331');
INSERT IGNORE INTO doctor_shift (AMKA, shift_id) VALUES ('0706543302', '331');
INSERT IGNORE INTO nurse_shift (AMKA, shift_id) VALUES ('1911832103', '331');
INSERT IGNORE INTO nurse_shift (AMKA, shift_id) VALUES ('0209548455', '331');
INSERT IGNORE INTO nurse_shift (AMKA, shift_id) VALUES ('1008771252', '331');
INSERT IGNORE INTO nurse_shift (AMKA, shift_id) VALUES ('0710837433', '331');
INSERT IGNORE INTO nurse_shift (AMKA, shift_id) VALUES ('0106962075', '331');
INSERT IGNORE INTO nurse_shift (AMKA, shift_id) VALUES ('2510897021', '331');
INSERT IGNORE INTO nurse_shift (AMKA, shift_id) VALUES ('2608415059', '331');
INSERT IGNORE INTO nurse_shift (AMKA, shift_id) VALUES ('0612989649', '331');
INSERT IGNORE INTO nurse_shift (AMKA, shift_id) VALUES ('0201878050', '331');
INSERT IGNORE INTO admin_shift (AMKA, shift_id) VALUES ('2103717007', '331');
INSERT IGNORE INTO admin_shift (AMKA, shift_id) VALUES ('1910579614', '331');
UPDATE IGNORE shift SET status = TRUE WHERE shift_id = '331';
INSERT IGNORE INTO dept_shift (dept_name, shift_id) VALUES ('Inpatient Department (IPD)', '331');
INSERT INTO shift (shift_id, day, type) VALUES ('332', '2026-02-19 00:00:00', '07:00-15:00');
INSERT IGNORE INTO doctor_shift (AMKA, shift_id) VALUES ('2710919774', '332');
INSERT IGNORE INTO doctor_shift (AMKA, shift_id) VALUES ('0306542190', '332');
INSERT IGNORE INTO doctor_shift (AMKA, shift_id) VALUES ('2905541171', '332');
INSERT IGNORE INTO doctor_shift (AMKA, shift_id) VALUES ('1611621504', '332');
INSERT IGNORE INTO doctor_shift (AMKA, shift_id) VALUES ('2801801564', '332');
INSERT IGNORE INTO doctor_shift (AMKA, shift_id) VALUES ('2906540192', '332');
INSERT IGNORE INTO nurse_shift (AMKA, shift_id) VALUES ('1206677028', '332');
INSERT IGNORE INTO nurse_shift (AMKA, shift_id) VALUES ('1210752839', '332');
INSERT IGNORE INTO nurse_shift (AMKA, shift_id) VALUES ('2104656720', '332');
INSERT IGNORE INTO nurse_shift (AMKA, shift_id) VALUES ('2912929004', '332');
INSERT IGNORE INTO nurse_shift (AMKA, shift_id) VALUES ('2704464646', '332');
INSERT IGNORE INTO nurse_shift (AMKA, shift_id) VALUES ('1008771252', '332');
INSERT IGNORE INTO nurse_shift (AMKA, shift_id) VALUES ('1711760995', '332');
INSERT IGNORE INTO nurse_shift (AMKA, shift_id) VALUES ('0508623869', '332');
INSERT IGNORE INTO nurse_shift (AMKA, shift_id) VALUES ('0904571046', '332');
INSERT IGNORE INTO nurse_shift (AMKA, shift_id) VALUES ('3103488159', '332');
INSERT IGNORE INTO admin_shift (AMKA, shift_id) VALUES ('0812426773', '332');
INSERT IGNORE INTO admin_shift (AMKA, shift_id) VALUES ('0601887396', '332');
INSERT IGNORE INTO admin_shift (AMKA, shift_id) VALUES ('0810459550', '332');
UPDATE IGNORE shift SET status = TRUE WHERE shift_id = '332';
INSERT IGNORE INTO dept_shift (dept_name, shift_id) VALUES ('Inpatient Department (IPD)', '332');
INSERT INTO shift (shift_id, day, type) VALUES ('333', '2024-07-23 00:00:00', '15:00-23:00');
INSERT IGNORE INTO doctor_shift (AMKA, shift_id) VALUES ('0807736496', '333');
INSERT IGNORE INTO doctor_shift (AMKA, shift_id) VALUES ('2411004971', '333');
INSERT IGNORE INTO doctor_shift (AMKA, shift_id) VALUES ('1301442380', '333');
INSERT IGNORE INTO doctor_shift (AMKA, shift_id) VALUES ('2003609278', '333');
INSERT IGNORE INTO nurse_shift (AMKA, shift_id) VALUES ('1808626992', '333');
INSERT IGNORE INTO nurse_shift (AMKA, shift_id) VALUES ('2208482039', '333');
INSERT IGNORE INTO nurse_shift (AMKA, shift_id) VALUES ('2106697427', '333');
INSERT IGNORE INTO nurse_shift (AMKA, shift_id) VALUES ('0412793251', '333');
INSERT IGNORE INTO nurse_shift (AMKA, shift_id) VALUES ('3004938343', '333');
INSERT IGNORE INTO nurse_shift (AMKA, shift_id) VALUES ('1510663927', '333');
INSERT IGNORE INTO nurse_shift (AMKA, shift_id) VALUES ('0710837433', '333');
INSERT IGNORE INTO admin_shift (AMKA, shift_id) VALUES ('0205004029', '333');
INSERT IGNORE INTO admin_shift (AMKA, shift_id) VALUES ('0405421061', '333');
INSERT IGNORE INTO admin_shift (AMKA, shift_id) VALUES ('1805714774', '333');
UPDATE IGNORE shift SET status = TRUE WHERE shift_id = '333';
INSERT IGNORE INTO dept_shift (dept_name, shift_id) VALUES ('Inpatient Department (IPD)', '333');
INSERT INTO shift (shift_id, day, type) VALUES ('334', '2025-03-26 00:00:00', '15:00-23:00');
INSERT IGNORE INTO doctor_shift (AMKA, shift_id) VALUES ('2911689167', '334');
INSERT IGNORE INTO doctor_shift (AMKA, shift_id) VALUES ('1502550745', '334');
INSERT IGNORE INTO doctor_shift (AMKA, shift_id) VALUES ('2809979050', '334');
INSERT IGNORE INTO doctor_shift (AMKA, shift_id) VALUES ('2501995986', '334');
INSERT IGNORE INTO doctor_shift (AMKA, shift_id) VALUES ('2311474214', '334');
INSERT IGNORE INTO doctor_shift (AMKA, shift_id) VALUES ('2305692753', '334');
INSERT IGNORE INTO doctor_shift (AMKA, shift_id) VALUES ('1209810216', '334');
INSERT IGNORE INTO doctor_shift (AMKA, shift_id) VALUES ('0708733889', '334');
INSERT IGNORE INTO nurse_shift (AMKA, shift_id) VALUES ('2910435920', '334');
INSERT IGNORE INTO nurse_shift (AMKA, shift_id) VALUES ('2202676265', '334');
INSERT IGNORE INTO nurse_shift (AMKA, shift_id) VALUES ('1011859573', '334');
INSERT IGNORE INTO nurse_shift (AMKA, shift_id) VALUES ('0609636680', '334');
INSERT IGNORE INTO nurse_shift (AMKA, shift_id) VALUES ('0604638601', '334');
INSERT IGNORE INTO nurse_shift (AMKA, shift_id) VALUES ('1504406068', '334');
INSERT IGNORE INTO nurse_shift (AMKA, shift_id) VALUES ('2205724151', '334');
INSERT IGNORE INTO nurse_shift (AMKA, shift_id) VALUES ('0106962075', '334');
INSERT IGNORE INTO nurse_shift (AMKA, shift_id) VALUES ('2007568464', '334');
INSERT IGNORE INTO admin_shift (AMKA, shift_id) VALUES ('2309518917', '334');
INSERT IGNORE INTO admin_shift (AMKA, shift_id) VALUES ('0201483619', '334');
INSERT IGNORE INTO admin_shift (AMKA, shift_id) VALUES ('0405421061', '334');
INSERT IGNORE INTO admin_shift (AMKA, shift_id) VALUES ('1503705648', '334');
UPDATE IGNORE shift SET status = TRUE WHERE shift_id = '334';
INSERT IGNORE INTO dept_shift (dept_name, shift_id) VALUES ('Inpatient Department (IPD)', '334');
INSERT INTO shift (shift_id, day, type) VALUES ('335', '2026-03-12 00:00:00', '15:00-23:00');
INSERT IGNORE INTO doctor_shift (AMKA, shift_id) VALUES ('0707820743', '335');
INSERT IGNORE INTO doctor_shift (AMKA, shift_id) VALUES ('2607905982', '335');
INSERT IGNORE INTO doctor_shift (AMKA, shift_id) VALUES ('2809979050', '335');
INSERT IGNORE INTO doctor_shift (AMKA, shift_id) VALUES ('2404738380', '335');
INSERT IGNORE INTO doctor_shift (AMKA, shift_id) VALUES ('2906540192', '335');
INSERT IGNORE INTO nurse_shift (AMKA, shift_id) VALUES ('3007957631', '335');
INSERT IGNORE INTO nurse_shift (AMKA, shift_id) VALUES ('0109765304', '335');
INSERT IGNORE INTO nurse_shift (AMKA, shift_id) VALUES ('2612762096', '335');
INSERT IGNORE INTO nurse_shift (AMKA, shift_id) VALUES ('1410590275', '335');
INSERT IGNORE INTO nurse_shift (AMKA, shift_id) VALUES ('1410001291', '335');
INSERT IGNORE INTO nurse_shift (AMKA, shift_id) VALUES ('1112443609', '335');
INSERT IGNORE INTO nurse_shift (AMKA, shift_id) VALUES ('1408414594', '335');
INSERT IGNORE INTO nurse_shift (AMKA, shift_id) VALUES ('2507425872', '335');
INSERT IGNORE INTO admin_shift (AMKA, shift_id) VALUES ('0405421061', '335');
INSERT IGNORE INTO admin_shift (AMKA, shift_id) VALUES ('0703651721', '335');
INSERT IGNORE INTO admin_shift (AMKA, shift_id) VALUES ('2605932179', '335');
INSERT IGNORE INTO admin_shift (AMKA, shift_id) VALUES ('2010445485', '335');
UPDATE IGNORE shift SET status = TRUE WHERE shift_id = '335';
INSERT IGNORE INTO dept_shift (dept_name, shift_id) VALUES ('Inpatient Department (IPD)', '335');
INSERT INTO shift (shift_id, day, type) VALUES ('336', '2024-04-13 00:00:00', '07:00-15:00');
INSERT IGNORE INTO doctor_shift (AMKA, shift_id) VALUES ('1803800903', '336');
INSERT IGNORE INTO doctor_shift (AMKA, shift_id) VALUES ('3110765587', '336');
INSERT IGNORE INTO doctor_shift (AMKA, shift_id) VALUES ('1502550745', '336');
INSERT IGNORE INTO doctor_shift (AMKA, shift_id) VALUES ('2910956816', '336');
INSERT IGNORE INTO doctor_shift (AMKA, shift_id) VALUES ('2801801564', '336');
INSERT IGNORE INTO doctor_shift (AMKA, shift_id) VALUES ('2311474214', '336');
INSERT IGNORE INTO doctor_shift (AMKA, shift_id) VALUES ('1112753348', '336');
INSERT IGNORE INTO nurse_shift (AMKA, shift_id) VALUES ('3011818066', '336');
INSERT IGNORE INTO nurse_shift (AMKA, shift_id) VALUES ('3004641635', '336');
INSERT IGNORE INTO nurse_shift (AMKA, shift_id) VALUES ('2612762096', '336');
INSERT IGNORE INTO nurse_shift (AMKA, shift_id) VALUES ('0907972518', '336');
INSERT IGNORE INTO nurse_shift (AMKA, shift_id) VALUES ('1005405863', '336');
INSERT IGNORE INTO nurse_shift (AMKA, shift_id) VALUES ('2411954432', '336');
INSERT IGNORE INTO admin_shift (AMKA, shift_id) VALUES ('0304601041', '336');
INSERT IGNORE INTO admin_shift (AMKA, shift_id) VALUES ('1503705648', '336');
INSERT IGNORE INTO admin_shift (AMKA, shift_id) VALUES ('0508766025', '336');
INSERT IGNORE INTO admin_shift (AMKA, shift_id) VALUES ('1311799909', '336');
UPDATE IGNORE shift SET status = TRUE WHERE shift_id = '336';
INSERT IGNORE INTO dept_shift (dept_name, shift_id) VALUES ('Inpatient Department (IPD)', '336');
INSERT INTO shift (shift_id, day, type) VALUES ('337', '2024-01-06 00:00:00', '15:00-23:00');
INSERT IGNORE INTO doctor_shift (AMKA, shift_id) VALUES ('0902609962', '337');
INSERT IGNORE INTO doctor_shift (AMKA, shift_id) VALUES ('1301429404', '337');
INSERT IGNORE INTO doctor_shift (AMKA, shift_id) VALUES ('3110765587', '337');
INSERT IGNORE INTO doctor_shift (AMKA, shift_id) VALUES ('1803800903', '337');
INSERT IGNORE INTO doctor_shift (AMKA, shift_id) VALUES ('1112753348', '337');
INSERT IGNORE INTO doctor_shift (AMKA, shift_id) VALUES ('2106602456', '337');
INSERT IGNORE INTO doctor_shift (AMKA, shift_id) VALUES ('2906540192', '337');
INSERT IGNORE INTO nurse_shift (AMKA, shift_id) VALUES ('2106697427', '337');
INSERT IGNORE INTO nurse_shift (AMKA, shift_id) VALUES ('0706774178', '337');
INSERT IGNORE INTO nurse_shift (AMKA, shift_id) VALUES ('1308752778', '337');
INSERT IGNORE INTO nurse_shift (AMKA, shift_id) VALUES ('2804859611', '337');
INSERT IGNORE INTO nurse_shift (AMKA, shift_id) VALUES ('2811867092', '337');
INSERT IGNORE INTO nurse_shift (AMKA, shift_id) VALUES ('0612989649', '337');
INSERT IGNORE INTO nurse_shift (AMKA, shift_id) VALUES ('2412005893', '337');
INSERT IGNORE INTO nurse_shift (AMKA, shift_id) VALUES ('2604879705', '337');
INSERT IGNORE INTO nurse_shift (AMKA, shift_id) VALUES ('0706813720', '337');
INSERT IGNORE INTO admin_shift (AMKA, shift_id) VALUES ('1805714774', '337');
INSERT IGNORE INTO admin_shift (AMKA, shift_id) VALUES ('0508766025', '337');
INSERT IGNORE INTO admin_shift (AMKA, shift_id) VALUES ('2811646141', '337');
INSERT IGNORE INTO admin_shift (AMKA, shift_id) VALUES ('0102594389', '337');
UPDATE IGNORE shift SET status = TRUE WHERE shift_id = '337';
INSERT IGNORE INTO dept_shift (dept_name, shift_id) VALUES ('Inpatient Department (IPD)', '337');
INSERT INTO shift (shift_id, day, type) VALUES ('338', '2024-06-03 00:00:00', '15:00-23:00');
INSERT IGNORE INTO doctor_shift (AMKA, shift_id) VALUES ('2607905982', '338');
INSERT IGNORE INTO doctor_shift (AMKA, shift_id) VALUES ('1008990170', '338');
INSERT IGNORE INTO doctor_shift (AMKA, shift_id) VALUES ('2411651898', '338');
INSERT IGNORE INTO doctor_shift (AMKA, shift_id) VALUES ('2801801564', '338');
INSERT IGNORE INTO doctor_shift (AMKA, shift_id) VALUES ('2406419109', '338');
INSERT IGNORE INTO doctor_shift (AMKA, shift_id) VALUES ('0405403482', '338');
INSERT IGNORE INTO doctor_shift (AMKA, shift_id) VALUES ('0202939499', '338');
INSERT IGNORE INTO doctor_shift (AMKA, shift_id) VALUES ('2801897549', '338');
INSERT IGNORE INTO nurse_shift (AMKA, shift_id) VALUES ('0609636680', '338');
INSERT IGNORE INTO nurse_shift (AMKA, shift_id) VALUES ('3103488159', '338');
INSERT IGNORE INTO nurse_shift (AMKA, shift_id) VALUES ('1005673097', '338');
INSERT IGNORE INTO nurse_shift (AMKA, shift_id) VALUES ('0104472353', '338');
INSERT IGNORE INTO nurse_shift (AMKA, shift_id) VALUES ('0612989649', '338');
INSERT IGNORE INTO nurse_shift (AMKA, shift_id) VALUES ('2706761470', '338');
INSERT IGNORE INTO admin_shift (AMKA, shift_id) VALUES ('0812426773', '338');
INSERT IGNORE INTO admin_shift (AMKA, shift_id) VALUES ('2811646141', '338');
INSERT IGNORE INTO admin_shift (AMKA, shift_id) VALUES ('2604773268', '338');
INSERT IGNORE INTO admin_shift (AMKA, shift_id) VALUES ('0605578164', '338');
UPDATE IGNORE shift SET status = TRUE WHERE shift_id = '338';
INSERT IGNORE INTO dept_shift (dept_name, shift_id) VALUES ('Inpatient Department (IPD)', '338');
INSERT INTO shift (shift_id, day, type) VALUES ('339', '2025-09-08 00:00:00', '07:00-15:00');
INSERT IGNORE INTO doctor_shift (AMKA, shift_id) VALUES ('0404978442', '339');
INSERT IGNORE INTO doctor_shift (AMKA, shift_id) VALUES ('0402587115', '339');
INSERT IGNORE INTO doctor_shift (AMKA, shift_id) VALUES ('0202939499', '339');
INSERT IGNORE INTO doctor_shift (AMKA, shift_id) VALUES ('0706543302', '339');
INSERT IGNORE INTO doctor_shift (AMKA, shift_id) VALUES ('2607905982', '339');
INSERT IGNORE INTO nurse_shift (AMKA, shift_id) VALUES ('0804762436', '339');
INSERT IGNORE INTO nurse_shift (AMKA, shift_id) VALUES ('1510663927', '339');
INSERT IGNORE INTO nurse_shift (AMKA, shift_id) VALUES ('2510897021', '339');
INSERT IGNORE INTO nurse_shift (AMKA, shift_id) VALUES ('1505505773', '339');
INSERT IGNORE INTO nurse_shift (AMKA, shift_id) VALUES ('0106962075', '339');
INSERT IGNORE INTO nurse_shift (AMKA, shift_id) VALUES ('0410663790', '339');
INSERT IGNORE INTO admin_shift (AMKA, shift_id) VALUES ('1405405087', '339');
INSERT IGNORE INTO admin_shift (AMKA, shift_id) VALUES ('2703913336', '339');
INSERT IGNORE INTO admin_shift (AMKA, shift_id) VALUES ('2103717007', '339');
UPDATE IGNORE shift SET status = TRUE WHERE shift_id = '339';
INSERT IGNORE INTO dept_shift (dept_name, shift_id) VALUES ('Inpatient Department (IPD)', '339');
INSERT INTO shift (shift_id, day, type) VALUES ('340', '2025-11-06 00:00:00', '23:00-07:00');
INSERT IGNORE INTO doctor_shift (AMKA, shift_id) VALUES ('1109428284', '340');
INSERT IGNORE INTO doctor_shift (AMKA, shift_id) VALUES ('0510600514', '340');
INSERT IGNORE INTO doctor_shift (AMKA, shift_id) VALUES ('0708733889', '340');
INSERT IGNORE INTO nurse_shift (AMKA, shift_id) VALUES ('1210752839', '340');
INSERT IGNORE INTO nurse_shift (AMKA, shift_id) VALUES ('2612729603', '340');
INSERT IGNORE INTO nurse_shift (AMKA, shift_id) VALUES ('2411954432', '340');
INSERT IGNORE INTO nurse_shift (AMKA, shift_id) VALUES ('3004641635', '340');
INSERT IGNORE INTO nurse_shift (AMKA, shift_id) VALUES ('1403610713', '340');
INSERT IGNORE INTO nurse_shift (AMKA, shift_id) VALUES ('1604513215', '340');
INSERT IGNORE INTO nurse_shift (AMKA, shift_id) VALUES ('3006845381', '340');
INSERT IGNORE INTO nurse_shift (AMKA, shift_id) VALUES ('2901593818', '340');
INSERT IGNORE INTO admin_shift (AMKA, shift_id) VALUES ('0812426773', '340');
INSERT IGNORE INTO admin_shift (AMKA, shift_id) VALUES ('1706440889', '340');
INSERT IGNORE INTO admin_shift (AMKA, shift_id) VALUES ('3009559307', '340');
UPDATE IGNORE shift SET status = TRUE WHERE shift_id = '340';
INSERT IGNORE INTO dept_shift (dept_name, shift_id) VALUES ('Inpatient Department (IPD)', '340');
INSERT INTO shift (shift_id, day, type) VALUES ('341', '2024-03-17 00:00:00', '07:00-15:00');
INSERT IGNORE INTO doctor_shift (AMKA, shift_id) VALUES ('2404738380', '341');
INSERT IGNORE INTO doctor_shift (AMKA, shift_id) VALUES ('0706543302', '341');
INSERT IGNORE INTO doctor_shift (AMKA, shift_id) VALUES ('1808559940', '341');
INSERT IGNORE INTO doctor_shift (AMKA, shift_id) VALUES ('0402587115', '341');
INSERT IGNORE INTO doctor_shift (AMKA, shift_id) VALUES ('2910450715', '341');
INSERT IGNORE INTO doctor_shift (AMKA, shift_id) VALUES ('2607905982', '341');
INSERT IGNORE INTO doctor_shift (AMKA, shift_id) VALUES ('1705602559', '341');
INSERT IGNORE INTO nurse_shift (AMKA, shift_id) VALUES ('0812429714', '341');
INSERT IGNORE INTO nurse_shift (AMKA, shift_id) VALUES ('0609636680', '341');
INSERT IGNORE INTO nurse_shift (AMKA, shift_id) VALUES ('0907972518', '341');
INSERT IGNORE INTO nurse_shift (AMKA, shift_id) VALUES ('0709669147', '341');
INSERT IGNORE INTO nurse_shift (AMKA, shift_id) VALUES ('0309459375', '341');
INSERT IGNORE INTO nurse_shift (AMKA, shift_id) VALUES ('1505505773', '341');
INSERT IGNORE INTO nurse_shift (AMKA, shift_id) VALUES ('1403610713', '341');
INSERT IGNORE INTO nurse_shift (AMKA, shift_id) VALUES ('1911832103', '341');
INSERT IGNORE INTO nurse_shift (AMKA, shift_id) VALUES ('0706813720', '341');
INSERT IGNORE INTO admin_shift (AMKA, shift_id) VALUES ('2604773268', '341');
INSERT IGNORE INTO admin_shift (AMKA, shift_id) VALUES ('2703913336', '341');
INSERT IGNORE INTO admin_shift (AMKA, shift_id) VALUES ('0205004029', '341');
UPDATE IGNORE shift SET status = TRUE WHERE shift_id = '341';
INSERT IGNORE INTO dept_shift (dept_name, shift_id) VALUES ('Inpatient Department (IPD)', '341');
INSERT INTO shift (shift_id, day, type) VALUES ('342', '2026-09-12 00:00:00', '23:00-07:00');
INSERT IGNORE INTO doctor_shift (AMKA, shift_id) VALUES ('2411004971', '342');
INSERT IGNORE INTO doctor_shift (AMKA, shift_id) VALUES ('2708580170', '342');
INSERT IGNORE INTO doctor_shift (AMKA, shift_id) VALUES ('2311474214', '342');
INSERT IGNORE INTO nurse_shift (AMKA, shift_id) VALUES ('0309734619', '342');
INSERT IGNORE INTO nurse_shift (AMKA, shift_id) VALUES ('2205724151', '342');
INSERT IGNORE INTO nurse_shift (AMKA, shift_id) VALUES ('0410663790', '342');
INSERT IGNORE INTO nurse_shift (AMKA, shift_id) VALUES ('0612989649', '342');
INSERT IGNORE INTO nurse_shift (AMKA, shift_id) VALUES ('2804859611', '342');
INSERT IGNORE INTO nurse_shift (AMKA, shift_id) VALUES ('1210752839', '342');
INSERT IGNORE INTO nurse_shift (AMKA, shift_id) VALUES ('0709669147', '342');
INSERT IGNORE INTO nurse_shift (AMKA, shift_id) VALUES ('0508623869', '342');
INSERT IGNORE INTO nurse_shift (AMKA, shift_id) VALUES ('2608415059', '342');
INSERT IGNORE INTO nurse_shift (AMKA, shift_id) VALUES ('1510663927', '342');
INSERT IGNORE INTO admin_shift (AMKA, shift_id) VALUES ('3009559307', '342');
INSERT IGNORE INTO admin_shift (AMKA, shift_id) VALUES ('2003866217', '342');
UPDATE IGNORE shift SET status = TRUE WHERE shift_id = '342';
INSERT IGNORE INTO dept_shift (dept_name, shift_id) VALUES ('Inpatient Department (IPD)', '342');
INSERT INTO shift (shift_id, day, type) VALUES ('343', '2026-05-17 00:00:00', '07:00-15:00');
INSERT IGNORE INTO doctor_shift (AMKA, shift_id) VALUES ('1701623027', '343');
INSERT IGNORE INTO doctor_shift (AMKA, shift_id) VALUES ('2502902231', '343');
INSERT IGNORE INTO doctor_shift (AMKA, shift_id) VALUES ('1008990170', '343');
INSERT IGNORE INTO doctor_shift (AMKA, shift_id) VALUES ('0906651672', '343');
INSERT IGNORE INTO doctor_shift (AMKA, shift_id) VALUES ('2607905982', '343');
INSERT IGNORE INTO doctor_shift (AMKA, shift_id) VALUES ('1209810216', '343');
INSERT IGNORE INTO nurse_shift (AMKA, shift_id) VALUES ('0812429714', '343');
INSERT IGNORE INTO nurse_shift (AMKA, shift_id) VALUES ('0104472353', '343');
INSERT IGNORE INTO nurse_shift (AMKA, shift_id) VALUES ('2604879705', '343');
INSERT IGNORE INTO nurse_shift (AMKA, shift_id) VALUES ('3006845381', '343');
INSERT IGNORE INTO nurse_shift (AMKA, shift_id) VALUES ('2310744429', '343');
INSERT IGNORE INTO nurse_shift (AMKA, shift_id) VALUES ('0309459375', '343');
INSERT IGNORE INTO admin_shift (AMKA, shift_id) VALUES ('0812426773', '343');
INSERT IGNORE INTO admin_shift (AMKA, shift_id) VALUES ('1503705648', '343');
INSERT IGNORE INTO admin_shift (AMKA, shift_id) VALUES ('1910579614', '343');
UPDATE IGNORE shift SET status = TRUE WHERE shift_id = '343';
INSERT IGNORE INTO dept_shift (dept_name, shift_id) VALUES ('Inpatient Department (IPD)', '343');
INSERT INTO shift (shift_id, day, type) VALUES ('344', '2024-12-18 00:00:00', '07:00-15:00');
INSERT IGNORE INTO doctor_shift (AMKA, shift_id) VALUES ('0404978442', '344');
INSERT IGNORE INTO doctor_shift (AMKA, shift_id) VALUES ('2404738380', '344');
INSERT IGNORE INTO doctor_shift (AMKA, shift_id) VALUES ('1108642138', '344');
INSERT IGNORE INTO doctor_shift (AMKA, shift_id) VALUES ('0312964109', '344');
INSERT IGNORE INTO doctor_shift (AMKA, shift_id) VALUES ('2801801564', '344');
INSERT IGNORE INTO nurse_shift (AMKA, shift_id) VALUES ('0104472353', '344');
INSERT IGNORE INTO nurse_shift (AMKA, shift_id) VALUES ('1403610713', '344');
INSERT IGNORE INTO nurse_shift (AMKA, shift_id) VALUES ('1006547847', '344');
INSERT IGNORE INTO nurse_shift (AMKA, shift_id) VALUES ('0508623869', '344');
INSERT IGNORE INTO nurse_shift (AMKA, shift_id) VALUES ('2208482039', '344');
INSERT IGNORE INTO nurse_shift (AMKA, shift_id) VALUES ('3006845381', '344');
INSERT IGNORE INTO nurse_shift (AMKA, shift_id) VALUES ('2711931843', '344');
INSERT IGNORE INTO nurse_shift (AMKA, shift_id) VALUES ('1003436272', '344');
INSERT IGNORE INTO admin_shift (AMKA, shift_id) VALUES ('1503705648', '344');
INSERT IGNORE INTO admin_shift (AMKA, shift_id) VALUES ('1510768908', '344');
UPDATE IGNORE shift SET status = TRUE WHERE shift_id = '344';
INSERT IGNORE INTO dept_shift (dept_name, shift_id) VALUES ('Outpatient Department (OPD)', '344');
INSERT INTO shift (shift_id, day, type) VALUES ('345', '2024-11-22 00:00:00', '07:00-15:00');
INSERT IGNORE INTO doctor_shift (AMKA, shift_id) VALUES ('1912455789', '345');
INSERT IGNORE INTO doctor_shift (AMKA, shift_id) VALUES ('0111689660', '345');
INSERT IGNORE INTO doctor_shift (AMKA, shift_id) VALUES ('0906651672', '345');
INSERT IGNORE INTO doctor_shift (AMKA, shift_id) VALUES ('2305633067', '345');
INSERT IGNORE INTO nurse_shift (AMKA, shift_id) VALUES ('2804859611', '345');
INSERT IGNORE INTO nurse_shift (AMKA, shift_id) VALUES ('0412793251', '345');
INSERT IGNORE INTO nurse_shift (AMKA, shift_id) VALUES ('0807809157', '345');
INSERT IGNORE INTO nurse_shift (AMKA, shift_id) VALUES ('0309459375', '345');
INSERT IGNORE INTO nurse_shift (AMKA, shift_id) VALUES ('0804762436', '345');
INSERT IGNORE INTO nurse_shift (AMKA, shift_id) VALUES ('1711760995', '345');
INSERT IGNORE INTO nurse_shift (AMKA, shift_id) VALUES ('2901593818', '345');
INSERT IGNORE INTO admin_shift (AMKA, shift_id) VALUES ('0205004029', '345');
INSERT IGNORE INTO admin_shift (AMKA, shift_id) VALUES ('1209746373', '345');
UPDATE IGNORE shift SET status = TRUE WHERE shift_id = '345';
INSERT IGNORE INTO dept_shift (dept_name, shift_id) VALUES ('Outpatient Department (OPD)', '345');
INSERT INTO shift (shift_id, day, type) VALUES ('346', '2026-05-22 00:00:00', '07:00-15:00');
INSERT IGNORE INTO doctor_shift (AMKA, shift_id) VALUES ('2906540192', '346');
INSERT IGNORE INTO doctor_shift (AMKA, shift_id) VALUES ('2910450715', '346');
INSERT IGNORE INTO doctor_shift (AMKA, shift_id) VALUES ('0708733889', '346');
INSERT IGNORE INTO doctor_shift (AMKA, shift_id) VALUES ('3012509660', '346');
INSERT IGNORE INTO nurse_shift (AMKA, shift_id) VALUES ('3004938343', '346');
INSERT IGNORE INTO nurse_shift (AMKA, shift_id) VALUES ('2106697427', '346');
INSERT IGNORE INTO nurse_shift (AMKA, shift_id) VALUES ('2811867092', '346');
INSERT IGNORE INTO nurse_shift (AMKA, shift_id) VALUES ('2804859611', '346');
INSERT IGNORE INTO nurse_shift (AMKA, shift_id) VALUES ('0104472353', '346');
INSERT IGNORE INTO nurse_shift (AMKA, shift_id) VALUES ('2310744429', '346');
INSERT IGNORE INTO nurse_shift (AMKA, shift_id) VALUES ('3011818066', '346');
INSERT IGNORE INTO nurse_shift (AMKA, shift_id) VALUES ('1409799887', '346');
INSERT IGNORE INTO nurse_shift (AMKA, shift_id) VALUES ('2608981810', '346');
INSERT IGNORE INTO admin_shift (AMKA, shift_id) VALUES ('0102594389', '346');
INSERT IGNORE INTO admin_shift (AMKA, shift_id) VALUES ('2303776978', '346');
INSERT IGNORE INTO admin_shift (AMKA, shift_id) VALUES ('1907460463', '346');
INSERT IGNORE INTO admin_shift (AMKA, shift_id) VALUES ('0703960983', '346');
UPDATE IGNORE shift SET status = TRUE WHERE shift_id = '346';
INSERT IGNORE INTO dept_shift (dept_name, shift_id) VALUES ('Outpatient Department (OPD)', '346');
INSERT INTO shift (shift_id, day, type) VALUES ('347', '2025-03-11 00:00:00', '07:00-15:00');
INSERT IGNORE INTO doctor_shift (AMKA, shift_id) VALUES ('2010494529', '347');
INSERT IGNORE INTO doctor_shift (AMKA, shift_id) VALUES ('1007513743', '347');
INSERT IGNORE INTO doctor_shift (AMKA, shift_id) VALUES ('1712008709', '347');
INSERT IGNORE INTO doctor_shift (AMKA, shift_id) VALUES ('2906627360', '347');
INSERT IGNORE INTO doctor_shift (AMKA, shift_id) VALUES ('2205469029', '347');
INSERT IGNORE INTO doctor_shift (AMKA, shift_id) VALUES ('0402587115', '347');
INSERT IGNORE INTO nurse_shift (AMKA, shift_id) VALUES ('2202676265', '347');
INSERT IGNORE INTO nurse_shift (AMKA, shift_id) VALUES ('1104820571', '347');
INSERT IGNORE INTO nurse_shift (AMKA, shift_id) VALUES ('1210752839', '347');
INSERT IGNORE INTO nurse_shift (AMKA, shift_id) VALUES ('1808626992', '347');
INSERT IGNORE INTO nurse_shift (AMKA, shift_id) VALUES ('2804859611', '347');
INSERT IGNORE INTO nurse_shift (AMKA, shift_id) VALUES ('1908647470', '347');
INSERT IGNORE INTO nurse_shift (AMKA, shift_id) VALUES ('2202668306', '347');
INSERT IGNORE INTO nurse_shift (AMKA, shift_id) VALUES ('1006547847', '347');
INSERT IGNORE INTO nurse_shift (AMKA, shift_id) VALUES ('0710837433', '347');
INSERT IGNORE INTO admin_shift (AMKA, shift_id) VALUES ('0508766025', '347');
INSERT IGNORE INTO admin_shift (AMKA, shift_id) VALUES ('0812426773', '347');
INSERT IGNORE INTO admin_shift (AMKA, shift_id) VALUES ('3108581021', '347');
UPDATE IGNORE shift SET status = TRUE WHERE shift_id = '347';
INSERT IGNORE INTO dept_shift (dept_name, shift_id) VALUES ('Outpatient Department (OPD)', '347');
INSERT INTO shift (shift_id, day, type) VALUES ('348', '2024-02-08 00:00:00', '07:00-15:00');
INSERT IGNORE INTO doctor_shift (AMKA, shift_id) VALUES ('1705602559', '348');
INSERT IGNORE INTO doctor_shift (AMKA, shift_id) VALUES ('3012509660', '348');
INSERT IGNORE INTO doctor_shift (AMKA, shift_id) VALUES ('1908663047', '348');
INSERT IGNORE INTO nurse_shift (AMKA, shift_id) VALUES ('2608981810', '348');
INSERT IGNORE INTO nurse_shift (AMKA, shift_id) VALUES ('2612729603', '348');
INSERT IGNORE INTO nurse_shift (AMKA, shift_id) VALUES ('1510663927', '348');
INSERT IGNORE INTO nurse_shift (AMKA, shift_id) VALUES ('1504406068', '348');
INSERT IGNORE INTO nurse_shift (AMKA, shift_id) VALUES ('1410001291', '348');
INSERT IGNORE INTO nurse_shift (AMKA, shift_id) VALUES ('1308752778', '348');
INSERT IGNORE INTO nurse_shift (AMKA, shift_id) VALUES ('1011859573', '348');
INSERT IGNORE INTO nurse_shift (AMKA, shift_id) VALUES ('1806981284', '348');
INSERT IGNORE INTO nurse_shift (AMKA, shift_id) VALUES ('0104472353', '348');
INSERT IGNORE INTO admin_shift (AMKA, shift_id) VALUES ('0503752616', '348');
INSERT IGNORE INTO admin_shift (AMKA, shift_id) VALUES ('2103717007', '348');
INSERT IGNORE INTO admin_shift (AMKA, shift_id) VALUES ('1907460463', '348');
UPDATE IGNORE shift SET status = TRUE WHERE shift_id = '348';
INSERT IGNORE INTO dept_shift (dept_name, shift_id) VALUES ('Outpatient Department (OPD)', '348');
INSERT INTO shift (shift_id, day, type) VALUES ('349', '2025-10-29 00:00:00', '07:00-15:00');
INSERT IGNORE INTO doctor_shift (AMKA, shift_id) VALUES ('1108642138', '349');
INSERT IGNORE INTO doctor_shift (AMKA, shift_id) VALUES ('1007513743', '349');
INSERT IGNORE INTO doctor_shift (AMKA, shift_id) VALUES ('2311474214', '349');
INSERT IGNORE INTO doctor_shift (AMKA, shift_id) VALUES ('3012598800', '349');
INSERT IGNORE INTO doctor_shift (AMKA, shift_id) VALUES ('2905541171', '349');
INSERT IGNORE INTO doctor_shift (AMKA, shift_id) VALUES ('2708580170', '349');
INSERT IGNORE INTO doctor_shift (AMKA, shift_id) VALUES ('0707820743', '349');
INSERT IGNORE INTO nurse_shift (AMKA, shift_id) VALUES ('0508623869', '349');
INSERT IGNORE INTO nurse_shift (AMKA, shift_id) VALUES ('1206677028', '349');
INSERT IGNORE INTO nurse_shift (AMKA, shift_id) VALUES ('1808626992', '349');
INSERT IGNORE INTO nurse_shift (AMKA, shift_id) VALUES ('0309459375', '349');
INSERT IGNORE INTO nurse_shift (AMKA, shift_id) VALUES ('3009684644', '349');
INSERT IGNORE INTO nurse_shift (AMKA, shift_id) VALUES ('0604638601', '349');
INSERT IGNORE INTO admin_shift (AMKA, shift_id) VALUES ('0405421061', '349');
INSERT IGNORE INTO admin_shift (AMKA, shift_id) VALUES ('0403889907', '349');
UPDATE IGNORE shift SET status = TRUE WHERE shift_id = '349';
INSERT IGNORE INTO dept_shift (dept_name, shift_id) VALUES ('Outpatient Department (OPD)', '349');
INSERT INTO shift (shift_id, day, type) VALUES ('350', '2024-10-18 00:00:00', '15:00-23:00');
INSERT IGNORE INTO doctor_shift (AMKA, shift_id) VALUES ('3008951757', '350');
INSERT IGNORE INTO doctor_shift (AMKA, shift_id) VALUES ('2411004971', '350');
INSERT IGNORE INTO doctor_shift (AMKA, shift_id) VALUES ('0802581734', '350');
INSERT IGNORE INTO doctor_shift (AMKA, shift_id) VALUES ('1108642138', '350');
INSERT IGNORE INTO doctor_shift (AMKA, shift_id) VALUES ('2003609278', '350');
INSERT IGNORE INTO nurse_shift (AMKA, shift_id) VALUES ('0907972518', '350');
INSERT IGNORE INTO nurse_shift (AMKA, shift_id) VALUES ('2104656720', '350');
INSERT IGNORE INTO nurse_shift (AMKA, shift_id) VALUES ('1410001291', '350');
INSERT IGNORE INTO nurse_shift (AMKA, shift_id) VALUES ('1401961017', '350');
INSERT IGNORE INTO nurse_shift (AMKA, shift_id) VALUES ('2704464646', '350');
INSERT IGNORE INTO nurse_shift (AMKA, shift_id) VALUES ('2208482039', '350');
INSERT IGNORE INTO admin_shift (AMKA, shift_id) VALUES ('2010445485', '350');
INSERT IGNORE INTO admin_shift (AMKA, shift_id) VALUES ('2103717007', '350');
UPDATE IGNORE shift SET status = TRUE WHERE shift_id = '350';
INSERT IGNORE INTO dept_shift (dept_name, shift_id) VALUES ('Outpatient Department (OPD)', '350');
INSERT INTO shift (shift_id, day, type) VALUES ('351', '2026-05-19 00:00:00', '23:00-07:00');
INSERT IGNORE INTO doctor_shift (AMKA, shift_id) VALUES ('1712008709', '351');
INSERT IGNORE INTO doctor_shift (AMKA, shift_id) VALUES ('1803800903', '351');
INSERT IGNORE INTO doctor_shift (AMKA, shift_id) VALUES ('2003609278', '351');
INSERT IGNORE INTO doctor_shift (AMKA, shift_id) VALUES ('1007513743', '351');
INSERT IGNORE INTO doctor_shift (AMKA, shift_id) VALUES ('0307549248', '351');
INSERT IGNORE INTO nurse_shift (AMKA, shift_id) VALUES ('0309734619', '351');
INSERT IGNORE INTO nurse_shift (AMKA, shift_id) VALUES ('0604638601', '351');
INSERT IGNORE INTO nurse_shift (AMKA, shift_id) VALUES ('0807914051', '351');
INSERT IGNORE INTO nurse_shift (AMKA, shift_id) VALUES ('1005673097', '351');
INSERT IGNORE INTO nurse_shift (AMKA, shift_id) VALUES ('0709669147', '351');
INSERT IGNORE INTO nurse_shift (AMKA, shift_id) VALUES ('2811867092', '351');
INSERT IGNORE INTO nurse_shift (AMKA, shift_id) VALUES ('2411954432', '351');
INSERT IGNORE INTO admin_shift (AMKA, shift_id) VALUES ('0102594389', '351');
INSERT IGNORE INTO admin_shift (AMKA, shift_id) VALUES ('2310523586', '351');
INSERT IGNORE INTO admin_shift (AMKA, shift_id) VALUES ('0605578164', '351');
INSERT IGNORE INTO admin_shift (AMKA, shift_id) VALUES ('1706440889', '351');
UPDATE IGNORE shift SET status = TRUE WHERE shift_id = '351';
INSERT IGNORE INTO dept_shift (dept_name, shift_id) VALUES ('Outpatient Department (OPD)', '351');
INSERT INTO shift (shift_id, day, type) VALUES ('352', '2025-03-12 00:00:00', '15:00-23:00');
INSERT IGNORE INTO doctor_shift (AMKA, shift_id) VALUES ('1007513743', '352');
INSERT IGNORE INTO doctor_shift (AMKA, shift_id) VALUES ('0405994014', '352');
INSERT IGNORE INTO doctor_shift (AMKA, shift_id) VALUES ('0405403482', '352');
INSERT IGNORE INTO nurse_shift (AMKA, shift_id) VALUES ('0412793251', '352');
INSERT IGNORE INTO nurse_shift (AMKA, shift_id) VALUES ('1005529092', '352');
INSERT IGNORE INTO nurse_shift (AMKA, shift_id) VALUES ('0907972518', '352');
INSERT IGNORE INTO nurse_shift (AMKA, shift_id) VALUES ('1806981284', '352');
INSERT IGNORE INTO nurse_shift (AMKA, shift_id) VALUES ('3004641635', '352');
INSERT IGNORE INTO nurse_shift (AMKA, shift_id) VALUES ('1801437951', '352');
INSERT IGNORE INTO nurse_shift (AMKA, shift_id) VALUES ('0604638601', '352');
INSERT IGNORE INTO nurse_shift (AMKA, shift_id) VALUES ('1401961017', '352');
INSERT IGNORE INTO admin_shift (AMKA, shift_id) VALUES ('0703651721', '352');
INSERT IGNORE INTO admin_shift (AMKA, shift_id) VALUES ('0508766025', '352');
INSERT IGNORE INTO admin_shift (AMKA, shift_id) VALUES ('2901826359', '352');
INSERT IGNORE INTO admin_shift (AMKA, shift_id) VALUES ('2604773268', '352');
UPDATE IGNORE shift SET status = TRUE WHERE shift_id = '352';
INSERT IGNORE INTO dept_shift (dept_name, shift_id) VALUES ('Outpatient Department (OPD)', '352');
INSERT INTO shift (shift_id, day, type) VALUES ('353', '2025-07-07 00:00:00', '23:00-07:00');
INSERT IGNORE INTO doctor_shift (AMKA, shift_id) VALUES ('1808559940', '353');
INSERT IGNORE INTO doctor_shift (AMKA, shift_id) VALUES ('3012598800', '353');
INSERT IGNORE INTO doctor_shift (AMKA, shift_id) VALUES ('1803800903', '353');
INSERT IGNORE INTO doctor_shift (AMKA, shift_id) VALUES ('2203591874', '353');
INSERT IGNORE INTO nurse_shift (AMKA, shift_id) VALUES ('2608415059', '353');
INSERT IGNORE INTO nurse_shift (AMKA, shift_id) VALUES ('1711760995', '353');
INSERT IGNORE INTO nurse_shift (AMKA, shift_id) VALUES ('2404846418', '353');
INSERT IGNORE INTO nurse_shift (AMKA, shift_id) VALUES ('2507425872', '353');
INSERT IGNORE INTO nurse_shift (AMKA, shift_id) VALUES ('2804859611', '353');
INSERT IGNORE INTO nurse_shift (AMKA, shift_id) VALUES ('2310744429', '353');
INSERT IGNORE INTO nurse_shift (AMKA, shift_id) VALUES ('1911832103', '353');
INSERT IGNORE INTO nurse_shift (AMKA, shift_id) VALUES ('2106697427', '353');
INSERT IGNORE INTO nurse_shift (AMKA, shift_id) VALUES ('0104472353', '353');
INSERT IGNORE INTO admin_shift (AMKA, shift_id) VALUES ('0505466886', '353');
INSERT IGNORE INTO admin_shift (AMKA, shift_id) VALUES ('0508766025', '353');
UPDATE IGNORE shift SET status = TRUE WHERE shift_id = '353';
INSERT IGNORE INTO dept_shift (dept_name, shift_id) VALUES ('Outpatient Department (OPD)', '353');
INSERT INTO shift (shift_id, day, type) VALUES ('354', '2025-04-09 00:00:00', '07:00-15:00');
INSERT IGNORE INTO doctor_shift (AMKA, shift_id) VALUES ('2801830092', '354');
INSERT IGNORE INTO doctor_shift (AMKA, shift_id) VALUES ('1701623027', '354');
INSERT IGNORE INTO doctor_shift (AMKA, shift_id) VALUES ('0312964109', '354');
INSERT IGNORE INTO doctor_shift (AMKA, shift_id) VALUES ('1009974497', '354');
INSERT IGNORE INTO doctor_shift (AMKA, shift_id) VALUES ('1007513743', '354');
INSERT IGNORE INTO nurse_shift (AMKA, shift_id) VALUES ('2411954432', '354');
INSERT IGNORE INTO nurse_shift (AMKA, shift_id) VALUES ('0410663790', '354');
INSERT IGNORE INTO nurse_shift (AMKA, shift_id) VALUES ('2202676265', '354');
INSERT IGNORE INTO nurse_shift (AMKA, shift_id) VALUES ('1505505773', '354');
INSERT IGNORE INTO nurse_shift (AMKA, shift_id) VALUES ('1409799887', '354');
INSERT IGNORE INTO nurse_shift (AMKA, shift_id) VALUES ('1008771252', '354');
INSERT IGNORE INTO nurse_shift (AMKA, shift_id) VALUES ('1806981284', '354');
INSERT IGNORE INTO admin_shift (AMKA, shift_id) VALUES ('2309518917', '354');
INSERT IGNORE INTO admin_shift (AMKA, shift_id) VALUES ('0405421061', '354');
UPDATE IGNORE shift SET status = TRUE WHERE shift_id = '354';
INSERT IGNORE INTO dept_shift (dept_name, shift_id) VALUES ('Outpatient Department (OPD)', '354');
INSERT INTO shift (shift_id, day, type) VALUES ('355', '2024-04-29 00:00:00', '23:00-07:00');
INSERT IGNORE INTO doctor_shift (AMKA, shift_id) VALUES ('0202939499', '355');
INSERT IGNORE INTO doctor_shift (AMKA, shift_id) VALUES ('2306446564', '355');
INSERT IGNORE INTO doctor_shift (AMKA, shift_id) VALUES ('0103962870', '355');
INSERT IGNORE INTO doctor_shift (AMKA, shift_id) VALUES ('2910956816', '355');
INSERT IGNORE INTO doctor_shift (AMKA, shift_id) VALUES ('3012598800', '355');
INSERT IGNORE INTO doctor_shift (AMKA, shift_id) VALUES ('0802581734', '355');
INSERT IGNORE INTO nurse_shift (AMKA, shift_id) VALUES ('0209548455', '355');
INSERT IGNORE INTO nurse_shift (AMKA, shift_id) VALUES ('2604879705', '355');
INSERT IGNORE INTO nurse_shift (AMKA, shift_id) VALUES ('1011859573', '355');
INSERT IGNORE INTO nurse_shift (AMKA, shift_id) VALUES ('1005529092', '355');
INSERT IGNORE INTO nurse_shift (AMKA, shift_id) VALUES ('0812429714', '355');
INSERT IGNORE INTO nurse_shift (AMKA, shift_id) VALUES ('2411954432', '355');
INSERT IGNORE INTO nurse_shift (AMKA, shift_id) VALUES ('2711931843', '355');
INSERT IGNORE INTO nurse_shift (AMKA, shift_id) VALUES ('2507425872', '355');
INSERT IGNORE INTO nurse_shift (AMKA, shift_id) VALUES ('0807914051', '355');
INSERT IGNORE INTO admin_shift (AMKA, shift_id) VALUES ('0812426773', '355');
INSERT IGNORE INTO admin_shift (AMKA, shift_id) VALUES ('1910579614', '355');
INSERT IGNORE INTO admin_shift (AMKA, shift_id) VALUES ('0707666244', '355');
UPDATE IGNORE shift SET status = TRUE WHERE shift_id = '355';
INSERT IGNORE INTO dept_shift (dept_name, shift_id) VALUES ('Outpatient Department (OPD)', '355');
INSERT INTO shift (shift_id, day, type) VALUES ('356', '2026-05-02 00:00:00', '07:00-15:00');
INSERT IGNORE INTO doctor_shift (AMKA, shift_id) VALUES ('2111532740', '356');
INSERT IGNORE INTO doctor_shift (AMKA, shift_id) VALUES ('2801830092', '356');
INSERT IGNORE INTO doctor_shift (AMKA, shift_id) VALUES ('1108642138', '356');
INSERT IGNORE INTO doctor_shift (AMKA, shift_id) VALUES ('3012870045', '356');
INSERT IGNORE INTO doctor_shift (AMKA, shift_id) VALUES ('1207427571', '356');
INSERT IGNORE INTO doctor_shift (AMKA, shift_id) VALUES ('2801801564', '356');
INSERT IGNORE INTO doctor_shift (AMKA, shift_id) VALUES ('1810910652', '356');
INSERT IGNORE INTO nurse_shift (AMKA, shift_id) VALUES ('0106962075', '356');
INSERT IGNORE INTO nurse_shift (AMKA, shift_id) VALUES ('1005405863', '356');
INSERT IGNORE INTO nurse_shift (AMKA, shift_id) VALUES ('0209548455', '356');
INSERT IGNORE INTO nurse_shift (AMKA, shift_id) VALUES ('0612989649', '356');
INSERT IGNORE INTO nurse_shift (AMKA, shift_id) VALUES ('3004938343', '356');
INSERT IGNORE INTO nurse_shift (AMKA, shift_id) VALUES ('2608415059', '356');
INSERT IGNORE INTO nurse_shift (AMKA, shift_id) VALUES ('0710837433', '356');
INSERT IGNORE INTO nurse_shift (AMKA, shift_id) VALUES ('1408414594', '356');
INSERT IGNORE INTO nurse_shift (AMKA, shift_id) VALUES ('1005673097', '356');
INSERT IGNORE INTO nurse_shift (AMKA, shift_id) VALUES ('2910435920', '356');
INSERT IGNORE INTO admin_shift (AMKA, shift_id) VALUES ('0810459550', '356');
INSERT IGNORE INTO admin_shift (AMKA, shift_id) VALUES ('2003866217', '356');
INSERT IGNORE INTO admin_shift (AMKA, shift_id) VALUES ('0707666244', '356');
INSERT IGNORE INTO admin_shift (AMKA, shift_id) VALUES ('2811646141', '356');
UPDATE IGNORE shift SET status = TRUE WHERE shift_id = '356';
INSERT IGNORE INTO dept_shift (dept_name, shift_id) VALUES ('Outpatient Department (OPD)', '356');
INSERT INTO shift (shift_id, day, type) VALUES ('357', '2024-05-18 00:00:00', '23:00-07:00');
INSERT IGNORE INTO doctor_shift (AMKA, shift_id) VALUES ('2905541171', '357');
INSERT IGNORE INTO doctor_shift (AMKA, shift_id) VALUES ('2710919774', '357');
INSERT IGNORE INTO doctor_shift (AMKA, shift_id) VALUES ('1611621504', '357');
INSERT IGNORE INTO doctor_shift (AMKA, shift_id) VALUES ('1701623027', '357');
INSERT IGNORE INTO doctor_shift (AMKA, shift_id) VALUES ('3012509660', '357');
INSERT IGNORE INTO doctor_shift (AMKA, shift_id) VALUES ('2010494529', '357');
INSERT IGNORE INTO nurse_shift (AMKA, shift_id) VALUES ('0412793251', '357');
INSERT IGNORE INTO nurse_shift (AMKA, shift_id) VALUES ('0508623869', '357');
INSERT IGNORE INTO nurse_shift (AMKA, shift_id) VALUES ('2608415059', '357');
INSERT IGNORE INTO nurse_shift (AMKA, shift_id) VALUES ('2202676265', '357');
INSERT IGNORE INTO nurse_shift (AMKA, shift_id) VALUES ('1505505773', '357');
INSERT IGNORE INTO nurse_shift (AMKA, shift_id) VALUES ('0609636680', '357');
INSERT IGNORE INTO nurse_shift (AMKA, shift_id) VALUES ('0907972518', '357');
INSERT IGNORE INTO nurse_shift (AMKA, shift_id) VALUES ('2202668306', '357');
INSERT IGNORE INTO nurse_shift (AMKA, shift_id) VALUES ('1408414594', '357');
INSERT IGNORE INTO nurse_shift (AMKA, shift_id) VALUES ('0807809157', '357');
INSERT IGNORE INTO admin_shift (AMKA, shift_id) VALUES ('0505466886', '357');
INSERT IGNORE INTO admin_shift (AMKA, shift_id) VALUES ('0201483619', '357');
UPDATE IGNORE shift SET status = TRUE WHERE shift_id = '357';
INSERT IGNORE INTO dept_shift (dept_name, shift_id) VALUES ('Outpatient Department (OPD)', '357');
INSERT INTO shift (shift_id, day, type) VALUES ('358', '2026-02-18 00:00:00', '07:00-15:00');
INSERT IGNORE INTO doctor_shift (AMKA, shift_id) VALUES ('1712008709', '358');
INSERT IGNORE INTO doctor_shift (AMKA, shift_id) VALUES ('1611621504', '358');
INSERT IGNORE INTO doctor_shift (AMKA, shift_id) VALUES ('0410862119', '358');
INSERT IGNORE INTO doctor_shift (AMKA, shift_id) VALUES ('1701623027', '358');
INSERT IGNORE INTO doctor_shift (AMKA, shift_id) VALUES ('1207427571', '358');
INSERT IGNORE INTO nurse_shift (AMKA, shift_id) VALUES ('1403610713', '358');
INSERT IGNORE INTO nurse_shift (AMKA, shift_id) VALUES ('0706774178', '358');
INSERT IGNORE INTO nurse_shift (AMKA, shift_id) VALUES ('2901593818', '358');
INSERT IGNORE INTO nurse_shift (AMKA, shift_id) VALUES ('0407765594', '358');
INSERT IGNORE INTO nurse_shift (AMKA, shift_id) VALUES ('1806981284', '358');
INSERT IGNORE INTO nurse_shift (AMKA, shift_id) VALUES ('2202676265', '358');
INSERT IGNORE INTO nurse_shift (AMKA, shift_id) VALUES ('1911611265', '358');
INSERT IGNORE INTO nurse_shift (AMKA, shift_id) VALUES ('1908647470', '358');
INSERT IGNORE INTO nurse_shift (AMKA, shift_id) VALUES ('1005673097', '358');
INSERT IGNORE INTO admin_shift (AMKA, shift_id) VALUES ('1701751366', '358');
INSERT IGNORE INTO admin_shift (AMKA, shift_id) VALUES ('1907460463', '358');
INSERT IGNORE INTO admin_shift (AMKA, shift_id) VALUES ('2010445485', '358');
INSERT IGNORE INTO admin_shift (AMKA, shift_id) VALUES ('1405405087', '358');
UPDATE IGNORE shift SET status = TRUE WHERE shift_id = '358';
INSERT IGNORE INTO dept_shift (dept_name, shift_id) VALUES ('Outpatient Department (OPD)', '358');
INSERT INTO shift (shift_id, day, type) VALUES ('359', '2026-01-26 00:00:00', '23:00-07:00');
INSERT IGNORE INTO doctor_shift (AMKA, shift_id) VALUES ('1109428284', '359');
INSERT IGNORE INTO doctor_shift (AMKA, shift_id) VALUES ('3012598800', '359');
INSERT IGNORE INTO doctor_shift (AMKA, shift_id) VALUES ('2501995986', '359');
INSERT IGNORE INTO doctor_shift (AMKA, shift_id) VALUES ('1808559940', '359');
INSERT IGNORE INTO doctor_shift (AMKA, shift_id) VALUES ('3012870045', '359');
INSERT IGNORE INTO nurse_shift (AMKA, shift_id) VALUES ('1808626992', '359');
INSERT IGNORE INTO nurse_shift (AMKA, shift_id) VALUES ('0109765304', '359');
INSERT IGNORE INTO nurse_shift (AMKA, shift_id) VALUES ('0705726850', '359');
INSERT IGNORE INTO nurse_shift (AMKA, shift_id) VALUES ('1003436272', '359');
INSERT IGNORE INTO nurse_shift (AMKA, shift_id) VALUES ('2711931843', '359');
INSERT IGNORE INTO nurse_shift (AMKA, shift_id) VALUES ('0807914051', '359');
INSERT IGNORE INTO admin_shift (AMKA, shift_id) VALUES ('1706440889', '359');
INSERT IGNORE INTO admin_shift (AMKA, shift_id) VALUES ('1311799909', '359');
INSERT IGNORE INTO admin_shift (AMKA, shift_id) VALUES ('2310523586', '359');
UPDATE IGNORE shift SET status = TRUE WHERE shift_id = '359';
INSERT IGNORE INTO dept_shift (dept_name, shift_id) VALUES ('Outpatient Department (OPD)', '359');
INSERT INTO shift (shift_id, day, type) VALUES ('360', '2026-06-21 00:00:00', '23:00-07:00');
INSERT IGNORE INTO doctor_shift (AMKA, shift_id) VALUES ('2305633067', '360');
INSERT IGNORE INTO doctor_shift (AMKA, shift_id) VALUES ('3108788705', '360');
INSERT IGNORE INTO doctor_shift (AMKA, shift_id) VALUES ('1209483269', '360');
INSERT IGNORE INTO doctor_shift (AMKA, shift_id) VALUES ('0701944806', '360');
INSERT IGNORE INTO nurse_shift (AMKA, shift_id) VALUES ('0812429714', '360');
INSERT IGNORE INTO nurse_shift (AMKA, shift_id) VALUES ('2608981810', '360');
INSERT IGNORE INTO nurse_shift (AMKA, shift_id) VALUES ('0706774178', '360');
INSERT IGNORE INTO nurse_shift (AMKA, shift_id) VALUES ('2906456566', '360');
INSERT IGNORE INTO nurse_shift (AMKA, shift_id) VALUES ('1408414594', '360');
INSERT IGNORE INTO nurse_shift (AMKA, shift_id) VALUES ('1908647470', '360');
INSERT IGNORE INTO admin_shift (AMKA, shift_id) VALUES ('0706936645', '360');
INSERT IGNORE INTO admin_shift (AMKA, shift_id) VALUES ('0605578164', '360');
INSERT IGNORE INTO admin_shift (AMKA, shift_id) VALUES ('1805714774', '360');
INSERT IGNORE INTO admin_shift (AMKA, shift_id) VALUES ('2303776978', '360');
UPDATE IGNORE shift SET status = TRUE WHERE shift_id = '360';
INSERT IGNORE INTO dept_shift (dept_name, shift_id) VALUES ('Outpatient Department (OPD)', '360');
INSERT INTO shift (shift_id, day, type) VALUES ('361', '2024-02-28 00:00:00', '15:00-23:00');
INSERT IGNORE INTO doctor_shift (AMKA, shift_id) VALUES ('3012870045', '361');
INSERT IGNORE INTO doctor_shift (AMKA, shift_id) VALUES ('1803800903', '361');
INSERT IGNORE INTO doctor_shift (AMKA, shift_id) VALUES ('0402587115', '361');
INSERT IGNORE INTO nurse_shift (AMKA, shift_id) VALUES ('1011859573', '361');
INSERT IGNORE INTO nurse_shift (AMKA, shift_id) VALUES ('3007957631', '361');
INSERT IGNORE INTO nurse_shift (AMKA, shift_id) VALUES ('0412793251', '361');
INSERT IGNORE INTO nurse_shift (AMKA, shift_id) VALUES ('0201878050', '361');
INSERT IGNORE INTO nurse_shift (AMKA, shift_id) VALUES ('2403611622', '361');
INSERT IGNORE INTO nurse_shift (AMKA, shift_id) VALUES ('1206677028', '361');
INSERT IGNORE INTO nurse_shift (AMKA, shift_id) VALUES ('1104820571', '361');
INSERT IGNORE INTO nurse_shift (AMKA, shift_id) VALUES ('1711760995', '361');
INSERT IGNORE INTO nurse_shift (AMKA, shift_id) VALUES ('1908647470', '361');
INSERT IGNORE INTO admin_shift (AMKA, shift_id) VALUES ('0605578164', '361');
INSERT IGNORE INTO admin_shift (AMKA, shift_id) VALUES ('1510768908', '361');
UPDATE IGNORE shift SET status = TRUE WHERE shift_id = '361';
INSERT IGNORE INTO dept_shift (dept_name, shift_id) VALUES ('Outpatient Department (OPD)', '361');
INSERT INTO shift (shift_id, day, type) VALUES ('362', '2025-12-29 00:00:00', '23:00-07:00');
INSERT IGNORE INTO doctor_shift (AMKA, shift_id) VALUES ('2306446564', '362');
INSERT IGNORE INTO doctor_shift (AMKA, shift_id) VALUES ('1207427571', '362');
INSERT IGNORE INTO doctor_shift (AMKA, shift_id) VALUES ('2710919774', '362');
INSERT IGNORE INTO doctor_shift (AMKA, shift_id) VALUES ('2311474214', '362');
INSERT IGNORE INTO nurse_shift (AMKA, shift_id) VALUES ('2612762096', '362');
INSERT IGNORE INTO nurse_shift (AMKA, shift_id) VALUES ('1206677028', '362');
INSERT IGNORE INTO nurse_shift (AMKA, shift_id) VALUES ('0807809157', '362');
INSERT IGNORE INTO nurse_shift (AMKA, shift_id) VALUES ('3011818066', '362');
INSERT IGNORE INTO nurse_shift (AMKA, shift_id) VALUES ('0206841343', '362');
INSERT IGNORE INTO nurse_shift (AMKA, shift_id) VALUES ('0904571046', '362');
INSERT IGNORE INTO nurse_shift (AMKA, shift_id) VALUES ('1104820571', '362');
INSERT IGNORE INTO nurse_shift (AMKA, shift_id) VALUES ('2901593818', '362');
INSERT IGNORE INTO nurse_shift (AMKA, shift_id) VALUES ('0805615787', '362');
INSERT IGNORE INTO nurse_shift (AMKA, shift_id) VALUES ('3006845381', '362');
INSERT IGNORE INTO admin_shift (AMKA, shift_id) VALUES ('0508766025', '362');
INSERT IGNORE INTO admin_shift (AMKA, shift_id) VALUES ('2408699743', '362');
INSERT IGNORE INTO admin_shift (AMKA, shift_id) VALUES ('0405421061', '362');
UPDATE IGNORE shift SET status = TRUE WHERE shift_id = '362';
INSERT IGNORE INTO dept_shift (dept_name, shift_id) VALUES ('Outpatient Department (OPD)', '362');
INSERT INTO shift (shift_id, day, type) VALUES ('363', '2024-05-24 00:00:00', '15:00-23:00');
INSERT IGNORE INTO doctor_shift (AMKA, shift_id) VALUES ('0405403482', '363');
INSERT IGNORE INTO doctor_shift (AMKA, shift_id) VALUES ('0510600514', '363');
INSERT IGNORE INTO doctor_shift (AMKA, shift_id) VALUES ('2801897549', '363');
INSERT IGNORE INTO doctor_shift (AMKA, shift_id) VALUES ('3012870045', '363');
INSERT IGNORE INTO doctor_shift (AMKA, shift_id) VALUES ('3008951757', '363');
INSERT IGNORE INTO doctor_shift (AMKA, shift_id) VALUES ('0802581734', '363');
INSERT IGNORE INTO doctor_shift (AMKA, shift_id) VALUES ('1301442380', '363');
INSERT IGNORE INTO doctor_shift (AMKA, shift_id) VALUES ('1611621504', '363');
INSERT IGNORE INTO nurse_shift (AMKA, shift_id) VALUES ('0904571046', '363');
INSERT IGNORE INTO nurse_shift (AMKA, shift_id) VALUES ('0309459375', '363');
INSERT IGNORE INTO nurse_shift (AMKA, shift_id) VALUES ('1308752778', '363');
INSERT IGNORE INTO nurse_shift (AMKA, shift_id) VALUES ('2411954432', '363');
INSERT IGNORE INTO nurse_shift (AMKA, shift_id) VALUES ('2202676265', '363');
INSERT IGNORE INTO nurse_shift (AMKA, shift_id) VALUES ('2104656720', '363');
INSERT IGNORE INTO nurse_shift (AMKA, shift_id) VALUES ('0709669147', '363');
INSERT IGNORE INTO nurse_shift (AMKA, shift_id) VALUES ('0710837433', '363');
INSERT IGNORE INTO nurse_shift (AMKA, shift_id) VALUES ('1806532334', '363');
INSERT IGNORE INTO nurse_shift (AMKA, shift_id) VALUES ('2507425872', '363');
INSERT IGNORE INTO admin_shift (AMKA, shift_id) VALUES ('2103717007', '363');
INSERT IGNORE INTO admin_shift (AMKA, shift_id) VALUES ('0810871867', '363');
UPDATE IGNORE shift SET status = TRUE WHERE shift_id = '363';
INSERT IGNORE INTO dept_shift (dept_name, shift_id) VALUES ('Outpatient Department (OPD)', '363');
INSERT INTO shift (shift_id, day, type) VALUES ('364', '2025-08-12 00:00:00', '15:00-23:00');
INSERT IGNORE INTO doctor_shift (AMKA, shift_id) VALUES ('2501995986', '364');
INSERT IGNORE INTO doctor_shift (AMKA, shift_id) VALUES ('1611621504', '364');
INSERT IGNORE INTO doctor_shift (AMKA, shift_id) VALUES ('0906651672', '364');
INSERT IGNORE INTO doctor_shift (AMKA, shift_id) VALUES ('2311474214', '364');
INSERT IGNORE INTO doctor_shift (AMKA, shift_id) VALUES ('1912455789', '364');
INSERT IGNORE INTO nurse_shift (AMKA, shift_id) VALUES ('0508623869', '364');
INSERT IGNORE INTO nurse_shift (AMKA, shift_id) VALUES ('2612729603', '364');
INSERT IGNORE INTO nurse_shift (AMKA, shift_id) VALUES ('1104820571', '364');
INSERT IGNORE INTO nurse_shift (AMKA, shift_id) VALUES ('0206841343', '364');
INSERT IGNORE INTO nurse_shift (AMKA, shift_id) VALUES ('1604513215', '364');
INSERT IGNORE INTO nurse_shift (AMKA, shift_id) VALUES ('0106962075', '364');
INSERT IGNORE INTO nurse_shift (AMKA, shift_id) VALUES ('1206677028', '364');
INSERT IGNORE INTO nurse_shift (AMKA, shift_id) VALUES ('1801437951', '364');
INSERT IGNORE INTO nurse_shift (AMKA, shift_id) VALUES ('2205724151', '364');
INSERT IGNORE INTO admin_shift (AMKA, shift_id) VALUES ('2309518917', '364');
INSERT IGNORE INTO admin_shift (AMKA, shift_id) VALUES ('1405405087', '364');
UPDATE IGNORE shift SET status = TRUE WHERE shift_id = '364';
INSERT IGNORE INTO dept_shift (dept_name, shift_id) VALUES ('Outpatient Department (OPD)', '364');
INSERT INTO shift (shift_id, day, type) VALUES ('365', '2026-01-27 00:00:00', '07:00-15:00');
INSERT IGNORE INTO doctor_shift (AMKA, shift_id) VALUES ('1108642138', '365');
INSERT IGNORE INTO doctor_shift (AMKA, shift_id) VALUES ('2305692753', '365');
INSERT IGNORE INTO doctor_shift (AMKA, shift_id) VALUES ('2305633067', '365');
INSERT IGNORE INTO doctor_shift (AMKA, shift_id) VALUES ('2910956816', '365');
INSERT IGNORE INTO nurse_shift (AMKA, shift_id) VALUES ('3103488159', '365');
INSERT IGNORE INTO nurse_shift (AMKA, shift_id) VALUES ('1403610713', '365');
INSERT IGNORE INTO nurse_shift (AMKA, shift_id) VALUES ('1210752839', '365');
INSERT IGNORE INTO nurse_shift (AMKA, shift_id) VALUES ('2811867092', '365');
INSERT IGNORE INTO nurse_shift (AMKA, shift_id) VALUES ('2510897021', '365');
INSERT IGNORE INTO nurse_shift (AMKA, shift_id) VALUES ('2106930406', '365');
INSERT IGNORE INTO admin_shift (AMKA, shift_id) VALUES ('2103717007', '365');
INSERT IGNORE INTO admin_shift (AMKA, shift_id) VALUES ('1711552309', '365');
UPDATE IGNORE shift SET status = TRUE WHERE shift_id = '365';
INSERT IGNORE INTO dept_shift (dept_name, shift_id) VALUES ('Outpatient Department (OPD)', '365');
INSERT INTO shift (shift_id, day, type) VALUES ('366', '2024-08-22 00:00:00', '15:00-23:00');
INSERT IGNORE INTO doctor_shift (AMKA, shift_id) VALUES ('3008951757', '366');
INSERT IGNORE INTO doctor_shift (AMKA, shift_id) VALUES ('0111689660', '366');
INSERT IGNORE INTO doctor_shift (AMKA, shift_id) VALUES ('1908663047', '366');
INSERT IGNORE INTO doctor_shift (AMKA, shift_id) VALUES ('3108788705', '366');
INSERT IGNORE INTO nurse_shift (AMKA, shift_id) VALUES ('1008771252', '366');
INSERT IGNORE INTO nurse_shift (AMKA, shift_id) VALUES ('3105850934', '366');
INSERT IGNORE INTO nurse_shift (AMKA, shift_id) VALUES ('1806532334', '366');
INSERT IGNORE INTO nurse_shift (AMKA, shift_id) VALUES ('0612989649', '366');
INSERT IGNORE INTO nurse_shift (AMKA, shift_id) VALUES ('0807809157', '366');
INSERT IGNORE INTO nurse_shift (AMKA, shift_id) VALUES ('2507425872', '366');
INSERT IGNORE INTO admin_shift (AMKA, shift_id) VALUES ('2309518917', '366');
INSERT IGNORE INTO admin_shift (AMKA, shift_id) VALUES ('0503752616', '366');
UPDATE IGNORE shift SET status = TRUE WHERE shift_id = '366';
INSERT IGNORE INTO dept_shift (dept_name, shift_id) VALUES ('Outpatient Department (OPD)', '366');
INSERT INTO shift (shift_id, day, type) VALUES ('367', '2026-05-21 00:00:00', '07:00-15:00');
INSERT IGNORE INTO doctor_shift (AMKA, shift_id) VALUES ('2607905982', '367');
INSERT IGNORE INTO doctor_shift (AMKA, shift_id) VALUES ('3108788705', '367');
INSERT IGNORE INTO doctor_shift (AMKA, shift_id) VALUES ('0307549248', '367');
INSERT IGNORE INTO doctor_shift (AMKA, shift_id) VALUES ('3012598800', '367');
INSERT IGNORE INTO doctor_shift (AMKA, shift_id) VALUES ('1008990170', '367');
INSERT IGNORE INTO doctor_shift (AMKA, shift_id) VALUES ('0510600514', '367');
INSERT IGNORE INTO doctor_shift (AMKA, shift_id) VALUES ('1908663047', '367');
INSERT IGNORE INTO nurse_shift (AMKA, shift_id) VALUES ('3007957631', '367');
INSERT IGNORE INTO nurse_shift (AMKA, shift_id) VALUES ('3004938343', '367');
INSERT IGNORE INTO nurse_shift (AMKA, shift_id) VALUES ('3006845381', '367');
INSERT IGNORE INTO nurse_shift (AMKA, shift_id) VALUES ('2901593818', '367');
INSERT IGNORE INTO nurse_shift (AMKA, shift_id) VALUES ('1410001291', '367');
INSERT IGNORE INTO nurse_shift (AMKA, shift_id) VALUES ('1104820571', '367');
INSERT IGNORE INTO nurse_shift (AMKA, shift_id) VALUES ('2608415059', '367');
INSERT IGNORE INTO admin_shift (AMKA, shift_id) VALUES ('0912742757', '367');
INSERT IGNORE INTO admin_shift (AMKA, shift_id) VALUES ('1510768908', '367');
INSERT IGNORE INTO admin_shift (AMKA, shift_id) VALUES ('1907745998', '367');
INSERT IGNORE INTO admin_shift (AMKA, shift_id) VALUES ('1405405087', '367');
UPDATE IGNORE shift SET status = TRUE WHERE shift_id = '367';
INSERT IGNORE INTO dept_shift (dept_name, shift_id) VALUES ('Outpatient Department (OPD)', '367');
INSERT INTO shift (shift_id, day, type) VALUES ('368', '2026-10-10 00:00:00', '23:00-07:00');
INSERT IGNORE INTO doctor_shift (AMKA, shift_id) VALUES ('2411004971', '368');
INSERT IGNORE INTO doctor_shift (AMKA, shift_id) VALUES ('1502550745', '368');
INSERT IGNORE INTO doctor_shift (AMKA, shift_id) VALUES ('0305579221', '368');
INSERT IGNORE INTO doctor_shift (AMKA, shift_id) VALUES ('3012598800', '368');
INSERT IGNORE INTO doctor_shift (AMKA, shift_id) VALUES ('0410862119', '368');
INSERT IGNORE INTO doctor_shift (AMKA, shift_id) VALUES ('2205469029', '368');
INSERT IGNORE INTO nurse_shift (AMKA, shift_id) VALUES ('1806981284', '368');
INSERT IGNORE INTO nurse_shift (AMKA, shift_id) VALUES ('0807914051', '368');
INSERT IGNORE INTO nurse_shift (AMKA, shift_id) VALUES ('2804859611', '368');
INSERT IGNORE INTO nurse_shift (AMKA, shift_id) VALUES ('1206677028', '368');
INSERT IGNORE INTO nurse_shift (AMKA, shift_id) VALUES ('1003436272', '368');
INSERT IGNORE INTO nurse_shift (AMKA, shift_id) VALUES ('1911611265', '368');
INSERT IGNORE INTO nurse_shift (AMKA, shift_id) VALUES ('0904571046', '368');
INSERT IGNORE INTO nurse_shift (AMKA, shift_id) VALUES ('0907972518', '368');
INSERT IGNORE INTO nurse_shift (AMKA, shift_id) VALUES ('0812429714', '368');
INSERT IGNORE INTO nurse_shift (AMKA, shift_id) VALUES ('1401961017', '368');
INSERT IGNORE INTO admin_shift (AMKA, shift_id) VALUES ('2703913336', '368');
INSERT IGNORE INTO admin_shift (AMKA, shift_id) VALUES ('2003866217', '368');
UPDATE IGNORE shift SET status = TRUE WHERE shift_id = '368';
INSERT IGNORE INTO dept_shift (dept_name, shift_id) VALUES ('Outpatient Department (OPD)', '368');
SET FOREIGN_KEY_CHECKS = 1;
